need,intent,match,engagement,renewal,support
-0.44914310504222893,0.8393934796768759,-0.7740226232038404,-0.788501257113478,0.4066875190587148,1.0087692772628831
-0.6131234661464319,-0.14326812256104776,0.4257432110963374,0.1033656274900472,0.4611322975422178,0.676819061346218
0.1403699576731604,-0.6617336185391417,-1.1935246300565923,0.018632863872597143,0.2726746378354603,-0.3118799446111625
0.8446314086403478,-1.0286065632112091,-0.6319184599681446,0.5581520992529146,-0.6790290601434401,1.402146505438974
-0.14167619999025863,-0.12548759196869333,-0.39133924902803674,-1.2959490817355412,0.46424077810594566,-1.3048396755126357
0.2667827012155855,1.6772621461875659,0.6801195107547695,0.875141526052097,1.549915597625115,1.5563959478489184
0.5343140767127662,-0.6184225709322153,-0.20534966379729763,-1.3508889750809145,-0.4541406999053457,-0.5255240384032613
0.6914823109649655,-1.0296973283160225,0.33565319563893126,0.445691313503854,-0.6087180406212467,-0.0015743703231658062
-0.8805114562019661,0.2723863894228735,-1.885425475079758,0.6218714471912453,0.057664671466371546,-1.1715685193992917
0.4718523681986668,-0.5919722383610225,0.5188018337499615,0.3236083122516619,-0.601640815535051,-0.1339194105492195
-0.01176774958661838,-0.920617058031123,-0.08294801091120556,0.6651516852398692,-1.2835226204302113,-0.21134388106216978
-0.5918260633559861,-0.6133031602561343,-0.9436703611771406,-1.3523318234817856,-1.123957855409088,-0.6585795310535631
-0.6675634634443481,-0.8275151102319808,-1.766507938046129,-0.3501139076804025,-1.4981863034763727,-1.6525635350895147
-0.21990949802357074,-0.2216026007541963,-0.2775029963065472,-0.4198184032158127,0.5348254782418308,-0.9093782343768032
-0.9815439873909757,1.2007450743099919,-0.6907564150173513,-1.7048983937494009,-0.6137831934754315,-1.133299028209307
-1.4440340819045387,0.1934746109805403,-0.7862924953024089,0.5480536738983339,0.05735185905299438,1.1608171620285117
0.06927654883656048,-1.3308950143568292,-1.4674514296123098,-1.5649648720560974,-1.4552028026917168,-1.0825098295077993
0.7756726847637657,1.5270795229489378,2.668737603180744,2.222117924398277,1.98422075867347,1.6071930897598012
-0.23374042281849,-0.39767652817915494,-1.3031042296823714,-0.08691765681056773,0.4923711351707189,-0.5574566040516565
0.7414134200946438,-2.329501444918767,-0.5425927880079611,-1.180182969421279,-0.6206851325597329,0.6544507732921385
-0.3915990248902789,-0.3132724248603374,-1.3199453080639407,0.27485561456856616,0.15367502515365722,-0.6848331540600509
-0.9833372340013603,2.1076889377812806,-0.9504073097280815,-0.6539615466352551,-1.016910141490023,-1.5273309705213616
-1.5069729964684686,-0.17219066574747496,-1.1646758363970835,-0.5725080576764544,-0.25227379408711,-1.966488849969775
-0.8093041877625725,0.39123314090572525,-0.08775147646970702,0.7515697366612751,1.0312436067711006,-0.7840688226358443
1.4502694083057954,0.030652803413789908,0.9662058205884025,0.990522006613812,0.1588177505399911,-0.5270986276971533
-0.221077671585692,-1.4463647261376218,-0.05441762656003614,-0.9707591280884106,-1.644506596313444,-1.0770713000996228
-1.7993217659971799,2.516474961395762,-1.5611601885291098,-0.20801249462942267,-0.7303588729784984,-0.9078360834305796
0.0046456728371186105,1.6201615397315496,0.8530280926923645,0.5899140004977121,0.10798008188260771,-0.22782580070521818
-0.3786445754312585,1.2941906430401835,0.4233328275452213,1.1908430408267037,0.878791524499745,0.6052312750440801
-0.46597604231889267,-0.9212078579544817,-0.39038696338721574,-1.3799501528066502,0.021441732184691788,-0.4784522520137922
-0.6307323432404869,0.31138865194032883,0.0655392938636305,-0.2142555676928344,-0.17832993667091934,-0.5819127908712417
-0.8341308923241271,1.4922858223181366,-0.3167232515491219,-1.211949921428747,-0.988202752739769,0.8134895780193855
-0.3627058376764116,-0.2520365864790956,-1.122867366129678,-0.46231599516745137,0.03170127551281993,0.1718893670122242
-1.7976416707125815,-0.5091633692786645,-0.12179495355788984,-0.9347941422376587,-0.9074985567064717,-0.32689297370038717
-1.1332410256043681,-0.5116901744390919,-1.0241445115963597,0.2010080485383438,-0.2757807229841572,-1.1453407696782656
-0.3214672283438877,-1.1676584567802557,-0.33361000425450055,0.15110918991792516,-0.7505149949479429,0.6297257509228343
0.7654676574886932,-0.5045730217997371,-0.16747580637476797,0.6542414677671107,-0.7819018494970603,0.3080697847210763
0.4604591637953472,-0.6128387198256566,0.24363462072278544,-0.29456918588266245,-1.1705423865487183,1.3118475307225215
1.846586969227967,0.27183478502755115,0.7206063092688698,0.8758078434618453,-0.25110787108615007,0.23246812940114184
1.2080041068282623,-0.8389429000562553,0.5197084074624981,0.38698491165342547,-0.43820395700887427,0.6554657002159358
-1.843501339103547,-0.5118552998567522,-1.520899309255019,0.19972895098666202,-0.07304686765627792,0.8080131163600078
0.5288292751709227,0.2679591523514644,1.1013852097687404,0.3739531328542786,1.135881972006098,-0.2079695967834715
0.9790381394982584,0.6198064059811457,0.8267878536195195,1.2481838286058755,0.5063150261876362,1.5156802041257253
0.23070036006783506,1.4431542363444851,0.4437406258687875,0.8928238483386167,0.4935405011362786,1.5410203104043572
-1.837702521334845,-0.15042281461764467,0.41745836354054794,-0.32787070499344906,0.6473382286928632,0.8743780233348352
-0.356514279705171,0.6815706274648904,-0.04877969235621864,-1.174149398820225,-0.9476291401417676,-1.0803687730703393
-0.8078225713411618,0.2896444636319979,0.1087380783485698,0.28653172671950267,-0.5340211268897715,0.028004179128474648
0.3727882868385375,-0.024422137367059744,0.4625579485261317,0.7062537868145577,-0.19138740349580988,0.702958157163434
1.1510433022930262,0.7203190098247348,1.2027425284426811,0.2978104547777677,-0.3699736628124967,-0.7766020893088711
0.6463550261713282,-0.7332086977400031,0.053374339615534686,0.9526017575329584,0.3798692789306479,0.2959769581043877
-1.0237205679307404,-0.4321520699151017,-0.5812642876927018,-0.5494992645188213,0.0662443419004524,-1.1503824362735016
0.7897180315619617,0.4479106361204673,1.2802059721675831,1.1393324687503184,1.1839468978901666,1.0244848187537843
0.012605626279236526,0.9776014940373866,0.34327404713402443,-0.14302292538788344,0.14185319805725116,0.3101192605124274
0.9899725674349867,0.41994304357484064,1.5745687474449988,0.4717209783029964,1.0492467542491308,-0.957422565133396
-0.29368939341607353,0.3214197718748753,-0.8097353891682775,-0.6112011271995014,-0.14223714415749159,0.3661180337449518
0.19808268598037004,0.23171324182931233,0.6534073793645102,0.6670601164779966,0.16009534425567612,0.6895309719742835
-0.0659262784951081,1.0318095132505265,0.9565695728983687,0.8596900024063845,1.188544715514635,-0.13367575939018597
-0.22784396589535158,1.000037627370602,0.4509607252139541,-0.46283829438156926,0.23572188374401112,-1.271604205382262
1.4896193928870365,-0.11037268314414429,0.14802597085503905,0.03161876048920464,0.6265081913919334,-1.2381755640965992
0.8753867427461491,0.5825067256538309,1.7305264266184315,1.5046356852155582,0.26445931263056954,1.9908382270456795
0.40578162833496756,0.5433000911720277,0.10400305375808065,-0.4191176377392572,-0.3525557933742611,-0.6672989425824876
-1.3932237505225253,-0.20427095810199755,-1.2980539843452357,-2.2572160119527385,-1.6239285107604409,-1.7790349598651154
-0.7095479021380718,-0.8357049145692439,-0.48507891896848043,0.9253288520016688,-0.0706908726157265,1.5735786373526217
-0.004413682474430886,-0.4458842430427264,-0.10097153137178626,-0.25512575156642325,0.5104819655528849,1.2009505649287056
0.5567596357469083,-0.7615604937672846,0.29489906677254585,0.3405966925479253,-0.46703285277073586,1.2388903464808776
-1.7288530511543272,-1.347860535051078,0.19316456551874245,-0.8634794516859612,-0.8887549736263853,-0.41636588269688996
0.7936761721493064,0.9782984988217087,1.6121478612882618,1.7637764515695675,0.7986938027072402,1.9867198744574457
-1.1516853002903495,0.35271407084935735,-1.1974609393764897,-0.8846257586234627,-1.0254104377284894,-0.6439573493269043
-1.2470699036176178,0.06120712341604542,0.3780151809773605,0.21934417132777653,0.5720386798912218,-0.21811115846200801
0.9980868703044037,0.9792727525492719,1.2383644104080738,1.1119990070076147,0.3162130731840162,1.8629913129525633
-0.6472754005650979,0.8599225521829224,0.4762863211073754,-0.02538925619110848,0.560151025749429,0.7264443535975459
0.2859307769736931,0.5507384561711683,0.6496913424779114,0.3545917536860291,1.914986640442039,-1.4485209734561453
0.936880261193119,0.5931418226596659,1.823707874451729,1.5302418671752078,1.5712325806959992,2.291269291136044
0.5429068307903244,1.4813675143445642,1.154841501258343,0.22707621927816757,0.8663253104761736,0.8096702180778942
-1.1523144133649266,-0.8555888626617902,0.1446486840523019,-0.1387061396356844,-0.6350143711137426,-1.0530973491586917
-0.6560049288955249,0.07550499913689637,-0.2005029800970732,-2.0350903849025874,-0.47112593732271374,-1.2894829812929416
-0.6853693703628936,0.18455367400806688,-1.0363012089296362,-1.1353168570473093,-1.4053824540890143,0.0844744448898509
0.3057982883504574,-0.6896597730168272,-0.3854651956627553,-1.0239962000165204,0.33780518340589905,-0.13543117648412195
0.25079984872992045,-0.2812187722711679,-0.17736219925395127,0.0037723340269526268,1.100742232352466,0.43142333674791145
1.0231428838674628,-1.5550150916848897,-0.01851486795519193,-0.24033515780762835,-0.25080752415757,1.3048993539788527
0.4293713155931289,-0.45689120205078315,0.8057621155009925,0.2274642347531466,-1.026701892077045,-0.43813460766960327
0.8784890973468761,0.13528015961535664,0.30769560299782306,-0.08194277454742487,-0.6489722556663722,-1.084402522785671
-0.26570148222483847,-0.6314569035895948,-0.39398222303087654,-0.8846347739490047,-1.462721296956435,-0.254808306275737
-0.38978925463963887,-0.030096481695570974,-0.5442210316333036,-0.03465838770278652,0.024161535822738688,0.954665159472046
-1.6026406511640254,-0.5489487018511252,-0.7334918617276356,-1.0447610714668953,-0.3838196633236926,0.18858341857829894
-0.7256926598572819,1.2041470503613179,-0.51464930955235,-1.4016027341118111,-0.5919509795095813,0.9918339588181763
-1.7510432095759239,0.7582957897504095,-1.2729977677046118,-0.7612596456767388,0.6182502917476786,-0.176541794871832
-0.8915595715176102,-1.179449768082866,0.038055954550603024,-0.6010550748048464,-1.111663980819831,-1.453918390967322
1.4352030559479265,0.6220147616328084,1.665092959602277,1.979293200316233,2.1891801011884473,2.26461165411173
0.18294524436233656,-0.09346947160965977,-0.6349572762100953,-0.03709079687001672,-1.5212435556139636,0.1532772632263965
0.006889658151711947,0.6993396141420858,0.41442732077732697,0.6763801856081715,1.7040509874315422,0.20060213829792375
-0.15513227022812343,0.17624874502090834,-1.1202564241755855,-1.2578971151875293,-0.8596408091535493,0.7446673446949844
-0.5441714512354692,-0.4284385823810396,-1.283802403677267,-1.1230232140616005,0.4242014555604804,-0.8272808969818986
-0.12556039064038532,-0.43799232512091335,0.6516881802629254,0.8173291749322333,-0.23039271838556521,-0.3838191059369924
0.9763425258276098,0.1454383890005925,0.4002371341744405,-1.3427327915328426,-0.6023936996548509,-0.4734487488812284
-1.0903229869062423,-0.31764199502582213,-0.22908165709337405,-0.7494565124899477,-1.3254387166342503,-0.31708738114778995
-0.6854459899291417,0.4220738215426851,-0.30720366437605895,-0.8961701604875795,-0.7948321803848776,-0.8948970911108054
-0.9598260077016608,-0.4889629448615585,-0.6765510900014289,-1.157964009845376,-1.1543611592102556,-1.2698121115939227
-0.38341499168480603,-1.3035324910976454,-1.6317198048475772,-0.06926659971283818,-0.25940605167781067,-0.05414697360417455
2.5735817932835463,1.0340899872426756,2.7354116338625234,2.4075647757976473,1.767475155086986,1.7977247862650754
1.8422724273965325,0.7460325348978145,0.8358979533546503,1.281575207921057,1.0802067708617573,1.6049380818585182
1.9473551752892182,1.4716059083338782,3.8322869271301956,4.426964356548586,4.045282223714445,3.473506964899722
-1.333309321914008,-1.1069531910950259,0.2053870331305568,0.43077391888415517,0.2172521332413392,-0.04798506513896278
-1.4275493288213015,-0.04825553294142301,-1.058542224020415,-1.38716241200514,-0.7311722920623895,0.2308046893108373
0.9165042574732484,-0.8096635838204113,1.3491019353446696,0.26488325254878914,0.2711883852649838,-0.5048106940090141
-0.9415739651831568,-2.4150790620945517,0.08292344276212503,-0.19080116913976417,-1.7493459549111088,1.1266937682932723
0.29366467272047103,1.3487341226543899,1.5316955612050107,1.664921914665528,1.7374127397179457,1.9657325957638652
-1.3945436652752559,-0.09713470074905857,0.49394057339887826,-0.1694246070015159,0.19966736857392944,0.15867300716493646
1.1256510963010238,-0.7322551485796414,-1.0909636290483242,-0.2821092570264462,0.15760359044688665,0.31630323840284197
-0.1333002144124241,0.5857512017418047,0.5199702965638859,-0.2509624951335753,-0.33188523754347043,0.36186762176873455
-0.40263878429009986,-0.009804187554705426,-0.07257928415194292,-1.357668290696044,-0.14247785280282466,0.7225042690476483
2.8307974335865675,0.7703579266975691,1.9060006235681004,1.7901801158993969,1.028289273951307,0.7495885719398062
0.17593498348558098,-0.5666593930503041,-1.1247937755170656,-0.27365223040273917,-0.23064754744493937,-0.7268074469115937
-1.0763224878768922,-0.3133175346903419,-0.9062194250580687,-1.6980353548651164,-1.5135935999362087,-1.3752471905268941
-0.9337108928448655,0.26478451637321065,-1.3133397130573943,-0.3877928301689956,-0.3007145509275499,-1.2429061451427326
1.2108433736097919,0.5927281263190938,0.9245968387064967,0.6945470593828259,0.14679180094070546,0.38539077281282363
-0.9762074603451463,1.5340016321585372,-0.522413425948249,-0.27242670190794,0.3588957943544797,-0.5857238478826645
1.5211663157428406,-0.8941884324483098,-1.3387122351603216,-1.2931027478567418,-1.2510636508703523,-0.6681774916592662
-1.253435374759188,0.4797158243782133,-0.5972635703891364,0.2372268114575885,-0.14102681409238305,-0.6707650620832648
0.12839378364913567,0.11266222278190202,0.2405603010794291,0.12095121111218875,1.237972704195114,1.4144464755747574
-1.2702725652461768,-1.6221886339181275,-1.193092967239647,0.016883331161134402,0.38275940053539925,-0.6021310091906114
0.9436025294934451,-1.7077571627118031,-0.853210003589693,-1.0004202975870704,-0.3945613426146093,-1.355164379118932
1.086309828523839,-0.2891187635289392,0.17835763147481545,-0.6616617740059308,-1.1340952824731263,-0.8512768198068154
0.3535591393745497,0.6782921528109207,0.4613204725953126,1.801917168308526,2.0397159611852627,0.9769907221991648
-0.40088807593445697,-0.35052689681048305,-0.01213983564131803,-0.7311814756064052,-1.2747426943575757,-1.2219326277892621
-0.7815098519698812,0.029815897907655396,-0.30072612837711166,-0.8104489570331576,-0.9202463008211973,-1.4295292583787038
-0.3504990435566368,1.2685657407734832,0.6744413147059857,0.16774809493691537,0.3231661618605013,-0.7368537074855905
-1.4459622095872064,-0.06476578510672312,-0.6431234829941724,-1.0336172574872442,-1.0486241569051993,-1.7773418894507858
-0.9553549452292449,0.4672973941479442,-2.078727059380855,-0.5271882806405905,-0.348902020085508,-0.5030019470601901
1.1273733651216136,-0.4414944518440912,0.30141898258741867,0.8536200716315052,0.49407955182365143,0.5499321108815406
-0.660293753126374,0.7301597187307983,0.38820587643277643,-1.0134918227303227,-0.7038270289327531,-1.0749307592070858
-0.15392423878101463,-1.2019658651941558,-0.42075985529801857,0.2245282067059035,-0.7270294098819575,0.3361004852326705
1.2721505722715656,-1.3560912865241153,-1.3159335563891243,-1.0297344005609383,-0.7397958246062362,-0.8109365757752726
0.22390941532538355,0.3152910273114893,1.4174614160981307,1.3354322810115336,1.0928011072239088,0.8152409623690998
-0.07677803504907697,1.7596285278671462,0.596336175996604,0.9170069634950262,0.6748200256689382,1.4648195479448984
0.9700176811306117,-0.9340732554464247,0.5109108463287859,1.3190310973634958,0.1069801775337486,0.5860848273392776
0.38173099136859345,-3.0808236822515154,-1.1959066958947284,-0.6976395280111513,-0.9309969585829105,0.06008649640516025
0.30375660993942377,0.6055153200593485,1.6225771271453382,1.5128753213646395,0.5673774567973879,1.465560184729601
0.11766428658347984,1.6266497700021862,1.8067499527731565,2.0463011143539953,0.707585381046145,-0.020790539851648734
1.3708011833201872,1.0727490004570077,2.5295488252507297,2.0206019492681113,1.4195521971668446,0.8190179956742923
1.6147442568078185,-1.20887133136747,-1.2001286484801938,-0.07509778527244901,-1.094082005048615,0.46013454800154924
-2.4455742514039764,0.0696781070951698,-0.5972105044455853,-0.9306238848527121,-0.02909402705796577,-0.8896115097667473
1.8857658837567335,0.16174811544790735,1.477351562920474,1.924021881744518,0.6866093839318991,1.656724288194943
0.7318557902016811,0.7267938993463153,0.9118247766688667,0.25146463341523717,0.1404521163812521,-0.8150659534711077
-0.3821898425261876,1.5295643633311382,0.1882785033410906,0.1124835971236998,1.56256368428545,-0.13369314168023566
0.8295794366208112,0.5724704779142291,0.4377237178529231,-0.20716963187465642,-0.3450493222521507,-0.8523250361370454
-1.5153607202370465,0.5699375268795863,-0.4731673726335006,-0.32465901645962747,0.6613349769463578,-0.936947425809319
0.25595587995052693,0.6398573936360028,0.461176493189954,0.4938033830524816,-0.10501206601100561,1.4499345443127079
1.1534835699836719,-0.09198997809094217,0.4794375751120091,0.17939538516620418,-0.015667837125202113,-0.3204078268000969
-0.3483987632339535,-1.8074375598742567,-0.6265415974654172,-1.6204722401517566,-0.28725681459820634,-0.6217826696624073
-2.3930142134574717,-0.4529706756863888,0.3221531068972035,-0.33963425826755705,-1.0803646030547212,-0.7141756136640959
0.08505039703986397,0.3879370865037962,-0.0962176350030846,-1.0274593964880046,-0.23142272834509425,-1.4892282158071026
-0.2589572412098988,0.5980506394448416,-0.08455690500479338,-0.13096634339332708,0.2796433778010521,-0.3851400631784956
1.4357882523619254,-1.2678824324288187,-0.9570845306206767,-0.5443248971579314,-1.369529246551855,-0.49505003303151424
0.9012171888436853,-0.9833243675253384,-0.71476883427837,-1.7831005567862144,-1.5950243332453284,-0.3348916719353935
1.9919910543806132,-0.23496874983536123,1.0644955299589183,1.3096735242065503,0.829439044203189,0.9200573419078161
0.10550919732804596,0.47897688461142557,0.0790106868980602,0.07525724029784871,0.7081530348075465,-0.11423372874674009
0.746386704203036,0.5698047598549181,2.0829854026856998,2.5895991097955613,1.1164404446333525,3.227112768149907
0.6676054689882838,-0.32586877949273974,0.5291689377605674,0.8518973433628195,-0.0010251193809737735,-0.030948758714293666
-0.5969335601778881,0.2059243802469138,0.2072838001455613,-0.0246050442135231,-0.5903759128498131,0.7818936730082614
0.33994861992049175,-0.13228908052513005,1.2532803118778422,2.300137799714356,-0.541487031220721,1.1537355963240394
2.628140580880588,0.43101464477215873,1.3918730322174373,1.2851407024261254,0.6051019605393063,2.0362090581183026
-0.5216079361188324,-1.5478960239479662,-0.9095979850037159,-1.2449319516858777,-0.422572823422823,-0.3941195039276611
0.6160149939320249,-0.08116460444288327,-0.5661562372812191,-0.30808139485824293,0.02330865203714191,0.09990579611165404
-0.05562064567212735,-0.10171704832328379,0.03874233578364762,-0.6700748825542284,-0.9514004965379863,0.2911206546480428
0.8584199673348089,-0.22942566973698988,-0.06841962641073616,-0.7516520574369181,-0.2693556030887532,-0.625543973878789
-0.7894774586462704,0.6384912263723427,-0.7652452679571233,-0.8197943890220369,1.2824568281844015,0.08356975801497729
1.4527065503928203,1.7646054855936553,1.9360487321836886,2.435625239151399,2.707943986285281,1.7602731047861637
-0.06309499507311307,0.5550282397400657,1.212481609421302,2.2930879771959605,1.188069112185289,1.9958166858922937
-0.20791823202072424,-1.0400343524868298,-0.9483097817894526,-0.5170080534456316,-0.9852275187525487,-0.44012638291432415
-0.4826965660226787,-0.08598048952146814,-0.4613903325046914,-0.16027798293501266,-0.89890951173727,0.15010207799851158
0.45415290526602037,0.8323161301004133,0.6004858786842341,1.423181856375072,1.3059932723921244,0.9276718633146419
-0.8830793747150397,1.5387653973055708,0.45015095738529454,-0.19685293856113964,-0.18813388503949569,-0.623793833043022
0.8949897507014337,-0.41610542456890404,0.6712520193627162,0.24983384728115668,-0.15738632106443318,-0.9272640507154154
-0.6242452769198991,0.39459953075065346,-0.16544717372717344,-0.01116760527780644,-0.27700540597816165,-0.7680496405606095
-0.13292706605005358,-0.04639638175916901,0.4673426024897613,0.2198036501861016,0.6655279613991694,0.6203649277255894
1.2869233540205085,-0.6228134177204125,0.744094707654612,-0.36517545854950945,-0.6986876612920395,0.5589426118134854
1.4803159295722768,-0.9794993042291884,-0.859694587125059,-1.4236706120415978,-1.3833224645227367,-1.0799999328342744
0.23218369051842214,-0.7224243253511831,-0.24123777420684497,-0.6279093666914511,-0.4623628282171207,-0.7076627908488609
-0.525978330410252,0.9074873356929912,-0.5196420882768185,-0.3040797459493953,0.3071160083129578,0.5249997270121137
0.04693363307713131,-0.038171659458513016,-0.7596475119096646,-1.030072026041905,-0.2437226078124039,-0.7842651160493554
0.827919809076305,-0.7151375824050942,-0.2939234526954075,-0.502412050674275,-1.5143452009629428,-0.2697586430798368
0.1620342820429804,0.8222199020360444,1.0963026915489222,0.6802330906831904,-0.3099350812296977,0.25156710296215506
0.5616850687636691,-0.6911763537040319,0.42713797753581556,0.006086769805143231,-0.9929940752173079,-0.2553597906615294
1.216539499715301,-1.334536779616322,0.07279680077951409,-0.2576752663216946,-0.009791445429018828,-1.7091030660218811
-1.797555340208678,-0.2570321236180813,-1.7272959210746988,-0.8838216707718769,-0.4819555677267149,0.27651966737514233
0.08817983615122531,-0.15680776157741055,-0.37052881096060275,-0.16640823343801248,-0.29522161146799725,0.01621442291134198
0.13460299358668315,0.7894062760295397,1.6348935438333034,1.4420620859037436,0.8865980678721307,0.005191449110733781
-0.5196885088492325,-1.9765160843291085,-0.8806060450516894,-1.274044350789112,0.17965735652088638,0.07637467213164459
0.5306791103297621,-1.3325193424315167,-0.6132423521959021,-1.837853947801683,-0.3893044958163537,-0.9416146530056952
-0.8046463131713426,-0.8502446930679739,-0.1580097958157143,-0.5184787438400933,0.20209119607769505,-0.3611704735465194
-0.380059938303379,0.5132461256213747,-0.5615936695200168,-0.850327326652661,-0.5143564951722174,-1.1726327860160703
-0.3389783110067808,-0.9497637636663806,-0.835715932781091,-1.1202494800292129,-0.1932489622767379,-0.23435957593080098
1.8794257468595132,-0.6628933400186875,-0.04016741428203462,-1.0412006994901204,-0.3508487170011019,-1.896604400908295
-1.1168568299516566,-2.1405596523649377,-1.8574253295323255,0.8411136024924508,-0.755525920941287,-0.4207349059946397
-0.12686425165283946,0.06275789153703272,-0.7147609820200926,-0.6242623256343095,-0.3303213038495251,-0.8068399453950965
1.0124502341536892,1.3939003975167181,2.5606077742415447,2.5690395046941163,2.2971257157975318,1.1526367991219102
0.6181513187382832,0.026073734130630077,1.4240243124610965,0.9449336083602274,0.9708398637681553,0.26834314051573854
-1.2565910276229455,1.9830340674083724,-1.107095974909705,-0.053504761311951664,0.8642234814875241,0.8832188882367966
0.08628175948859765,1.7148198682232116,0.5447577194265906,1.6995484384308892,2.0988467429640987,0.1649920047574068
-1.8369692684296228,-0.555530249351938,-0.6228169073282083,-1.3076642660050148,-0.46488015600982063,0.1624192824627498
0.7910633946386199,-1.404389248283413,0.0538518249711791,-0.9089591414544522,-0.5083419816144802,-1.0778389944081885
0.6188900520315961,0.45129060763056844,1.379213938424426,1.008126917492316,0.7247364629572907,-1.019048089024992
-0.5723753620700647,2.5102483562756888,-0.3972341693884769,-0.8541366053433058,-0.3584082417698814,-0.6333751643721465
-1.077380759812621,0.4013801682208007,-0.46515045837126534,-0.24363356787988566,0.7534116938703118,-1.8992798631800376
0.06932981675483088,0.25764279219459446,-0.2859162804179727,-1.0780572192891051,-0.2683290377588744,0.43211944591066737
-0.7477655306331386,-0.9947706187599676,-0.9092610392671814,-1.3471639801399644,-1.194619803191677,-1.1743844850245853
-1.0226290842953187,-0.012224031154062861,-0.6714610561754273,-0.38075238768074043,-0.6886735530655212,-1.315181400699993
0.09578211872411058,1.2234420789704685,1.4916133038277506,0.90636788856885,0.8696995767215582,1.5281757735074377
1.0444634219168283,-0.35433133851747994,0.19912243564560814,-0.15717868209066388,0.02300851871154216,1.528100074921202
-0.4911287947043954,-1.2386518201066976,-0.36568291015520193,-0.9007718499493885,-0.9370402212365829,-0.9933584280302354
-0.9338194209966628,0.8911541028088042,-0.3948389757566772,-0.4459097803877497,0.30028948916335185,-0.3128945808787508
-0.8808274893921607,0.08853039417214689,-0.8347664414200637,-0.48335739419903767,0.14604613119601664,-1.7886723736284271
1.2198587283876527,-0.8748876641243859,-0.4630676440586322,0.3324839313581307,-1.2532914906964876,-0.18832478102414157
-1.0178667056793058,-1.7269182973669974,0.1288856583008378,0.16596181409833402,-0.21312563736270976,-1.4429331962605365
-1.0709874563907131,0.39107360263043767,-1.0271950467690785,-0.39563101335169704,0.03578008941310872,1.2352289945368284
0.6191610310138018,-0.17928513745755878,-0.11867658436591033,-0.6679676102263672,-1.5072195966912787,0.12720029076081774
0.15747890280378993,-0.20193176770092866,0.260068086219322,-0.2734228416649781,-0.3627063911637093,0.3131897435824092
1.1180243911729035,0.7706595581104889,2.1823567643351387,2.1568747833128907,1.6350183110027598,1.3663446720916588
0.28832517698848914,-0.7195198428655263,-0.02913502973880972,-1.2904869922994044,-2.2038328906313636,0.8137475590672446
-0.7588542829704586,0.11723246178348944,-0.5443008636787005,-1.2663604583702295,-0.9720832854914888,-0.3378043345342339
1.1848195359582754,-0.3654468798153895,0.20591481329738703,0.2499129517026187,-0.3809998374076804,-0.41406893349812957
-1.3417733582961133,1.6481039786720537,-0.8186336389025706,-1.6583555084630084,0.21166125866920912,-1.5838127404541311
0.5786941623674839,0.7261737309536332,0.8719533114264021,0.5380732010641673,0.8848822656025938,-1.6336305197420435
-0.345406177373922,-1.7711600078702403,0.03564849328200249,0.6122471954706586,-1.325837679475958,0.9712698571387423
1.123633936133392,0.4756757577609208,2.801307439966965,2.8587197525741583,2.0047427893809773,2.415284795680388
-0.23238238859544838,-0.7188611858427109,-1.8205451698829518,0.9724301133118737,-0.7549827397413276,1.203329137006755
0.39445714450986324,-0.7154668788147794,-0.6462976737704319,0.20117263812421352,-0.8305958945088228,1.0354483949625486
-0.26186834950266197,0.20413067311170635,-0.7473651518048704,-1.2279577591220556,-1.0705083160726994,0.39226063500453956
0.19460071591186617,-0.2185653840593794,-0.6249262888037689,-1.0453374530968376,-0.7622808677273428,0.1265743453222002
0.4696762871166984,-0.30699990814606537,-0.5539728830406201,-1.1774059525302016,-1.4167975303821596,-0.8760816180737269
-0.44007299166008623,-0.9892212898908521,-0.6269559973468413,-0.3165063076647482,-0.6189128970468221,-1.026265520543102
-0.2368758807429007,-1.1672193322303126,-0.3275181650835709,-0.587211994149763,-0.7603623163332897,0.3007400634943145
1.4493996559744122,-1.8793467598520806,-1.4747257927036992,-0.6373296319148382,0.06271418896352007,-0.836999360977609
-0.05551205706578313,0.8096265228595872,1.1255468981086612,1.0415405678677274,-0.04949242676674749,-0.39021830607635843
2.3729013722499293,-0.9724080185470794,-0.8281236444032029,-1.3484722698258262,-1.3050184248288772,-0.27665353586950064
-0.011171626307219594,-1.066442373704526,-0.7872196566164504,-0.6604390989056838,-1.4334908428545787,0.1912087946550529
-1.507341008756379,-0.6966396502041404,0.08198282705890741,0.7035374303988621,0.3378762653843865,-0.6809422053959718
-1.8537288684322621,1.381023807613379,-1.1068423020150386,-0.3615852702819157,0.960150654669125,0.7882943800694691
1.3668124941930422,2.1725839934695035,2.4531678399022177,2.397007192047557,2.7668742564433133,1.1326029404621862
-0.4444934950125785,1.8440970471706037,0.8038407244276102,0.9209629504101098,0.6528059861423404,0.6796858132208075
-1.0833761374494468,-0.3188625537812818,-0.2397168581920079,0.2912585356661435,0.32784389899406224,0.8446829369239233
1.6465628447824119,-0.3357893662349116,-0.06526919812569108,-0.3315756106497549,-0.27572598495096123,0.813463269228439
-0.2517480607534646,-0.299891067642469,-0.9738652056245551,-0.5601855178410151,-1.4440454931451172,0.8794121022193556
-0.4966703708712427,-0.19398854888518247,-0.3279964515069184,-1.1060115841373033,-1.7560335846153017,-1.3939798094815512
0.727626681012575,-1.3833177355155315,-0.4497213518447799,1.2080903720733762,-0.43267363143579257,2.2500820719071535
-0.03987129801192078,1.3436818512001303,-0.7522560280640415,-0.7486261952285936,-0.6223139893478765,-0.0034222638201825252
0.32641885177653784,1.9661018534103478,1.3568189867105314,0.6220881374197654,1.830528278559928,1.3824563717699425
0.09913503363732734,-0.7133375234413768,-0.9957887994468445,-0.7216665492651128,-1.0642834449897316,0.3462628892102435
-0.7950355655389394,0.19409933691710965,-0.7022704492003208,-0.7570705392857335,0.216086914818744,-2.037394389013742
-1.061809776858746,0.14190647742576482,-0.31955781317447657,-0.7214624538934823,-1.5310313112783367,0.9347921990673805
0.78978484100301,0.012229795343919395,1.063341077485389,1.0905337513282096,0.4338879171640068,-0.25872677630239765
0.35005686396178426,1.2987208430065547,1.7102305039900783,1.9328220651212353,1.9629532366553668,1.413341208664401
-0.22983249498278716,-3.0129724823135557,0.2897656269900041,-0.6575615162959322,-0.5175361752108635,1.1472006912678938
-2.806842594138996,1.0984526691539211,-1.8850624043394104,-0.05804880760529994,0.2164897926938014,1.4305257315410638
-0.7408553459406285,-2.30345220611645,-0.8603319922585804,0.20684353092107574,0.1997530386271782,0.4389345552373301
-0.17117481317110964,-1.9401872749435065,-0.07444023360232518,-1.7684352553367342,-0.4206351810686657,-1.419706799753731
1.1985736346647486,-1.5539664868316916,-0.08309874217755278,-0.3369971196747207,-0.45920608250641687,0.20545677533629586
0.43946253659695766,0.11248781831376219,0.9119845577503184,0.23667995078037204,-0.45759012519041237,-0.5355914913270715
1.7470614503024275,-0.931872831766768,0.7801353958639551,1.0832712534341458,-0.598141468910649,1.466147309818878
-2.127681028393782,-0.23836607763465203,-0.1929196486543179,-0.7773771665635367,-0.6721066145726585,-0.6191152047002142
-0.781251976318552,-0.776629556249071,-1.2300098600905407,-0.5216157695607786,-0.7786971325367372,0.08362956438766934
0.16285754293923013,-1.176376195888756,-0.2156074088050331,-1.8439547675735688,-0.9556577184637354,-2.2542798573315537
-1.3997975809614887,0.8535591714473661,-0.844823683913634,-0.7146094554711224,-0.579002204228019,-0.9522236083512402
-0.02107214845115832,1.1438410895346767,1.1575413609358098,0.939524166558902,0.582461806147903,-0.38323589189339047
0.36738379044892117,0.8247051072961056,1.0052818780249626,0.21170714296393517,0.045405811152620885,0.04214501850069706
0.4539141930564811,-0.5029503819479411,0.4693622238157162,-0.4793020516770775,-0.27987349625206076,0.30678569104609515
0.8802409339011187,-0.8623806799923681,-0.2817716120114262,-0.11729596196166706,-0.4241728145541553,-0.3494819157988773
-1.742312488308335,-1.661679893759713,-0.6005350677366906,-0.8433488793674258,-1.1055213626506828,-0.7928707454748403
-1.2621073540895236,0.6634891639821853,-1.023998925897641,-1.4757576168727067,-0.05447917933434707,-1.6096590109522075
-0.2493546218866307,-1.7305478483845342,0.3288070400624758,0.5849505730259088,0.3727718116298595,-0.48970114801396575
0.13425197145909745,-0.03690225194467196,0.6678777940300116,0.4150072485072838,-0.28336701905185374,-1.0831718877398036
-1.0626576308347084,-0.8564904163568509,-0.6904596664554068,-1.2445260132954457,-1.4199265638417826,-3.015215956172988
-0.7235467182575951,-1.9211176717620089,-0.5393951772790423,0.09448108643986029,-0.26046330007655144,0.24291245895123156
-0.472583519950945,-0.4354507326436232,-0.599694571140822,-0.6930425035338289,-0.873281343236362,-0.3489384679899251
0.6890456341215021,0.1906626350716278,1.4195360633065575,1.4490746688383263,-0.16997102614421827,1.7706640133295575
0.33546181720643803,1.6931451516110647,1.139502510771698,0.8456762995666205,2.3980899946239957,0.7019757272012398
0.9125992949021529,0.5270205582670956,0.8144453601054253,1.354621802068244,1.4612202017086198,-0.06369612917621781
0.31942496313128604,0.6889643812800494,0.7437931091205469,0.8126783285264181,0.11872800296110556,0.14383163826548026
2.665338716836318,1.2863324667968534,1.5506332468098978,2.13421916231386,2.339691473897014,2.0848042858882048
-0.324229744436974,0.8518629907102024,-0.22269129164339807,-0.5396225784498513,0.6800418583374518,0.19252163504913739
0.015405983753422805,-0.5063635322318264,0.24017115795436472,0.01398005890827196,-0.8916151605908558,0.05700386263730199
0.09987067595421054,-0.20672938728120066,0.08402413232811981,-0.22232578713635479,-0.8622862620482756,0.07075542449616136
1.4327721646232658,-2.0635436593529426,-1.6650864496828002,-0.8920863657525964,0.24230281268475107,0.6213934648940332
2.4495351332520143,0.14260431192211548,0.703167251550438,1.5418878399365277,0.795378393349745,0.8056066469511405
0.27457137460164927,-1.1078586198232008,-1.1099020354249651,-1.3545481526143666,-1.0973255736614445,-1.3335384076863361
0.28425356930245205,-1.1260503371439121,0.01619487736424069,-0.37218319656684445,-1.417485818540247,-0.4884690385178914
1.2756701039879306,-1.7412016035542446,0.008573716185817962,-0.5650153995951671,-0.4887053201103162,-0.4317626429814557
-0.5022965097226177,-1.195732145069976,-0.6034857997394226,-0.6121333059376537,0.4089401907643366,-0.5543171144286336
-0.3398871503611026,-1.485009963731925,-0.7458882897476956,-0.3996208750030186,-0.08767158569953398,0.10580666163642584
-2.8544180968326125,0.6778575492162651,0.507756592557076,0.86800513127302,1.7081548297646645,0.5234365789423678
0.33022788860154056,-0.05850138163125655,0.2719022050035836,0.9972108297360671,-0.05724769628564793,0.8377123461142283
-0.6754567866905126,-0.20877764994036085,-0.7484193125285524,0.08944955511301092,0.23765694764151987,-0.018964842462663924
0.852993561462527,-0.5880431704348937,0.28846746267297724,-0.21984326281488323,-0.3990203503007109,-1.1613040249711886
-0.016566454780758758,0.19298322251584446,0.27845766187103005,-0.3252479923365693,-0.19882561604945248,0.4149273655539943
-1.194543926967542,0.4455537930633901,-0.11673073565492993,0.37937563370412974,0.5680178975941305,-0.09997756045487682
-0.13096776967776338,0.9934905603720604,-0.012608115885616703,0.04450454614159479,0.6468082622274246,0.030162693312405408
-0.17671858277570165,0.2524131543517269,-0.4236424219297969,0.384292522304245,-0.2009871547323674,-1.0057868199220994
-0.2523479441386273,-0.34072999061394166,-0.7403669630173916,-0.8712093962868336,-1.868685941026317,0.23249098826655223
-0.15380666183129155,0.45796217942621986,0.6805805880721207,0.5291915978475623,0.856868054451977,-1.3355507207220065
0.17799897927389471,0.3219910234276005,1.315755495087845,0.9734569025121756,0.907222245762997,1.2416864617364531
0.10877497004416328,-0.25212302603041314,0.6600419327243255,1.1974171741096908,0.4835728420000243,0.8643340289462262
-0.12895147873597676,-1.389088575268213,-1.112376309289298,0.20268074523993776,0.3771232046120251,-0.5068201019824309
0.39421775787261687,-0.32948653312005366,0.4592768345082474,0.2851860853344306,0.25983382754660256,0.052363641900303674
-0.021301922850976814,0.844565048634038,1.216740668930349,1.7967759444929687,1.5908366627238149,1.727673980406926
0.12643032138485452,-0.4688759673016292,0.023399295127521706,-0.3600899622901227,0.360839979735368,0.284655487310927
0.017413705031569852,-0.306869537242491,-0.7517308030293921,-1.2126042125584753,-1.4358560209888334,-0.12524858413837325
-0.5560908489614097,2.1215067883088694,-0.716341798555244,-0.15206373143691318,-0.22630975876165457,-0.5505923504828442
-0.8023665014747686,0.07929535447024838,-0.9047124510763862,-1.0209557790872539,-0.02707375263208616,-0.25754959390058046
-0.10263666113742681,0.5935223524619292,-0.1818169607138695,-0.5463482503596855,-0.2812590155437797,0.1483875699781122
-0.5466131893182398,-0.13185410516788565,-1.2524654812185905,0.4032006407353385,0.28770342795211484,0.44025478270782026
1.1333721217682606,-1.020063264029902,1.0420589694718227,0.40910420328918773,-0.577517830086009,0.17889492406515725
0.37796975802980914,-0.22053170803974556,0.31681679736886065,-0.035967356456770246,0.23593899460228965,0.8981594885749509
-1.404086907597637,0.4795755502798903,-0.32828657591534627,-1.0087667611528426,0.24078792172447544,-0.008801869959756129
0.587588470295588,-1.1735476461198817,-0.86976169536474,-0.6652189954090805,-0.2815242659209337,0.36695923441076067
-0.2307327301790287,-0.04018406385197885,-1.0303649296918227,-0.6553995328716922,-0.6839620002979538,-1.4116677463172487
0.44478066287101714,-1.5554315993361296,-0.6230682975773906,-0.4635804681712393,-0.7877116180107013,-0.3435619391541907
-0.5611472690089575,0.9438866978508106,0.20829081359677856,-0.17213766045974666,0.645246175357687,-0.7679672774891576
0.13143426836603736,-1.172845679298758,-0.14509200191291136,-0.41530289606289333,-0.6745292253195196,-0.38296759266128716
0.2649585071005861,1.2427884450465434,1.0550016712496717,0.3094596027373543,-0.5279998150044811,0.8159526713855287
-1.2403275770625768,-0.31556103017652926,-0.26618042697436245,-0.06269446962531482,-0.3230871742237141,-1.0233099513607586
0.674211160120896,-1.2551451120835562,-0.45960073918328775,-0.9432714439889855,-0.24823005623612862,-0.9328893224954456
-0.6256236627490513,-0.12137309478240343,0.6050879470454363,0.7833433218136248,-0.22792804905453976,1.1450687039359242
-0.9947026304923741,1.1757391870125864,-0.7535740450687121,-1.6467106718996751,-1.0472702464359527,-0.6045777391800945
-0.2797855442063577,-1.0738320642687047,-0.7978465404762541,-1.1142527525694172,-1.6540044739506177,-0.26013520805271767
0.23516961507122253,-0.2597679176295478,-0.8872596107431383,-2.046552300173959,-1.167702966349591,-1.8166101288980208
-1.5726249031073807,-1.1354134747567728,0.19990516502783487,-0.13216223596134286,0.07412993357013875,-0.9310564181576066
1.6185946764492374,0.3160716967451203,0.6556904670078928,0.712888286834472,-0.12047764946297992,-0.9744841161098244
0.8152877738734895,1.465411076937501,1.681203159628376,1.0586592824258245,1.1402572584140755,-0.1077950985647179
-0.6773973531951518,-0.5630072379744643,-1.5194670317979062,-1.4274469605627258,-0.75188223151077,-0.9290715224087887
0.03497039515998911,-0.18431904698473095,-0.7257195619970617,-0.24710186911894483,0.060925905583833685,-1.2780402526670682
1.541418938927826,-0.9899421517072101,-0.2593257587854968,-0.18112488315809055,-0.6409918554278466,0.09000610396504476
-0.4745680849660771,0.6858794366182099,0.1095260065791347,-0.39222691867813286,-0.33239816938690037,0.3409107684352184
-0.2225331425447253,1.979346016888123,0.28360148871277774,-0.7728241275368883,0.8077426755153716,-0.5430590889862097
1.4828364780297512,-0.18272912913740524,0.6447481916615705,0.3165334041830029,0.47721438253338005,1.2964905887261877
1.0116763407998137,-1.00003214696624,0.6189372945706348,0.1780113595269706,-0.7255791653403517,-1.0336289175180815
-1.1124578848612239,-1.2834888154694264,-0.4235945427349976,-0.8081991456707952,-1.089041081236983,-0.29680788087794424
0.5886704478762393,1.4141311317699898,2.516783593558917,4.020476815012101,3.4623720414874533,3.5959197775578104
0.881760250830401,0.9664770224723328,0.5172483655825603,0.6788084315555138,1.2186090074554365,-0.6545063804271418
0.17438901107391688,1.5286089633923599,1.6872052113223024,1.5139818808627779,2.5772627531578167,1.1512192946498705
0.8062689939572931,0.398879000628012,0.1481874570564465,-0.21900107832843074,-0.5427925919348121,0.07107388582754523
-0.8256937717743288,-0.3877064005627886,-0.1849332546533915,0.32681071372625425,-0.7904923912779395,0.639179307707655
2.0556021635483974,0.05359885197627446,1.3860573574341977,1.7743832149700705,0.956402982870102,1.3359848775678704
-0.4351366857025138,0.26454669313095536,0.145803663084583,-1.2301795404663511,-1.3475205295677415,-0.4453418096007624
-0.9965395301613672,-1.1662809586252239,-0.6124965825453731,-0.30867912660410857,-1.1480936940296609,0.9042071018171678
0.03528710452512902,0.7034297350276328,0.6761194945297367,0.6391766220699152,1.3353291547120136,0.011051307299285044
-1.7418116316792116,-0.49805200384509163,-0.3987142992775918,-0.4088812419071531,-0.21972207706379163,-0.9087391754915433
-0.9235747393962876,-0.8680014395458556,-0.9530670492066968,-1.1579796835505656,-0.8224893018659971,-1.111900141490743
-1.2659445085714982,-0.11759524616434938,-1.3708835926484877,-1.4158592630534361,0.1704715969399986,0.22821334641903554
0.7215417229951165,-0.3368921170636218,0.737847739988878,0.3861841117366813,0.008738838607137709,0.24063429395876762
1.6635566846830372,-1.1225142732288378,-0.9847993335235911,-0.0961210508528763,-0.275971916102948,-0.670996029593053
0.46098853979529336,-1.2042971973660805,0.2061532174818787,-1.2628581854725152,-1.6381865181305109,0.4469163315042878
0.9146182331167196,0.5705212002989563,1.1870722243462044,0.9923477636667707,1.0896432481597693,0.21078639454047826
-0.7844194897953304,0.4872108322802774,-0.625164873159234,-0.3868470922218366,0.16097250463272994,-1.268402037329587
0.5972683058230557,2.026355604233522,0.7097975282646533,1.0719577805504188,0.9342944707549169,1.6199727986179222
-0.13643265110816807,-0.4022180321278591,-0.5765421005970145,-0.7575646539984062,-0.6742978640576334,-1.0398463176848562
2.409520868820905,-0.5570971377132241,-0.19844518210622458,-0.2384782746022242,-0.6345854331109632,0.1547448904241773
1.2894382176273143,0.8639383387834715,0.7698987623091098,1.2601447644768422,2.0123051898991124,0.8597369129862173
-0.5373415597803022,0.32107661516054675,-0.6288359715328957,-0.6173744330055766,-0.6330091851593082,0.9868792261031304
-0.05847452504270603,1.994024611897742,1.2123378245685883,0.8133652041059415,1.4818803013573494,-0.18034882535230237
-1.9654281286346302,0.4302298193917211,-1.5010504876987742,0.1925489048899828,0.3485992540584133,-0.7052518759460203
0.9464524523187184,-0.2789920989844014,-0.2504208874677073,0.3337345397839722,0.05242391941305655,-0.11938830157589422
1.9195201028136293,-1.3104568574491924,-0.7951074733606547,-1.17414545614566,-1.1967638692264642,-1.7322733514047228
0.28989937979577757,-0.43995868070094435,0.4765608933861206,0.9474731926685317,1.0343336335190256,1.5086255510127142
0.8197148721415123,0.5098803494883787,1.5264346244393177,2.1697293401116458,0.6324965834668931,2.9527137402802888
-0.601878587195634,0.13823933047604944,-0.7383818065684098,-0.3234819552166743,-0.3894520961038436,-0.3274814047863329
0.5977200233307759,1.256019537203819,2.3627916539448623,1.8673955888342444,1.8318022484644088,1.6753176744627947
-0.3588370524865398,-0.9771964578986031,-1.4943597720669306,-0.5194677220786011,-0.8817988242535858,0.25080490464377925
0.9008226334209384,-0.38022844379984794,0.6751409201537393,-0.2728834207818713,-0.45648600043334303,-0.4881552301678713
-1.0185260857862937,-3.020865244239546,-0.2160709972743177,-0.2626002552018172,-0.2751069332263694,1.2765628426114755
-0.3524120271578197,-1.458707895691872,-0.24438157069638275,0.43734772372564823,0.166674005399362,0.7323411889536678
-0.7102785714049427,-0.23503598698863715,-1.1257183302202496,-1.4024876774339332,-0.6092959392845706,-1.0910969319802917
0.7134542355039458,-0.700182352771456,-0.1424421402515493,-0.28610026888422657,0.12098153860967914,-1.2610126535631705
-2.4305346666120404,1.4752029048640798,-0.5678920544826174,-0.9236365247678437,-0.3206992990143919,-1.350507598981224
1.9672397133685933,1.6614426325031089,1.6732548834955252,1.3118210146506992,2.0525554450697228,1.4119899509907938
2.166536774424052,1.14800987916659,2.127273071020107,2.5270189261974028,2.8816253076618734,1.5171730912667964
-0.3605833223312833,0.0677369993511991,0.4210625887191863,-0.5873921511522183,0.3622051534838692,-1.315421418163142
-1.6991738704800963,-0.5735951400054506,0.008675367526388787,-0.2502147646188989,-0.9702609595283919,-0.2745209276312453
2.077079474793294,0.9206403238661206,2.5093275037958938,1.37262900640947,2.460020770985906,0.56496562403518
0.3393112510647198,-1.1419337570317096,0.5171388737280377,0.42386401534300855,-0.7197175689738164,-0.20305503201305522
-0.26954052707200915,0.5411554332890905,1.2444802393056589,1.0678483739810007,0.2809108216101199,1.6881780307054643
-0.1592816032096037,-0.8740754465760612,-0.8917757605940472,-1.2821153977835986,-1.2043889058643844,-0.2901108891566531
-0.041187767407175925,1.0295339527710503,-0.2140093327265873,-0.777427335464668,0.707672262225207,-0.8824020646247239
1.4425302090401948,-0.8166963205399067,-0.24755320644466736,-2.4615795347182936,-1.4015710924325582,-1.773731408697684
-0.022168183070215296,-0.49125466027422127,-0.6917559464124832,-0.7986226930121587,-1.1742330934464589,-0.48588363189746403
0.10021352956218882,0.4642240172870155,0.17833559234832091,-0.4994199923247592,-0.8476991821562148,-0.8428395302545585
0.49684020990142086,0.027757964657847703,0.405556012261453,0.6014982283878783,0.011994948930429888,0.1960487177822049
0.31968000445711325,0.7161395577849791,1.6129100657494633,1.452376350055631,0.8057958284199859,0.26152516101357737
-1.0638090242148088,0.20231620927917224,-1.0237913908134966,-0.3985406566264797,0.08463265310715201,-0.618845657818587
0.29055776477554773,0.7470033187417202,0.5819517210645205,0.5272203574777091,0.4412761197139505,0.21930931344612453
-1.199422477619492,0.6837770920949909,-0.2631939678771244,-0.24885795025119134,-0.31881145343213996,-0.2716783582874734
0.8136924862100164,-0.8963020237955798,-0.6293782068694751,-0.9120432255290154,-0.4647769925628978,-0.8322645187388504
-0.7092595594633004,0.9895243555850067,-1.138804197522477,-1.3331234691000773,0.20023691418134892,-0.4320605540493984
-0.024437751789128923,-0.5053991733143706,0.03553321090828516,-0.6272099571313073,-0.5506646423206326,-0.22934727400974111
0.44013694204029385,-1.0000570396609236,-0.7836179408323014,-0.9176944255970998,-1.672624329136679,0.3790183353004503
-2.0069878702498527,-0.6222105964252865,0.22376550082075133,-0.9696980556436147,-1.4701631806270923,-0.29665832323651214
-0.9807846963267004,1.029686668060286,-1.4344985762484967,-0.4331019802550606,0.24515871918275536,0.7853244138342682
-0.4432144106149964,0.3044831468561742,-0.3108329610287022,0.3102193372730182,-0.009795764619209996,-0.6556053916205327
-0.10356734086120055,-0.6350041964428211,0.07487767079912004,0.6338013881818514,-1.16196899611524,-0.1076757280943118
0.39900471222147044,-0.1763900143432718,0.7678792539281439,0.06247285241552324,0.7735814202083025,2.2317486390501315
0.620669299372519,-0.3380348301147313,0.9522305713430873,0.42388159862340713,-0.08382234316894843,0.7224120167998531
1.3412595166714647,-1.2360806291337036,0.6753129612397253,0.5459603344361231,-0.12916018122419964,-0.6968310152702545
0.5385355405633585,2.156332870528369,2.291963904433806,1.272248758243602,2.004884365215762,0.3983605861366643
0.39393160487860635,0.6421002017135111,1.1488667443362108,1.9391250478944342,1.9140826334613106,1.4012993339666557
-0.6118627111621083,0.1497672357764808,-0.6504335877627292,-0.008664338724400344,-0.14218447200824252,-0.16894523118791263
0.3557087375873804,-0.4639411779229796,0.08865965147962285,0.9910565440263945,0.3692211651164422,0.1636498895834389
0.9646823395077608,0.15053436979055343,0.9475469330978861,-0.14135445013372736,0.012996592874021204,0.07094831720804187
0.19437346602336067,-1.8302886946709047,0.12505337185194887,0.5721244870736942,-0.8503239212793907,-0.5653353514691257
0.8786560973234435,2.369837236912246,2.26633455273994,1.9009335845460147,1.96992360204735,2.5062735254592856
2.2695714291385185,0.34596595771993377,1.4139584832090955,0.5853869360970622,0.4535989199308707,0.5496503089646365
-1.8060373735478634,-1.3147056959654204,-0.1272445419708807,-0.7108459151248393,-1.4337959261995437,-1.1824187166124192
-0.2831902493319963,-2.291241360204623,-0.9478414353654642,-0.347967738339247,-0.898168884028371,0.19178841091473178
0.5393148294381683,0.7183640374155636,0.9111963096106428,0.7891709937217066,2.1745696353839694,0.7380293187413886
2.7351818682191436,0.47380912201278147,1.5146819321144673,0.9257695434537405,0.9633520799738235,0.6399795183712176
-1.1938871607091566,1.0262744652447582,-1.0287202043307573,0.09260860117368465,0.6298885720481981,0.9301778716046265
-0.1992838777946697,1.288415123500112,0.1499820257244414,0.5699269409568992,1.1955161708611615,0.47295451790392407
0.7659492726317778,-0.24736382448808458,0.6038887996090797,0.3287158016940353,0.18624161076721593,0.3214585894718018
1.060316419618337,0.07997525996415018,0.5887425966399092,-0.027546164705049277,-1.4989589499043623,-0.6621817790216851
-1.8826777583480923,1.1166264822801646,-0.7927799551024238,-0.7511951811383875,-0.7677513286080688,-0.1447632337449798
-0.6145457699476263,0.24079986307541967,-0.23961470053191852,-0.6966271438851459,-0.19214749056628924,0.16962453720899773
0.07098219732602984,-0.026801447898232387,-0.7880147027956507,-1.4698113690239851,-0.969768421887162,0.44981648198935875
-1.2427665896703124,0.23465551146706384,-0.5308815416163035,-0.7568424924475068,-0.8052077511426227,0.288915909529515
-0.8863970514213219,0.9566957605520388,0.7490724259701391,0.8365982171660137,1.0215059026914992,0.7925215915256818
2.3365768431887917,0.45955449748494187,1.1898799576224905,1.5514429336366176,1.5251807204009302,0.3407133831977588
0.12529208400918568,-1.1794415697664977,-1.4035722946802414,-1.0069360616006782,-2.040330922750826,-0.9901247610234746
0.7064248372581947,-0.5571677433309719,-0.1432326968368399,0.3701990608511929,0.6746178195484159,-0.6166156848117462
-0.0427587373026011,1.0820836165611878,1.290399190702305,0.01833896397452898,0.49266453399052573,0.6388690082714543
0.9340555878614231,-1.4170636322656256,0.42153914581085394,1.135321954175266,0.14069486423238511,1.2858297140403205
-0.7102640818028867,-1.0949059465541044,-0.8412322666660036,-0.4887247754510059,-0.9902480190510508,-1.1804777600512697
0.4506978829495382,-1.8481797440625858,-1.0153420837395157,-1.1391440666969075,-0.6221862585245839,-0.12727067631341427
3.300670891111512,-2.0509349332714075,-3.857333257523174,3.077195399889864,-0.8873007237604912,2.7931063174227684
-0.34921233733496104,2.405151893053212,0.2729067490063303,0.12449308270566879,-0.03992178170699749,0.8521950998947077
1.916787789717042,-0.19908127463345845,0.5687656780197807,0.9220669759332714,0.5256065798548825,-0.1427392002207524
-1.029197799948573,1.2531549161295554,-0.179507350088039,-0.5320858328842961,0.2529658038079955,-0.875428881575926
2.0578484645472566,0.2655813936486485,1.0300308156042377,0.7654911651731747,0.2402967249187396,0.2242445372908033
-0.2902832765597814,0.5270060571391422,-0.07751850376859377,-0.6203734232007431,-0.2619611480538305,-1.3168935143169516
0.616356578680538,1.277152379357734,2.3068370963617633,1.8484314751224291,2.8341288173089634,0.6427274519333803
0.12914376079710027,-2.1698890949289273,0.10720517565639777,0.9040054771797804,0.05941068873972346,2.2170138681223865
1.3928491125262967,1.4958218011481508,2.267854398038211,1.5964638808775944,0.90432292344296,1.6077623476650524
0.20689480541349956,0.2607673780856098,0.30038032305156276,-0.14818020790608794,1.3221443523421712,-1.6287723614179355
-1.0033964833993025,0.8951693399189035,-1.5348524173145819,0.0077629877511643484,-0.258502562792812,-0.859184843320437
-2.0284783660143964,0.1073485459946179,-1.1290919536478883,-1.2621976523544132,-0.35051590285495116,-0.5760710753915145
1.1730310759977607,-0.18837225850732991,1.331800739641182,0.16339863112299677,-0.1473013427089626,0.6977310442895587
-1.6079031369153287,-1.7915625382685965,-0.8123930854905943,-0.5181876003704085,-1.3594444799501133,0.46363434725471553
-1.01921781252045,-0.2313630273411138,-0.5778867368840086,-0.8985239955630484,-1.2012923029350067,-0.11157995864942524
-0.7179421941094579,-0.2425521191948118,0.35720635631784153,0.5615024191210758,-0.21686203810872862,0.9506880175942918
-0.799959962425754,-1.9020892160441467,0.2260470288611202,-0.5337700452120359,-1.8707162037113558,-0.35931251303747597
-0.17008177619656284,-1.3842284693978395,-2.216243916020396,-0.25599023241329627,0.4924449652696089,-1.383300517422498
0.2605164806843615,-0.40435644792911324,-0.020213940311879588,-0.27709326247207794,-0.22206881866462366,-0.6868759862606658
-0.7187524801475712,-0.07414242126402794,-0.5288901139826981,-1.4230907999396902,-0.6661279048131906,0.014387664080019959
1.3508573724388313,0.16774261127344534,0.5977930948509514,2.2803506149631354,2.224568775002049,1.1468072545563963
0.2911560936792288,0.7148775772223755,0.8821023637264526,0.5559249451778076,0.20025901426881995,0.9444721718228287
0.9056501736497368,0.8309291175475055,1.503134302175535,1.235760752878179,1.0096962285157356,0.45514651982060006
-0.3189367899421151,-0.7459463404930854,-0.765186690572443,-0.8679890748278195,-0.7817609778516279,-0.29478041001611294
0.06472850220060875,0.851575857384404,0.03230722081134052,-0.36456852272384305,0.41253579657362754,-0.9374999875295196
-0.422382922017659,0.7263853552384438,0.23629254448889073,-0.6095287239233228,-1.0672392266175754,-1.0854998444197763
-1.4749587380099651,-0.023517644659511706,-1.6394621075325253,-0.22562084018975678,-0.6202105890173989,1.3406189378610225
-1.2388489000321175,-0.7877404330975886,-1.114234289161421,-0.697357227048477,-0.6587233277235018,-0.029715117178907277
-0.8192351246483888,0.7218055335374534,-1.0314714542948475,0.5260317378756393,-0.24656546848037786,1.3887360571396667
0.37157813740685136,-0.7957668983196091,-0.09608303947573499,-0.6200598224581046,-0.6379126698274195,0.029254824252719573
0.07182037324532492,0.5960666779538547,1.1117004548241676,0.3457402191884478,0.5889255377855083,0.45339469710690755
-0.3556555112086625,1.3436647860058293,1.0178562497667516,0.2093039542091805,0.23079717809528894,0.6219350805916296
0.8497639568147054,0.7048779975345671,1.3951904371543824,-0.1395208429524218,0.016680603109038426,-0.2869892319116547
-0.5713913953303523,-0.4090724654122951,0.024854795082813217,-0.8822661185524014,-1.1252797205039051,-0.21391122328114084
-0.9321824280957145,-0.5370605385750589,-0.1253612565421155,0.43905817731466157,-0.6607689475897168,0.5043837152918849
0.3065378400107249,0.267600770523032,0.9929455840096758,0.1661911164828391,0.06795966914578232,0.5661731004123748
1.097831369962169,0.61185656451877,2.4726981581055325,1.755116265675077,-0.14867043227710433,1.4819504237712988
0.33977056653583393,0.29668823131341593,0.2572717625020609,0.13435241675171614,0.10928541607552038,-0.36805371343558535
-0.5639718295098084,1.0198164763590414,-0.3183982911752488,-0.1381938231507302,0.35474843505592024,0.3571683076595612
-0.09840094489326444,2.228997066602287,-0.45349741593074205,-0.29921051359886347,0.0368987006339632,-1.7757493907472754
2.091632180914998,-0.4757238425261972,0.18278611637491776,0.33023567946210003,0.18332936379472844,0.5871615445378462
-1.4190952873364662,1.161754131639713,0.06383612695923313,-0.5782444912051459,0.08263578803160675,-0.09543599401332238
0.2263191535106508,1.226119792714037,1.4462210128509243,0.7369303635038698,0.8033523469682395,0.45606830028942136
-2.228288244306891,0.05666994290295657,0.784815129983957,0.005237124231739165,0.1167373834456864,0.09713245047300204
-0.7045848334071763,-1.0985618246211788,0.0572510146648951,-0.19194810198390566,0.034362790888940335,-0.4052278056210863
-0.11227080422339822,0.25895446244665077,-0.9794459724591288,-0.011846034955436138,0.7286575742822319,0.1710303413589046
0.35375032135975226,-2.2808211218803622,-0.5541221989428499,-0.07726977592098094,-0.04095315219714366,0.13596282800875023
0.10665664664243345,0.2937056160420531,-0.788616761393641,-0.4728374378688391,-0.4373122227385648,-0.34132597939428394
0.7081384536870837,0.8661178994411065,1.0080282621871528,1.2536062836381008,-0.12387084557688696,0.6687541775327276
-2.247353595721399,1.3140175437672774,-1.2141174400461034,-0.7492327944326975,-0.4299412226413422,-1.1936577410947644
-0.03791312816485975,-0.46159021763625785,-0.46597025847731194,0.4439012539532792,-0.4024293850314463,0.22007567639566805
1.0218913292325307,-0.009461084781577731,0.3818275472765883,0.38446617703788805,-0.683205016602623,0.4509753449423428
-0.24390465482812484,1.9980379325675717,1.4337898798854753,1.258185395867766,1.5267245836472119,0.4598286942694353
-1.1421505327229424,-0.3625816380066619,-1.3886770636602246,-0.5624188730723607,-0.7428794502980268,-0.16327596559282861
-1.8013066758112488,1.0348000416636105,-0.5030689449878433,-0.625441928073955,-0.500726591164407,-0.633988876182206
-1.4492786477248065,-1.6833827334028781,-1.3507307970194578,-0.3048719346151492,-2.2006030938283647,0.24174238609782886
0.06955670408935187,-1.3020621415188465,-0.7426057864082933,-0.9076641969812473,-1.0756222411455558,-1.8636786784585906
-0.9514930426905667,-0.3578242749520712,-0.7234883555307631,1.0195105796686899,0.3900832135292183,1.4868595643774203
-0.741202008607018,0.372986464238596,-0.5595652802893245,-1.2384880750964058,-0.06912569151552653,-1.7392688868537753
0.752010954737097,-0.049708309950732985,-0.19476965374593808,-0.4350968372857905,0.10718775927727107,-0.26991513403057366
-1.8096926110674663,0.571427756077537,-1.0624739466803894,-1.3914591635965599,-1.2808661022775478,-1.221948779147065
0.8088416012871499,-0.6100386178051859,0.19971768785065974,-0.24560889311450332,-0.33454670188180435,-1.4685242292625742
0.2904794995983921,0.37007245850782183,0.07530764853060508,-0.7784049355577901,-0.3035358378342522,0.2634640567924648
-0.35532210787836577,0.04886699696091469,-0.9168304800517234,-0.19808537795737735,-0.22840126075679787,0.13580624541056924
-1.916071770738174,0.23175134664230324,0.18146043352814883,0.6739443829352477,-0.5386834707028122,1.3804843377693228
-0.4111894597278371,0.8283194900571964,1.1607471530251028,0.26045919460732686,0.07161629940429724,-0.489130265911379
0.45188267785337227,1.6101285856156116,1.0572837717151518,-0.23086929219568703,0.2163798295588481,-0.06760588771845298
-1.896681072479239,-1.7902206769889455,-0.9893499904413169,-1.34071429183147,-2.2074582043012927,-0.89576536151136
-0.2441813607870867,-1.3511657229371339,0.2824666731432799,-0.35642820305746264,-0.6743020166248528,0.3986125122982614
-0.18451688249894566,-0.7184848986712258,-0.9450549620222578,0.443553106474387,-0.3594337255950067,-0.967601650900627
-2.699630027417345,0.2067828385192475,-0.6339001128367647,-0.1160188111847161,-0.1469643213422939,-1.0519719368733464
-1.166283927683544,2.0092781294091537,-1.0857248786905433,-1.6943177598002472,-2.201103228445341,0.10160609884067281
0.40989354914822346,-0.2394362300226272,0.5124117079510562,0.9042778981454235,-1.1445321241132862,0.9345409753205657
-0.43643955889312885,-0.8367549945574746,-1.6940880204385416,0.10723330548663908,-0.1864834673640169,0.4429063216909579
1.483752911960865,-0.7539714531541077,0.7276696911028008,-0.07798017113009154,-0.4621152465599641,-0.48787370705039884
1.3403685081793946,0.26568874358801814,1.1194696893970468,-0.5495662311844834,-0.3723802755224913,-0.6285515273750841
-1.3960448835654524,1.1237304978341693,-0.5695893998677086,-0.36299253737788517,0.44008523919913345,-0.04522612522074063
-1.764183474805522,1.288041254000181,-1.63616655782238,-0.22286764836948542,-0.08794036774764069,-0.6872422052627103
0.7926299687671686,-0.2134933097329746,-0.14745876451591391,-0.4971947386842185,-1.0828519180614815,0.3414172034244076
0.09603467985454267,1.2305193377949621,-0.3133472113189508,-0.1686822252004994,-0.717196182909309,0.24641828418659806
0.7489879907654984,-0.08583211897068903,1.3389349383867244,0.4422961541703118,0.7813873306798821,-0.21079140962868906
0.531407282335613,0.42479521904315887,1.049851017956959,0.9806449308998522,0.7661521534872636,0.5662924514255099
0.16406119152883386,-0.46662923528434236,0.5863668434633288,1.0746558593136917,-0.6792019955670711,-0.048007501215068624
-0.8898332915376118,0.15564836134209478,-1.1354335347248383,-1.0051094760585575,-1.2814164281957805,0.8356626754968973
0.6772108679477591,0.1428118947188234,1.264969617970284,1.059766335734315,0.1760058472439425,1.4229811156847114
1.7808696855687618,0.11250412886545873,1.2483384796581811,0.5391211668529124,0.2873695219259742,-0.9738750715906331
-0.9867805698641877,0.6695708398014905,-0.9643031682816043,-0.32380274037582046,-0.04857453581245436,-0.9378234769938653
1.6376096232862645,0.32955255660366134,0.9158770616241946,-0.08696542473621724,0.47639163111417493,-0.1369194979108545
-0.30176679942883816,0.6864229159352355,-0.3908053597512751,-0.4872971511609142,0.2008854848604218,-0.18224055261389085
0.2327803196691496,0.8217035903624865,0.4160638538080329,0.037468277945342285,-0.355710742788273,-0.7295640391167628
-0.6457650026461915,-1.594424770740709,0.16226227251948813,-0.40061948336328596,-1.7434173163155078,0.4730313675041696
-0.9914978369797239,-0.7866331686506799,-0.46453937067839085,-0.19786094404154028,0.16912870345204004,-0.20820757165987297
1.0959107100254162,-1.2843825384994558,-1.6092616043000898,0.03518514586131878,-0.4080041796927691,-0.9425818125999446
-1.2147654433223722,-0.37990612247365557,-0.7901469501322155,-0.7076989221236647,-1.6417435231557067,-0.8344226774911364
0.23971498062828855,0.18561529118236927,1.0747885457727273,0.928993950962269,0.03448505095132772,0.06352064755269154
-0.4245769910414368,-0.5026829601870572,-1.0473155089722892,-1.4731401214757438,-0.8269523294328802,-1.2250974182760832
1.952914863258332,1.0054019093555384,2.9647560639774877,3.3219932255406013,2.74817174209657,2.928842171350561
-0.5372110938861763,-0.47942939284381436,-0.2538008078670276,0.4261687420950984,-0.15565429776853285,0.3090328873081813
-0.587652559332113,1.173897662102926,-1.2292684625626158,-0.46670491339329884,0.27103937539801476,-0.31407905297041905
1.4295131122285873,-0.6328118223410149,-0.2937459376184354,-0.6109743473794493,-0.6693425544907111,-0.8218454903276916
-0.41068596179077166,-0.7649463028111759,-0.28536527550375135,-0.08065681759703293,0.2752521706041163,-0.6983413506010105
-0.7967893388539303,0.037007555193124306,-0.459521123743608,-0.024164563194397193,-0.09011961097575132,0.11788710193102464
0.6594563140033763,1.599149564386732,1.628425994293449,-0.09735586357186668,0.48823731414269506,-0.20929141010572994
0.5206838766797343,0.24361814807329477,0.7141507139399609,0.8649999462614768,-0.44326702824479397,1.129663870326944
0.04756108145841961,-0.9408637501881658,-0.3425413227712524,-0.3367966166368383,0.02685521187911343,0.850698275505009
-0.7175869891919099,-0.3420674398736434,0.3665078783872863,-0.2195646767480944,-0.1060633464537743,-1.35148958395744
0.06769645766647149,0.1942473403108811,-0.6237925845611808,-0.3817809311505207,-0.05317318278452657,-0.295495128361358
0.8638104965830924,-1.2433285940896526,-1.2693967944623707,-1.2393533914086408,-0.21437632900425913,-0.5995328695505733
-0.028867768738670207,-0.15724076517341687,-0.5667991232359353,-0.33486436704071343,-0.34944692029753055,0.5455570388361191
1.6144059092734004,-0.0006666874898192588,0.2429694563284917,0.13550618415380283,0.018982805009243833,-1.3916572787237407
-0.8748043654432232,-0.8277255138479137,-1.6292421658280727,-0.13846777450232078,-1.074197898520082,-0.3197487489006231
-2.929175339675539,0.5538773659554126,-0.8854182186000218,-1.433770444282525,-0.6325304955488665,-0.7765918720195766
0.8551114593721149,-1.2053661382486727,-1.1736019988820525,-1.1276408283854533,-0.726009904585442,-0.42944665470468885
1.3251014020649428,-0.20155586752369142,1.0249119895276104,0.4179759726681167,0.5093662917940046,-0.6924099756958554
-0.05026713466774305,-0.22882389793344904,0.08192322454535707,0.024970734313629638,0.22374125424149777,-0.7135909457493211
1.3119246425005737,0.4518591251534001,0.6731695352541401,1.5416538125329287,1.3309330744668604,2.2910342913623136
-1.5366492559325828,0.33748416007878934,-0.8088258185455005,-1.4846608705270437,-1.4371323669061307,-0.7530859709195449
0.3502050153967402,-2.173026280836511,-0.6363251979796869,-1.3785976812339606,-0.8264350990512381,0.6881256703462713
-0.401171449186875,1.9038774220865164,-0.4971514899395931,0.04910622026177509,0.6573861966983421,-0.48440166073915697
-0.5277448153982501,-0.977771968653285,-0.2166349052084446,-0.5956122730101182,-0.72395395136324,0.2753742141996207
1.546792754631325,-0.4642483782061802,-0.18727334863188935,-0.44489019848720185,-1.2909970750501287,-0.9635682152364053
0.31721353490391635,0.2270763406097776,-0.14591911722534207,-0.2131567590276883,1.262534922428711,-0.6705514633301162
-2.3283088511499765,0.4017487844440839,-0.8703610383030104,-1.0171599680473966,-0.030301953985014507,-0.7634521069531278
0.5148634050103817,2.1586556299715323,1.0306277108810193,1.019054914873519,2.0822387856849,0.0978840945152133
1.9716414801815254,-0.4084828507483005,0.023411488727445945,-1.4411534905890342,0.38230739426563287,-0.693971802955037
-1.8651922492209287,-0.7379654047372868,-0.7791431001237978,-0.33883429512348173,-0.36809639335455113,-0.03779095499727537
-1.8299889871379564,-0.575209490178335,-0.8027418221004773,-0.03975758123487842,-0.6147535884640059,0.8094085174523297
-0.7786811521352854,0.6095619804808922,-1.0063812094318518,-0.5442494796309623,0.43114882289637135,0.018629410755815073
-1.6058798805124228,-0.014200773055931308,-0.47677463432072315,0.04739556994663488,0.5889333086676752,-1.050767128107958
-0.20977246304257893,-1.8229405074407994,-0.02099380920088675,0.1505839296001391,-0.4120118515562952,0.2589829600200113
-0.0675725056922394,-0.5391992041262277,-1.0477781914676798,-0.001353929517297492,-0.6359588798455078,0.2671946678383971
1.6033708656073937,-0.8430754124143378,0.37594052402911254,0.6936269539905359,-0.5487146594857047,0.20857397374723763
2.2813304065718656,-0.5076763802233163,0.8799628440224494,1.4367907208392119,-0.1348454561102483,1.8179266150041757
-1.5747477257304787,0.4755746630418885,-0.9971641641646681,-0.2660627096329531,-0.9972103562139666,-1.2569748404777246
1.204300955623929,-2.2233085093467135,-0.6559252880554501,-0.8739413583416153,-0.3270667338152729,-1.3032243210416257
0.535251848656477,0.23168397770471588,0.18813474171881062,0.10797806679560937,-0.22838930674094354,-0.6061395574695829
0.01871826354225571,2.659887963014627,-0.35885558697018066,-1.249877156367143,-1.3426916636072181,-0.685541691036232
0.980770282409014,-0.6396240882567757,-0.11722340721104645,0.664937257920301,0.1827648388804182,0.6379848260428286
-0.9266284809223025,-0.017926855011224464,-0.6041196452728211,-0.2984954186050145,-0.7686539837888822,1.0843886323987424
0.13210558296861843,1.4928063673045318,1.2527194006566893,0.8174473396262525,1.141529766826763,-0.4947122096177174
-0.6532282049273677,-0.8168939926201957,-0.7787024705110627,-1.4536361629314565,-1.374920511804254,-1.8258279732845228
-0.23091024748091069,1.2919496607085508,-0.8141963032709232,-0.21040853854950006,-0.5083348974776131,-0.16139049907528047
1.6585197663559113,-0.5264232537859869,0.6640764462933244,-0.05100085115624541,-0.6711248150940106,0.05255492073203453
0.5055776023972175,0.9896264860415858,1.5279118057741545,1.637888451567842,2.214242195253524,2.7199906018127673
-0.39539904089687705,-0.5062824420091572,-0.37520905825769096,-0.344395179670224,-0.37607468562023594,-0.6654148182836246
-1.0246383290743968,-1.3407570225871515,-0.6182669560039561,-0.38593045102825313,0.01887771852990342,-1.9274164065250605
0.829032139628804,0.7072113483223077,1.0727458909946785,-0.3936687036763139,0.41439958064753074,0.0598606629529321
-0.13344340305276176,1.3346347754364274,0.12039619102074973,1.1655511401572982,2.339160046101978,-0.591668719507016
-1.2458161939035544,1.705889766357717,-0.4627982791968855,-0.45336848694912646,0.07717147292742878,0.10953941537006477
0.8198518465784735,1.2413366254151594,1.1821210654415277,1.7441839985202516,2.8252213442298966,1.216096047048219
-1.17702093240042,0.9803969452352985,-0.37791460639574925,-0.17396214960480996,1.0484483676084508,-0.7161575591496253
0.384000834353576,-0.12246138784945954,0.5631188459015022,0.7695104505621658,0.7937143319466823,0.19648917775845134
0.496813859366006,0.5567406726029537,-0.15732069544582417,-1.4865007673977726,0.3000529059744988,-1.1808226187284967
0.06713487488571494,-0.16227331572718937,0.6385636411525254,0.6237085901844703,1.1656794827624983,0.6092069874460291
1.2447618170840018,-2.348690789814284,-1.5890387130453734,-0.24616408368958823,-0.06152845623915517,-0.2543620903092286
-0.5818660368671463,0.3265914244086233,-1.3596092393447312,-0.6360000013565772,-1.0865312857274338,-0.907456387801046
-0.6234313525166365,-2.0238837377254306,-0.993783941064359,-0.799256169128112,-1.2432278074593273,-0.014937495647805063
0.5182291871017349,0.2532669701427505,0.8779977898801611,0.5091160475337391,-0.49718671840987827,1.759446197681197
0.4727476994073577,1.072179010746267,1.620313320909434,1.9103532164613042,1.4307790287150017,0.5580299156297422
1.0644219899680183,0.8220596481702989,1.2719984030212739,0.6882519304242043,1.5741158351325428,-0.20278533802045268
0.04887796807712579,-0.1157995812052138,-0.2149705657010913,-1.1263217006256632,-0.3315737321378788,-0.9697620491698375
0.43078216703610817,1.1127456986792994,0.5570802491237032,0.5440077889426248,1.8181051592861113,0.3385950294585709
1.5325329721667516,-0.1865280067357657,1.212502725101209,0.5980703404166254,-0.4977101329521868,-0.018309121320389917
-0.9201211355682638,-0.06088240164032729,-1.5889405427186676,0.14855131566380944,-0.343388282004553,-0.36494630573366516
-0.4788853393475327,0.2653704160777288,-0.035647228271686135,-0.3132096207396222,-0.24127477068565822,-0.025309086651714302
0.8728134554888861,0.23358105971337143,1.0182782403249102,-0.04987863070001903,-1.0556604764935944,-0.7191356254298511
-0.6048968434467547,0.06590032666030514,-0.7758403401690618,-0.7288491690491106,-0.6122232892758706,0.23240343522901927
-1.0997445705025055,2.187623181229717,-1.0700611164034626,-1.0432330335144433,-0.152920362234078,-0.2705464760912215
-0.7807937767323586,-0.39817817487895296,-0.8223402303788343,0.05096349864541908,0.5398542103387288,-0.5239078189832373
0.07180800677658543,1.2578415732086774,0.989107096041,1.7949260633716362,1.7828545776536213,0.982861460571132
1.0392473754021834,1.1866252990461374,1.5161820142587197,0.3844077557461861,0.5715489239154693,-0.15125417436452088
0.4346700017368388,-2.3051325113410845,-0.1879032369120647,-0.48138061356834116,-0.031531168008072735,0.5854266803228242
0.9053955894676466,-0.6075259353577529,0.21958711136603204,0.2819762686732166,0.13607234284775013,-0.00028924225674171615
1.1367584869859266,0.2232482374454539,1.8074781390596337,0.5464806394865359,0.5748074421232858,-0.09287389770572052
0.7296074496068433,-0.8137031560711234,0.14591143394919223,0.4198265093713605,0.019064473939684225,0.6696090805876922
0.40997692166418936,0.321382364854398,0.5410100000317594,0.129099653597811,0.889828322545346,-0.9390103197061792
-0.3800939279293302,-0.03386873658778374,0.4058109508134406,-0.6844402100212932,0.18544338793672963,0.2910233942863279
0.2890847745685635,-2.1145521254176223,-0.04909115176087215,-0.6479495537331775,0.3028029668270261,-0.10349529082292354
1.4425659055792746,1.9581974376010531,2.539220413425978,2.6449816190604425,2.466560195410135,3.2123345732488535
1.512464291958154,1.3504797990438866,3.097554427865957,2.7485926653710258,2.8629324063785555,2.457466632835856
0.6970125604871558,-0.5261172887194532,0.9009087155937812,0.4930805830512626,-0.029518323413490134,0.3796923783885848
-0.37533127328082966,-1.0899917557585876,-0.2718478813804381,0.5066148955558953,0.5959285670366911,-0.03773629532215879
-0.19482080447507039,-0.7814805260453849,-0.5668419697872039,-0.2669627491267622,-0.5945887492566299,0.9408898101079255
0.007284698218313097,-0.13708208393296623,0.48179185439052946,-0.46797484051195776,0.3310050838076676,-1.2822784659321858
1.3172450516557332,0.22694107454551957,1.824218282071373,1.6455459390728648,0.2633551154981124,2.7537971822496994
2.0901049946439336,0.6043383012451559,1.6077695048181369,1.634537435366673,1.9739428253279434,1.3831504562331451
1.3492752340317788,-1.0480429546841825,-0.8345650549650276,-1.155808255750948,-1.5151009449531585,-0.29563714007297653
-2.0027824672650403,2.577686004733787,-1.9607811550605807,0.4520631453999753,1.1129509262101083,-0.07088403854439233
0.3313867276708481,2.35919853530219,0.2584656337823953,0.5591106493853394,1.030683365259626,0.6336171115722462
0.1336636853570441,-0.4274162682060067,-0.640999353544423,-0.20495972982230232,-0.9472679134060392,-0.9342139180700751
-0.30222364572711763,-0.9213640755312837,-1.3774484924672084,-0.24435122532426753,-0.2969889397314725,-0.13740927675819528
1.3928789196442708,-1.135485687802077,-0.5384561208689995,-1.7547677969921867,-1.1559094670962615,0.3707732443580842
-0.4397952113993179,0.5701378424002546,-0.8014748643622013,-0.04400472564532936,0.33035885538475174,-0.2850365812956444
-0.9302662838579137,0.3727244111250498,-0.1104263949178088,-0.7674220711463635,-1.4760498004333744,-0.38187226547847936
-0.4633481530223907,-0.5261710863622753,-0.4795347827350517,-1.0896735092146232,-1.29233661552489,-0.23084812413171144
1.8675699513142296,-0.7369728066303136,-0.5523501690981172,-0.7637093747056555,-1.3221179936958265,-0.046132333687505654
1.3511251295691427,-0.96522506701058,-0.046694850255951874,-1.1384851737710417,-0.9415661064328265,-0.7361754410255864
0.6854112081188041,0.9812125460266015,1.1092689463022167,-0.07155343184883685,0.5867469020935021,-1.2960975381198285
0.6209889365834046,1.6427436943944551,0.6404128128585822,0.1533430596692972,0.7473516980331184,-0.0936992009689193
-0.2195468765029475,-0.7120319503175909,0.17716652272254574,-0.8201852181819084,-1.1879698614976504,0.6721417234311609
-1.329882473731211,-0.9428282188476531,-1.0927075555929833,-0.6562782691989065,-0.1888855755945902,-0.49716103059560773
0.08429555035596421,-0.298422066918602,0.4911725753948379,-0.5485683843786718,-1.057754798561363,-1.1305702768404613
0.35362528714705294,-1.1336731717412174,-0.3042267090737173,-0.7686426468279188,-0.21436291814452507,-1.0215548969875623
-1.2768733525182279,0.2311227779880875,-0.24423220248930452,-0.597111781328308,0.8879043108016486,-0.3078450519756078
-0.6579696565275445,-0.3005654346569254,-0.3940686625574985,0.0820319605849988,1.0127323074680745,0.7400141799481217
1.4426901710959918,-0.1120835650557688,0.21964540584455347,-0.4788145429476175,-0.6018224661040282,-0.7928111988333482
0.7639167041265693,0.4137991333607544,-0.23327208793792725,-0.4437572579489627,-0.470295055024817,-0.01944187701654507
-0.8064672859903571,-1.0037467906806683,-0.2748514372723707,-0.8692380317711255,-0.650043511273754,-0.9968775178607429
0.12363295344913107,-1.4308201622434875,-0.6840184650708643,0.5176791347615908,-1.320269097226175,1.2152442261703458
-0.8150028989431052,0.9139671340241597,-0.7476939052196605,-1.0663823227095857,-1.217214988056239,-0.8416156191059657
0.370307919253831,0.5399590168233667,0.37051867744131645,0.015927220187215086,0.08164834282258569,-0.810248773612142
-1.5094634000753868,-0.25982172677694787,-1.8685034634805482,-0.8634336777712495,-0.6297974963041565,0.9726172045866969
-0.5414604433693135,-1.3092570817290083,-0.9705250352336976,-0.5597446132509915,-0.7039050147355712,-0.5293875486863386
-0.964192477127609,0.5887348179723829,-1.3054540333237932,-0.42994724536209306,-0.7649745114641535,0.6091431295015788
0.23137279081583562,0.13609336312904768,0.31861929007640316,0.24799274614137648,0.40594216060829513,-1.4203769713632162
1.1926135335397154,1.0669940154639126,2.2074535139792943,1.9884842221581487,2.898244156504245,2.139979850039156
2.115533421227972,0.5768510586162674,2.5088541765425685,1.1064952468246916,0.2825691551173495,2.5303769542106016
-0.4351022671202091,-1.2571862643516278,0.5388320124220222,-0.6184162938875684,-0.5819485854686862,-1.0874444140526405
-1.45469369181351,1.4314819672589492,-0.28995314070595424,-1.1137925380737246,0.08288875861104489,0.8496028966252681
-0.29954568589170116,2.506875356523496,0.7416743125493823,0.3184092399341928,0.5305980806365073,-1.998734026996561
1.5289578489278306,1.380005990571364,2.1457837370922923,1.9146957039405115,2.969567513579303,1.1497894079806106
-0.7632309770500528,-0.1569526243954102,-1.1699174471957698,-0.9783280450042937,-0.4295149568899794,-0.39708521254148454
1.0682243093422008,0.507063703234952,1.6861580112859857,1.4789565401079854,0.7053067365515303,1.9181196117066035
-0.705771502061505,0.24723977314448436,0.015970351596372577,-0.19170020394603227,0.7788665661177928,-1.6668783379683296
-1.0122639526097152,0.6607382555035742,0.5302394081783177,0.48276170671832724,0.3168431151782902,0.02386385452280168
-0.7515349796936861,-0.25709793302798145,-1.0971501608356935,0.41838659811315565,0.6007881573019005,1.1796910866943289
0.15074114534433652,-2.0266222335773443,-1.2290986875725542,-0.4918146606315617,0.14344777692233415,-0.7496407472467396
0.2025502335662682,-0.7149810097161302,-0.025139861441243857,-0.8566494473003907,-0.3415607269092431,-1.4397623876249381
0.3374186449020958,0.4664830828119641,0.24002122277715812,-0.8922696103387542,-0.1676681808396475,-0.10564564888652798
0.012044619996748385,0.06698235392674154,0.6221042102929096,1.3254438703530493,1.0400349007359468,2.849820631238952
0.5871971741065051,0.2787925398368419,-0.11412574816943741,-0.9365555139877527,-1.7283402825380723,0.06530340859821132
-0.29518873226385695,0.18882353569952054,-0.6643273683764841,-1.2687314421434057,-0.7976611594832352,-0.4241435349868103
0.8070383671471015,0.511201565651038,2.255364385003236,1.6521703704382178,0.8892893913155014,0.11945150551164985
0.9349627224915665,1.200178326737603,1.8502419062327256,0.9502859481326704,0.9777856444419405,0.5423406068014339
0.23249282833118537,0.7463254277534804,0.275209837666502,-0.6688263567983476,-0.1339127951010661,-1.1238274410808027
-0.6104481945733475,2.575747024514985,0.17744906822875683,0.6975871940554677,0.8442228489783627,0.5319279405951961
-0.8427512069629141,0.876955290741567,0.08247651312904927,0.7086978926886993,0.6472608170969884,-0.108474268451566
0.45092881574039345,0.6159329559835566,0.27300118081221064,0.252968715526877,0.6526859939968113,0.5345230400273057
0.11758834765036798,-0.1565368629527127,-0.4589651666078825,-1.3135030442320772,-1.5917681305495575,-2.5018186679385273
-2.49707655811724,1.3718585185027365,-1.4075843298138269,-0.5667633901551546,-0.4267357314539971,1.0877883939474968
-1.1755316329083583,1.7333675088549472,0.0376444326190117,-0.175960780465367,0.29947409503139993,-0.6836778921463426
-0.4328193285611056,-0.38560765232541194,0.15752039771025714,-0.21229490012361096,-0.1128016951738396,-0.920575693053061
-0.8638014051376409,-0.7699411725749398,-1.2972746771122485,-1.1027483340417037,-0.2851554694606299,-1.0519057798168299
0.5309461573761991,-0.1258649688092329,0.18171356661912832,-0.23024511224693625,0.3279859129048551,1.3024687305653633
-0.5903758334659678,0.41289698228341487,0.21249992259552888,0.4544009127000931,-0.7849281308091353,0.6630895729141097
-0.7804604623675951,0.41415100961860946,0.5476042007724229,0.6773681533609676,0.8339118719236268,0.6217810311071562
2.0826871606775916,-1.0685693315214069,-1.6838480545899683,-1.1404868310084448,-1.5598916403135956,-1.156867334500643
-0.8336874796786162,-0.802673482806554,-1.678362346237009,-0.013430333969170245,-0.9138387630921577,-0.7642831550726255
0.06040169215687443,1.4074161742274272,0.4145886775750263,-0.26887588141944857,1.082374853876443,0.28083888595844303
-0.6335685000108423,0.008526599669051246,-1.5374918173127197,-0.6158589069086619,-0.8686932086157001,1.2886616546958476
-0.26733028498948835,-1.8151690775932712,-0.8241743742701354,0.2869579980220795,-0.8330933286937278,-0.3922665672560593
-0.567386596016972,-0.031076574982659942,-0.2945652085260575,-1.5876636597454306,-0.6384141817781299,-1.5679423333887101
0.1431856764997546,-1.9460886373882293,-0.75165760319688,-1.4580098075328227,-1.7161937694321598,0.29392729979566823
0.26867548759759113,0.7690132928146188,0.8920511274482648,-0.02540635265719802,1.5377573594154188,-1.0320673799672486
1.1552579581419737,-0.09311876187693877,0.9248946648391506,1.1057312587223906,0.9625036879068684,0.8775914242205924
-0.5790082718105984,-0.8105476481721327,-0.19834510305839434,-0.412049742620485,-0.7724084465533851,0.7009666330938135
1.225407750551768,-0.4754426635329147,0.7647760672588373,0.5222272608792801,-0.09413583750492141,0.029672761563533313
-2.2263115531479625,0.8665689324711116,-1.3383024513877857,-1.1102586331177384,-0.4206211317887593,-1.263012373811312
1.1844054897622858,-0.42672614804721204,1.3232310860548493,2.0822514178035623,1.3331896144549926,-0.05309412468748272
-1.2084857557503335,-0.16237559391937723,-0.3407225756435326,-0.3811218545746029,0.22411795890851183,-1.98243931281142
-0.4210611737695069,0.2389104823856011,0.035354763157622406,-0.23907438405225354,0.39133587218310667,0.1557881590867787
1.325446773448362,-0.38049954463598257,1.1602304602161462,1.7341498830486666,1.4103487603052338,0.19260538153441692
1.8454203185515003,0.3225836301916927,2.393448199275633,1.5276376916402903,1.5126632598730527,1.3905774641491282
0.6541580043249685,-0.2225263169263349,0.13998666124504056,-0.6248697380559106,-1.2805342002844726,-0.9139481934533716
1.070527534423108,1.475388076939122,1.2799191616939571,1.4426264547617242,2.379449467631963,0.948367338109924
-0.20887300332899408,3.2206470260202296,0.007792917400615152,0.3538680526280071,-0.22864935708308118,-0.24228875249922674
2.5658986601253027,0.44980077417817305,0.04212377698683952,0.17458040294244873,-0.12386277083561356,0.9939631072230347
-1.8204604482920015,1.3165001511157544,-0.37279153194373216,-0.6118595081194508,0.1931378583145854,0.3128055029468522
1.4096970573333163,0.3153838168525333,0.5511225916802707,0.31710562220557126,0.14932542581457212,0.7967096243486421
-0.8622217976400895,-2.189973388194248,-1.4949767868353805,-1.0810131645409067,-0.8740500978669957,0.6059379700726294
0.4614051321403098,1.539571214613652,1.9396770406278883,1.1992994721747567,1.1278856367085899,-0.4565941453901615
1.2445115550350714,-0.3011098969344631,1.0216923611786195,1.548252365901002,0.12371382171306626,2.0457954091725186
-0.5896434294995346,1.047411715645207,-0.601034940331085,-0.9850678352857427,0.11260984479222344,-1.830547050581058
1.3790333301333206,-0.6663203048244111,0.12644597533825547,-0.569875035604901,-0.45072240656695,0.40115143740993076
0.8103324379150905,2.0868838026415957,2.0211095988321794,2.431791333207422,3.6068837992985388,1.9603249262725129
0.3296068670147684,-1.3141361500782682,0.09504668059129469,-0.5335602175538313,-1.4584177487485515,-0.3565702318001699
1.1748847114828203,0.855635354886633,1.4646746599494607,1.0281353653676586,1.1041245666595785,2.381967777212191
1.6439210229528531,-0.6461863812465082,0.26109077343467213,-0.017992985600176366,-0.707292639073817,-0.7125647259516391
0.8666451750302465,-0.12328999180573753,0.34584111076106544,1.3908884245014936,-0.3412276179458621,1.3120285851434583
-0.5605226351768173,-1.1660133964781696,-1.4821879242642193,-1.1329659736640052,-2.418583304606769,-1.3205695730267653
0.7893436760535341,0.8944370828180804,0.5317638761712553,0.9903101249170071,1.2034712815115867,0.7082691308561432
0.17703440295693007,1.3486344043215819,1.779712386904906,0.6824809186551027,0.8977861746388749,-1.1411774119292273
-1.3968835815433238,1.3275037920373058,-0.6003048572447932,0.15357483535821456,1.5432092230462773,-1.0591390670601908
0.19817642763970114,-1.0911317156869051,-1.0095174082913367,-1.178563356434791,-0.7743798992446753,0.7707768715146918
0.27668854813132454,0.19585331015373234,0.8579374462029733,0.1542306785765919,0.9093698087863278,-0.8559585477215026
-0.9867099518273124,0.5322955872913485,0.3696327755118341,0.7502217016246631,0.6130686881807585,0.1290177619295486
-0.2561861624742075,0.28438297196864665,0.4359574523615903,0.6624176064396158,0.6507355716030443,-0.529339711913566
-1.6862228098027443,-1.2203652760156651,-1.0074322343745756,-0.08662597573382941,-0.3978146585373782,0.09193299868841623
-0.06410429610904159,-0.7896833760217252,-0.6335038877308536,-0.006836226971858984,0.030981904259423137,0.5989778474863405
-0.7637509569975576,0.28632175897878387,0.03359413599857227,-0.10434237881677652,-0.6478281612884079,0.8361639314722544
-1.443909622105735,-0.7812393256568311,0.14505114982562953,0.8929574410131964,0.1724234319967478,1.7589095097678318
0.8131111502878284,1.610730018255678,1.2688060602912807,2.0019190884383997,2.0307427112952636,0.059982767716657975
-0.4680204086482308,-0.07943155223893211,-0.850611212618257,-0.30592785643828563,-0.24746696503417506,-0.14021346714539953
-1.975836698525644,-0.8857474718383358,-1.4360468883161945,0.19590770351530978,0.10011205743415433,0.015134104549550309
0.3242532320811639,-0.6714133622846751,0.10272640418609788,-0.3504001835044397,-0.07487750407134311,-0.5518903405664997
-2.190144019196336,0.12647914295569967,-1.3228185116995446,-0.8301989459162937,0.3826571587177447,-1.720805652309008
-1.5830092094090034,1.1456941775770195,-0.6247924851110449,-0.35878721924217927,0.06731351541618448,-0.974550355019749
-0.012470576327581142,0.5412662092963275,-0.493936462640355,0.1039551391329398,0.658178801075194,0.32368571398322626
-0.5108986014538623,-0.5259134441356936,-0.7537019030986213,-0.37148035952659947,-0.4913141615351601,0.2700618784731122
0.23947571540576845,0.33617150755497016,1.5287442855915225,1.3123038195688848,0.5667082744910111,1.3408445293424138
-0.20351047337803344,0.29537910265840933,1.2985176986992384,1.2871502896709557,0.5294192077659121,0.8039759324862078
-0.41538359407024356,2.178798335421919,0.08366392104892217,0.556573113241595,1.3152785014283301,-0.5065093974832188
0.48757277202247323,-0.3423002768940538,0.05799371822620855,0.51221534654326,0.28067818533135236,0.46231646995507003
-0.6127320644967474,-0.2610873827346889,-1.0842700810077326,-0.3766091848247667,-0.5366970852664675,-0.4312069897615628
-1.073581565999084,1.4653898506509595,-0.9711808518406992,-0.9210530024447813,0.023009968007381885,0.7814110855456567
-0.4900411405268035,0.0449799259100822,0.0011335281810700194,-1.3670692912927016,-0.8279765722888124,-0.015804791254366086
0.5261292995012369,-0.4331082135453854,0.4409004159586676,-0.45913736251290177,-0.889698566538146,1.1073344520274233
1.1293097504074245,0.1910115102159238,1.32312884050669,1.263601879831803,0.37046949370320575,1.0040297706364874
-0.664894417629439,0.09653676275200919,-0.6033583037516582,0.28752272805473567,-0.607982034220008,0.6036357464856241
-1.3709475637830444,-0.17464380515090297,-0.08850726253585367,-0.6263000977248863,0.14705826405652664,0.09308689307943437
0.09609002716078419,-1.085701814627419,-0.7366337747928137,0.018496910812827935,-0.5894737509305871,-0.7393110331630062
1.6329011796838544,-0.39390361951855835,-0.49579851743718795,-1.0604663468137001,-0.7959612163864874,-1.75063232282253
0.7390103077545636,-0.7436543381287117,-0.18560537510857977,-0.6476227385443996,-0.81944834916166,-0.7275087743105163
1.3753784110309084,0.4427045045527501,1.5594647561209303,1.604665128686022,0.9228893466092629,1.896926024337056
0.1819424033278686,-0.9153308635928806,0.47624717600425776,-0.15325775489129018,-0.10771089118510442,-0.9069841176148792
1.1482380932143454,-1.726337504405629,-0.2567546087007251,0.2597538241802721,0.09726301732449093,-0.33325440876561746
0.9697670458110602,-0.9167250373705,0.44812061118690055,0.2656961702586148,-0.5140683026400602,0.09959326619125859
0.6454045534875372,0.0776403441032984,0.05483320707555863,-0.540989462747722,-0.024574783282838682,0.6450597552696737
0.9857990161667146,0.08520190440525635,0.958191383598501,0.9628341158331438,0.815442907185945,-0.03400966200938071
-0.5155863179473491,-1.9767112298167009,-1.1543376653623263,-0.9254643844264919,-1.8139571212553023,-0.4296655904895719
1.0161700767980162,-0.430753553702582,0.4133019047764803,0.061146828124260845,1.4708039100648096,-0.7065637078085869
-1.4918376535864772,0.4304320485104196,-0.2033245046003884,-1.0541177459386586,1.3964819114932019,-0.5843250836230589
-0.9685455411860505,-0.4316957478777696,-1.1070252302087726,-1.3066164664924895,-1.4737375807965636,0.18146211704652254
-0.49881334570242836,-1.121694710371153,0.03743113414432048,0.29382228070701516,-0.34491463912329434,-0.6534007373963051
0.2630079302884473,-0.962565700116983,-1.1439290691142578,-2.0471251634978875,-0.3918971175902224,-0.18678270010488976
0.4515436051004818,-2.8784488011447364,-1.559657304065671,-0.2564738894970994,0.10712656519186807,0.7584656287500422
0.5378787297484442,-0.39586513346474267,0.19179516250041104,-0.7213437965580435,-0.480742689082281,-1.2676791030195058
-0.7856202748438504,-0.23739631604264627,-0.5146776172841219,0.1377554750884819,-0.5948713335755527,-0.3598026084850618
-0.10477543512708633,-0.5400027170874251,-0.3817621343605848,-0.41965680921215054,-1.6824605564360016,-0.7265231486848907
0.10674590020550138,-1.0284298308913495,-1.001576121297754,-2.425980921938561,-0.6912794079887363,-0.10753645391397937
-1.2771496037503618,-0.1901546182147433,-0.5619280771124636,-1.6471527950110438,0.23598331087637173,-0.1488803204367357
1.7463419897241728,1.868838134366032,2.6747320693647163,2.756177653247686,3.3994366102829376,0.7220533172816263
-0.17806979186017197,-0.5897245634417487,0.2570880038117703,0.04551387211366722,-0.2422133137588921,-0.3390704592144746
0.2989796578347433,-2.478015556202974,-0.8111102751840145,-0.5014544068832438,-0.203946971107296,-0.08599980924780526
-0.9551658341644569,-0.18298992350857432,0.07469306007348052,-0.39019038292374697,0.033631907432718905,0.06805600265604313
0.17144659988290267,-0.08415444118933722,0.9406679027389719,-0.4028019199295065,0.22453941931794072,-0.7717991671156507
-1.0773212991557337,0.31018477553286183,-0.6269596639666775,0.5065275613897822,1.515542764416131,-0.4055378029444828
0.9575104334015202,0.6688758992752124,1.0035921578963225,0.5096848741630284,0.12149699996059403,-0.05000293713418715
-0.3491921645018795,-0.5106843054257203,0.38308175613360324,-0.19338669974225428,0.15656270290740235,0.6776282229575395
-2.237932403374183,-0.7635203468068587,-0.4280801244208949,-0.43006200005348216,-1.0461338238604605,-0.9190621215492009
-1.020326783147927,-2.5671603961501037,-1.087516285995325,-0.25827211350156304,0.35906890039933487,-1.7415060444495039
0.42106425081998156,0.8911807580903469,0.32704582317708847,-0.3369892201693744,0.43357860326400355,-0.1514266335100711
0.8832644513383415,1.011834254905236,2.3691130949649306,2.4212267256204165,2.747368314955418,1.3850579960975786
-0.32856159054834255,-1.2591713097233246,-1.0192592405951084,-0.6376014689258859,-0.6227036694012625,-0.025080755515765225
-0.7416688733384795,-0.8995944308321716,-0.2060732155674807,0.22669744909214654,0.42325695465046137,0.5299855360267663
0.2106495320004198,-0.02964607604757902,0.13786314079221046,0.3371811693185373,1.4353727130153375,-0.1093776170052268
-0.19643621043784537,-0.21157001402194073,0.8644727992908913,0.2460080575290951,0.8538518597400744,0.7030999702544963
-1.4847000264686903,-0.33339503768033796,-1.1637103027642997,0.0012872381998471813,-0.19222644106117703,-1.275512575846306
-0.03952680079720662,0.8410226106786962,0.0971017315626117,0.15700514731331078,0.009332053373495736,-0.5850653624438037
-2.1341531509351257,-0.10413409789370111,-0.06886205619111395,-0.691348029021657,0.15054327567603482,0.25283132485512017
-0.6662269166939024,1.6986207852067785,-0.40341831527603983,-0.38137679180451445,0.272507269683043,-1.27107747054823
-1.9710018744456126,-0.41654326304142014,-0.31663879534938577,-0.22258494538417278,-0.634823974346326,-1.0708860194863838
-0.19216845617544037,-0.39721397369550526,-0.6105417869986279,-0.5955878636628977,0.4471511738275314,0.10570130888549173
-1.1802851440718745,-0.6889574975091486,-0.4049553814041578,-1.2027571824151149,-0.9843623992464475,-1.5199745364132045
-0.2448785790157423,1.2796411218846513,0.11846481353656665,1.3704291388471426,2.9070075857295223,1.2512917118090796
0.5485809701089162,0.3442242395788695,1.3733513602922618,0.8785374164477354,1.0703529189614944,-0.05335512942985055
-1.6270202281005333,0.3854844101135271,-1.345655979450781,0.5878194071647969,0.3433311446485309,0.04865064213690104
-0.46110345315908496,-1.229936726688313,0.5505931252384504,0.6237499456057192,-0.81478730279424,0.20072675287725705
-2.004926225845918,0.020730275907665723,-1.3094543729994406,0.029683530980492315,-0.4319100178305214,-0.7437197372449309
0.4629685763599236,0.47535680062427044,1.042158711838666,0.6495995034577874,0.23710095021649835,0.6218941416233206
-0.41526907010955605,0.9973591512797846,-0.6214890907002999,-0.848217871489094,-0.6832646521023273,-1.7343709368809064
-1.2415632317604552,1.4271125416001136,-1.0589377008716931,-0.8987835170878763,0.4122633025444193,-1.657631686325455
0.9515569999854149,0.5368646136396454,1.5045485314180913,0.3562790956859817,-0.05642228722750822,0.375924497847508
-0.10184956700126489,1.5001107054354172,0.15313964343379094,0.4209419023668568,1.2105867850655925,0.4159514599825883
0.2078907656806897,0.609956653493956,1.0067895871352681,0.829573136537941,0.3836199195703805,0.4602525573519008
0.028825699100757628,-0.6343989015138671,-0.21581737988175578,-0.18090804804527108,-0.20576890482549912,-0.6566828775723837
-0.2922828156986078,-0.13022355968842966,0.5232049547226945,-0.6058609150809785,-0.32744258299981,-1.7856302735080336
0.9890049405123922,1.2974144170128101,2.4970593576771516,2.2373291727697526,2.5504864880507245,2.164606323541229
-0.04587649297722067,-1.4730095442236104,-1.3382825103204734,-0.28755502491022744,-0.6221974840010092,-0.3510866746864016
-0.7976394953204509,-0.4663659925650063,-0.3397747690321272,0.34050284043576584,-0.7851851571806975,-0.08878963098767402
0.531111016921632,-0.4267676300779818,0.15380242976800906,-0.22682654145658665,0.05366688829405065,0.36695869189540326
0.37849266187519176,-0.6281141464580093,-1.0350761408043299,-1.8039514796445626,-1.1712999493494056,-0.3501439790774557
-0.13818687613234304,0.24848919256541774,0.15474469979734634,-0.8268167377068787,-0.8579428952697877,-0.11293190658298972
0.21374829065147,1.0723638180650057,0.92354327535619,0.20271187319398226,-0.03426439863082755,0.013801018764907198
-1.2407675624628418,-0.591629029895173,0.4454087966201149,0.6013654007156479,-1.2836658704489092,-0.5603310698626063
1.152963191678805,0.17498839414278997,1.4508408597187572,1.5446866338066412,0.6670315666872423,0.809793927963128
0.9629291671886997,-1.8729185253786609,-0.35132281574195257,-1.4600552477788062,-1.1246554267820874,-1.1201479412953754
0.1926126660222678,0.3247636895158958,0.6720438049919193,-0.49179522631122347,0.5478201180226935,-0.28387875452003514
0.7175404384695067,0.804624996536814,1.8514588578872209,1.3202674733607647,1.6973099662608762,0.684989153003637
2.379156042991303,0.35091175598404317,1.0243330613438248,0.20050493720923213,-0.2334225516071424,0.34368485425238077
-1.3207136139327322,0.5296343173829785,-0.5846740782139761,-0.8720689088221686,-0.6003206979177439,-0.18007104798745038
-0.05493358225701673,-1.0750064207175447,-1.0780853639142762,-0.8890735867421021,-1.2210374317581094,-1.4696050609397244
0.060653901256992125,1.2261119674948646,0.8424945080764771,0.034426760365078565,0.3644664167017149,1.5725387226157732
-0.45494133094245,0.7223444850352273,-0.8608892861028394,-0.7630345709417347,-0.6457949491082965,-1.2598971280921634
-2.0756563606392335,2.232957116311685,-0.3667796175828442,0.12500502595465782,0.7760486928364998,0.38944225007624894
0.8340056822012306,0.1822047491333756,0.8105894668395391,1.0377578931916895,-0.1416188813221104,0.7542433164019428
-1.2378865111755961,0.6171600680968545,-0.7509211782701695,-0.883403726228649,-0.11612028972486452,0.06788576933600216
-0.7585276645305202,-0.42537260192984033,-0.26065811076783274,0.5311635493188819,0.35225208667968544,0.4954055417932052
-0.7428143023837962,-1.966674128648648,-0.9118208523805986,-0.5289262839520619,-0.32411916450021455,0.16645070106637944
1.4101096538465199,0.1417500380593981,1.5090908482709413,1.6361254347714256,1.4300189706068736,0.6238814482485803
-0.7341782936832584,-0.5424649534219466,-0.47331849955761657,-0.4688247127220847,-0.7761522114079236,-0.9285555773038128
0.4928811083556976,0.10471152123524548,0.8024465024346915,0.11707460094375373,-0.2476085315142127,0.8609362669818471
-1.358467467570575,0.4516231826175031,0.26428404378944204,-0.17742322010199865,0.700670163242454,-0.8202752285751641
0.00032765241347241895,0.5369114886592465,0.9212855905487634,-0.3844174494742086,0.5337578067867318,-2.084081305481054
-1.0710471300498907,0.36385652550835373,-0.531332312780762,-0.5136720138030187,0.11516470353094076,-0.24490314056737808
-1.5246526301375913,0.6397529344808889,-1.5579542905443282,-0.3412289079255004,0.7053511320566574,-0.3502528760047304
-0.011530157838724912,0.0647475614661357,-0.43760559003474303,-0.11193602796807993,-0.6722888570674912,-1.588552850301986
0.1092102001590965,0.18003502727987458,0.22339726470670165,1.1574255533039859,0.3761408487307907,0.18312691477464207
1.6201611779108243,-0.47495470100722,0.30376130175894567,-0.37115755269551565,-0.6735960202707454,-0.7127273025377489
0.03149241058176799,-0.8500362603978273,-1.8377922400729994,-0.2109542594595573,-0.029453796439996946,-0.19938174720088747
-0.867819098690012,1.47027825710777,-0.857029101734289,0.25026686800388426,0.06511707636183989,0.5197459326652502
-1.118187124543001,0.4996010742121137,-0.9023279758589208,-1.3144497518052911,-1.2247831650465004,0.4333455876300113
1.967070061005343,-1.0770305037232812,-0.3471159735658332,0.8369956771987861,-1.247471214740278,0.5319898942457708
-0.7199795574140175,0.31374328663751067,-0.8122235405702044,-1.6036397786207774,-0.8514737846565413,-1.2808879056528708
0.2156417745627214,-0.600975437061221,0.882284778208484,0.4240666519016906,-0.0657603615623367,-1.003038347060911
0.7143476099184071,-0.7866918837480392,0.42987699707952853,-0.16967203940883469,-0.14726309837640378,-0.9028269692274339
-0.41360493204642285,0.06568702655542807,-0.8497425672794815,0.3616249380890524,0.29093081271148197,0.40099224767616964
-0.7702437722967546,0.9808160692315367,1.0604621810811403,0.6030950393983288,0.05759900755955639,1.8893154688134983
-1.766362397985528,1.701674395293546,-1.667119122392778,-1.1799223864855617,-1.0699441571184083,-0.6126019407388762
0.003749467494589434,0.243228119724272,-0.6788179459859814,-0.5819360874201307,-0.20378483543427992,-2.8520541278434295
2.0860165665162187,1.7894836918520434,4.149024016137464,5.895319454652672,5.0937279409596945,4.684107406326783
-0.5786492077964362,-0.9943699053401811,-0.5746698135929379,-1.1244565655320284,-0.5128353490055677,-1.3932341597651328
0.9932109275744212,-1.7622015185545148,-0.23746179124287184,-0.0441526349322562,-0.08953508918851005,-0.21043853423386458
-0.7852450561491534,-0.29231653161867993,-1.1425257451370663,-0.562856580081405,0.3049587592101884,-0.8333137749528146
0.8211473560113756,-1.223395099949941,-0.6379384378705957,-0.9081495380569513,-0.32417025474272526,-1.9251589901077135
-0.2352286030633347,-1.2939937535984611,-1.0640143894582617,0.01361108064537481,0.711951242491259,-0.415936361164179
1.6529348682901506,0.7061658379916783,2.1532249619082915,2.1297823762001404,1.8657609974226277,0.3637703276329224
0.9686795977939283,0.6225357240948025,1.725607107356262,0.7561816932444771,0.441976817501604,0.9218880553101415
-0.30084787051626466,1.0956510763875893,0.6871926884934738,0.8215100488663793,2.396254071204758,2.060718346652493
2.711823650674288,-1.894178970571548,-1.87953021190188,-0.36629492819628673,-0.8550456367080143,0.38732269804028796
-0.6625068273002435,0.9015073494465699,-0.14222817700128107,-1.3311763534216232,-0.07324607033326812,-1.7479243081942364
-1.967684691064431,-0.28911025283635455,1.4389800595258402,0.8454625179193958,-0.5511796497197453,-0.22870340254154833
-0.07001065443384925,0.9262925671897271,0.5033346278486398,-0.28766283948754623,-0.33008931760659715,-0.5399253637968908
-1.0319391148997643,1.2631216436866288,-1.0312304418151546,-1.1256109591268644,-0.698288031615517,-1.740886035180919
0.22495521159947615,-0.9474952207522209,-0.5387935120951193,-1.1314788795264,-1.4998365195649939,-0.33154527492512376
-0.6245995066066995,-1.3531763051789079,-0.7604759429034821,-0.039186058410356155,-0.3548520320966588,-1.6559357788780293
-0.21774651592399494,-0.055385032644430204,-0.34640040972507075,-0.34801065767578454,-0.1810845710557408,0.17672474925862539
-0.07696534352701705,-0.208877625533598,-0.10900705803286409,-0.013282743136766346,0.6294503248772895,0.3968906449045816
-0.19912224837228587,1.4661226498509958,-0.7852641119024325,-0.13090473774138367,0.07699966669216851,0.31095917304539633
-0.8514573147886908,-0.14892523113217998,-0.20730687330863334,-1.2448959873101464,-0.6824342025480067,-1.1887463317499483
0.02319105867848013,-0.34155104476427356,1.2540547620302251,1.5901205977400763,0.35679729303869834,0.14792092939850454
0.4896906322152935,0.6763084046693711,0.5182118513643877,0.37107597865485525,0.2898361718772316,0.7912641249930656
-0.4386989867648076,0.44638384339482606,-0.3744481375345731,-1.3259859619809902,-0.10576729834206064,-1.2352678471448089
-0.48114986782379937,0.02196539185457482,0.3029581289700201,0.23208860606242263,0.13668281030044085,0.6396479187122274
0.30451006845367196,0.261339625485254,-0.2313508827497496,-0.28070602847569676,-0.9603961010863453,0.33646206810756524
-1.3764341017848691,1.2220538685273172,-0.8809989193021003,0.1343953492851852,0.2309697740796414,-0.48628095836370505
-0.6599397658602227,1.2132355361993927,-0.49562002528949844,-0.548746960559526,-1.031126911388076,-0.8482451293887935
0.6925507319884471,-0.051504827857237805,0.5812249519565226,0.2617601496785562,-0.18148182082113012,-0.18472642026501665
-0.20957857694500992,-1.4016700082824471,-0.18584398934732008,0.27674739062982684,-0.4077124445561926,0.05456390386917795
-0.22129701126073043,-1.0669556537583356,-0.7264332150360648,-1.3676975637851891,-0.8335239280322004,-1.241974034422148
2.729829165594542,-1.0373505753135384,-1.7043273158090348,-0.2260150105393197,0.5618637003831566,-0.10283338673447487
0.07724391816106779,0.3677306835108909,-0.043997971619290775,0.5299903734192642,-0.20908757609011394,1.9746341019669265
-0.25199333753163466,-1.3759755970948582,-1.128103251080427,-0.5875757241877225,-1.1839341141478488,-0.7048163922597481
-0.7739985994249815,-1.080401606268723,0.7360015117574472,1.0254150603010599,-0.10001708425485553,0.43741731760674135
0.0556646062735246,2.0878110251113258,0.01881324818360622,-0.12451566810330815,0.3852450353053182,0.06557966148699006
-3.0510166393179405,0.599896162455812,0.1827879881885892,-0.07574031368950326,-0.4889534800685159,0.13072711555673164
-1.980104232155263,0.24300620780793322,-0.9558777538733967,-0.7501659995592349,-1.0485945355480826,1.1115505078216086
0.774375283296614,0.5917593985618501,0.3148283094470952,0.34286044120898285,0.574098605922278,-0.7685463289148515
0.05430342559185351,-0.04742752181483884,0.14161381383665883,-0.888434900571058,-0.5503730891886139,-0.6317563586210256
1.1486984734270915,0.4876468504589535,1.3311469602535948,1.2187509238132745,2.977477422351719,1.236579211022424
-0.5084545009375311,0.3649282781521633,0.32497126437955776,-0.7805175667800043,-0.16539095133793677,-1.1115699484958015
0.9874713404464168,0.23907488512058664,2.257402420670428,2.551919727660678,0.9964349974549217,2.2969565223044945
0.2523330113241929,0.40784204686628917,0.551956774350098,0.4728421490510221,1.3119280720724338,0.12172040669190119
2.5258489400604427,-0.22295424223845078,0.5367898918340316,0.1550664669343828,0.010784859927482118,-0.3863350575611872
-1.9849919541501704,-0.6682034977382204,-0.42110772935606516,0.3897637175368819,-0.19496450430920248,-0.09534419148522162
0.6567018960806079,0.4269636922403661,0.3075963356714382,0.5091887084196797,0.0851353816225107,-0.6393683689594143
0.4440676549961572,0.2621771125347733,0.636334317101665,-0.40805616239294373,0.4590787153051269,0.41670302758144545
-1.2073297082158838,0.31096343450144054,-0.5455148240293953,-0.34664245153416257,-0.4928848746576484,-0.29045182396338737
0.8926384973677254,-0.5431094634895127,0.8273612925982554,0.4829196947641957,-0.3036185876859509,-0.4768696506697778
1.2241259909208708,-0.6919507201527109,-0.8007872969805083,-1.721473221306336,-0.7622713844238248,-1.9589396799347787
0.6501145349920321,0.5746945116307497,0.9336219495656777,0.6905618748318332,0.5334122240463882,1.0655247806055586
1.091930131359751,0.4530215855717691,0.69474229363235,0.7418640421814601,-0.11024400566964779,0.9419061831410213
-0.33653863007461116,0.13433586274888787,-0.916759953292571,-0.7728683233048359,0.6415049709311211,-1.1443994932308705
1.7182980605460176,1.0770828377563935,1.9117835438916124,2.636407213841827,2.8535037440909954,1.2535123844844291
-0.72491058936828,0.060368833425650074,-0.18175915579648708,-0.06533524423811031,1.6639751955389666,-0.8628136963664933
-0.03818360408561697,0.2502280517252086,-0.026126152425340957,-1.1897875964792055,-1.6655397206885745,-0.46464241600613876
-0.6051156667168254,-0.8397835019207774,-0.7536128832043648,-1.4684240368825234,-2.5729454983078743,-1.7700322644172035
-0.4755135404255689,1.044726522018417,0.21796091845550294,0.0686331141054543,-0.09070351480094323,-1.060210818520072
-0.3530903811715009,-0.5341979777107738,-0.47810256787370425,-0.8193612716723125,-1.0423873552321357,-0.7915094640492119
-0.9452811976647798,-0.3909202448953219,-1.323784439014642,-1.1414243633760222,-1.107596979353011,0.9168408221548431
-0.36236714558245064,0.4952480597538479,0.4879820965889828,-0.2555537584469253,-0.7832056574000712,-0.41200524749556305
0.14586927592085255,0.4338523892836118,-0.14424837749367767,-0.24429291803750877,0.017807248391763612,0.6207431327356758
-0.5147779837666224,-1.0318855602046668,-0.6940637208916771,-0.49884600115773226,-0.6990561548468784,-0.47976785819834816
0.8684489217544117,0.2073852845496475,0.3988650221667055,-0.16202463568146147,-1.1445957489066891,0.8878643419678456
-0.7650232128363071,0.30364530808077383,-0.4757364161291592,-0.5935192631070798,-0.907539700517971,0.08053756069992915
-0.8048759337445668,0.7937665138784612,-1.1865356243239649,-1.3887136093824137,-0.24196596422789537,-1.160765375184414
0.3353708611344165,-1.7343440384897209,-0.8136860819805682,-0.16578160979432457,-0.6318239899208252,-0.5464422382062623
0.4594055836956135,-1.257919764820217,-0.09504049664647798,-1.002004476148149,0.17716752912848865,-0.7308715168415787
-1.7048939956181075,-0.875437041384047,-1.3835352924398296,-0.1351472569574117,-0.7879465400021813,-0.8221102554920402
-1.0420037786548215,0.3110824213247699,-0.06890134533313931,0.9647229012176232,1.1209807162651226,2.0093510664895944
0.5026834464931839,-0.8690395786347981,-0.4942925095432902,-0.3139545083066582,-1.0203559504588802,0.3559309741963625
-1.1303924383708828,0.5560864754851131,-0.39888751447085985,-0.5551336661786812,0.7597589616480745,-2.1213672842825955
-0.6683479662899614,0.37905327757684687,-0.04077848319962345,0.46133294468764496,0.6642942625452567,0.24929044209297224
-2.2784578140231386,-1.0421102298019393,-0.399175870624285,-0.4184249408358788,-0.8671757801746336,0.21314362090956335
0.9927233400507562,-1.2619699798986923,-0.22694913358979682,0.3770648320658807,-0.5227990584541643,0.14529920511343064
-1.4792878623857493,-1.809932226432756,-1.1572667857953982,-0.9444510599567756,-1.41296689297721,-0.18700385782744855
0.3316586469528727,0.17376415992993757,0.8241557222729212,0.3529256779246131,0.7517153054658662,-1.1930402974692091
1.5607861692566223,0.9456184942946504,1.3851585365201986,0.5565305014513722,0.1422333301361574,0.8468334287730342
-0.009833264410413257,-0.7406986989837583,0.3663646944960344,0.13712012993740735,-0.626740712328009,0.09461305652876129
1.3299376522295165,0.0008952066241960808,1.864943173214143,1.9586317009483822,0.772750391469903,1.7065899834628302
-0.16661450361477273,-0.4645951993066509,0.024233558920433284,0.672211921402131,0.49962986386175956,-0.6192517647776945
-1.101881347003163,1.5149219919790002,-0.25477995975321044,-0.6541717527052364,-0.19056572723463983,-0.390019069145945
-1.0843802753983631,-0.6362512437069665,-0.9609574561338423,-0.9432492470576913,-0.20567734626584816,-1.8742589382589505
-0.2922392140647873,-0.5403890794998539,-0.09662413012646039,0.4099415990648598,-0.09926792233981456,-0.9671174820071214
1.6131285522551793,1.6093985675473506,2.2091114199353123,1.7467941140996375,1.5193863740303437,1.0267581560645247
1.7585916967194013,1.8258503392883634,3.243808499481747,3.098043820179178,2.8713671441385777,2.9464081959643322
0.26421790782582233,-0.28474564554992626,-0.27846759756953426,-0.3079362428723137,-0.0661572359037816,-0.8947197391337353
0.9763332127825334,-0.4689429843590233,-0.23808015480835906,-0.6658198018835059,0.13979580872705477,1.7438869543258118
0.7576639785675704,-0.030306984492484947,0.10132738748650152,-0.43987222491784683,0.20326248271569802,-0.7816471103757413
-1.6607357641412794,-0.7837163522821311,0.40682680805752386,-0.562715255470281,-0.7498955941015549,0.18074927745633465
0.8892753881156228,0.1902144412694639,1.2307486382405122,0.7129724956118577,1.0013018467620423,0.32113925124443493
-0.8915172254670497,0.07124193672794495,-1.347643178934413,-0.401228502731156,-0.9742014490851496,0.5215433989553365
-0.7294203629492291,0.31393278804509767,-0.4534190486371237,-0.7576690078294078,-1.269846432377135,0.4582712648028456
0.21273243087627294,-1.0232273939834655,-0.6079126649503528,-0.34774304565915587,-0.4816069102453723,0.5206071557528982
3.331749479554365,-0.31613993910533905,-0.2947342309860385,0.10228546727399082,1.4726639604330596,-0.09260637999600607
-0.17817185657649148,1.201514797150714,0.742148382180703,0.913272067935673,1.2433209202687,0.9189481064041265
0.8464620537665608,0.8045355427900188,2.5989006982638436,2.915955634278895,1.7384588037777626,2.2478211644252615
-1.2748914878930993,0.9421993454124175,-0.4156396846028185,-0.4467827219512482,0.9505923951062202,1.3115120553854533
0.7628282644826716,0.09369959248699138,0.9971092827554026,0.5238142583834379,0.24808861058882953,0.5675254560666756
0.101266106528013,1.3898006710521897,0.547141709870746,0.24817813468487257,0.05653531993278069,-0.3422924189427818
0.10424911671960965,0.2131978700417095,0.7190613791142191,1.256225919696168,0.6554995029866241,1.3825377785116524
-1.0916343870394278,0.4009673073043052,0.9956281809745049,0.3641019882986486,-0.20289128268566808,0.2078634086110034
-0.36629588543388647,1.341951030172318,1.036013078493333,-0.8598498110543165,0.9268615119678267,-0.7913863764592088
-1.3216842581269037,-0.014466945879523737,0.31151579697501547,1.15704041537547,-0.5948231838246306,0.6832915012297986
-0.6866203329572711,-0.7847553386725796,-0.11125369555249426,0.3226910979851989,0.5999317577725541,-0.3790488590851888
-0.585809059999254,0.08870222691463854,-1.5004297461493075,-0.8295165803758364,-0.40655690102765035,-0.28692108539710265
-1.4122925267081199,0.31191788229533496,-0.6299190381431491,-0.11173611820880983,0.8178460322085492,-0.37688981411402717
0.23898013824194053,-0.15716733348606493,0.7412240500979027,1.1755490189979847,0.7356276101963788,0.13475828299993906
1.0209876077321787,-1.4456383353641693,-0.8510356865185078,-1.5333429625977066,-1.3316161262457555,0.5014704057015182
1.6524710945630212,0.24120047309121306,1.356257561643276,0.22907997905426472,1.4005708783228739,0.009717350662672606
2.464319924662341,-0.4455189741774341,0.4893574931209367,0.0192677297347039,0.07023524709003194,0.7317755892408053
0.1601376732732742,-1.1445341930024473,-1.4312085419587857,-1.0007364342185212,-1.0306474930959146,0.6424711442169594
-0.8436713866173678,-0.02252447173406342,-0.8375999792607964,-0.9577744700965669,-0.6213885513388134,-1.7954708092799747
0.007324317574594596,-3.331328996771737,0.18306667972176976,0.1804807806680462,-0.4249144963189444,0.6103430197453369
-0.5066634017921755,-0.17994032898181425,-0.9226953145099375,-0.4444661781699407,-1.1779057414098109,1.0922379654527696
0.9180644491396348,0.26688980560056536,0.5280353151201905,0.39831861376785027,-0.6208390226234722,1.0549077275501153
0.5592429214348068,1.2524252120114165,1.1773168415858726,1.164165758222456,0.2984078229433695,1.043385851096248
-0.6351060539773019,0.3724151403916686,-0.4770053054755025,-1.6776915460039,-0.16033205775335718,-0.9690675373241305
0.05058809170457472,0.4038373118734752,0.6328497398791693,0.12307175520369984,1.1012777571799672,0.556904657524702
-0.38792269705411586,-1.2452140001935248,-0.37931680468638773,-0.5574452412877832,0.7870417018661937,-1.699401961177708
-2.4484837140960174,2.674244021627334,-2.260942376717123,-0.4967044264969186,-1.5317457132365564,0.04906146029361563
-0.0018193449889234092,0.17918891582345542,1.3197655327153441,1.6497931128810752,-0.7533051704486167,0.3644377980986117
-0.11643505005978295,0.6389247161771422,-0.8686921473309365,-1.0247099981999719,-1.432779538448494,-0.6659297563900326
0.7697224645232627,1.4770206772956842,0.8499767929120916,-0.15958035379115462,0.8255041306183009,-0.16412676155341527
-0.12193696795854063,-1.0446275605234232,-0.4887718029560779,-1.5254087470228104,-1.5749687906511114,-0.7466334417881371
-0.6622169393221801,-0.004813066251881176,-1.2861034049182967,0.07750519366543472,0.073515180464225,-0.840973933356066
0.9989954886542398,-0.28896507738365396,0.435897286032897,0.8666430516633008,-0.08220202009745116,1.2297033897854677
1.453172447736271,0.9078827401013118,1.1414298840587325,1.126802589024478,0.9767991773844164,1.0271757076961265
-1.528998285318462,0.4060898368936049,-1.5241411718070805,-0.5622648967251513,-0.9028601498607267,-0.1278203790284815
0.4900146893630254,1.4373312057344876,1.3070544999375884,1.0468368844981017,1.2817044142013756,1.1713662887276008
0.5645186611197063,1.5682443183338457,1.7237694144407583,1.3843303887864442,1.572982716996001,0.8084439422990624
-0.5736900892261793,-0.8157182708499395,-1.0320267144361417,-0.8799950045008169,-1.7594881335615198,-0.7410193520891676
-1.336231202711887,0.7236133250068522,-0.9985376350103827,-1.6062721564265237,-0.0045545208576468635,-0.39759909225677925
-0.8234239855973,2.004729537720918,-1.0965006637171597,-0.6814434930182212,-0.143367482023489,-1.2019207852229532
-1.33968875765379,0.18200161437184922,-0.7524863701947246,-0.5407469408754387,0.22216247674907552,-1.5011317941530085
0.9759358699191238,-0.5871261489514292,1.107167592610882,0.10452294905106106,0.2653249050300511,0.8972774333962644
-0.009826787704796556,-0.0843362614981758,-1.196874690036365,0.2753011004014888,-0.4179884689729228,-0.19524492485134648
-0.634218803770468,-0.011576122517249585,-0.229319040767329,-1.2219420848977767,-1.0265590237488382,-0.5555457785614479
-0.7846285421860506,0.8170775013566624,0.25382594026272975,-0.2014685680023367,0.7623285434086802,-0.3652437075549819
-1.3737429253456221,-1.1010747743242213,-0.8062574585615421,-0.5670433159744275,-0.9819053812788251,0.21784524094555072
-0.7421646114048087,0.4468502591956958,0.07354607132910836,0.3177741202991843,0.4825889783385763,0.44853014629933907
0.14551711704518785,0.5256491583601931,0.3563471161794082,-0.68240565762459,0.20138447811563764,-0.6672246953908723
-0.21317520272025575,0.9244393212740077,0.21312379642718718,0.818451450860605,0.9346691330833355,1.7133134574196782
-0.3424635568801174,-0.764872299772811,-0.2565666798018478,-0.6543461912926064,-0.5096544491508591,-0.4085926739422751
-0.6318393227931423,-0.27497981153617523,-0.2488574137147401,-0.19907773395753295,-0.8182134705389044,-0.08697835373675535
0.17069105866031228,-0.3697694100906143,-0.6392524246129622,-0.3588799928928684,-1.1003408067302238,-1.2154156440445711
0.046276119167711675,1.0662005878260903,0.43783517843690833,-0.01368656444533774,0.3378471431829783,-0.7280840399408895
0.8117558260253204,-0.160879706260289,0.25048983760963944,0.43194279389012363,-0.2584489184497378,-0.718497542212372
0.9984819407644778,-0.3773607331535881,0.009825115043103218,0.3080569480651889,-0.48942581220463593,-0.17083487153101354
-0.9190010028099133,3.466417779249376,-1.604835371074125,0.35279029571237236,1.252139787559732,-0.5511836058153703
0.010932361715918578,1.165011059393591,0.8520681544987941,0.536886143033215,0.18666951688854397,0.14503890639015557
0.029865332976167374,0.3083957032281348,-0.2437962778772829,-0.8805485892411336,0.12448983437456534,-0.22300839490022836
-0.9331736486850953,-0.355308482079268,-0.653252916905664,-0.21597715718517202,-1.330547780343175,0.7734929342788682
0.4516792668873607,-0.48665424476269287,0.06820947116042624,0.8656293307566786,-0.1296745546539331,0.1922804982832193
0.440655639286818,0.22362329845946122,1.224791065971356,0.34786500040985996,-0.8479569185713257,0.3497848167238811
1.3312601011343377,0.8654186556945687,2.3414866397444505,2.5753997698864985,1.9592351599484426,1.8776803996307423
-2.014023898628551,-0.2369849365309072,-0.89849969553986,-0.2964744021944151,-0.06888806660623076,-0.6220737753193419
-0.18578761717251935,-0.1515268619125302,-0.592174201184926,-1.2763126733773227,0.35893235141386576,-0.3878792772083039
1.6284321251640488,0.6179508805383379,1.1549607490757747,0.9586912431661697,0.20945230962219039,0.6388433264634058
-0.06490731297605283,-0.6878657660754033,-0.3068473618953643,-0.6398664004118222,-0.6607506226374608,-0.03854965248577534
-0.8206448310159474,-0.7756990670099844,-1.2650630593665952,-0.12964925850814532,-1.532962974139216,0.704834382972344
1.089560367458479,0.808910150056339,2.4652386566625673,2.7999112212741624,1.89074421380842,1.959030254757189
0.37887091929822414,0.4900496313246111,0.08811120102192704,-0.2600402526367326,-0.29743949535853076,-0.8456856039107958
1.3508785017006522,-0.936137567139579,-0.6984336777036023,-1.499716779678156,-1.4397525745277688,0.7282631151706032
0.19957908150521575,-0.32152454035586836,-0.4659157821271734,-1.023704956405299,0.074363592874753,-0.2746171978208487
0.7551408326288925,-0.0404916835612865,0.5576418973648816,0.13550822751297295,0.6490170500365012,0.8508525057627307
0.596273224536829,0.2280483517791073,0.6864359605892713,-0.9517029222202869,-0.20867474305546657,0.7423892982825354
-1.5011685544960487,-0.22670045792235005,-0.72883439288031,-0.19498614422996616,-0.4888891115031945,0.2654277604496547
1.174770269914323,2.218422705488127,2.464404533827203,2.028726824453452,2.2620320691455635,2.763563629099695
-0.7938302731039386,0.1857808557568474,0.06438293874832599,0.6503069153704563,1.3020771501877806,0.16548678094759886
-0.3766058337278127,-0.32768324841109814,0.7601819208099927,-0.46676976443046203,-1.3014329100791824,-0.691859366942558
-0.12093303225151042,-0.5721915567468107,-0.829190388147642,-1.1347640232742287,-1.3863136726433734,-0.24596253250600783
0.6127185431050535,0.7857498297098818,1.0006003568250672,1.0119241822589828,0.8796836439648191,-0.012977935858007683
0.5431158626300454,-0.6837168944700419,-0.06618664504055646,-0.05057697725240673,-0.6148630283615061,0.6105078644826477
-1.301166241372508,-0.18459643317292648,-0.1753982108135857,-1.8961831163762428,-1.1257626854964677,-1.4483718645836514
-0.16537750287229586,-0.16775719517382146,0.14285097022987475,-0.6043164911561848,-0.07597320135531013,-0.46306210794801117
-0.4695127379586269,0.5003139181665466,0.2645665494907279,0.07629888435235832,0.005072491516701235,1.9316284512023967
-0.7487893608367395,0.010051657837848983,0.9443514659547031,0.691815703835221,0.5027234670083852,1.0683917233486526
-1.1479598716955086,-1.350966153392266,-1.1531838138739636,-1.3232645872507725,-0.585713770718266,-0.44225505654708797
-0.5619818413061535,-1.1307234761047562,-0.6822616731228456,-0.11728744739584569,-1.467891572213448,-0.3638024618363399
-0.21088050795093544,0.24970919000420355,-0.02751809338858305,0.15600340947627422,-0.5959140193783307,-0.7634325061823531
1.2714352484290687,-1.2765644575763597,-0.7585579931689613,-0.9185680992482143,-0.28586276977457536,-1.2347836336079787
-0.418975228328569,-1.5718417807829828,-0.8373549816718556,-2.0712465464155962,-0.017325131277840997,-0.3838392748839547
-0.5302651753194114,0.4304159567821159,0.42008399616652053,1.000886327349529,0.02149501313941301,1.3254160016308199
-1.4368771859853537,0.7423081129113812,-0.21043454181470378,-0.4375649606857674,0.5193352081498491,-0.6886356465364912
-0.09151793357921105,-0.05401253218205558,-1.2293134434798012,0.1783302477558956,-0.0519828621890124,-0.029526145791357962
1.7366493118887476,-0.4083438593407819,1.3643175001542536,0.6885509876522524,-0.22496645854032707,-0.2468254401030486
-1.031089576896355,-0.031797805171472036,-1.348294457287068,-0.22278534084742446,-1.1986856736999483,-1.9015067616035686
-0.457192791899946,0.9544396439111409,-0.5424460271258414,-0.05566220166853037,0.21851443901627612,-0.3461983540558003
-1.8890777440046762,-1.051100270337908,-1.1709234041215297,-2.48108247016896,-1.1396178447735497,-2.367673468019059
-0.8651312092552347,0.6553370409873801,0.9927475665649539,0.9789742936111218,0.5822169369666373,1.3610435351259484
-1.041699494061034,0.41151425052281604,-0.256646863015702,-1.7224291651392656,-0.8297008114556716,-0.40335891540285124
0.2290459267101552,-0.6051325511492831,-0.13296830633460766,-0.7162764035696043,-0.9299302646663005,-1.433800855741374
0.389756816439554,0.9086360611593728,1.341199371403154,1.5634954004911603,1.5011285453764087,0.45402281523993465
-0.42829015689450195,-0.8459340820503858,-0.45336764524083517,-1.4092298361305466,-1.4068277449921656,-1.1690909920373564
-0.7075226246476535,0.7943312557011811,0.493923138052011,-0.3521737210912134,-0.1617888662462789,-1.0393112844150216
-0.3183249523341123,-0.9478816377482094,-0.3325417882580061,-0.7757357717180858,-0.9538298489321625,-1.821252010150849
0.21482835938610578,-1.3508044673471595,0.26404487449307434,-0.042891750118057355,-1.0118867764188666,-0.18556711285334382
0.026918767606865582,-0.5850259895821703,-0.32456664506903266,0.4104417235458256,-0.4094222025721005,1.202066265018455
-1.1732195231544675,-0.5736513872029728,-2.1666476913391084,1.2762343759639059,0.22766317756717824,0.2755734623300018
0.0859120907492585,0.6445422712059721,-0.14389127793387946,-0.8312546515415143,0.54455009051269,0.08491337849053522
-1.0144510524778942,0.3936806625729985,-0.9052144159222835,-0.6562355543515567,0.14377777384811277,0.3653411873588877
1.0534545471338965,-0.15880170662358578,-1.0463701505518226,-0.8987684674329762,-0.11718170175402752,0.36370103989804825
-0.12998251302567185,1.048550695504828,0.8388916157775882,0.7186306131680205,0.9386061481840957,0.20936957822650457
0.22057544143674696,0.26054509500854495,0.22363276521147527,-0.4559640882605076,-0.3250401377771575,-0.8114033896441909
0.5746313007747323,-0.286270046586441,0.10333993930508734,0.5682707407376123,0.2690057870463664,1.6592343445510727
-1.9953920334972448,-1.0185147567588344,-0.6651779726258982,-0.09568410809413014,-1.7416353419200237,0.6429019693615329
2.5778931390395337,-2.231054599424254,-3.5380000248409376,1.6424867441758417,-0.3762610338649559,1.9021938354801304
-0.07134178380730703,0.8630981662490452,0.5691434560351968,0.4093705488534576,0.9824694847460832,0.11241069720607483
-0.8722443614057681,-0.402731189753589,-1.0241243633411032,0.2863786459228321,0.08691829630010817,0.1854317068196302
-0.9444847711760576,-0.39478255368243537,-0.5148492069251959,-0.9417347745467857,-0.8672567230265014,-0.1092460198826251
1.2989559628523286,0.6192327616723651,2.550811752518863,2.203763143973999,1.2312271188851485,0.6068204120439544
1.4652363696284187,-1.0891018882834773,-0.9214457034707227,-0.8852087314566246,-0.40951226986134354,-0.8459513642699906
1.6350765524230815,-0.22127039840291682,0.40619447687275856,0.020499759837201485,-0.6206538156506229,-0.2027877802114937
0.10800943632889103,-0.7464111205438766,-0.34614777807194924,-0.10195033299123449,-1.1628191894660582,-0.7970373250952801
-0.49814476542810704,0.5252733645794191,-1.1440164066086986,-0.41889383297968114,0.17940162511720142,-0.12294825738260874
1.5265690261576996,-0.3209107217359944,0.21563082238335163,-0.21461816656759428,-0.24573686877689335,0.17253251244286297
0.4641620020379398,0.4456493958701218,0.9275142847373844,0.6067148252829667,1.0125157389315589,-0.023947268805521938
-0.7093016267396044,-0.6247774234345038,-0.9803600795912168,-1.153586726649864,-0.6740607410804507,-0.7249704195496125
-0.9666882691258856,1.0135426301593615,0.10626983396664061,-0.22664083500383192,2.0244421639351255,-0.48374513974368927
0.7015079975140595,0.8978992766778904,1.9014500229134215,1.442470159126138,0.32190416460193133,-0.2905647472827569
0.9458238088104349,-0.17083403366808886,0.9324891414338402,0.2428589590578554,-0.6882113107593286,0.29189971951950416
-1.6131758584495262,1.7611655264360095,-0.8603647041523792,-1.0920522057185187,0.7353408705317926,-1.5264373250485423
-0.014246781034625402,-0.923336421945532,-0.7301868248835646,-0.8464451340162682,-0.8763867950802968,-0.9542574690442398
0.9879944924367078,0.7695180130092723,2.0000739098699207,1.4277441374355846,1.8505755486000994,0.7320257010477137
-1.3137979327818843,0.6813439598913206,-1.3394298264172775,-0.6857854369391112,-1.0791231410509112,-1.4301019394085834
0.8769343456622125,0.13209707282505767,0.94111802061405,1.650119439886373,0.8483807305674134,1.3845477741003298
0.25991669341204465,0.859771467271778,0.47213916999152106,-0.5009804436080919,0.4208891049038206,-0.736944383449552
-0.5047191622315239,-0.034230442706921944,-1.0446009241119145,0.5988781774889135,-0.39083206834205786,0.19268874934756763
1.041821302604002,-0.9472666380628606,-0.03586138035365434,0.0593790942700714,-1.2452319559562381,-0.18639819634151686
0.454225062269745,-1.3151079181978642,-0.9019205844634934,-1.266348635467855,-1.4999440247743465,0.9379450695927865
-1.7491148505778715,-1.0834855765294025,-0.3912747032363633,-0.6063572174214419,0.22384127719019142,-0.812946859206539
-0.15154777790381874,-0.1776360256610569,0.29083984551231484,0.8950189356360274,0.28782413818585445,1.2709185970357426
0.9392258546254642,0.7141068114200116,1.550024539055631,0.5348059127394585,1.0564653063532305,-0.8507944053522638
-0.6877738151029255,0.20437624745985394,0.09341322035992129,-0.7736430419910438,0.7744499070672134,1.2689149834139037
0.5248164283597465,-1.1030001026138603,0.0051841463230919834,0.04736091859705123,-1.4286434205682372,-0.51410772279273
0.3132755884051621,-0.33316811227430015,0.11716130980026848,-0.20456301034703214,-0.8091911124090199,-1.314643182304025
-0.35145257611494557,0.187985521789253,-0.3481695630009158,-1.1060954394840323,-0.2834819719690735,0.1826354490840402
0.6358987488893614,1.1461097686323625,1.868380903188481,1.3501962797223612,0.8670682413396986,0.6370291140654584
-0.08222575718428947,0.4667958699165347,1.3067222924977637,1.269428710269234,0.38833342627876244,1.4467435722582327
-2.177167498779648,0.2836665421900837,-0.08493121870518705,-0.04485733580532397,-0.0762155166294914,0.006017109222787641
-1.0821360521967172,0.743322623692676,-0.761365739808422,-0.4602141319128464,0.3128444822190979,-0.2974817999983281
-0.6664973448806689,0.469703053525447,-1.7791077472281147,-1.4143790700133665,-0.749618223264244,-0.8437323100864309
1.8674273220217326,1.0439282655297883,2.475693283003882,1.7864130688826374,2.874050101459024,1.262419533385817
-0.6358412135692741,-0.7703475904452185,-1.25566526676951,-0.008838811084683117,-0.500064551270035,0.17171921450724562
0.7453612602831419,-0.6837803037178819,0.1462401879757668,-0.5473161433556519,-0.23137667201681755,0.7555993116295141
1.533974944183042,-1.9565435471282095,-1.227064528246993,-1.363376295202622,-0.3507953774461911,-1.4026471222829064
-0.3631141550225675,-0.8948332433537226,-1.5759315560469176,-0.25533940914146086,-0.797627591756439,-0.23535760405017003
0.05797555619819706,0.5813006479059926,0.9311251352875292,0.9577420080593432,0.7478508864989166,0.47048912448281693
-0.7732713634079234,0.6272125273743828,-0.6897629575100434,-0.6338263847721677,-1.8058991271204425,-0.005215723049685595
-0.007905516513075514,0.7377483254879498,0.8604204544883878,0.7597908784965511,0.7557294576538207,0.42243594086328895
-0.2780319110478845,-0.429961099072323,-0.1718116014971435,0.4719133344451036,-0.06277892634031951,1.0890543311602026
-0.9048259153325803,-0.2428088062490325,-1.0495711112243276,-0.6501553534226902,0.2604800427839769,1.2281326902432537
0.8650259722932951,0.16506412873411805,0.895958248305544,1.5715859141237283,-0.0036325966760446236,1.276627389634885
-0.07319760884461653,2.100563164252233,0.668406655589565,-0.2276314893020885,-0.5087795180909672,-0.12851868017839174
0.9430440851740236,0.7514925874150111,2.214205977204728,1.7226978053014148,0.7628299057042778,1.7313368327358645
-0.6903331910343754,-1.6733079728288807,-0.4280740450095307,-0.9209037961977817,0.2828522272664627,-1.4777966457923846
-0.3700650027745436,0.3343076969283945,0.09109392779413067,-0.6894019169685076,-0.4598047868069485,-0.29650243284255795
-0.48095103401014394,0.32503005113131167,-0.6314910086198464,-1.180780001771236,-0.2475110936691645,-0.3177441731815743
-0.22922839814122198,0.8230346931260337,0.4165221749357694,0.44482804695957046,0.022701599519076174,0.7505963240396294
-0.5575511225640456,0.5277787883697447,-0.3516758188181356,-1.2622097365914906,-0.29461436645308936,-1.3031861830486493
0.3130652430601312,0.30570435125003503,0.8898012292904302,-0.49245587270432867,0.08038635757004708,-0.21225265661449533
1.7105705955270782,0.3634025945170331,2.0870687719635868,1.2415436289508694,0.9298874834787597,0.42503816867278554
-1.01547956151961,-0.4055876296986563,0.19657959627996044,0.8950249785968604,-0.1658492185636454,0.2423415938224832
1.9207008698591808,-0.7765713010097802,0.650050157415533,1.3567685932222018,-0.8103330075542065,1.1127585997848992
0.8375535804252686,-0.10047636416044442,0.3344671194691924,0.9849777451186394,0.8391923003052035,1.1764434019419503
-1.3240614050437245,1.4961492569901498,-1.2217361866287657,-1.436493547943964,-1.6270110150632109,-1.0046428317894245
-0.06578682441178142,0.010656211639213604,-0.6907746339512809,-0.7350769409379188,-0.21708238024731763,0.08493250863519074
1.5425387306114833,-0.42526979813704896,0.1430375648745764,-0.25100099150974764,-0.3623824505806471,0.44989673423712623
-0.27683235451464117,-1.0355912211479428,-0.23655029924006019,-1.1247380854196887,-1.5697948110844844,-0.2080188968097025
0.3627961555782134,0.9643961610438802,0.9810674259455505,0.617426285108016,1.3723081097023775,-0.03396207119730369
0.5727380668994084,-0.36909228313528986,1.153108345863424,0.11768273259682044,0.7780009534104173,1.715282391982962
-0.5121282989634074,-0.019071112729433497,-1.6804207446223771,-0.9675760735848523,0.38093948317068893,0.4723018873696041
0.27436535786409205,-0.860140027076644,-0.8235607752765246,-0.4033473769329556,-0.11819446731300448,-0.2250207424817111
-0.14147150362632946,-1.674455648291821,0.02246385932736718,0.2394306319191341,-1.459455848077335,-1.3378980889490486
-0.6570015409985768,-0.693150913199787,-0.3337840367667503,-0.8857450635245412,-0.4094193698543314,-0.8742720582328681
-0.11829217482203348,1.8291182450824044,1.8791299588146988,1.7702037841799876,0.9032586610474959,0.31106459481683046
0.842469348817271,-1.0511781356946963,-1.1620545427330224,-0.5044423479000285,-1.4503577389542,-0.09207477369697262
0.033252543832791186,0.2576624388664604,0.3164342637820294,0.08821284524413053,0.7514672293836534,0.2380570569994617
-0.4265625674376122,0.30052174300718887,0.5370971325093984,0.29700684268071337,-0.22079000201242185,1.398441822664815
-0.2187847048546924,-1.174395581031683,-0.9589459539070858,-0.3536079543900726,-0.5211090246666369,-0.05109862851464921
-2.0688698589654924,-0.3027034111409172,-1.5472372285217952,0.7509568686726605,-0.2392137773228688,-0.10869726305107708
1.1763351388402419,-1.8153282897825724,-1.1381122690177778,-1.2504424933369107,-0.7927896418961238,0.013800089974110348
-1.3903218837581675,1.1754364840205456,-0.5980130672083294,0.5768911296465143,1.5230047889474922,0.007672383243784859
-0.30267134307110477,0.8834838307047963,-0.5494580597714016,-0.5337660298101639,-0.763040531215508,0.2614321881831085
0.05039807697191952,0.5314439288832848,-0.45637246816775434,-1.8315286664809733,-0.8716164545561748,-0.813354056941889
0.4362963249353545,0.19550697544361176,0.6485785469165255,0.6916051338350222,0.13298733410575705,0.017451138324996257
1.0825239752230689,0.34996382735714526,1.8043030579323698,3.0028119627500165,0.6566393626608854,3.0289057438479388
0.32142759997496384,0.41730808644231865,0.6790571766432756,-0.0753606117082462,0.5865910893903992,-0.10858983913980529
1.3872326029698046,-0.8356050922259702,-0.4836582761962813,0.026853528621636733,-0.30713086691620944,0.6818907628432298
0.28846815884956717,-0.6782231890143643,-0.020324367070289433,0.10479111453050909,-0.5900670874671239,-0.9176343191949753
-0.06905269971925017,-1.2094119531667376,0.04153822621251479,0.25470441212775835,-0.9507432251194181,-0.8474380401727823
-0.5753524469619399,3.2464808660526403,0.17243182328057344,0.17586137388011236,0.19676338316181302,-1.4844895174555792
-1.4133818677142074,0.5564470373170177,-0.6778006458787671,-1.2664206396439024,-0.5819118275278548,-0.049969047251799
0.8621984536854498,-0.13506997683163918,0.7416961522648066,1.004569960910959,-0.1617362569088244,0.8050026374853405
0.0594507214141836,1.3661925570231874,1.0770648799014988,0.8774400856508192,1.10926187109078,-0.4397282195558565
-1.668590644062172,0.1909209783752189,-1.5072646279841075,-1.0805834232461755,-0.9987235532194313,-1.0254285681921567
0.03377409984740903,0.3219656704594395,0.1359506866679375,-0.495529339687168,-0.2327862353112768,0.3755660283168612
0.10628918522750365,-0.9908008156059398,-0.3826442495582645,-0.9664167907317284,-1.2460915734206883,-0.5457374049724215
-1.3000864026860315,0.29186499195082977,-0.07286779225981074,-0.7995295729221172,-1.45506706146446,-0.06813682814234213
-0.5302016194137879,-0.8321607866614835,0.11570096358388932,-0.03428360816454629,0.07723224956453459,-0.6830297956398568
-0.6331584457092773,-0.7286288288221613,-0.8289608639910176,-0.38073225175487435,-0.38551048120440307,-1.150291676313652
0.789090178202996,1.7788510340299237,2.455226631376393,2.555621069045269,1.9876331642259857,1.0845048442623262
-0.5043709476340007,1.125664173894675,-0.5485761492497293,0.25087960309102564,1.1184255607493194,-0.49711621524573757
0.056352773423295685,0.7448960999597003,0.2423312071023208,0.2046382440387888,0.9413011965968959,-1.1364524612552898
-0.8351362950320537,-0.2605052306021907,-1.3710375071391037,-0.3828446101594467,-0.39890101557494534,0.034260492335889355
0.22461859431401782,0.8035521144902924,0.4592452594847957,1.6268936256200868,1.4826566501443277,1.5913906661294859
1.1413333706407929,-1.6030744255853038,-1.6313521532807795,-0.8523667670334564,-1.3843921244846333,-1.1143313367592123
1.7609541469672934,0.5659225540379157,0.6599809961725813,1.2231871937858665,0.15398815061974494,0.8908879535444294
-1.2056028802503418,-0.3036328886657352,-1.0914306690665614,-0.9956698043797974,-0.6821092361878036,-0.3424090960411982
1.1799719689202837,-0.4369332585923145,-0.9580496326338265,-1.1989783961462732,0.6228025871187054,-1.045863218201385
0.009632007219315288,-1.347834223884899,-1.6869064079294482,-1.016819255812356,0.0018198693102898567,0.13803189476298292
1.090099592595723,0.8594724884994568,1.5820107609719014,0.3804282960311174,-0.06585117490494767,0.09895169046103905
-1.162975806132072,0.7550979189003694,-1.5531511805570068,0.9075114723104867,0.5974946001834206,1.9528689545088733
0.12049904365221495,1.3241744106346904,0.7346088112525446,0.21809511124059966,0.9313767947578847,-0.09127057340467207
-0.24862192289991286,-0.08675325823356406,-0.3970815247153516,-0.328498159838425,-0.5998158699782317,-1.2560672483579327
-0.15920449294527866,-0.5713303926463544,-0.9067027754447706,-1.9130868867801614,-1.4202326676065429,0.8043650915717929
-0.5555999418578941,-0.6746318403914155,-1.6720560837729395,0.8488550634208741,-1.1219516616671243,1.4261564536543558
-0.958746386267458,-1.1113066137558625,-0.06451319242018978,-0.8996293999959105,-1.382827478082258,-1.170170678432977
-0.1670474452402306,-0.05871274358552252,0.741255128421888,1.0266882074484998,0.0010482699346659305,1.2167380480849426
-0.6321954264199184,1.504029446340606,0.33055540538338113,0.06514299643744892,-0.3542820264866152,0.5305891727352052
-0.7432960166393878,0.3081931981432133,-0.5457368539645678,0.19742704645375445,0.15221063258472667,0.46134408579071046
-0.637882286633185,-0.5237291419248736,-0.7036140433155428,-0.6888517374562726,-0.6346266342061923,-1.312987543665644
0.7678770798528411,1.8472419991395044,2.509387070213135,2.903949305938815,3.9044557966669706,1.835011871642063
0.5003477191099656,0.49164187875748583,1.2067844314156282,1.0807658946292689,1.2668833401500492,0.7227686845945804
1.0015757050056573,0.8276381161353187,2.1889877675116494,1.766819482573775,1.9885194731122073,0.9291275421735694
0.5548204696949405,0.005315936971685556,-0.26771553362255934,-0.8690952783323204,0.3708091761451529,0.6788284214600878
0.8708547575548695,-0.31545796786660046,-0.12446303048574872,-0.8495020270978573,-1.3872141944597884,-0.17423061415475968
-0.09509919950538767,1.5082817783066145,-0.09088753027018986,-0.7864874938817804,0.7811155383893765,-0.32684627214702455
-0.29647840826267474,-0.9484090531093338,-1.181360373564789,0.04642655178343656,0.017835331044744537,-1.2470498907934393
1.3134269125669784,-1.1093899200294561,-0.47700814610376324,-0.6020268691747749,-0.6350457407885962,-0.6945156185066776
-0.8519325661353623,-0.8266379801963653,-1.6116490936944827,0.2569063196774772,0.1454604361670031,-1.1583873052731326
2.8785835499884103,-0.5434038264649338,-1.277620863117669,0.0792241389618592,0.6427231067102829,0.41434472574079967
1.9506110625021165,-0.6943000166082312,0.4945894862228922,0.016362596357413214,-1.6692644191898938,0.34803310237129653
0.9432312282054085,-1.6507931244564258,-0.43467095959516144,-0.05844942505403139,-1.0377025237457285,-0.9405030102307119
0.31134841022034576,-1.0957626687222979,0.5419969035805073,0.6886907204065702,-0.47919693896924936,0.5671544312293915
-0.567405477106268,1.314412330503896,0.13798225634183628,-0.8910779933808619,1.1974544448821778,-0.4598798634455232
-1.7336702011339487,-1.0286980155933783,-1.0043540945431222,-1.3390573452338765,-0.8816717921840489,-0.793768157112187
0.4488606497858893,-0.7358494788348264,-0.5646834461115932,-0.5403234225746847,-0.15905811601649264,-0.25439807705982764
-0.5408297238637498,-0.5802584927257365,-1.1648602048440715,-0.9370833069835109,-1.638204566689629,-0.5464596468405386
-0.0676067025992972,1.9866355445402128,1.179503457853422,1.5079624820561244,2.491698862608652,-0.291657309395467
-0.1987336896341749,0.9094634602386624,0.49685935393725733,0.8252037058018116,0.34334753013167957,0.5579303221173437
-0.45606522612982175,1.7113532647617915,0.32530801311532814,0.8867093431075299,1.7811801950340083,0.16055069723735965
1.2199276469854778,-0.48509985290391605,-0.2189643429532018,-0.3945002956153997,-0.1936668860917387,-1.4358035901949464
0.5676899566625929,-0.9591822656375435,0.7129713546264597,0.1826225668189293,0.16026187905889955,-0.27239238454024145
0.8543418656822884,-1.1474646719832438,-0.3856393930849982,-0.4081238397619817,-0.5027730990352117,-1.028936031319792
0.9767951127313876,-1.9125325361066101,0.11067160765034867,0.09770764047736256,-0.2978612886853258,0.18191628403239798
-0.6325325500049038,-0.5568300878909023,-1.5842247336612982,-0.16117815111489672,-1.2059870883818662,-0.2807336801014706
1.0234658862214914,0.21086270869475007,0.8020716818496654,0.6623713170798355,-0.08426295733498625,0.9551027968282069
0.09550150594191932,-1.068470691983145,1.5792806779058464,0.8260721079500329,-0.32921935881923975,-0.15412031713528956
-0.025699610891621982,0.43817079656427566,0.25550552232905066,0.641052011985637,0.853652929038943,0.26430475353307603
-1.037801554569283,1.2093071326194862,-1.697658146563634,-1.377419579705033,0.756660895214871,-1.9673629243421176
0.24642847917286673,0.2791284746873881,0.6432318192896122,-0.22251389655040027,-0.9556822144319329,-0.06072297557179973
-0.17269546759211554,-1.142826012171922,-1.1029894644947464,-0.24323082970126736,-0.4170863866720693,-0.011261759639130514
0.4984705012012833,-1.0877672292215037,-0.47956799125316374,-0.680119601604476,-0.8570565257413069,-0.0838840305133357
-0.609592085492909,1.187350027049542,-0.9021294249103275,-0.9837980152925183,-0.4554706803496905,-0.31352854504059535
1.3127227111206075,-1.027408710707677,-0.42617193188212676,-0.9640050949626546,-1.3487299382221667,-0.8908722791340573
-0.16426618314545055,-0.08170386920468464,0.444863508995946,0.19473491445507876,-0.8797191104255986,1.5227338273429953
0.6976722656913354,-0.40502850539916596,-0.257257041593677,-0.7961646029500558,0.15626308694730065,-1.4605918902569497
-0.6876673495359482,1.160203334936543,-0.6163095342539384,-0.7502139926336512,-0.5187450740571122,-0.029981065985083637
-0.10581085891018485,1.2012828684214605,-0.0856511346515881,-1.2810494181453036,-0.49620640110875164,-0.3916570043717509
0.3567279264725115,-0.3655288994856998,0.4896114136641751,1.1701289829696733,-0.3031673593548258,0.9887160588707141
-0.8616673500102058,0.2888435042845943,0.5902722763407511,1.445234498116684,1.03851950265334,1.4897083405549572
1.0981880853795587,-1.0339431056505979,-0.2474946881193631,1.0220863983085906,0.4894998718605709,-0.14237927774389608
-0.35128824930499714,-0.18293745335637668,0.16566710231319662,0.004433131660887749,-0.4317518800617437,-0.5008323552792683
-1.0384863461657872,-0.6671402929845669,-0.7590303442823457,-0.8969288785099033,0.2573787951454793,-1.9513977215990261
0.5338979053861017,0.8364439071811576,1.2318814834247167,1.1210914351904688,1.4404115232602472,-0.2192592101024465
0.32981233759598094,-0.39448342464509084,-0.3906280472183575,-1.1128784767344029,-0.8673703594778388,0.22103781839561618
2.457300748749991,-0.9764055271612414,-1.5017522897885325,-0.2588626958597922,0.3260425948415202,-0.7627535861496195
0.7005384312814565,0.9207015504912158,0.9437761423377257,0.7261091525264395,0.9067722635736832,1.4603350194806441
2.316837386185566,0.26049452460635003,1.8428829545688599,1.4584325975464267,1.1229400797611389,-0.3406113256867845
-0.5131051187221697,-1.3258359848317305,-1.0016188213156143,-1.212061021242351,-1.7176060486535731,-0.7818761713480611
-0.6324926252234524,0.9791344357468978,-1.4438116624836357,-0.044389411391240655,0.5783246877649274,-0.2443736401533843
1.6478314429365004,-0.21418605904885943,1.1658989453486521,0.8441178824959512,0.7584452273302806,-0.5866817483516226
-0.2735216580219581,0.9106494420073836,0.10713312097546375,0.19220806267231264,0.05511292639592426,1.643887836889163
-1.4250356549766474,1.7394002224579233,-0.3517913060018875,-0.8885640757741027,0.320993909849651,-1.1705097522146273
-0.6934231009912675,0.07290908168795567,-1.1508213272551293,-0.6468808456759922,-0.48042706333628865,0.9957470315932754
-0.16541527188193933,0.22378258881067936,0.14108609552331133,-0.4041704756070855,-1.8130697643643692,0.8547464265846735
-0.01793273778915862,1.2269019003890114,0.7698770252181333,-0.0817801512237154,-0.8700767417459763,-0.1653344617036692
0.04033876734225557,0.5316660089183273,-0.2670029997752917,-1.0299681413920718,-1.1942166377778822,0.1796619412016769
-0.7794800713919012,-1.1467487801336882,-1.6340887985577481,-0.45741380628311085,-0.5863524445902437,0.42607389616731883
-0.02260884137659862,-1.4333950041577979,-1.5686790258547234,-0.3055435388057926,-0.6650531540263775,0.23129556003944232
-0.9522474514699159,-0.3076723464712792,-1.1746095498964164,-0.681578938970256,-0.27881809423803333,-0.029768705947106178
0.3093507348904347,0.04329795238774578,1.2122838437125931,0.3842651902560435,0.14528357284812343,0.5449013438895608
-0.8963516450363129,-0.37333399324471034,-0.9228531180143944,-0.42763907769322274,0.18073268739996665,0.021054850678815972
-1.1259667929301078,-0.10051525389651696,-0.3544246387527003,-2.061632986133808,-1.0412576427188747,-1.3510406994570596
-0.7021635928018236,0.3899690199182443,-0.5346997458440117,0.5808106751333965,0.34307238128231793,0.18584023408310482
-0.8335713677851199,-1.0822934779133084,-1.2351259083884596,-0.6867045761013523,-0.09202177535339685,-0.902115439922902
-0.6185644634409296,1.1518681863912261,-0.3517577575290879,-0.9706731712312127,0.8496337644187357,-1.101018000762245
0.6335910527993533,0.717886662088054,1.2065643954456842,1.4632089151501444,0.8506414454431116,-1.2562350172134351
0.1346879565353215,0.1494385463016169,-0.17138201200849074,-0.4358464572626049,-0.7392594238102385,0.47668354503203525
0.45313774624201814,1.8083615661827241,1.9758262687062398,1.8076609972270146,2.5459163426275526,-0.24374880579838745
1.4959976255476273,1.1246783801314697,1.0229146652560215,1.688463112203276,2.4426306286484496,0.7645635315566444
1.7662273234128614,-0.4699278197480823,-0.5249899240976252,-0.9555820293817672,-0.9680319395150375,0.2709621331846322
2.1453793616548626,-0.8636019578933338,-0.9336050317611144,-0.47883001873928055,1.0625531212877568,-0.2516587647853434
-0.9735506002609615,0.7074087722664941,-0.00027092632520990816,-0.5120902783219135,-0.6479031701213707,1.7610231992665388
-0.022114447507976556,1.0494707472287788,-0.4219351213506771,-0.2557570262278171,-0.055856832241466196,0.24963621806824673
-0.3636843795080803,-1.0312225343389338,-1.3407566723124562,-0.9075433124847524,0.3681497888861997,-0.342344036851609
0.03945948524290913,-0.4071920345647806,-0.33681939036947456,0.9880754094945801,0.13205928873183495,0.2813398833335387
-0.8175080652298272,-0.8232869405936073,-1.0657490946242136,-0.2575131605477926,-0.7659849034651829,0.10626879406182782
1.575785126656698,-2.766041605912459,-1.9183323089411377,-0.30856127346287426,0.8666184761086949,0.33426920089095885
-1.0885206824564866,0.525203793264148,-0.3194486350080425,-1.1097253392060016,0.0202797687250388,-0.9914910068728873
-0.570077428381549,0.9181020273480609,-0.02875176137744339,0.07837732916852823,-0.4950816370092179,0.15845058617432198
-0.7843602400263927,-0.2579854552164053,-1.4772789119183645,-0.4353482560132292,0.8633541259709742,0.7603372161408363
-1.63824410775058,0.7026252169295051,-1.1643600665240463,0.0388741590202317,0.30145742021268807,-0.1400620193230414
-0.37496187948042,0.614836885903529,-0.2880595420193479,0.20354587779894281,0.6810259125797845,-0.06748457700509009
-1.1006002619861117,-0.002508180601412217,-1.4630842755332976,-0.15783890607632814,0.8986844812010981,0.3189708465342755
-1.3898528248754292,1.1145310296816062,-1.1539058928916055,-0.8098014122181841,-1.1056157261183939,-0.3426647020957642
0.6961904370313208,0.08237495125261504,0.9343424804794697,-0.09829036203874518,-1.0489243989142254,-0.5072415802552817
1.4441769659229124,0.47474658096893824,1.204331414931259,1.3455541217645741,1.0008567366312044,0.6584121745386144
-0.4229558486390952,-0.1944857330212731,-0.3395149100713676,-0.5120896683919199,-0.3220170499403151,-1.3095848538686805
1.8620449010565334,-0.7525573580577805,-0.6398052242920643,0.0579481860011284,-0.15455952281351218,1.136924580639117
0.16613064644326292,-1.1064910671729813,-0.09384471027813061,0.3727375577763185,-0.30064019723242263,-0.18740862246617984
-1.9529116279306449,0.5142737178023252,-0.5190825857034655,-1.6511336990972463,-0.3258510438150993,0.3890639016699385
1.1113260424501323,1.0838946835615957,0.8749774762693607,0.6186708727343126,-0.01627791457248168,0.10250867490988642
0.5197579083797317,0.8280449303407862,1.3230083759623839,0.378826043978527,1.124471118748248,0.07196441596354287
0.5948992672958344,1.0646953946104092,0.7657490152599429,0.31919300582786503,0.009568627607235293,0.01202583891795492
-0.7346604485036765,-0.5143910716021481,-1.519044573205808,-0.1130704171813278,0.24681039507120142,0.5227948790962365
-0.501229530441914,0.36291725348430215,1.2205314608337003,1.5974373688901498,0.8931175521577647,1.8250497674690123
-1.3231972172788486,1.5181873261399965,-0.566966025591656,-1.4726604718522442,-0.2802624656476831,-1.1391957600788982
0.10735825848971131,-0.48665037649904475,-0.5186734559945765,-2.4172518313951756,-1.2222220180746104,-2.2550216368298366
0.44003349563135136,-0.6074329751611576,0.2344601474997345,0.5611339240913247,-0.2332533633255381,-0.2503410587145822
-0.13322311752654842,-0.5895805512159721,-0.31513013292242853,-0.7165699259070816,-1.3704521005941912,1.4821337768615048
-1.1130969540042313,0.6087530530121732,-1.1312399548958971,-0.7494305512524616,-0.7031826746235774,-0.9301491574586063
0.19290633928097772,-1.503255653427194,-0.690217732512,-0.9155409285819301,-1.4193568896060438,-0.2633118246258879
0.9036509608945947,0.0971545912977588,1.166747509090063,1.2488660566698258,-0.08592505800969809,-0.14170765082783268
0.339636601639282,1.0954184487738585,0.8220388648649416,0.9367392016432395,1.5583106896822252,-1.1504893353751982
-0.7053511472846029,0.1824930330162664,-0.028314519527858906,-0.11902997815734115,-0.37703459261000916,-0.18973633998713907
-0.7878655960512271,-0.1616839320940322,-1.8843508071776718,-0.09311355483020733,0.7734153271385479,-1.5849274280662196
-1.2403521966300215,-0.19012023016836677,-0.916340254579059,-0.7915013951260599,-1.2882567893977819,-1.217483114816727
0.9118660114387211,1.0862300353512162,1.3213808985196458,1.8470820701856483,1.5179750880100378,1.5688960794740812
0.760654613295035,-0.1624363979396825,1.327445595977826,0.21432312691158376,0.4934718841105536,-0.5657014406222524
0.7088038337373437,0.3268002630957614,1.7055860148168482,1.9851591231574939,2.4605512228382573,3.4386786037032007
0.31638414433687867,1.094356940944946,1.7162645733857422,2.3105696186858493,2.2560311597985363,1.1645560906348549
-0.2646411126589143,-0.606862092986289,-0.23394781843427548,0.6584127625867805,-0.4788375700167104,-0.04021951262336953
0.7547572609508506,0.05573952631928068,0.3947729957762054,1.099617115996655,0.4074025061262924,0.44834988679553284
-0.6645263398354768,-1.1479461168998646,-0.27075390273381034,-0.1846912593116269,-0.784575600709347,0.8975656808891529
-1.8248368402193516,-0.6829210041873653,-0.35238881363194835,-0.21312058488144534,-1.519705634500219,-0.4470889712656213
0.25333965591955343,-0.29401705296968605,0.7325912336461124,1.5076627662966515,0.7399828348900571,0.7998861809078757
0.6862680846158277,1.2273641527183559,0.9683075152355016,1.4523911911532938,2.108438991266838,1.4171974337900974
0.17714781768339014,-0.659102073301039,0.17702829434408904,-0.9934604995351054,-1.2698141679918784,-0.8163669684742441
0.864887460070239,-0.5937176132867611,0.45584986917270537,0.37465919910525053,-0.7964892749169029,-1.0551196502157054
1.129199944771674,1.1195735102349766,2.8000254929586332,3.8675077232097586,2.9019908478010112,4.426236820372237
-0.26939697946235835,-0.06497529402661789,-0.46411783411170815,0.06556449778069834,0.5739064605795288,-0.011465727530475376
-0.0336983430721256,1.0991075109594777,1.4227538861164206,1.5866648242343868,1.6650672256334689,2.045316474340701
-0.04972597709666278,2.0107776602567933,1.1679801501176736,1.1227606646210657,1.756607441400012,-0.7392520700071905
-0.37621866234435203,-0.13403765328232314,-0.32286734538063977,-0.042371401949503576,-0.7949157819720454,0.06767732154260178
-0.29403871235777845,-0.806518111077497,-0.004710826426789495,0.24134528081948395,0.10870858460080819,0.5591170656022804
1.1414850228968811,1.4254694766657086,2.012294545949155,3.4468457142591498,2.456915005173122,1.5675735581404981
-0.16393254824880021,0.6156888067126643,-0.9464897757960106,-0.6327026008129754,0.0013302867292970448,0.324531677482353
0.5430728075332193,-0.05941091274893858,0.35642960970780985,-0.2941488560876213,-0.8269004871572055,0.30129704571221255
0.22321273305136768,1.9548692573076338,0.37042915013498334,1.3021582099141162,1.45811170509531,0.8032876267523774
-0.7691387542893929,0.025673564903078858,-1.2756186732440216,-0.7939375895329445,0.6304427389371321,-0.5640439320012716
-1.6887815248038918,-0.28056571422990356,-0.6779002659920353,-2.9306358612990993,-2.213803781553453,-0.9820916586353572
0.313394050226234,-0.29245008712834303,0.24031616092893396,-0.3192194004276746,-0.9046246540425299,-1.327473157220577
-0.046586213328525326,-0.18841373730997943,0.13126343737450583,0.4236065247471425,1.0731124485265138,0.6272527630333361
-1.023606748327838,-0.5876154080436593,-1.2810192787932428,-0.9261205630520895,0.10915023892415876,-0.9914974930578594
1.2551485733007999,-0.7321801067485308,0.18302663538746156,0.3184098129045425,-0.5374639760092771,0.49322914886577107
0.12244958562681367,1.8630449250631467,0.8774661752348728,1.0872583517598202,2.2151317578880554,1.348584056048953
1.1559528398421575,0.4939917633967098,0.4887898484337439,1.0183063684704208,1.0110888868467074,1.0993467862010167
-0.909331799045871,-0.8166453263068786,-0.9299372980627597,-0.9082798704059926,-0.11033477402397021,-0.28571317010621455
-0.9020805035576043,-0.02458701147940903,-1.2867471490429787,-0.39475823730009996,-0.24034513824527756,-1.8327926819382596
-0.023664302278788553,-1.3054493099647362,-0.6488978705748002,-0.8913058389972399,0.2212801309126174,-0.7507312739526537
-1.0768454913316217,-0.08713388324847779,-1.1498397283254367,-0.4251772770033787,-2.0328778800859753,-0.014139992380794527
0.14675584509039072,0.6684964014034799,1.2074347910649301,1.3341436724878915,0.8246491765209842,0.7254801212625247
-0.5031739529118631,-0.6270649367019059,-1.1890050887271257,-0.8557803163838154,-1.0864304528154258,-0.06809588925911832
-0.017090413082308235,-0.20581155633979814,-0.7021627328540424,0.23626084091357494,-0.6051501833356069,-1.2287560904405532
-0.06954801069360093,0.2994087674928497,-1.3486918609715937,0.234479000374895,-0.39575549637941987,-0.28158803155178863
-0.7514914842763966,-0.3656225172016905,-0.35873558232486247,-0.3800135103297596,0.848566493918746,-0.7348664632130616
-0.2351701853592149,-0.8521382456167237,-0.3702145221847915,-0.19695864614062242,-1.1942099630390342,0.05454026856584411
0.5556483685755887,0.6531694759153008,0.49558074576846506,-0.5739180857941403,1.2521040473288014,1.1159218890987843
-0.3223484470233787,-0.29591157679376073,-1.5058438963429444,-0.23845602460192433,-0.40662651650188675,-0.6881354065967268
-0.7173380694454377,0.5035618325231287,0.5259575245727873,-0.2706312859283977,-0.04109215669392655,-0.8982484662688124
0.9897414652377015,0.8146865404137291,0.43793022405738646,0.15180620646594703,-0.1644513450184735,0.3016270862675867
-0.5801242733267513,1.0214601460090835,0.6429703838553631,0.4104156202145144,3.0893098306089906,0.41109209935103086
0.706383330261166,-2.0690578142245104,-1.0201959887419152,-0.6756342221450016,-1.1334887625355,-0.6910286282052004
-0.4203115366113055,-0.9694473281833003,-0.15940412327231188,-0.07705694720352463,-0.934380647607936,-0.3663288105124526
0.2601231357036766,-0.050840528202654105,-0.5322129875283508,-0.9095855735566482,-0.48659253374970973,0.5894304416707962
-0.7830227509808623,-0.35417126174764696,-0.29143636044435545,-0.014012651736252369,-0.8713559373316826,-0.5257274944675785
-0.8670484133930951,-1.095078074138761,-0.3637696827631135,-0.3998315446868659,-0.3512213389530906,-0.19306401121565964
0.0056724260936292115,0.07262069103682954,0.3481216834203685,-1.0197079123351143,-0.7030233325918264,-0.34851260597074035
-0.18714911874759418,-1.394450244446749,-0.9002930505791844,-1.1570688435241634,-0.5436743761706494,-0.625923166869417
-0.9822742634211405,1.382132380022503,-0.6238504182620261,-0.2822666653342906,1.1736097371762828,-0.7138539299606982
-1.4516641141965057,-1.3473217095934031,-0.8987163453431245,0.37109840202632766,-1.9491851700295133,0.30763165876143983
-2.6181858427249023,1.3996536680352731,-1.5874096401145825,-0.987894959576381,0.20416350933918664,-1.487961631490374
-0.9811760068831271,-1.2522174326884512,-1.8921355971823375,0.36951104987332517,1.0243393831432606,0.020137564859204964
0.5563113252009111,-1.6776300837624536,-0.7055855114850768,-1.7382934167100255,-1.203837514363122,-0.2698256091500008
-0.8442303240458449,-0.8980661717374373,-1.7003589066350353,0.5673579068736275,-1.1019045454676188,-0.8264509872491793
0.5314179239408533,0.5206401305818852,0.5345366923374762,0.6399724185969532,0.32465197519315087,0.7204766825159128
0.3224053164989967,-0.3680809091060045,-0.3624020372703801,-0.26913085239403994,-0.857909625112155,-0.004830242682990279
-1.0113530140447837,-0.6774924833018718,-1.1750184979227651,-0.6925790104990805,-0.21588814998825845,-1.5304485580309592
-0.23292997156809364,0.2972166202175238,-0.02578356512748356,-0.7166611607279367,0.11635309232605039,-1.7457006924894216
0.15304671903265601,1.0902042939647265,0.9131366682531988,0.6067963506194836,1.108092853242361,-0.02453384316529081
-1.126242562513261,0.38234596889546923,-0.41838719144536557,0.7186035819125304,0.2965024122890655,0.8776822858023496
-0.40500692969487906,0.728628735012344,-1.0010646587858236,-1.00208698557179,-1.5387040123323281,-2.3033750983539125
1.047647501275523,1.2952268110566654,1.9111090745479862,2.4101435801889193,2.1042750133021038,1.7811911259689066
-0.0008045821647123898,-1.0538661913274119,-0.22861442201427387,-0.6823493116292804,-0.9742311621037111,0.18532983531052796
1.276526887796079,0.19585408950825087,0.6023309610140273,0.40889806342048773,0.36344188581399023,1.3753628726082732
-0.3552677145681552,-0.6240873619717676,-0.7002688680436808,-1.4376949059500614,-1.096382300785349,-0.8550474566454703
-0.4204406411686099,1.7454611416443664,-0.19574274735692673,-1.1386437158095533,-0.0020090820226476543,-1.0653955243083868
0.17646873272839564,0.29793571221605597,1.2436865677985798,1.6827183226401674,0.7408694625895753,2.6667587480627204
0.11516575867955771,1.9994641119471959,0.22826254709734162,-0.38216019338371376,1.2592924301722976,0.5606115062954565
2.4181739077886943,-0.07108122723885259,0.9447612034700407,0.6710576398397895,-0.5566933997191837,-0.053255855752215954
1.378645513770515,0.887480662598826,2.616049827743089,3.0983648811038456,2.2228932804686887,2.7322769327664935
0.1462939616604355,-1.5540941537421469,-0.48238520172566235,-1.3714163708401155,-1.0758999190858263,0.02036026911163429
-0.9568709109924933,-0.3101659430371927,-0.31666300906827566,-0.3147227203843357,-0.42986731582612203,-0.22374350407439278
-0.18118025087893336,-1.4306993589317216,-1.7480560400488725,-0.7278093016887122,-1.5241973875444648,0.0666132464334474
0.25979664670775193,-0.2568739807367597,-0.26470604199425674,-1.6123836682752495,-1.4286441239377734,-0.8975306138954187
-0.3817003075720905,-1.7487705831869225,-1.9036987680061435,0.09917136451080691,-0.516573629925074,-0.6022377742882206
-1.0127172177078194,0.9961555457630509,-0.7436194305763248,-1.398332741704482,-0.19669904525419318,1.1711956063493523
-0.5871967073377264,1.5019507458501036,-0.5940444645398416,-0.022324215527685196,0.36906289979777734,-0.0725006819154886
-0.6463479624684159,1.5649483610341393,0.16570334218005284,0.25177082257883737,0.28912151221037885,-0.3795746607983541
1.144195887836668,1.3867773464447017,2.1632466215829838,2.844219977703029,3.106058206285425,1.1911163358540835
1.7446159803146246,-0.475560798040912,0.35990468038086004,1.7226694164029002,0.4390809280686071,-0.035386701649841125
0.34610301733817506,-1.0333687385912143,0.6411413866489458,0.5781995101380534,0.5262423031353123,0.7755411345550012
0.7101183155946081,1.193165458808618,2.0561532826188844,2.9648891452219117,3.3345728009302396,2.9426483550561002
-0.3289219165376989,-0.2512854356321034,-0.9562168874459261,-1.8771130071052746,-0.5297791361991776,-1.753000448389209
1.364055925119319,-0.8245175326493128,-0.14156675112530795,-0.7002333065725562,-0.499562493069887,-1.6202339207788932
0.336083474774145,1.277281100895155,1.3896506414634797,1.9830591145381433,2.567477080545381,2.1818390178176243
-0.0013507670253705972,-0.06445044949502109,-0.3576558503321046,-0.8665437240218158,-1.0863867894087105,-1.1494779049642094
-0.09970054280993201,2.3162487742667466,-0.011809443511302161,-0.9252730784405558,-1.0973599582628317,-0.20778451001049017
-0.8618270305798761,-1.6556202261115796,-1.0572371849233893,-0.5331753252272262,-1.0946323611359183,-0.3674121757243995
0.6030944124870482,0.6446194992441412,0.7920378149331779,0.19981172363960578,1.193263391212903,-0.10282777693450969
-1.2153549656412483,-0.2066533030237492,-1.6611717006900335,0.5236995935663445,-0.3492083332504362,-0.5190274836256085
-0.25007215720032827,0.7162202573087297,0.8358215613509037,0.8806523569926782,-0.0030721760292383065,0.3073909054244735
0.12464272892847567,1.0175759253439312,1.0051050014461913,1.6126159517000547,1.3480179238401733,1.7740671261063468
0.7720474023824967,-2.0433185959976683,-0.5667708921894785,-0.6676677840798917,-2.0404876291876763,-0.8443384562643947
0.7468397280262289,0.0022275826754556377,-0.19176683251992435,-1.0471036920921923,-0.39475854312458003,0.6588333834189712
-0.81861442404319,-0.8340277853142893,-1.7003963883419608,0.6604485267934934,-0.8799323650833395,0.4643168021105197
0.550894432700488,-0.6600437992349181,0.27268316020652406,0.6807601590186487,-1.4770897659774687,-0.7175936202955647
0.7818229563259248,-0.730048259143063,0.678898806950629,0.7957422345447704,0.6968609392053333,0.2624777335657829
0.7180060276662689,0.05956645299632306,1.0792442540362077,0.3358145633373759,0.42698041175689466,0.06538525651839025
-0.5256622935788763,-3.118917992566376,-0.9348099307817355,-0.5265557510881166,-0.3862554845116709,1.2518728679731193
-0.7130276425418646,1.6622805033302666,-1.677957508071142,0.13359277889485832,1.6453255551109234,0.36126073711117357
0.7464462235518308,0.6244310524461087,1.2813939764573263,1.196225517035464,0.7834914477488454,1.25018700908893
-0.4520925093275952,-0.8192186673531048,-0.2291731802575257,0.03457452251825072,0.5860712316061805,-0.7663394399623875
0.6751248085447263,1.6033412629899249,1.7809999414081086,1.3501084847054152,2.1094380106655732,1.315220742903589
0.10996948620786767,-1.0596575774364305,0.9799764321372302,1.2963398381357008,-1.0826196201749816,0.07084745281094033
0.28075175317187434,0.242224637416592,-0.04535627907945924,-1.2654593464277017,-0.7371415435155386,-1.095202867342586
-0.3584909350690454,0.46950867036056554,1.385892861643113,0.864117349529559,0.08202963051539783,0.45698099488905736
1.0873979892619263,-0.6897921816717258,-0.0868883899094474,-0.2803441879042697,-1.2532449113529256,1.0235040853041988
0.16054648290023638,-0.2373721414083914,-0.1747005195739666,-0.6912508506107055,-0.7793094696663815,-0.4566732076832484
0.1599036141764954,-0.500921436716706,-0.5750289523610499,-0.24953276864180396,0.20164190110681937,-0.9008884309515166
0.8000565368918997,-1.123949747388268,-0.17505176628061989,-0.7606933597974659,-1.19563603009209,-0.9837042385476246
1.3724991354335772,0.8558036495895124,2.4597513798416997,2.8666696166126138,2.087662664028708,1.376640221967201
0.3784006701980335,-0.004827183265066034,-0.18337787273621967,-1.1756737794923666,-0.8487999099079182,-0.9668228856131441
1.1755969839367377,0.0877717556500002,1.208108135612364,0.6423491268303736,0.710848001829797,0.37182502392910055
1.1065651566596584,-0.5608839105992097,-0.2963531259627904,-0.8152405320591143,-0.9335045889038863,-0.39243677657302095
-0.4619798911078414,0.9096466714572011,-0.5373433582589772,-0.5511567221172731,0.6257105163031598,-0.607200639084807
-1.0386018346514378,-1.1898833202850214,-0.7172253099296096,-1.4234506399785671,-1.7693953840990324,-1.625900960089536
-0.6364294627936813,-0.6212633176961647,0.0912232744791967,-0.3271069640944948,0.43769010914444184,1.1969579675996551
0.029420957429105672,0.5406243950045514,1.3811911546050715,0.6382117508357555,0.24344260667251671,0.04944992850299834
-1.6154188089513817,1.231298723916177,0.18879765438298535,0.6028189867765179,1.089073704848719,0.7600005581504675
-0.9385065146029994,-0.5454125997332734,-0.01672227318229592,-0.16936075022123626,-0.3135602661994759,0.4775806594692826
-0.019141720651939215,1.7540349033770188,0.2620244125293948,-0.21304625223227344,-0.35352189542686346,0.12116041761850561
0.26517144782775265,1.2257965643204787,1.097895393335205,0.688131957785179,0.9152839366556575,0.7703398482293298
-1.4631511701679154,0.9092797673371835,-1.7835519524054992,0.7040358110612682,0.5424651726805351,1.280616763474283
-0.3943447479289965,0.25356360694642643,-0.1138692703387005,-0.37283775880886666,-0.01747836346555939,0.27383620095759137
-1.658320873319769,-0.726507591433125,-1.163374996873983,-0.12681343721671448,-0.6881041924707161,-0.17822912993275752
1.1287666358721269,-0.9467464099993641,0.004811721966648708,-1.6731564707364788,-0.7096922716343502,-0.6620256947026477
0.27831349748099116,-1.0323628005791137,-0.7203743223877757,-0.8379421189401589,0.6703827063985354,-0.7480054031799519
-0.40002510240718214,0.6968952255043647,-0.5821474074272757,-1.09084478461842,-0.703938654914642,-1.00219619646988
-0.30584532039086143,-1.241309797709339,0.8311286453544164,-0.186876566464424,-0.5200846965730503,-1.0690541159928606
0.6794423300287372,-1.6221274886470487,-0.8667598311880348,-0.6411438750814817,0.19642611657616021,-1.1172982389199506
-1.690914478302403,1.727240408525712,-1.8667875020560392,-0.8499208127891286,-0.0563878502619289,-0.8489868047076575
-1.1697818630358168,0.26025686857599917,-0.3742377115215,-0.10365610969104412,1.278200418830722,-0.567854975482849
-0.010631739625887874,-0.8830118856348786,-0.9702054152352569,-0.13328250626131427,0.34937310365773594,-0.0991229420827638
0.2969000392345406,2.1030246024876695,1.0175234412437306,0.5027757902947081,1.5356146396131247,-0.16287522197694126
-0.3064209678718026,-0.9173457812751673,-0.8452940070695296,0.22925089993061257,-0.42429965247225127,-0.37490601525969225
-2.1457187892695666,1.8514160466797445,-0.5939138035780258,-0.6709551584078471,0.49971819301572196,-0.7120627422242638
-0.6377502622185012,-1.0436212510539604,-0.17868237971474313,0.484823437210652,0.539803486047858,1.0713474422242135
-0.7787026700182338,-1.7191433876396847,-0.7092776343711397,-0.02838523668754691,-0.3024856208061561,-0.7899146857551819
-1.8093180612177862,0.9102280894038257,-0.2805637770391448,0.8798301986045713,0.045764938280098345,-0.28476069118324226
-2.091514849145614,0.692211996036643,-1.2182421027749348,0.45404430286102165,0.5698979553834788,-0.6593691899166998
-0.43420744191835475,-1.7974205080316208,-1.4178048306628999,-0.5071867472519384,-0.5563345467125371,0.5625329059171966
-1.4512153726019887,0.3798575792101377,-0.09405147866745837,0.25257090886340494,1.0202956503059775,-0.06167878191299209
-0.38499024912961316,-0.0450549959059514,-0.7624019921592975,-0.622115427402396,-0.7597782524412652,0.7082413362917928
0.12295741465909649,1.1559292312691245,0.667860386373537,0.5783454903123083,1.7402908634795087,-0.9488123851199295
-1.5049477293071205,1.1351573683009422,-0.8151786018771784,-0.004831830813418074,0.2888181868811967,-0.9968281038650896
0.29772718613165045,0.5274894085532192,0.018335777087831236,0.08687189972876264,0.6639641870253619,0.3796617105418531
-0.12052763178320103,2.560927449002812,-0.2946818374477074,-0.6929595794071263,0.341480504471978,0.22824646355171416
-0.8126004750632216,0.22815059919620645,-0.8992510183474438,-1.3481283694942001,-1.297629664237444,-0.9580112868407511
0.6774989121443697,-0.7918276115668125,-0.2033025925208474,-0.48348866892322884,-0.8377063051625909,-1.545743941081783
0.9023177889556989,0.09553538640358569,1.615295822198345,1.9716824812535352,0.6322825370157821,2.4248112559201824
-0.34082826370539093,0.08234171563854657,0.05039018545668834,-0.06164901306720484,-0.6383768107686392,-0.6631858860432749
-0.45699423571134257,0.5082303135137302,-0.22536709029401034,-0.7435079306990714,-0.28663658177266793,-1.320923108243103
-0.27796471874437656,0.5238371934457321,0.5807421734530317,0.8108046744932785,0.6346843081629736,1.1903231567235026
-2.7602546258831517,0.8330815635403582,-0.46472468238928966,-0.7680502988145685,-0.550865625530802,-0.6909331458074635
-0.6499502062193455,-1.029324790660802,-1.5998637081447462,-0.34557022975691637,-0.8936637563043777,-1.7831547816441287
-0.6043675574453187,-1.7093239968723795,-0.12819658063522027,-0.0747527645334778,-0.5559932515049132,1.5101238378374644
-0.5359956881252133,-0.9942345000609406,-0.49249827158018766,-0.19091904308075683,-1.3164246040323395,-0.6229698702686578
-0.580982746225311,-0.8490803954614837,-1.1822598821403312,-1.2985921539315484,-0.6315424218552557,-0.3283734781346377
-0.7366474935394532,1.0805637022777617,0.21059678847228266,0.3198721487598514,-0.09127207775883145,0.23267095220253609
1.281059081577503,2.089754204603366,2.6575778233709384,2.640506195877281,2.5721200283244414,0.9317356268732836
0.09291181514026174,1.1187150543699145,0.145153242875277,0.5231539621545569,1.1139998585077002,-1.148479124000011
0.35016767259550746,-0.21844020678997933,0.7999458739221577,0.34534231291999407,-0.38731901900494764,-1.0579934325788307
0.5746657355263178,0.2685671989162826,0.5540447124589224,-0.473562990132478,0.12166398399744514,0.6407563434872066
0.9276795783567162,1.0472443830522782,0.8404353104675709,1.223598534238862,1.4980549241284973,0.3372170258217023
0.6459310466840406,-0.6731408245103176,0.2358474300606484,0.5579808366954088,-0.5893900440426675,0.22832577358080755
0.08017765054460729,-1.6794568870581812,-0.19138768623474478,-1.2529250649650754,-0.38900763267070315,-0.8424619263979086
-1.693932223668284,-1.2357606578105214,-0.3736170060380163,-0.37217889996565534,-1.2389655161327933,-0.4281852793354239
0.5157584566297265,0.48305773497266724,0.5898285066658805,-0.5396466869954982,0.27363988388072347,-2.0304145916674385
0.5706896028266809,0.6799909097254248,0.5593964417075249,0.9720871073070528,1.9495520968238818,0.709922087555603
-0.5516540815597101,1.5534560355181457,-0.15198697342707437,-0.47396438488993337,-0.11268837829641659,-0.7195012147092464
-0.7722919159531121,0.4109018673586592,0.21546123808780104,-0.6464916299467672,0.18986171312724717,1.2385615711191873
-1.7436174170007894,-2.2065261619809506,-0.13271177194296901,0.07128609989569251,0.06208178677359963,0.3632035637168327
0.11120997224701089,-0.1981912448947188,0.9727886614256303,0.9260707852135761,1.2005839774904767,0.6542434150142323
-0.7029159148386274,-0.10145857201944826,-1.3388328845197974,-0.9408263229509926,-0.4318414400970193,0.9356850470571205
-0.8086625216066772,0.02700564942358099,0.14579488565511128,0.1754114709526571,0.5405296454484226,-0.5521792826388554
0.27172560386103456,-1.1324086515264988,-0.6136267865287287,-0.6853839989431637,-0.6404270907772833,-0.5143114882209656
-1.4047220946238277,0.20345958690471536,-0.9093792779105914,-0.4327620395196633,0.08625137007236791,-0.9796315233492796
-0.3088520968427417,0.4983163781114232,0.6912270320700514,0.2124748822379017,0.049840216561147496,0.32130300551212954
0.2022519262178665,0.10303329037726411,0.39358543091630876,-0.1829342837141756,-0.35784452987853316,0.24285780994281386
0.6254127507197652,0.6260359481730686,0.8305981231350223,1.1320351863856477,0.23409014492103628,0.887315526652119
0.627296339275103,0.5018779132744942,0.00957558018485757,-0.7890226820189071,1.259362349319199,-1.287179969346377
0.2798217982631238,-0.912760740202539,0.3073529201233234,0.1971301758341713,-0.029123980460719984,1.3721914974367395
-1.630313053647784,0.6539613521588211,-0.8282735783914659,-1.0358256164013588,-0.9600268623310597,-1.1840086652414794
1.0412494725332937,-1.0130039204819394,-0.1491219230556863,-0.5700016078705977,-0.47586461058412843,-1.4521847674478066
-0.0782450445843609,2.0872051598325925,0.8145612090712236,0.46360757915226664,1.2653522673181679,-0.6310727138069443
-0.8930203482540056,-0.4679239610637315,-0.8735485259657417,-1.3525418534030986,-1.3908525793974273,0.030162174212108803
-1.1904138270147753,-0.9193045655627423,0.01696185969948367,-0.5917932454200932,0.03040614822559532,-1.0826575757899293
0.03530750842938124,-0.3480793941637696,0.20047718243063295,0.48181777764719413,0.6547898174162714,-0.8123811761096664
-0.4868289712390466,0.5742220302209355,0.09940963270137736,0.3705646267790301,0.6811701773717888,-0.5344210721270146
1.1593600409778622,-0.8109339079201493,-0.021732663977440315,0.6591433762191354,-1.0918916896311635,1.4369854074551556
0.4691662014832849,1.9610859705397785,2.247737300749259,2.345084573774459,2.025957283622913,1.644821793393202
1.0288120789023565,0.7372121046521584,0.8996736601965337,1.4427448489996901,-0.1906146757474982,1.3132796842636942
-0.43316841988715526,1.4616504566956883,-0.2369861875765723,-1.5212820332790367,-0.4153648423744349,-1.6521466497776525
0.3622104093849154,0.30154788172487335,1.3994760841120415,1.524083702865927,0.7697360873722882,0.30618993183301163
0.8172589836776326,-1.1529841237933176,-0.001121379140242633,0.28691892374919087,-0.3272608468622264,0.6351971102437111
-0.21843222777632718,-0.9860727214904226,-1.0905588134692972,-0.5380770201297581,-1.1644254784639616,-0.6011221581251525
-1.2222366902650355,-0.1885048783332162,-0.3412007764918372,-0.013926923142895302,0.7413189913645605,-0.28569769946917295
-0.12824929646074082,-0.5908467151671447,-1.3588967050612548,-0.257116707387479,-0.20776158763855218,-1.1440523241957299
0.5107669368367838,-2.3071426007197164,-1.9662466021134672,-0.16429959083311746,-0.26194781853275195,0.9662825966369518
-0.9691243755478035,0.967673329269376,-0.4706896643587891,-0.32464861782438537,-0.7682570576704701,-2.0433563032710937
0.028892791457403585,-0.613526432811896,-0.7366720840792774,-1.171094068848282,-1.0013614679747695,-0.8874703402442158
-0.43631216824877783,-0.9355183763582439,-1.1089874246685159,0.7417228949617635,0.21553848048983484,-0.1950521896028635
0.10589433306235667,-0.9675973291506612,-0.018346484112100835,-1.2341164967680858,-1.746688915851554,-0.8425409645109314
-0.8767997886524456,0.778607695300362,-0.0283459069842716,0.22446837525372046,0.1104858839428581,-1.3948806430758416
-0.5884329655107656,-0.9083304882197354,-1.2922167723115556,-1.2928716384229388,-1.9064222440228815,-1.603498883538116
0.14952994473827916,0.49515126843935475,0.016530262035509294,0.18627866050846853,0.7144955893185295,-0.9661550156376897
-0.8507132385031642,-0.5771143111746381,-0.5755856506072987,-0.6877052544901179,-0.21863285042880282,-0.8872910444791632
-0.9151135937182411,-0.09544389768339363,-1.8391235912331603,-0.23790793245086805,0.14582456633266191,1.2045594508264812
-1.3255068070885185,0.19390630886955276,0.46031212417923356,0.8139411261010835,1.0335427443653193,1.9385356565588172
0.3466334352704427,-0.41072718960259946,0.9130881471069175,1.1187344302950197,0.22266201415092432,0.4576305390820992
0.9502012838555225,0.24623899448200343,0.5282561360866238,0.5257506193357149,0.7984466789829913,1.1867055338133503
-0.21898849324290473,1.1043013485291207,0.7838840354005246,1.119911379207332,1.5493699871559914,0.4540301058738653
-0.693624893138085,0.29461913926688815,-1.0939429222289145,-0.10758341827478597,-0.7411595503555973,-0.45218404060829887
0.39471591110802307,0.9437402030180603,1.7136350438152552,1.4717301506548837,1.1911994773738226,1.2370342022140859
1.1628402643068865,1.3140945120285086,2.706003397455042,3.398234642528186,2.9790802056016683,0.9868478098161596
-2.8492695627589284,1.474085824780541,-2.0682554370517274,-0.9217702094734375,0.41597196057789815,-0.308325221668217
0.7826389005266774,-0.07672175031240575,1.648674844048144,1.2079269495321474,1.025935304535594,1.198699529125322
-0.7876950180201919,0.5065055896581325,-0.13430492936312258,0.1900262609077792,1.3822763219892469,-1.051319180494818
0.5909932791044685,0.8401169141146472,1.3996385955475605,-0.253987668719153,0.25179640651683016,0.362817935334741
0.10391508015548527,1.277900761872694,0.5381661088782618,-0.21339461405213175,-0.38996713381083487,-1.3204197425344044
-1.047182150010867,-1.0082008691964588,-0.8003256582089792,-1.2666071181490133,-1.1089825944073193,-0.5491783870735935
-1.5828188479019019,1.6333925050007319,-0.4939517473263137,0.2496138641737043,1.7346814649905222,0.3449232055740736
-1.5074504857903366,1.5903107825669278,-1.1538789180594695,-1.19988166344461,-0.8276494132729988,-1.7064103723960549
1.4444792553526347,1.399579102338255,2.8118644253782237,3.3355335935162005,3.028634920319157,3.62893288386274
0.05017505991862286,1.6249026564761837,1.0839053457913874,0.7235819553073831,1.8613616447204615,1.5457613798600587
-0.6697182828632434,1.064493265354833,-0.3316750190968828,-0.330502870693153,0.3189634449052974,0.6464459132199404
0.16886831670353555,0.2123226680682508,-0.5400697717268682,0.010997943104533366,-0.25553171886200565,0.09416059139836779
0.10502237194734593,0.23115173287462334,-0.6336139933056468,-0.8335488363446788,-0.6258932783775404,-1.0533340297633123
0.04033371827130132,0.22348009464497748,0.32405810851030253,0.12859552403287178,0.41087032318219524,-0.2558703434874843
-0.34746058100403837,0.6245403852521136,-0.7438696847925874,0.3326812408154645,0.05812284014300842,-0.44560907749689094
-1.3760473358739689,-3.3263585642332534,0.2603699826179545,-0.003293648800539447,1.1938115755575145,-0.5821067373425539
-1.3830086583567829,0.24558485111657122,-1.6577922191390244,-0.6126175545182136,-0.8070121392981006,-0.29700299387379997
1.017868788811234,-0.5479422714819255,0.9827841762069026,0.5233008843490637,0.33348790668469847,-0.14232981055186722
-0.25393810307827913,-1.3564882250065353,-0.26661156733050845,-0.22243688773172277,-1.912984622260771,0.7290454130435198
-0.08608882230638432,-0.577039221668886,0.10347349812427777,-0.43115045639546656,-0.38654861707714344,-0.4306512855882246
-1.1003375367688304,-0.6497799255141334,-1.3750812611580285,-0.07720650781411671,-0.321375766161731,1.9458538596216612
0.8604321421855518,0.4924958982071041,1.5050011355874557,1.387445818488846,1.3986789443226504,0.22905580873405568
-0.786968820609145,0.004123482549612169,-0.8147847132620045,-0.908947639891806,-0.29509022014981384,-1.5800922763382268
-0.06660957713782478,-1.4098627793705432,-1.1503928592545773,-0.0741756653188153,-0.4757057087708056,0.2862807980013956
0.07398371255966005,1.3811009388479338,-0.45002348394013564,0.03814734543656123,0.5512610490822009,0.32874670359371394
-1.0464506763680699,0.5079496900285551,-0.9076097952294677,-1.219433200059462,-1.436920403518605,-1.410363754109059
0.14477268699068796,1.8514045929962855,0.6021968135769775,-0.012082689215109368,-0.5485185111766755,-1.3155478485434193
0.3209719181705626,-1.4528557233260868,-1.731749840588165,-0.9792107683834078,-0.5900073741536552,-0.8661737306821119
0.3942382316815394,-0.22946949484290544,0.490944838149977,0.5943442865377615,-0.8221796099736488,-0.12230821033126578
-0.7113436452378089,-1.6884837464885487,-1.7211543166314902,0.17717724170868407,-0.5310411306851595,0.17849262325750898
-0.14244828437789733,0.03491554890901115,-0.45404044160287466,0.1615679050365477,-0.9451671660519535,1.2771592183419886
1.0083450946259735,2.3378835112923384,2.861812159375666,3.6104952128865144,3.77447412519913,3.0686475980428445
1.0502151235576802,0.7694533581584435,1.8472644812543484,3.271653815306225,3.098970903360644,2.740155225768424
-0.08951210630737308,-1.425965533001773,-0.30933384774390366,0.2376110001109273,-0.2880686413782807,-0.7632907736293985
0.8411379027340881,0.4788047521891275,-0.45279363134849043,-1.2686449299963627,-0.19904907783779086,-1.4671275311671745
0.8207563649718679,-0.8599058903183059,-0.022050464108315376,-0.8990095199909006,-0.9261440917336747,-0.9959596795806793
-0.06362076573005002,0.4773610253721174,-0.3284046395788337,-0.3917470118535261,0.06725956585388888,0.27182805116416364
1.0985714674102431,0.029140005407884053,0.8385301050901438,0.30716995859613816,-0.6914009138610654,-0.9561124666227423
0.24375976599572075,0.05551600731614079,1.145519027419476,0.14381640283223765,-0.12565488568688366,-0.6689994094550885
-1.5740080300443509,-0.5336627246359487,-1.063328563119829,-1.2389056346758618,-1.5566598491260344,-1.2385860405463835
2.7013105101115085,-1.093225915379919,-3.3843379592690184,1.390600769683545,-0.07435547350382722,0.9309401384716738
-1.1626484259517573,-1.3575198338356578,-1.5170894152171697,-0.28034171757906756,-0.08586760518257763,0.0952669278945645
-0.2873525027312418,1.086316980362894,0.5118030758903627,1.4068741578884172,1.3022788366910296,0.04085199639499881
-0.24003253711472036,-0.805513442730228,-0.9629530481911955,-0.20068252980358237,-1.0694317328210825,-0.5876708537021175
-1.024902592568453,1.4082786545731105,-0.9578672337635391,-0.8902303662287171,0.10117612977512505,0.6625102380191698
-0.10665552003967053,0.6100959294702268,0.721547101728519,0.1303059379719616,-0.5755218357257066,-1.0582713121159613
-0.07434716096453826,0.1557271705635592,0.25819325312859703,-0.769334526492515,-0.3983819881843016,1.1072265787548425
-1.141516670255238,-0.5236480637296546,-1.021860417347047,-0.6589351324103935,-0.519530423348689,-0.2220721361438657
0.7137011956060555,-2.5940197311837943,-0.9217094007495512,-1.3490608983427974,0.27854890802634497,-0.6043636234157241
1.8065183350919738,0.4235093560595352,0.6688886792644887,0.2968743290150217,0.2977921626416006,-1.652699595255621
0.6684925472424791,-0.42513724066018216,0.011758486903658218,0.35892567686164073,0.25523018968242495,0.2709527293998203
1.0299198928852769,0.26691129803208313,0.4101528920162423,0.26301154934513754,0.4884572691035255,-0.0199364620266982
0.8424044156856154,-2.641456011648681,-3.0088354361832526,0.8163263460132157,-1.5553852959027004,1.7076366179841305
-0.47709078954284084,0.2292895325673095,0.1176378670364655,-0.06934791979132993,-0.7524705569474446,-1.1086400831428298
1.617679335224367,-0.2529200362581537,0.8686541455018335,2.2690863477931864,0.345650718663363,1.4412375598488059
0.8941386927992381,-1.2731893844703333,-1.0466106906705765,-0.2812016082333563,-1.0633547988800012,-1.1233970486015004
0.8116107266796128,1.0103279109986436,1.504054555169772,1.3788619618191371,1.7974211631824684,1.5991572506889495
1.9881331850507065,-1.1903554812915838,-0.15278282017118944,-0.7426998299713108,-0.4708899612799991,1.1637727975536074
1.29231605711438,-0.9876260217381437,-1.2991943953201832,0.3239058397911869,-0.27008410461159754,0.250864774775739
0.17782979328329074,2.012889676380981,1.731306944679334,1.8612538221892834,2.8469883281277224,1.6593780818190529
0.39280939095254364,-1.0496228242035892,-0.24234373369495885,-1.466060039680272,-1.3762484515424735,-0.2302652535348447
1.5049922801043152,-0.41668543984913736,1.3923836598999895,1.1904544102769576,-0.5672425141064873,0.09924836337284902
0.977885824921883,-0.3543736336681826,1.3126343549561097,1.4316098895160652,1.2981028875581702,0.9668304528683479
-1.2146877795825277,-0.42025282118189805,-1.464575724593588,-0.8559495007622775,-1.0558528163228316,-0.7425886830899335
1.8051973606552276,-0.642590528252627,0.3227676434030089,-0.3668702886567516,-0.8434178515704158,-0.9766751702989834
1.0887103092583674,0.3126159727366169,0.6858224390570451,-0.1251494042175584,0.14675742173721346,0.9426865720070156
2.200759725616846,-0.6510028117251262,-0.666577985106647,-0.3225150259659389,-0.44538087938408594,0.46753772882414474
0.1645941158039366,0.5930090409073587,0.855149885653098,0.32676341229915484,1.6704086070361626,0.08226126823933692
-1.7272720761503022,1.6618089700016117,-0.8150150802574557,0.15589615905850576,0.8566074633046508,-1.4024869728288507
-0.5183623265740867,0.21766211858979104,0.15108386972624918,-0.7113878949575044,-0.8685253121815351,-0.23920529038938765
-0.6052803281565796,-1.2301601293704265,-0.5123359385126162,-0.7812839375567,-0.3403406665145506,-0.5551736773298102
0.26401956227367546,-0.17848899875253346,0.7247961128337799,-0.29983377403536104,-0.21266831964897318,0.17184980017100956
2.7474443348397517,1.3078667343843708,3.5207256676109417,3.6568617901180915,3.363172277835094,2.823957437080895
-0.2971444377797972,-0.7914286581332977,-1.2253947239838812,-0.40974390508989245,-0.393877619421976,0.5377517787594581
1.6855464631736896,-2.174963715684125,-1.1520467114144155,-0.9669513203169984,-0.7155013311517183,-0.567859596463697
-0.3713572292123146,-2.3929368371150352,-0.8964644750382712,-1.049140336904039,-0.630493816582378,-0.5977122651853093
1.0665215241297812,0.6347608589534259,1.0324061199790144,1.1479350450136225,1.3137024639784958,1.0115182569490193
2.1912289236746676,1.4780970226237504,2.537207172795723,2.189969627500969,0.6755070880388598,1.2948599581702265
-0.24979343689793412,0.35188245475710966,0.14421400827732986,-0.8438498698119447,0.8112656027805274,0.9127323009930777
1.5157709410567541,0.002067374709713338,0.01315478438756325,-0.3812132355312364,0.11878893433043415,0.3879200364452449
-0.03034327055913231,0.46535240554387514,-0.5918354883113441,-1.2432858328022873,-0.4686449118538748,-0.44160762701555334
1.1020909943184656,-2.433869112655637,-1.0401238974829587,-1.2620140751161613,-0.1741149855460093,-0.6824624282447237
1.2026337386137533,-0.03488571604649642,1.2549134516808305,1.0621614539080155,0.7335497352568033,1.4457451489649602
-0.11493258565787527,1.3893982596383962,0.0029971726895546696,-0.7835539403008405,-0.39486096750588606,-0.12144304550608012
-2.0918583618111417,-0.7457730455977665,-0.06903287508081879,-0.1767139190074333,-0.4065294143474826,0.3887625928671644
0.8678194547978402,2.1522925212244224,0.8716277636846459,-0.35961485015502387,0.649336675212612,-0.31809614090181604
-1.4445827880520814,0.40570150620454776,-0.2511511215985805,-0.28814040501024235,-0.17469524869301017,-0.0764151380672376
-1.4594069326614902,-0.29392750511666743,-0.9877485281461352,-1.460493986837132,-0.34127813515637156,-0.5686134649149728
0.2106172868621308,-1.170998514615639,-0.5914022461417099,0.3555748506050161,-0.018450628907938256,-0.41412280803108037
-1.0813353718727303,-0.9067355370715028,-0.9000610175203495,-1.1110266303939702,-0.3007677595871649,0.6798611563777038
0.8720216611764536,-1.376622446216327,0.8879513380508774,1.3141847449323896,-0.13574484786651073,1.9273104978986
1.8232255781600182,0.7272824931216723,1.8744165482173056,1.3302945035490132,0.1163344762271607,0.4244338210547524
0.5791490786692316,0.31282032646074104,0.13911345219838808,-0.4874090897426306,-0.27864313239954713,0.4372199834640805
0.86465546411536,0.8956597541898159,0.1449981666448125,0.4333240401431975,0.8338634560862571,1.0824669820981399
0.9808304155778745,-0.6519771531548756,-0.014767678773162008,-0.08638911625520337,-1.1253718959856052,0.8836087059960318
-1.2554913764002067,0.7135015215223516,-0.23769453477958188,-1.8541407567975967,-0.9408482543388844,-0.2433135629373117
-0.6398533017589231,-1.3153889079393029,-1.0217605227950006,-0.9134301570425019,-0.7673880188388091,0.34511090003858297
-2.3717113689638354,-0.3387359977880561,-0.6051902004536142,-1.404455573524268,-0.7796882844349412,0.723644545910955
2.132052347704426,0.1634331397650051,0.6879620834841873,1.2670479711070204,0.913136288517965,-0.943685163127868
-1.6062999628592258,-0.30444975966272253,-0.45740537168274215,-1.7770896480791303,-0.8852563925297517,-0.19517052085226022
1.016219776974261,-0.7765620262256494,0.28162924109051574,-0.41328240560483315,-1.2705947428807975,-0.05724698040364835
-0.1609125481954006,1.6697056004401565,0.3965334445028392,0.1178551206347008,0.7685740860066013,0.20345206055758336
-1.4709849824191805,1.0598993889854533,-0.027410747215035346,0.4036357287818434,0.3235389573595476,-0.9499570128369126
1.652822463960736,0.638840975035893,1.2571088179645895,0.6927497479366636,2.0094750459200483,-0.19356411261278086
-0.13818627693060404,-1.0980859369074902,-0.1196554292642208,-0.30776213158809423,-0.9926829287190543,-1.109820695342268
1.9681304928662045,0.9563514513811832,2.7680519430027286,1.6638140550010627,1.0174680252436972,0.6172222188392104
-1.3453566766519178,-0.5062282884618963,-0.7643715026792944,-0.6899108852344075,-0.9684195425917889,-0.6085479704416251
0.4344449149767102,0.04400027172758035,0.01604217789770301,-1.2931583642506683,-1.0001840590575957,-0.604989439708219
0.9513644774236317,0.2599477856389528,1.1058233915610147,-0.22969850647812956,-0.7283634608676797,-0.6348268983589818
-0.9289124081561012,0.22258555773802724,-0.34920583433428054,-0.9610374837332004,0.22621188750475218,0.5053157157779589
-1.090775699729946,-0.33239014631912184,-1.3782431735936989,-0.9653077782094031,-0.7832524386800159,0.5229841658666363
1.1068594454042884,-1.3644437103453446,0.2303071098092324,-0.08689667690358542,-0.743711157210071,1.0537938222795258
-0.8952635132369193,1.344404947299695,0.8347737619349997,0.12779177525372384,0.27601202826583593,-0.24374823725254624
-1.529214440799729,-1.1799627224377207,-1.9463176282318821,-0.147557706587397,0.5818586904219252,-0.1304917519319871
0.7055485410653364,-0.48870351098078196,1.0341017286220264,1.401911523057324,1.25907817347996,1.1331801675680062
-0.41815866234044013,-1.2197723320963811,-0.9184343151603055,-0.791170123485662,-1.5677792502942438,-0.11880761264546877
1.185867655447688,0.7969932424995835,0.4863242876724056,0.7062441708510612,0.5500646145946573,-1.0815184199567867
0.35176631531861563,1.7113733169160252,1.6154003549096982,1.6293157834072056,2.3089969255875644,1.4821642385236726
-0.36246506663796274,2.1073991060200346,-0.4999968388495765,-0.6389287812532771,0.2732779419691615,-0.9083735456453031
-0.1973247741430945,0.38281018235960207,0.50565243305335,-0.16746612629985602,0.6042984459891394,0.23655661479592494
0.7048513110453564,2.3009640451303124,1.738253807982446,1.695609408017806,1.4054932135549554,0.7294739140263238
2.0991325072978846,0.38119904501765695,1.6164691850564616,1.7979406683193684,-0.2551861368237201,1.1138712873896213
1.7986452947494196,-3.0033780131570844,-2.231127146702329,0.4789543995382595,0.33188582707403286,0.5196234565398473
-1.2680179222335608,0.08175485421965563,-0.20752836858490534,-0.66440473309585,-0.8762275135415349,-1.2188127953129524
-0.6031167425130528,0.44837540364665035,-2.2521086232728593,0.11512658657455557,-0.07768752152691072,0.1043038676593788
-0.6323289724103687,-0.2380138077356936,-0.13323819628572448,-1.3000982314672693,-0.8053950858639601,-0.29935477613255
0.21689773191402537,-1.1775749429045432,-1.257780521144673,-0.5986043542075434,-0.5983542470664824,-0.874214340241314
0.21169758923236637,-2.000647712752338,-1.7238015539467682,-0.11408131348466549,-1.488156708086998,0.06365168621478053
0.16073864188574197,-0.04830614288983527,-0.09290555667268756,-0.09220750328031616,-0.08320513594618797,0.6245293532483057
2.0464565423409957,-1.18395026087407,-0.10578074781852563,0.09912557752092525,1.0629192893902404,-1.3379586598823694
0.11738436608986919,-0.9838499365490626,-0.4427828171772287,-0.3716164947536186,-0.6283089248612437,-0.8416510008273881
-0.4293570388440033,0.3852170853382301,-0.20261183461680568,-0.8371375080733429,-0.4325666062061751,-0.9262187949708781
-0.07701183179179072,0.9126051044005347,-0.21148348773779455,-0.005053857150993457,0.015468033851796728,-0.29219382756120216
-0.3704209331627784,-1.1870153117473452,-0.7114647321129282,0.38527634435348257,-0.4012236657271944,1.3884857757550422
-0.20972858375122658,0.3928839013658936,0.05432277204148982,-0.47018825315811374,1.2991557483470197,-0.3244426194697694
1.3558702949719608,0.33569966261637235,0.624000951424418,0.22503915683011305,0.8909208062694615,-0.539208018871029
0.44288659059170354,-0.4711546195213157,-0.6401070193292521,-0.8146981619148302,-1.1919216316307604,0.05732488450078994
-2.329877147370205,-0.4741803661825567,-1.2397162201188676,-0.6161944489153758,-0.3462102376305023,-0.2790829492596815
2.3987530136512873,-0.9275727470317605,0.22297752885577063,0.1516021916525725,-0.41628336337130994,0.07900984724038872
0.5831926392785314,1.3756826860729754,2.0036117666624813,1.4982599558039102,0.9141874424031895,1.3033187703643299
-1.8186504079503256,1.2201287806895518,-0.24646452116395318,-0.36022691162108256,1.2789975325007115,-0.19102604872092055
-0.49435266319940485,0.3217202275384066,0.38833386522171437,-0.28182547748770986,-0.28235981461901005,0.5616320666934571
-0.5958940966718052,1.8030081931848065,1.1249364471745524,0.18175316843796868,0.9534642839367283,-0.2088771650209922
-0.03774762837403054,0.56636234339016,0.7972330667256068,0.06410694413308987,0.7471216751269648,-0.5315531141432529
-0.3961936400911637,1.5483337797206103,-0.3170028531222611,-0.3304105055301756,-0.239597883137475,-0.15410031379736652
-2.3219088616139856,1.0503502874130044,-0.10776070749776329,-0.07611049392787111,0.03439055672419189,-0.5172081970533587
-0.5593061103511532,-0.6454000790944217,0.04622125086568855,-0.4266554861972109,-0.02074764221887447,-0.6693067845227226
1.6539935397606538,2.117148834182661,2.50923833216515,2.2089206504401955,1.6573306993994354,2.1062483120073145
-1.4851999037160584,0.582327494885332,-0.041902858711385674,-0.24823899049199738,0.3549931303488202,-0.17436626333360913
1.8380777092402993,0.19318645441379348,1.4407364165101035,1.1469999279523915,-0.26992261755966435,0.6762198601804653
-1.3319433148014639,-0.8252887640677085,-1.229656019434841,-0.11352331061176528,-0.244475473253909,0.9545611728123848
-0.909752316030716,-0.32508738093870193,-1.5578670177336258,0.4465179144078591,-0.8937692964782205,-0.42862566123847545
-0.22815883852797647,0.6595437057939013,-0.7191970256216442,0.06951560917028864,0.038595591053055926,1.2329569305187207
-0.7356710459275478,0.20664560839774643,-0.4012524742236334,-0.27363742449683515,-0.015334283486545962,0.8978300672550121
-0.393379000694894,-0.30674282940626146,-0.43161641659242517,-1.6191949614646437,-1.1475450375840215,-1.37728166751642
0.4449488653692369,-0.2539447068114351,-0.7261093590085336,-0.7937850994446634,-0.319931113978248,0.6202691298818632
0.1538401117766863,-0.9748225637663579,-0.4292819263000051,-0.08731911446086339,-0.06424563934579505,-0.8905077930783307
2.6349199650691912,0.05289676363412461,0.49548612137872244,-0.3804556022308329,-0.39029645541921554,-0.8122886812248054
-0.18615522641263543,0.6573011790941619,-0.3941648777734305,-0.618088959333132,-0.031217929202418025,0.2996465462357936
0.5589409705307339,0.36109393970475817,0.8124418776823957,0.8284187200359131,1.0325738394786945,2.9633075251953636
-0.5231640536558985,2.5345877978175566,-0.6970973596940269,-0.4656647694652699,-1.0521579067473172,1.034422437892812
-1.5694790316069056,0.2703558488076449,0.10451888727962001,-0.8883522511067103,-1.0889170257395322,-0.9691176952067425
-1.1078009278017251,-0.055580976983244275,-0.6822130159219635,0.14788527511606772,-0.3899756985653818,-0.4773834979871686
0.7877425239852491,-1.6381815372695483,-0.24154864237166795,-0.6736935544945695,-0.22322352891461936,-0.06612824707610915
0.7153286946664147,-1.5473210698054611,-0.650652975273822,-0.7531241046579271,-0.9637981002576597,-1.6475789208461271
0.173782658132848,0.43111345066505824,-0.1757072859732674,-0.26243108892193917,-0.8685125206189336,-0.22443225290594931
1.5193422866718216,1.1630277691297002,1.99908412541557,1.7894318135902532,3.0039474757689,1.9374224281085495
-2.007701957234414,0.7446192418174811,-0.8980247538317634,-0.6517915740401447,-0.916898246102111,-0.40063295540880867
-0.4517175234536179,-0.43087986587810295,-0.27925171963893236,-1.2222233262113986,0.2680995950056645,-0.36024484699558984
-0.12717839842550638,1.4349472008067392,0.4759183357488029,0.17895184910555736,0.7909052846957764,0.37286745953830724
0.38324571372922367,-0.1786047955923057,1.4897214590421128,1.1864086772527038,1.197653518401459,1.2806818678955154
-1.1439874661968488,-0.1750609383950622,-0.9545738923418111,-0.5180765349844922,-1.161062816300608,-0.538174999717259
1.1343247933192264,1.7002737301057473,2.2938899212717803,3.2552706891700147,4.237783768535776,2.8962763198868404
-0.7649265549835741,-0.7761705073110154,-0.8943838299575185,-0.38362597521920666,-1.2030436969584017,-0.7828548986415196
0.21620761636517113,-0.28709014972352614,0.5592960292873823,0.4749301301452283,-0.07752112628579219,-0.4474317116175059
-0.6332819550934264,-1.3182108692044539,-1.4376205626538665,0.5106922558234829,-0.2013694899256637,0.9896248711586465
-1.1195481839587211,-0.6199992242526616,-1.072610378317752,-1.100399115877068,-1.2473672589268079,-0.6010396121350285
-0.6711001194831943,0.2245692792887342,0.1481909877919343,0.12577869753278112,-0.40335298369516115,-1.2743161682471942
0.8781006583222805,2.377723820439135,2.1259016018075028,2.2877985651659705,2.4123635643855486,2.0862909050115577
-0.6463126942046614,-0.08041728574784779,0.021594889600432467,-0.32419179384160274,-0.14939336521916338,0.7666633254510599
-1.2321207400360765,-0.24767591097065023,0.04846922130143115,-1.3301012593733552,-0.8232891359930593,-1.0946513248708465
1.425216255511248,-1.8313352203657498,-0.3382733654086793,-1.0182416968886778,-0.5744121395051177,-0.38967485908168936
-0.1331987045238586,0.3026509848455604,0.6623418292121311,-0.8462132603585254,-0.7080586169049797,-0.44671256358103023
-1.1942128725992287,0.5661171640381301,-0.5062326173065658,-0.8719383181974812,0.06115317356529023,-1.0229360528616813
1.2788657994736827,1.0854572625642949,2.516597507163664,3.2490866168404278,2.560630700729663,1.4424498343207537
0.13245865673148122,0.310270001787298,0.8169859927920085,0.07747627055618488,0.13590220139448153,-0.8627903703658507
-1.5884382750862158,-0.11479825852907104,-0.9745860710182203,-0.8150502852659935,-1.4843897368792334,-0.41272204799014084
-1.934822423078618,-1.1784748823574085,-0.8397584465195739,-0.19190373597218252,-0.15253624483778908,0.062013383169834256
-1.1510964392317635,-0.12802203630753253,-0.9510844660607372,-1.0304272300665276,0.05218426644100455,-0.303298961153162
0.23077653335640294,-2.8269077602952604,-1.0464741437017921,-1.9929195241939517,0.013537857441321563,-0.2029797610571993
-0.07777953432739362,1.8812067121084197,0.13633417803987175,-0.6829955969163622,-0.9916320293132332,-0.9310581338886648
-0.14657909518618686,0.7146990271296886,-0.277500885107653,-0.9131504067730645,-0.7082955616516864,-0.14584798169427884
-0.7141957892279962,-0.7481497130690746,-0.8367350373131229,-1.6112181110014618,-1.0226412753738585,-0.7976809896853018
0.641238935094582,-1.822538524388611,-0.10834528176312619,-2.0249830687112396,-1.0135788683715239,-1.8201853762126032
0.2060099333963167,-0.10043749924860777,-0.11952190426271674,0.38908789121455856,0.05176757749366171,0.3901745481864512
1.5098048954463297,-0.7878762141565836,-0.7598969207553473,-0.3628260215658504,-0.8126280370565026,-0.3107743234994642
-0.30948362768184107,0.8143363755027497,0.4825831699965551,0.17190185593211335,0.20777452626309853,-0.6914899875344968
0.1830649229980013,0.031645472750285814,0.3349116148118374,-0.05651293492609541,0.6059254239529643,0.5715108912001396
1.0162231471454015,0.17552888121189286,0.7394412260205783,0.010088678369629093,-0.20261799639687667,-0.3477585309580665
0.027511015850160653,0.9333684385773053,0.5566154858136885,-0.26479502145057376,-0.12207454769801798,0.4562858110231561
-1.740998467773857,-0.3290361306620757,-1.7228372213392609,0.361056634178297,0.5392948038980728,1.0294165614866164
0.7144327961823973,-1.943401899173331,0.24872134924488395,-0.30924686126104944,-1.5063483505158575,0.7177891055550535
0.956799859410919,-0.6737042763791933,-0.3274426937775571,-0.2223620149998314,-0.07682289822772288,-0.8839946024529967
2.0543447683836,1.1658764549808807,2.501827505305384,2.445532194241176,3.146756329410706,2.3460324557063323
-1.309654131334532,-0.8775674476709092,-0.35181712840750623,1.1780920193163815,-0.3497828718340807,2.181340287814433
-0.12332949870190711,-0.571843692306613,-1.0598157493184754,-0.36783062685642093,-0.5255058040034458,-0.9548730691252377
-2.194536375467826,-1.0353884489393566,-0.5423653916747274,-0.7335591461901622,-0.948194717041112,-0.3320649561582195
0.5409289866969162,0.14907890632936224,-0.4712998281674025,-1.8435284480344145,-0.15853515454242045,-1.2530463438334363
0.21721187889154656,0.7018004261607723,1.2576692185950784,1.084245570981553,0.8404984851834487,0.965076272284359
-0.0756100484730072,-0.4042410573562129,-0.38275857146366987,-0.7615488563257732,-1.1128915997070716,-0.13993174368119132
0.42501155324836204,-0.4597397161617514,-0.5645314075621424,-1.495730681168928,-0.0834462024328446,-0.5308615643619244
-0.7478023416716909,-0.4559500549598308,-0.19914807500935516,-0.42325962995022987,-0.8894011470090344,-0.24621905657282434
0.33150948401384944,-0.12215015824623682,0.14986336300396802,-0.12702728971065502,-0.14284272063029027,-0.06853958664340956
2.358991031519145,0.1799278382494786,0.18620960546534454,-0.4713126710741531,-0.5212096846892693,-0.22281046810092014
-0.9570344690666995,1.6690634739491639,0.8127941331947374,0.019066583652988158,1.2328694635956152,-0.11642010564399805
-0.4427757058955536,-1.2370186823465479,-1.7623612348662372,-0.20331076718397326,0.12267923291379217,-0.5818342745721905
0.3736258813734408,-1.5315473844902117,0.6275423581781275,-0.5482828220844707,-0.6374040850838586,-2.048345743102362
1.122909613898444,-0.8062042500778098,0.4621029774445356,0.028511185904961767,-0.33401185042141196,0.42101673672236256
0.19073739675824122,-0.806219129452026,-0.5310777288932031,-1.76656839096029,-0.7530160424240268,-0.7160418291527348
-0.28361881895993424,-0.10553407239406715,-0.856120862999543,0.7358840149971936,0.4815745492453787,-0.04423037124600656
-1.0967622323592938,-1.2019525988976358,-1.616979247881071,-0.36333550404552806,-0.5693981165161567,-0.6025029958931315
-1.2009822407290098,-0.048488030097295895,-0.718282044022023,-1.0722728892838567,-0.8423126324904716,-1.4252270971185028
0.21239155341534133,0.9182097401361536,1.2174634018303088,1.5519093463548017,1.563028355907857,1.512618952299489
-0.7632573641056911,-0.504622960084258,-0.9907953944315969,0.24002607066100148,-0.5454520651910083,-0.7009064716803477
-0.14023061009724716,0.9118315950100196,0.33125483132294176,0.08967763176981723,0.8191477378107195,-1.3517289010215296
1.0843003656941306,0.902958781306626,1.605298855507706,2.3840990699226596,2.736951726783064,1.8566495501369
-1.3888215039849354,0.38452957191595316,0.06000440801942677,-0.49510203991132173,0.6871300529600545,-0.3160735930258432
-0.6736747963625326,1.7988830303567351,-0.5023450427655541,0.5345252862459163,1.386194008308002,-0.44585544651849673
-0.018027855121488304,-0.7762701892429431,-1.206266941788841,-0.016146452897368116,-0.040899815947286554,-1.3071529035793585
-0.0603392988192732,-0.564246753494021,-0.8417728414568632,-0.7631186047139641,-0.4598456841848272,0.3156208321624927
-0.7097366604380984,0.20272801670533566,-0.9575303879077229,-0.34755675055077634,0.7895819756391101,-0.86845495289968
-1.8123355473973901,1.0969959018933106,-1.5802111692902046,-0.10133840188814637,-0.02468976434999953,-1.3030403393482228
-0.4422763422091291,1.1435925403179668,-0.9789920371604302,-1.284511763051886,-0.1968534845060245,-0.562752093655393
-1.4175284979721,-0.6965389369319481,-1.943762668657814,-1.05007175114484,-1.4445441219770347,-0.8348157195818579
0.6455507249827336,0.17271927934594403,0.02610748005816051,-0.09158335082035049,-0.102187661090311,0.29138108243152583
1.5067657984904288,0.5989060522183378,2.1326546634248498,2.1720705952509816,1.0611390991528293,0.9789477691933517
-2.0574193568792807,-1.007435778953209,-0.45328701368564156,-0.9707869899151337,0.35432672141719546,-0.67498420656613
-0.7367146176542487,1.7659239223091283,-0.18517645476760755,-0.40044420134735037,0.8791184518676342,0.3251534986098395
0.5383380217487662,-0.4800872219566681,-0.5235742068257239,-0.28733206026275643,-0.9405676296324582,-1.287003481468054
-1.0225007202668328,0.5024671283216512,-0.11413179445383768,0.09799475536812559,1.1644959229269478,-1.245022549140368
-0.2780242474860178,0.8268902644780902,-0.25710448834341226,-0.40165198672131397,-0.25961838066025783,-0.07702114575666878
-0.27104746012521436,-0.7209463395523978,-0.314997136101682,-0.9688711135381007,-1.12235118378201,-0.6997924282852541
1.1097850949322285,-0.7468589085742534,0.05376352885239825,-0.47747697266019984,-1.014710213078871,-1.2659761653034203
-0.04106367734980918,-2.066274350951229,-1.4499807636700366,-0.5702209155256802,-0.3994283061313925,-0.37121852709970476
1.0608150396510025,-0.4395870080041632,-0.1154924566292244,-1.085516449363224,-0.9969905855754434,-0.8456049850793983
1.3828236817385617,0.4074611148840645,2.233025771781821,1.8695302408840586,1.2791904866664707,1.6636129733911282
0.32673251278419113,-0.3693522581957144,-1.0035693341554244,0.46315174442673157,-0.01914594140615257,0.013373507831568127
-0.45309869188942287,-0.7642044271982903,-1.3253222793724069,0.7076966803762406,1.1570500374110146,-0.1453391971092953
1.2580704731837826,0.8351075766817753,1.4174438879351965,1.773381010939659,1.5654856464683868,1.8693292662964434
0.8835870455693049,0.75567746108042,1.2513733968813987,1.5820993294953636,2.2061010474269898,0.07480459555662029
-1.6145234473582237,0.2645796700819182,-0.8851609126889975,-1.9769756225958253,-1.6461495959642578,-0.6456968350790399
0.0889672008682489,-0.29256089745873565,0.7846077044999676,0.9615622481849325,-1.0615009367938006,-0.525363645566716
0.5485976190540633,0.22866291802944033,0.46280358777905856,-0.16151899348680548,0.63378935209819,0.42255622636702134
-0.670445935761594,0.036226971522259975,-0.44755166173380656,-1.0011009232906551,-0.3250502837394828,-0.7010786629214616
-0.1834308518659839,-0.9262173351784357,-0.04974708640138868,-0.07915943440769972,-0.6235824158643485,-1.6507787595524874
-0.6358280241306813,2.190916290808444,-0.05205157558253163,-0.2830060004217349,0.499546054750796,-0.35466608081859413
-0.4435406256776328,-0.9858827942711961,-0.7452091875188408,-1.480802710629501,0.31660166897058023,0.11377562968978275
-0.9743081674093099,-0.1664523363674179,-0.22190207399793369,-1.4956455447214085,-2.062193630897119,-1.4954401113377296
0.1335955051950086,-0.045759844244463256,-0.9754604728096816,-0.5069172606864014,-1.2230531230390569,0.6542623728160093
-1.1287926358514162,-0.6967061903523614,-1.077893469177846,0.0722187366800402,-1.229383974228347,0.06223959501189465
-0.6838018953627913,0.48445365876554825,0.010541518878629178,-0.4462896256878576,-0.19739556099327377,0.13021186864908368
-0.2298437459014997,-0.5562791040239056,0.08062774024918043,0.4481456161759484,-0.5490696020919634,1.292674462913693
0.3025584480965841,1.2366297107250852,1.7885243351325573,2.0569229183847675,1.3957802277740812,2.071854285299706
0.12942931403047486,-2.1355128228679443,-0.5069533997922457,-0.7450472987483002,-0.689206423201482,-0.7737194308612932
1.0989556468537767,0.005396877862317709,0.9938971340250079,1.6745181753492986,1.3403557265620405,1.2065656882061047
-0.5867674617624811,0.0253806845730935,-0.10100538579811336,-0.4390378467054472,0.3503181034606052,0.19125069617852655
1.2052087679464634,-1.7032035926469493,-0.9037994088534876,-0.21832205238863833,-0.2793611145475397,0.21054591181230436
-2.455964868874547,1.2506872289781128,-2.2813764756568853,0.4490052543544105,0.4792704652292307,0.00286707312543103
1.3105714882825157,-0.8000952188084532,0.3756940050713425,1.2813266126754965,0.5253055827676647,0.34851844162969065
0.11551882671353562,-0.3282315655495744,0.6874143548224263,1.2854803311085945,0.4565466836055969,0.157616511352282
-0.9152248004321372,0.11445987345080727,-0.5839928065439117,-0.4562028882511013,-0.2629229218595073,-0.12787791375457921
-0.2324132773957219,-1.4873524707565309,-1.379002671837235,-0.6699750191640834,-1.8220499840082633,-1.1403862385954253
-0.37520781312729157,-0.19124728453025688,-0.9324311201292905,-1.3513850395860239,-0.44297410187921915,-0.15975703183148907
-0.3222104096845647,0.9370963747735402,0.9647982751267922,1.2498323752612897,0.579928134050569,1.8054956621891485
1.7276583668666872,-0.028229564712698264,1.369659290068975,0.9575549809128089,0.25122460427028454,0.3271507693029476
0.21401764026321726,-0.7413423774182231,-0.002598008976512899,-0.006867943577088863,1.2374846260023085,-0.578373228177912
-0.8676058055412457,0.3953831980527776,-0.15299686100133217,-0.5833112509616847,-0.12513870121232365,-0.24572024905656645
0.2953826628311339,-0.5524753100144566,0.7737620195723456,1.5554137829155543,0.27470487290164486,2.0384068773734434
1.0607591635032818,-1.3365695270242477,0.09666882978326283,0.06402879041119777,-0.49001545186397,0.6292597754190263
-0.4335691717054985,0.4255960362708517,0.35243283364462163,-0.16843106933359392,0.6975202660334427,0.18865476861216243
0.35743656874736823,2.387607253472135,0.7289958638995038,0.5173158760926148,0.9558211416701354,-0.5650140417378252
0.04693067061315285,-0.29462263640934844,-0.3527132517931998,-1.2005037948275021,-0.5079546644639245,-0.9009824628668776
0.8795068792703576,1.9967891948668872,1.841489818817068,2.0129726597267896,2.1943932041482412,1.7101097422796077
0.3347162341322244,-1.7216630463955702,-0.5869049392355429,0.13322547860258258,-0.34994490508050585,-0.7562858296541355
-0.8854088598304924,0.18115404723461156,0.09723436851643702,-0.13490746320828118,-0.38451687179344596,0.29498871474502725
1.5539901253396713,-0.8746701440610325,-0.02074890502741625,-0.5018685044895297,-0.8301351699895854,0.10852844147759864
0.5915608820199894,0.6781951182173096,1.6662996756145263,1.9617396796911264,1.6813891697484469,1.8783775287448061
0.4555617247896687,-0.6180480910960823,-0.2575495116212678,0.5757688079272826,0.36041443447255844,-0.9415113395769481
0.37449914758022584,-0.0853473668461223,-0.08920242956374977,0.11985495693840653,-0.297659536126071,0.7769536878558316
0.36348639861069665,-0.02178302802959701,0.36032632523414876,0.8157358244036067,0.37724599366201206,1.3404824525550882
0.6186699937984391,-0.4960282405267365,0.269176430013417,1.7938345986371527,0.40329637751380937,0.6247179485058101
-0.3853738605237845,-0.005241060228356122,-0.5882230766651707,-1.156902136685749,0.13224209711044724,0.5080961684296043
-1.4401642035478572,1.0032572184417732,-0.5919064345861266,-0.23111121721518135,0.1507137767943341,-1.328871342922916
0.14560400604495866,-0.5989481914133773,-0.046113116350340766,-0.2978920382559479,-0.8664959200711118,-0.3942563304413941
-1.1614335173686627,-0.7910926611943765,-2.1137764151778016,0.614385276129812,-0.3330863847233068,0.8524909043686806
1.4902845787727115,-1.4094608792830583,-0.5835591588172938,-0.8732385517349682,-0.5425925344348305,-2.366767429487754
-1.1626125240894412,1.2788380835646402,-1.001645786463325,-0.810321975311848,-0.14577510800541874,0.5827268140841906
1.0172094052031821,-0.11321755856388657,1.8623130274720336,1.7491514823030903,1.7248354504671122,1.9556455694474921
0.36245804335275217,0.5589884272075553,1.1862723480355868,0.3299894431987721,1.0251085115944325,-1.2160971884490852
0.39261438232192764,-0.38085117042657385,0.5066054013941709,0.7066577292502807,0.6989186035611182,0.591979518206693
-0.6941236587986847,1.7151435671721917,-0.3664697402016617,-0.2835194728895664,-0.4941994297452224,-0.9510369193607668
-0.08831307935586463,0.8638098515154391,0.7127842795757358,0.033783098631550275,-0.3358961655849073,-1.1856015797973996
-1.5373626828710392,0.31305987668388713,-1.460758896458546,-0.03538993658965013,0.8842718430316119,-0.579356926002811
-0.48377024555764614,-0.5931977098585509,-0.7528669247458201,-1.5173295615090567,-0.23071502123789994,-2.3548509628048233
-0.033629863536911594,0.15145582247884967,0.7265608444284427,1.1782117942547956,0.5168653626955633,0.030685904013106703
-0.16226720105772033,-0.22873188490510996,-0.12214538774303765,-0.3832655253505247,-0.8313783811717945,0.6233317739857935
-1.1414344511412249,0.4421931201470845,-1.4057437184964219,-0.3652290321259865,-0.8667774970951566,-0.7629776457182138
1.3566593085379137,0.9151520114865423,2.327252485754727,2.827074246046621,2.403978404306831,2.4449646716577282
-1.3367230298838157,-1.3766105686449903,-1.0377326628254564,-1.2480629271301413,-1.4913880805242483,-0.7932088179941198
0.07429636626982207,-0.8391892449795098,-1.170521695955391,-0.24487194788630687,-0.3755680763848487,-0.027668582668738614
0.5306559683376624,-1.042796139771872,-1.1139584302504004,-0.9656733962060361,-1.1300394408454195,-0.46879479597413076
-0.008788653082793476,0.9644368889112844,0.20488030876321459,0.015722296240028053,0.8501293660039934,-0.2024048860783505
-1.7879675696706399,-0.7608056102569727,0.4811689425705861,0.3230992311117315,-0.3740976258991296,1.1282731925830458
-2.4125495154138874,-0.7799181004199445,0.18157642788268075,-0.43510256749512993,-1.1379929783597518,-0.7790127049163588
-1.1841165226258916,-0.11382194807764345,-1.2588873802968297,-0.8937231978454527,-0.6397138066957166,-0.8217236635064521
0.3950271596695941,1.0764421063008995,0.3037479212055098,0.44752898904764954,0.12900543773061338,0.5144007392446095
-1.3523892933191943,-1.0204535301027249,-0.5943318143724502,-0.4682283621160754,0.34974828949965653,0.82868964096225
1.16977610604089,-0.30062090558307053,0.850496044790399,0.8432622348877086,0.3864792257469961,0.11870191241773811
-3.532442770671984,-0.8910683238526759,0.5590394989045134,1.012109272880585,0.28244489031921133,0.39451950156051824
-0.6455910133207039,1.3419067579107158,-0.39245556394782266,0.31280557268352455,1.7922919747315036,0.8352719266074248
1.7225867130466763,-0.3104859712924627,0.8317464549616629,0.4326032609475575,-0.5381607582418111,0.22803851094007976
-1.1642516946248438,0.16475790763026685,-0.8966427937912469,-1.5370580499183812,-1.707432349124172,-0.662691670250132
0.06044276250250205,0.6600704805658879,-0.44290182793124705,-0.8525381706591962,-0.42393758858155706,0.08757237685102064
-0.03973574777584242,-0.2651055610322127,-0.6482996737399792,-0.23544942253414636,-0.8203398056006992,-0.07150658886515505
-0.36629013793537696,0.20464240999956826,-0.6899425388547746,-0.9231443581939656,-0.36627099130293905,0.641650422607037
-1.9599874512088242,1.7787635977244165,-1.8913807805711766,0.24829268958266298,0.4669900856573055,0.8420244576380715
0.5463494113163745,1.7047284162139036,2.080040521484231,1.2779326887197444,0.6062856197156066,0.36689320687366334
-0.5321750863924549,-0.2549139736420262,-0.7411205388906813,-0.9664599980352939,0.11813617540482292,0.14284417643970493
-0.3218826062318416,-1.8522255742210385,-0.9902830450593318,-0.5398187669358216,-1.6306541674500252,-2.1291553626223245
0.5753781202651829,-0.40217268062562905,0.9411628859123895,-0.09422933331563804,-0.9388546399018384,0.2665426566796036
0.2166391344273546,2.0951914708010877,-0.430506631023586,-1.1545851191008223,-0.019431524512612503,-0.8370567527034871
0.48900495589713533,0.9508720160611429,0.975920895733831,2.1932877652811964,2.01643517287253,1.4601285124931505
-0.3688349638318691,0.07094107765260119,-1.4742565251779574,-1.091686881966374,-0.6568923147559198,-1.2720513914082932
-1.2081521334625382,0.3115955671113132,-0.09392921003179339,-0.3452448820564304,-0.057200603970681906,-0.5137824493802647
0.4916107201022326,1.3398283170256353,0.870053326632281,-0.05580328277910542,0.10346441201241019,-1.4041925172167757
-1.1039674144458993,-0.9767762373893524,-0.805230461256434,-0.693800686012656,-0.9648636565362311,-0.24521480196361511
-0.9215355022260275,0.7522111511548906,-0.4965764739257911,-1.8101577939362945,-0.7851421753214467,-0.7652615765236821
0.22249381955517383,-0.9541961759861523,-0.8075229089737099,-0.19417355217225402,-0.13936638241012628,-0.23804078077356625
0.9039301992811739,-1.8158265533611124,0.02367752345510219,0.30271315717736946,-1.4041275633246606,-0.08992742440540971
1.9724818303493028,1.2438009128828431,2.6283804501011945,1.9153172473539408,1.4887045371955603,0.7476197293715193
-1.8970029641669306,1.5683578671119993,-0.954420805155633,-0.8515700626285803,-0.6048778399926171,0.5714554034053929
1.2311124429006919,0.9163150302312109,1.3797482304986224,1.4348420803707505,1.382724257556597,0.4245893570547814
-0.13767076704988837,-0.5246111795146658,0.14196567870128793,0.3313763329815973,-0.4619136233140403,-0.6733653580713761
-0.2805422374967828,0.565946316790236,0.29479559651813514,0.6124846829689304,-0.13755874841600044,-0.2908861459436189
-0.37283291962760745,-1.422727375990877,-0.6708615101993962,-1.2104787636465582,-1.504345511344659,-1.7207042690824306
-0.08218702573810131,-0.4482522320556542,-1.2023324084901217,-0.49205233689535044,0.5323801801202819,-0.7527372961812019
0.4653666295811611,0.8534778014598267,0.7897147313455117,-0.7011388033625844,-1.6908193934846911,0.19350121582605276
0.7681421644112827,0.337341222598282,0.575153139988878,0.15439799004597018,0.050154669699948605,1.2602638816343885
0.5319338302119098,-2.7355670962654868,0.17300686552746664,-0.5488852803532434,-0.7143684528838866,-2.376476829096078
-0.0960249450847767,-1.8246770072613088,0.185157643896596,0.4594413679309965,-0.6379939589323889,0.0025836544916328997
0.6816230639393707,-0.3021143893615627,0.485028041390105,-0.205330090390855,-0.19990338325981208,-0.14722879004410558
-0.2388341231028303,-0.39597764378981326,-1.0028920226917484,-0.9634364953999289,0.7485834466417093,-0.12114946816645905
3.363842628548658,-0.429509620812973,-0.5822995674885945,-0.44905839128106184,-0.5828978121880174,-0.5161758096675629
1.0944138238597754,-0.39896278754331554,-0.0844371996022465,-0.5563900510627882,-0.4564548948372402,-2.2801601441308983
0.7997959849164308,0.4312833487662204,0.6740678495234379,-0.1593930602407125,0.8072210272083062,-0.6130504164084603
1.0606069186952198,0.3456126032199373,0.45590728210125525,-0.7110062500051002,-0.8724573595759827,-0.11071282602145123
-0.6041644353164964,0.22141177796653605,-0.24083923798520104,-1.120947000847097,-0.21282913599068498,-2.101652744112728
0.4891890618238399,-1.3600873059118763,-0.2372667580026909,-0.17214659573930624,-0.9401078928665126,-1.143978679672972
0.46794408892558936,-1.2410334806134122,0.3813123355032373,0.91861773317578,-0.6563554133106545,0.40158539645113345
0.892002822373955,-0.3152115316669005,0.8542748536608189,2.0412454467191674,1.3058580719919073,2.13478189788308
-0.23654833524658636,1.0834163929710259,0.18490718774704384,0.09522078295703026,0.6504843563499977,2.0997990877752413
-0.8530126642661868,-0.6794721182951592,-0.4780458859884031,-0.5628124044392868,-1.6639253396329277,-0.109412119239994
0.2459594538675896,-0.2568256776434894,-0.49670667036802413,-0.1386877874950483,-1.2160093083950696,0.5188363615625516
-0.18748401682324842,0.1278360673359242,-0.12798547700828633,0.32715323536234164,1.0494156130478125,-0.10731466928952355
-0.6228197191470907,-0.5409536493346786,-0.3806334681185928,-0.06406673196348396,-0.1523467145707729,-0.6159814784517141
1.202934567494951,-1.3684117273754564,-1.1735842076426999,-2.138636856506566,-0.5372217752311326,0.3361670011399052
1.4162232252740414,-0.1612228554953497,1.786434993949348,0.6057328178855773,0.13158586951864165,-0.14332207845705924
0.22185129247945373,-0.6027823403974943,-0.7134532729933981,-0.10594739478915399,-0.13732439763676094,-0.2885841840730436
-0.10778741469976089,0.36843865706047746,-0.05034727376263712,-0.00036510672280964116,0.5033983448485012,0.7982614435892591
0.07783260051036213,0.10596482369343499,-0.21643137012886518,-0.5257897092631333,-1.207868630490081,-0.6632877552259437
0.7492354257222638,0.5738543315252222,0.7674341564079735,0.9670155460803121,1.2539295378250455,-0.07235704686383072
-0.46179499238706273,-0.9770552083094494,0.16608516381469116,-0.11846579763095307,-0.36662573929999637,-0.752432053562952
0.13194913398267125,1.0587815698012764,2.0925050859105876,3.002731368246394,2.349771367418141,3.1960867514282065
-1.7701835275810984,0.1452815102479943,0.36779205813609955,-0.45459516601894917,-0.5735179118191857,-0.4743232827868479
-0.5969671269110223,0.185068534693241,-0.2589761022203626,-0.8129691304146648,0.22236240753874356,-0.215495555910713
-1.0177606725574948,-1.4709827647688747,-0.3499407708574129,-0.36517508049893355,-1.2373792169099396,0.29614201638779714
-0.14580044118097163,-0.03723593707669196,-0.7033239297374134,-1.061167552172838,-0.7047690917055808,-1.8878268443082662
-0.06469760370034064,-0.00027803551107662876,0.6200469387122354,-0.5261885522843452,-1.4325529545433806,-0.3372021902685896
-1.5757700291005188,1.567001718402325,-1.743452147941318,-0.7907066529032627,-1.1727517355263541,-0.3767961448762116
-1.1254284265361136,-0.0770235022552728,-0.16405856091067042,-0.16865928619208712,0.09319674916382636,0.8690183233266877
0.7189514162419687,-0.5087934616552642,-0.6705726791540797,-1.0003506120767132,-0.9900150852801151,-1.0307824841939315
0.9175945564692735,-0.018269831812055125,1.4180360541713881,0.5051904569752067,0.1988998392829979,0.7340878585999165
-0.6328488552464899,1.0461754539751815,-1.3009243474552192,-0.7126059584701111,-0.09696917851674292,1.0551933462760674
0.6713753631848993,-0.36206353929013657,0.5142304172511489,1.0735097238550193,-1.0568333717827518,1.216834939890754
-0.1597364805306153,-0.9492918041076897,-0.9722638379463507,-1.7719113249961032,-0.903500443913957,-0.9510618082729503
0.041606082033758145,-0.7800140257222363,-1.5030496614730025,-0.3779163246065317,-1.0601416443743374,-0.6065180407194869
0.07300890022759671,-0.38469691426713043,0.03287243026437875,-0.20392595011648296,-0.13234313159129166,0.2810355776477182
1.398116069262346,0.1167448849126704,-0.3342594854741571,-0.2519355655758896,0.3874343965907228,-0.22400066071981833
0.13908835624690716,-0.882802506178921,-0.778763829921315,-0.265425148968116,-1.405393823927923,-0.8166047812427156
0.17017594383702653,0.32332317013246714,0.1030280079652946,-0.14906718828172155,0.6371506729637526,-0.5183738469912887
0.13033251871746207,0.460868687051823,0.4103133866786313,0.40596700807997965,0.6043409512823983,-1.3098510080680112
-0.0437318482321401,0.2348904301731405,1.1801651171816394,0.6815950413244238,0.23793462515322594,0.6374458858492547
0.8574815511822471,0.36993993864048336,1.7505924956620673,0.8253647188936667,0.5230423413656975,-1.8887232608092746
-1.1332992226579237,-1.6341319295840289,0.2836203197552586,1.332757540574974,-0.6036399011704776,2.8560306203109733
2.1920342554116496,0.1301327368947814,0.9493313749981107,0.0795228345356838,0.7426973200476733,-0.7465553889270695
-0.6122522207918994,0.6134773427038797,-1.221221072904686,-1.0429106105326094,-1.700357572425445,0.22555814418161582
0.6656425623423688,-1.2435194866990114,-0.45573422012793496,-0.22217668931778908,-0.5123517379042496,-1.3962743264675943
1.179014208125357,1.8779727597095617,1.7180308296276288,2.146295025584285,3.8222454828303825,0.22553370206293027
0.497508349597922,-1.9712499236766055,-0.7817972872633019,0.04616255180338162,-1.0463573612303403,1.2375981097150603
-2.447814136188278,-0.5862768421436272,-0.08523786555497682,-0.13191015413590015,-0.9182651602696287,0.44665716866252425
-0.2804787418433602,0.25052010562295607,-0.6395260560895227,-0.5659506337289095,0.31294212272124083,-0.6121470082428359
-0.11799116466780006,-1.2651673046107528,-0.14318305307733586,-0.7807465294827283,-1.732297201214585,0.3264631954862697
0.6509289102703979,0.8491479987587675,0.5634771243697966,0.5775349161120598,0.08625162574466749,0.9606315603903115
0.5841224116108639,-0.6068918617265834,0.5780400791035778,0.5935135033240015,-0.40139134724980163,0.16058724507836672
0.8591328713897672,0.2604813430459343,0.8315095233888711,1.2503404452335531,0.3449301634701281,0.6855073513219297
0.18400850210214936,-0.43274385292902817,-0.7238318102804684,0.020779393318576613,-1.3840464977718212,-0.10081908160541161
1.1369325570479853,-1.190719891154712,-0.9274925732503448,-1.0911564595523124,-0.6647319548042121,-0.6852610754641916
0.12630781041038885,-0.09857984103102171,-0.29854904168586405,-0.5487049562500064,0.08941226142891884,-0.529704431539931
0.9285013616716714,0.010176378692733476,1.0889374984243623,0.4199784312717946,-0.45176456701748363,0.48478854861362924
0.8846744131483193,0.19093831078293552,1.231412848023336,0.7215636113203242,0.06909459731500882,0.5063354223368456
0.1591753113462091,0.38985172759727854,-0.11292160993131277,-1.15289647342939,-0.5207455918383092,-0.23418392014492012
1.2221004089191074,0.1833059814040568,0.018314021421361126,0.0063473477168977865,0.03215779880438884,0.1998344751027457
0.7718951232874586,0.37622754698196015,0.9431224414515336,1.1095933789670724,1.6047356163639885,0.6845547634634205
0.13487673903941547,-1.9676006087810667,0.16417695049517933,-0.7172871800571602,-1.4186772689044547,0.05549410261632193
-0.5476065956148137,1.0456161117180123,1.0104937500527846,1.5023339400147449,1.9701452167601077,0.9892082822719156
0.22364263426074424,-0.16205944363732286,-0.4606828207967302,-1.1431227010682035,-0.19470054477955234,-0.4617809091078626
0.6140544334288041,-1.3077371152375248,0.3831378858870186,-0.07046562112835066,-1.9703223728742703,0.9625560036904048
-1.2042133679661278,-1.2744343485068104,-1.3250192742912874,-0.9812428306594203,-1.2441401090815944,-0.6510798642755513
-0.8657542214801739,1.3862297848449343,-0.7723493261795416,-0.5339325968413308,0.05465944344123921,0.9112891771043283
0.20201506302682104,-1.1232238286037002,0.2937645940959804,-0.15279809699164265,-1.259246812539941,-0.8995587416258223
-0.6672510591449364,-1.2342748504843046,-0.23634837448189344,-1.2590993956795928,-1.2674816993451228,-1.4488644199243768
1.0790770731553556,0.972661937960293,1.8710943150931678,2.0642756593965896,2.2283932839416543,2.898189330784803
1.3210057802628534,0.7293150562496371,0.6013282583897122,0.9411713878525649,1.8229637005981716,-0.8195906970980175
0.010544722521783234,1.2319783418697208,-0.2496899399991611,0.30994067930106545,1.5704751302039133,1.7837797160215634
-0.27899787461786724,0.3337522652391867,0.3575469483959764,0.3248211069138098,0.7652288351186252,0.6067011559082636
-1.5078741974849907,1.8856258661048473,-1.4072122984247024,0.5742667967348166,2.4762459480873646,0.07119025566227746
-1.2388396265975112,0.49039734692239945,-0.20697284682320116,-0.5618864261460249,-0.2835881989724416,1.519704832021267
0.8618092414881302,0.9225509468294218,0.9699928157890778,0.5027121132614825,-0.5347132276650322,0.327161085723965
0.4550915057505843,0.2627124088072891,0.7034129787463139,0.6971925148697052,-1.1726522126411436,0.7097943029843656
1.7783093469422762,-0.5043424776470776,0.15464299579782784,0.37155264053890646,0.11211694200717202,-0.6006188575715604
0.2053135353910498,-0.43327147782458153,-0.7404136355834084,-0.6459268435331305,-1.5628789709360678,0.15391399056615324
1.0385729239061061,-0.31915887453185343,0.11709186006926812,0.006316581024898051,0.7145397694493857,-0.539501227554103
1.1320340730879994,-1.199472663186998,-0.07707484346837652,-0.9295148512458241,-0.3743802122223339,0.5699757978251305
0.0733428613601844,0.4345154458116998,0.4499430752629293,0.0658333787305163,-1.3295920755306954,1.1335488591841512
1.3263798213968143,0.6690586767439111,0.7236917663895034,1.1520265690662326,2.3300847143344026,1.0359506829330107
-2.2591307779180285,0.3871578814925065,-0.12891646999055462,-0.6563726258367938,0.8162540010350596,-0.24056089613615156
-2.375439539817012,-0.011658128200330483,-0.35901263383700877,-0.6805729886910719,-0.3256887808040198,0.5425594856122506
1.4847295617431342,0.9854233352153274,1.8378229556021748,1.567222895874552,1.216234293058422,1.354769213563103
-1.0390460918921711,0.5374252971799865,-0.44920693290658076,-1.4913168040529121,-0.939194433671811,-1.582416803817374
1.6235483272430669,-1.3477402402681888,-0.019425937948958888,-0.3461186452377022,0.321736683784316,-0.3219488822185787
1.6059674990366024,-0.15377743326219226,1.0167375537734025,-0.24869523705214297,0.46523784557001346,-0.39737582743098027
-0.4011023154720621,-0.4997802043756537,-1.0724223329701676,-0.3917980321708331,-0.7593183186913885,0.4297652964260187
-1.4682900541561925,0.3034494557047491,-1.15076751733944,-1.0540331061764472,-0.8063915418756854,-0.6469821212347543
0.2618294974498203,1.5194821750936824,2.4022409482881817,1.9260902085418645,1.9886447831499883,2.925898653727377
1.445641352226782,1.0461351555804272,2.429887168821602,1.2216243925210546,0.8839332055512711,-0.3233206911528653
-0.182952834958771,-0.3217658374085448,0.4254487483311899,0.2718561618870465,-0.17264325617268858,-0.7073580290682976
1.9239173053462406,-0.7543419515952232,0.0934037763025267,-0.6894263937626097,0.015109331449880713,-0.6853184490231431
0.04536400210398836,1.0411603804055232,0.12072721184021143,0.41961602033461887,0.5560298353038945,0.6136716683571843
0.17689118932906306,-0.1567729389834626,-0.4968840336119848,-0.12322313985119628,0.039299545011359266,0.23978429232842302
-0.8207519920872771,-0.27007188408387744,-0.9109121348627641,-2.0388849835932894,-1.1452740348819557,-0.8208251525606767
-1.076396597448444,-0.28201922869722185,-0.6444131452123825,-1.1928176352646556,-0.23062419336602596,-2.2896133156746266
-0.46103170121971937,-0.5341732842119014,-1.2580538135721155,-0.5343394908079659,-2.2052223513316567,-0.4076654405845778
-0.010801635084146846,-1.4813562988946158,-0.8858952852006576,0.12117115576999511,-1.2637476383014135,-0.6197757677394928
0.6103036913461682,-1.2479851103531578,-0.03873628975549216,0.5810013998194662,-0.7002836653239832,-0.07272867011004815
-1.6883864156209583,0.4240206015979662,-1.2857934209427804,-0.37924433889266473,0.7726084065996252,0.2601911994720275
1.828116678227825,-0.622265563296289,0.5503725585456011,-0.02554534940586824,0.31236918847773554,-0.9234214500588623
-0.40332241398722785,0.06836236980692062,-0.2562171271604996,0.3627164524223764,-0.17160483792700326,0.7468326655667972
-0.23259480895095364,0.897276316525898,0.09033642540830376,1.205846634459567,0.8997191014320104,0.9705518582940734
0.6747960956945288,-2.4177163988954553,-0.3030881191192044,-0.6484172586346922,0.06838073284695177,0.025046830032208065
-1.5004167712380134,-1.5248756169017326,-0.9251130679969783,-0.9457530321340663,-1.1626915056597087,-0.4518219321153706
-0.25053807908043363,0.19597416182645547,-0.5296835134844283,-0.4684531957150414,0.14796370499074687,0.7107077379614645
0.14699856331176345,1.1108617828068539,1.406045030352402,0.847307431919654,0.8954389334296105,0.7986863027892578
-1.0839510346601455,0.12129575548047548,-1.096347015732881,-0.753362444795034,-0.285278493761203,-1.5262794634101842
2.0696210044561574,-1.334805747374541,-0.4356102057249726,-1.7772915696953873,-1.5346892040186786,0.15757601187292414
-0.600258037120197,0.3347683509854024,0.23270476430319972,0.22347288624358477,0.9856555295516586,0.25266806323046404
-0.6008179929932134,-0.675825413457061,0.17063289802750733,1.474450859155585,1.2181228066579795,-1.653778149919266
0.18910151826899507,-0.3023875014558007,0.16112368225322538,-0.12714463660805542,0.7306777296362121,-0.5709589076667706
0.3222811517325634,-0.34074991662345566,-0.836092652964955,-1.873271948271992,-0.42522883437462317,-3.1379661520487367
-0.5115503070789698,0.1271393078513917,0.43398725705252683,1.200920274391684,1.0232787553638178,1.1456763339426268
0.6286182493495152,-0.7908523898573768,-0.537281900383668,-0.8245604307330707,-0.9774901542841525,0.6338287710535294
0.07346483347679823,-0.08356775056824794,0.17381588035415504,-0.15283860251496414,-0.07516819918650956,-0.7161527413596628
-0.010039969790918382,-0.5006415926967254,0.47058775502600303,-0.11394703272322182,-0.09782913372167444,0.7449021617614354
0.5845834016818516,0.0677942902647678,1.9605123642659636,1.768132289958049,1.1550949275483227,0.986203449370346
0.9086175327813772,0.07196611669326183,0.7278377244017376,-0.17321040080374678,-0.8863027857200034,0.6516378642568045
-1.0668715318684068,-0.26811592625263575,-1.012027110234991,-1.5211201709314328,-1.2365799748997655,-1.9033912889388436
0.8407543272487943,0.7576278434116921,2.573409463673313,2.3241955055167325,0.8728912510601369,0.9179813572456136
1.5631580417237292,0.3308346634755172,0.5498695473814481,0.3284706309428987,-0.15442883114211228,0.7151673319347613
2.0390565752835506,-0.03879789749074767,0.3328066598270316,0.10762415027314791,0.4842870356641446,0.9299638563380791
0.7404110714771107,0.396831184374082,0.7042998701609035,0.9039408350492327,0.4718246489672646,2.850537845601424
-1.7171547984676532,-1.408432608225175,0.3601179615244021,1.1239970378080102,0.19398109248952464,0.6922590679772489
-1.056836821182913,1.424396803377293,-0.8275883221552033,-0.5205659744471672,-0.43272115366571284,-1.3005150016021099
0.4251225763182074,0.3714883966741568,0.8612385013744966,0.5820439205924965,0.4649581921455066,1.258101870425838
-0.6331454281460381,-0.6924731234124616,0.37055788550804836,-0.490735082384877,0.17317135185265767,-0.8028609618861705
-0.04387772567711819,-0.3561136611455785,0.4402791803847759,0.40476197296040406,-0.11576519800322625,0.22587341955638307
-0.5711473616134729,-0.8581006074135145,-0.5648359377054728,-1.7612183798520862,-1.7658962775318958,-0.7395872188059083
0.5244115655784868,-0.2810063937886933,-0.40337934982829665,-1.215798709967818,-1.7017739942243981,-1.7065538797589748
0.9705841509269941,-0.27894197486751393,0.03421145228485885,-0.7740020781384078,-1.0453209137387898,-1.428756984316321
0.30892588438920354,1.0083929266825549,0.425854381724482,1.4079684361424103,1.0321910412784292,1.722338309163464
0.7754216295442982,0.016560215638469482,-0.22713299417488247,-1.0772329262221205,-0.48171779800148157,1.194152547956286
-0.20382164045034362,0.8261015421583252,0.9861857951811669,0.8693649692849041,0.8663829670498155,0.4132958843185228
0.80229031840778,-0.515578431305508,0.04076460715867997,-0.2404774336920964,-0.620276133489709,-0.7602066478764646
-1.1707193514943124,-0.7645186205933373,-0.8811219422166362,0.29172265221483384,0.02569055034194847,0.28305768274960624
-0.9672981500177867,-0.2002013618237187,-0.10521138183937877,-1.4216575790444799,-0.7239432516340228,-0.2608277757430987
0.22478753478890215,-0.20431542895313623,-0.9519419897115828,-0.6944613702488757,-0.3705246853463262,-0.12154209500615654
1.130547381047839,0.7563671639051217,0.6952716739396415,0.11450616641995358,0.5395540764170911,0.8887204063706822
-0.24822760833596572,0.6359352063961715,0.822661285784852,0.07087352877500312,0.6464554581502103,0.16314095652083102
0.21171544243238047,-0.3817809479348036,-0.5500607245010153,-1.5523864858501382,-1.0693957951029065,0.06554174290102423
-0.11470692805977215,-0.24474516186222173,-0.5351186421939325,-0.3607579462847206,1.1373455304408153,-1.0236937109321704
0.16523306030802742,0.6903399396841123,0.09355974911441671,-0.5261552830930522,0.6522688707381746,-0.5542259611513723
-0.05335440994265458,0.2909961264367806,-0.3092544494932488,0.12100567044226351,0.2588642467780814,0.4447415374348648
0.27548563678307475,0.8768221544936948,0.59269526030343,-0.013364170992699874,0.7104610139137715,-0.8015092744561548
-1.1018629567852405,-0.6566346288946252,-1.612323905343374,0.42404181032392124,-0.05701833183492997,0.19076399604198782
1.4647260598907894,1.537884341920073,0.6931192790306127,0.5501428585513748,1.076811477958808,0.6028849211881333
-1.044857270887884,-0.9290966580420428,0.10486172279849125,-0.40279828849913857,0.28328998548477147,-0.2735959283184662
0.13254407731643478,-0.7078364248820422,-0.8164772508868993,-1.8468122239748501,-0.7344721801515623,-0.9597492874218525
-0.7392208282435525,-1.2342912326385718,-0.2190059064678648,-2.020297201123646,-2.0918501962950087,-1.2675649590381113
1.511861412088776,0.11842672800913413,1.2515410816668915,1.005597804388644,1.0428456046455397,0.9531948325642122
-1.0086441401565078,0.653028554922805,-0.3644659132814114,-0.24636770735477323,0.01608309643206963,1.248882129767572
-0.6109384599150147,0.703242688710094,0.2298544882348758,-0.016205778308811383,-0.3243416060628836,-0.08121303469190375
-1.7510143099775726,0.400417553756165,-0.7816991839069803,-1.1441571136629922,-1.021034973292542,-1.4038655390789807
-0.5312368073920365,0.4927242815263431,-0.6317220692996051,-0.34248176192427077,-1.191104412496747,-0.3477876351212292
0.7063989421534057,0.28029223446564044,0.5028022347606536,-0.17889899596269668,-1.2073088904182827,-0.16446833466366562
0.5623044815332987,0.33398962255824877,1.2393957025884375,0.5003054242103451,0.3861832127778978,0.23450554264407245
-0.24213621938678004,-0.6339154623571133,-1.3104005348634757,-0.5569763506625706,0.3711903608953287,0.4816799517420948
0.6916358719187097,1.0941549905442565,-0.5009735132448602,-1.3680550372509657,0.20275928059952042,-1.289136050662177
0.662671507486212,0.6835294947120849,2.7585390902645255,2.8407856736870767,2.95566796955345,1.9089719494752893
0.44818597211249395,-0.5263028330074768,-0.5796522780791615,-0.14017381016696454,0.75315950974172,0.8281941015640664
2.6163779026423684,-0.3330694053876393,0.7497003136683973,0.8055928411084398,1.26456134977065,-0.307594379104236
-0.07289653262205974,0.006467740332572467,-0.09592001710216475,0.011122797831430876,-0.552167881501328,-0.9253378941917488
-0.17699454972337006,0.9636324382841986,-0.24840064263420106,-1.4774237265249377,-0.9113536231536061,-1.686375952837224
-0.6225675803775361,0.10751910743105804,-1.3396335632542946,-0.09440341150332558,-0.18975415529716366,-1.540741098516402
1.2936500855024418,1.0957406993583194,1.8324225214236158,2.3449948153745486,1.8379763616241065,2.6196258232793617
-1.6961373001803735,1.3201226235899488,-0.6772053169394535,-1.5535651604629623,-1.7609905921142965,-0.22603074470722034
-0.05890050549984831,0.2769922038996485,-0.4195218363564597,0.24916663106210807,1.2299045406604763,0.6528407559661364
0.11090228470708513,1.029843824248609,0.7990895255062674,0.6919657982022157,0.7149953819781059,0.32317382981700743
-1.4881618297321284,0.9972133255406145,0.26572763153724005,0.19321572349362934,-0.6305115721090049,-0.24000542192950444
0.031798039108835975,0.9482365981635325,0.8144977890563331,0.43550195913925427,2.207674269008647,0.8928578418002464
-2.7694039077361614,0.3026554924066765,-0.13334588496531136,-0.7959215983800844,-0.685683241134509,-1.9959810543206555
-0.25058364925037313,1.2115180678111859,0.10938042621347777,-0.8467262688829085,0.5490656745991537,-0.44641781757327076
-0.8282080448571191,2.3552331413196352,-0.29725955314382624,-0.16993340143300323,1.9449531694376636,-0.6307675952842313
0.6687723879318218,0.3014083135304612,1.505301915049881,1.5744362978711925,1.505237899078285,0.8381206790819289
-0.25638124768411535,-1.2918375617752558,-0.828101704207494,-0.6064458649824774,-0.8423199096739129,0.05504775855052688
0.3208505536327663,-0.09512920830194573,0.28906868253134016,-0.260209852345009,0.634935655813313,-0.2640087110205819
0.2865913880963287,-0.4537110798786128,0.6769554398390989,0.6423379308601518,-0.35510590058815583,1.424457876468088
2.3705107395364045,-0.9484049960887607,-0.8405204651882144,-1.9428830204831136,-1.0827630828918202,-1.5348236204331254
-0.23530254565635356,-0.0834991120028829,-0.6230324272813063,-1.1832377611364324,-0.49513779012394205,-0.08857529090267659
0.11717442412702314,0.22739019792132,0.709806013295593,1.9103617729341886,1.312119400688219,0.27301032097572436
-0.36470260275389643,-0.7278392181719018,-0.6946356460735442,-0.7234889511231979,-1.0623960533313694,0.19850413988610305
0.3063858064348468,0.15019514061702344,1.0706459199551628,1.2359987345349788,1.6096864097492305,1.6641842448326791
1.080716250397252,-0.44429663691374865,-0.3714671765389164,-0.10171483927636882,-0.1988686547423373,0.5848824679997847
0.25107417942017024,1.661391646881721,1.0438224080661707,1.6455476367164645,2.247727847663891,0.5726051434690266
0.23343421938452574,-0.020491272643015816,-0.04057879685913994,-0.6448798152884211,-0.7548114316846611,-1.4806247679745466
0.9247003301831623,-1.437862183025573,-0.4725563503665779,-1.0070866788625226,-0.5768878962994635,-0.514401324836371
0.7249677749292872,-1.0764048380243165,-0.35456250308378356,0.03388198089494329,-1.1838350843546968,0.6947224348935674
-1.2560758758618706,-1.8329698141358446,-1.3898833573535936,-1.1771146923562426,-0.09411527469902463,-0.649433025885511
-0.9325109172668955,0.49986914653316616,-1.0509387132978998,-0.9282318580490928,-1.399547071034801,0.7955972082054192
0.16682673635686973,0.8922449794313733,1.2429468205538228,1.0758507558289525,0.771419973848343,0.8377010842371162
0.9237309572690634,0.5056990980727389,1.3645602892845925,1.2332566333909656,0.7781564126403365,0.9090866431311574
-0.3202109766036115,-0.18103922000350106,-1.403619566032334,-0.421727187436169,-0.6793540392149887,-0.18947060730564086
-0.8772115775245332,0.08670124651940359,-1.1278640603312637,-0.26530666083337157,-1.037523823954341,0.4566787794883552
-1.0976273661246079,-0.9395854300919707,-0.3187840153042722,-0.72939977359565,-0.5816144749430379,-1.15419590169319
-1.069298291007733,-0.052971461431736526,-1.997379609714871,0.03459364430187605,0.46773226515446437,-0.11699360252061583
0.17599266693969115,0.08542861667461707,1.1322972607248676,-0.04251426427865666,-0.19623698743009355,0.48247535189426305
0.7145974926613384,1.6850356842401004,2.4913785963068165,3.4350576788536498,2.140626127920206,2.062050384657743
1.7763978169123626,0.32695976053672254,0.7753476418795124,0.4678168769545547,-0.010144227721124053,1.4490467735259107
-0.6242339835157383,-1.0369573096596678,-1.5183576714143554,-1.0198726182090778,-0.31963402610006225,-0.6149585871939905
-0.46615727618547914,0.7821696698246379,-0.1291952465797948,-0.6144623390107413,-0.4356501459811968,-0.5003299341492687
0.35909893125170217,1.4330292574260646,-0.0006027443990848031,-0.5065187683016182,0.23783091102359138,-0.8322723789684753
1.6230707665402946,0.6954985760355807,2.638249581624527,1.6571261680422138,1.1795647914542937,0.6301516658541843
1.517732044465597,-0.01562463572640688,0.9231599206506268,0.3919165909011525,1.8776563178567045,0.642691726127104
-1.009422781193942,1.084715672695972,-0.380720069420622,-1.5509777149558295,-0.4465378036290378,-0.4204552314875578
-0.004514358126294608,-1.720701720689697,-0.5752781550623206,-0.9941545640795668,-0.16027367477792634,0.0829023487086533
1.1199101158538975,0.17021804734496224,1.1241242124286739,1.6129413029852315,1.1464384711134663,1.6079151597910175
-2.4777452972773015,-2.007384148877245,1.7763775044038042,1.197287999483579,-1.4288104619020587,0.831017571876262
-0.40344413144610275,-1.7232422210544676,-0.4583580880563859,-0.913727002500514,-0.07385519893123406,-1.654319174484442
-1.525437536366544,-2.0078797942043902,-0.7229206093562031,-0.9675863168990941,-0.6979609375800108,-0.1903487701946208
-1.6398114857066657,-0.9338508023821247,-0.15654737708380553,-0.5281891127620176,-2.0711215225513953,-1.1037782288370874
0.8724865963239866,0.9894473605468642,0.5894428216324796,0.38075327075906934,0.6149409036810162,1.4685319603430629
1.7589254006019568,1.0543533502315077,2.1737642241993407,2.2800507149150504,1.836550187870127,1.69438401806083
0.47285904175930465,-0.2112960457986142,-0.6446793853493952,-1.1122304825501386,-0.5379540574146048,-0.8372303682170336
-0.9528031039653072,-0.8133230381585965,-0.45248139014554256,-0.6308858367176489,-1.4751352192816094,-1.0289775949519055
0.5064625474355634,0.5865960023436046,0.19382289730505883,0.25086600007597526,0.33582197230992106,0.5399617642977205
0.3158893937262069,-0.201475554508635,0.5586504727507777,-0.5356856276352323,-1.8279913684738243,-1.0772262296631874
-0.4947040963546701,-0.6092098240846155,-0.8926578140747154,-0.6618213806451747,-0.5647351074815209,-1.3842259544266264
0.10254121907182395,1.2068949647358478,1.0192476962490444,0.6533499656635507,0.7437783079276726,-0.2413829921179907
1.048478497381227,1.1738808385397217,1.9067050772487524,1.5126184303569872,0.7574462421068687,1.9084958267334926
-1.206710445111762,1.1046500471258978,-1.5356908014933035,-0.7411756839689118,0.4757139542709484,-0.6866131489926434
-1.2828906770954938,1.2229798314517828,-0.7226351437958372,-0.2510184609406425,-1.6374733346166157,-0.7928856073503712
-0.21965994483339366,2.257137619710597,0.050522458451551185,-0.5195102094468,-0.46065846504893765,-1.7528927721993823
-1.7173375206813541,-1.6294194342779351,-0.1253664710794886,-0.33994050745078214,0.20962181982676512,0.6068292234991105
0.5842270588471336,0.8060244117157392,1.139723596506226,-0.2186300767498228,0.3144731796090674,0.297958280030536
0.9621529159938887,0.1484275254100903,1.0695934523458606,1.7568263955401755,1.9598428602070106,2.2289715424708763
-0.5617306681014083,1.8650099896590069,-0.5212138111749056,-1.2282492489478198,-1.0867572647228323,-0.6971435606040218
-1.4757960870718507,0.760544407949845,-1.533083928140281,0.01301586900423812,-0.756204633020515,-0.6133966365491429
-0.5374231467014047,0.4840710377174547,-0.3523633333557183,-0.9518710663614075,-0.7700793634131133,-0.5192899235031581
-0.448371907444478,1.0476017031275273,0.7035990675389187,0.06306718384073957,-0.9466346730942478,-0.022096912357409817
-0.2432104066052474,-0.42638832849709984,-0.5168813386958219,-0.5251482727870719,0.06352765459500889,0.07624603927115511
1.0593809568663666,-1.1427163654315413,-1.028906620442404,-0.47970262024371624,-1.1723464683558107,0.0498706369009478
-1.3721401531072284,1.406205557276754,-2.379605301822367,0.624144018896584,1.4962245247905401,0.022584337276953286
0.6077952122402774,-0.8869638993651443,-0.17601911980730864,-0.11996121959038439,-1.6751754349697716,0.06555382985652587
-0.24439158371104328,-0.2468618997342216,0.44331109179022227,-0.064126131997801,-1.3236803751994266,-1.8778631551286569
0.39182684475267415,-2.6402254167061474,-1.4610847902404125,-0.7988327532128631,-0.3435685724763678,-0.33127135461768364
-0.24093508956924528,-0.3419437110104987,0.11954840882445511,0.26791981734945985,1.564812440045822,0.3715354829112037
-0.03847295165283979,0.47887511215407486,0.10189149463438345,-0.42234759093883434,1.6800875808578126,-2.542300969767522
-1.204197593976112,-0.5467976498701933,-0.9442500127372603,-0.03931701374566578,-0.5192518901733598,-1.4225007945435748
-0.4881407561405033,-0.2356054391736249,-0.8890764510444916,0.08832709608582344,-0.6046012474848704,-0.7701830684773081
0.19407012705570156,0.751684562587348,0.5573024928866346,0.07038245780749992,0.5053568820225451,-0.9071914758260264
-1.3551499925128838,-0.021124417808373427,-0.6970579463909667,0.1710442040412781,-0.1745746888949404,-0.41825251456258694
-1.5681314392043346,0.8456867650035615,-1.130675959579659,-0.6167545443423672,-0.7452790689545192,-0.6943825805256648
-0.10068096628599481,-0.44595493651324464,-0.8404423054670817,-1.199310808970105,-0.6839561451785416,0.22998651761277697
-0.2781917108561118,0.32573588819319294,-0.8135441712100505,-0.35431318414275476,-0.8879083598880754,-0.8795745028075902
1.6690185096459362,-0.6014964981485195,-0.24187114750130792,0.16747726960734954,0.37549228035280025,-0.01130852607932682
-0.4718348830178945,0.36232921916961597,-0.39549922308117935,-0.2064330889880905,-0.3532564899214137,0.5925945012264309
1.863718913141981,0.0966915618191132,1.8422817134597353,1.628453918954175,0.9005078742154364,1.3365272677942213
0.08411455154294561,-0.9342316796528733,-1.0098292376070332,-0.14380106107926352,-0.2724200640490576,-1.6396209566170206
1.3137822898826956,-1.5495630932137192,-1.7475073630202478,-0.35765118339754287,-1.3595424248974695,-1.1161603421812027
0.18627087815521415,1.2273338365691537,2.4769970757922444,2.2266726694544627,2.191856950940987,1.9259192776687417
0.40034968710469837,-0.29205614975323474,-0.6886264856185922,-0.1392196026079028,-0.15284247028985495,-0.13169636469881948
0.7199657935410312,-0.621151556208077,-1.1280436839108678,-1.3623324553106477,-0.7961519425035842,-0.5752506957948901
0.024203977097722755,0.05875969340207211,-1.3215279639362743,0.17437825932184273,-0.03204303688851824,1.2780191197167425
0.46961443774563033,0.32795297252450906,0.5878107851784191,0.5881399293652654,-0.1878437002301501,0.5589540377920502
-0.5677478191882965,0.8894055410758779,0.2849017583552291,-0.6975251027143171,0.9994144290174779,0.1728474919428044
-1.8083744242480304,-0.712095877532922,-1.076492799081495,-0.39781215607518067,0.027607781521896062,-0.031031448088926196
-0.6884713172140848,0.6964544517045448,0.5315534607008867,-0.6513905062476216,0.39018875016345705,-0.0512846556340939
0.28057094307253755,-0.18362929321558957,-1.420787662580921,-0.3238133892555875,-1.687267531680518,0.52709381822202
-0.35454066483210084,1.2714509377207943,-0.04030244221463809,-0.0074278750394250696,1.2343508264120395,-1.4056582590733115
0.9392036068915186,-0.6299966216199328,-1.1869724925762757,-0.6389249530702387,0.019528473938856608,0.4494125066703866
1.1810250201174437,-1.909749159681667,0.09679891132829495,-5.192725461719263e-05,-1.0778078213752251,-0.27140469500252884
-0.2705967993738631,-1.0805510029387293,-0.4976324824206359,0.4435016891354375,-0.4441479022086123,-1.2015884478046328
0.10185888510264324,1.5268656512552545,0.9918486556240814,1.2967667785783932,0.9894072045473628,0.6813262791582122
-1.1279291878309898,1.210081622101652,-0.02173776464568291,-0.6012663007677485,-0.618302417337959,-1.0369573291912226
-0.11278559531433077,-1.1564266237205594,-0.41943428862098114,-0.8828180665890671,-0.69146715914737,0.8363745923316815
-0.4697760310213586,-0.21752362243020387,-0.8858905262664262,-2.153622022753091,-1.1503269957147095,-1.6158553712300103
1.6398756206636094,0.8743592337111076,2.24612716896386,2.007055046973622,2.164288847100792,1.1811196666005206
0.9306924189272056,-0.27166267903897756,-0.3175819005120942,0.13279396041295952,-0.5172891398720032,-0.5106963084815853
0.8153705743397426,-0.40781649545558857,0.561213867977117,0.2766614642107862,-0.02869071302135477,0.31611268208056464
3.4980584539757698,0.5058005983202367,1.0497519259627621,1.3973495129814775,0.8855099612965911,2.8619752928107585
0.41338373748633933,0.23654061407982804,0.4689791249987986,0.06337689482674921,1.4359708635941308,-0.23744192848001291
-1.236747341713898,0.7515882285140618,0.17075248623533576,0.21197890387482693,1.0433901307466529,-0.2594099910974994
0.6645142738746411,-0.6674798559679658,0.19449510872469217,-0.45002364492042324,-0.053100128932575395,0.25193357100315117
0.6755901840199953,1.3716044268672483,0.0781665237280401,-0.3559126016993587,-0.02916644236588449,0.31670246286478804
1.1063114690508877,-0.3428029754029014,-0.8699923828499891,-0.4625361839583126,-1.4360130064673873,-0.20597456621393856
0.2885518396881948,0.819391408825456,1.363559687875225,1.313834610188718,1.7939420229960388,0.9170700858319979
-1.0625093072682648,2.0638494533776006,-0.10777127638306754,1.1487934095767813,0.31951042646797867,1.3091187578706704
1.038382124206151,-0.8093882327812317,-0.9455590809136617,-0.7448013201642225,-1.3007500589208505,-1.9641318154014167
0.29860936582623104,0.3998750983944862,1.3970917319018206,1.2693269394599025,0.9501129763801387,0.9863618132658523
0.5372691638873169,-2.4768051620302853,0.033846237168228134,-0.7362033952619714,0.4532549198427547,-0.9774272371477487
0.48716310872416435,1.7920723112321537,1.7945755292182135,1.146565007935662,1.6238362698192323,1.6671888710039708
-0.5339038622188921,-1.5671066331639638,-0.8139385549967074,-0.19408452669057252,-1.012847882625761,-0.0327250151275857
-1.4458090405030994,-1.3404935521968393,-1.1009819952268785,-1.3180727909199825,-1.4383874447162066,0.5450980953039374
-0.722518160255421,0.211723350955745,-0.5352001604133801,-0.4141232646123059,-0.8175747907586033,0.1348074302337266
-1.024444937153357,1.242057636940565,-0.700210127328103,-0.7981108635934118,-0.5585814631464073,-0.31323881561928435
-0.6980885903257593,-1.0762249774747108,-1.9946046680094431,0.30126508779874395,-0.1412914212525057,-0.07131790789616861
-0.10177521574825928,0.7520864287259723,0.047819682441700165,0.019521623023348738,0.5411208054663705,-0.3359003007277322
0.7070718040281048,0.15936899698108262,1.6299833949494253,0.6957986188876083,0.3556858864118541,0.9784278604285825
0.24310334443510803,-1.0483832112349734,-0.004408449000817419,-0.572426666978548,-1.5196889079459792,0.38542554777646715
-0.09775037868642318,-0.01623273763312229,0.5169307255585034,0.7351702130436512,0.03177578111920305,-0.35091625852429403
-1.0854413930932694,1.5189308855343902,-0.978927483414462,-0.39125946577462867,-0.2460082776942587,0.09470675259958462
0.2639755206523684,-0.46380213083528693,0.0024244639160020246,0.7531816984699679,0.8555598702846948,0.6816481300444543
-0.6286771026713887,-0.14562650081825318,-0.09908628516037722,-0.1307725566357897,-0.09086092687104363,1.734342573082197
1.012434475222498,-0.6005446332026082,-0.8489856919002744,-1.6153271132075442,-0.08484314529328096,-1.0410729462873989
-0.3596747759241074,-0.9165732401279858,-0.8133898215905,-0.9232529249642324,0.20864902975258026,-0.3678977255375868
1.4805967215370792,-0.8396402879502075,0.0379470960322534,0.31806904794500784,0.05537576590822561,-0.07685972323013066
1.3523663403366557,1.4283828049167249,2.6438293761579246,1.3974285364945787,1.4636001672528627,-0.3055687937707675
-0.32131543057829903,-0.20414825441091025,0.10043308643838092,0.11570457595627373,0.23444941790112786,-0.8972170576483786
-0.8986794366359873,-0.1519885832877715,-0.24213962401460415,-0.16311904215313444,-0.3449520773422598,-1.3480735550391152
-1.1332754010471071,-0.37298517999126873,-1.209171326042194,-1.4809861373444686,-0.26716065218518975,-0.4516238686787396
-1.0283315077353172,-0.7486058794659264,-1.9824757311985197,-0.03209130090600037,-0.37761353282101456,-0.29454931367753917
0.7036242059720672,0.5280331868366862,-0.4275458367108965,0.3710093192913461,0.8822979834489802,0.9918834010057576
-0.02464977041017882,0.6190372586892464,0.10446369068809043,-0.0005688056608035795,0.6406132910161013,0.45541920107756634
1.276898536097956,0.6451457113113063,1.8402856298612236,1.0424791445640726,1.3972564692731186,0.23961483521645713
-0.45546870741079676,0.3923883440539738,0.5209474337676498,0.6174768578022094,0.8282164996552612,0.46465715675042524
-0.44828369120662365,0.7036691129920355,-0.516075279662745,-1.706502852678191,-0.34699747247007967,-1.4784658797607593
-1.8864678425424863,0.8067390003624274,-0.22454922163907137,-0.3101221779640884,0.7442982352630271,-1.112475488797588
-0.0029317483960881433,0.1049783632743031,0.23940447419623853,0.4016942036263242,-0.1427812419715787,-0.08178313492710129
-0.5592492513860078,0.001894178688478882,0.6046713426108136,-0.7852195178562305,-0.33917873017968353,-0.9328946504924122
-0.308174861636983,1.6653721567068822,0.6844607130673964,1.2361920932503925,1.0928214989921556,1.5040677392834527
-0.5162391882084059,1.899480683067923,1.1977781092016995,2.0227504343111686,2.4961163031342624,-0.39033059610110227
0.4688065155091075,0.19410099456235097,1.0240240189129477,-0.3010526421533611,-0.7178463412867705,-0.6934752122788271
-0.38500721010658445,0.1453876543127622,-0.5364855813959987,-0.15032202203381523,-0.3675171634604954,-0.33933904349801497
0.5921226775802493,-1.3670490745577561,0.27643437032079266,-0.27054555467988994,-0.20803560086455247,-1.5844056329385758
-0.6266453950618772,-1.2990852509866546,-1.0524367069338691,0.7475020750469584,0.2733895113640959,-1.0540145914911105
1.6950848563209342,-1.6466166773487452,-0.7886432401249318,-0.9137000607711007,-1.0370206803751478,0.7039873158824763
-0.4822694795951057,-0.5514900175452159,-0.4055205797839455,-1.0430560831646984,-0.9496763690676897,-1.0405291381683701
1.7624611568590776,0.1650291741086892,1.708091717116731,2.2024095695612407,1.1268994686381673,1.0754956787680625
0.8752046970712923,-0.31522553078941107,0.19622934954651416,1.1294380738113723,0.8441589353102081,0.21566546130543648
0.07101701188908538,-0.2673533560883425,-0.534459534821656,-1.458758308011065,-1.258649133634121,-1.0615767652658015
0.49787030209746724,0.530841561637049,0.5355352523656083,0.869810804184546,0.8765693074034923,0.5799023801432636
0.234754292270607,0.16639617451264668,0.410930863604152,1.0413302220500051,-0.24380734480521285,1.7211657757533423
-0.5248005071380308,-1.9770610950106189,-1.341924282443465,-1.2477199862004316,-0.7520148129282038,-0.4651481976197928
1.1364697014734715,1.543685134929726,2.168440532206696,2.0454124112126886,2.405928971703079,1.3185514838418004
1.4511507127725,0.3295074137728478,1.0516762396623767,1.5982796460882767,0.402807844259142,1.5218907885096467
-0.4301926312842649,-0.4819092906630105,-0.8253176577216089,-0.5951381220703947,-1.2059602151216773,-0.49488051383005754
0.04589422660009161,-0.2155387759858458,0.12280027922917487,-0.0585576551588592,-0.8294945005354597,-0.8565645015527523
0.13260112575346178,-0.9565935033267355,-0.7490256244406936,-1.0613616531959524,-0.46301027878406187,-2.445059832998718
1.0750957806528456,-1.0705983772716339,0.12235315270649247,0.043109479558304596,-0.1521112775563602,-0.07821625723944596
0.6429947688461931,-0.322540593155947,0.4308654380872498,-0.47695740054501096,0.540683009889727,-0.31659722415106656
0.058789443644319365,0.024959713202182317,-0.43475833269260356,-1.032198890111042,-0.9516730596901998,-0.6253347093419059
0.8551012369505442,0.01606196939600366,0.5596924323620535,0.7211758900599811,0.8821836729696484,0.1936646795457262
2.1677514838045004,-0.34758648945568354,-1.5965880271637898,-1.4440053344284556,0.0488568595829282,0.7792176362665649
2.01928342394229,1.0295917248955317,1.8976735922128756,1.442252127641106,2.136088313005305,2.290250233254908
-0.6322773307636261,0.9846450092870969,-0.13290494703823402,-0.7437123077581304,-1.0178769129184628,0.0793392233271534
-0.8666393092666737,-1.5272581895841082,-1.5191796781858165,-1.5857688542155695,-0.885476923444767,-1.5407781051950347
0.6859343923555519,-0.5845098183264226,0.7462674273827119,0.14234882989327483,0.6060680228861325,-0.408176393793782
-0.8608538633672231,-0.9346906854426358,-0.932742624633892,-1.1603787188817924,-1.8564580511467221,-1.1852321514400448
-0.49232428268648876,-0.6191846010818974,-0.33263450020977686,-1.216859453116319,-1.087538561152413,-2.146636403908804
0.45707530295571613,0.03489987407943565,-0.28338008203588394,-0.9592048622530706,-0.19821081686102984,-1.023576913166839
-0.3196773638868844,-0.8611244328119073,-0.9854709991365076,0.22522190803748668,-1.6089020331161104,0.1261378958229012
0.8924979782795319,1.0301900077384325,2.3799178594854995,2.3016348510618205,1.1739459028304124,1.564500394012416
-0.10631568362797422,-0.2733748306508624,0.6830549847878401,-0.1087555524245597,-1.2812679684055905,-1.3109407804507118
0.021608510550214476,-0.3376777175912584,-0.15693096873823367,-0.5769181903039801,0.3328822214847024,0.07817115348154606
-2.054353778330738,0.057229206962135334,-1.2397737797191417,-0.7230486818378579,-1.0054382699362672,-0.512114495304866
0.23966993760173463,0.937203717186186,0.18677520621663676,0.7243967589469402,0.25141128481161157,0.47080396814273173
0.5600799341452286,-1.0034099864052088,0.22799449598142843,-0.5719199604961887,-0.039827508117858214,1.0750162088147894
0.35223442380353026,0.09496166629608638,1.5719527126470154,2.4904397307023953,0.6752466318663118,3.1816608416492413
-1.0666399351025448,-1.273500193728559,-0.890502026501246,-0.13726098328381792,-0.35779035839735046,-1.2207979452639521
0.8723318946306956,-0.06690217133390876,1.0262414784060476,0.9053961518541626,0.42874485534018003,-0.5773150726108139
0.5540337362792447,0.685291637278321,1.450889900192848,0.7716800343874044,1.1615139812283621,0.5363960757113674
0.5561380441097176,-1.231394871502036,-0.13159498006817844,-0.973872066844965,-1.010975925394183,-2.002271222973688
-0.520491052713407,0.8796205564550238,0.3404397922032422,-0.4124003304761725,0.18438419003125683,0.5653563448022835
-0.5175978729905975,-0.42069245009605066,-0.17491981755824437,-0.06516811618766521,0.42468262695463144,0.8760079285783198
0.8831080418242526,-0.4076838394677952,-0.38795280002670507,-1.9764631375517572,-0.5427394346572446,0.9009048929247767
0.7517981370476595,0.2118928207507703,-0.8416279466019819,-1.1083590429309884,0.16652521892119618,0.0906764241696582
-1.0021780194960175,-1.7217361046139248,0.6061598096650949,-0.5387788300857123,-1.0905143064978469,-0.33395440119045255
0.09540921009206708,0.5735215495475623,0.3392703431184875,0.30285109240734853,0.3444432537945259,-1.5637440904596387
-0.8619873779784345,0.0156901101444612,-0.056407617003123155,-0.26583261043078066,0.162422578057457,0.3737983945369006
0.46382366835203287,-1.4350771360373806,-0.4964677873320751,-0.9123192463918716,-0.8275556240513454,0.28451261596815797
0.540749433503361,1.2238546668361765,1.6169071889585513,0.7994337767747904,0.8361485122509821,0.14377875448695607
-1.685655053632706,-0.13565362054805535,-1.3486646288870723,-0.7665663006391898,-0.7730253500132475,0.6858007269912145
-1.263559054085526,-0.004512115852640571,-0.09224180961459615,-0.5217337078766112,-0.9694075639650446,0.6260085683682602
-1.9358181926110267,-0.6871943975089746,-0.3939638565201385,-0.26230455133291497,-0.8888309785460994,1.5935750240114497
1.8055270522417488,0.008873744842863567,-0.218760789962408,-0.3849985082544372,0.5518570140470207,0.40821606062252824
0.20856313857043562,-0.6239228101737716,-0.10981727317123113,-0.1598036850685295,-0.7948465928003219,0.4430799833580733
1.209478723822956,-0.02452903156448331,1.4524999451565397,1.0512433378902066,0.23871857466533836,1.0495763008100276
1.0173338339113607,0.14353836396428302,-0.028635334932675324,-0.45297117308823487,0.448065809901031,-0.7582939714158049
-0.04846409608663992,0.4557139207488881,-0.0009389526650403595,-0.0620932450553567,0.3661453030977366,-0.7524020240587691
-0.6836767281565079,-0.8831176041835765,1.0782394962142827,1.4516142191454713,-1.510477213512407,0.8640548856861006
0.03426922869927846,-0.4427302515788528,0.5181998906395552,0.6700876767942503,-1.1218816787576391,-0.32894364525774344
-1.9632445328681463,-2.164092165338989,0.9308493570833599,1.4916458764543412,0.38067933539725274,1.1528051883749342
0.4046547339856754,-0.4205558174883565,-0.14252827815571653,-0.7225991866812069,-0.22944370390750324,-0.038699283824315124
0.75402181077475,-1.1261500645622622,0.42494249585312094,-0.31780661195980303,-0.28175324906413945,0.6511939845284725
0.33372224664498645,2.3748853340685456,-0.2401490579333569,-1.4487225179424827,-1.9295427739119348,-0.9999458890931351
-0.30028337034015484,0.37874936346293026,0.18296788055376706,0.2227503552898914,0.9683573673775129,0.3523021430079402
-1.0830845822545818,1.1816146817637263,-1.4907686286525392,-1.2543082547593118,-0.13876506241489162,-0.3312452147419773
-0.36625785243538994,-0.24102487766027939,-0.8247539548311476,-1.1575866686770848,-0.5834425489075655,-0.8700461011638181
0.9705102457756878,0.9714917075685352,1.884188313110751,2.287937233594126,2.8145704589200564,1.9014671261020668
1.5346769336924864,0.9217145042057475,1.5944136541145268,1.0596176157051695,0.876853241704817,0.44473318673077805
-0.7279141767712259,1.2832769873346772,-0.27977075493951886,-0.32515449177425837,0.7521815188704424,-0.11555447979120605
1.151137236039518,0.6916352453912066,0.979051874905825,1.1514336251799293,1.3411636143705932,0.7255693875743199
-0.5412792968037701,-1.2793981628938234,-0.7274477115451158,-2.257813694459319,-1.5144933276168415,-2.0341498154779587
-0.4843724590737503,-1.2555594665508625,0.08079040315369511,-0.6292867601431809,0.03500977413543619,-2.2741975850001053
2.0044211599783646,-0.855692356062895,-1.282118019402847,-1.39068478916485,-1.2635164435856856,-0.06408116621219889
1.0707592897104599,-0.7468522908122522,-0.43499532052472845,-1.04881545759192,-0.4869056073539893,-0.6779283168265021
1.3529702007192541,0.5389187351892921,2.100359251267923,3.4508491198211653,2.002011691034669,1.6362863306609772
-1.8818972587302236,2.4074287444169387,-2.1411035293756457,0.6370057626387929,1.2250730332823958,0.588042560736376
1.5981582205322236,1.028585836253469,2.2546565154043114,2.3641349588949576,1.6287135963027883,0.8350313329608228
-1.6921799763668242,0.13742193653139134,-1.485417835812816,0.6807065701608684,0.17368618389058443,1.9886291331111223
1.6985501551356337,-2.3778510770359764,-1.5182996618522886,-0.18953012147733997,-1.4561952467161474,-0.3381076036839891
0.8873737381090707,-0.9885962839741128,-0.2744737894237425,0.13880860508321863,0.10637652680951991,2.149598759134938
-1.2512799617578925,0.5485694597984634,-0.46947299230983314,-1.2222975030592538,-0.1091292428801522,1.4807509072614637
0.6091195896443623,0.12522724517155295,-0.503643350879241,-1.284973424381742,-0.2969528503557899,-2.254467119518276
2.470894551439694,1.6898725557434067,2.191191358840507,2.45574280713307,2.972062279907218,2.003777986227275
0.6559232007617991,-0.013490034515593373,0.34511253253443286,-0.5548015629445977,-0.4279449981600234,-0.28489365214028445
0.6824905801876169,0.24473130261950463,1.4792807823499017,1.69712586549745,0.7048529029183302,-0.3050475647645549
-0.6139505670565093,1.5673245254774626,0.3113294106980563,0.6819219933112551,1.5872494282442449,0.10242629890699051
0.34107642254397663,0.7512493707500222,0.8365657935642159,0.34532494883053394,0.44981884099881775,0.024230321975530104
-1.7066400002633326,-0.521112787908425,-1.6010689173760777,-0.504839951904018,-0.9217331952886825,-0.7504285411417847
0.3651278269275655,-3.259899357256307,-1.7680168257815208,0.16806285695173534,-0.3399817965294004,0.11519963088742488
-0.44002440187291747,1.2444391290921517,-0.1448884049453031,-0.8766380431850093,-0.49092381678239416,-0.4997913411522723
-1.0278122845756992,-1.4531701419558787,-0.4403183865559401,-1.1421994402536648,-0.483367404554565,-0.7471098994094473
0.5205421515993676,1.466505851736009,2.1852928981940654,1.9483702719492562,2.1990294916239765,0.02085571652108162
-0.8620343026641469,-2.5363712784647316,-0.9504023367732991,-0.6946705854515627,-1.217765415957763,0.32886193920771767
1.1367675761742067,0.7405748357780262,0.23589018587264327,-0.5274292985931988,-0.1549085852918732,-0.6586654392809429
0.25377212426456597,0.19792587097648093,0.3940736633966279,0.3367048628045401,0.34962105593492737,0.304097167278646
1.0350485953486182,0.44359846136457726,1.5243406601891776,2.179190509619804,1.4739528306146656,1.2919975854957528
0.8123707318794747,3.1199957392004074,2.498916193707178,1.2558841530767415,0.2136264540519098,2.0481979432910187
-1.8351007571906435,2.536790902238699,-1.2284376784780984,-0.13994004871311264,-0.6119847153095745,-0.29830857406202715
-1.2281924740977046,0.6380057613539277,-1.283595123471172,-0.22269120227153488,-1.2280170595335231,-1.152382282494206
-0.06431193072839182,0.3340884109710127,-0.17287433391858092,-0.7919999540671928,-0.08373877841547937,1.458843040385473
0.25259776739299783,-0.15022656755490155,0.42550861811410495,-0.6527703081745637,0.28380687536702076,0.6448952801328827
1.7700765166317587,-0.934983361629402,-0.20319100290234504,-0.7204716317572011,-0.589958595540568,1.4306548472630498
-0.04943589148971139,-3.3241589560699474,-0.542424136036233,-0.1785217713558016,0.24835506663798695,0.9419354011893238
0.25437134942477163,1.4281760930556402,1.0404390600689677,0.8460720349781089,1.5015342113500112,1.2294468435344308
0.35399350730177004,0.7280717807510341,0.8244495462025999,-0.08600686104568032,-0.6155036240961106,-0.7074754836413087
-0.4957884930477309,-0.6004185962486183,-0.4701206398669265,-0.7650902524237883,-1.4672434418412672,-0.1663851751368802
-1.2869089444508757,-0.44261652877925106,-1.810192946571014,-0.0724690275901193,0.22766061435439483,0.8847197453929222
0.9508271758982695,-0.42456497684349903,-0.5055720892975122,-0.9287630753761429,-0.014404479079195431,0.5020833731584172
0.5794834870112519,0.5373978354814961,0.644984441165186,0.7422990326224275,0.47638054967038335,0.7816894370343984
-0.6367418433757418,-0.8889382657220715,-0.885414978937318,-0.37240140982130043,-0.8279175968918709,-0.9881913732144461
0.7918305633689985,1.9060273801986587,0.7673642216939432,-0.49929612728782824,0.37296594588880677,0.013520296587989549
-1.2515912070698654,-1.0166622772586833,-1.6979451399004966,0.28164451863610135,-1.1214280045280471,0.5634546031947553
1.5938440636561217,-0.875793344631376,-0.34863034199420806,-0.8651062375745098,-0.9590845725440991,-0.6009526892192534
0.16763285306602455,1.4056853660614976,0.9641553020109491,2.28940262108369,1.7774615988363494,1.4484314905177325
2.9060261537940084,-0.6094667543559733,-0.0389172269061957,-0.1664354046320273,-0.1037019189954014,0.012679877550871875
-1.18878205383225,-0.04289638234774055,-0.7121928226267249,-0.8813277670224097,0.2286712898742556,0.786148312411961
0.461280887551512,-0.13353803453365667,-0.9964656354708333,-0.5911824455964214,-0.40657164002668794,-0.4381846347234974
0.38750814947240614,0.5393702494627907,0.676249567553728,0.011955726118426577,0.8749479574580099,0.06690106638878139
-0.0017375118217345014,-1.4962168428994485,0.04443634066971704,0.17066460433209799,-0.4197045276706416,-0.48167918058113723
1.884636802715891,-0.07392668489654486,0.6108990914688979,-0.10317325174266019,-0.5505715195091027,0.010648385700192076
0.818397063811207,-0.0691611235254196,0.03390469321756408,-1.1695320004818766,-0.6793103699595658,-0.5580637756209531
-0.04935827798204313,-0.38914664416429634,-0.7251277446701548,-0.6374296426412217,0.1788452248152249,-0.8198161426543659
-0.6902108841881728,0.4538722229513719,-0.5371190625543694,-0.17574686536987907,-0.046547070823722655,0.1340036895740447
1.1127552989328258,0.46382921854306364,1.5644099975546357,1.5755277381571717,0.6840669775135243,-0.11228614609969557
2.12958067409301,2.1150844055889637,2.405464591365165,2.651553889118997,1.95419423712574,1.082447187033635
0.5582845103861169,-1.2251637853888764,-0.7033107711779112,-1.0262690832406003,0.13056653740087606,0.07340853577537358
-0.5351168044872058,0.5347920470756979,-0.9897699924645604,-1.0558893830645284,-0.6666277749673882,-0.23531302033638024
0.9905526452250928,-1.0044882262017607,-1.4154576691760077,0.16270632284409495,-1.0040363361858826,0.7829805811506433
-0.8885876799947723,0.4290677811402689,-0.21151248432139394,-1.1613582065674743,-0.5715279517444093,-1.7510756460958283
2.563339648953412,-1.2304232792542704,-1.6934546059082514,-1.5111615654521033,-1.1752276979709493,0.33224483915977826
-0.34924909370203266,0.8027482870919955,0.10028280768588228,-0.5066534810352599,0.3558266635096279,-1.020890520935333
-0.5322747243681175,-0.4605648057501421,-0.4308565108967871,-1.3592127569472476,0.040459276656414425,-1.3299060049228943
0.2808326241843918,-0.7421375095560353,-0.4433805195592031,0.03988594464829398,0.5368942621680208,0.0874931278334832
-1.8485949057260953,-1.2930802984094014,-0.8629433705511123,-1.8814718460423172,-1.4136527689258378,-1.9842251135139835
1.1000151587420515,1.245556310911723,1.540542424361164,1.6764435289630517,2.175474806767753,2.123883231952474
1.4334938984253849,-0.3407090094636246,-0.3110328514311874,-0.6893797871020589,-0.2463126387190404,-1.4172783506711883
-0.9858345930267379,0.5709741748905417,-1.007450579838732,-1.523486016088629,-0.26893754802774067,-0.7663969767109698
0.7992957665106577,0.3886564313629082,0.9396253682077231,0.22036629158226242,0.15585931616722354,-0.3059558943971263
-0.3256047266798268,-0.03344480917791635,0.4185169121606816,-0.204347282127407,-0.6930597869336654,-0.23455373994127715
-0.6962372269181067,0.027126582057317283,-0.6053807895620638,-0.9751975291605622,-0.12112381291082368,-0.6874462196105894
0.22162032456665864,1.3489288600830536,1.183271430579781,0.03112219511452523,0.32091935599284027,-1.44953959500949
-1.0582583042301232,0.8043743718774653,0.37931561481194553,0.21279931762427667,0.9725159210752821,-0.17238484809257282
-0.9819003100859531,-1.0475807312055967,-0.6361240252387209,-0.5054675008781503,-0.3285327917837926,0.20352860134135106
2.084690554451127,-0.639529945802107,0.16695881900760126,0.5398412051800892,-0.18324410155945692,-0.013523792216749778
-1.2853836308113118,-0.3648005082703963,-2.2543845867017716,0.06871874536930164,-1.434148821499472,-0.20815556635154894
1.066585606264579,-0.09875263538180692,-0.16759583991310295,-1.1933524948825758,-0.24073565146135212,-1.5845470989973134
1.3158905044060707,1.9011508691850574,2.39476306331549,1.0587338821938084,1.558427866517811,1.1402532845384956
0.06473152976194203,-1.1015878330035629,-0.6665806039165244,-1.5278437705932,-1.3468463568710582,-0.89954154210385
-0.7308748766328526,-1.3229244824644568,-1.6760117391259106,0.08658291915650373,0.0060341066131332395,-0.7967551436006479
-1.0107368750217611,-0.19691125015340988,-0.3968373607554084,1.0655966537863042,1.032351327311241,0.8226997983896466
0.5696725847172064,2.142126085994476,1.8280836627606685,1.8347274099232973,1.404430572182896,0.44120561822433746
0.8152900455009058,-1.9283386144276273,-1.3091312487478444,-1.0599527706440068,-0.8980326578964393,0.4346928403699013
1.3629270340236894,-1.054121212836777,0.3127332477462194,0.32404186591049006,-0.7552673400320984,0.6417865106693593
-1.9126217817099767,-1.4392268061265703,-0.08997490484181159,0.6668613283865047,-0.5083866714840464,1.039168999241361
1.3483402307790027,-1.5426706358005835,-1.4246727255217049,-0.23301654111218356,-1.5937481422751603,0.19022444833288002
0.21897009575327211,0.5399649252053061,0.040844915873487896,-0.41358061895540676,0.15637443752793936,-1.8069555530260748
-1.102728925782201,-0.9889543072476259,-0.3315084793839256,-1.3274133504747772,-1.0870778655726892,-0.38885850736825583
0.9910514484184065,1.6264113099187847,1.7504315868899947,1.5233868493743872,1.9123506571988207,0.7423907586974794
-0.19883047120836517,1.2242748266531236,-0.14135238423411028,0.23874677302806843,-0.3270346887347395,-0.6997196304936404
1.0316627061443573,1.4617412268354448,2.7550817636817118,3.366594969238921,3.5792402532705805,1.5716905895287336
-1.6747680061362056,-0.9512410077967925,-0.6069749313834915,-0.8881432532315374,-0.4778204215955224,-0.744597964286273
0.9619625282144384,0.15727920672388077,1.3461479992079524,0.681260085893229,-0.49873342293176004,-0.5830578082610252
0.39185801493904265,0.6437895162612155,1.4947230498247033,1.236309463087401,1.251967875051713,0.13941906883394856
-0.3632748592237858,-1.0616850070615191,-0.9822311466456478,-0.8018788990165111,-0.7039745167047914,0.07266010611520336
-1.1976573143979996,2.197476852908371,-1.0913889117982478,-0.4761278642273566,-0.890321603917769,1.0052454988780977
1.5982262016719928,0.6068512281009941,1.7687863470143588,0.9217026303254748,0.6153659572067375,0.09362211610418229
-1.2076527775464279,2.9406005583322856,-2.159942395537342,0.39873790187090974,1.5362053139003127,-0.6297459340398434
-0.3934413057770813,-0.1089412245951153,-1.2094456531459903,-0.5471380585619177,-0.9156029580451508,0.3096494408335154
1.5217785012321003,-0.8364041610246469,0.7236815837947557,1.50843631378932,-1.1759953355115518,0.1633910744322939
0.1845544473745809,-0.7710947629863474,-1.1124831584779058,-0.8011136447817299,-0.1225106695040742,1.1840032917044259
-0.28541836589200587,-0.523614075487701,-0.2808699297954095,-1.3677272422504523,-0.18064802179364547,-0.9210638055386771
1.4410812447395427,-0.028189251032562833,0.9918507485249887,0.7011076655692197,0.6625938486391718,0.6195290394620915
-0.15319422624149115,-0.12887890929109586,-0.6944037205878641,-0.6349610028174935,1.1242743770835186,-0.38621249924543766
-0.2607574029153708,0.13300439138580986,-0.25200759106929776,0.0997916828467944,0.5637207470012934,0.13974448334510492
1.0903144221810241,-0.03246944721824766,0.40898183596626553,1.4659490275148932,-0.08637471284050079,2.2732649013696467
0.10969673671687823,-1.120902736087645,-1.1814991350296957,-0.18992973581166783,-0.8201670685441821,0.9950634758714677
-0.8777142836966233,-0.8876636072534204,-0.49812173609756494,-0.9704318989833126,-0.7158729388629842,-1.6864721289986742
-0.5640326266447134,1.3571387133940993,-0.27122876200261753,-0.07298161658777251,0.12733369255958188,0.766571685221049
-1.7331061470599833,-0.7958906646662438,-0.11446032574275389,0.11133095069342581,0.16285178789217591,-0.7209026756829129
1.7731801964547564,0.46563301684149727,1.7808011179151613,2.0437737038434145,1.4499543987459491,2.3693805550479006
-1.7703007811067357,-2.2342731845826624,0.15149685263957743,0.4082332963484604,-0.33425548660414195,0.7577116307808591
1.1648752103553477,0.6330284191027533,1.9772113200015051,1.1734454520571749,1.285835094550339,0.8258697149835996
0.19969095670291837,1.4034851632106418,0.2980831040655342,0.4375961921197632,0.08128101601766162,1.2379512084623292
2.165508827213269,1.3720215422798678,2.127577530383803,1.7789662910433979,1.1100117343074953,1.377110314014755
0.11682204439770463,0.22884451930297314,0.7884687357322072,1.4078852897395175,0.4507756692513542,-0.2503884535770348
0.7602915046430354,-0.7138025618483702,-0.05391015965020625,0.2848128571942159,-1.6050508810331394,0.8109488464358416
1.6502972946766217,-0.03359432460802249,0.31068732918533626,0.5190154270339298,0.586127631905326,0.6155055003198041
0.878579227977404,-0.7421403611624245,-0.6235750040586013,-0.4995115825347299,-0.3986213067387058,-0.6293233793077366
-1.1350380849435153,-0.599709985306064,-0.36921456339514774,-0.39963378206570693,0.0003872850359582888,-0.06354094157322665
-0.9375246533940899,-0.5497257301703502,-0.48386754258897563,-1.434616516787451,-0.2797123564243237,-0.2712085929838129
-0.35132110094946417,-0.14300439828321357,0.004935704406555239,-0.3753964441833326,-1.034160853100508,0.17342709956206234
-0.07176263624567104,-0.79683836583042,-0.194197510929752,-1.0118319466925212,-1.7433465343439905,-0.7838725515038608
0.9732547042693747,1.8688022700610911,1.7675499840831495,1.8665865448177204,1.5742526496471496,1.2648542058785543
-0.3093114663226729,-0.5406049381671125,-1.8150748252697122,0.23639962178910906,-0.17374411033968545,-0.9907454603585167
1.5922001343804428,-1.3688857966160393,-0.28269721865722325,-0.8023562195817084,0.37893846920452445,0.49452247274555194
-0.13183430538837232,-0.32241929739448844,-0.4151656338888725,-0.09790591719257946,0.29139815421584314,0.30662883771003696
0.9245805102530481,-0.9196115032082984,-0.7142377865710923,-0.44064730450889905,-0.2977046466767919,-0.45706059255795267
-0.25595421691282505,-0.4300588664462409,0.02111631465454039,0.23755982561780717,-0.7296660387719673,-1.1758767088069662
0.6818654743949725,-1.1350212601949685,-0.40437197192571195,-0.8562492652720907,-1.6167028314844214,-1.4533661001005922
-0.7323913410859871,-0.4581243269401221,0.45480944200174894,-0.16837099137939693,0.2976909610677506,0.6187999838426047
0.38892912536811003,-0.32640162114798477,-0.8965549298442106,-0.6688746918804442,-0.24116994772217082,0.49489164688714155
0.9393054734741416,1.436363030862387,1.8443423712889382,1.8587513184178222,2.254151980670899,2.2336752111024376
0.07689240320498546,-0.645004501615411,-0.9587659223854031,-0.5966369046403694,-1.067959817826538,-0.7640314507903806
-0.9402328996195296,2.0723939853487026,-0.6950346810996744,-0.5353299144227107,-0.8107662281552656,-0.5137736298194489
2.209099622041333,0.800019907957983,2.291592038558883,1.9244320485553343,1.3550698418585407,0.2603948859050576
-0.18698381947759762,-1.002620605786284,-0.09755775318383321,-0.7723974140033397,-0.0027116400330805005,-1.636446703980753
-1.5952697031461918,-1.0140363671187587,-0.08912966296054453,0.5495944083555782,-0.6548613113491215,0.8830107936648574
1.2977828306152468,0.3210013501304043,1.7288532417150144,1.1361185177218838,0.539683371157846,1.4428969334936812
1.5906635554335047,0.1748988359718353,-0.35131964339956406,0.35923419660272504,0.14235187394021778,0.5450561539581427
-0.08213064557570869,-0.2355065041911034,-0.8284951465338305,-1.0785266085897698,0.5090295640772562,-2.1485005185091572
-1.2440749216332976,0.06855596966062696,-1.0254048382366323,-1.2378825677443428,-1.0739198829654566,0.9396227463089769
-0.3608328491455338,1.0630837582220558,-0.9568666723372801,-0.474883966925806,1.567154569730197,-0.9442408501184248
0.16481528290277986,-0.1302063428140305,-0.20379054148376727,-1.4395411358251742,-0.06334047791914574,-1.5940727116900066
0.32466573214661654,1.8871872766499558,0.41829434687868655,0.27102912133233575,0.7905289191551539,1.1327547754042195
-1.0429231948584672,-0.558521235050738,-1.0962877330264738,-1.183623407023184,0.338985378536807,-2.4759945138995074
0.33845971981045164,-0.29918992729287713,0.6912131591158662,0.8387083825691913,-0.6365452939066242,1.7627024154207929
-0.1193388628561894,0.38149838173697187,-0.13915143017054837,-1.082507566322222,-1.1065129258965831,-0.7355365490717864
0.08643642508749401,-0.8416267266559537,-0.8239015354158294,-0.6121476588779039,-0.4788602307365434,-1.8386664182856591
-1.4186342082141177,-2.6596061940301032,-0.30659981798889374,-1.1080188129617379,0.38905114984282524,0.0812182490530497
0.02769240092368411,-1.5932610868648054,-0.9620593850547869,-0.504182849198678,0.23469307385645008,-1.3548804473221452
0.16748988868350523,0.09030995245558014,0.5267169348212328,1.1616536525120658,0.8863779715183502,0.20505191360253125
-2.1724742434720983,-1.574643200504365,-0.2173944605755375,-0.3297326243455713,0.077081984736807,0.15264421862528268
-0.8503596663706987,0.163963474918695,0.002613763218305973,-0.7344560306930397,-0.6361253010921442,-0.9683233320105593
0.7185401987765323,0.24064229113344546,1.3814740928949563,2.3427515342822063,2.144586335283022,0.5317863896272419
-1.7715812404308937,1.797138800547802,-1.6942344457425345,-1.4560168279356909,-0.7174730401268301,0.7109170612169694
0.24960301141575206,-0.6807446668907017,-0.3403078639220079,-0.5831979677066219,-0.043392148138378,-0.8268718938254245
0.49509907249638957,-1.291776879169579,-0.6292063990981631,-0.2451368973430411,-1.4344895687660388,-0.13715171124459605
0.39826782907986824,2.0906547546183742,1.6119879707965359,0.6875385096083937,2.0381063577104115,0.3462801258910254
0.025499019048497062,-0.7519561021363412,-0.7135563755087209,-0.12660781087464876,-0.6516054881952423,0.29463590227995246
-0.7831993916452566,-0.6474889269925516,-0.42371239576055597,-0.5353289860810297,-0.8642103376544994,0.18627572147460325
1.3873973390507102,-1.5574182546465034,-1.3987299972472378,-0.8185244264052602,-0.15221014873593142,-0.6594372707853421
-1.3275523022337699,-0.6334130785381281,-0.22078271018775403,-0.5682863445690143,-1.2363379604789375,0.30634750372401887
0.9904290785795352,-2.059936429965327,-1.4692350078134222,0.06056495988110581,-1.0477054983671106,-0.12345878575103392
0.6988709922421665,-0.7043850717306812,0.1487632119931713,0.9795379608320717,-0.11602051815311748,0.2069892333078399
1.1695001362419528,0.6275897064116321,2.0960415045111502,1.9534148616803135,0.31774135829293293,-0.5001562744612221
-1.2975415045796077,-0.4133568764253362,-0.5787424978018532,-1.1193927802701151,-0.3408782475525437,-0.4502851590119069
-0.7126658942619573,1.8095682181847998,0.2914624792196333,0.5638772821329499,0.40935270803979473,1.3903479323566703
0.8859096368430198,0.5419849131173192,2.225594920850508,1.0446362087047414,0.7680459387690954,1.2485334236252201
-0.020168938083147483,1.090493000564481,0.9468456252018741,1.3366882566976521,0.760788453011332,0.4799905433848829
-0.5541944698128296,0.5020026708457717,1.2055233677329253,1.3835243492621605,-0.47900161353288817,1.888336362718831
-0.48602701682143384,-1.2835190327002133,-1.022887381482795,-0.9341344078598285,-0.7670217503611052,-1.3900396073488204
0.11773108282520459,-0.21377139482238167,-0.6354519623954007,-0.6100667637030919,-0.725634828847302,-0.6872458201774663
-0.6437215504074987,0.5526366382158692,-0.18558770594613025,-0.6097346595688936,-0.96625091814768,-0.20163045760058876
-0.09507002923225395,1.45437938581994,-0.35162222688934847,0.23195796590363252,0.4633947270227906,-1.5245970854468887
-1.1652381285336664,-0.5194947618002913,-1.95987130788966,-0.3463333880998108,-0.43820530558371307,0.9829954242019262
-0.4677605694887076,0.4919997404101464,0.6537080284781959,1.2902342039099197,1.8087485521514441,1.07840573343846
-0.32395858054383475,0.681180984727069,-0.30568151366221036,-0.15089940663521226,-0.5510613205846778,-0.7648390120900331
-1.7681960112440729,-0.45460579216849406,-0.47436545960331716,-0.973524741381856,-1.897492902905703,-0.48906278127009956
-0.6349138450055066,-0.35927911488549596,-0.11414443243797323,-0.6616738707201196,-1.803463807996755,-1.0530144104259829
1.349059084560768,2.86264076002793,3.3814102055909956,3.885397496831549,3.4333584650614473,2.4245964577528056
0.5500227446802681,-2.242190914607347,0.23882560642073108,1.0877643964792545,-0.7802735932151611,-0.22205684278309
-0.4530679694158227,-0.45340894354599437,-1.401036875874247,-0.43948294205726657,-0.48797016428869844,0.4953564330580388
-0.09492399311810122,-0.08862983553825247,-0.02509251450718725,-0.49697600032649836,0.05515370375532254,-0.18028701321401278
0.15771559964610699,-2.2193124884539586,-0.5594068321369216,-1.0800179478955416,-0.9987003759461943,-1.0662451294635669
-0.07652120485210051,-0.06265683468469035,0.2611884031725378,-0.6067873910470316,-0.6038247013411443,-0.7711959720396228
0.020345875212866772,0.3889128443890234,0.8761021972292102,1.4259129817837415,0.29538678243730976,0.5854519831081468
0.4189765563578156,0.12051309400783237,-0.8931258555575176,-1.0256023711837265,-0.23448351758817798,0.5109434629557121
0.5889042997162128,3.65109435998746,1.6922116448736615,1.3807315252030217,1.156896708843712,0.5802407776857808
1.1518080089990812,-0.6356907063863279,-0.46746608207574347,-0.7039567562512441,-0.908430734861515,0.6951178557252409
-0.22886324139771697,0.9566847826895728,0.005113478739433146,-1.4792095909356253,-0.3916262337954477,-0.4173720789302129
-0.3555226387917544,-0.9872808680851983,-0.46553345507672206,-1.0322613141863468,-0.2971091003800294,-1.3764697612382322
0.48341038195686453,0.0565677060056296,0.8231321474699289,0.24755948024896104,0.7237317621064184,-0.3068753950178087
-1.4261951390678789,-0.6019165376880979,-1.1056628325191187,-0.870179200465547,-1.1709006804009532,0.06125361886045805
0.7939429024417993,-0.4955089462485314,0.2833620964616808,0.5935387685708243,-0.14464036641987468,0.33385882794607075
0.42968503554505216,0.7482804153826765,0.2588073517548065,-0.17281137570281324,0.7963995653847361,-0.2402726547104815
1.0956592049026266,-0.23627339457091207,0.4845272758114961,0.37635580342319835,0.13274531606551732,-0.1494073526872258
-1.296887903994644,0.1340939957330408,-0.49036499177622633,-0.7040497655777163,-0.5090300721305248,-0.4650447017139461
-1.9686124503705826,-0.8210979887629674,-1.0129165365701083,-1.6112445486231184,-0.7554689706333186,0.19347686489365598
-0.2681391533240143,-1.328924948438637,-0.9917380534458611,-1.018637090607335,-0.9953006867311783,-1.85714644502944
0.3157769586222073,-0.302891030038226,0.2646916146211263,-0.28873373290606286,-0.8853244380353715,0.31377590384110643
-0.6190454238723032,0.52053827262529,-0.4858293417492656,-0.11304927929767998,0.21940312551280677,0.6418659350007948
-0.019261812180029002,0.5397561024766298,0.2669244818440942,0.1930256530040755,0.4846169478299843,-0.3004588255434649
2.1814156182522835,0.29420055760970293,0.04516873739659841,-0.36323590812335194,0.5214221011633708,-1.668147829230708
-0.2638957673001502,0.25392551163960814,0.5019807788097559,0.13038232097781133,-0.2797689895657423,-0.18310541611521816
-0.4863711237113725,0.4352304206320049,0.5881591857239146,0.6040236517399444,1.0036944483512313,-0.016059368885786768
-1.098094028653224,-0.5623975046636883,0.30200014490726484,0.40304285290720704,-0.013437436534021085,0.2290474261041827
0.27397131867352903,1.5336246671149005,0.9464303785327919,0.7759706052819884,1.288420192487476,0.5051055951692818
-1.0052725269466667,1.4301586603363108,-0.6021831729067485,-2.048570332121496,-0.26862472673623977,-0.3285681645618216
0.5048893522003066,-0.19986110009973054,0.2292942784277563,0.3863332855330286,-0.5780020482037227,-0.15145341420581376
-2.1288858814352247,-0.7156023132128858,-0.5717288201350056,-0.4381196432671057,-1.3099318278187573,-0.770120455115402
0.06736729546768366,0.7114760331920382,-0.47126996678519756,-0.3195169852735749,-0.11515651306762523,-1.1784888180608641
-1.7744328543753152,-0.8933477090532511,0.09672507582206588,-0.41549762194646933,-1.0682013614959287,-0.2824885350783806
1.0401103645983028,0.8796999748718174,2.556004532039366,2.0495126550895635,1.9224643044866725,0.3324893283602996
0.6553038316634309,-0.7354712742875321,0.0017306589748431786,-0.9908734627024139,-1.331919453563927,-2.785797056106924
0.9740299618727075,-0.6825024866697604,-0.028118990748704713,-1.179811663049426,-0.42635174233131334,0.029151756481067662
0.07870428604015074,-0.16387321642661992,0.25844089995915653,-0.04050338010796139,-0.6560164720751333,1.1055084386763994
-1.0247083640734913,1.1891909496488733,-0.02992093839240115,-0.43531085061249375,0.08287208057433151,-0.7875614833864801
0.8577359326406395,-1.2613755823391737,-0.04248921833407163,0.2986615621436073,-1.2052950391773745,0.37532174417665976
-0.30605547389604554,0.8147745433814025,0.7161799236274142,0.11467364468435963,0.11776066317016151,-0.27477845346924745
1.282206852998023,0.3331521081182371,1.711878614069754,1.940924259842157,1.7391766564438942,2.8872621199422217
0.21263151319644294,-0.2293486267165384,0.8838717320572446,0.9092310987792689,-0.1905139734221244,-0.5938150865660033
0.6175997435824828,-1.903004205513197,-0.836062513464843,0.40793413649049004,-0.7156680443708268,-0.27310937960114856
0.06100796926619549,-1.3461398820956,0.36662285247639353,0.8691406176318192,-0.46551048278708257,-0.11984599136110703
1.587345789052797,0.17489677517219435,0.9957983419080032,0.16924551284668876,0.03122067302489423,-0.7695308497058108
0.7329237758032822,-0.041592540168700676,0.7570378656033037,0.4284927911867197,0.0779017321292986,0.7044327895433177
3.222352609855676,1.162512086369408,1.7657984959372095,1.7396667189020145,0.7377011235590596,0.8502425138209374
0.49997050187885284,1.089144656749169,1.7996911177968824,1.153654704224521,1.7059608600164453,0.07168327274723116
0.9009599607627963,0.49100890268501196,1.4704247240493131,2.043892434248028,1.9411092015987257,1.8013421443476865
-0.5144127269828441,-0.5320441077510103,-0.02596019669012359,0.40011319801138107,0.6352313933706953,-0.3308932566091213
0.008552848378613538,-0.5281723887065899,0.28320785392213677,0.4539747380459236,0.5341977978683361,-0.4055504044193823
0.08499170518252583,1.7493619487225593,0.3237883604492202,-0.0775154266646852,0.8633653651945463,-0.5149845494684042
-1.750908095901433,-0.5236549508177435,-0.5248425696219039,-0.9198333794097252,-0.11282481004062143,-0.2299826180626113
-0.35931921517004556,-1.4492347611251677,-0.4155303401426929,-0.12768759642285638,-1.221842142276305,0.024654800182646548
-0.031638869220666756,-0.08022129013165788,-0.7575808614978652,-0.3917562795832868,0.07109564131843871,-1.1320700432802018
0.02310740893184497,-0.3420614675061831,-0.38595402182014804,0.6263777726943887,-0.7101693237141647,0.8398923849016766
0.15618246949098766,-0.009439711917622988,0.6150523036125831,0.22351756470908976,-1.5255713039121679,-1.171312296305287
0.19913269171317174,-0.25468843437681915,-0.2816775170043518,0.07828526366274272,-0.2590464583100049,-2.893408980363447
0.2021078956445794,0.5524332224906061,0.5278538633230621,0.380357276029045,0.8943906681767299,0.03065767871056705
0.08411017875901312,-0.3989668867930052,0.08465009949928165,0.036944634217770826,0.6027235910421636,-0.12259172126483993
0.7042715033373302,0.67838449463103,1.0823194505219196,0.8559538778710677,1.5099279454851293,0.9651641898624248
-0.9684949050682767,0.459064388191772,-1.9829107575743123,-0.600796191190293,0.6480440389490562,-0.43199461231780517
1.2624033608315148,1.1000448852625249,2.955086119907997,2.9309950628302066,2.7375434946918014,2.6684789071048622
-0.7253706595089822,-0.4051242932352524,0.6843455266449158,1.0487758221375263,-0.5902229072602811,0.7671956491987528
-1.5811442570775813,1.4154623011586744,-0.35378779271285515,0.05378443706807161,0.7562219652321299,-0.17325999719698834
-0.9211804510436516,-0.26812632784089707,-1.1917210416786637,-1.4923243904641705,-1.727691348576342,-1.4071019563648584
-0.9766978071408492,-2.386031481689838,-0.5600861788012668,-1.036415325294243,-0.04277545592721848,0.6623262654458454
-1.0997475928782743,0.6973142820908648,0.41987212766746607,0.753558818608768,0.6483710405217995,0.7712566255787932
-1.0252241370820006,-1.697709866473613,-0.3468703889462193,-0.9129111979519443,-1.0390527512357441,-0.7028480060756287
-0.4719190659885155,0.07379252194309897,-1.0788276495321547,-1.055931313030447,-0.09724349538540074,0.1648152411528187
-0.6422671484326641,-0.39681232931298116,-1.1472713398464276,0.33610742986871284,-0.4397866332043719,0.47418292930332195
0.05729385750962665,-0.15794727723540422,-1.2249933065003569,-0.3438828440757066,-0.26579641031072776,-0.15426082312427314
1.2729310293889682,0.4411792451763766,2.2578861713199,2.6880854426296876,2.1700729540001675,2.730845341776399
1.704106717660583,-0.10723172103900973,1.0474770967139693,-0.44026867585786766,-0.2835196860696333,-0.4480738085466691
-0.6205094008527403,-0.3823843865061108,0.1231243511716485,-1.2646597095623306,-0.6954282025674129,-0.22748153614288313
0.2993435750120314,0.3820595639140111,-0.2551228450989393,-0.7526511137780566,-0.6566611917880809,-0.8740719336036425
-0.006827798008995585,1.223818748563283,0.895885901294196,0.986717360710442,0.6365411972232123,1.9479449562843134
0.2504489270856932,1.2153551691905644,0.661611502836526,0.7998661320783699,1.8889505227987013,0.10974988144335289
0.32371951931480764,1.7108699827919616,1.3038126440053632,1.1410229949236121,1.3881782793984454,0.26383153976185253
0.2437819937662458,-0.5471265511994748,-0.43401332912047497,-0.6996806945048579,-1.104122979624338,-1.091801502856062
0.822913693462568,-1.4023229048397439,-0.42538244039108736,-0.31061408811295915,-1.1189689731953292,-0.008984679279235219
-0.30721724665352595,-1.1646491366226994,-0.6774743974902909,0.07257671101805256,-1.1441279164621874,0.4803003999745749
0.1402262719222681,0.09010838717291766,0.2937766333773451,0.8191961953392779,-0.8167722446635322,-0.3413801832049651
0.6739136409607196,-1.5251541600433252,-0.8718843267933598,-1.0036314688766756,-1.622932389705887,-0.7608442430134558
-0.5888103964663742,-1.2927786253369034,-0.15728382182044268,-0.20134541016440993,-0.9098092464875697,0.2984883209149677
-0.13380162699954293,0.6725639198945187,0.3801869786325768,1.2792643517765134,1.0106051139750307,1.2652709682428425
-0.5516967938200774,1.662084389243872,-1.1190873138440807,-0.19733533702199813,0.025293237198776793,-0.12852117382281536
0.18650795352524577,-0.31714990409403204,-0.1568882794854073,-0.3889906918894479,-1.019002947278272,-0.6640808774953871
-1.0846472848625521,0.09882792075046438,-0.6262990767124157,-0.7865008091334238,0.21465011781244575,0.5887070300668948
0.569916315045636,1.1537031520030747,0.8958218329450199,0.40387701218385086,0.9738443948301211,0.5668151352143607
-0.4059076831986384,1.3738253053448468,1.0902860980243652,1.1193913491605845,1.1168497277399565,-0.04078472657304092
0.46955182856759653,-0.6106511693634032,-0.6559293514349086,-0.5361591578785789,-0.6994408325703909,-0.286354620225583
-0.4276763905966271,-0.028726969476562326,0.7193073808431935,1.7322010841542241,1.8762892291199877,1.8401100834613333
