environment,need,intent,match,engagement,renewal,support
2,0.500618765044808,0.6523112922624085,0.6075231054423411,1.021797778427867,1.464456446070296,-0.6952598280608487
2,-0.06835739110221849,-0.6353891538098242,-0.603599025179289,0.37612998756589056,-0.15603267406074373,-0.28591630694968123
1,-0.25776414333797254,-3.4038167778731054,-2.0659296365627187,-2.1999546909188377,-2.2534636188037362,-1.4076729524967615
0,-0.050100423875511536,0.43941854786314655,0.7074360709834695,0.9804962642855795,1.3225184265345582,0.06218925085724413
2,0.5620898374191156,-1.2367106208669592,0.16341107270996197,0.36990142934699183,-0.8251637416838247,-0.460469362635089
1,-1.1044788820124691,-0.46597223285524314,-1.6487266651626316,-1.2192624562201875,0.7661916900039615,-0.9103696597022496
0,-0.2592850860771661,0.2075308922532545,0.7528452233409838,0.984821441303738,0.8019386489007324,0.26525865615126615
0,0.5867938224251282,-0.016845198201010846,0.48184592867904696,-0.7111998098562565,-1.1087032187770685,-1.0692665605188565
0,0.8768128370441322,-0.6237373036529253,-0.0620253612887197,0.38321988806014046,-0.4354438208293431,0.36237595475705153
0,-0.959244319588635,0.3324221258638908,0.31330793029347603,0.12539843067822282,1.3012176801017752,0.09819473872831008
1,0.21501290317116759,-0.6379606744932836,0.009454875931458915,-0.07954296732428269,0.06749754742207445,-0.14885564404322504
0,-0.9504053083493493,1.1736908348043413,-1.040779338554487,-0.2238163542088569,-0.11589938774006799,-0.744481730006888
0,-1.4493225672076286,-0.7812870880030961,-0.5863656930336041,0.5729272861031562,0.048123326669483886,0.23356713052368244
2,0.5699510651577399,0.31448222744979537,0.9376865088196484,1.564281008222613,1.5986372068969947,2.316830968163147
2,-0.8882403192411289,-0.16727903405283337,-0.1898905846881279,0.01178193870875466,-0.2969267348896228,-0.35175162884314076
0,-0.15893731521572418,0.5674660341128646,-0.1622934630549828,-0.38584982328795303,-0.26545835459422484,-1.894556669710046
2,-0.6002872274792993,-0.2098315353768088,0.026951321064939616,0.35753427977637664,0.09140004425385981,0.08738841272936426
1,-1.0176585624282193,1.0007388656751242,0.3708603417982652,0.6477533443693846,0.257312948090646,-0.612599143071434
0,-0.0015146797399256701,0.3686944656637466,0.15821793387808866,0.6521401455115464,0.47597221597811984,-0.4624220900223882
0,-2.147017511425408,0.2566249775306553,-0.3148348326797774,0.3885331846955997,0.23377641575072894,0.07439167577219179
1,0.07505547558687864,2.627630882754412,2.396354263235954,1.8615645505498764,1.5752100879611217,0.6934638516639738
0,0.41034726435926566,0.2643592266867987,1.1560642463609487,1.6270324612719174,0.401536405414701,1.3735837951629284
1,-0.23664384694950433,-0.9554227111643304,-1.0933385116563434,-0.9161347686235187,-1.3425231208411563,-1.293410580205438
1,0.674990707514803,-0.24293861299440497,0.3122907518816985,0.869706230687172,0.2597393192148017,0.40514192475684957
0,-0.09504516957245736,-0.03304220957078955,0.521770187183506,1.5022512459471387,0.4335850550727746,0.7394517471060051
0,-0.10134029051122499,2.085732071055428,1.2616072448657663,1.2837152651347745,1.420176055709777,0.36534248870701996
2,1.6968720758315552,-0.31351067474080874,1.9361171451575165,2.1979070509772867,-0.835354830193562,1.1986169774625866
2,0.8861081904519881,-1.2994152459960862,-1.0109815851153676,-2.2602497439231,-2.3148236435390483,0.006457981322212425
0,-0.5298012823507184,1.2796165240292423,0.3103034875754727,1.833254190264833,1.146338328287548,1.7675066256808534
0,-0.8068950253087962,0.9024087617835964,-0.019395630612336845,0.1310709316747269,0.5907230289913121,0.12157687518534897
1,-0.15649966045832486,1.3159662326312278,0.5272162717813127,0.49563777230225353,0.22707992631436916,0.7761187329371877
0,0.34605870514618753,1.4199060953109555,1.217867989354726,1.49667283371152,0.9963500761051046,0.5889537161540602
1,-1.0693256609726303,-0.3353357854161225,-1.1750100424769414,-2.1540874364573104,-1.0451976160246932,-1.5567810795421402
2,0.9791360456324814,-1.064745059275795,-0.48114812096046666,-0.6436552418294813,-1.2685348612991003,-0.7213191460161112
2,-0.5855601916375185,0.4568000634141461,0.9946623010365724,0.301272353026725,1.439658314740988,-0.6481026417885799
1,-0.30811797797221263,-1.0430748229566305,-0.5045930266978533,-1.2352044661189867,-1.9946052602077295,-0.12868846247671112
0,0.571163162174369,1.1553470122128917,1.7739171670597944,2.7498000394215185,1.972749767518425,0.9260129227374364
0,-0.49944466142171695,-0.1274686234647986,-0.26769951144153636,-0.6731317014944979,-1.3893804556874731,-0.7812734972800937
1,-2.0469064070711034,-0.39082419612530256,-1.5080757009117702,-1.2768805685332534,-0.46432889356234924,-0.741006273199347
2,0.7552529314519015,-0.45281741831181965,0.009956239150919324,0.8183420015064415,0.08943834886836725,1.607587385065239
2,-0.2899976863432241,-1.7355995009997438,-1.7994314995019467,-1.1121783755359713,-1.1421719054623534,0.5940544922667972
1,0.850824136496725,-1.3200574621374028,-0.9599181398038739,-1.1930072862278638,-1.4036938787249538,-1.7622829356693257
1,1.2956045868141657,1.6923072964360635,2.6419099004647553,3.132801485207848,0.9774922208322552,2.5553539982157
2,-1.1621216071657834,-0.33291551336434705,-1.3804864855825232,-1.2092110522878905,-1.1273902444655644,0.03931522731555277
1,-1.0407989746499253,-0.05007603177790756,0.12375941206409892,0.4115893998202046,0.691319380792835,0.3972081609215475
1,1.179527942433956,0.14301114891156136,0.7513677038865502,0.6076953837294585,-0.11838225864200776,-0.25215769356542245
1,-0.9985185592672903,0.2835313614866701,-0.25369197927692444,0.35807763407788595,0.11349265015055839,2.1355624686697188
0,-0.2146062724193295,1.3925071202712396,1.110443066184417,1.4463503771832595,1.2473416352109525,1.2592645968257123
0,-1.551630881005652,-1.5972702704045167,-1.7951998624722487,-1.8843899833058833,-1.5843892226100735,-1.3717323548226563
2,1.040818627608569,0.11394755945515085,1.603100485010647,2.263070518189084,1.2615983828827246,1.5665285359720935
2,0.3070392804244097,-0.13464012885304202,0.08827550736052986,-0.19889516764493598,0.8140214448705861,1.1383323352500962
1,1.2683938218015447,1.4235641210572627,0.09596463723395342,0.19524410757516605,1.8624461507083452,0.32790989234653495
1,0.06599635757082346,0.5213956508741611,1.1970481146218561,0.8197903374689719,-0.18862985250134737,1.2503563358152694
1,0.10025105709838467,0.5562692671358934,1.3489199886898169,2.4027288153526114,1.4890668085642336,1.0407092681419778
1,-0.3168317497975019,-0.11839658726406878,-0.900495417433596,-0.30831600788832797,-0.24692853566645087,0.25263149542423186
2,0.9848996403110406,-1.4533061515284413,-0.5599599537122223,-0.969103382797806,-1.7074508285575598,0.010957378561487806
0,-0.359090730833058,0.050361359956748765,-0.47298720834981123,0.740734343924657,0.5572691366033257,2.5833599978853945
2,0.5589705206815221,-0.8443617962511123,-1.2686383876875562,-0.36801156065953966,0.058067020874486265,-1.1945039723674662
2,0.3080381407912422,-0.5292119477245888,0.37612828837357876,-0.23703696441431935,-0.9351433542598353,-1.30385651738884
1,-0.17971065964088895,-1.4445464647527388,-0.7873227334244115,-0.2547935016312376,-2.15324080816203,0.49412922825368866
0,-0.21427272376156095,0.4407833713213591,0.6106025308226907,0.697791385509465,-0.7458786441499772,0.8092723721484162
2,-0.12135953571343407,1.7457757431680638,1.0117498874671644,1.1752601329730372,0.6618244334516851,0.8805225993887491
2,-0.2684160228049266,-0.10449667886268534,0.24790889893553913,0.5345679968538022,0.2938583772452443,-1.089752718262118
1,-0.8347676357857391,-0.9419873487485724,-1.7450521644397337,-1.6298364035773605,-1.6197661424712568,-0.16037252264894059
2,2.219569488684127,-1.5957165431597877,0.3232062925651779,0.02916759792445992,-0.592733121463811,-0.15176436527509013
1,0.6794192268763662,1.208816750645039,1.5256312240437728,1.2863348277041242,1.5103607217193291,0.8159248575859768
2,1.0730036237684537,0.4238371432961516,1.3595198947555653,0.45026665056996795,0.9624481693241276,0.4188287054220019
2,-0.36872505819829315,0.2966818895264346,-0.011582778975787151,-0.29481553144510037,0.2443236836829322,0.01691259755754216
2,1.8962532316999787,-1.6454094242577033,-0.15613510910284284,-0.6987640436718462,-1.0955078278442834,0.34972650667852
1,0.0205673537833147,-0.4163248263221599,-0.9941614794449238,-0.7634762848997536,-0.6812169877529035,-0.14908543446529282
1,1.2633722115581805,0.431099568640234,1.4242429957781415,0.40521393430851405,0.7888990229836392,1.7171617446047551
2,-0.6164864973957264,-0.9150323541449046,-0.5888509574875258,-0.2402785201413912,0.10668746637219108,-0.113676633990201
1,-1.2467365604282563,0.5294655070078513,0.26656275731332146,0.4698262425733047,0.12675545208461236,1.7757231568095508
0,0.5295532537346594,-0.9308591596016568,-0.45329304465638415,0.15568293692462928,-1.3545111183213105,-1.238673316259959
0,0.5614165474362542,-1.274513845133259,0.2960741743962461,-0.5324329835625592,-0.4323063650591127,-1.2398501070288717
0,-2.5318044713988406,1.9544219047270226,-1.163835964973184,-1.6697276872482945,0.7589028734017812,-1.5917979596330778
2,1.1991576218158562,-1.3628637091994462,-0.8499851687103778,-0.1847953499301815,-0.6171170881392847,-0.3424506985549057
2,0.2848949091063633,0.5352026739928342,0.8454330590472636,0.39207898890022036,0.6603226097066388,-1.1616364542376691
2,0.4080785353446394,-1.0785619227103864,-0.10839075716099737,-0.7389321566716316,-1.2093039572184126,-0.271238410193451
1,0.8732497657377859,0.557368196734564,0.2553642240358648,0.8941132128387895,0.8895712872137111,-0.9932794860995362
1,-0.553135823773167,0.983744409642922,-0.015618002988288833,0.39919855702180645,1.3619688146056488,-0.2700589844677546
0,-0.19364244295206912,0.5724002340153117,0.9283665677213538,0.5782377135387203,0.4841225227485882,1.0014653655654235
0,-0.7619511305871834,0.40328815400945545,-0.09944819579189515,-0.2691293938907695,-0.1864969855590179,0.6291163654930664
0,-0.9838166407465057,-0.4497878155411775,-1.1618854748997243,-0.6764908842378257,1.1985762036952938,-0.09678295921760205
2,-0.1733996084646742,-2.4868504348803735,-2.985879875496176,-2.2574151439277763,-1.532696099448785,-1.6840648098694202
0,0.8055479637834343,-1.064431085355361,0.43018108269656163,-0.04404260066985229,-1.408303225049187,-0.7809140951378554
2,0.09071972618015314,1.1040434163444606,1.8997765746187858,1.5617044165124565,2.813413779866376,0.5445499751955453
2,0.5214921432474952,-1.3414450946833036,-0.8856630912196516,-1.4174754140406547,-2.105666648045593,-0.07246021511582944
0,0.20921726956254919,2.3489097802284924,0.4615157469536856,0.33574284984625197,0.5536165009448628,0.9546849858161652
1,-0.7855356454689983,-0.4981066441836796,-0.6916838281194716,-1.5728595681268,-1.24447452770003,-0.4699817960768287
2,1.035238612948728,-1.3972161667324148,0.15344305980246584,0.3260576369674506,0.21546154642853244,1.4490315933176166
0,-0.7583885855930698,0.29030839149730636,0.12568032449384833,-0.1380305814254706,-0.4292285005571308,-0.2833561157027058
1,-0.9137816352113252,-0.5029439603746862,-0.4246792304478629,-0.863860616791739,-0.7683673312853254,-0.8988290606091568
1,0.004947016448358432,0.40495764417496594,-0.303862947018791,-0.34619992999703186,-0.018350537088628015,0.1288222759542037
1,-0.005842791642782156,-0.5513589694361083,-0.7766722875446619,-0.07715745932130635,0.15803058547835735,1.2602519945371369
2,0.08410682873479304,-0.7489900068027149,-0.41178299553512243,-0.0016506782188877652,-0.7893573045595881,-0.17656594099323156
2,0.7416252197296819,-0.5514734426338471,0.6388255470801333,0.5738549199872829,0.4941341996361492,0.7509156942654173
2,1.3133047962556939,-0.7043746491929225,-0.7789384420600605,-0.7932097589833774,-1.7333216507568114,1.2939068828394653
0,-0.5952459137276439,0.21649771637588922,-0.5184911302197353,-1.017932932715361,-0.38180081315947756,-2.175492379576825
0,-1.145134082565318,0.07568596448694007,-0.003782618436070193,-0.5307502489444492,0.18979951924813038,-1.9602886094730143
2,1.353490964276959,-1.2428551071003262,-0.2233339503431573,-1.3001958609529747,-2.1572674308279303,-1.1687457944042121
1,-0.5179714237937403,0.4706141465736809,-0.1756061012275724,-0.514774571297932,-0.2668292594103088,0.2779157174736268
1,2.5731398501549902,-1.755076949380154,0.6058370687988236,0.7831245433908981,0.09056524791006884,1.0564537805734506
1,0.13388938934844075,1.8555921373332334,1.2473737615466778,1.4319774842093471,1.396454350369028,1.1341022184579719
2,1.41778002839792,-0.47145749877708604,-0.010012911615642944,-0.21530440573829993,-0.032946322923430194,-0.1502782682170682
1,-0.7348873570821207,0.8479603254513116,0.591197984605001,-0.13534202535458414,0.6914126182287023,0.18747085444699543
1,-0.42902010924168693,1.8393580497910702,0.6144889151452948,0.24893140681424644,0.7782439323980783,0.18940389319610315
2,-1.4088303050519124,-1.1692141435443772,-1.9777525135207248,-1.2904848432668297,-1.2946760514376303,-0.8925660074890643
2,1.4141656514336813,-1.8232453745715744,-1.4724535990515337,-2.007666694270389,-2.2039062535484453,0.9924143274438988
1,1.30337365209508,0.11598489278949843,1.2593685208725864,0.24575287933632184,0.4469818922360251,0.505082211307729
1,1.616969354809119,-1.8623032511579916,-0.6381327626617309,-0.5586313773483321,-0.3383055497592843,0.41629475599998605
0,-0.1615338738795417,0.6544182953364187,-0.3613046784444806,-0.9077994950215852,0.22019912421847954,-0.9036990009786102
1,0.47850996990508704,0.12701105898890838,0.2245978727625322,1.1142255950211388,0.8524216345365753,0.333227592610827
2,-0.5279814711438757,1.4964872627826,1.5901619873883603,0.21621639817145036,1.4530441310245363,0.08519424525716522
2,0.15485468594025853,-1.9041948640656348,-1.4784415218360365,-0.9066474136829578,-1.6406478866827794,0.2474657782727127
1,-0.8849821565319907,-1.152204336966153,-0.9556660835325987,-0.42516931004067476,-0.9903230308877282,-0.8274892715184214
0,-0.9591506063850338,-1.5070739393103607,-1.5062174662872911,-1.8433814133281088,-1.5489155258713803,-0.0468852910273042
0,-0.8544179901627508,0.32671552308353113,-0.15749013130008394,-0.9199976419806881,-0.4392229038955062,-1.057198448334139
0,-1.032826152771135,0.3779596851635238,-0.5453955201759243,-1.6523426332027091,-1.7227088725054205,-0.7951263996376304
2,0.725755415792976,-0.8632321240167674,-0.2139278459247133,-0.35532695584794116,-0.43617131048453417,-1.3432903468463797
0,-0.8501177118673613,-0.021337088171201245,-0.659095983700384,-0.419127229574014,-0.46841220930799154,0.6109544832026305
0,-0.14701107221735926,0.8081662184336614,-0.23876121026024852,-0.07169821968381246,0.13161496792392716,0.2032128555180546
0,-0.6693014921306555,1.1820700302953808,-1.1872596453399393,-2.2358220491747853,-0.10455577253842455,-1.0099121893731249
0,0.8687270093566792,0.38338489362141936,0.5033273896927886,1.9330040077375694,1.0920283652654592,1.625596448138845
2,0.5737149825834241,0.8368862672012833,0.6742147661889528,1.6944363145228136,0.6458420672512855,0.07833712065130381
2,0.05578359024217739,-1.1423518342376213,-0.8777028747056104,-0.3999803886876161,-0.8478973940096859,0.12337419720669907
2,1.433349345547017,-0.6674464902507254,0.49334082062140033,0.7372521013306366,0.7166025705659478,1.3906721847406305
0,0.4839354179754149,-0.17828370441245509,0.2923020017063886,0.5259971583532865,0.5123245517594147,-0.39168077419323405
2,0.9164806245504091,-2.1952152368570315,-1.1465505789238308,-0.6674233972019469,-1.0567456357866305,-0.12699838772876246
2,-0.3630252289430383,0.44065240690675817,-0.0946343991999376,0.5551062669937196,0.5306670676546457,0.060090541723926215
0,0.7344275363267543,0.4546162532987432,-0.3383943065409532,0.0010595474254707143,-0.15081433972433658,-1.2732418187700894
2,0.8073076681025223,-0.8375302876341456,-0.6483449931334139,0.1351540204314205,-1.0188376998373017,0.2975534885241002
0,0.2669195010223012,0.9341191037959545,1.3433064000190964,0.8685479606433706,0.5879837314118219,1.615417513243245
1,0.5587576667785943,0.9421550731867363,0.8140280371496623,1.4435940140653298,1.3261089852155374,0.9715183010043786
1,0.03405936185506827,0.6482765475421605,0.377894848630337,0.7890862650595573,0.49954853021729534,-0.4236063094604462
2,-0.35381652811418896,0.34553199258525114,0.08583749270415272,-0.3618586147909021,0.8576543154870606,-0.04525129243727352
2,1.1550967736587932,0.4994977221351019,1.4071544958500661,1.3531864329932808,0.647649410464231,0.6928828244275084
0,-2.1940340377418726,0.1678629813900405,-1.8426052311466081,-2.0222095390144874,-1.2674249877729016,-0.3898706218150828
0,0.1643491821435089,0.25909454973996976,0.0782041255268533,0.04572123677316064,0.12209991501226268,0.04569261275289729
0,-1.6690367923494993,1.497548022582456,0.9412653104530848,1.6301912847198545,1.2781448272480183,0.03947626516566637
1,0.16323753987745523,-0.20597358273231783,0.3363468625563345,-0.4333497865291057,-0.598702708397123,1.846200583049168
0,-0.8454652458575911,1.1033139733237844,0.7038996014955982,0.37075245202949014,0.7000448777034404,-0.316931092488517
1,-0.3683824701138159,-0.47822744192141986,-0.6835643323483102,-1.2342023972545924,-0.6965984332801558,-0.809598049863982
0,1.110075481595427,0.8178929538010477,1.54095791248487,0.9995077415665928,1.3270984394240848,0.08911765020880505
0,0.7514731663848042,1.4756257618630237,1.5574906122378231,1.789969879989252,0.886527235129607,0.8308770808327501
1,0.8250514851699975,0.448518937670781,0.9642883904666221,1.911715997043475,1.217230591847082,1.5004122250379632
2,3.8537523389098203,1.002777340917961,2.956019080622857,3.3378244537451796,2.7632658238362895,2.6909375770542807
0,-1.3777797799477136,-0.08895484621750024,-0.9240938727825645,-1.0607071300430972,0.16554104794617766,-2.4748083212555354
1,0.5150033197373989,-1.2211983012019392,-0.5029338458030996,-0.07977565609623913,-0.8288948129037954,-0.6520253676562077
1,-0.36470423798388885,0.14905985501282448,0.23066309305308688,-0.061834590438640466,0.7623607845585274,-1.907139022031298
2,-0.3942913109637709,0.6911952514929267,-0.5454550410950196,-0.10163226344776977,0.5323265086985982,0.048845215258816445
1,0.7232796522285295,0.24952331193968336,-0.3633690395298383,-0.37409036764535736,0.055654426367198945,1.2331331508187942
1,-0.7949151405954575,0.6524454794317633,-0.04949595527970023,-0.7596525274404984,-0.2778530190947892,-1.5118277680312726
2,2.1008706869961853,-1.7696777732141968,-0.7817982860411751,0.13710613408622327,-1.8054589523172844,1.0978381898597205
0,-0.38435810656230207,0.5525571395170571,0.19525509098656524,-0.6144867410354711,-0.31642107616761056,0.3266717204744618
1,1.6418385044236352,1.9579293980593562,1.776315902906214,1.9888836407055768,1.0104692098793029,1.5275155484040717
2,1.3417493026149185,-0.7620968802333451,0.31137801026540834,0.5355706753305335,0.5032984787713604,-0.2248625149400058
2,-0.5281007213301838,0.32663087307062344,0.5638695759004883,0.8266983153152473,0.8973044996735392,3.413424102583448
1,-0.46707140144802034,2.504241384486072,0.836200137089755,0.7160336433332243,2.440062846425191,0.512314330384763
1,0.792806738630744,1.173477568369735,0.9218856640296288,0.19277986616493817,0.26731469031846483,-0.522743573198252
2,1.693898916120514,-1.149260970292611,-0.010316933945994955,1.0537510622304385,0.6409161828266201,1.076713257207672
0,0.9105776982392038,-0.553136597152921,0.4775771887584721,-0.382995833972871,-0.857219402856143,0.03911061170534326
2,-1.1514279726237013,-0.9105762120449971,-1.7412747222763114,-1.8548732567633281,-2.1903527732987347,-0.5919261660779319
0,-1.3882189935953702,0.6985429030584622,-0.6155081731932399,-1.3041218762040148,-0.32143987799281637,0.3606312329950239
2,0.6719271440185088,-1.4268542094280676,-1.5803964540872368,-0.06849497315140989,-2.2185919516081882,0.6159540585994426
0,-0.2736060696955956,0.8525358591260567,0.5849908849613169,0.26828173877343126,0.9089948561968592,-0.0038643347990391466
0,-1.409076450921593,-1.2933971756778972,-1.8775947781584184,-0.987416128897791,-0.603516963850663,0.4284967117220385
1,-0.9945848678977688,0.13007631206202697,-0.5672670753203671,-0.7302313284306458,0.32963854060734754,0.07246920091346461
0,-1.018467826790768,-0.9927346410326514,-0.8721903978780259,-0.23891358290111966,-0.4584013562021766,0.262034903925191
1,-0.6682818176722158,-0.9424482850096516,-1.2409732187344318,-0.039157120790479456,-0.1299020034507396,-0.746385858613883
1,0.7854659938270168,0.35662847560427663,1.2575831100144166,0.5398467552807442,0.3041476231016584,-0.4863772943615039
2,-0.05085581399094472,-0.5370054139466288,-0.7537045142293151,-0.049760564237100686,-0.9985545917586545,0.8952894785259159
0,-0.9426969734095616,-1.4925044713222675,-0.7827757338285487,-0.036553440122698865,-1.1626893751032674,0.25055220243746434
2,0.5814512296202877,-0.17047741572063965,0.42231454153552145,0.091980371187257,-0.03259554039033696,-0.1765170030941193
0,0.2524361790525546,0.8034753570072315,-0.5031280485426637,-0.7993485591793504,0.3311722644740081,-0.4653833190089098
0,1.5221284294299964,0.5027036815548035,0.4077579701761768,0.648671829651431,0.07746427961477635,1.0017412579084153
2,0.660956279908255,-0.7475997875650466,-0.9579096908980508,-0.613967651655111,0.22223731556583495,-0.13792543130579402
2,0.7880114808808756,0.24074741504217442,0.8512252957344998,1.2308624652196882,0.5412462555010144,0.6006622541020479
2,-0.31994266985328135,-0.8328091062128365,-0.08002629778355964,-1.099330430021498,-1.47129159073785,-0.44867930956504765
0,0.012219039958008993,0.6417429472234336,-0.6226171322963807,0.009419281856010629,-0.2771732946932954,0.6927295815806099
1,0.7616181655667494,0.7498181613556336,1.567075768975679,2.049570820079978,0.5122715956282847,1.757360769392937
0,0.1354208758993679,-0.17075189955072598,0.5101908251651714,0.781970282229069,-0.4710991677899414,1.227190179516315
1,-0.3569956496879663,-1.1939571295224374,-0.15704604713373488,0.11052589105412583,0.4851519581665787,0.8753279916968039
1,-0.0017490935532813853,0.6833606632773045,1.5173422787623234,1.8155257026971678,1.8983441011135083,1.985531951824561
1,-0.024983036235323063,1.9018324478494708,1.1311636110766883,1.3857294345723437,1.9808249079302218,-0.08555998648210003
0,-0.22685855853333203,-1.1433727297259673,0.8257638620878331,1.2040197806205848,-1.0122768479902655,0.46202422765691115
1,-1.909319950153702,-1.4076308536467523,-1.5683428128330401,-1.0880240469858593,-2.2007303782292147,-1.2712641565052194
1,-0.20365343772601505,-0.5943124968452691,-1.8373662890158837,-1.2685575627920527,-0.3877015205490958,-1.853669911075067
2,-0.9431118856152263,-0.17283100935926143,-0.38571582802637455,-0.2792811061911073,-0.00545132599143464,-0.4947884978005806
1,-0.855569130528219,-0.6524007736351956,-0.5347215489235145,-0.14104898863967963,-0.5970373728179468,0.09203675239565176
1,1.2100618753812804,0.9782402306450263,1.1596435537822072,0.768932260333648,0.24222180334181373,0.12931526460443646
2,0.6905075941600177,-0.9980652235090757,0.552753523810674,-0.050359195402623416,-0.5286603415218502,0.6015201861047426
0,-0.14196727511843196,-0.2439556901868786,-0.11823291730485254,-0.7784797696809452,-0.1313965901070722,-1.621944949520773
2,1.462250214568962,0.8563290388976275,1.6365732691010266,1.920308952064374,0.7850537887033524,2.5493637925145487
1,-0.2973746536326992,0.10405318692238573,-0.5883745965299226,-0.245881467588252,0.5256170414281128,0.6647993018169243
0,-0.18874246609117562,-0.5332401862301102,0.07851385369172018,-0.16601137663017249,-0.22255317964064522,0.030128418681248523
2,-0.5992680330782807,-1.3434704591499342,-1.8742896368203734,-0.9785843000101748,-1.5023121904276653,-0.5628243384898529
2,-1.1733607960759598,-1.0042152780964584,-0.8735571269748522,-1.699947492455175,-1.4665815538845468,-1.2962817387276964
1,1.2247723125052272,0.3153477264334352,0.721766609296127,0.9287638713628965,0.5673996175758019,1.399031355418371
0,-1.6344489946413279,-0.9247916488462751,-2.9284267602347547,-2.370221359812259,-0.8920774001350441,-0.4095862167788538
2,-0.2950423202364113,0.4664789995014932,0.3602292929297348,0.31866664527745925,1.2483808856170466,-0.2544693198526357
1,-0.7942374572946499,1.5470098712415081,1.1566655334039866,1.2187178559960614,0.32896193126856266,-1.04883880229698
2,-0.7463474650521771,-0.5254407791007167,-1.385011931055627,-0.11119320932016871,-0.7519423421357995,0.4292547899087222
0,-0.7066994112047431,-0.06823552758072207,-0.030945340859065584,-1.0029422311801315,-0.9950682331341532,0.03872757244792764
0,1.3122242756250642,-0.11376951816990843,0.1539148626530305,0.07541320384281364,-0.7310333421606284,0.8035776899177576
2,0.8952197263233825,-0.4432616401475238,0.231414306317891,0.8356739819245211,-0.37713059103467816,0.9831005153312772
1,1.1025208296016513,-2.668158737253886,-1.3830058086467727,-1.3756384760801235,-2.5617966006000867,-0.6118574637761282
2,1.911939910951667,-1.3996275301873087,-0.3866690854122524,0.2650750879792531,-0.9352365744888251,0.30358596767064916
1,0.05738995847264359,-1.1033461663498794,0.05060400610283616,0.2663546429911733,-0.25054760303859613,-0.27609902738437636
2,0.9467709093774653,0.7236503096179574,0.9666132592387124,1.079814779397236,0.9456772338297069,1.0944360487331084
0,-0.2956342227312001,1.2087451283097161,0.5795509655154731,-0.808675263878606,0.9616997082745662,0.9796686224337007
1,0.4242611140945059,0.28557666547639227,0.671581493520911,0.899429697549337,0.4457550994754404,0.7374564582286537
1,0.33881973154168854,1.2058722275845755,0.8838995637328328,2.1797894168786827,0.17647465035670157,0.8089308908277187
2,0.1143701431147821,-0.3065727319212261,-0.5717706030462067,-0.5021781468145798,-0.8251203549345174,-0.4258693700960548
2,-0.12436095245517237,0.025933115114090716,0.5437834511399384,-0.25002285350634235,-0.7219585269531734,-0.5619379390476974
1,0.6444710791941425,-0.5811840213584781,0.8875512256284162,0.3770502196567016,0.02778604860152882,1.0084642481579325
2,0.6373257514167107,-1.5010856662506111,0.026618300264595895,0.38282311113908835,-0.9907456025623584,-0.2669018361044053
1,0.4441379882462616,0.1868394291839846,-0.2680128939552863,-0.30577575927815054,0.5924494177719917,-0.3744832179649603
2,1.73338036754308,0.07153464313335274,0.31182192403048525,-0.47457596196249174,-0.041110382982248,-0.5441141723314623
1,-0.8413314720057555,-0.024806496567555784,-0.33390229515944225,-0.07022088559707987,0.052238927664018234,-0.8736577907524149
0,0.6325742539987479,0.27470172308337437,0.9511746095362447,0.771135145850983,1.202126693115616,1.0358085815625422
0,-1.6310910488295491,-0.9220112836781778,-1.6193165497766366,-0.24417668042656654,-0.35244755767520924,1.5869612404634839
2,0.3043482950263589,-0.5636308685458948,-0.11494765906901325,-0.30462968786597805,0.15819254212733488,-0.6407279032665779
2,-0.808974665341146,0.3284352483126954,-0.2537591965602643,-0.3787407555483477,0.2170950880088909,-1.9329974793292606
2,0.37535773557466984,-0.2507204459877587,0.339757232665319,0.3208863345207222,0.16090970483429695,0.45554222616346624
0,0.31821439112767974,-0.42328162327649604,0.03152982670538857,-0.379814168156125,-0.35546586773727534,-0.8260630672705377
1,-1.2175299686618224,1.849320664730763,-0.42848445972122856,0.8232169797201825,1.4583040721570086,-0.6363466552991388
1,0.4749917734851451,-1.144018140338878,-0.03447402935625399,0.2598687390781715,0.2321668678915142,2.1013813278364966
2,0.017046322389491716,-1.1692407378345262,-1.1780287813669619,-0.5526053601565962,-0.457692892856836,-1.233168766765861
0,-2.2671281742832985,-0.12665034054112556,-0.9272101701538008,-0.11631297880738978,-0.701866566613019,-0.035622806878333454
0,-0.9862589056369625,0.2650732841924371,-1.871113153978857,-2.208271952951209,-0.7210743035418179,-1.6624255193080424
0,0.4073295005428649,-0.7175725397999454,-0.7311652025179273,-0.30985500521703857,-0.5310665343915414,-0.3858745800210854
2,-0.35855830627328705,-0.4604156208919258,-0.7739991771557194,-0.1269458666895694,-0.5716306362695731,-0.44841437762438724
0,-0.40423426469775886,0.35428373272084696,-0.3183615661458402,-0.949780390054726,-1.46966975087294,-1.0074365839889536
0,-1.0524602036617021,1.811257433820661,0.8831517098199475,0.6833070266207846,1.0757339560690626,1.1959260305276944
2,-0.3550971589223355,-2.6129659967466248,-2.5157053474926347,-2.2309501545634913,-1.5463070665774914,-1.2520488377646894
0,-1.577914924316692,-0.6704537779566602,-0.9411674433984344,-0.0836463963246634,-1.2841747103019328,0.47624902583728895
1,0.6970538074408705,0.7393682347724269,1.2051583386892013,1.0244609580717383,1.9651481457081776,0.10882023965828953
1,-0.9704374606227785,-0.8581281009977204,-1.31295915217907,-0.8716538367617365,-0.8303713178838772,-1.2340542539428443
0,0.11951995296107143,0.37618984581521275,0.12287793111112685,-0.9554049879252349,0.6407191950807695,-0.776453207865605
2,0.9313012433018553,-1.4252576356085014,-0.20542995940821152,-0.35321169256761,-0.6596652257364362,0.4611729623837155
2,0.5446976107104623,-1.400449700351778,-0.9551402451862634,-0.31337301335754053,-0.6707862850953407,-0.8906032860113664
1,0.6235421548871776,0.4334868608776384,-0.2633665869041807,-0.34127331083194895,-0.32708136574400654,0.7547940149670244
2,-0.6921941224496075,-1.467177834272377,-1.9772119531630368,-1.4871981598674937,-1.710941945759617,-0.3977405533314596
1,0.4200715749360648,1.4178906840593504,0.7248206149579735,0.08902066264566783,-0.21502259771381255,-0.13235535674649207
1,-1.3203703205502597,1.4213468346965872,0.45266821634446736,0.5743492788096811,1.9601012539607277,0.8709724698679231
2,1.6173029397182928,-1.2150297608624052,-0.9256549557184617,-0.11359312663700413,-0.6265395943585161,-0.8241571410601947
2,1.1991735085387962,-0.22256585246472338,0.4439776744004503,0.23422442479235348,0.48776621922060276,-0.022703297408578526
1,0.14638230255683565,1.3292929957435848,0.6280446516084515,-1.373755150468304,-0.21567907470031725,-0.9620183319022118
1,1.2583721124951233,-1.6438786318814544,0.05120226067808514,-0.10045950097001063,-1.6567402714373738,-1.8044958871743617
1,-0.7208112300297199,1.607587206186465,0.900177341866169,0.15005459767903043,1.7613131465351426,-0.2889580723723508
1,0.11454558740631453,-1.1433597064728385,-1.0088063929325577,-0.7346989250225608,-0.7583462259763571,-0.7252762733482095
1,0.5953628169657573,0.6330262215231669,0.3600452237337024,1.4884717212751184,1.1018659136093423,0.44362729721607
2,0.1629891935062688,0.6745225221443155,1.4815281123855868,1.0141038866500494,1.6089556567343533,0.2676829792030247
2,0.36309674564787325,-0.14682293377288408,1.230061510850705,0.23900942031771075,-0.7422527510745698,0.203457004909478
0,-0.9164632139872764,-0.7755662021765038,-0.5895966358010666,-0.8646230498529062,-1.2782148849472605,-0.8912848172023932
2,0.9262589724761625,-2.0423627274432166,-0.578636044983074,-0.06591283924626427,-0.2546838491121955,-0.03177919104664585
1,0.07390001400273592,1.3333870179655192,0.8510772273807374,0.10947612912645982,1.4120972303194044,-0.3982294368106758
1,-0.4279032072444475,-0.6946480419626166,-0.45972365571117874,-0.9252169001319706,-0.4494019994914887,0.7484243393382771
1,1.2462907060023438,-0.6082344065225821,0.5711409759041756,-0.25255905976376136,0.41510334699425055,-0.26692939296665297
2,0.7251782824385606,-1.273853263225122,-0.09457968448965932,-0.6200674405512016,-1.5258247150361777,-0.26575997369415993
1,-0.7167850655176394,-0.3830662421876385,-0.7120685480130567,0.015526959866402701,0.4060406528328479,0.06976998522591445
1,0.7773000358487927,2.5196110688680062,2.7928218383945445,2.074611859438367,1.56534857833392,0.49177653693389906
1,-2.3195424734775516,-1.9007870297058496,-2.9914914196105085,-2.2143027601709973,-2.403508315537976,-0.6633771940655272
1,-0.577671347284494,1.1615599846387545,0.4058873643364155,-0.3638970896980582,1.4238890163661846,1.1109731366564042
1,-1.7171118690664977,0.7319948708287008,-0.8882247391066573,-0.10765401033130045,0.8382093772752359,-1.065499898271156
2,-0.05692641934135508,-2.661120453633408,-2.7297460036716408,-1.4205181304245227,-1.1930316851999434,0.0063031856916730515
2,1.3627142808910047,-0.5265573997212831,0.7912246446945489,1.3147437033516436,0.33708158020377466,-0.08140145390555452
2,0.7110000588635866,-1.010928286221643,-0.9222154844235347,-0.037158562912349626,-0.9762327095597465,-0.3269533385859491
0,-0.6131307593130896,1.0767237887858416,1.0392313530389385,1.5288281397232968,1.6923859382264568,0.44575915700715885
2,1.5282133571872036,-0.5161342651421508,0.6905452148008436,-0.11357008350236063,0.19789972606669531,0.058427855632006184
2,-0.008362322720872995,0.24053558614839693,0.3360601311832769,0.2012805661056226,0.6002608286492942,-0.19722466172968123
2,1.6914211935281853,0.5981231275011246,1.2052484075465304,1.4925814440150558,0.9913227312541125,1.7947323976802907
2,0.06482393446064035,-1.4909282425893937,-1.056319741036719,-1.0989835593055912,-1.2602159016786758,-1.6898859272933022
2,-0.8741314986353432,-1.2900450796348644,-1.2681322598863776,-1.0822564628351692,-0.909725917256058,-1.1351440698830746
1,-0.3281458857829052,1.3217436160368672,1.7090819107631923,0.8510384885490878,1.0718748635468058,1.9447180309174412
0,-0.04515824385957683,-1.6842856659644607,-1.025880470364327,-1.5494739436425256,-0.4540742735254423,0.5919981530539407
0,-1.662805419826372,-0.800141475725814,-1.217342426920739,-0.3188196923265431,-0.8029695387515023,0.39586135129795164
0,-0.824154196822425,-0.14257848235082546,-0.8362284527124925,-0.2949082455139267,-0.45383661560752964,-2.507435886504566
1,0.8320407399182367,-0.6840649734087573,0.0171905935844952,0.27798435529541726,0.46737792953338586,0.7573623742756457
1,-0.16406511904436397,-0.8898830402135257,-0.844281292665851,-0.9498514178310179,-2.0531241328161407,0.3905823359897001
0,-0.42132371579804045,2.1443606384758755,1.6785855002416874,1.5319108153937497,2.672920184417377,1.4332017264880734
1,-0.3529275671691367,0.3587976727879824,0.13749655728288016,-0.4006642369460726,0.7206597773618647,-0.858501214715136
0,-0.9766235619110538,-0.993615299883342,-0.7606070608312006,-1.0447742565755345,-2.1840006843740087,-0.40483845164995674
2,1.6707954977245423,-0.5166963811987966,1.285540088026926,0.9308350740359617,0.4815057419780862,0.6639027924483227
0,-0.9504277739244652,0.8366070892946138,0.3728592143494355,0.5374272371122062,1.036897537637791,0.8901666106832444
2,0.8197908228124678,-0.03506408536252239,0.9507660857981041,0.37301574671086873,0.7316970578281137,0.3483951171954734
2,-0.2965959121037117,-0.8146575525329047,-1.1874496635980134,-2.1082280239905056,-0.32439302051827507,-1.5887251686903443
1,1.685124110082158,0.2238609538894227,1.7780019960052706,1.7172588470854644,0.2833420061422593,1.3857362589516793
1,0.44739158206148627,0.0492624018649937,0.2260430963934011,0.01992100542544633,-1.1186898474502733,0.32863916879068533
0,-0.909803309830301,-0.3682262268021734,-0.465741010033854,-1.0024782665067604,-0.7906035311344406,-0.42348005557949725
0,-1.2848151741933798,1.6852765755980128,-0.48272015033412086,-0.9956245435377612,-0.10724022206216263,-1.3748481626723212
2,0.3423086735600155,-1.9380590180279456,-2.0317920444298583,-1.3327808792167333,-1.92348533655425,-2.1084487610583342
0,0.34043686623309016,-0.09048901739781696,0.47143858372320574,-0.0004175023515312814,-0.5758941201535765,1.533049878022946
0,-0.9516365246507766,0.6793127896277672,-0.12723754854889657,-0.023024824781612815,0.7051700928051651,-0.3777242947513464
1,-1.0587934684836933,1.3346698313219563,-0.12128050495021278,-0.5960732710097056,-0.5343878601273142,-1.0571496066017443
2,0.5950297121041784,-0.6913233852962412,-0.5047842927364049,-1.1272843682431297,-0.39139714839053186,0.05364308042254965
2,-0.2760391745815845,-0.7176391237001267,-1.288318427127527,-0.4920641775949519,-0.5734959688925803,0.44533398050914785
0,1.4449738644586885,1.146559300406254,1.2522533443558261,1.71894611781456,1.4779126340846702,1.5131691159095453
0,0.6945259874320672,1.3655072043069814,0.5279667302613302,1.1029581181144905,2.367372094619322,0.4284283460816136
2,1.240934204672935,0.45376524455718975,0.4645827935883105,0.8942890228426665,0.538784015129181,1.3104297359423855
0,1.4668920831580623,-0.44627924370696553,1.406946153334325,1.9419386917601347,-0.4051435901115981,1.052855585188057
2,0.014944716647107356,0.19266595538318054,-0.2895533348820701,-0.2685677670602821,0.11251091495223163,-1.1239318245972456
1,-0.6909422412695567,1.3833663426342218,1.2073320772521612,0.9936395133175281,0.16045778836794336,1.5070761797864476
1,-1.1145719268608183,1.1523932643075077,-0.8261802801437578,-1.4389542591336615,-0.2310542862522183,0.3543714373549426
1,-1.1678077953644272,0.6061740015697743,-0.6023055685831616,-0.20259986401336944,0.3599513288373077,1.1176700384340175
1,1.0061911473776117,2.5177637222426097,1.9310640015946992,1.801564116303743,1.420244717415923,-0.8337928147271186
2,0.7250432930636589,0.4760357882488162,1.776009265303955,1.1696020778023977,-0.021480774110919885,-0.35637744179772796
0,0.4815694121491457,0.46982231444680816,0.7517533039239089,-0.7690521698109141,-0.4121456381983547,1.2162496606260822
0,1.1820083347979287,-0.32067022458321265,-0.13130828903951622,0.7007314139897166,0.6246389858766749,0.11651945701685269
2,-1.0401642493545376,-0.15153080558575543,-0.9145037216410054,-0.49876629821972956,-0.18141649454950623,-1.5452623363392566
2,-0.0837249373082244,-0.49533583160744304,0.2480362745022314,0.41146440699137354,-0.4971278573878046,-0.28529217229789705
0,0.347995224122581,0.9620179328034286,1.2796339341972893,1.6531676636171906,1.6952450218182733,1.224876037308233
2,1.3699084749534765,-0.27666771992374933,0.3467856703697623,0.5967855499887323,-0.29224072760558245,-0.45418654154820803
1,-0.9827911209417004,1.2830480228860635,1.4223688432007329,0.9681073803068512,1.2099880203442355,-0.05312003947507605
0,-0.22936575776153864,0.5265976902990658,-0.3461279790239526,-1.0960950756044845,-0.05745331862313867,-0.38678251191157753
0,0.5679950144573128,0.14130554795970396,0.8580203534803919,0.2362552938046143,-0.13034699829744736,-0.22929741384322136
1,-0.37811787717116413,-0.5036518948161611,-0.7487236601790297,-0.6951429558789672,-0.9295146748765424,-1.763706855351151
0,-0.9672254350109623,-0.2725595259577437,-0.5471582245491623,0.6991126021531987,-0.18700174110866136,-0.8033295091337155
2,0.14495227050643272,-1.489855994490174,-1.0684446197379807,-0.30295057692722843,-0.011888527454688196,-1.2924526143306008
2,0.2525947189453279,-0.4117525427886568,0.28108253209286793,0.021709306421007657,-0.03152869904277493,0.20300842636383096
2,0.8462026090552003,-2.5307588579221174,-0.5143123973528061,0.5760704022002088,-1.7686958411259925,0.6714502865988058
1,0.24575739529898316,-0.9832454645708809,0.04491237424421259,-0.07717761883358873,-0.8281704780090988,0.31593901203577074
2,0.42981674313483564,0.5462125835987514,1.2372517689845508,0.9037439123525997,1.1168416909862386,0.28847073414859076
1,-0.03627001068156528,0.5070953624524733,-0.35321733218190043,-0.27488388864116553,-0.3233882725353878,0.05224019203569435
1,1.1639961845706903,-0.3988766874001201,-0.23287645160794396,0.5925870834593006,1.0758908722725375,1.6970669872098543
0,-0.578926943406474,0.00791744598284839,-0.010720974395390992,-0.9637965093575886,0.5565599778948251,-1.4645349527358182
1,-0.8524999976843005,-0.5247306289190563,-1.384850767373773,-0.40037611508889137,-0.8212638986634644,-1.4835204883397113
0,0.6094967087969888,1.0419726669010652,0.7437288765464842,1.2360982512832548,0.8097019040354726,0.6724790607248521
1,-0.5984143143666287,0.34233342992655263,-0.5789620725856672,-1.1796640217895595,-1.020670581576945,-0.2984630406070073
2,0.8894894657677116,-0.3949164855785467,0.8465492514668144,0.4414443717967615,1.0909080800295454,1.6152604273714444
0,-2.145650190618094,-0.4690863733031483,-2.439415190329956,-2.5409397033523202,-1.3071554438785447,-1.0588777129747406
1,-0.8916385928987871,1.34899361301769,0.2516227736271761,-0.08305973883075805,0.2702076299187059,0.10043655278017383
1,-0.564300815765584,1.3376918322062494,0.7418793912696752,1.9707187119360667,2.4261237659429256,2.069892665742234
0,0.7167962043753324,0.6482388463296296,0.33947663079905743,1.2657675375227881,0.8947974315693947,-0.008423954772978338
2,-0.10585804522901104,-0.37293657985230677,-0.7054199083192938,0.17014118009132376,-0.32166685072895773,-0.19396240898585065
1,0.9958443923481274,0.0011095853595623675,0.7281781429582428,-0.28968509282694355,-0.014364906270542205,0.7262984842737884
1,0.17987406149776097,0.7603846121677615,0.012994926515773142,0.867483753206767,0.8756300810715762,1.0941833037763282
2,0.7574694809945144,-0.2648775600952405,0.6043666476324631,1.3552522313662445,0.47074871740566565,0.732874549438149
0,0.05556474695240926,1.1121304812212334,0.025784087581358958,0.12911085411499065,0.2430089772435039,0.831872126520827
0,-0.26119046298334236,-1.0279122000069274,-0.005165880104236894,-0.31704623094064627,-1.7687098869677211,-0.10713240373403533
1,-0.3785105752996041,1.6426174342096522,0.6945100871127687,0.734092855842698,2.039552665800967,-0.22076999256979346
1,-0.5645200463906227,-1.0216311335695725,-1.5891415585514728,-1.3891609418704678,-0.3830022388344258,-0.40693508854262184
0,-0.26087627560903814,0.3319398572078093,0.4518277001408773,-0.2677625180988121,0.4422329677542084,-1.3363874354731777
0,0.5054955866812586,-0.35483686574025897,-0.5748453312282884,-1.3991952596135715,-0.5446760944932719,-1.090796000680279
2,-0.7080184458886898,-0.8090918973479538,-1.0411083800387588,-1.4590581072305517,-0.32660005645998946,-0.6412094641836849
1,0.9807915523778412,0.3252257917375518,0.4316017154957627,1.3074997403075717,-0.16458065846312997,2.164207290585923
2,0.5208494125819269,0.5088644522373816,1.0204491585156066,0.9141809804905143,0.0007596373970067286,1.0392228477328127
2,0.26018736931729075,-0.3497217410432029,0.7250604995404827,1.2104354797370789,-0.4923817232278147,0.8554748442007251
1,-0.538062226849033,0.6075004714056169,-0.37746927482613657,0.2170746641214025,0.7301184079430748,-0.36638931029105787
0,-0.787450960097344,1.905721595006277,0.6178938423696396,0.43057661701084343,0.7998678101933859,0.8868860654393852
1,-0.34725506562680547,0.34181201316335397,-0.4349674820777023,0.10276311781006225,-0.23433596217713598,-1.150945672353267
0,-1.0397508551691128,1.309783528243902,-1.0449121639223367,-1.1463519967057314,0.31844207394399415,-0.15086636622884805
1,-0.9847403301747785,0.006209102428091302,-0.7199808658848241,-0.179075832080406,-0.08253940147024673,0.23113531615350605
0,0.9256523811811299,-0.7872198133511924,0.1124538332141973,-0.19494657362343218,-1.0042860109248022,0.41637984651378684
0,-0.1574399148463632,-0.7389037116528514,-0.5514036235318777,0.3339696737627471,-0.27247648212495845,0.4454765779837298
1,-3.460023635754732,0.13774165974102204,-2.0999154474850483,-1.3684046742539375,0.34720364782268587,-1.0818403715205693
0,-0.25629992913230554,1.8530245575204087,0.8059413329891905,0.3909303578517629,1.3545835547664782,-0.15178592839293414
1,-0.452415694552638,-0.9797568480479558,-0.36773501397268266,-0.1615660723357862,-0.6987948581598599,-0.2719237249434033
0,0.015201184089026223,0.9998813209721996,0.044087237840658496,0.37069310855770926,0.37400265311150954,0.5470559482766442
2,0.3569169667392298,-1.1352982815392136,-0.3113584862125977,0.672814484149236,-1.0035278461964368,0.5442984378848529
2,-0.3638539488221175,-0.6945591538377127,-0.7502095765799194,0.626196239387702,-0.19889372181918472,-0.36870968571995383
1,-0.8838546160341398,0.1494556246625263,0.19723543345795305,0.23716979620157372,0.9850824331305085,0.6431491843046067
0,-0.5365236074788562,0.5335990183338832,-0.6138492303803365,0.03152669154286831,0.2815918884645828,-0.19821168233288392
0,1.3512652061164996,-1.4319212305385376,-0.47964521308486874,-1.0482773336983588,-0.32104692841325716,1.1479733232957465
0,-1.4806393269798235,-0.5064907973886354,-0.8747455529032867,-0.39909514429303133,-0.861599360513541,0.5160904421169598
2,1.0261710644795123,0.025301045945168386,0.11281510630997739,-0.3804912785015434,0.3180356313452096,0.2840602079797267
1,1.3679055980492685,1.0891328549457064,1.8050759002558823,0.9619068268041551,0.7816109794145437,0.7480878130997883
2,0.5765631002318208,-0.5156611748373323,0.7638271975058798,0.6241446566738631,-0.21742470658114096,-1.564625311894794
1,1.63317027787066,-1.0348792180731723,0.23816819634138495,-0.1550105209865823,0.006078866818346447,-0.8256582462278292
0,-0.14425095318859382,-0.43592461230962015,-0.6155422947439564,-0.04393540802619916,-0.7117548557835821,-1.155063205450108
1,-0.7050489885956767,-0.38549049098141525,0.03675093384361848,0.2970312894630237,-0.2310264950342626,2.033357440593195
0,-1.8413694404769758,0.8196284940683967,-0.4540577683680471,-0.18240564372498216,0.3299055683550046,-2.1741393852829347
1,0.3911343864409279,1.4142613092024543,1.3050426861129445,1.533902480082902,1.0203180949243027,0.6609380960339241
2,-0.21545363057426045,0.42504453864381664,-0.4904993657322706,0.05228013489807647,0.230124826667989,-0.08138129250392927
1,-0.1932858366780063,-0.9311333387235023,-0.8555152756726676,-0.9173929286708495,-0.5000216419556972,-1.1387726446806306
1,-0.39019824476122056,0.11355825534267734,-0.18719232808377012,0.13693139333831975,-0.04965014587327464,0.30350095480911743
1,-0.03803684498306591,-0.8067951082532661,-0.5122891875599195,-1.3846967355452127,-1.6989680385455155,-0.5896286439366615
2,-0.41857244505479535,0.44782389326477295,1.1791341821144747,0.24418041766751075,0.7413526839252974,-0.910208955392715
0,0.2514555227843244,1.2299891974026504,0.9487780419139965,1.0219061857250322,0.203185378076233,0.8828124308806535
0,-1.8969246740882424,0.41810538265750274,-0.04160451603750961,-0.11233223620239383,0.41364761717349036,0.5676470098983444
2,-0.8487788978506214,1.3028854573589745,1.6011271659927284,1.2603762962301819,0.6469190333238829,0.8248467224697668
0,0.4839402699608187,-0.5955392789798333,0.4961569976424574,-0.007492686293419777,0.3593729290479772,1.3490145756510579
2,-0.49476526040209223,0.7644643529196501,0.08054756252711304,0.48632423903185606,0.34856385698134196,0.40162033975886274
0,1.3112275694357933,1.214929596524882,2.1424695170527923,1.356661141296516,1.9887148976430102,2.178880729398623
0,-0.25186025922589594,0.42755524552322777,0.23264750569200088,1.5834778964137852,0.47321021338816993,1.6406393802572934
2,0.5986177836034774,-1.7833705650222136,-1.7663223883062023,-2.0813383344929113,-1.0063542772732452,-1.4486831499535615
1,0.6504917329650157,0.3912769266978306,-0.2433858146399168,-0.7363280619186071,-1.015476762796439,-0.3193427644693263
1,1.3280244811081512,-0.8886934951941065,0.3714704733049085,0.597515703186471,-0.25720311407863744,-0.5672937073691312
1,2.1689296241573883,-0.5035978136114612,1.0267059100853768,0.9554078128699649,0.4528038767703364,0.35791942037414154
1,0.6870452886447576,-0.6651650234221277,-0.43183836543001186,-0.6972804313475948,-0.631375536606237,-0.5615789526840338
1,-0.13194753167681222,0.6293533468881712,0.7927641156670171,0.9687245101720082,0.34324116231773844,-1.0810065729149407
0,-2.0166167760989695,-2.0031046176807843,-2.5777169582098747,-2.8986562443546835,-3.304431553677936,-0.3887385021683128
0,2.1205506068530577,0.35126102950944676,0.8509186964304625,1.7585698426071907,1.715598264252855,0.6678943189500761
2,1.1653781437483133,0.2248347974310506,1.0843088270038084,0.45131699433267713,-0.15114963667946332,1.0852004078882305
0,-0.020495349333631053,1.1945319115784292,0.6557056750045833,1.1319474769810594,1.4910167120565139,0.3198418230604217
1,-0.9180383436670024,-0.9582268120956335,-1.1531607238490929,-0.6956570718235674,-0.7851500722209344,0.24203992322918544
2,0.08398217358027124,-0.30367822938459565,-0.3277071447887591,-2.285393562915949,-0.9269682475774753,-1.0843236582350255
0,-0.8861178371957538,-0.8669923203921486,-0.44514251624542345,-0.023351805836738387,-0.9233918201251754,0.8266627448455075
0,-0.6293018324776452,0.8506711700300177,-0.5766875529407627,-0.9391723460690996,0.6476926715968165,-0.8523809360606146
2,-1.2452811272403896,0.03457676724701314,-0.9627763443879563,-1.3734710697993056,-1.0337108688319967,0.7669120702138885
0,0.04544222308395475,-0.02581755428405831,-0.18890119482908396,-1.0815077495170144,-0.48743369423877525,-0.3512225730988119
2,0.14126712010491166,1.6279442072318822,1.7298729040243654,1.0097315530257636,2.00429402469685,-0.1401406504049247
1,-1.4008557292376702,0.7582952445050812,-0.013554108482319489,0.9236334291105566,1.0808242625055984,0.17178573638029251
2,0.5394540088028856,1.222999542989366,1.0999003566769279,1.1703176140834142,0.6611660646469274,1.3407844048125046
1,-0.6665063810042069,-0.3508619847319759,-0.434903469505448,-0.13921807140023126,0.25570748724946046,0.31620280907268206
1,0.8772320197457116,0.1724267715187175,1.1067183512966263,0.9142999578502555,1.167172812215495,0.7190143457675079
2,0.23434230503010947,0.33015664530345634,1.0953337491929231,0.7247793249135068,1.40053135688553,1.4294039631854356
1,-1.1057621440621226,-0.4233932617957386,-1.0509716116669345,-1.869288930315901,-1.7892439699344367,-0.9756817074387113
0,-2.207198752075764,-2.1518016955124857,-1.79861791389533,-2.519099886038862,-1.998273922861351,-1.5670552696749531
0,-0.5299895304422724,0.2659873053810884,0.692785017716003,0.8341348921389813,1.1038566451240326,1.3853040424594838
2,-0.17302464469247023,-1.6692728256550526,-1.4167249293475837,-1.4796196623912738,-1.2663955477899296,-0.5689952429919073
2,-0.3760693359711607,-0.3985621418694059,-0.4982862182898132,0.22369557763549616,0.2277140779325798,-0.3536147238597967
0,-1.2096859745381634,0.09591787992264793,-0.48857263769699527,-1.0666096196667914,0.4488757745570399,-1.63532405369745
1,0.8903411379289276,-0.9809922520099473,0.14713152890721654,-0.27018740695812293,0.3890764796341871,1.0656416017893944
2,1.5073057773342498,-1.3340398614308098,-0.10984030354117154,0.027695701398468386,-1.0504609220519212,-0.3069518081765124
0,-2.2483937072257247,1.288528048601183,-0.7404817185161933,-0.2919911993926908,-0.44837218812634266,0.6843259812304961
2,0.5042985925422376,-0.18372701441590492,1.527878875728313,0.9544440383216395,0.8745298284006172,-0.048012100164269815
2,0.37383504100056425,-1.374583934758357,-1.440486819062248,-0.7679674273829625,-0.04696810661211586,-1.252521369727731
0,-1.2932119997564124,0.08264022003486625,-0.15945663143855338,0.07127404095394745,-0.5003887401486382,0.6644632104206772
2,0.9199310854871737,0.45933786256405035,1.0669280576610056,1.118870183824345,-0.5337828591951143,-0.38206473898691273
1,0.057089107239353544,-0.33517758386848434,-0.7290357523855432,-1.368976233016414,0.26834097958414677,-0.9108489322961215
2,1.0410568108133142,-0.9167587671323668,0.1470633343141041,-0.0021725484681445455,-0.31089513619141984,0.8859932018667213
2,0.4870786732913423,-0.4036056875928668,-0.8717349411151895,-0.26606450998908143,-0.16001117716100802,-0.818748244453648
0,-0.16578116932614015,-0.21545650994052518,0.07753520885445243,-0.8270166501590241,-0.2785634165367645,-0.8357315164239147
2,1.9642029202133937,-0.38775672618358165,1.2795159079270708,0.9103446699537233,-0.5988554279675034,0.015523110766863558
0,0.6089038384784916,0.5193079676910258,0.7124373267120652,0.7353091585164898,0.5343644306238396,1.6369177960392627
2,0.6758589652144004,-1.5505253079184336,-1.1043337134629154,-0.7869664520251638,-1.3107265858980115,-0.587243643085785
2,0.9664554607469964,0.27972720162334225,0.8234806251745082,0.8022789958684023,-0.040027109985633365,-0.0003099060854810089
2,2.5909944112387047,-0.9040754824481573,0.9381340099132871,2.1483707699342705,-0.45774693210954737,0.17740318800551608
0,0.34300430802209414,1.6609356214941535,1.0121506432034164,-0.10506732094223509,1.0683386300009972,0.4790856319910315
0,-1.8990755084845548,-0.14756568247480895,-1.746549473751016,-0.8213178862624935,-0.28621861140503413,-1.2093107734742687
1,-1.939797474442842,-0.00165572691159131,-0.8856878192431016,-1.1089153339138031,0.5439935610532429,-1.9915589386983394
1,0.03154100264111464,-0.977171450440703,0.005750509598699118,0.2884808946890574,-1.0258390855260562,0.16835255247373507
1,-0.9122404666622144,-1.8140224597607022,-1.4338826714267707,-0.4832573661229326,-1.2488797354906023,0.8951017386282899
2,0.36345602368745616,-1.1672776578620865,-1.6053144659857932,-0.744197682372064,-0.7547862803439587,-0.9289182373216166
1,0.003865118982869981,-0.4660610292402174,0.9107540684865802,0.964962534896147,0.952200594559134,1.1344069032028223
2,2.727986476562897,-2.8177231052960954,-0.37460757831322167,-0.8407507992316219,-1.6641534883231506,-1.3896562381792195
1,-0.5511848352158142,-2.1877002122034703,-1.949999190913263,-0.8860541398549199,-2.5512859110424153,-0.19756266808046613
0,1.0896834556770687,0.20723960625145793,0.8338480485355763,0.3591571495593029,-0.1824362472221566,0.2905764505610612
0,0.09538700795968269,-0.9839319461018574,0.43737447874412105,0.6275855642979806,-1.064320126574281,-0.8158567246496515
1,-1.3635185077613654,-0.6579592863199833,-1.3129198899027337,-1.9218116972468036,-0.49359377098308005,-0.3794509947437664
1,-0.3717450338009722,-0.5663665163127745,-0.1843281526490637,0.21022931367914544,-0.43102010762515225,-0.4414948928432561
0,0.7619351615721006,0.4233239746486978,0.6255405122041262,-0.5392206138930404,-0.4069851578210037,-1.7744645980773937
2,1.1976744445169896,0.43185414957209617,1.5162114536839721,1.687107161278495,0.3941318018555647,1.1970071512713267
0,-0.6084005621874286,-2.9341340648474925,-1.8890791455324472,-1.9600842350826275,-1.7408599362089274,-1.091990324692742
1,-0.6932242411164143,-0.03225758873920237,-0.5817777933991387,0.38384060800702996,0.3939371097682693,1.4790155129012648
2,0.5102268868490607,-0.06574783049499179,1.1895579480801897,0.407005032979459,1.0839441715540115,-0.9239476499112143
0,-0.8215044187930604,1.2657575729217412,0.6773956514949261,0.47615575945662747,0.9905130486688524,0.09792562051800457
2,0.23240194227341043,0.4652013669522577,0.2806771604351152,-0.0930278485117644,0.48558578252651313,0.2992414048933626
2,-1.40576504068004,-0.7257020135380194,-1.1332990054674712,0.36453459059974064,-0.6363090943976664,-0.33570562272187515
2,1.9679176250210515,-0.7919773170771933,1.0036443042998977,0.5547132053818611,-0.5510009807124737,-0.6342682878097615
0,-0.194673321197195,-0.7650573742391215,0.25921662844435,-0.11033873017378641,-0.27804308867823124,1.1226358891243962
0,-1.7886108703257309,-0.8455253675920502,-0.5426093827582819,-0.26982932541387794,-0.36241092989671503,0.7488842276938293
0,1.1943221463369131,0.17454648570455983,2.1590185401988427,2.9662010807024983,0.0868211656111141,0.4986801232366578
1,-1.5826749374222413,0.610320527498025,-0.2034459195344965,-0.5674524054817249,0.9523812203450669,1.419559332212249
1,0.15058579257159294,-0.7683387996320186,0.08583563290587293,-0.07425962448450049,-0.7407609504608071,1.077455682044178
1,-0.4425899992780757,1.204379361378333,0.8145413514550848,0.9984988748314283,1.0698892940647036,0.8607649227556289
1,-0.6601034945108639,1.0780620546721307,0.6386083018433594,-0.5247487138227338,-0.4482164698233188,-0.1765126000081253
0,-0.1700232437496739,-0.006217298976512756,0.28704934928633274,1.19153250294106,1.1139567797325733,0.9403364050217183
2,0.4860431293414359,1.1250515611566327,1.9046357288721538,1.1963922779890364,0.4786527327851691,2.311283887249611
1,0.028002318427961075,-0.5244695851197516,0.22999259738958708,-0.13356054467385667,1.0476506889165402,-1.1427931285695392
0,0.7915941703128901,0.295147065017674,1.2580170811319618,1.4184681415069473,1.414450316990884,1.131145163680514
1,-0.06462049160680323,2.4296349521784406,1.723566285061081,2.1555678067765056,1.8257812419625477,1.5757868273804485
0,-0.3044990675633661,0.5734757317738856,-1.1024105470306913,-0.3637798089987521,0.5597652680597766,0.6254607523002012
1,-0.4972695156424899,0.0676410301388019,-0.3505141067249869,0.5771082845481001,0.01864257742269819,-0.14957132395292186
0,-0.371472546820779,-0.8456976175175867,-0.6316139073448294,-0.1571721198942811,0.5719774256533129,0.2005605779295469
2,0.4985330114799265,0.09972711589981481,0.15582278797471946,0.7278148777908651,0.5331178151069953,-0.173807274968429
1,0.8878148626472386,-2.0139912988130266,-1.1206589604748187,-1.8721707702359838,-1.5767805877547765,-0.9869408482944945
2,0.6596815984752681,0.5364722266673383,0.5024257017212355,-0.2360284708911718,0.031830954204063115,-1.1501360072465086
2,-1.0027339786600908,-0.3907826149365669,-1.6545043927271417,-1.0422230116450346,-0.43958327530866326,-0.5027986859400843
1,0.3977888406371225,2.156062255343276,1.483011211584479,0.7894673334938112,1.133797437086107,-0.45327182612210365
0,-0.8328723366658745,0.5183036184270855,-1.1800345471346336,-1.6120507377773101,0.6574351309579224,-0.8506909914642963
2,1.7444722957084822,-0.354639638188808,1.037537213949792,1.3443247502420115,1.3387535709804836,0.9751079997484073
2,1.1159943544710031,0.30615477364208504,1.6807465045916714,1.8106782493098328,0.5145911324764937,0.7481354189360738
0,0.0745544388168705,-0.13047483502616386,0.46836785930923613,0.5989662669968674,0.019963744904090714,1.149129889861136
0,0.12526679615612127,-1.5840046624512556,-1.010294949966629,-0.8352043024944361,-1.6879251621564242,-0.5855202297286619
1,0.055724970092949466,-1.2253860372924266,-0.5226691736297092,-1.440148676251901,-1.3647729197796188,-1.164084538468318
1,0.699134743668743,-0.7793439849891133,-0.2533631554914166,0.5734196010491358,-0.1847477522600912,0.060648358673858004
0,-0.9241755551310498,2.1555342654112986,1.3537559921832223,1.5018598714700557,2.6948517818895428,0.49515421130320303
2,0.912757155160493,0.02944663072803861,0.5119869081513216,0.41245562181721485,0.657009084662965,-0.3172642101474505
1,1.4755981012831694,-0.7067304844664368,0.1996156327356615,-0.9183818031382017,-0.817044308647243,-1.1334561505706258
2,2.4258852248667933,-1.6608021918809421,0.230095148149132,0.3801648738550646,0.29394262890174405,-0.0462395489157842
1,-0.34975812976471427,-0.13086172117377787,-0.3367087713539143,0.4967325562239972,-0.08177149857146643,-0.025679950801963534
2,0.01795199075156496,0.14033759805420212,0.7089513904839715,-0.30405960031027157,-1.063032604710361,-0.9110183643971099
0,-0.3359486078070072,-0.8388879277848271,-1.0446487004295975,-0.5822057469261517,-0.5786246792798527,-0.3052077309343737
1,0.4575058216815121,0.6302840713817006,-0.13970505037601189,-0.4971536844639406,0.8841480864145875,0.6566262015358794
0,-1.7875592911138092,-0.5528216162210917,-1.7738637721045314,-1.0899474997764813,-1.0168202744171293,1.340695138331266
1,0.10653369805197732,-1.94726068347512,-1.709034556521037,-1.1914304749896207,-1.8341903860664697,-0.5987766062532773
0,-0.9079723765580685,1.1581547183937535,-0.8536493876339556,-1.0259036075312797,-0.8085918897334881,0.05259249985467214
1,-1.4764239773641261,0.354444924500781,0.0468366226527105,0.4889453903695138,0.21830087650790903,-0.6927247467377731
2,-0.3795895224191647,-1.077654503513508,-0.291384397336879,0.3589827794051015,-0.3666258173460589,-0.7045034327751408
2,1.1679959209942457,1.1487903552507142,2.477708291092576,2.0539332810479998,1.365815672656932,1.32857516593854
1,0.1617541095366953,0.393262949354922,0.7866501152284269,1.0851324301326837,0.07596566866559246,0.5448378150915923
1,-0.16496111639343897,-0.7225590507933153,-0.6027908526907555,-1.4289332377348731,-0.7931887840952709,-1.2122349878063492
1,1.636335274716229,-1.6207688888978133,0.025849498070891763,-0.459591306376905,-0.8750034248628704,0.6790163087004015
2,-1.4360920293911739,-0.3910034718471149,-1.7098899890784003,-0.8093932260903196,-0.4795911725493045,-0.13211236741625648
0,0.019328684167770758,0.4007523057720226,0.3764678206292074,0.43590169456440625,0.8426030532127368,1.1789475968678806
2,1.2999524358704544,1.006863810801909,1.8899150461142695,1.8977028800969689,0.7950953448810948,1.8814113085231063
2,-0.4504852688770276,0.24140146826442851,-0.9554419765541332,-0.4139925020197853,-1.1821014361432645,-2.244704822703373
2,1.682674987763083,0.8314522097310412,1.8750149214920924,1.7016791576203243,1.4272623885990396,0.09473613326716306
1,1.1009989379397873,0.5576499521446312,1.328000097422437,1.0653222184299451,0.3576701884876204,0.5194548954556467
2,0.2719436817484585,-0.692833142598604,-0.7488676778385287,-0.8938790869628008,-0.782241358421343,0.41249262918014873
1,-0.8971037000604818,-1.1558666242125273,-2.176117590405869,-1.5588006302706465,-1.1939833853657256,-1.3320799259300427
1,1.0513111854636787,-0.407792118633508,0.5300500720412424,0.4889172418658487,0.20099549555010277,0.257560795950802
0,0.44394312801843916,1.2662066257005038,-0.2224020113408454,-0.8499318603476943,-0.25714380424986194,-0.8811495242645315
2,0.7076070369004364,-1.1530874936148718,-1.9494163198223222,-1.8383368324003257,-1.1804839257828297,-1.184112042533522
2,0.6607345391442444,-1.1660054954878232,-1.0253011651751083,-0.14011987466368314,-0.16255055951994166,-0.1947087445736055
2,-0.23780862338371062,-0.1357373735291816,0.29889960612809485,1.6401363784960898,0.7645371619671091,0.28028728561961114
0,-0.023790534511493672,1.9930102171746393,0.4936397921998153,1.1979773928202329,1.411514984804254,2.096616844763602
1,-0.7144342990177073,-0.12772834288559695,-0.574157952945971,-0.41370721761922835,-0.9103297759050433,0.3743027769636368
0,-0.6977627373061408,2.1268629367148315,1.161174654179511,1.2707248397514714,1.9305307068475983,1.703993036175464
1,-1.4953226070362111,3.1102065038582998,1.4268801326339764,1.723715507866478,2.0986348510467994,0.8031507430397011
0,-1.1272137279794576,-0.44636273623716693,-0.6518170461413092,-1.1213516962273518,-0.6574469411506236,-1.2287136923651383
1,-0.6013151734263167,0.14460261448018194,-1.2711149426219979,-1.6478639252881773,-0.254979830681991,-0.6924438893335723
2,1.20483708484863,-0.6283997873873215,-0.11788564368000835,-0.626043527227572,-0.18121184749538902,-1.9150065828756495
0,-0.0861481642454919,-1.345759982519049,-0.3218030965287812,-1.1151318723804169,-1.6987344447487862,-1.3442012108302448
0,-0.19610497533245627,-0.1717292205697851,-0.24937148237453968,0.8659723564548267,0.5933261828740309,0.9240850548197045
0,1.1128937072681069,-0.4481492267244335,1.519868802768101,1.1631250230554808,-0.5844747838818124,0.3302996855293281
1,-0.13755587394550325,-0.09716383772835101,0.6858167893233384,-0.026170702638080544,0.3624726762610879,-1.2731462815316732
2,-0.27069325928177257,-0.28463655011651096,0.6313573018380448,0.505409257557023,-0.39590200587010427,0.23857447935110027
0,-0.3192965728138148,0.7325999058206805,-0.27857714049866356,0.35208028844869055,0.750067036339985,-0.23194803834144656
1,-0.16374963820969474,-0.7250359010696424,-0.5762196987465301,-1.0790839819155555,-1.734743764638613,-1.181883829367964
2,-0.6621007187229894,1.1347306440623572,0.2887875137188528,0.21010057262152562,0.5874248625562463,0.5963188821278484
1,-0.3573455646427043,2.4761144133345896,1.7832142159365911,1.4187381831530044,2.1917657428404507,-0.2107638073001875
1,1.348395660044875,0.1826522106812428,0.5400605321375421,0.17195672493925537,0.3067774940121634,-0.29591922738083737
0,-1.2201881112495188,-0.5042716612565014,-0.7619243838374364,-0.949319657613253,-0.3743607557275211,-0.9786784414837449
2,0.300976316744511,0.8512559638041799,1.135244176449513,2.1615313800908367,0.30922442898646396,1.2416944633482396
0,-0.2458119860513294,0.29955181513246065,0.81966405199285,0.03650113598890239,1.235940498240721,-0.37247678038594134
0,-0.4899345575053503,-0.9047033510555919,-0.47624039066621754,-0.2636424798805473,-0.6440825153243392,0.6670481616735887
1,-0.06642490377353409,-0.7360633567055299,0.042093258134412094,0.04226244031837055,-0.41548638404935156,1.383071510770365
2,0.30289218682679614,-0.9097535320801293,-1.44388718438354,-1.597729996499168,-1.7668969980931102,-1.3915272744528646
0,0.0013613032724589466,-0.7864648592533604,-0.4220141895720892,-0.7743160466764095,-1.7411926938133389,-0.04541588788136998
1,0.4479052844429514,-1.164349768024807,0.047814708027394764,0.2910984388645841,-0.23657724043313935,0.8454064577346075
0,-0.05851485835516285,0.22064049729394594,-0.7343959812971071,-1.695338404015887,-0.6642967037555121,-1.0907278519038215
1,0.9767431640017555,0.1753252579125829,1.268463760859803,1.56699492429037,-0.3278031240617229,0.9919669738301072
1,-0.9249218046226952,0.8874371587588666,0.4275317369121966,0.4238543639320371,1.51267729842103,-0.394470305849345
0,0.050249594696040366,2.359751322829983,1.3286191308920843,0.07305333078001203,1.6852912234472612,-0.017445695936388204
1,0.8345027913795936,0.1306704728964189,0.6428576576874667,-0.4825897431734241,0.3059673028017063,-0.7034250133210115
0,-0.2470304559092614,1.385857121416881,0.503316706828138,0.35769615863781234,1.7303864103991093,0.7243342614420006
1,-0.9840753793530518,-0.7360528156465546,-1.195443295575779,-0.5667301526845636,-1.6872093628342182,-0.48865736874524207
2,0.808516707528176,-1.8787655737598188,-1.381290842919617,-1.342617042981014,-1.8692010920296984,-1.19155043761669
0,0.63232198979723,0.3385379179412006,1.4888431603848806,0.7486913406533676,0.49231376336556354,-0.8136711953444538
2,1.0773883325078453,-0.215280751585859,-0.09177549445454923,-0.06384331583513478,-1.1429745019806152,-0.6948922019291046
0,-1.1263991012639474,0.296190571302492,0.059375631669721415,-0.7788896741376362,-0.881820519180408,-0.141039678347771
2,-0.08320499586046075,-0.7429754913305959,-1.1443521121350637,-0.9533090598153942,-1.4802806860449231,-1.6339058880331292
2,0.9595563086452665,-1.2102529445345367,-0.6068079445900131,-0.15664033932390217,-0.3917998777825091,0.800968949721486
1,0.2075082863616298,-1.4380755004209258,-0.29340621253828425,-1.2494221246127561,-0.5202485954400953,-0.1773766334762598
1,-0.7351598274734813,0.9296879559044043,0.0675070517830229,0.38179146301995587,0.01466552634315485,0.6471886164077099
2,-0.6780843520838434,-2.079685705078188,-2.1900914283090835,-2.0593595283230193,-1.2554659726451394,0.02321081917067174
2,-1.4613853560170464,-1.5736971707475897,-2.777525844308664,-2.8197409241992566,-2.6098230374982148,-1.8374781007261765
0,0.15031889747336732,-0.974895645847416,0.22474238442739577,0.5728497666998241,0.014302629313122641,1.0306863352775337
0,-0.8583234640457887,0.48738709739167185,-0.5659216443709795,-0.3295392786623685,-0.5474287369437478,-0.888864116387649
1,0.5269182308957859,-0.11719269250843892,0.7240751937723025,0.20638086163293606,0.17200937815126902,0.9262381459639024
2,0.054080056446453015,0.5195016227828886,0.7487776736711318,1.1775495238561275,0.5961596641645902,0.3905953983396977
2,0.7037787334800734,1.2843824546838358,1.5671132918371284,1.9960360106132127,0.7886677983135434,1.5793946907987921
1,0.44772181319252774,-0.34561882422257284,0.3017858961245537,0.46469182455638064,-0.6017893323547224,0.3050041809635113
2,0.725409695312263,-0.7672323089167372,0.1586234263655076,0.28927642193870856,-0.5886795421471487,0.1866058955110668
0,-1.5424633699449963,1.5291136202900892,-0.31066789200987643,0.05612018551076919,0.3721855519374401,-1.1271829750707731
0,-0.29939217520581085,1.1950378623827256,0.10918807577144751,0.6422000127796772,-0.3708898684573193,-0.1551694758420778
2,1.369953330706438,-0.8542542386706152,0.9938271986565047,0.5416311990529952,0.9300561441413985,1.1596500906243097
0,0.95702385452709,0.5193383673449848,0.9041718912657077,0.7682444309272128,1.3645880669224857,-1.1525251937513865
2,-0.9462472359840878,1.1097907438267223,-0.4978458471445545,-0.039815563175510604,0.5362947841313658,-0.6610439195394039
0,1.0977657051174317,2.1587492769609584,1.4592220480063534,1.223738471834252,2.074925817107202,0.7745068186467354
2,2.030014463990905,-1.5899313105720612,-0.7236544446755274,-0.9450565209682983,0.06265237328651448,-0.31304858320751944
2,-1.0208858663306093,1.3283610961018508,-0.3424149696270968,0.1605236675138794,1.2612662419129665,-1.0762578295951544
0,-1.3609724314096925,-0.4537648977046736,-1.4517419849736801,-1.6169216536927817,-1.983998276442378,-1.5060347434186918
0,-0.4245069956272925,0.5083811402237288,0.30262620724289085,-0.6888957944050885,0.23505120601754093,-0.5836410275302538
1,-0.7155898368168014,1.0592346851284782,0.6689094609778677,-0.4110252560310855,0.060675860018354434,-1.5248519847528255
0,-1.449249066054936,1.1109927974349265,-0.33484419719746644,-0.4827621638672549,0.23741275941880757,-0.8244008757960047
0,0.13733750138891954,-0.12332548885068523,-0.5803912632828266,-0.6577645628434986,0.19256687613797868,-0.8246016566819017
0,-0.6898967507824293,1.3247785515134858,1.0760507795817553,1.4879037367458263,2.186095898638458,0.5356816190394318
1,2.1592859674461904,-0.523282078812366,1.511940938136397,1.0670286674079104,0.25606194201149957,1.472291023450084
2,-0.4095645045795414,0.17866343286937791,-0.20574832088493858,-0.41218070606448826,-0.4211102651400292,-0.2205839407058517
2,2.0561462833021515,1.8434924864335631,2.543540506684747,1.7500400022857079,2.252326785679367,0.6093325064294026
1,-0.034263517227231345,0.5020233556896383,0.6181617954125342,1.4082338673887729,-0.06606029356169614,0.951264853128298
1,-0.5379267472638334,0.4395190154777725,-0.2774275214708877,-0.9653439916539057,0.48393592689662046,-0.44231511519730526
0,-2.337484442011749,0.6504844028827713,-1.1643002723300162,-0.1507422491386573,0.6319001678816847,-0.5761500554303216
2,0.4120301419591625,-1.2332200632544954,-1.033049797393012,-1.4782459156685877,-0.7977987886422121,-2.3229820786236353
2,-0.2772248063903578,-1.1570240090028416,-0.30337760834461147,0.057315141860390786,-0.22613537535897482,-0.48227117893952787
1,-1.214103109125208,0.44352758105848855,-0.0731469813029918,-0.09383483881854895,0.8876130747358811,-0.12542322442172438
1,0.3150797237732519,-0.5678528491810519,-0.9376022083470247,0.06443929160573417,-0.5079642581271072,0.7848419088882425
0,-2.2914540455474026,0.3282019722065459,-0.9750122061913545,-0.5471460049656693,-0.4198895084031366,-0.5575215065403963
0,0.5030018139310458,0.5570756201189744,0.9292716435681992,1.4255970989990492,1.0189203582236004,1.7633259257253986
2,-0.20088259698429944,0.2579434433953906,0.8450246467498667,0.9651044058952055,0.25380129435027693,-0.0710079290271335
2,2.4574827489649804,0.28878366244884696,2.528198035225333,1.7027995907495759,1.2415443034502582,1.080049415800141
1,0.4347719857542748,-0.7623121363843015,-0.2893027992443308,-0.9424677832001138,-1.1718370891860745,-0.9044922885928525
0,-2.2457931154699913,-1.1836409457571941,-1.0878702500005257,-0.7803265102660315,-1.1754722844563144,-0.6353169518066689
0,-1.0155085177835528,-1.3327832990265798,-1.8396110545327538,-1.193306163921079,-2.331131738462839,0.1478649734230307
0,-0.4588618974513003,0.7367281972634702,-0.4066937619558303,1.1019874078285168,1.4815900143510463,0.11852481894056861
0,0.44125608286422136,0.12155635761590566,0.18718695132341784,0.7953074926264507,-0.06366737872375793,2.3096479558460485
0,1.1365723895030366,0.5740508533342612,0.8806630318755401,0.738752684493197,-0.45278608554715793,0.04756803524838403
0,-0.5779350725083144,-0.9485784594565309,-0.3881289606391441,-0.273363216649873,-0.24481245446693206,-0.8003098273679734
0,-0.3922982047930933,-0.5169582876765848,-1.4091841575283808,-0.8494504034607983,-0.6628228116490649,-0.11433310035931306
1,-0.15147266129219625,0.8132601744131105,0.676994996818384,0.7150506887468068,0.07532491414857016,0.1515152581726195
0,0.05156554475597023,0.5834683031310999,-0.45961761071882457,-0.3313495860929386,-0.7272067894694043,-1.2144555789204898
1,-0.49505739453264486,-1.8964718555597313,-1.982569330350363,-1.9797830292058884,-1.7459605657305781,-1.520932580960353
0,-1.6171994773964409,-0.5363529688660469,-1.5714047562022098,-0.7742271694558451,-0.9931460677464066,-0.8856357003560071
0,-0.5036711241390994,3.344952362664602,1.731025871540667,1.6045096848524933,2.2451834948345284,-1.3355977806499197
2,0.28664436828491624,0.9797494238777894,1.3690880892692603,1.035735772721512,0.3970482168254111,0.16707765017492
2,1.3354624127926862,0.13009149019056424,0.9751493874765156,1.2299180313823983,0.45085300850163285,0.8642238082032307
0,-0.8940501474448609,1.1683133082644024,1.0338526503212553,1.3008710174322762,0.8719364200442866,0.5786938674423294
1,-1.3186514318849354,-0.09574482318312817,-1.1290334567716995,-1.2701763332747158,-1.4617334239973405,-1.247226372497331
0,-0.16876327958703088,-0.051675141171337716,0.06600312533916576,0.26159998275462276,-0.4928092371692079,0.6408009734445517
1,-0.2503528706779579,-0.598549798983818,-0.21919047227763275,0.20477286572791173,0.8005609575420227,1.1034772991490018
0,0.5556043620666353,1.474894046216198,1.5161396690730466,1.0096918064377236,0.3108817330149326,0.03848964991473543
0,0.9777833210654217,0.7512565378904092,0.8041326766725237,0.3502838005168809,0.5845393083774802,-2.255805693416282
1,-0.31418160706479065,-1.3026565379356787,-0.7247117213010963,-0.06188960741500091,0.6232873109074392,-0.27553857120277075
0,0.1273259912552477,-1.0108683125671658,-0.08194967141036025,0.1369066348545629,0.3110199633378065,-1.4864311638020637
1,-1.1990750344621595,0.16974157957476438,-1.6966355505353508,-1.173386015982903,-0.5212085563557695,-0.8900462948558079
1,0.5724526592857495,2.0568612836720943,1.863687713296506,0.9291402564750117,1.9889225892687825,-0.5204477726272642
2,2.0474918567973934,-1.2348170087053691,-0.1452067907376587,0.040807515408893755,0.03017662226635698,-1.3650889442328054
2,2.0288275380955096,-2.188813458301012,-0.8162945055850157,-1.1425100590165274,-2.0187119631985597,-1.0739711685970499
1,0.3994600784880204,0.5908486630044745,0.37800218001927455,1.4295947429980558,1.2052108520766012,0.39122370912330795
0,-0.6133465953873857,1.6450573016523995,0.8064003748249691,0.13250860316386026,0.6482811567474648,0.5760657003815939
0,-0.29942779509129824,0.7028163309350044,-0.0841414480827258,-0.5984948338978973,-0.4684442120181572,0.48919053117565764
2,-0.9701054131205141,-1.702894569957922,-1.6977434211224676,-0.6654617372719278,-1.5687667796365956,0.2766780562562332
2,0.23115823036226274,-0.37543493871136674,-0.3056732869709302,1.1840975723323788,0.8339572731467779,0.12135054486186626
2,-0.6730704565062918,-0.46146605148307296,-1.0111363506908697,-1.2458927016256633,-2.3116194924547395,-0.8075085001745018
0,1.6007389095485656,0.9041397453165418,1.9680632346109463,1.0231208082803251,0.616986079292536,1.000810759851338
1,0.6284412498405924,0.6019313621608384,1.052923825537065,0.39669200750730255,-0.4553182834973309,-0.034285231842474215
0,1.6312741463541183,-0.4277564268216058,0.538508296740479,-0.2709102804704315,-0.8396519874767756,0.6306881315089581
2,-0.08256613894154992,-1.4398202590087048,-2.0439251622844004,-1.108756757879184,-1.6923956403102371,0.8033686658452092
1,1.4732897708095323,0.5646578651715177,2.231578216961236,1.9397689854030755,0.30580042281363085,0.35283736302712526
2,-0.8335600603507418,0.8847311431444066,1.1872058923755227,-0.363796412439751,-0.5474857815458578,-1.0925748814761445
0,-1.3571746969799725,0.6701790648884185,-0.09425727536419111,-0.7912470550337469,0.7584488317718675,-1.0028257688616458
2,1.424186582299216,-1.0581726564046454,-0.30480456602988315,-0.49626704256196463,-0.592585669077119,-0.04438349048795359
2,1.11582397543528,-1.1459342117314704,0.2891057721552994,-0.44905222534929917,-1.4751020211663963,0.2567731153689087
1,-0.9932768740889916,-1.5041335608886506,-1.4396217966049136,-1.9441406981200382,-1.8379394316767312,-1.9321879293583397
1,-0.6557562271128164,-0.25505377499056026,-0.04931588505083775,0.1816955244853692,-0.2122609960273789,0.9671632254705113
0,-0.40959260151512644,1.0750449140804699,-0.5849633478768383,-0.874479869750222,-1.381840795883133,-0.8407207869892626
0,1.1151622219085975,1.268191966237774,0.8957398615329828,1.3158264064719363,0.26908456556620486,1.9383212461614838
0,-0.0013142838530399359,0.05925417798015688,-0.2538545903759932,-0.5596513810986925,-0.3986092012587167,-0.6147884528193869
0,1.0204572400544785,1.1088419852245504,1.6366593571777592,0.9898674860732369,0.6841285326035862,1.3443233358051556
2,-0.12769344724439616,0.5648031604961141,0.2712585819178172,-0.6880245963338947,0.75664024900225,-0.40397291248870293
1,0.08351846965803862,-0.6764413077406866,0.3065322684640086,0.7783308966426733,0.41813448183505814,1.6328211422478753
1,1.1159608989560452,0.48609561006993585,2.15929542267783,1.5012046129280954,0.726026546756501,1.1591839785637277
2,0.7376106036127901,-1.6930872680717546,-1.0985875673403156,-0.46466690266280086,-0.5004087038941265,1.2226896196000892
2,-0.6352743964607028,-0.45121647839948453,-1.0095321950289486,-1.368033771043509,-1.4216435002967713,-0.10298481000695596
0,-0.5708968319242406,0.9721940926372172,0.35104722614148065,0.1367885485982069,-0.06281739204700314,0.6732848169220975
1,0.006643112776430904,-1.9088935993882972,-0.9946409335982902,-0.7563252702676573,-0.874784611129484,-0.6588550400700588
1,-0.8298878209437148,-0.9391262541226284,-1.2592416628087248,-0.8541386358187157,-0.521036736876765,0.720278393535071
2,1.5549334240692445,-0.48317847973539985,1.5143209156817459,1.46696371760318,0.25897118071812725,0.517156576055243
0,-1.0541017277309832,0.9740308545406836,0.15418677361887453,0.060617626995443916,0.8640912352773445,-0.8601995456953826
0,0.5869985577162984,1.1172602907495637,0.2641318674284437,-0.7606002650357416,0.5461185116303694,-0.749868242323728
0,-2.3925100639233188,0.041457961757882245,-1.9612123912011976,-0.8669554993308668,-0.35359240922175483,0.48454520651125843
2,1.0271615178282307,0.8919841623055711,1.1539826668156135,1.5979592392398343,2.58659252561365,1.239254513788088
1,-0.3469062222672277,-0.701126611402075,-0.8290548438762388,-0.1303393739784414,0.3096834642548087,-1.242368283780353
1,-0.42584048607155844,1.710943986643541,0.8285757246758259,1.0926912927388328,2.3180646924878108,-0.3135441290647423
0,-0.28905237111672905,0.5794212186701506,-0.07124429476477896,0.18262754516791393,1.1082780468013294,-0.0818497395636462
1,0.9462306416238493,-0.4309304239830492,-0.1435599139608761,0.3737958176995498,0.09306215723505146,1.2027019218719708
0,-0.28075090341758774,0.767011545699204,0.7978043797907658,1.7913318128587203,-0.5723066991122048,-0.18192957679093338
1,0.6183367977840791,-0.1697686481041722,-0.44693721455324625,0.07026200844709549,0.018949772949015717,-1.5383601512330078
2,0.16953226341883812,-0.5935731182455934,0.41525931644214786,0.585260256559279,0.5711186094851157,0.40938371509962435
0,0.6334929155109249,0.7755768206410177,-0.3833010501904583,-0.2330288263993448,-0.6041911875210201,0.5146454608993133
2,-1.153076212176645,0.7362718266905519,0.2728351245338537,-0.2158190238944743,-0.04230718932575901,-0.18188299453395038
2,-0.47300723822448815,0.017955698629021966,0.8818126451466896,0.36789295396475713,0.6278260830404448,-0.30454895312687696
2,2.8580210892722633,1.6827830310664313,2.6955300710533208,1.7454860789029096,1.4079298981817177,0.1773716400119845
2,0.8264078934156234,0.5281015443268101,1.2258882921627003,1.585644073355883,0.38221900038307205,1.2506997641634379
0,-1.0914584412193655,-0.9590446201859464,-1.3735661353425077,-1.3857093749760505,-1.457932457289836,-0.05329432838924311
2,2.1855082623853788,-1.2733331227174776,0.32057903867397863,0.6804761520327842,-0.8143207908541714,-0.24131072444792706
1,-1.5341046752003606,-0.6702198833440909,-1.980125918592738,-2.143117331921758,-1.2803125305956582,-1.6370985131702873
2,1.4874997657155546,-1.4983320464534422,-0.9657336906216786,-1.4139337788457744,-0.6928890528846693,-1.63610128607138
2,0.45193654235531955,-0.49971471034701564,0.681851330875148,0.5324629478199017,-1.0088164294521618,0.9781555708521659
1,-0.2770994798250921,1.021835870576159,1.2539991807259374,2.035677177606141,1.3838468734293046,-0.5276997508008314
2,-1.289811530241732,0.6279984357022336,-0.8994323182899816,-0.30788905052504384,-0.2184566768116346,-0.4696243276103323
0,-0.3701805079034037,-0.3509289767500279,-0.5928401284759367,0.20488050628848717,-0.9074005366235846,1.395209017065447
2,-0.18449070871295986,-0.837235474200962,-0.7414650215267276,-1.8015139484906024,-0.5009063822649791,-0.16428291687062907
0,-0.21440817531814532,-0.4613663441006494,-1.5557202835685975,-1.661333402336944,-0.13679255053474423,-0.8594824190111416
0,-0.9242814332509486,-0.9723068126444824,-0.9498010079891676,-1.0682755227840104,-1.3259680164247858,0.10944760134586726
0,-0.3437103243034068,0.5509673953515578,0.5134381778170708,0.5080165010693408,1.8340989682128122,0.819325107625376
2,0.924751910761366,0.8440375813784592,1.1968252013615768,0.9697187044171169,0.7151521068092208,-0.17173160166248924
1,-0.5542851939140283,1.0705355975600266,-0.35465128193492634,-0.31180130618287316,1.37141963776937,-1.1175242417287414
0,-1.306764654497617,1.3206347652848496,-0.1752749457068942,0.22698574754353748,1.355587841898292,-0.4718604730153831
0,-0.7752703676996143,0.6596147572301437,-0.28682052657028645,-0.050896326489623916,0.3774851759113826,-0.8363706110899739
0,-1.266549931066745,0.8649153506797307,0.23050615142843767,0.12506038949753942,0.9944264969930756,-0.9669979634137869
1,-0.9274516786853543,0.6392378198412223,-0.4713301998898163,0.29351322063326785,0.8709390208069807,-0.5493747954440267
1,0.4041524840836729,-1.145641644139291,-0.3117634952172398,-0.336464656214941,-1.1681680461317545,-1.2118613826188773
1,-1.4211617258242701,0.7670506553695537,0.14907218075543643,-0.1787039720883086,-1.053057115389607,-0.32687662447148247
2,1.0682065598044033,0.44462092827118976,1.0205342700954319,0.8824361999466918,-0.2706576702617029,1.1191775001420308
0,-0.5502248083841614,-0.7467561415424738,-1.864200017540093,-0.48729504801097934,-0.20664052310153547,-0.6437927367916698
2,0.8860154928746313,-0.44290737627607335,0.2650880274344004,0.5434243469513976,0.5469064315079958,0.14424944360660916
2,1.630078639529198,-2.1317786147272355,-1.317927140647699,-0.6041585521021416,-1.207022362267202,-0.5174344802389385
2,-2.0198088943043473,0.372377201590563,-1.5652437968333637,-1.3242515975948637,-0.4003655797632947,-0.5693218876915039
2,0.3281100215819927,0.3975080483385394,0.00019231739672971511,0.7464222556132687,0.086802747649039,0.04271292666416484
0,0.17143134017108652,0.8859986025595094,0.5473458323160468,0.500192389919821,0.3783380089441416,0.46640554640370774
0,-1.7200390081659538,1.2568811315203121,0.04241873172745467,-0.42004373812315515,0.2597259640972737,0.48512183530841335
2,0.6681142624271146,-2.073431401921219,-1.6110909011007533,-1.5354479782440495,-0.49544686266224497,-0.5703640881342944
0,0.1936634647357582,-0.38672761458466925,-0.5425039916069931,-0.47896396356319393,0.07008686146386132,-0.22563654461359633
0,-2.182745788102704,0.24959307430260463,-1.5120584743410146,-2.4164693037623213,-0.4594906285193016,-2.844930392676465
1,-0.4102701907503886,0.23315382475062152,0.18446061306008707,1.0026178498352412,1.5477208847357469,0.9143162956147838
0,-1.0835315724690517,-0.9526507017928403,-0.8424950265416857,-0.5628489102847724,-0.47622615390752093,-1.7898894272845112
1,0.6964216760223175,0.4064230649877708,0.10687371720555473,-0.4861893498434199,0.4391286708489381,-0.5593416435971456
0,0.41099321957517426,-1.5006110863398034,-0.8049180907127282,-0.882802681249521,-1.6598017571638786,-1.6625072412187833
1,-1.7562370381869425,0.5229605877411486,-1.4686985185419639,-1.7176146605711256,0.30600797133630736,-0.7609557760002098
0,-0.4382310419077799,0.47639552837346444,0.6589514637183013,0.2065915945621867,-0.36606059299512106,-0.7027165629895384
0,0.1368921345876459,-0.6163718184277454,-0.2537261785328496,-0.504049847089319,-0.5190040321498421,-1.605276735849576
1,-0.312213489281202,0.8622744471944866,0.0367167602641816,-0.45159283807662814,-0.6066036069534327,-1.0658286542653879
0,-1.2657903273572646,-0.36877549228603873,-1.2008693182548926,-0.3717362390761801,-0.37989583091635026,-0.3388102495754871
0,-0.3827848581987897,0.4778950138978252,1.419861082365077,1.3327239928847465,1.824719735312614,0.7789090271885787
1,0.019596998169995567,-1.0908687444351552,-0.3201287811605038,-0.3462602768576158,-0.388407713253943,-0.2213069012182808
1,-0.22186602845190714,-0.40483223030853965,0.4845251093505252,-0.5562937150089865,0.5518304093957983,0.8840914464815087
0,-0.49978212678140727,-0.19167356159366275,0.5637902480806837,0.4463181987770389,-1.0127689411071987,1.030512284972965
2,0.32423598059681086,-1.5131169180660156,-0.586475596019818,-1.5606109917601672,-1.323904892490528,0.24784081681827194
2,-0.05996527619022791,-0.5782318542548016,-0.5518479036896998,0.3579228145946825,-0.0700083452780616,-1.6461920622584625
0,-0.20514759325215431,-0.11103152114621029,0.4834332618198751,0.04551853039596656,0.25952201797027924,-0.4481905483323606
2,-1.1647503689237297,-1.0579076078484742,-2.0032395026117658,-1.5582288770953676,-1.0951529346577917,-1.7804056640181705
0,-1.4841955121686674,1.9270813793402954,0.5583285977355162,1.7547113655259348,0.5182829253247658,0.6964898843700221
2,2.0342952680254767,-0.7857677457023117,1.2165065426606128,1.7918686550537632,0.12547830311640643,0.6781034283980402
2,1.0741003415999197,-3.291259659750263,-1.721536374288351,-1.2014474662149863,-2.335952561273291,-1.2138086759143691
1,1.3629475578329475,-0.30120557773786144,0.05284888106914833,-0.35168921335834563,-0.7469035965755855,1.2560464539004257
1,0.030824847506754145,-0.7199498229756095,-1.745969189364801,-1.6006686483704842,-1.7730563099332473,-1.112525726828977
1,-1.8330699897075966,0.055004013825045855,-1.2716610385851763,-0.4902720224443365,-0.9826587367178701,0.4927610498271718
1,0.9842446570014917,-0.024766633825664526,0.5824824142040029,-0.25195340084220597,0.5990030868332921,-0.2551221756630793
2,-0.3004402419049068,-1.4575073759067119,-1.6926621447475065,-1.7099301245179739,-1.1874387752315176,-1.8990487176077533
2,0.7236118463952312,0.3773441220721171,1.2595255833981245,0.21078767855349534,-0.12561190755833013,0.7435682033129052
2,0.09812245228446898,-0.060179645325889486,0.47204087498917163,0.6323804483335967,0.46931917168569703,-0.6234418046980005
1,0.26162534011088645,1.7641029091684182,0.8776067923287274,0.5639260070090312,1.4084211062148433,0.7573122498406503
1,-0.5435693081965188,-0.29290604542505516,-1.301242884070366,-0.8933463844077396,-0.23317983672303502,-0.29073574676783437
0,-1.0022903183965497,-0.22061169242655307,-0.2364719685213309,-1.2004228620415522,0.19353197005123632,-0.7682495449364499
1,-1.276053239020187,1.2875970042298943,-0.18633107741677,-1.3020749643232956,0.2148225178244215,0.488267707640418
1,0.6562150626359555,-1.0210227182808,0.2288591811353332,-0.44391112245620085,-0.4722986121073978,-0.05133058719616814
2,0.6761304621719761,0.7332689675566584,0.6899796552402531,1.2924966617138132,0.8145891533757883,0.3299233460583075
0,-0.8379906612121708,1.714697636475026,-1.166469894159379,-1.3078071049400934,1.2996351027729267,-0.3734406170543039
1,0.19464465632368258,0.9140946450190184,-0.17798300512817117,-0.9032766904941185,1.5964380236414182,-1.6361274977870075
2,0.17521729009339287,-0.8924274075392442,-0.6634355772773693,-0.6203936842501794,-0.27442585952233034,-1.056648537410861
1,-0.05349973983711821,-1.0487585077574966,0.2636634127233276,0.23598577172960764,-0.18308514806922985,0.41578705491884216
2,2.443288908970453,0.28182001870499296,3.297937427417339,2.36973359848542,0.9112737123446287,2.513392687837542
1,0.8518429114600158,-0.023291029104834396,0.03857963522394081,0.4039553089773635,0.46990332960734743,0.8785763017076623
0,-0.7764430101917044,0.5942278344397531,-0.3213181245277578,0.572679570656478,0.11271418273890312,0.8407145201328695
1,-0.3821055548404143,0.029571295664064853,-0.12820560247192492,0.49147051993459134,-0.6598556012632232,0.29547240799639757
0,0.7074669759595513,0.39204822275920453,0.4922010379415027,1.3485918414701648,0.09505746522088471,0.24444272372168593
1,1.6715362877119053,0.31025815843372423,1.181529999528345,1.0774076387885192,0.482832966851107,0.7657698167515163
1,-0.4021282864806299,0.5844441748802595,0.197776655120636,0.6953728825851037,0.06895485155011481,1.4387673710625601
0,-0.2645930183366042,0.5727764940322583,-0.10587176755202354,0.44593235748668547,0.3226826558117379,-0.015551731465831758
1,1.1407507151296516,-0.5637555498327977,0.555712673307533,1.0449428651674528,0.34686771461101523,0.4339193402855797
1,0.5785386844609234,1.1865674755924802,1.2968138700336886,0.41002887791458087,1.7495525526422169,0.4802905424531438
0,-0.2105256639505203,0.881882584956053,-0.2262962965706292,-0.08008126183683144,0.3239301831890278,-1.3925145990559298
0,-0.26546744195688626,-0.5011840199926383,-0.3993237074692843,0.055556177589373396,0.565104261407513,-0.07845064656261955
0,-0.7751482700366584,-0.6548912780141731,-1.005410384193491,-0.9389765331124859,-1.0525492781403467,-1.1390604814177676
2,0.10894446215874544,-1.1117312868618687,-0.8215003884615976,-0.1700264551626396,-0.5177721243166754,-0.7161712404110916
0,-0.17108428773409173,-0.7769633872763158,0.11312991357592081,-0.3209822866059444,-1.3809143162102326,0.5135309758371058
1,0.28024875509461716,1.5180958420806943,1.279467674793032,1.2741689697971306,1.6676246479921202,0.39150697909179744
1,0.3227842568307606,0.8161204561280373,0.5752288697798559,0.10608305483922104,1.0826104207761427,-0.3450358806928116
0,-0.6642434944908892,0.5293460199639378,-1.963050475832347,-1.576299795116166,-1.1011951561979183,-0.005064335892821724
2,-1.5327879280291192,-0.5828817101034494,-1.7321769778752047,-1.3144928176511126,-1.3948651234368392,-2.0373875554523004
1,0.9910242434184098,-1.1540927627143533,-0.28902521282361937,0.06450053492428476,0.6051543546798926,-0.9824069166346701
1,0.8964117082202131,2.048056604270631,1.6352519461374855,1.9272192365304648,1.540411892900854,1.3826536174296005
1,-0.6821601315152607,-2.048107791530119,-1.45485275920085,-0.7305534915223625,-1.6788883322424566,1.1364847357951045
0,0.043697281626111514,1.2519588900742145,1.31012090241463,1.7721094375980009,0.5859917514593652,1.5136419238938348
0,-0.5407308634715781,-0.5494791786340415,-1.2687441778716306,-2.1305807938811,-1.101307390038808,-1.5283668066337708
0,-0.2716051046262073,-0.24538021776263008,-0.08628686078240398,-0.3073537688824667,-0.06622698133638721,0.0665681348960472
0,-0.8858058517269489,0.8692385511880004,-0.929188615400738,-1.0181764336502994,-0.49318225544830596,-0.6872025274635841
1,-1.2118263422393638,-0.32397344104597653,0.036041921100627546,-0.7605536440565044,-1.2281450594542853,-0.2519582560738298
0,0.23564103425059765,1.065036279654388,1.214415679783128,0.06789217063792545,0.5632558586059456,0.24177187796262384
2,1.417633468804901,-2.0701530801402135,0.2579815382796335,-0.11811568760934234,-0.7853931813309013,0.5499948797836485
1,0.4178868518208771,0.7712909956669313,0.4113366053143753,-0.005001047045796721,0.36446108517724873,-0.31780126898659405
0,-1.2781022707777212,0.6518292911398299,-0.38395981270602453,-0.016103702265140053,-0.4726381410209029,0.017784119516818818
1,-0.28271155370202855,-0.17256792227196838,-0.9127628692117811,-0.7572259930286784,-1.3249413116241768,-0.2673812694429743
2,1.2123753427084918,-1.2145475937366064,-0.10473646547550322,0.16386962879897482,0.3913601433320976,0.09524808694174931
0,-0.36716706329421545,1.6957069818182788,-0.2743803476170021,-0.6536041866887323,0.20201150528291148,-0.1934348966125703
0,-2.693805276708759,0.6366300182025529,-1.3820310908492284,-1.4123961447722584,-0.20516834898531228,-0.8623883788873224
1,-1.0429658247190765,0.753812512716011,-0.2738127576779772,-0.942656342688719,-1.0852331663271186,-0.8776563057743256
0,-0.44018342395100524,0.9125154680753578,0.7014447940299042,1.3836388870473015,0.961973659756792,-0.034923040188304985
1,-0.21664232023058289,-0.9324743401356146,-1.3594814813885177,-0.7748926119723242,-0.6263455580412839,-0.48920057143760237
2,1.0715028541435645,-0.9923531329117263,-0.30041765407495447,-0.2720263655029002,-0.38311307350262785,-1.2259633585593395
0,-0.11276618587575953,0.7496617671101465,0.7139626061725178,0.6014704730394916,0.9724795778764093,1.2442874316180743
1,0.004666990435074582,-0.6561713133645041,-0.8971324887519174,-1.1675736306246767,-0.758062216900931,-0.8783310488727787
2,1.5564409842852416,-1.2591678490024478,0.4391259597639652,1.222870699904699,0.11388574919677152,0.4596018030807752
0,-1.175271301547768,-0.36778335194476,-1.1956924954820949,-1.3492568358784984,-0.34513656522449226,-0.3252452526037102
2,0.37520431521570496,0.15495057564783574,0.4092375927064008,0.9486149904300802,0.24082013047282913,0.021791672892364618
2,0.27097524549427643,-0.022109561338281875,0.11338560914467105,-1.5337821460864933,-0.39259517168148145,-0.32259606112329847
1,-0.37022346284566754,-0.6281455119417015,-0.26668076337903296,-1.2171285004181913,-1.2365707540027573,-1.0201244058452907
2,-1.420519968207872,0.6174739559402559,0.03143166852641248,-1.1325730404443861,-0.15813822885137163,-0.27445251982712576
2,2.2127400600806846,-0.20750646491691604,0.7917010506344949,-0.014345107992187429,0.03479041215982496,-0.90013435706241
0,0.8726907473775091,-0.26197786963557596,0.11932912833530117,-0.18824809848884025,-0.27334062612659454,-0.33009807790046625
0,-0.3620035471308968,-0.32136947815899064,0.1049810729891215,0.7563505411643973,-1.4719383355739373,2.8275005233022497
0,-0.8330919873330473,1.0870642590731645,-0.3414551083082501,-0.11476278686392005,0.5499182430322139,0.6174569892798091
1,0.8219283592758746,0.5275604069069292,0.34678225101534843,-0.06795773405070978,0.5481853404716843,-0.723084764848889
2,1.1172600401886097,0.1466521613144137,0.778880387672877,0.733860207714377,0.7812852746870292,-0.16591041613324836
2,0.4360210321929367,-0.4423070601486717,0.29925124535446135,0.24178023148098113,-0.3312222575519794,0.9364824852787832
1,0.4522237781847703,0.5428352109054023,0.9689895650560126,0.4905046815301045,-0.30756109744860477,1.003316828950783
1,0.5678541263676392,0.9590396902607704,1.4494434346114888,0.7751333983049277,0.45011390149364316,-1.4413572407152204
2,1.3634466292328264,-0.35371633726956586,0.6078573290797827,0.5934654658068157,-0.791481868986005,0.49791906237825634
1,0.658207050963178,-0.013745878895129536,0.5258602583868341,-0.5527901783451321,0.35439013395716296,-0.0003526121632871599
2,-1.1645852583036636,1.0432738720223458,0.6372744177573557,-0.013960773495007742,0.2782129637519351,0.31792896614920546
1,0.4560799475694462,1.8712867110886235,1.0769906013311175,0.8038322477195369,1.5526333538469828,0.31576989973326364
1,1.2090464352537889,1.0005629119090456,1.3793405607680864,1.419094615494783,1.1435709965971101,0.3861152454713242
1,-0.07021844832822605,-0.21311936638586237,-0.6837261777338407,-1.0752521718375285,-0.337647829333118,-0.3826385051603924
0,-1.2203297024966038,-0.5149147426785491,-0.7308834179915655,-0.3694135414439309,-1.0271382880696036,-0.049657193902707834
2,0.9573279297243172,-2.3802208365813127,-1.2689857371177393,-1.6314259831978866,-2.515802653453056,-2.464376342713464
2,-0.15011706260301066,-0.34512768569859126,0.48115178010846116,0.955717682057482,1.1417190753636175,0.5436286479506383
0,-0.012494739356860287,-1.6852275420646046,0.0068147754374023135,-0.005252109650603458,-0.5597713611223621,-1.5177526553594596
2,0.2977063352864792,0.6992609249354096,0.6303301486513138,0.22994072801776647,0.8852981910744185,-0.22090758622243672
2,1.1911029096259536,-0.40003659586021456,0.5505332653060652,1.0851202848354624,-0.009235116360566554,-0.46496810155429313
0,1.2723667637926968,-0.11068531963573695,0.688156590085746,0.1434153108798283,1.0882269185761404,1.1786453741005853
0,-1.0260995074719683,1.6753029515878486,0.7840094438401944,1.2592854717405906,1.1176823842617702,2.182744529932945
1,1.2403784104450737,-0.6671274947175119,1.0333237364321337,0.45725870394058,0.8991475661780008,1.104455771855548
0,0.35572422281284216,-0.20098293206219936,0.37838728067909055,0.3755548195566041,-0.9111277163993313,-0.8317830003727351
0,0.5973127205969443,-1.4385549483319182,-0.16276175390821448,-1.043757281735657,-0.9121392840514994,0.21039113226529008
2,-0.6089330050393044,1.3105140535520987,-0.18243615390459084,0.33936043056878507,0.20889155937701934,0.19901821649562818
2,1.001820633356361,-1.031306406647564,-0.30595813429361746,1.039692968788465,0.33802916530084126,-0.7873549733708964
0,-2.402708002975116,-0.002865039650719598,-1.4026553595679065,-0.3936271638519492,-0.11950985823045764,0.6315445705213544
1,0.5317989115523838,-0.34666745399061566,-0.6776536198457089,-0.2305591051750778,0.24060678815712971,-0.11447632910150077
2,1.5650878453980737,0.46872325273467136,1.152144269432443,0.9153665955456,0.5477185505483368,1.2931644166813596
0,-0.965746465213288,-0.4670680835526231,-0.8410427810092683,-0.4787944242251146,0.3925089763789638,-0.8049662627582485
0,-0.2467776505441609,1.0029834123383419,0.8880146441698762,0.7171280299387819,1.6304010716551531,0.2848232023926279
0,-2.6275795427604436,0.5378443788679727,-1.8928556380440966,-1.9273225397644478,-0.740387522895584,-1.6738297127764559
2,0.1897268524379939,-1.8641324740504743,-1.8903547564299874,-1.7033217279449662,-2.2561124748146826,-1.0912159918973463
2,-0.08859581174925243,0.5294372589894514,-0.657976962660984,-0.576721683698246,0.5531647696463576,0.22930541721743847
1,-0.7732875097720295,-1.2159958355742322,-1.2688781052119615,-0.7200564761219775,0.16024451525368175,0.32264841437700365
1,-0.5258556459786596,-0.4350709028636791,-1.0077455958838517,-0.8180221795989397,0.4254643069309805,1.8759789374927125
2,1.8511501416760263,0.14937312382247805,1.8871617772315692,1.3565770109170239,1.2728075948807869,0.48034123251650285
1,-1.1283445277322937,0.46758052640673653,-0.6648032854184015,-1.3511893115282985,-0.22243752408983639,-0.47618613299277474
1,0.5320169293107222,0.6272023350113446,1.016430999779776,0.7752191110798059,1.1651925383197879,-0.0278553748171915
0,-1.125217275842474,0.15210526437305658,-0.5948867125293369,-0.8351973321721494,0.01922034943532293,0.5292781139707091
0,-0.6342513051881867,0.6229666534757211,-0.3475647767072519,0.08752653645689351,-0.15698826174454453,-0.3864784748595717
1,0.3563072128734302,0.1830304602173789,-0.6001137458064281,0.09426238167093794,-0.22173397049968732,-0.10717198585486001
2,-0.6798591841119592,-0.8365882219809164,-1.2777817217615768,-0.7863374426342393,-1.3152357061920972,-0.6883667264917368
0,-0.9175665262416298,1.6914635900499273,0.6873441774402926,0.35092359630255543,1.6019083215599677,0.8357024059665588
0,-0.7940935048974594,0.8287344100963664,-0.10107853787980149,-0.08615166551306634,0.15106332922275378,-1.086757901017498
2,-0.027591878515104116,-1.4754581925955217,-1.1872988487123302,-1.8321596127251345,-1.9400837633450807,-1.2186440805510217
2,-0.38688488996998077,0.2560483926532103,-0.1626022244549622,-0.822815268441543,0.1857661336654811,-1.167904913875316
0,0.2845807399199738,-1.2475508382311309,-0.4331717014449666,0.05991223658578916,-1.215608603762067,0.5857094423661721
1,-1.0756205097703633,-0.6995769834021526,-0.43800302232500826,-1.3437735412682759,-1.1852684223686012,-0.39816807746778216
2,-0.03775998452484926,-0.6695445577741924,-0.5722492002681004,-0.6347397688090961,-0.8062222505934915,-0.03972901984871174
0,-0.6189239686669229,1.0312475688281746,-0.30305809727218214,-0.3952583801650907,-0.030588738963192516,-1.3623578427902527
1,-0.02693403207692846,0.5065312910100606,0.6501131770237217,0.9877773794617427,0.6327168891195567,0.20851788827226697
1,0.8172383948721694,0.34014798708107874,0.6584531325436008,0.5719121636201481,1.0410428153385645,-0.9256574563255557
2,1.5605944897599835,0.00829698353904398,0.6075455287699886,1.8426573882750383,0.19202838694251306,0.98326965073923
0,-1.3784246990439315,1.7298937237952214,-0.21451970440723345,0.7021722997318426,0.4103979940069084,-0.0023588790764323886
1,0.3926051736643528,-0.044201468165332415,0.4406274079578826,0.015496858573680128,-1.4557535423235313,0.7553168229122202
1,0.48554169675069664,0.0403478012253314,0.1371907897833411,0.65265512897647,-0.6183207998159603,0.7755948578555534
0,-1.007257918487812,-0.738430127294694,-1.700924453656164,-1.4287446109692215,-0.11808371701853887,-1.7690089678568683
2,-0.23945653909644024,0.5249493585525234,-0.005069414806638862,-0.5990649187420461,0.4540331901106492,-0.6159697890475893
2,0.5103491582026967,-1.5598097590856046,-0.601460785707959,0.20580246593865206,0.3482690175633733,0.523789502217626
0,-0.45015843906527314,0.3690218983693038,-0.7426123006294425,-0.37531885588581804,-1.471259915382572,1.8009245378416674
0,-0.9550439932608966,1.0260341527969368,0.7539636665092065,0.7008946203727836,0.6524883751395046,-0.578107118021691
0,-0.6719820882547803,2.274603734389045,0.8790061867471392,0.9227943770573743,1.4328797952883392,0.2113346283113523
1,0.9315690352656026,1.0554254604115894,0.27422269311984643,0.3902155400143509,0.8002371091946799,-0.3913600363826379
2,0.5116199505753417,-0.6253186213408979,0.2171804978811627,-0.2678737586993765,-1.2693763286461661,-0.1309757212339224
2,-2.222268701692928,-0.03495572718056368,-1.3191025565308734,-1.4446328942318303,-1.2923358723061564,-0.7927056976879251
1,-0.9625944345118014,-0.5489754199722732,-0.2548028636438427,0.7117563362821225,-0.5720361316019256,0.11955989563349546
2,0.9292867110284583,-1.4321904306824613,-1.2920802330918086,-0.6835388347725965,0.5642770008833414,-1.2214480147243214
2,0.24183647187462057,-1.8563534157441797,-1.270438208081224,-1.3979043556045272,-1.21548082816355,-2.0931025212325127
0,1.0343034305356462,2.102709151368679,1.6634910296569507,1.3899550681135495,2.3823574776513974,0.5636170927391072
1,-0.8569930812336185,0.6071405331982482,-0.918919787300369,-0.7351970209988097,0.38480097021508736,-0.7916282812360528
1,0.9535675549138194,-0.4940962682561983,-0.061166869927891644,0.4009646562135031,0.6379525512609497,-0.8316829754083548
2,-0.23755172043733175,0.1194871489249395,0.32243374270743524,0.8712209151469424,0.24629766795619462,0.9979737584877024
2,-0.5332645828871848,-0.777470312456663,0.39316621058120893,0.9329561859648487,-0.15944902873564365,0.4614663566940386
2,0.8153118713751202,-1.4196133174965833,-0.8279795640323429,-0.5566602188967275,-0.8101746619142821,-0.707763278191335
0,0.934125799510341,0.33457110305144605,1.123864491161351,1.669586304447103,0.8944063499512029,0.2584812176415822
2,0.546149681772977,-2.292734581178225,-1.7412353565302232,-0.9840021384049711,-1.6435256361784152,-0.10836743460003116
2,-0.62869911324042,-0.5056756474755142,-0.3612263482764516,-0.7277315902693381,-1.5490654193289484,-0.7657783476003355
1,-1.102295396905415,-1.7400854955199843,-1.5166384187642918,-1.012998478842967,-0.7816897253230033,-0.8133049713167837
2,0.48655064814120785,-1.8857043899712607,-0.66159232952302,-0.8832395633481146,-2.2886364199398805,-1.0273041571688701
1,0.7189744377377276,-1.4669838774482378,-0.24799660183973649,0.26729855267312247,-0.642917229748523,-0.24776225734137428
0,1.2076934830997414,-0.6675851330420811,0.2554171717811502,0.8593718404532318,-0.6272038450079451,0.055950689285534004
2,-0.12696756598981065,-1.0156760525898496,-0.11080652076402682,-0.27917189813781523,-1.3230807821766626,1.0616628173796847
2,0.8508151206210639,-0.37730746772142565,-0.5808232592324338,-1.3227763162045318,-0.8039285336373002,-1.2734159940959064
0,-0.2493685934668815,0.6459847465038491,-0.24399353444187388,0.4760199619078254,1.5172249164781353,1.1494000934074626
0,-0.8946963246252921,1.285292761779068,0.017824027864315795,0.1727011768778582,1.1400353377936052,1.5088675218582819
1,0.7433546569087504,-0.16628131539372723,-0.2333119534542532,-1.0437572362487906,0.520683036704272,-0.8721289509888845
1,0.07416824279704805,0.3909112900512958,0.6062492999843699,1.3020164009232127,0.8500180909592195,0.6551470227654057
1,-1.039593927837141,0.12147385891666253,-0.4924826540896833,-0.21296181968567396,-0.31382514688155094,0.597455592922081
1,-0.26946135012287087,0.8637767366021563,0.7394859568631942,0.2625909021824186,0.14794920656982133,1.3345604980525874
0,-0.002358950712442755,-0.522051202401825,0.2923411963765762,0.047615394961538646,-0.21606730443980526,0.516157019901146
1,-1.8063431919041688,-0.08407385245177018,-1.5297537566404849,-0.5975898138946103,0.5196897824827731,-0.2332929623813245
1,0.5219029826158723,-1.4231271371894691,-0.6649844728906341,-0.47839984171046696,-0.6892695227173417,-0.2756079376662491
0,-0.46438905244046663,0.9742830840948614,-0.14391646837285563,0.017906172574178952,1.5701642399025457,-0.1937363093415285
0,0.0048228671259299425,0.21883662355125033,-0.46388453567784665,-1.182055040163714,0.19556179690857511,-0.9801523879818191
1,0.00713715107257497,-1.5172032211684647,-0.9346425705502632,0.48862981872914774,-0.8348926666214852,1.1182366466011302
0,-0.2167659741728988,1.2719296050739382,0.5136801063420784,0.1970942052109384,0.705035648998331,0.9700042268749819
2,0.5675760340396853,-1.351276647476502,-1.091391843034317,-0.4308610547727315,-0.6268551167561752,0.20779341533657342
0,-1.3016394850472022,0.2055142722090129,-1.1423051314960275,-2.4184120770993696,-1.0944041201283587,-1.4300068602815712
2,0.5102470699289845,-0.02946979951009714,0.35960195124365335,0.5676974836410192,0.30993348298689455,0.7184655256351961
1,-1.106797770977924,-0.41977256196337964,-1.6460553357024301,-1.746791417171313,-0.869117880297012,-1.7231330651560044
0,-1.9680485898152527,-0.6545216207240605,-1.298598270271873,-1.7005502651525821,0.20263566156061655,-0.3239585518237757
1,-0.9392291247817087,1.033013640020394,-0.6650108917236864,-1.7713030878644354,-0.02319027316876627,-1.9549063172765033
1,0.5497704267170485,0.7570137941283385,0.16354415365946004,-0.8053919428228902,-0.21079929154426558,-0.8216396842533267
2,-0.8608933729334638,0.8573923141306388,0.8169777498173602,0.8440246113665274,1.9466130705916296,-0.4147931716519936
2,0.1427690735641162,-1.9132857637583354,-1.9564534061576746,-1.5942807318843155,-1.9641703356023268,-0.06702451655994421
1,1.4082297479547643,0.35683922275625174,1.553425613866866,0.7124446710249865,0.2635717941066663,1.7571104396996131
1,-1.1931284956394979,-0.6147611792931001,-0.7592366471417971,-0.4962652912177451,0.26022718185610466,-0.10078668515595691
2,0.6736820644053528,1.6188263541651806,2.065681727151559,0.9069498132451866,1.1882799241901671,0.7072369310309937
2,-0.10921777966582681,-0.4408596968430805,-0.15866124227659,-0.684278417068578,0.7309070196050766,-0.6970625311623214
1,-0.33966786470282734,0.5462301080233423,1.2372166424586584,1.0114336515461142,0.9716244175492111,1.2369688699026764
1,1.5808598212303544,1.31411610385893,1.7668299184337704,2.281556081435294,0.391318220375177,1.2595391592278313
2,0.2551651726480809,1.28881166583212,0.7739605118952227,0.6799299723238095,1.4131467122066081,-0.14484042628797839
1,0.9821831008345551,-1.4892279341099655,-0.05616836837709183,-0.10167043964775262,-1.3235541159417723,1.9637971579263362
1,1.0239131163321322,0.2834621331786352,1.085064720714621,0.639110647254385,0.6722125635739558,0.891614543687689
1,0.39376994462148157,1.4425334303894832,2.0760624017508365,1.8553266366125452,1.7470487866925462,-0.11419573623130491
2,1.781520728542013,1.324021408680575,2.2350315459305494,1.5853767244158135,1.7191758033808515,0.3730304973723569
0,0.0004603511518069656,-0.6370489814829224,0.32128268051886694,0.82190855251706,-0.2682057827237222,0.8903724890851106
0,0.9528918533263285,-0.7371854286871484,0.13143899545078466,0.5588930497943674,-0.36807412160045666,1.2218080627636763
0,0.05529049711864693,2.163655685247876,0.5121600549409788,0.40964297820400825,1.3988594470808318,0.05138606502414321
0,-0.3871276538724338,-0.389617536092322,-0.043719915499275376,0.6577910761284137,-0.42290640734129353,1.532410092545763
2,0.5625908794511175,-1.3469445875150001,-0.7412796656120669,-1.903169546104167,-0.5036880834971956,-0.237395743905058
1,-0.908256140007031,0.20855908314842297,0.1537489715122875,1.2798502096847313,0.46240901039162374,-0.2045097750805214
1,2.209240123199271,1.4957085738765634,1.0845437050500055,-0.004954970327508456,1.3581791360483162,-1.6374351696621023
2,0.866934867550283,1.0135044724500128,1.9620560055828775,0.5422212620693224,0.8237396209385466,-0.6154126417274169
0,-1.1490758486314454,0.8072477571075382,0.15171321886961367,0.04433811157020872,0.9879340411062261,0.6888539630812969
1,-0.6313895689752528,0.6084550181624369,0.2948491573153511,0.9617111145020061,0.8648616598179201,0.39271514498422766
2,0.08791888436786728,1.5520638377687477,1.9441991569491064,0.5346892028809369,0.8487771075878329,1.6673454619851231
1,-0.4975890901469998,1.6003560078641708,0.9232705070432555,0.6903494816081955,1.160726276315267,1.1613037306832903
2,-1.9207106758148247,-0.8622267622241654,-1.3162424553566692,-2.850815537165413,-1.474808562390813,-0.7939034484386048
0,-0.4568674428492089,0.8045821490795103,0.6267241535661164,0.139153234576628,-0.2393913099364677,-1.5659764316898312
2,1.5154655410751015,-0.38850994088574614,0.32141790138168247,-0.08021067014355025,1.176839576195481,-1.1846131658104089
0,0.5359150699051585,-1.0946896106568929,0.17657276759008755,0.766233092504547,-0.596859827054627,1.293020144958775
0,-1.1986744613535594,1.17837120590204,-0.5101428715840599,-0.9296785956936989,0.3454404094737378,-0.565517613225786
2,0.1295940166412662,-0.5914998012890225,-0.20216922908425178,-1.0014873326919211,-0.5732284224506009,-2.7163825243678756
2,1.5374453454028845,-0.37367860997808844,-0.28835338526932197,-1.4493311870245482,-0.544870985214368,-0.45932022576604714
2,-1.2346316427419821,-0.4151348963660479,-1.0646537310429196,-2.136620171398081,-1.766197810595813,-2.292484280630858
2,0.9404191795924578,0.4917686236110302,0.8406904156744162,0.3304540558659944,0.9133040382799574,-0.14030079262900844
1,-1.3750856555692226,0.4755627992029596,-0.1813888379219264,0.019167218551790825,-0.094704849274178,0.825038274812441
0,-0.36078801074723876,1.901481620064328,0.8511254026444327,1.6489650209333213,1.5240846952884028,1.4376414787040481
2,0.5138330004721264,0.020919329529539763,0.46284027998112287,0.025525213854447136,-0.6693272788210359,0.6768204809387635
2,-1.7216217331002643,0.6395093766023372,-0.5427421827755631,-0.19296229839633966,-0.11761687765663954,-0.027741892953256516
2,1.0171236486671382,0.3972140406304816,1.3961758423957806,1.3008302824423572,-0.9853421277250529,1.4216340990298897
2,-0.2265013818259602,0.6914136920522448,0.7459931607119191,0.6312124242638979,1.0591501763296884,-0.2517811285496897
0,-3.160060538838011,1.2679820034784253,-2.1268568493132607,-1.3598297150994012,-0.09672553823638076,-2.429241711883985
2,0.7781737941723037,1.0230181279328419,1.0852529921674834,0.6466198767568351,0.8736423380376485,-0.011481925534090439
2,0.22755988331289562,-2.2265872254283674,-1.6026413870776697,-0.8027172405809574,-1.8882807165065478,0.8574682738123683
1,1.263773288512193,1.102196983234869,1.3710710653785245,0.8121869543418708,-0.021416091451255528,-0.6543575148442536
1,-0.8252728247964108,-0.4003631745578408,-0.5584452878877052,-0.06956216957543983,0.3674084259881435,-2.3069692365511747
1,-0.842608934202818,0.2379504225846919,-0.5592999622308122,-1.9127492856658608,-1.3013950830700884,-1.3636074151682485
2,1.1045080375133733,0.420084316979586,0.8335426873494816,1.2131818778285905,1.3318678068730236,2.3821733116205115
2,1.0676783047706515,0.27264108678236343,1.130573895176741,1.189557199301299,0.5499661342776759,2.292185412511609
0,-0.9677589038426865,0.17520588501616702,0.11816967698750552,1.6480454644859301,-0.2827602186539295,0.07496397329226356
0,-1.8400546836882812,0.5325442781164783,-0.839653618360792,-0.5716683940513468,0.2658646922744666,0.6431400428399706
0,0.31096105637829496,-0.3250761629587257,0.4263318786769308,-0.8713109390739596,-1.2770098922828244,-1.6882662148719114
1,1.5191180948939762,1.1341551676611301,1.448801691958625,1.6031533641708784,1.2618641557040031,0.25511851642950806
0,-1.8740284194186614,0.4499739905772847,-0.4456907410346486,0.6985384819369349,0.37972592065845717,0.44696634826202447
0,-0.9271698036332021,1.612909935373326,-0.13376577438766948,0.37286984786718935,0.864549385319534,1.083198992235105
0,0.6366895150789917,0.6714760658266617,0.19439511281411218,0.3936385438404552,0.3640926575357865,0.26900144213456934
2,0.40548300884388416,0.07618978386525777,1.4536033995208788,1.8032393032303222,1.5751830255400199,0.625953973743983
1,0.7886021193807683,-2.660832673852994,-1.6487839242717008,-1.5592638900676383,-1.6593992322491375,-0.8055171675858894
0,1.0768505851754953,0.793739124875154,0.37377168016328827,0.6310675696724446,1.3432766691984461,-0.26240156233316453
0,0.9490249550646681,-0.9364365104274607,0.2631048446380908,-0.5287826196588534,-1.2216383233999268,-1.1725258027046952
0,0.7540221665463948,-0.9688781944523163,-0.06494485989288623,0.08929954066080759,-1.1050660646216577,-1.0478085997272533
2,1.8827512008253666,0.45109686277549493,1.8747602446393026,1.392678803482734,0.33143796354900706,-0.2332405744379302
1,-0.6298194163632821,-1.762891866026108,-1.3095700340951089,-0.9502897142302801,-1.2844781293757306,-2.4812833489366133
2,-0.6605265124448372,-1.1465286992112356,-2.0654233197184206,-1.4144230516750163,-1.5316687225506054,-0.5871507106928261
1,-0.1989961578355489,0.34466783847872784,0.2551079757277954,0.6387764125960695,1.5039048979946368,0.5617869705675614
0,-2.006195780980756,-0.7534149976809281,-1.5019857664468812,-0.919468710263083,-1.6818668527377172,-2.446838410095271
0,0.7573580590060369,0.5633727920871556,1.146427482154206,0.8542586198609391,1.0403277081084774,0.23019322298251352
1,0.9942740040995875,-2.0899883877181247,0.12719883551951097,0.06372207365874527,-1.0712654756018465,-0.3281249639659601
0,-1.369328550917606,-1.1496000186839446,-1.231616480280987,-0.7150466958767676,-0.8923852280638646,-1.2136618327532585
2,0.7247793730472009,-0.588593813171532,0.14227377237106373,-0.9733866337275966,-0.7621387596225295,-0.19181739635114994
2,1.332748091023528,-1.4194816503843726,-1.2683344034793531,-1.1217326116352149,0.14644654882874414,-1.306079469859454
0,0.8755588997244524,0.9891961360153744,1.76308291587445,1.154171424014203,0.8377438810560065,0.21567087171523663
1,0.20752450792558744,-0.30242437658365906,-0.20923113741448107,-0.4283857276978618,0.3017980701094369,-0.43051032609566436
2,2.284592406424883,0.4352882698252705,1.9858587326194679,1.3512945167739,0.8049496406858421,1.3988271675295796
2,-0.0019828110857557303,0.5979209471440644,0.46210608220007054,0.28804268188016463,0.1863380662894729,-0.4153342720113618
0,0.8522034060152253,-0.6471874753314664,-0.18331173511909443,0.21268338100271042,0.08111793154250102,0.13347724953129392
2,1.9880679335874554,-2.191921131563139,-0.4713406650305205,-0.7085335253150382,-0.5861587718697941,-1.8044331434912149
1,0.669090714598542,2.5699517433775516,1.724768542388836,1.6320247446581377,2.3608133681401355,1.1543613945329345
2,1.5528315948998797,1.066387497250565,2.168498737258598,1.949817902990527,0.8359507465403938,0.8815330964511129
0,-0.2961983399828103,0.5829501535193102,0.7113658781669506,1.208746228450704,1.2360320303312757,1.2725493061440494
1,0.41444411941578235,-0.15555417981258193,-0.0835828886078617,-0.1079502781717326,0.07299252979806094,-0.005847999139921575
2,0.3001534561645925,0.05330319983468208,0.3167130641562932,1.3605908049652642,0.7243090675405093,1.2039089246987864
0,-0.01299615692725454,0.10149634540585627,-0.3594185213880719,-1.0177118172787063,-1.4962664982036626,0.5618722000135618
1,-0.8381747079334514,-0.20326684230385217,-1.4545511729950455,-0.9453476929170848,-0.6402229423688565,-1.071628129521615
1,-0.1732352401951019,-0.25954537696813,0.3408205527601552,-0.7620303230951757,-0.38925138649125013,-2.328859905051364
0,-1.153441754875841,1.3320014456821392,0.03752059734984138,0.008151768978445646,-0.4145378727713151,0.004406502967238611
1,0.7903690698031914,-0.7394983759711856,-0.044786935803214675,0.36261179461451226,0.30574150734087757,0.29787068130369476
2,0.535936979139245,1.562915940217559,1.2647912351054513,0.9979406147877784,1.2869787955048129,1.6443714027114844
2,0.44425986128136813,-0.5130110422592796,0.0685829785420353,-0.501952836669601,-0.2955110871604098,0.27248710050433245
2,-1.2768433368578158,-0.3595328470714022,-1.5381158534635686,-1.955865500316127,-0.09592739332637809,-0.4600368496636635
1,-0.20551909768351143,0.1732124063589729,-0.22213215283668533,1.226631381981682,0.4962002417756707,-0.3267742457914561
2,-0.20441237264700501,1.6309428338146208,0.7634718498949901,0.3329930071865093,0.8173877784775505,0.13710609215644537
2,2.103690274008576,0.22201049988990362,1.6935262311307495,1.0792387163256139,0.5772203614031538,-0.6111671328321625
0,-1.3127325127743092,-0.13457798824506745,-0.3288931560332505,-0.1413338615281735,0.7940723345544348,-0.7649397595724238
2,1.6071303529267087,-0.14792939724047877,0.6646907854264972,-0.4208240592541989,0.0812017481719622,-1.5902121642828688
1,-0.6601868275994704,-0.8981526172919124,-0.751819819295446,-0.5143098448345412,0.3650251932577808,-0.48113246706856583
2,0.7618755364035964,-0.9000648673410743,-0.7500514236551147,0.015593174646996825,-0.6878475431809055,0.566544845748904
1,1.641174399583985,1.3384193473613957,1.0526115502414997,1.472331204654549,1.760524761705407,1.5941991968023512
2,2.4392310213680446,-0.3214357879167043,0.9740167085465917,0.9367482467530305,0.7387687536591555,1.9484705126907182
2,0.024114581113259193,-1.4628266557297926,-1.4409187234407,-0.5369192040940924,-1.3336132005155719,0.258444252179473
0,1.5868470104444077,-0.4015633376295949,0.47717588415046996,0.0036639850327447273,0.08614451931899565,-1.1205022501798312
2,-0.10508241307645617,-0.0858800504596264,-0.039751430092911134,0.03141728025067686,-0.3048592696609629,-0.08400892996551382
2,0.8535778283022402,-0.253363591544358,0.6362940610227895,0.6323251174229689,-0.03314178237148388,-0.9769820556995327
2,0.12760184992287948,0.4362377419134468,0.9236196327936792,0.4769170244952219,-0.39737736603941,-0.20248552204673848
1,0.1564128887468498,1.5300316622516883,1.520667417441839,1.609610952385739,1.6736097956439608,0.9011692825608025
2,-0.7205928930471444,0.901215085987781,1.084031835565069,0.9960074905381882,0.21056539579333727,-0.11328038914756945
1,-0.5819476074517573,-1.9980566676862523,-1.074783868174752,-1.2446631851777306,-1.0627412990043401,-1.4435794869046878
1,0.6658511362276834,-0.49435687472379725,-0.10501632375647879,-0.5145193330418348,-0.3804088229919831,-0.5210741393144169
1,-0.4102011342968675,-1.0179522991962515,0.6808804586843479,0.32491310652108535,-1.004968443187099,-0.6969199662262484
1,-1.0312866987622478,0.2902245411133609,0.39704339943568545,0.22638668199848405,0.059154055227396744,-0.45721247522642816
0,-0.35657934959631227,-1.2123913797067911,-0.6017335967908947,0.3223826361315097,-0.25088128917491503,0.2944638751142514
0,-0.3881462360371019,2.0343702562104733,0.28243209880700326,-0.3935747374186381,0.5398802376007261,-1.183893193194734
1,-0.07971804041757138,0.863735889753862,0.4208764368144099,1.3615861011322596,1.8418229737590799,1.5782181844912717
1,-1.1502731964184538,0.6552416109222903,-0.3730583795769553,-0.24839253966678443,0.9291541968568058,0.38222593122868564
0,-0.15996048354019163,-0.7364817860183418,-0.05768796295414805,0.4364828255426686,-0.7404019004434667,-0.9988155925213298
0,-1.0963388097152045,-0.7774387364605589,-1.3242037475757527,-1.410704461947916,-2.409727800344503,-1.3685720845842062
2,0.45166328987710397,-1.535223484499304,-1.3911166097377106,-1.5059686940957255,-0.9311274445457821,-0.4203133991950497
1,-0.6203616393026004,0.6670274358343702,0.24467484402416984,-0.4924587609930421,0.9649763992209968,-0.9451972265503513
1,-0.7650234418562416,0.927375381557078,0.8177280990165653,-0.5227235672121024,0.24212828615110443,-0.10437396413235113
0,0.30787515521595865,0.5726322023064601,0.8265200640495655,1.2813868319131902,0.7179272960666642,-0.4547319906465752
0,-1.658068492434746,-0.00891658272842966,-0.7597531037108494,0.004755249462135543,0.9614366548658604,0.12253392793192618
2,0.2003932241289739,-0.4532371808372432,0.3963751914806975,0.5506172458526508,0.33695773021971953,2.0308274353357123
0,0.7334146569200896,0.23057638691512825,1.0522245657385132,0.11177160447379507,0.6872738318302987,-0.20308984613596442
1,0.9011207372466683,0.20224782331338173,1.4430279667819197,1.540946364293863,1.1963630905653424,2.0951445269108087
1,0.14034347508731107,-1.7373871442970463,-0.6783574575000894,-0.12476156092576787,-1.1795148548187546,1.066832939983872
0,-0.04892929844469219,0.21477754021416626,0.19860061572137272,0.06383239531707545,-0.46349328814014085,-0.4399470317124218
1,0.461474210239575,-0.8031717987045863,-0.18727751369613901,-1.35899816656505,-1.2621932752985432,-2.559615616647071
2,0.7831385496304347,-0.49600345416699354,0.1932275698603966,-0.24983367804805104,-0.42135100575003875,1.0163339252192685
0,-0.03281499554162219,1.3956135245497074,0.5711087852432805,0.7340207618614453,0.2757104277195312,2.04342131935022
0,-0.5651649466255426,0.7829311783869818,0.08400988324933675,-0.31241505766976224,-0.5866021645189088,-0.3498905573357967
2,0.8074469043577448,-2.0306204423682988,-0.897657725910946,-1.6617551111507434,-2.612312121862045,-0.2842292848125861
0,-1.6909527354805267,1.2252693012546876,-0.12318614488415355,-0.7355241056597938,0.6176434473380383,-0.1889146514911631
2,-1.031251035224837,-1.8613326656673421,-0.7015816465712108,-0.5200197475287592,-1.8469063265751162,0.5786040393805149
2,0.22017869318505182,-2.6647134479015073,-1.6648058011210318,-0.48847632541748953,-0.9727176399065347,-0.08066632259430541
0,-0.840932204437476,-0.1809159802496028,-0.4703946943272405,-0.7101699775529009,0.13254712297822974,-0.2956804187071147
1,-0.2357072167153791,-0.34582424217760865,-0.43907001948185664,0.32515120114727286,0.8738710392149447,-0.6757591569917971
1,0.1284454870164951,-0.34267385622709196,0.020566923365946975,0.32916369895052733,0.6207058953628176,-0.6244355039866302
1,-0.6306645199337326,2.2866492280780606,0.28651416446248607,0.0711370430209761,1.53598758092346,0.5771164270752287
1,0.6387626070255474,-0.8423940472979096,0.47545451603302036,1.5214231532158824,-0.5844765872625689,1.3874743949697133
2,-0.17309586378766614,0.27880504371187903,0.37302732633580543,0.2285610513707971,-0.04327398295367846,0.3532411802263318
1,-0.33375143724184636,-1.7233943333809136,-1.241617499100074,-1.0969830190835343,-2.685167971561189,-0.4705151151294411
2,0.2776048045871968,0.3656829072694168,-0.2905817160717209,0.32441634389255025,1.0663446840637985,-1.4372716327909305
2,-0.12761569555563004,-0.5800066456215816,0.7674647165863635,1.7336767694485522,0.37537616214227243,-0.38641149268046787
1,-0.7070611966094039,0.954571023660254,1.1246720499356673,0.42463639929107305,0.7508570062249977,1.7951008793123757
1,0.5851403779236299,1.2074304758848604,0.46206994710940974,-0.013367456973007449,0.6043321197179653,1.3189882223008382
2,1.9432373626853234,-0.3538906492031995,1.1452545887612477,1.0609462647641628,0.5375550740439275,0.94636730197473
1,-0.12740344856552313,1.2254808259756702,1.976327054267484,1.233457786765629,1.7030397461202462,-0.14622381385723485
2,0.13420978776987877,-0.041303400561415966,-0.8473944507218923,-0.9997295365280585,-0.33608316335287786,-0.37344306417457995
2,0.8855824963465633,-0.014277534402263864,0.13457477361077969,1.2112856156635012,0.5706008135163004,2.1830823775029766
0,-1.2647292161297343,0.22962043751553074,-1.4745100007343377,-1.4314532105472193,-0.6041017647818614,-0.3562438293101224
0,-1.7791388950277258,-0.05740657878151489,-1.1081601191060797,-1.3427039121096263,-0.28143759388732675,-2.174051012243946
2,0.971312304638719,-0.6096291634036963,-0.6793207180918308,-0.2790548037302898,-0.21606017559453292,-1.0213951606221288
1,-0.21706490865721262,0.4320180443565826,0.9916052055668328,1.2098646500680095,1.3569061461160636,1.5836960079133384
0,-1.7109899193766984,-0.1880954974327378,-0.6868382569968793,-0.4329376774738438,-0.2510481127339692,-0.6245890262047831
1,-0.6024375561082994,-0.14085465173454678,-0.454849186732333,0.6750257053914009,1.1276089758842764,0.4243151302908514
2,1.581685907965186,0.009803542892450364,1.4005534145806673,0.730760188519221,0.9170025131488561,0.2648953209533634
2,-0.37713554903673874,-0.12812326726522322,0.2819560475049467,0.6621470281862882,0.2670672218081278,-0.4785031985455903
0,-0.9258758845528536,0.7755962457509336,-0.5512623521609477,-0.5478544645375818,-1.062455157196789,0.5116179693061567
2,2.146168283127211,-0.8119604100962475,0.36424950887936314,0.3754948084748443,0.7210664483747299,-0.4045686314074714
1,0.9680282726470172,0.09180979473786605,0.18605435973081882,-0.1407297816759166,-0.1332609106946611,-0.7070433987212422
2,0.9178229101233721,-0.6360550175168573,-0.2806769727084296,-0.6334934307481692,-0.50035711463651,0.15077371223738764
2,1.6623648453997384,-1.0521687279137477,0.6536645538321066,0.28985448663338564,-0.3536676582549964,0.2998000592509454
1,0.08510495766894996,1.1477558429608072,0.3373150886237069,-0.5757868596669207,0.7106896059582068,-0.1921872863603497
0,-0.7092717879672853,0.8351163267432954,0.18278990778911636,-0.5391974454240227,0.39804764947687293,-0.5243049714620398
0,1.082197686555517,1.986494037967149,1.7020116415029514,2.110734558867751,2.071419480239536,1.2765718948926952
0,-0.2368743181821362,-0.027350441252591052,-0.3398676673489221,-0.4808121626715193,-0.16617515016477388,-0.32241193094288856
2,-0.5845577176889553,1.1610362303295654,0.14076361595525516,0.04641123074870703,0.6096765957080994,1.4100260519181933
1,0.6490618294895011,0.8498422185550465,0.07207266470274427,-0.45376302468346724,0.8182238624728775,0.08205925483704313
2,0.6083402172224368,0.14156240796886013,-0.45530686959281397,-0.6537830062864761,-0.8638040361975757,-1.0884335984907303
1,0.04581738187895522,0.31166814849329305,0.708333147515473,2.0824556737658373,1.7584794289723764,1.339833811392309
1,0.2197502385541046,0.4981692479623432,0.6567561421731175,0.1569422606966954,0.33826985320371195,0.2761639633300501
2,0.5534324883699578,-0.3571513727786063,-0.21912177153034684,0.6194095929666483,0.024114352394517292,0.48609978577566393
1,-0.8029662776229786,-2.2990728782927343,-2.0827928895354315,-0.9724590553245748,-2.8753044500815497,-0.8505571495097595
1,-0.6985353838634849,1.6398153546351355,0.8120818281076968,0.21849691560627973,-0.03982055058699031,1.2127195535359527
1,-0.928950573739672,-0.5215574502502299,-0.1582241192146014,0.5718268811691628,0.03257841667867671,0.6043144337742596
0,0.8388279067632572,0.9122797513517688,0.35054331549146994,0.5790047892878228,-0.3825751171103771,-1.3763138014386294
2,1.2615564520607774,0.17257957727553463,0.46284170320473494,0.7689788407958361,1.1213274843746144,1.0149032214272595
1,0.4988413156252532,0.04127039566066072,-0.13643779290377314,0.5913659395827653,0.4623058023731854,0.5797679078419633
2,0.18185749227739506,0.27913017277349184,0.5258395205006263,-0.05376098714265364,-0.20771208114880957,1.1257528414123699
0,-0.6652440725217764,1.0068746934512642,0.07413954708053988,-0.08320115543121842,0.3578052766234677,0.8852778706352007
1,-0.22529862759242636,-1.0955827258451456,-0.25379639074753657,-0.10967633849543873,-0.014220599633848849,-1.000476817224041
0,-0.9407761814353669,-0.8953986659574756,-0.6302577191022578,-0.5103773136979048,-0.5650884798221619,0.7994119265406144
1,-1.1058095327231738,-0.8843862941174074,-0.6684323739037185,-1.1867516466227783,-0.6335527844821158,-0.8103058546499311
2,0.7986932299249944,-0.6067617060404902,-0.04380288545642676,1.6226678421564025,0.11347541127286255,1.48482754639698
2,-0.7492765798508507,-1.2865623981879752,-1.687348031699764,-2.1589209296629064,-2.7057986345547635,-1.4569222200211522
2,0.7972125030906075,0.34951547338051875,-0.003447155796957387,-1.2752401492917385,-0.01973070297361799,1.1037228679664566
0,0.45478188721412927,2.057056811222223,1.2397291344459345,1.1044013252883904,-0.16547948822430297,2.197601352681317
1,-0.19810157886251498,1.5371051923945893,0.6288367621521722,0.5182556610371579,2.2335508598823255,-0.7972100305542292
1,0.09612158904909911,-2.0923159925156303,-0.6582771622179177,0.028692875849948618,-1.5625565438187021,-1.0226815108574303
0,-0.8250045087426306,0.3526065170574915,-1.2477461370387422,-0.9681242812125583,-0.5264327605632575,-0.7375138944756834
2,-1.6995519094165241,-0.8815425141018005,-1.9694881448198978,-1.8718696466441789,-1.6124116852546149,-0.44677757045549804
0,0.2722797719135828,0.7197923141249388,1.291179065622668,0.9853747907918368,-0.029964033223185426,0.6908985594239355
1,-0.6167616785144193,0.5600747364974626,0.41483651647950454,1.030684729102116,1.1563144642622742,-0.17333818152981323
0,-2.1276871603464786,0.3586390498288436,-0.7879911669454795,-0.7212708746967088,-0.4580473530895172,0.0024346323234837137
0,0.04697606780444142,-0.27729904584865495,0.6639181970601798,0.44841171872519436,1.2250784418583975,-0.5332134627302083
1,-1.4784816414448338,-0.06628149714595714,-0.7305490263362147,-1.159950100746204,-0.7259535255420405,-1.0669007408581734
0,0.07170973215995796,0.7514161318310468,-0.08871835045134695,0.4213308898371173,0.5057703502832382,-1.8869353683017154
0,-1.07328137210229,-0.26872616399392435,-0.36144685437850926,-0.7574784060093349,0.09217826087641043,0.5605260912154235
1,0.36400541976522843,-0.2244787924390532,0.7216812139231311,0.17145427074433656,-0.3705222319245062,0.46956459715441473
1,-1.5647663270379242,1.0871609176964534,0.6864615019132616,0.8091530895307842,0.181375144308332,-0.37771455206068444
1,0.197844400564319,0.17941529361549374,0.7586770311166318,0.27456312900708874,0.5951919684637359,1.014477654942243
1,0.1453331129470482,-1.4783314832424899,-1.4248243411155888,-1.8810081679449153,-1.2705233727967575,-1.6057526880411643
1,0.38483362604140525,1.4879918728008388,1.7819851843101493,1.0580108029541642,0.8346384020115526,-0.24313083078313125
0,1.4757120320971318,0.12630054617141787,1.1665967410374039,0.03808479069892174,0.4214009156515323,-0.06993804206355089
1,-1.5025142609158382,0.21365575354671457,-1.433067407242334,-0.7668666818330631,-0.3975753501302597,1.3010814415348644
1,0.1072135724303534,0.7994870081432109,0.6205102816015443,0.27802724622799774,0.4964030917776764,-0.3004636188485704
0,-0.436055844120617,0.4076138239734701,0.44649714311727784,-0.4428436674984468,0.8092971323035486,-0.9480094683178267
2,0.6538756395785511,-0.29765406343695844,0.47997244192826316,0.5978620375615022,1.1458794563916954,0.6941956448743566
2,1.2344365094147762,-0.16864256163393082,0.17512251934140308,0.5339448773443015,0.9455913844870776,0.7790249325007198
1,-1.1875504436168909,0.8563766879101986,0.573349730616237,-0.4870505422661789,0.48834744280988596,1.157897357691597
0,-0.03911210608192421,-0.672341367421276,-0.35438231142806614,-0.0809714103906169,0.1976576182461312,-0.9428119137385087
0,-0.7633726632593634,0.9339154723804406,-0.8468926972485562,0.37326992785651536,1.9104018921577546,-0.12824192457899244
0,-1.281800012429672,1.8643611036199335,-0.6866829217838825,0.40108138916407066,1.2317793939398236,-0.518713929115711
1,0.9101175403538431,-1.0380622189287496,-0.0490317026240992,1.7086684585220522,0.05035033353422292,1.6423972607700006
2,-0.30969074604956087,-0.9150894192933173,-0.09857735278674348,0.13143901097879748,0.8822374612372593,0.6126119506492849
2,0.5412636433498593,0.9440475291634107,1.1735637802565828,1.1977436298523583,0.5093559881919749,0.8215038047420969
0,-1.6332748981080456,1.1397209953460057,0.2613744132292309,-0.8864266916932103,0.8496520150957072,0.6655260965078181
0,-1.429943199374471,-0.22388215793175098,-0.8538385101707853,-1.158368999675564,-0.021331773917968665,-0.9446654719579032
2,-1.3390800932637177,0.2863728902091302,-0.07360117250611997,0.015193453993115289,0.40892777678094483,-0.1433699490109478
2,1.9492105707724963,0.07238570197872715,1.4039451649783907,1.6004233435792221,0.5902328630611491,0.5071498245702053
1,-0.8192309490630254,1.2142588450616958,0.7797610623384363,0.5292194743224533,0.41638833682533616,-1.0863117983903572
0,-1.9015966041085157,0.3828239723142096,-0.49381264402755787,0.46603750428292817,0.457712096227763,-0.9959109954982697
1,-1.060676204418523,0.9642816448696393,0.504441230575356,-0.7351697771915212,-0.13873271676070462,1.2873757663434864
0,-1.4033355691232878,0.8639136085736421,-0.8138293091786145,-0.8508134913189012,-0.5994631598131919,0.9641038326573184
1,-1.3874844599004696,0.3871353827851188,-1.3132696749426944,-0.0003283328867244782,0.2801172209624327,-0.05033866937586206
0,-1.6018587517899996,0.870533652823613,-0.4250575361165874,-1.4493302048064407,0.10456747808712592,-0.23296136258330735
1,-1.0550049686548681,-0.1621192603875792,-0.9905501410199857,-0.5211847091125447,0.9439247128491159,-1.1965060784112687
2,1.6099755167405465,-1.2688726861753885,0.890991296296168,1.2456691945900111,-0.9123773720177641,0.5799315682111037
0,-1.3692782329617963,0.09651008591782581,-0.7810292283064716,0.47728924160164704,-0.378871208742413,-1.7401293787983454
2,-0.49231961562032284,0.022346052423908205,0.42935741329008126,-0.21618181742855327,-0.11390249358712516,0.15703799670440383
0,-0.048255441092755084,2.1535726695007185,1.190116568273099,1.2959657089439223,2.3090881163298236,1.8406775613031368
0,0.4699624009374007,-0.5163914664991371,0.4690391464544538,1.216956531793805,0.01320115175031214,-1.1789115823423457
1,0.6948256710443864,-0.604210033825705,-0.14019443683917318,-1.289116470717072,-0.04895565129923491,-1.1244874551897628
2,-1.0579642872490425,-0.7848013834162,-1.8254304167035378,-1.9962155988498778,-2.0183201938321855,-1.4590085250465188
0,-0.7153598561810529,0.314515333179197,-0.46391922411786163,0.2586009331804274,0.10847495425477272,1.5946272633146883
2,1.2236109472900325,-0.6811787968500661,-0.16604802611574607,0.44357126012449966,0.5183133174540203,-0.48498763332220324
2,1.109638601341009,0.4713840338057591,0.5125642361364523,-0.7488438243404312,0.2750560679998612,-0.24367126508810324
1,-0.18806503780604322,0.46104610879615376,-0.13624489243958138,-0.3900648774806814,-0.8895636534649857,-1.3208077210122322
0,-0.7284568369026944,0.45207926197095516,0.13755497358014532,0.8881031348903774,0.5555447029494249,1.117434371833859
0,-0.0494230443602176,0.7753692563928104,0.05667761962663348,0.024274427072728862,-0.5967142655741987,1.5371406097365845
2,2.410933277512936,-1.161331253848996,0.2273864405176065,0.26755806461233994,-0.646646116783502,-0.7116705212291495
0,-1.30750771584747,0.07854693475696792,0.5447590395002806,-0.02471261630835018,0.24180242019021297,0.6049874054925267
2,-0.8827134087987981,0.6529669886917975,-0.17393824998762322,0.29091217456677093,-0.2783335685784159,0.14606915378223273
1,1.1505969384280914,0.3111528186411747,1.192290324715301,1.4223714696340068,0.3491492946821384,0.4957200075490377
0,0.4256034893435575,0.08712276225468286,-0.10057856861173621,-1.0185536094556409,0.8919118725433897,-0.44339916663241036
2,0.2903231866952844,-0.6102041796307663,-1.5845068341803812,-1.970767706647058,-0.4927879134731067,-0.09382106088088178
0,-1.055068496410037,-0.4081035926946851,-1.5020253205240284,-1.1198930085598884,-1.336639053483438,-1.5997798365870681
0,-0.725895895939595,-0.7701137375295978,-1.3818484067337566,-1.037183414125909,-0.7509542782605929,-0.2981070228086467
1,-0.5510532136725013,-0.4815721922671516,-0.40294430851389557,0.30563451527860264,0.18362003563520335,0.07119732659737531
2,0.770113824802354,-1.186846790463918,-0.8112915429335232,-0.9854574488788609,-1.3692202519514498,-1.3116148961157084
2,1.0516032154505426,-1.6722489846198298,-0.23560188774640162,-0.8552788371384932,-1.5262947516308467,-1.885446732152714
0,-0.9120353315044456,-0.17004080532838908,-1.0417122007758763,-0.5126683467125901,0.026746737713116888,1.4718872591960548
2,0.4313043563419574,-1.4695714667434427,-1.399875984191636,-0.45507045852253697,-0.6846569234353557,-0.3221460875344553
0,-0.8495283467690169,0.6965471890513645,-0.6216731020337087,-0.059187857214618986,-0.7527418312946976,0.7047715355368457
2,-0.8492646528263647,0.19235014577994655,-1.298875829154165,-1.6460422242171557,-0.20533154010597843,-0.4825314965486917
2,-0.5825563536236353,-1.9395673184065592,-2.397783322122808,-1.7022999536486958,-2.2045306360899004,-1.2056415353139724
0,-0.13226628439721005,-0.7659209936731685,-0.5478282066808414,0.3672089610653933,0.05676568738251991,0.4051925185300375
2,0.425673459137898,-1.4121350420767635,0.04343528273162122,0.5345244146645768,0.053418042897786504,0.7477870938333202
1,-0.31920196107516957,-0.04262775086908419,-1.3334275781083593,0.26922346994806157,0.3395184174972316,0.32011688576316094
2,0.05613352672463235,-1.5119744323158437,-1.257564435937218,-0.991273269005683,-0.8411824277852444,-0.6657361411455845
2,1.1665306335896475,0.19312067527087026,0.8856772652813253,1.0819047082158948,0.21261364542293057,0.032092564686277546
1,0.08432295198527727,-1.2171014009409071,-1.329910477241822,-1.753514318591539,-1.6911062698259038,-1.4507631402430134
2,1.0682647236692375,0.3094895424585494,0.7066155478555409,-0.10167290742144981,0.04066367852223783,-0.4808973679267936
0,0.8237574941397213,0.038203473823652793,1.8120452223759944,1.3820291971615,-0.27443463444204325,1.1480427537891118
1,0.6649022131396399,-0.09716517288220333,0.6598774171577219,-0.0656864548824339,0.1421658248597448,0.15025283842085913
1,1.6170416500399192,0.4562539891735748,2.146627726131903,1.582411156221747,0.22135196658523731,1.92116758456352
2,-0.07358671469265421,-0.8968229705138449,-0.5325830974380332,-0.7565253889841752,-0.6804615725401824,-0.9056671470652518
2,1.3751924986887292,-0.323073884088421,0.8283283746107243,0.7980037179399547,1.005249779613823,1.3077825874411315
1,1.7377883633421214,0.3940907299732079,0.9185961239866313,1.790662032066563,0.9578543896871143,1.1913454102846095
0,-1.0601965398592732,-0.41769609872815333,-1.2982862535588788,-1.4173587605609916,-0.14370564668460067,-1.1240158815596446
0,0.21268461532361954,-1.536380815625533,0.2979956034371249,0.5901548571866644,-1.5296597222920503,0.8417889119432171
2,0.5612661551835503,-0.20130947248971215,-0.2152423119738517,0.007850908569590783,-0.11528498738732655,-0.19841973782813488
1,1.1917117199329466,-0.18254822532957313,0.3386666410151092,0.2928582888508707,0.8038915777075395,0.20261359917868407
0,0.5796024669609126,0.3847517177602553,0.7983139489256195,0.7551072462001608,1.3957951412266671,0.004045021096481579
2,0.49758293050364055,1.357092409666919,0.9660435489888451,1.819406442928186,1.9438070294110326,1.8825870451771085
0,-0.8884819074870319,0.6189553535414231,0.1116587421116914,0.1649264042984499,0.7682125740035034,1.2628883863619416
1,-1.6872585602372618,0.2032027894084651,-0.6097075415503864,-1.0403897803448487,-1.0293237541452491,0.18755358282928938
0,-0.1351650147090317,-0.8567659504572511,-0.8717058875780821,-0.4744044240822123,-0.3526599268394224,0.26635599485122335
2,0.3016308746729326,-0.759479071716278,-0.6070633669996435,-0.5712142318831884,-0.15760080247947722,-1.1321972616610116
1,1.062950926824311,-0.32390561974628324,0.3863739054158821,-0.4016061867259901,-0.317006023934993,-0.2799876411991847
0,-1.4252905698626535,0.8831905998275829,-0.29996258312236995,-0.894746209529422,0.1375582922065231,-0.646940665366706
2,-0.688002823687782,0.015911200433154325,-0.22008571460758483,-0.9218479587246942,-0.7058505359701925,-0.31162446392977095
1,1.9176852526740829,1.4324802555908434,1.2989464420346124,-0.27353309745104293,1.4938236309092234,0.7641426138364615
2,0.49390276387451376,-0.6264946020058046,-0.9351814238490578,-1.5696944827453867,-1.4912937382102691,-1.588728781396125
1,-0.6248680213207245,-1.5688277906217623,-0.9518230689379611,-0.7107566532043296,-1.4490824926829942,-0.6390234245431888
2,2.669552350011269,-0.5144074110026321,0.6335537679814087,-0.20776658648537927,0.35475008246507084,0.6536636344133062
2,0.8793790139720687,-1.1813209505770002,-0.45961920168653053,0.24209218509157562,0.06962276673433286,1.2014975566046924
0,-3.0157784841588344,-1.1951309498337652,-2.5954275336080177,-2.203759234898258,-1.3319082438951717,-0.5294540060219518
0,-0.8840934263199676,1.9985652171414197,0.46579524949161305,0.14787191265422917,-0.031523715749367034,0.1425294396407343
1,0.23575793498513622,0.5838989886703279,0.6514876987121819,0.5539275574796304,0.6657796372007769,1.0003241389710535
1,-1.002183055621095,0.1850785118409838,-0.9792202294626392,-0.5610022580481663,0.010583742048364568,-1.4154930138048951
0,-0.7837688485951081,0.4527726732400142,0.07441932425107983,-0.47415407962078254,-0.040468278331524596,1.4328398557822926
1,0.7015917255333006,-0.06167989753217234,0.7678309509079649,1.3617798103598227,1.4221605354365985,1.3860511014433707
0,-0.5485914496077872,-1.3824393156713055,-0.7535320518077543,0.022411312586193718,-1.3475308193475126,0.24015633964688848
0,-0.3483326536488314,0.8793099902420233,0.11938186220067556,0.18553978992043185,0.3019573799459464,-0.14625068126682728
2,-0.08287727401982233,-2.086171459072846,-1.8482356160499596,-0.2051760394170514,-1.6188066239075205,0.5395742944648808
1,-0.7225686109088052,-1.585318537896834,-1.159703762991978,-0.9057492406007893,-1.5739975963112605,0.7582994897569502
2,0.3266066655425118,-1.6104612294139018,-1.2632507725352562,-1.624586713954053,-1.2644147191057349,-0.4445267958244974
1,1.5970145276587888,0.9800111009662508,1.841436713338952,0.6265901153031352,0.5563001585840988,0.38367017598511793
0,-0.9735905720339243,0.8406407137434196,0.19392108788583085,-0.4569874471973567,0.6606110294633526,-1.0948342393120343
0,-2.5124264903219604,-0.4491837984281204,-1.890762412743049,-1.3172198471560232,-0.7694993702443937,-0.9602052862921969
1,-0.42938896842170177,-1.784069468674062,-1.7458774075606829,-2.175937449900609,-1.807260926071623,-0.8017071732968831
0,-1.6451645315859977,1.2531266541412096,-0.27777141189183197,-0.1430756310688773,0.9253958175189312,0.29450648020798675
0,0.8914370853801189,1.145567980094431,0.513272799478994,-0.5827527759193031,0.41503397007313036,0.3046777404305654
1,0.15528379153918623,0.15776544294160147,0.3765173095570153,-0.3111326290744342,-0.1702907028894887,-1.1468924919377497
1,-1.0193762150776429,1.9453413066366787,1.1316971054324014,0.29509247283236273,1.0240612512587144,-0.12813550967191867
1,-0.006083801315295418,0.20844453715165073,0.40420494086360353,0.5595377539821079,0.36319486665199546,0.258262447711599
0,-1.162786825689552,1.5805479471390627,0.6960084165749316,0.8806113531764859,1.4622248656676384,0.8692307194013381
0,-1.7357099810965237,1.725767103550813,-0.15060338346988036,-0.5574601921124518,0.9403674673772926,-1.6798199095969926
0,-1.3188246705755675,0.973387152421563,-0.8623761282185034,-1.0587897043037366,0.20524933121418834,-2.1221637681459056
1,-0.11583591138925328,-1.2236753396867994,-0.40344710033837744,-0.6561739928804314,-1.5559900322159368,-0.4109533479575026
0,0.40176136520652167,0.06597974029127765,-0.22082843546790884,-1.2904878303241472,-0.2934377307033579,-0.8985440384598807
2,-0.7443740631164592,1.1458511543680234,-0.02188190431859044,0.7028580273217594,0.7036610648188723,0.9313904561281469
1,-1.9262241322730915,0.25354435846256146,-1.365702495724525,-1.5840301032591182,-1.0164832635094607,-1.2420665861288638
0,0.7432302460018161,1.1908160474942142,1.2261632323607743,0.9912364992195565,0.4875203546838753,1.1408152862707779
2,-0.006128803924117148,0.1446562654862172,-0.8560892413969154,-0.1853864853394062,-0.12865883235283304,1.131750907136861
2,0.9815348394657946,-0.4359971551355505,0.39462355204772737,0.48510131214731234,-0.1525459368271569,0.8454044780850204
0,0.28977522243511533,0.26397874375225017,0.7990954007789316,1.0782932026149659,0.18819834238888217,-0.04416196243701428
0,-1.034862850253772,0.018068352521339415,-0.4832852098655027,-1.0675133767524334,-1.408159807799152,1.135015266249737
1,-1.3999892339222362,-1.4754782204691965,-1.7114303191571805,-0.9187848094552332,-0.9228981369251611,-0.2716187351427148
0,-0.9938739028176441,1.6412005186091436,1.2164692700768973,1.4995319420784554,1.9839762374485093,2.071678994269416
2,0.9456946361924137,-1.2818601399911826,0.10190746952730666,0.09735776160965144,-1.0570249002940113,0.8572623552229904
2,-0.6945379029953194,-0.21289670924400342,-0.6159608005712119,-0.3508937456246023,-0.38030741694431125,-0.10543641373501629
2,-0.2632022694064468,1.2921986005343473,1.2136638408639504,1.2190404433091664,0.5875195661032062,0.6976792171007685
1,-0.27716137589726386,-0.35821889903942844,-0.7535938942613829,-0.38860899564512336,-1.2371915183570206,-0.2598264973659366
2,-0.7236688415545008,-0.43679902014877836,-1.3066646393075478,-0.9139162965188659,0.6518059059097374,0.5708259486941168
0,0.04012916621209411,-0.31529096285662234,-0.1483463600958686,0.9963878845209213,-0.20843575176927318,-0.3115876359037234
1,0.837463069338553,-0.5141143435371447,0.32312705056684266,0.5603795995174223,-0.1548278313582006,0.7546568180017217
1,0.7482363570108057,-1.0769136546837603,-0.7955868139439354,-0.01988610158346025,0.21612365441564615,0.3037414229652219
1,-0.9214476829153916,-0.9496736212453474,-0.5843728430176782,0.4222697148506287,0.5634598895040608,-0.32858278233528004
1,-0.824620447473287,-2.535846403244075,-2.4987504321847473,-0.9145820101043948,-1.8356219249612094,-0.9914211793765679
0,-1.0862267352277661,-0.5658329444695658,-1.9195151512002817,-1.5103223074554708,-0.9430673349659457,-0.6289952824261568
2,-1.0954085630119765,-0.14821704980179937,-1.8245008900960327,-0.6347036552620471,-0.6507109609575328,0.004350599883036002
1,-0.27630103757357855,-0.8507402062150848,0.10216210032304864,1.243864932372447,0.027860409809798925,2.2102397347969664
2,-0.049375195497130375,-0.6832363053373204,-0.2857783892078259,-0.9865588571939805,-0.31929284261554064,-1.6549105073469343
0,-2.7768563262087667,-0.1224272653910694,-2.0140227372797157,-2.529700049549824,-1.9318184830460257,-0.5549813191496612
2,0.3934579542896718,-1.1266874731952679,-0.8480464078498847,-1.2596735125149652,-0.010871199248166449,-0.059038618310220094
1,0.5596413901982584,-0.11256304611096296,1.0506727256818966,0.7414056440138052,0.260052653901518,-0.635141355527384
1,-0.7572589393957907,-0.2251659495439018,0.4341039724129311,-0.02733842454829078,-0.3471613409201792,-0.5373144143911038
2,0.9084242711713735,-0.8677954049780465,-0.16996268195705658,0.08080555099383588,-0.641610247718039,-0.4019382261074583
2,0.019076062264306113,0.8005926125311421,0.29026813158942427,-0.12972676701905583,0.08831712659468355,-1.1322513632309876
1,-0.12174969035579732,0.2429002273858014,-0.11842084320297974,-0.40248125851396505,0.0714042751353917,-0.9855579341727043
1,0.3013135797212718,-1.097495911474551,-0.021552033746612582,-0.23051913320493772,-0.3884754805305754,-0.24751837121810027
0,-1.0184072949317946,1.8981270949552982,0.8574044355528165,0.6707109559040494,1.0438071232011155,-0.1281343490708807
1,-0.6326463553659898,-0.7696575601768918,-1.607850216532187,-0.3960174001069885,0.15773109898354634,-0.8440829728386241
0,0.4719353248816801,1.8676810767419392,1.3526509270288187,1.3926240251995958,1.1821777319130655,0.6448014069579597
0,0.46858109741928017,0.6676929403910944,1.3225720931305158,0.6449999379616224,-0.14275611701941865,0.9091041767113277
2,1.6082466761736158,0.8926717446456004,1.8350447833308436,2.08529226203764,1.181076649374558,1.1648589135692655
1,1.9272952301327473,1.7575161298218005,2.5488295076721936,1.9612163758926693,1.3227907245160648,-0.12776230508858838
1,-0.9066445824508181,-0.11138498983335662,-0.7602298675966447,0.43984941550378404,0.45746507100972716,-0.40421767999663166
0,0.8290741477391336,-1.9951233961796015,-0.9648319476554243,-0.37761321788296054,-1.604994671507594,0.3011520565452284
2,0.5092818615561059,0.5114047139812349,0.6129120212806505,0.4598983124223642,-0.19990630171099294,0.3060410912089975
0,-0.2663946486335568,-0.46324177440721487,-0.3217522243094113,-1.4672620073287796,-1.4485407448385998,-1.1551649485729452
2,-0.12467116518321973,-0.1440748517820782,-0.6350965997174118,-1.0609790213168226,0.8321549856228687,-1.1192279685969952
0,0.08770975931806499,0.823929366599363,-0.23945254283724618,-0.8315913961200015,0.6288851950871088,0.14313799023964158
2,-1.0072291332443206,-0.056516595663839125,-0.20846281881647874,-0.39764743043685324,-1.182493054909601,-3.275720955066634
1,-0.5322269454266042,1.1943208388115651,1.0688733662087315,-0.011098746901272187,0.5580838886363504,-0.1801261168352355
1,-1.2512229349213364,0.3809630736090156,-0.5568635836431013,-0.22703671599194925,0.5024734377306977,-0.9052403749429119
1,-1.1766595986728445,-0.1595137159444229,-0.904643429658677,-1.1235834845439108,-1.3774114989396842,-1.0405294799137885
2,0.5688354705774276,-0.8284861623812301,-0.6095037106098803,-0.3375056329373537,-0.6010492645948908,-0.14200131057602178
1,1.2542451421047662,-0.712780499964289,0.15999403677554255,0.9814615466316752,-0.357086469997998,-0.03424164242037624
1,0.6024172243034743,0.15173544725144664,0.2131782843948787,0.5049075754609258,1.1612278217960679,1.2120370335118142
0,-2.515931139490299,0.8207485433481937,-0.8231710238393216,-0.17602622403930449,0.08605584101919386,0.46752194119775625
2,-0.643397520662378,-1.4171716995125205,-1.0487847158063532,-1.4664942877212717,-0.8169563399092965,-0.8981201159065323
2,-0.16042529749708256,-0.9001723346016848,-0.7180323411955423,-0.9171014513341119,-0.22419620607228527,-0.4210796382395383
2,-0.008584010822702565,1.0751731302560463,1.151022103987748,1.2672682138432088,1.1203822738595384,1.4204177309927097
0,-0.6408753282967654,1.896730430543361,0.29836949876186203,0.2377978784717286,0.7569514444136504,-0.7238095790263314
0,-0.0869449495772375,0.18329382152388912,-0.4822194752882656,-0.624511104798982,-0.32335723610531497,-0.9970105919479371
1,0.46289963406805257,-1.6325485867939271,-0.6451723545599213,-0.44542749627238026,0.785941521003736,-0.6551361248553943
1,-2.3390762020067495,0.505442299169664,-1.0132707025625243,-1.0271500590955716,-0.8865791663699017,1.110993775059599
2,0.8840074537737107,1.2862857396812655,1.999346090005184,1.5706136191743696,1.8598069365386225,1.5182914007741077
1,-0.6376590974553423,-0.37638516329407395,0.3348067437577475,-0.5673325504041293,-0.7511337605204241,-1.0667048769809684
0,-0.5099725739944059,0.5742374892720213,0.14593226002678772,1.9629510388209936,0.33807996347304203,0.8105088041456249
1,-0.741567472055672,-0.029937850653130614,0.2363944798679625,0.41360308194273665,0.6465890864482469,1.3513943625255669
2,1.894115038809924,0.39760716633185533,0.6463311973699055,0.9204198323169236,0.741299827029048,1.028404839422056
2,1.2241521179018484,-0.5682620113142589,0.8973331883439505,1.3704662943797357,1.1380551602341162,0.2195078278420785
1,-1.0492416105160691,0.6735562393213036,-0.19804587759753436,0.506985115752954,1.1423359239146647,-0.019500675452742224
0,0.23169423285881813,0.3324781700918465,0.17718003586378983,0.5866255001302796,-0.7562274826414188,-0.013986833259540676
2,1.5990739024566343,-0.20041068234631518,0.18119729141997898,0.19214824507043468,-0.45488211210557394,-1.3656749192447626
2,0.725899225144302,-0.6671611250871394,-0.16715732090775734,-0.08582596590708559,-0.3686570896704936,-0.32705623839287723
1,0.17686911570511316,-1.3549223908357104,-1.8958799866694622,-0.3588491649496604,-0.6539175473256674,0.4994837965500966
1,-0.43641573608461154,1.6134692374369144,1.501399328707882,0.9251075927788732,0.5147490977774188,1.294871604847587
1,-0.28249159801084,0.2777105212030608,0.4522039302163183,-0.6842146952305542,-0.8900373504472902,0.8404314894845044
1,-0.40679110661099255,0.39833409850602086,0.2643678729928411,0.2610517204161796,0.5073616755819511,-0.057624810100738
0,1.4104319558584866,0.36269678459135724,0.6569849102175608,-0.04097901930895516,-0.9462349764012471,0.2699310642855231
0,-1.3893181256578344,-0.6225070012404732,-0.3283636609664944,0.41745808235872756,0.021699400662559567,-0.15646760532474407
0,-0.5092157726833401,-0.03830937125888045,-0.18998111280405147,-0.7522612674406882,-0.3218070240552937,-0.19538089461735755
1,-0.05022861380669598,-0.13685169805245878,-0.44559920785645096,0.045978517276628,0.8339357602149032,-0.8656344690638973
2,0.34230215429705996,-1.4343684006557222,-0.3284584612490889,-0.03999381951116907,0.2330922212738439,-0.3441323113386732
0,-1.0873633713768582,-0.2065241107062971,-0.3075993018179296,-0.08528595679002207,0.5048252012243679,-1.6039346142027202
0,-1.6877982585636329,-0.183006139751554,-1.6424084974972373,-0.7273286509581783,-0.7264132841265375,-1.6203838082782545
0,-1.0185938380559652,-1.4688639133107158,-0.9004507337924166,0.1866916115539678,-1.1904695780486854,1.1182883018246923
0,-0.25927570237885333,0.6823046302786165,0.9450919874954892,0.38606910442104625,-0.38215248042792693,-0.31730711322163185
0,-0.785714531019846,0.3275218487516958,-0.9709274227083325,-2.5191586466820985,0.05563489002288579,-1.3330911311041171
2,0.33919225084697224,-0.8951356422528834,-0.5830579223231456,-1.5109867791448786,-0.9510781972747421,-0.9584271957960084
2,0.7901839648054924,0.2525401792606558,0.25183447561809497,0.44978784276600037,0.08905495549245546,-0.2315045875143196
1,1.1163052550272008,0.9255934776457498,1.5629543424475703,1.5148499896415797,0.31594386991265005,2.024511905051808
2,0.4985790312596972,0.08010766796878406,0.08608990703041597,0.05205136492333203,-0.4534364049146635,-0.39733313929798514
2,0.2706921152805403,-0.6238427201727819,-1.0119476789064594,-1.6929174326972831,-0.8681716789078687,-0.20609017023828652
1,-0.515693809191062,-1.4018436555581018,-1.720341924260722,-1.3130575154003978,-1.7014792009577933,-2.6296036136790284
2,0.15356729032158542,-0.8879241134096565,0.5126047890891389,-0.33585188030199603,-0.2926606640420801,0.1939944585405688
2,0.674849749477427,-0.3207068459873683,-0.6938472840191389,-0.6438885682890529,-1.1139529745555106,-0.3061363430601275
2,0.41196609928400696,-0.5601375167075974,-0.4064271230335625,0.4716063832576914,0.17134191428232567,0.7762258189606943
1,0.29078229226164615,-0.019323290808994892,0.3532651759311228,-0.38550274794560685,0.7570962229314891,0.3275329510811949
1,0.6425061709437909,-0.861602685459107,0.19045950293097444,0.8966839756644551,0.1890817536523505,0.6392860399238326
2,-1.3840840919762016,-0.821693873675957,-1.1323498980596645,0.23676921716661214,-1.5826497391762202,-0.6105150863794775
2,0.7601510162409552,0.19554149884647992,0.6004413953750933,-0.1687222961532043,0.3776287583783255,-0.8589474754628631
0,-0.7288540622620822,0.29450608678983115,-0.508539919444129,0.08637927859363859,1.0010044582733664,-0.34200298342517516
0,-0.5820884741117734,1.8334611899509765,1.3030080916236124,0.38922192100560876,0.24767804489798395,1.2321121133687294
1,-0.5368628053855433,-0.609892583849836,-1.0323029462899012,-0.5987140940950336,-1.241178974436574,-0.7409786544134593
2,0.8271440033418009,-0.15524743093137908,0.8473538270016645,0.5933490399400994,1.1742896874543567,0.7712156740552089
1,-0.03795212764725746,2.023576006567598,1.1487955204336304,0.5081703986148446,0.684845901572857,0.13916831531988882
0,-2.0863528235044004,-0.4632501382993636,-2.0497538476622608,-2.3841573990877305,-1.6901057572834721,0.3846725545326803
2,0.8102506108283034,-1.9712804550657428,-1.7703385518000667,-1.0070701346859985,-0.33728761505310845,-1.444146730822272
2,0.7294456466631363,0.8185291825284929,0.9111083352594517,0.6721292383872528,1.6992973971946277,-0.23567018615516852
2,0.9840129087433915,-1.5053559258521652,0.19317217991273655,0.2108535549290506,-0.37221035547056236,-0.2705807100676531
1,-1.0676576125893287,-0.09378267786429612,-0.6076170734588544,-0.025234646019910947,-1.0681636231240814,1.6834983764539455
2,-0.1891256540552779,1.0784236596750096,0.8924853035147318,1.4018665375037396,2.1201931868613584,2.3289239070014767
1,-0.6777172970177661,0.210786689358638,-0.7391556097301745,-0.026110459882782412,-0.7355149988382685,0.008363465706562424
0,-2.020293894031982,1.25095173836002,-0.5503644348431468,0.4925666855988286,0.8644727828274058,1.1566689510858148
0,-1.3818319722235366,-1.1439436432527723,-1.3633659976024972,-1.7903160256607247,-0.9889831490442227,-1.8262131900078187
1,-2.0174913471654343,-0.6677051746017976,-1.64996307680338,-1.5050598852858008,-0.7030985133650073,0.5792622427052541
0,-0.4432523946376939,-0.03192229957401185,-0.1738890416795377,0.24481400715677787,0.7372068186749532,0.5644779363075206
1,-0.28441152589776636,-0.8068724362543291,-1.4886930288004772,-1.6538623987923393,-1.241743125583193,0.023613640449146787
1,0.39450887349934444,0.8274942791812643,0.49629235253128173,1.5492630302244803,1.7365645690887161,1.4387512995463752
1,0.3650014196958633,-0.5226120889847987,0.20980792018260888,0.293209994511413,0.07257941739396691,-0.5253720194659787
1,0.6793139403876327,0.3675762680946135,1.2243667867307537,0.7817137022229084,0.0050299105440387145,-0.8109700259178209
1,0.5510477937581139,0.8698466823827294,1.0254051435410516,-0.4124642063964192,-0.3552187305008398,-0.5316591722647827
1,0.04660176923503737,-0.2027372615571531,-0.16762677289120687,-0.18848821199983248,-1.1006551113713074,0.8415747752214856
1,0.014943952706143664,0.9956939806480438,0.8452993530459767,0.18520259982314144,1.0440688744714792,1.0801576312184717
0,0.718958284510126,0.2578629668715646,0.8861934664371188,-0.2891955671869677,0.6353520110801876,-0.3640657683696755
2,0.6964649596425913,-3.3816320906850175,-3.0884047624981403,-2.574289226495035,-3.5158056742352755,-2.0256863774648743
1,-1.9532911452117834,1.1179508960583773,-0.3463704452941203,-0.835125498163218,-0.3402557640707307,-0.9777125537707834
2,1.433429593074226,-0.4061303796759296,0.4434663313810295,0.7628514517869087,-0.25286682728190674,0.9520689526126801
2,-0.8276719478306505,0.3025096239551038,-0.3943869063568269,-1.6794011885386648,-0.2003991793330756,-2.042323691745688
0,1.2611674996707127,-0.3312152774578791,0.12109491297317307,-0.47499430803983633,-0.2572829155626293,0.08804925463655776
2,-0.45001875694652627,-1.6582827380554528,-1.9040938573942843,-2.238865623447317,-0.7522354771202726,-2.2762632230276214
0,1.6807245143705771,1.5361544087474477,1.3130388364944037,1.338220346841703,2.5950418787341705,-0.6610583621073804
0,-2.3117173563741518,0.08289095687084895,-1.8330125697544182,-1.7322302656502344,-0.5846195597987148,-0.9065795032964038
0,-0.042420391892662654,0.30371393053117146,0.524738861263137,-0.2153296522693818,-0.9343062662216671,-1.1457355253319115
1,-1.0735734827960028,-0.7420901694884131,-1.762828798301569,-1.9897059041059761,-1.660439762706859,-0.9856738695582893
2,0.7284590066004034,-0.7666569823116944,-0.1289042936552426,0.42780157557057347,-0.15950085552655063,0.14226854210656406
0,-0.5796075086670198,1.3672087122743497,0.3565659795240307,0.594748258090936,0.7161582761517606,0.4991786933413316
2,1.0681035747528878,0.5523808814652686,0.7900560062449046,1.3916805371372953,0.6085451350329182,1.6794687637589771
2,-0.22599889372293588,0.08994186518036477,-0.7061534618386444,-1.3079088845147457,-0.10874802380209374,0.3207371797700028
0,-0.27214424528050307,0.11401208762084425,-0.03228041954342527,0.35084358370056684,-0.7339429523703014,-0.7953111990224593
0,0.24030835807461354,0.32262072797980945,0.05145382665719687,-0.902047224103051,-0.583827493095172,-0.3630802845702953
1,0.6344614547653011,-1.843503785135689,-1.0079183399273992,-1.329599101492771,-1.291725704490519,0.880245048408167
0,0.09639436065827248,0.7238545443801845,0.8339536001927871,0.02257480617154316,0.3149970587330662,-0.20893539931390034
2,-0.15862821565868998,-1.4231986408878317,-1.4305234144199495,-0.9156078420332466,-1.4990773754505642,0.3466151172028648
2,0.28203664804009565,-0.14344107882565307,0.13161083346215138,0.09949848758804007,0.41631568943937547,-0.20225568286068243
2,0.043388084997939586,1.2298412552124947,0.6368361793586126,0.8806680860438056,1.1183486168847958,-0.583234499251261
2,0.6317207135174474,-0.9783874788089189,-0.17118748773142647,-0.6934609255006111,-1.8451792598697951,1.6778038695904007
2,0.8713372295338115,-1.2436563500471283,-0.44246576772003665,-0.2093684430013228,-0.2698673575793989,0.023097919239801073
1,0.7359079030708672,0.29496101289889876,0.11500869682699817,-0.8171494956040102,-0.5154098560137604,-1.3755735290232671
2,0.293902089731768,-0.47265686848095,-0.31269510832142766,0.3445456526346878,-0.8546922085244381,-0.4907744058632387
2,-0.13398697133690632,-2.0068857257543793,-1.5800321713609002,-1.2145240987055677,-0.7517226547607486,-0.3520308302594042
0,-0.5517097498005699,0.7175231300404368,-0.32324057067599077,-0.14029532489833604,-0.23268043722398912,0.7083661027722352
2,0.250214327014575,-0.7405433818542639,-0.37580989357102706,0.6579702106325643,-0.9045346731260006,0.2347322259911384
2,2.2268266927472675,-0.4868723913491361,1.0073222016603178,0.42058325027385524,0.16093833187947124,-0.1764318062886879
0,-1.788916352344487,0.9625065145885123,-0.7128812631769799,-1.4131182500035868,0.013870747035528971,-1.340432792563844
0,-0.6647846548709833,-0.8092604741671167,-0.27547897222072376,0.1449344769856126,-1.5719205717051192,-0.9331820843912718
0,-1.6737903421325608,0.011888935757613626,-1.2856105358619598,-1.0848117539684643,-0.7751669191179582,0.32732317756053975
0,-0.6297200364084495,-0.8054782903432295,-0.6031302873783949,-1.0139828428775253,-1.3028241931052147,-1.0908377635834476
2,-0.8260788843250004,1.0288337498971456,0.7687888896078985,0.9078394979225866,1.8269433618406554,0.1793400343905362
0,-1.9494242223459028,-0.07045535359355241,-0.9112046353962407,-1.199584973165187,-0.6695649002553462,-1.6867944506490642
1,-2.35974126924479,0.22019372858384487,-1.6935583205116036,-0.04764081249300099,0.6770626658353036,1.6528701900811102
0,-1.8586858967543012,1.927868342110561,-0.5084698343048975,-0.20194913173066542,0.027479643840354704,-0.008492736233048666
0,1.5639313918986355,-0.17295608427235235,0.7104677130665707,1.3398760792134121,0.28339493506681607,1.5781582172846653
2,-1.4997643388380177,-1.5341395129566775,-2.250159446226656,-1.357275729124808,-1.7551555322665409,-0.8444102787306988
0,0.6231669686845821,-1.1361512992421434,-0.4663626090192672,-0.6018817009967524,-0.4802138725331615,-0.39836003140413334
0,-1.3076458318249442,0.4451712403382059,0.03594855086842202,0.21587517359643343,0.2768422943987216,-0.24818944337687598
2,0.2660901342854795,-0.7041457582951925,0.09441471353253462,-0.10893274412749501,0.048441448962048966,-0.9522626543274583
0,-0.5408883261786033,1.9569190776511494,0.7359503135725477,0.4537616063336531,1.4829134860934319,-0.4773360987888374
1,0.3500238958359958,-0.5771446319039732,-0.20273628087183101,-0.25146766195419423,-0.28855026601020084,0.2732632080912834
2,1.410893705545948,-1.3058078109948044,-1.266809219449707,-1.036979712838203,-0.5554398971997883,0.17902554907776397
2,0.2649913729297158,0.43334615394513915,0.5214973662923988,0.8922897826470255,0.9092427326894498,1.6475533308146495
2,2.3973035682744346,-0.16446452491740218,1.443660685875385,1.4057967732188497,1.7992439820587336,1.6263277038256725
2,0.9452294777377885,-1.2009674808939865,-0.773493046160882,0.3785015886111298,-0.9382504421374407,-1.3503371872256176
2,0.7454059586109032,-1.8791267104068292,-1.2349564017535226,-0.30022402022799466,-1.1871313247349253,-1.0872716825073732
1,-1.5024213684930605,0.5481085437720704,0.45978905927464014,0.7631784759929583,0.9115480191502234,-0.10762956796064277
0,-0.6337303898741667,0.3200885907539547,-0.4984450480255842,0.19514480082418417,-0.1245820800431563,0.4144029093890528
0,-1.1836647109180372,0.3019034696805534,-0.5587773898018918,0.035672310398138236,-0.047099118901714934,-0.6176971047321946
2,0.1865055060095545,-1.132316180235982,-0.8455809053164326,-0.03524454665004006,-0.3628965629502879,-1.0746498510958373
1,0.2293735448493801,0.4702658409488621,1.3464961453337045,1.2445020158224538,1.2620779659394483,-0.5521788032434042
2,1.7357198981859978,-1.25967016891517,0.8177159557629038,0.3472054999921178,-0.9202887629345007,0.903633413663822
1,1.2633771607817852,1.2575904089885537,2.0623112321711856,1.7625583078984892,2.106635534035876,0.7539691762608803
0,-1.9180891355591803,-0.7547607545462636,-1.9654294908772634,-2.5088527428068064,-1.4423566560097165,-2.237591768573904
2,0.1450351259027761,2.1998753865444938,2.768729465371356,1.4945674167031453,1.0119791992854932,1.1618905645407887
2,0.18873764551739905,0.3821230267656949,0.1206960030571021,0.6715890854900037,-0.05228436326580411,1.401017595875654
0,-0.8106445660547897,0.5809921637833835,0.08781303217492896,0.252891761748822,0.9799354994587601,-1.0866516647604287
2,0.4653739173425281,0.45814834809973803,1.2200652216357235,0.6391475715735206,0.5664029585203989,0.0487702567677658
2,-0.5730688905100166,-0.7186513466806282,-0.8819493419187202,-1.3695219767935602,-0.7357760904976179,-0.8067384642398426
2,2.4870487551181553,-0.2800484533039822,1.0128302839834897,0.7226903274866713,-0.35323789096315333,-2.0428924931672774
2,0.11689741330655097,-1.9164204783100496,-1.5437634046175854,-0.8306435815885285,-1.2551355520518876,-0.1356628095398375
0,-0.6710249807690521,0.09715062263209193,-1.0075799239076813,-1.2553976090779801,0.16798319022530636,-0.053257403843299835
1,0.4245684544806406,0.28141117840117824,1.5333423511463176,0.6276620313393406,0.0642732150990621,1.619063279684764
0,-2.376711940175691,1.1659284317693963,-0.49300730574770735,-0.23175625668310068,0.8104439209970403,-1.1420815211484747
1,-0.5728088049234847,-0.08718191742916236,-0.19602859391249094,0.0317704682124032,-1.3333719695046047,0.7559259766611524
2,0.08703345846435483,0.6074965706525706,-0.6846864996117229,-0.9624466067392753,0.3443480010626868,-1.1827312234407243
0,-1.2886883599839254,0.6925021577490625,-0.06390879355045713,0.5706840265212929,0.6432951703256268,0.504940371959995
0,-2.684429618894568,0.5286227513085063,-1.3454030395431453,-1.3833772259068007,-1.3294050251722271,-0.4154517202114921
2,2.8290328771431517,-0.64921698846824,1.974043418642565,1.4992556877354175,0.7479645979886803,0.41963203360745965
2,1.7832824595613088,0.9718942257570806,0.4230309078358558,0.6280278228443283,0.6013626722156655,0.20514315076901257
0,0.33913568969879015,1.4446478659407787,0.7026948562232369,0.6691336621521367,1.5363470666804913,-2.5416028098261836
0,0.23103162182735032,-0.8162780451687555,0.558238827281289,0.31198006066190664,1.0792577076276555,0.41114633844425486
1,-0.9591092635935471,-0.08361351878215227,-1.0094129334084423,-1.5542051351401378,-0.4443503909698381,-1.4456244508443579
2,0.6603473944513101,-2.82318069693583,-1.6523435626497118,-1.4001208845092896,-3.0262556246726926,-1.3293422263326802
2,-0.045080007155320095,0.052216449421660996,0.5207664710914894,1.0121961151394074,0.7843407178314349,1.5696175339089151
1,0.14239317130537288,0.07168628341632377,0.2295273614645834,0.7605254337138487,0.5279806007466562,-0.628068216294529
1,-1.5395643348808394,-1.0686600260604564,-1.7956324852038799,-2.329153425946877,-1.1747333362916108,-0.8813629542353815
1,-0.4944104732107186,-0.5353684222062698,-0.45495748070574965,-0.00624713980999471,-0.01804115335341758,0.9851338755517964
2,-0.28380203814092053,-1.6516073001545766,-0.8946243629812516,-0.8778613685891683,-1.173277303346002,-1.571705020257069
2,1.2602753394567046,0.08958398185964049,-0.2208656752360182,-0.32452823173779827,-0.1556614630157548,-1.5899440599313517
1,0.9552581805614969,-0.050991614410448936,1.2757362214993335,1.1864769308077971,-0.13986160034658823,0.6024471427561034
1,1.2414227226661536,0.7266034671197669,0.6378160365267816,-0.34120049979087047,0.44571450203191837,-0.8716356370479826
2,1.1219502605163467,-1.5644511978601512,-1.1393820663897611,-1.8149788702104415,-1.7499532167626695,-0.06697201605495937
2,0.2115938401772649,0.5848634195975384,0.44040054862320854,0.5317269686750635,-0.5823694035337809,0.01762263626340062
1,0.3111664103893202,0.9475218744669812,0.892796181270879,0.6836438268684724,1.6569567237025113,1.1096097169306613
0,-0.808023735959035,-0.5482685781862099,-1.3850946265448236,-1.1652872844449447,0.1735460716355299,-1.9158685936197566
1,0.7819339819138762,-0.0945541024750076,1.1875369320568283,0.8255774608792846,0.4631474952218497,0.6033104198611209
1,0.4793888446287554,0.5672468008099056,0.1856162734833201,-0.28371147195493657,0.4862377023142218,-0.318436363969616
1,-0.2144132348012427,-0.10381487676679309,-0.8907521540545118,-1.0180941640998127,-0.07145516226319014,-0.74234166495588
0,-0.20609069660309087,-2.0860303484342704,-1.6362367681768104,-1.1335798714589413,-2.3711107735031227,0.46396085655414826
1,-0.4713311064630323,-0.09821469484808204,-0.5032542896862366,-0.007610805290872143,-0.08676858591266651,-0.12679063481010053
1,0.029852886270547243,0.3695047037251888,1.0771780845305994,0.8638934409455404,0.27134074341750064,1.1317098039653066
0,-0.4543136091245342,-1.1087754331137512,-0.22919456301326618,0.21634168406110243,-0.5214557323737992,-0.3071604409200855
2,0.9319548924404087,0.8199450135211975,1.0890098192950735,1.5337837437169577,1.0780215533124289,1.3722339525564504
0,-2.3223874999355782,-2.742725062740997,-3.1412182350747657,-2.5665015268715106,-3.2557432837085205,-1.686242159856614
2,0.06438378819928946,-0.3897723415321158,-0.6409182171549805,-0.33371164760689404,-1.1673662503308826,-1.42030881395852
0,0.4257329706144689,0.8695393462340897,0.9111079668615903,0.1729746328751307,0.280685826648266,-1.5132883316121948
0,0.38375206409299256,1.0291314411427042,1.5354966036760505,1.6919073950621142,2.0087990252920203,0.9436493553215216
2,1.284299496200627,-1.0680450869018938,0.24601400081272579,-0.575413870769913,-0.7410709010963141,1.2170829657980624
2,1.7795993991375725,0.15183039042238639,0.8309545090813526,0.5153910769999944,0.5555889381826508,0.3627217440966752
1,0.1700326432324637,0.17125268907174657,1.1304476231484788,1.4428647204942864,0.8528273077734086,1.1067501250142182
0,-0.181734011962613,1.065243069780083,0.0940372179270613,-0.7864760187678408,0.041494442879383975,-0.4217540324165823
0,-0.23572911726915885,-1.055189315165858,-0.016196992299245858,1.5189933237175115,0.040691263436497385,1.070257563956148
1,1.3369935279342704,0.44341957975965035,1.6534783055446416,1.5718812164085922,1.0563001912629835,1.645098980555965
2,2.2602183820084707,-0.4258800224771356,0.479190689403699,0.5066609581452932,-0.5141423252516599,1.5178916861820904
2,-0.34959814802305145,-0.39529998019069973,-1.1642588438570398,-0.4682892915769596,0.4027481709417784,-0.49498213534757796
0,-2.1953854473562617,0.8342723414299023,-0.5322332320752475,-0.31686151966909676,0.5574895239921965,-0.6108146917106196
2,2.2379199737854476,-1.1030628102756495,0.5266120742019598,1.0281910225115864,0.24372171434828407,0.23982923668255243
0,-0.157977326008345,0.8453147112507107,0.43584838883457555,1.4859795100030861,0.47802048305286254,0.15488750588216718
1,-1.281820173483595,-1.1487560363840943,-0.8372257163233242,-1.4439471344462014,-0.7027400611153377,-0.5780607553479338
0,-1.5464349204222894,1.355350109138831,0.2303929051718446,0.7680186713280617,0.9735672770209725,-0.10547758695104086
0,0.11277097541609257,0.21922626305481546,0.1760551432116286,-0.050663706212902906,0.4796006753315711,-0.2836348138788304
1,0.1252292722234219,0.3931063627081305,1.1044282437677932,0.5209991190443195,0.37314677583509687,-1.116583982339406
2,1.2916821404815604,-0.23446954507662773,0.44171201080791067,0.3785553192067745,-0.6862298815026464,1.203614696579984
1,-1.108733712459013,0.9654781035057493,-0.022538791735723415,-1.0033383684237334,-1.1103378070038918,0.3632734675538827
1,1.5067093177144857,0.12977870121864166,1.3312234792404698,1.5541888669098878,0.7605246067431748,-1.0155228513075953
1,0.5717122322966964,0.7252782690379805,1.5672244153103032,0.40814972577595315,0.5334351376291278,0.2932208242087019
0,0.5118158235830976,-1.316076699931198,-0.8266577649372974,-2.3788652036279037,-1.336897108519812,-0.7327391993541842
1,1.8013841703176048,0.4627944177925821,1.1978936371462503,0.4904076270803325,1.1243438902774636,0.35643302619066597
2,1.2087397578708683,1.2082320578171932,2.860463929067938,1.6529874334558396,1.686364685857033,0.2777486999792235
1,-0.10889063916605238,0.18687862409025724,0.6728248612579563,0.5245004186033833,-0.02424026183001995,0.6986418507840381
0,0.5283735890430028,0.8651315393344412,0.43281221744374543,-0.02037199637487104,0.6743846912855765,-0.26392706882387557
2,1.2552731088189577,-2.156759588936587,-0.6527424475935945,-0.9036775307081443,-1.2886053935175006,0.3397352180886931
1,-0.6876659158453907,-0.792361737032447,0.25839318918835685,1.6874477313913976,0.5743360981083558,0.45214180606215404
2,-0.6636061206195624,-0.16701050611436494,-0.985679813107066,-0.873813466793932,0.012362511523867926,-0.574896236178773
0,0.13674513484188294,1.2470928673946862,0.5240822355407436,0.18935151520025661,0.8561586356182124,-0.8624043072168622
1,-0.5410952157156264,-1.105539854078378,-0.33392230723370414,-0.039462064123930676,-1.1794410573554521,0.36742108204714774
0,0.17568582774871344,0.25883807165755357,-0.2945219258836621,0.3191282560547346,0.7364166085987526,-0.003385075744558651
0,0.11361558665260096,-0.9613343144598598,-0.5855493159323367,0.14013409551074488,0.0781440747073524,0.8830305422933287
2,-0.033338664553421146,-0.6469267005860533,-0.24694225703244357,-0.3512517084137559,-0.06554856265500089,0.46129055066390234
1,-0.9566081596667464,-0.8155435085119144,-0.9568967187657015,-0.2811055452222218,-0.47906108679403275,0.6025221297103894
0,0.15101067199684,-0.24955068862960544,-1.0134963705241968,-1.0185540478239512,-0.5080319825231984,-0.7275741301042972
1,-0.3729276884147345,-0.13843105912451975,-1.2261056175602731,-1.158902253935149,-0.9682733415848217,0.6309752101290366
1,-0.7346101857228836,-0.5708885173554022,0.12321371380035295,0.16351227159679912,0.55832602884034,-1.2382788536987683
2,-0.25740127702270116,0.5674411653259138,0.8061028535385604,0.159922406835519,-0.31299719555181,0.5645450215525306
0,-0.11960428521921522,1.6251009360894528,-0.4493111551842293,-0.29744814480106446,1.291000422773626,-0.6509867252873853
2,1.2452222065870078,0.1638012983024238,0.9466638019290627,1.5713857612277053,-0.023580320051696982,0.762569126990193
1,0.24295935187600096,-0.48844941816613446,0.2513553039656271,0.11176821646093407,-0.026627890350387037,-1.4126205606983775
1,-1.4308767899409394,1.0581864306412627,-1.0028899690614907,-0.6515985359874069,0.608071107428749,-0.6592182057815323
2,0.21948818256431993,-0.806201443409298,-1.3950780160048206,-0.18558934778130234,-0.4717625926106799,1.351958468708442
0,0.6360205868662326,-0.7798939882973771,0.4640227027328659,1.4200537919084115,0.026940153826869793,1.389781607579369
0,-0.28346631650744547,1.0106593611751387,0.38643300326791985,1.104258818468673,0.9109689003244392,1.058107152026174
1,1.2465109942010593,-0.7934211386106326,-0.11940206243452033,-1.3013604507465784,-0.026214049111964337,-2.7666044346294267
1,1.597420976612015,-1.7583787216781566,-0.3767984169405658,-1.0848293612553175,-0.8828560272929509,-0.4796032035522554
0,-0.9454396810754717,0.6163446387420104,-1.0206145518245366,-0.8056551098307261,-0.29956904651590294,0.14294082772507283
2,-0.1923957726489554,0.8761326965772455,-0.05359626671088092,-0.9212221995504929,1.0237609146509032,-0.613175707358226
2,-0.37561036939700926,0.5953602596158368,0.4348510207874697,0.32844047602509074,-0.3803322842056445,-0.05301819012309274
1,0.6020752598887015,-0.33537098305985297,0.5817662244298255,0.5556203302588923,-1.986802754519637,0.6388835413428008
2,1.167087253849602,-0.9445233520069156,-0.16744358182275149,-0.621458852259497,-0.8433526666101038,-0.8720344330468135
0,-1.920808414549177,1.5465403713222903,-0.3640377048932085,0.10831645727320449,0.6825446427478253,0.8117891742747502
1,1.1969195671330144,0.858917576461565,0.9017418631239335,1.7092126773767058,0.958329080089096,0.996324989370352
2,0.9368722448601005,-0.11425224403545657,0.9225071883809876,1.647270318800893,0.4509930771030955,1.391633223208705
1,0.5985696462715248,-0.6569849280895259,-0.507920038251474,-0.6763055669661564,-0.33684963051811806,1.100181352302491
2,0.24911674164364353,0.7850215361465988,1.435911629562806,0.6821961566865475,1.565547122765095,-0.30352162379346176
1,-1.5606452811628995,0.5099304214101279,-0.5732839830188984,-0.3856700972433197,0.4907123232900039,0.05010682248839631
2,1.0483478996519116,-0.29337560429194315,0.38760417263356256,-0.04368855498081099,0.027613418678084617,0.617557487610049
1,0.7776133427214958,1.3906969867400323,1.5173473319904034,1.6347585479080993,0.878882407452773,0.7787181689641764
0,-0.9152919392692331,0.5823492908308424,-0.4886830633359915,-0.3024731654599604,0.14127729304043848,-0.7393265226055162
0,0.47460131649636267,-1.4994189488611718,-0.18247479478257206,-0.7160623769069523,-1.9358576246988837,-0.43851130146971007
2,-0.015139519725193238,0.47507393067149906,0.4691629385879594,0.9899300687290534,0.30955243837691065,0.4645182802717632
1,-0.7977753320572879,-0.6242219022168888,-0.9799432566233587,-0.3723246091458146,-0.4766343135753792,0.9304541404947874
1,0.5126803232587579,0.45044797835738926,0.6385420239740979,0.004876992409952271,-0.7765852120182887,0.27486426214375814
1,0.826840883355244,-0.6281643878584177,-0.2201045232721485,-0.716120246191441,0.0008453579912472759,-0.8506839895621275
2,0.25214669809417917,-1.43701386239056,-1.599657430673536,-0.4411453257561136,-0.6836366921049947,-0.22576203748845577
1,0.8080951939111097,-0.5697551450220842,0.4588015380443421,-1.0156107618941892,-0.4234908816117509,-1.1104912158793276
1,-0.9551187880243334,-0.3910423137906393,-1.1569562265313211,-0.6488952820365221,0.3793333596100788,-1.0492157561949613
0,-2.270993681853874,0.7576253630173061,-1.8510358129097912,-1.3366295785227456,-0.96786878243153,-2.599307792511084
1,-1.5104247339349364,0.8729208814637477,-0.6814234011881983,-0.4250999530116916,0.04024884589290611,-0.2581199154534795
0,0.752842648684034,1.4641051016096827,0.8120262299866869,-0.002856344332251222,1.074077845271722,-1.6356940778210673
1,0.0020210606159252096,-0.7128158223047101,0.8327650041414021,1.260570114411167,0.5148366417363689,-1.0431029588939815
2,0.25004108293989413,0.5740418678067596,0.7152730054353355,0.4414835255508011,-0.30486637167639474,-0.2638301659662484
0,-0.3250696293422119,0.9220018881925516,0.6757586339764873,0.31955001852457904,1.579649424734114,-1.0061680688923937
2,0.2886741011547364,-0.5599781880255151,-0.39306911005656536,-0.2384140552314902,-0.8664924238594102,-0.35392947940069075
1,0.4361469418563595,0.11331053392595988,0.12640878797895816,-0.6672829824553711,-0.05463940024238181,-0.8889499999787268
2,2.413113256276229,-0.05703717437063396,0.5334804319627608,-0.36820209832955036,0.02141046662593133,0.5073085103563473
0,-0.8855029357154159,1.945779888933118,0.9406421495964084,1.4789739756225242,2.096637599250469,1.6255274294369917
0,1.1670547178052164,-0.027943674774902276,-0.2375164523945223,0.7829060682821382,0.2965791845289164,-0.8879064895736107
2,1.952266935910519,-0.47077178766854727,0.0680058335131156,0.720428474896581,0.14085440809340916,0.5261227780880863
1,-0.8795813412965426,1.1529587162942005,0.027236935698235275,-0.7493348723464007,-0.2701878768785445,-1.6447116406636149
1,0.780763047390132,0.48445812051326503,0.597194635344259,-0.14378136896459084,0.7220054368660975,-0.9796482003847427
2,1.2002259789944647,0.018254244240227896,0.9592725453563907,0.9718788371856915,0.2445895082740075,1.2040139803311274
2,1.155780034382054,-1.1578474315766736,-1.0622009339627172,-0.9456978616965485,-1.0578452338938211,-0.35864229227162364
2,1.0837566707166761,0.8624898745116191,1.3599411308093223,1.2784915593817736,1.0735672034048636,0.6805009839027805
0,0.9070695912728931,0.7091715331828383,1.3022711296136995,-0.023797283605026788,-0.286312069663225,0.028671997723411377
1,0.04064158690561059,1.4409038540208208,0.3729590373391289,0.4380211442571766,1.3323898587792873,0.9073413153265527
0,2.020121289308616,1.2260313794148003,1.476825095632967,1.0754686334072827,1.4632540774987404,0.9184185361917925
0,-0.37954561005764065,-1.3935841257880004,-0.5394503505246177,0.5375533590479586,-1.3838810912326072,-0.4247813689720204
2,0.38991097819406156,0.8792323771832379,0.8635116678513091,0.6677853555915637,-0.2985601709740569,-0.014463132396304318
2,1.5097119630377867,-0.10040056007104593,0.7203128069841418,1.0474012519024871,0.8782566284448811,0.6997180783862882
0,-0.9539807302391032,1.4701658970029465,0.8424173629528101,1.1677224092439327,2.3630417720591583,0.4767041310156692
1,2.099879282687272,1.6068156599196997,2.8043932242162355,1.994437496219764,1.1664330608593956,2.178307133714891
1,-0.6513996897385388,0.185975144824925,0.3552469257128816,0.7683583057754605,0.7205943152454155,-0.7166569227338645
2,-0.0024880428922468057,-0.6619424340562939,0.2119236448105081,-0.0006602219894179874,-0.3727040563332804,0.1159606987379758
1,-1.0665523544734796,0.1372139765786209,0.9740514719820721,1.5894865787864705,0.7465769798922985,0.7556086756927878
2,1.458094126987719,0.9204818863250942,2.232116378373238,2.881182273423471,1.6317135279729453,1.952365827768397
0,-0.6144506206203184,0.6296335763191222,-0.2452132761845238,0.38921564627191324,0.13840967693056874,1.0354583565652364
1,0.501134631050141,-0.08729890235945179,-0.6160281221576606,0.052641063903206206,0.18302777757077318,0.14668877754279688
0,-1.2678053317728006,0.26474834999642316,-1.189271847961492,-0.8408922287568772,-1.2012347782249166,0.056145154947982015
0,-1.1830265174863677,-0.4749586617519214,-0.6209757894818305,0.30747072596198,-1.2534407282451374,0.9513180457120416
2,-0.32766813854083404,0.13393905847253795,0.3395053762638279,-0.4222458319846291,-0.23339354277525148,-0.3600888497922839
2,1.8404396711101234,0.32409147208897277,2.2658190996127248,2.0193936118363447,2.411113989131305,1.1385821458902259
1,1.1449181617147965,-1.2840061071599833,-0.6992770685823366,-0.6932055034427105,-1.5294634639712081,-0.498113081140678
1,0.6985449202596096,1.9494682348417187,1.7170798090620307,2.022374341749518,1.9871660526116726,1.385618145832587
1,0.24190494657490916,-0.4596349579888706,-0.39833602280174646,-1.0565966849104846,-1.1626309049051835,-1.1834040543250337
1,1.0098317318765537,0.2941228129203648,0.6636762372167877,0.12984874759570705,-0.38452366816854905,-0.3185402601462478
0,-0.16768639682445724,1.6470398626335063,0.6420765544055544,1.0152283498851233,1.1270989517091843,-1.6117183126763694
1,1.0273752208581155,-0.4780484747346276,0.7454100838255961,1.4239067295436445,0.22671106635215985,0.7885935688762824
0,-0.5686223120248277,0.1729101667739006,-1.2242837474889685,-1.6560156156061956,-0.000794622689104659,-0.2989168908195455
0,-1.8105709899154976,0.8920172405380932,-1.1201268823767838,-0.3887203690319838,0.26370175284838276,-1.2326700718300738
0,-1.3441684469915733,-0.07630352984623748,-1.2440099401242946,-1.1240154452539899,-0.010342634472883042,-1.338911842698412
0,-0.9232089532544334,-0.6314265303191845,-0.5390285826412168,-0.5856834037726899,-0.7351777942472247,-0.924037807121794
0,0.5232845297182431,0.4823878710553588,1.4848012136014663,1.4838740477987347,0.3203765767049584,-0.21523395588175065
2,0.7575201621967419,-1.2001720628953374,-0.5845665545002104,-1.1698303677865665,-1.327255012447696,-0.32238246241822927
2,1.9583751201930344,-0.7213711627429291,1.4817089093883555,1.6437549291838087,0.9109326445588323,1.164660970673504
1,-0.44159248414087393,1.0776804433463214,1.1493153067048134,0.27880712371160493,0.37714618925076443,0.21683369415645382
0,-0.5461891326582171,0.25001183787888576,-0.352086949736319,-0.7182719808965503,0.585106352543934,-0.5882643089203299
0,-1.4451280766242451,2.2236022306704113,1.835803980954623,2.767175519593605,1.3916344214439473,2.5701638108614935
0,-0.8723668179454902,-0.8829344108959711,0.2026961457422524,0.19103858713758162,-1.1048110808515856,-1.4463085028189386
0,-1.8845230246931859,0.06936322214143364,0.11264265291461091,-1.4728264882811561,-0.6165023472379373,0.4957995195206908
0,0.42528895673224665,0.06711959058504177,0.8134965237014984,0.3035488110902073,0.2836725576414322,-2.005997137198546
0,-0.2588710665114094,1.2069281970025476,0.602700892121653,-0.36397710114900567,0.2664431165888297,-1.6052473575404176
1,0.21951475747027022,1.6895628112478502,0.7867783463224978,-0.4443992395645329,2.4295217756320233,0.08165600965382859
1,1.635841102548924,-1.5192562069153404,0.42860307160395417,1.2583315046344619,-0.38090118006255824,1.210946702795356
1,-0.0764300181040934,-0.3531001311291987,-0.19775579878670185,-0.19816155792867338,-0.09902998349052779,-0.688755940402705
2,0.7999421381145495,-1.0834155463942223,0.10590194436035254,0.928164024974503,-0.5486490495528435,1.2809435930757982
0,-1.1687522031657112,0.0420926215720397,-1.1676317196285022,-0.7363970824684172,-0.017049055751050632,-0.30021486574201334
2,1.8245015235545732,0.9857771201091334,1.331870429860407,1.5422293215736587,2.1303616854564,1.133081087314338
0,-2.380109375208914,-0.19687787213517927,-1.5590811074003512,-1.1346158856019728,-0.1251312031286279,-0.4225974292999853
2,-1.2044748982055589,-0.061838315831739404,-0.36083008549754486,-0.07943720128807961,0.5683202758869385,-0.0842040158064342
1,0.5370225218624278,-0.12223398520204946,0.5371690906021653,-0.6069928981708564,-0.5404693653413788,-0.39314197037078563
0,-1.395757131505937,1.4784420055356968,-0.4121291474095613,-1.229098375084561,-0.23955850836745946,-0.9250869188283971
2,2.055659434089781,-0.6289845287586565,0.058338327496967886,0.3884918635904345,-0.0953386604308469,-0.17871508134012823
2,-0.47864850249266033,0.7036445787372535,0.2193667963436429,-0.8630752504149649,-0.004530200473739076,-0.5524523219985409
0,-0.05130749338227093,-0.8231364221972951,-0.12712379660951828,-0.20025694585567946,-1.2840880396541485,-0.24973981551434768
2,1.4148735456414916,-1.2809581447700926,0.5429959457467627,-0.26889284821447,-1.282418350044346,-0.751905980162234
2,1.644897803773076,0.0806740735594073,0.3477103132908801,0.45309594325524105,-0.3018171904845584,-0.44653003333126945
2,0.8595706988854934,-0.7352909973988286,0.8500631298009653,1.0041783928368802,0.40800393609149166,0.3269796876704386
2,-1.4260196393208442,-0.25235531344259415,-0.6464297218183831,0.260747463547954,0.2171492074197957,0.2650270923416038
2,1.2988006449608438,0.22107748097227875,0.5792528819502395,0.7235065175150098,0.8871285431176299,0.322942383712562
1,-1.2210103695034975,0.21534216143265705,-0.6490607478508194,0.06484838556353376,-0.7073295234993565,0.018903601421838542
0,0.3405113984008797,1.6108281308929278,1.2563684711900815,1.547319792540036,2.4274294368896667,0.17179676433264987
1,0.7124550364170897,2.041211810548152,1.8519409264883753,1.6842201730713156,0.9620502494529779,1.5893663861911933
1,0.4668367454111812,-0.9093387083971589,-0.4802357242789164,0.051486921385468384,-0.35583872972571573,-0.8319151175225141
0,0.12553068660691288,0.7592137394212415,0.38720168220837947,0.486555098007116,1.029939002355353,0.47410953150361507
0,-1.415421168571824,0.1291136225481994,-0.7734375770595033,-1.0512186486020954,-0.4219588104969271,0.0005481034262627371
0,0.703838766888168,-0.3856401856432373,0.7783982843877716,0.3560471222325861,-0.5840153355235203,1.4296102254750367
1,-0.4322332021525917,0.35820744404812777,-0.15771671651260386,-0.9099958968388703,-1.1866114579730955,-1.4710479302791593
1,-0.2316613899532509,1.0462451939240465,0.6635639658869185,0.990974417909311,0.19989327335483772,1.4862622384654942
1,1.0243333180195644,1.33648667721069,0.533860810164535,0.2508026016139058,0.5757634639330113,1.1454339650171663
2,0.568853500514788,-0.32275639922195126,0.5698129803803476,0.7834791054634146,0.3205718887958074,1.8925816284899533
2,-0.5029400466852801,-0.13348631194780117,-0.3835628422015523,-0.1351647638501271,0.08472943320688633,-0.4127684351059379
2,-0.21812714746994455,-0.3432862385674158,-0.04915386248664787,0.17001021858797122,-0.020623310679544954,0.4717205735611984
2,2.2592007639324274,-1.5253139220662557,0.2695066240244269,0.32364232955661343,-1.1632435979529432,0.3651217762724778
0,-0.9931764712866826,0.7260976561852991,1.0795531814803716,-0.5160495251942541,-0.28529737506292674,-0.08018091773631131
0,-0.6432788944298549,0.1569819279183351,0.020905160940260244,-1.419914449885076,0.0667114194243443,-0.02955551954452036
2,0.3298454571420672,-0.5858872207568558,0.007130849356538768,-0.41300956831348307,-1.2233203141871622,0.3763382658162855
1,1.0573793667219267,1.2114070654394837,1.8704223613289013,0.9271906783847523,0.9385214160753288,0.622029059637042
2,0.711069288951327,-0.7212520201761929,0.4634205426738838,0.5475890802810685,-0.5523087459388126,1.1063235026963192
2,0.5358283073262486,-0.8567773679376669,-0.26778410647719075,-1.71110644880495,-0.694249247025925,-2.018150855917469
2,0.39953874786701854,-0.2569989626550383,0.6275881664193375,0.4829820385758051,0.556941630397622,-0.44872265539262574
0,1.1150684940552862,0.9562982711750218,1.6850755850792938,1.014032189478708,0.6842307242898429,-0.33950512297438434
1,1.3717432297435759,0.6091915346838154,1.2866580343934044,1.5209076734350206,1.243373287892125,0.5240208330919075
1,-0.07633154902648913,0.399108186701218,-0.5565754847708385,-0.09757220450677148,1.28203841535028,-0.3521242953513499
2,-0.049478876892605675,-1.4738864742881317,-0.8013283606268755,-0.9197821696621604,-0.6255222682807563,-0.9130652120190245
1,0.017123681057750403,0.03822195657020223,-0.06285948854217238,-0.4700653102383665,0.3978171511823031,0.1395936378818252
2,0.43389656117457337,0.8601138986687856,0.3052296549624014,-0.3253976475816143,-0.38129892041594865,0.83850130953599
0,0.06942033634471836,-0.3226917432837495,-0.045661864780888524,-0.13126584877618044,-0.9157035671998368,-0.35204535689153943
0,0.1743313672023264,1.036855803296284,1.0862492519872564,0.9481850009875835,0.5906364294873636,0.3468289181595536
0,0.6091667876470248,0.9760996537928516,1.186465904361577,1.353081997855526,0.9365521425448537,0.907366839939213
0,-1.761485683260313,0.9121154327150904,-0.34720509325879045,-0.03224633239245479,0.14494157505312716,0.16244306055328211
0,-0.6817731409288981,-0.9473948420217699,-1.3213796101423456,-1.6799774677980983,-1.0422804233620577,-0.27795299374634524
0,-0.6442792321171018,0.12781880380960842,-1.1574432301026205,-1.2640088595771666,-0.062008621667567446,-0.8212593968518384
0,-0.8710179420910324,1.280001059033487,-0.2320071636966678,0.6372920126513982,0.8137664148276005,0.5305395033388911
0,1.0794919220564612,0.14772388926764515,1.481077375449859,0.9152939000867454,-1.0379579746640195,0.49121759818784905
2,0.6824225952402316,-0.504471783460024,0.2747768991177357,0.30944341487933963,0.03181471788773999,0.3909348409094861
1,0.3331740890339987,0.18134202381376938,1.1568202912862393,0.8636805715173801,0.192236810116367,0.24897410026487443
0,-0.18857557567672134,-1.320013593424029,-1.7196706752685231,-1.5963764697123206,-1.7870925325765235,-0.4398663628302826
1,-1.1739106159597348,-0.6026640434060928,-0.6656937485215232,0.07806689779059615,-0.09574718468167977,0.4557614357272982
0,0.7218707166917727,0.7118693340088461,2.3664781664370786,2.739335719997086,1.4699739193956236,2.7302824925608533
0,-0.13822764058313713,0.42767461471264884,-0.18130460996858716,0.05500572437423918,0.8968459910014187,0.7822163640144064
0,0.3768970952077855,0.4019754352795824,1.3495352447433202,0.8208308863981127,-0.42608189738119845,-0.6711145771058491
2,-0.7249500988624541,-1.3138843959503472,-1.0569285386496114,-1.572262264184032,-0.6055197889409836,-0.8973740003993331
0,-0.1605866798748838,-0.3843796623195317,-0.5915223508316713,-1.8113955804938766,0.1726848959464871,0.3341564963913212
0,-0.5025734843981208,1.2299334837706373,-0.006902049557033286,-0.34403957885711844,1.2244516894924664,0.3897068419798562
0,-0.9127716833169233,0.1914235470351041,-0.16304947897355457,-0.5522563410254812,1.0775673862544373,0.11152557036560796
2,2.9737511552122933,0.2158410052462837,1.8293856840628298,1.0472099793815604,0.09211282065004371,-0.038964379136287884
1,0.15173020497757686,-0.8004737813475306,-1.1479898775534878,-0.3517467106517428,0.2081001362145179,0.8166558915254074
1,1.0587276241264103,-0.620862995713544,-0.6317104229945651,0.5763675359123929,0.6336734097006911,0.8131333247673925
2,-1.2810159583209395,0.4789290926251393,-1.0242800633248315,-1.175478632060826,0.0024436156761941307,-0.782204559163544
0,-0.007868422158570698,1.563839777117646,-0.027888406571005043,0.8219824982159907,0.959819051891327,0.22114195209128254
2,0.28176214437201125,-1.3866802808315613,-0.32684939637499977,-0.31863568051314656,-0.5047486556302123,-0.9998584978116419
2,0.15479020209642164,0.05595468729576697,-0.4629447259756512,-0.311642144671914,-1.0488661563677066,-1.1698954691033934
2,1.5666899697739818,-0.707372666109298,0.4663431642595371,-0.048567715481236756,-0.5685908544129984,-0.575775360217612
2,-0.35667108527989433,-1.3897019744872128,-1.0286749031785312,-1.6161143250364658,-1.0150252909075925,-1.3728928792803612
2,0.13559926015797436,-0.5575724773248867,-0.08731636300189081,-0.48191561691013274,-1.257473025832701,1.1531926426380623
2,0.07684201856823537,-2.293351262065338,-0.7344497753165453,-1.3312806242530881,-1.7561136476383485,-1.1984550529966838
2,2.152053104969969,-0.491875909833229,0.7743480437482159,1.3401958822309348,1.0676190814293693,0.8051692295601639
1,1.1328818767329183,1.2634924625243111,1.1819628089444958,1.825881575878351,2.3739546335325477,0.03935286004411962
2,-0.0006532849607154843,-1.3374660025531009,-1.1658515254757562,-0.8538900115846711,0.2636328209139579,1.002507031778983
0,-1.6508867992753335,0.30030455120352967,-0.7045440662557053,0.3514505064986965,0.1727713901059815,-0.7537697041014328
1,1.388099632039777,0.42167812830980284,0.04219147893080341,-1.2366310680010457,-1.2814679893546077,-1.2393491690340885
0,-1.8351171000385498,0.03673920847419884,-1.5737540399611762,-0.46549861572189893,0.13723732617307513,-0.1959544641265838
1,-0.9524686896173656,0.8787892465871631,0.7236023724178742,0.7647993618697609,0.2644078612118873,1.6911333562426631
2,-0.3319918415742888,-0.6347815250541128,-1.455163861095838,-1.4379748844030285,0.15447022857876502,-1.3190076500831736
1,-0.4586992132880028,0.10987375819851002,-0.3932728467568702,-0.686822450908505,-1.3364738442416058,1.2755134875063445
2,0.865581609985986,-0.6658068782602924,0.8424680386548129,0.12335323031885996,0.5928227033684542,0.777564407638854
0,0.5582649110942027,1.6129358010891355,1.3843870437910488,2.0146312379699918,2.7113013941919113,0.47700714348292506
0,-1.0728681645781044,0.7158620216140401,0.1691007078795456,0.7203180946752556,1.3472968800864293,0.7038440903085206
1,-0.2673535234438861,1.5920778220563687,1.398621809938269,1.8665455418594872,1.7948833331745213,0.40900511332341594
1,0.3177312402676204,-2.037919165294012,-0.590471483163171,-0.567998244206058,-1.565960401965665,-0.7997943859655569
2,-1.1927835891683247,-0.4398877952666326,-1.9052285885372078,-1.9436817132459538,-1.7424801999973016,-2.5081840279195657
2,0.9057659107589044,-0.6045811639902886,0.6037650226714901,0.5197049373211446,-0.21722588062391035,0.547176715438916
1,-0.1314519520007564,-0.04968707090408672,-0.094805536127435,-0.6259933617593156,0.1992709014915901,-0.8779488795684509
0,-1.4538512099561787,0.7146610528706774,-0.8636211139511306,-0.8509490400907084,0.8251136875900087,-1.2325103584820076
0,0.5047072394661569,0.9070002935916495,1.0850703551840732,1.1202456378240695,0.7092515509767278,0.20106870769246524
0,-1.252587168383218,0.7087571148658282,-0.9915509941154693,-0.44518408056378905,0.5297903808067331,-0.07283332350493867
1,0.4367591667750939,-0.6126355048000883,0.46670195975564444,0.8694723692022331,0.04025295664999792,0.5314303057648084
0,0.6972038472806803,0.1624351759520421,0.3743647743678963,1.2929013762738046,0.18509345728192048,0.3564009887508212
1,-0.12860449751553327,0.6356442608080691,-0.03161715049338917,-0.1902753148090342,-0.7484801120269745,-0.5145217086639919
1,-1.0910455930143823,0.5940413567045124,0.676498683414014,1.1254393217305534,1.8594157232319324,0.9876484812572699
0,-0.931659200685689,1.1239445223955056,0.2991473914717878,-0.9798471220081689,0.5984484521881523,-0.9769970261060965
1,-0.32189813193192035,1.9392985902433864,1.6927307158597846,1.4514328095237732,2.2528480635062462,0.5813442107396698
0,-1.0570006090684674,2.0259587864647024,0.4038023361412303,0.7852045760569848,1.682651636454551,1.731498528065623
1,0.18999510429872732,-0.7998815329870209,-1.2972390752946217,-0.30953860046776316,-1.4240856408093039,-0.5676786084103111
0,1.33853468601656,0.8994995364486125,1.5182749613194255,2.1466804210284134,1.2717717563285011,1.585565278060615
1,2.80940047008501,0.19117206502500314,2.533928941977907,1.7804466077266612,0.4370369802754701,1.306451010520578
2,0.9903985390356913,-0.31294625298125595,0.2745362829152611,1.1938490668232637,0.27812526850463853,0.7070675623225419
2,0.0906154554135113,-1.7942170308413226,-1.1510623362384467,-1.2225187322454518,-1.6307451734352085,-0.48255142516284594
1,1.1229485797375949,-1.3051639929176226,0.26401936437192547,0.08781077213992824,-0.17586859449976583,0.9543666862911887
1,0.3720260543521196,-1.3662892123476769,-2.0490110683344653,-0.7528459863667415,-1.1273924795153407,0.04176240713512624
0,1.1375487779910578,0.16922080420995933,0.5864356803276448,0.5177577399749945,0.49155691610119484,0.3476251590805462
2,-0.7330093292447756,-1.0171318610824973,-1.0214213016711016,-1.4873264187869761,-1.1712656482655786,-0.48092627682625605
1,0.04114078214850342,-0.06442951891471496,0.8582687077368888,0.8094677581306057,1.6256632825837296,0.4801421884219853
0,0.5489396270823718,1.022292394790064,0.5362419688013562,0.5364026298257107,1.7600652439692266,0.4603356805856316
2,-0.3373405035460895,0.3736822448463136,0.8772510633205781,-0.16584106662547837,-0.4894216218017946,0.4143660727115611
2,0.20649463259037293,1.6113122591811104,0.22428263805991308,0.6334677896634451,1.9098514796467914,-0.12923324177545406
2,0.11342659643427751,2.1474626040068747,2.141658556843108,1.6035725686472573,1.923070905624129,2.2949305154847184
1,1.1633597312216193,0.032472607229242056,-0.4773474711957854,-0.5479380548505517,-0.4702095189112117,-0.10332527291229458
2,-1.0092308449791068,0.06543836441594002,-0.2550448561745744,-0.3308507884664193,-0.7781845704699479,0.6337027524285077
0,0.935031711712847,0.7126053109577263,1.2961647811185795,1.4729388897354658,0.3263506230824018,2.1233472996769542
2,0.23496323974096261,-1.4484870835154564,-1.2167224392099514,-0.7301029753378168,-1.251234355032769,-0.37896558078801923
1,0.5489595296587565,1.4297170478322243,1.1871923270548135,1.397741687322872,1.500826910555543,1.4245511623890565
2,2.3924543878333706,-0.31946756637183893,1.6520913631246525,0.3075174042944884,-0.8546499687461262,-1.246725770458923
1,-0.08514642413817153,2.062025059773132,2.1042910121950102,1.5384279041321862,0.547489097341916,1.7697469715828478
1,0.6871236109184965,1.208623508007358,0.9007116135080893,1.4497403993870652,1.0732750323395264,1.784836324462235
0,-0.665120936977423,-0.09644167815356033,0.7238173677715799,-0.1949545287869136,-0.0036957925137648855,-0.5053156369629285
2,0.4063046498192678,-0.25298692920678145,-0.2726306861918901,-0.9357460644209954,-0.2683414500486135,0.4904419096116517
1,-0.9482466872754722,-0.16950742761339588,-0.8165647672722249,-0.6518947107033664,0.8468588989963944,-0.00128914134278828
0,-0.025197207915105355,1.4945980023287762,-0.09331368258656662,-0.16913308981206554,2.1408545360217452,-0.5854047951820641
0,-0.3388730254538277,-0.004785536303990676,0.5041219699142784,-0.2607487092893106,-0.01659912711412031,0.31562906935384794
1,2.1928834583559933,0.08127006694584608,1.6306435668611712,0.2750786537893887,-0.27714867604666815,1.077172910631784
2,1.0445086843413665,-0.1608271996046497,0.747536231136679,0.22901839297098203,-0.1862654208519137,-0.8695154501473482
0,-2.1244225619293036,-1.1399098352164776,-1.3423272797694155,-1.2308122747944665,0.6115586211557157,0.34031661826280546
0,0.75667613324676,0.7619956619024686,0.6125363043237338,0.12645610649427327,0.268164586545256,0.2608705833821297
1,-0.3277204936807559,0.01807683116767391,-0.21872984713783075,0.108776044868322,-0.020413927485790847,1.7129412644819406
0,-0.4575016385694885,2.008497784221874,0.28446337734195287,0.48723017556346737,0.6481908643581693,1.5715987538917497
0,-1.2895147191057037,0.4468679929821231,-0.21044763701364408,0.14733980417069956,0.8250182713120559,0.3796616789609794
0,-1.8766968546888905,1.531630157061218,-0.18196147277638258,0.46381660741466635,0.8230681233176698,-0.31708078331291695
2,1.3969872366723526,-1.9170582476704527,-1.229752229974579,-1.5507010468234461,-0.4626441457152999,0.2217818022794991
1,-1.7321693757912144,-0.5657616812661276,-1.7163764739564686,-2.1407050206409384,-0.868381802079165,-1.0980698993517175
1,1.370656375313826,1.4389340935761117,2.750282154863115,2.7116934025904884,1.4122830627958125,2.7003404111353415
1,0.5010800538382948,0.7055745963737772,0.6621396636435875,0.9269239485792723,1.4927393327280236,1.038738395396871
0,0.4326463588559323,1.0026083243639554,0.5763115090605785,-0.17591507513490304,0.5521013886041434,-0.29439063558405504
2,-1.893696797282001,0.590505191081697,-0.7986629056384608,-0.10782307330497468,-0.33786989897171144,2.908593339432434
1,-1.3681996524360829,-2.5835458988302564,-2.66411248140582,-3.5824442441303423,-3.759576321409871,-1.7155485410082238
1,0.5409948224747433,0.3393714135897131,0.5050037891790419,0.685295607896593,0.6643745678167546,1.2900644641471968
0,-0.06665971206300868,-0.037395211727195496,0.8894422849031958,1.054548820200593,0.18240008010553788,2.0654347906782577
0,-0.29846840893688015,-1.3723086891129905,-0.4571293239198602,-1.1640653068003308,-1.9170489810720714,1.0156229619948491
0,-0.774278879307807,0.27681224245872604,0.029345226901558472,-0.283926940111875,0.5456922336545623,-1.296805402764038
1,-0.5639268994751002,0.34072942440302034,-0.6702123690488653,-0.4258812272350818,0.06698580325168949,0.07983977519333449
0,0.332467243504677,0.05277397239600228,0.3621889028669547,-0.22783546970500967,-0.1747192601425864,-0.4322816238623198
2,0.11007586376715056,-0.6691717698007993,-0.3218269692674757,0.6661186203133377,0.4871612078376273,1.3253853437009941
1,-1.4875270074116316,1.4984915123766962,0.2884983690193221,-0.6314296915772569,0.44732127924150694,-0.02706252090291921
0,-0.275578582445477,2.292983164790375,0.12476449393696809,-0.19971283443008536,2.912500713661154,-0.6940847324814764
2,0.9758264965298098,-1.8879196486679255,-1.0391727233782564,-1.7924315367514532,-1.1310192192241018,-1.2126228256992715
1,0.21322366995397493,-0.9037404694298369,-0.32064711241930366,-0.21660049903071985,-0.6303720463058905,-0.8887340100568044
2,0.32119644894578014,0.3448095058875638,-0.02515298832036951,-0.4644462753752102,0.22331227505302065,-0.007528692012165341
1,-1.3260847527661357,-0.06536268412987245,-0.9915222717089687,-2.1838392499601413,-1.009318617507353,-0.6120606782146579
2,0.6692143092795866,0.9114346057193088,1.4518766601190494,0.7178416918080477,1.7991073457169364,0.46672966964962215
0,0.010302334848177302,-1.2359211531930279,-0.48565418198054755,-1.3461473035920837,-0.7215492325781955,-1.980901325025216
1,1.1903402709199824,0.8915525551727987,1.3361199966378703,0.46249861381941443,1.1591369590424612,-0.5074065836212417
0,0.8170995441906179,0.7315460913050825,0.5500275480073669,-0.6067455770729987,-0.12977696045037784,-1.2509798693466712
2,-0.20357096848234005,-0.46241289107513517,-0.08304399510846817,0.6153330187254525,-0.12487811773022257,1.0377847564097122
2,-0.030690462422548647,-0.17980922118230713,-0.23819155978901546,0.2572300871786761,-0.06652300681917239,1.0357845970375168
1,0.21474846230972133,1.0694057700321766,1.1464770873445405,1.1073741306781493,0.7533902428716394,-0.05501180004963172
0,-1.125409096475772,1.85600487995234,0.8014874470212133,0.39083738704081156,0.12346615090175551,-1.7440705985942953
0,-1.7045516321759817,1.096402037270313,-0.0071970676891239226,-0.5835919041902102,0.6529351944921977,-0.9269801132998586
1,-0.7902645433307403,-0.3258371317355837,0.49067770940494715,0.8621694196664621,0.04935228730857121,1.3242854074517758
2,-0.07241739711528047,-0.44322525042532984,-0.7103765647203224,0.352994617606625,-0.42762938975913245,1.0436498841032267
0,0.27861840355974904,-1.2664017688746103,0.16157069759613618,-0.018846761786522746,-2.123385313636576,-1.1463770049097746
2,1.233642152509694,0.2253279455218957,1.7214353748495401,2.436579019335706,0.5316404495325847,1.957706373248628
2,0.9112494702556506,-0.8259942887616575,-0.20222804732201424,-0.09098651859350833,-0.23567187824771438,1.0198736184238908
0,0.022594972963359036,-0.6485896397182455,-1.148169262161191,-1.1448992108833844,-0.5213852053178053,-0.13233735988391185
2,0.3674337807724074,-0.8182770775318979,-0.5932191324697302,-0.9842285819854951,-1.3708294377606058,-1.270119469721332
0,-0.19009817159222858,2.3093372474787413,0.9546619491379464,-0.09012101365612116,0.17484477192206707,0.41138762165988824
0,0.8925381832699751,0.23889537492145188,-0.03250893951309406,-0.04256390317037051,-0.38995455949700447,0.3154584906162101
0,0.7026471963044804,0.7227635847409083,0.6759947464476567,0.17787087054005585,0.08059563141029848,2.196121684540402
0,-0.721050103738114,0.39970271237251104,-0.2863821744549054,-0.43143887097324796,0.9961050031090682,-0.9664762488827919
1,-0.6231829524991875,-1.59930836661267,-0.7489888519851615,-0.32255563926528436,-1.5187889029837796,0.09275943067324198
0,-0.9904454912136693,0.7355025415228778,0.07486656480554407,0.7498055643896555,1.335787651120244,-0.3789561524813599
2,1.441546800545587,0.5955189339328565,1.623388540310905,1.0766124402700095,0.46401537407926696,3.429939704908639
0,-0.4953463902029456,1.9565928843004807,0.6758662933249262,0.8018226735588408,0.6703267819134399,1.7708678791663035
1,-0.020183949465731894,-0.691504186384245,0.7960634858267717,0.5242053147205006,-1.3247071693365073,1.4147904851053887
2,0.28225244220178075,0.5777492158878033,1.3605806558347109,0.30776648252046207,-0.6103953517492895,0.17513051484120348
2,-0.05398704289604074,-0.8906263889587943,-0.30544343148304337,-0.9533568163375581,-1.2598463745480912,-1.214370642771776
2,0.9840000685188163,-0.6123208792826187,0.2662573110551629,1.2728509960487246,-0.26115120883552123,-0.911859659070267
2,0.016683215341986236,-0.14591253488458716,-0.8998797156130955,-0.17336522841349242,-0.11356702172607981,0.9512976433931141
1,0.7904142905952491,-0.2272018049880435,0.005317269035862833,-0.1611798087915225,-0.059093422532290725,-0.29430513859625723
0,-1.992488489744195,-0.11754023952022453,-0.7273813799522828,-0.6944725741699147,-0.18694395308479836,-0.8271764158917737
0,0.38565336196690464,-0.5973328951826147,-1.0645822323762486,-1.670793171488976,-1.5096129867417027,-1.7950624522688157
2,0.7140922782994492,-1.8231673069600645,-1.0427046977709604,-1.3739216504708098,-2.074378743253492,-0.5709365172419057
2,-0.040299187272995765,-0.7707962998524633,-0.35979431117969823,-1.400895629953063,-0.848039709358081,-2.5442843853170167
0,0.024196305173918253,-0.17083039779007975,-0.28012867994352764,0.32411842903858085,-0.10888354852147976,0.10132979290486778
2,0.8064772297612524,-0.9402432466248184,0.09517874230539278,-0.21978464043286977,-1.206638881009548,2.118682040730871
2,0.4545942753070042,-1.2567808814343167,0.28941457754086175,0.6989062400875156,-0.9575425556053235,0.8336917712144423
0,0.20709489400865483,0.5121876841845638,0.28143739163785864,-0.266779733845484,0.14729971313249535,1.6553649948965052
1,-1.8372987580959619,-0.41866576552463075,-1.0770391848927485,-0.2720426547861353,-0.11000494470655678,-0.378765261471012
2,1.1633679836151969,-0.9591581342772173,0.005043597429514303,0.1472155109269647,-1.3519607732885617,-0.3456702936475761
2,1.477838020845411,-0.6356068254195907,0.14601296027338667,0.6622330609071202,-1.1309596433160036,-1.364372892968974
2,0.27474886177982405,-0.003823181528493735,0.9677646265789409,0.0032966944076275556,0.7849114211144456,0.43207273863917073
2,1.4053795713106636,-1.5385976688237815,-0.12451996306679157,0.14251294257005798,-0.373034048397879,-0.540835296737089
0,0.44622793268618977,-1.3400628566116592,-1.0657817110619567,-0.6885735921261671,-0.5871462179269037,-0.6804085835568896
2,1.1844450724514735,-0.6054090694123072,-0.08515570693652633,-0.18184256440269914,-0.5196791031791006,-0.9424326409447191
2,0.43674343980373387,-0.29229987952671166,-0.46334593411681646,-1.7828575761406789,0.294061381693756,-0.41655388612147176
1,-0.7608836985775496,-1.4680055674320265,-1.0851144164043256,-1.3190412352842458,-2.478414467494706,-1.0926108620269395
0,-1.7467519111177465,0.2888310419033335,-1.1569196336041756,-0.8122259019197038,-1.7334164262755998,-1.248566469024742
0,-0.5194400965261662,1.0698394765293222,0.603003847587531,0.7670060325982778,1.0563427651129291,0.9056593415934416
0,0.22458601671544406,-0.6905042688786078,-0.73029197830869,-1.4000155227634352,-2.6363286426376145,-0.9305668988631102
1,-1.1720507802143199,-0.48126838677709094,-0.32330532789926025,0.20392688579817297,-0.35319774597113285,1.0472428886911578
2,1.2354474279575691,-0.8367462359185429,-0.028329210938519634,0.2777458403046908,-0.6188988967120402,-0.35874119712835845
2,0.9808251245832008,-0.46468894498335295,-0.18029655436530423,-0.3376222615648108,-0.7908078327088424,0.588796726401529
0,-0.6201229916855739,0.812763119070511,0.20545051292380898,0.527177743028087,0.1465072144040884,0.24835446109331347
2,1.275016850192472,-1.65105703939186,-0.786200966561764,-0.14758231329589927,0.03287167187794277,-0.6678028765490015
2,-0.20510409467838067,-0.05039074881444307,0.6784725131585089,0.18265494669595853,0.16757371005970492,-2.606736354402559e-05
2,0.42281485695735316,-0.43610246116926243,-0.3274302637079407,-0.8063509691106773,-0.41826749801658464,0.15972070086337037
1,-1.0362330595036569,-1.3102189052402626,-0.9001869175520446,-1.1010436854036254,-1.6939627223143927,-0.8892379944318879
0,-0.11251971748303458,-0.001638829302712079,-0.29231432816177083,0.4969630283467562,-0.1413413677318304,-0.4062173359042085
1,-0.00390696442144735,1.2450899681651983,1.4372882382068506,2.2754542056394405,0.8160667301886076,2.121293662698441
0,-0.06900206558741634,-0.057169344464975465,-0.14777168846890976,0.04434684125392937,1.4025868436755917,0.6401169809374044
1,-0.14524573286451947,1.575624915211062,0.9270960975213276,0.871836583184745,1.018463008719494,0.67153672864515
2,-0.18514744907355762,-0.3071713130655735,0.1702874104555196,0.29366091530983723,0.8017448643600964,-0.11453093323185427
0,1.12270962464188,-0.004648294786962384,-0.30690570972023784,0.09454219477294362,-0.33760908377601084,0.0024219254408514275
2,-0.52453441541047,0.781131618162426,-0.10919569308792723,-0.5185905752513091,0.3110425745195707,-0.969062871262033
2,-0.339057461256029,-0.024750621115721617,0.007912027537360878,0.10586505128115424,-0.6049645794764948,-0.42434764397554436
2,-0.10233186460021046,0.35745752993633273,0.06464608491206711,-0.016744978244307276,-0.4795449619334521,-0.1671344510371063
1,-0.011856025267547383,-0.5417372982166504,-0.3782145959302812,0.17066402843423986,-1.027252108695984,0.9519877413518449
2,0.035040855834877795,-0.08949773059557997,-1.3568603749025003,-1.3860291378792144,-0.02945778070180197,-0.4522963354270908
1,1.0080737571369232,1.4269810241146297,1.6764859452543022,2.0822425746842783,2.489480035878939,0.11256754907878246
0,-0.02944034040319372,0.5223618047637478,0.2804273652204938,-0.30005055776867606,-0.6629749857294762,1.0441481415358458
1,0.8985452251466898,0.5689982404956827,0.8120654393523927,-0.13707827542402634,1.3658355544698966,1.3228207594209624
0,0.8379237906239965,-0.22756025623018164,0.5458536907199136,-0.1196023313242441,0.0003241830141168633,-0.06038837257587397
1,-2.3609031548000114,0.6121555081891369,-0.2364764769167332,-0.5282274785176188,0.3697146986318486,-0.1503113154050875
0,-0.11253415321508742,-0.227660432429789,0.20964555731721582,-0.4117177076710506,-1.4538099599821623,-0.03209328604366657
0,0.470261292528932,1.0932278055138802,0.9007005214886243,0.8646250682409541,0.32479203024464565,-0.4311429934591676
0,-0.4027770015443339,1.0395413662011534,-0.5815442031193506,0.32618509367570236,1.2088551762261106,1.7941699821080328
1,1.3402568067708434,-1.2583019741214039,-0.23987313060165572,-1.1677925974699892,-1.6151587080740935,-1.4500153132759541
2,1.1205476858558567,1.5697534036514236,1.7345175268682473,0.9831562150874126,1.6451651431870742,-0.4089853535630414
1,0.8347563783659995,-0.9297065037406984,-0.059296150153117684,0.6234807956008066,0.6883981096513933,-0.035597052770319854
2,0.32105591335319794,0.08396121578434584,0.20957265450687282,0.2388233252526784,-0.2511044626661567,-1.198150423165675
1,-0.8097039365313636,0.7871586925926729,0.4205335377691789,0.4631592137871863,0.9205393065549127,-0.21269352832515448
0,-0.9968396319887322,-0.7139363155707441,-0.32763154233269504,-1.2249113329511836,-0.21781323293861718,-0.5610499492662913
0,0.2808484688445994,-1.2301118063950403,-0.6699103604183289,0.6745379820461738,-0.34177149609483654,0.15327973362815325
2,-0.5992056036277124,0.7923068405995909,0.3128539282771529,0.034440952035298955,0.13748203177821883,1.7100643831354747
2,-1.421418554029387,-0.4462191168241824,-1.0537545555086725,-0.9210456823871968,0.3269367085217405,-0.7719303657092198
0,0.8933622483666603,1.9363782029053789,1.7423268731691894,1.2757812844957148,2.00830470738588,0.20064486323877465
1,-2.724185024132474,-0.5573426420858355,-2.1632777612416336,-1.3759069852189736,-0.15353722561643263,-1.1872521896167372
0,-0.6661313641736847,0.967561192217305,0.4565438588969163,0.6644133556890005,-0.37362808410740694,-0.7634314950355523
0,0.06674753642902903,0.9363042878947395,-0.0430163497265344,0.30758509696999015,1.0839857278000156,-0.1839325060773563
0,-1.9991257088771641,0.5842292582191383,-0.5344929141553084,0.25949328159577556,0.9874940739594121,0.16892944693444276
2,-2.049338681979431,-0.5396896718952233,-2.207547227519253,-1.5604030530685695,-1.716546876762357,-2.0512868219564844
1,-1.9492513335959618,1.5674157926638503,-0.28688640592225295,-0.6506467055403997,0.030767481424130563,-0.13440403304534312
0,-0.1937072839565475,-0.4380103851157037,0.002406082622887949,-0.03276931834384894,0.14522512186013775,0.49401644748913637
1,1.6370644899104807,0.018747526823333877,0.6862813021762794,1.0626406110125457,1.0302413974618168,1.4121915678215995
2,1.5826616066299828,0.813428863116399,0.9706042824953222,0.4721828505760002,-0.31762537529637463,1.9315731368002225
1,1.1384400204654739,1.0207268049248222,2.388944225916605,1.2714842006486706,1.7486654926759762,1.233600407550623
0,-0.4359101012714423,1.3748561462909208,1.307221572857228,0.5373120850564338,1.8884424899017063,0.5722702032646108
0,-1.1157637579778106,-0.31551721128544924,-0.9097352278527298,-0.8545258910833202,-0.5625280412679425,0.4156147852300282
2,-0.575795047678101,-1.8654077721968363,-1.4225465534404889,-1.4000544539107915,-1.069387765826311,-1.2710028140359677
0,-0.30173938382357024,0.8182589974918656,-0.8083017880278622,0.1891924701712804,0.9984243921270773,0.5762331978919619
2,0.6846111979760493,-1.922384052323232,-0.7359753008689548,0.6090206087415054,0.12568610213361048,2.184829741992126
0,-1.855291059623484,0.593214121967864,-0.9207511052943734,-1.5518688277224322,0.10422242037881557,-0.3285903414808506
0,-1.5148722701546191,0.7915034551575982,-0.9372846188537934,-1.7757079171539953,-0.8496335303955243,-0.6850232189048272
0,-2.100100085092668,0.43172224423338085,-1.1128673228740737,-1.2289132120670014,-0.8753808034103482,-1.0542960504491576
1,-1.062078575866375,0.694304135150031,-0.22677112344754316,0.24454737289697592,0.6203012110159991,-0.14274825977214714
1,0.17037906655196863,-1.3696305964924347,-0.26513990961515393,-0.25764368371960333,-1.3179951140338968,0.23672709800927136
1,-0.5832653514967328,0.30933862895740105,-0.1501765300488008,0.5160114037195467,0.6200566359864425,0.74299654933965
0,-2.1390753011279235,1.3870650866525056,-0.08653965190318835,-0.20683788177078408,-0.04322258742594267,0.0861199159202203
2,0.373442094719669,0.2002747798144577,0.44152195778906167,1.0503375624043876,0.1468970140930852,0.743210146650119
2,0.843300382620419,-0.5901456747913425,-0.6774529806473509,-0.002747883858503574,0.15036466582314312,0.28686140104697666
0,-0.5457175699847788,-1.0526397785526571,-0.29306562506185957,-0.1994920392660192,-1.2093755155770884,0.9030184557209379
2,1.8109270629692809,-0.3538286120556251,-0.124470857940662,-0.294262206919184,0.6832344906519011,-1.1703295055209746
2,0.4477592727142717,0.2947167618335368,0.8472499374738452,0.15176686824651184,1.361339265762597,0.3371390577407616
1,0.4699854840926843,-1.191511031446355,0.6487243117577782,-0.1642872696621037,0.7703128549618972,0.15266270151979563
1,-0.3225416292754183,1.1457113335912996,0.5158975891995968,0.08597565302437182,0.31936728090900757,0.7039418982499361
2,1.3914041742095136,1.8513250728226258,1.9474962404047136,1.6791652209957943,1.4960787325669171,0.3393274337664744
2,0.45204515854392535,-0.6759739953092254,-0.5963612601057804,-1.2149393040797993,0.3999002484892328,-1.2013836962657314
1,-1.12994595291269,-0.751111817768142,-1.0170856951838803,-0.013606932380332394,-0.8227621991941881,1.9664516792522753
1,0.6524492403722171,-0.18903201750990148,0.3277354948091984,0.3694593919405661,0.31786102336855426,1.067361817714352
1,-1.2188958008776927,-0.8784263684839707,-2.1168924290389692,-1.929405204225293,-2.3680111397543384,-1.134834585640927
0,-0.19570493934163952,1.2809427996248486,0.2692937166861769,0.662037199338293,0.9737589537322906,-0.13313993392693413
0,-0.6151326069012623,-0.16961682385493138,-0.13274004116078358,0.2368063818400147,0.7311780719331453,1.82425647409964
0,1.3659287528763941,1.111168784154378,0.5117685125813282,0.9777055876661987,0.9623693288926126,0.2510887784335579
0,-0.41074596679899744,0.9325359876499635,-0.4316874755401243,0.11024888447611951,1.011631205957707,-0.05588126911525521
2,-0.7629675625805975,1.2794032671585265,1.0684197750015192,0.14549587266252617,2.0125346385353535,0.06789040276597126
1,-1.5357510588919967,-1.4648774832950382,-1.8989800816756286,-2.0705904074046586,-1.492481149161751,-1.164524549534929
1,-0.7581026832736191,0.9042654239859973,0.5945062701861729,1.5578773582673036,0.8254337667843679,2.4026386622705767
1,-0.7077133114439708,0.9583474803117772,1.1065025044740882,1.0503618965618176,0.9891141179306217,0.7996929076105729
0,-1.3635718364800553,0.45752530329787244,-0.6271636558515357,0.04710708375683032,0.08063356311915781,-0.20831610390499652
0,-1.3142618542627449,1.6285562591714189,-0.2546487051226248,-0.9320044979727591,0.42608038159798106,-1.1770498324651537
2,0.5131717950686991,-0.3850221136347022,0.2401059159243347,0.48012565889605435,0.7353039330697875,0.08701788671826816
0,-0.23296423528161916,-0.2567558465049479,0.2400197538299081,0.4093086761983661,-0.8887233729596578,0.7425337903289587
2,2.001745800544629,-0.20185230311235172,0.4798922160169907,-0.2927759387813538,0.07560322262063539,-0.78750451206365
0,0.5367232412957668,0.3880306614856961,0.18429771951603563,-0.4629049866042802,-0.5386493175093852,-0.4239622198266046
2,0.9679538233062523,0.8077138994431626,1.597261562710475,0.724766592408042,0.8026991968745566,-1.0865396569325803
2,0.34960393077434265,0.22709162566781727,0.792681778639696,0.7885973411629246,1.4049008316603675,-0.07942320215590337
2,1.1261945649900578,-1.32070114185429,-0.9503940691356679,-1.253815629914065,-1.0146465982875472,-2.2936499067696547
1,-0.01750682592451923,2.32916492747286,2.1520703106252665,2.937896097036867,2.4607083486681747,1.024913646338672
1,-1.7950641710253878,1.353720807910943,-0.26340749003706804,-0.47406227721024846,1.1569692741478688,-1.0189096929677033
1,-0.12695352302358473,-1.179243953559505,-0.6105612304015419,0.5227010911579464,0.4417099696496198,0.14086012764133204
2,1.0211257418245308,-0.8134807010651963,-0.38516562728993636,-0.2431290941753276,-0.7982560610116153,-1.261882836053108
2,-0.6652959304414987,-1.2322139169559674,-1.645052541865198,-1.5948947500813042,-1.2836359339722248,0.1354388577535001
0,0.07497823385601679,-1.2173585628266956,-0.41724395536391984,-0.9021428346581711,-1.0950315123649883,0.9324474140430759
2,0.8663848079643918,0.7947495638435386,1.6008700271108198,0.8039093181145031,1.3658413240020792,0.06382173802164841
1,-0.15756913335068698,-0.32872630024074956,-0.6135687116972337,-1.02417182078252,0.052047240902594785,-0.7090445787846609
2,-1.0510160926577308,-1.7334625245811568,-2.3354645850693614,-1.6638674388363666,-0.8298811797638586,-0.979302215543709
1,0.966511092592695,-0.40584184783978666,0.46397602941213306,-0.3355325645768125,-0.22904417804578614,-0.7533562082382586
1,1.3873443039682796,-1.0837969721584197,-0.5818428812526634,-0.3126149551941352,-0.8618848979347113,1.5170781739052044
2,0.8957549190022904,-0.899025620630516,0.07584537978606486,1.1756203448140565,0.6244799988587624,-0.4171160749925366
2,0.26950810364290556,-0.6173373730971127,-0.30179987682159004,-0.7908395235129801,-1.8942370389576013,-0.4406067266071081
1,-0.14879504204204186,0.05982005373181945,-1.1910154989957094,-1.5647079111442288,-1.1791964594290212,-0.45773090632067776
1,-0.8643566384672868,0.36390023951684747,0.2014661565981812,0.2849752406408292,-0.5337138085967094,0.046554019232446134
2,-0.6981257101539752,0.5867398452435256,1.077797688961783,0.7890896134328949,0.7996933483734828,1.048118253346772
2,-1.8441891967495334,-0.5306904894711711,-1.49650793757844,-0.4631552271025271,-0.5490802063775496,-0.1454517973852969
1,-1.2329612776443921,0.4556042707408391,-0.7432368266460829,-1.5030248960901387,-0.8719034297971568,-1.9637907987642358
0,-0.6996865874420793,0.8089876396155242,0.34319822701858027,-0.9158842112989466,-0.055624796665406644,-0.1445557490287844
2,1.9287577335026336,-0.9266536275826692,0.7039925031872026,0.613818293992297,0.13664674091460988,0.3010332170272662
2,1.0771841683731063,0.31287620297779206,1.1381792025079422,1.208838828132067,1.2958822219196062,0.6116741939572881
0,0.046831439229412006,-0.502980168125935,-0.8775390604602292,-0.9763626313671899,-1.1717594395465787,0.6274098867938336
0,-1.0114660053205367,1.7799195880080951,0.1062292853660561,-0.9041139259860238,1.2359334864894385,0.1176309359564471
1,-0.35524748356494673,0.35772493143949713,0.16045295100068663,-0.22545362086922788,0.45473047067256134,-1.1700048182110274
0,0.4877666465743024,0.19836099456775677,-0.022575484591045195,-0.6237943563134598,-0.3620250967205988,-2.4889485637077216
0,0.455601729949201,1.5611600151781462,1.1343059505643498,0.9193770378588643,0.9170101178177384,0.8470323594674652
0,-1.0018741713931913,0.3331122516797741,-1.3348620424010726,-1.715416478434144,0.6134909849467673,-1.7231825337824873
0,-0.5676470110303939,-0.7465732396121924,-1.4014431434321952,-1.08642411728672,-0.5372244311242786,-0.7727873402592625
1,0.8557667853515697,0.34781684465260176,1.3399544717755074,1.4375785901625961,1.268461179355937,0.15898066763861926
2,2.170908163996386,-0.6176983458535635,1.2156498450459228,2.3328683706561213,1.0821977866878807,2.6292078786345248
0,0.07398331556722046,1.3045019340311146,1.4309687584676136,0.6340326734533444,1.1202645860322968,0.41447592010226414
0,1.3210994794484645,1.3511882565308193,0.6562849284465486,0.9352737512686247,1.1353894677623988,-0.05677260598573089
1,2.934410646079965,0.9638420349387686,2.7226345588426506,2.271001494488135,0.9899654187385049,1.04446986476317
0,-2.2773338366360054,-0.49953205077566165,-1.6175573754848422,-1.8931203700815338,-0.486065238956363,-0.8219182092816153
1,-1.4687598326013789,-0.9484746039135217,-1.757953457000224,-1.1777401684759194,-1.5352498827564318,-2.904238485184619
2,0.2503660056066852,-0.8691797241925562,-1.510716376998387,-1.5540338493878034,-1.0107371761065067,-0.6885160934444264
2,0.1371788379733805,0.43477311845627137,1.0978656658849661,-0.06874867702763238,0.3693600865343547,-0.7054872328599677
0,-0.7642039573687143,-0.13015554437428542,-0.2809920254636013,0.3455986993559599,0.008689753585537394,0.16073961292553327
0,-2.5778977739809243,-0.7381566464927103,-1.2751075245727057,-0.5554614662540032,-1.036191174157118,1.5054151280092143
2,-0.18742019543847654,-0.20872923259898216,-0.16018030157668,-0.433331460499239,-0.9559553884075146,1.1580678414381365
0,-1.4645591282962387,1.0202139149039853,0.8646995912583466,1.647046531983781,1.4058878823306076,1.2953197498628275
0,-0.21995489452327882,-0.5449106644898714,-1.1935820655017988,-0.2978515359325036,-0.8358498110204344,-1.387088352928002
1,-0.32014812083241956,0.3846889343447914,-0.2840099544370992,-0.6752461143335624,-0.17022989073560135,-1.6828752233215565
1,0.10800255284727463,-0.07889153362708554,-0.25260782564259965,0.2019640397424973,-0.27016612887226,0.5948562558997331
1,-0.042513611130232505,0.11971388391310914,-0.4738369902348503,-0.8061779422512861,-0.673594192360756,-0.20533507177944738
1,1.8322784486987547,0.5949827659076329,1.468846623462496,1.3173768362299785,1.1201905939041115,1.433284816371698
2,2.1790904883598334,-1.1462535416425272,0.6356180632528048,-0.33511588430030786,-1.2642286703401697,-1.4270076557873184
1,-0.0738403187950738,0.3082037668049545,0.016560836585277693,0.39221091050824414,0.9395142041830945,0.8325671072677673
2,0.8211003761137229,1.0139252511720203,1.295760705844519,0.9393512638488565,1.5165401971562251,0.8125648634550963
2,1.6992979766837755,-1.0665779600868182,0.021817067678091686,0.344216148369942,-1.1948753342732445,1.0864203901446154
1,-0.08611751790528482,-0.6447506964043085,-0.2776791464745484,1.5872812322580094,0.34926118262884587,2.3416012695819592
1,-0.09931818630360559,-0.16223433301921,-0.22284642277390865,-0.26237042701759294,-1.2298802001548268,-1.5584580246763087
1,-0.6963719455122434,-0.7017321074871411,-1.2286560108805695,-0.8057331505854362,-0.25616547937404854,-0.85575908448618
1,-0.10665319527827907,-0.8266833752989297,0.3564329320684884,0.14490822461451244,-0.22815089591198975,0.2948451885264105
0,-0.11056365939894651,-0.8624386125656996,0.22361339578177153,0.11783958716314433,-0.4900783395040964,0.8444060780507548
0,-1.4416323052771245,1.2126737189524288,-1.0499873269073337,0.16308764799320094,0.42507277711699787,-1.226723410241703
1,-0.44121617408914404,-0.03685789350004789,0.11959433824396365,-0.2655722571328206,0.13578457831704316,0.14880909385795932
0,-0.04110601652255514,0.4083424560136639,0.0444319951651843,0.03131946057254574,0.44620149116417873,-0.11851005992800208
0,-1.9919025352777415,1.0306964084457577,-0.5204512656680534,-1.8268622217353718,-1.1334644433814762,-2.1521098309472384
0,0.4448794215223907,0.4850872930744279,0.22015461002942685,-0.18138392427494426,1.0452596118245878,0.4294477884882116
1,-0.6131738241195375,0.622473108069434,1.324729512302792,1.230246362533566,0.40937773520182236,0.8813676869728412
2,0.6282406630814948,1.1457118469725822,0.9052999701391994,0.10941955341802945,1.5728968224001623,0.8621053544343189
1,-1.137090746639912,-0.6181072599304509,-1.9939686427168999,-2.10306402508247,-1.7342898822197073,-1.331160387264679
2,1.1284440917552165,0.35223845374739177,0.9826784233907946,1.24681298467563,0.19983909255581456,-0.47488261707565643
1,0.9082628134586939,-0.20738924434718212,0.3901120921012209,-0.10772281182998103,-0.7337404925476301,-0.547641823075597
2,0.3219096519116372,-1.1262677109414305,-1.3050408667685351,-1.0444447890930602,-0.7545501198157537,-0.4280768988833658
1,0.840650239899186,-0.21007093244249292,0.3470596779941413,0.05295320159633694,0.5827003351512632,0.2670333514461135
2,0.9638567532734063,0.17920617133309658,0.9944004551283046,0.2938318813975372,0.5113205485123733,-0.153574146985128
2,2.259460122742552,0.9408091079524287,2.197795960581168,1.6331766304184425,1.0018352226292824,1.066327911770056
2,1.7616549933992995,-0.26422599362092714,0.4158083388245799,0.49493356173564507,-0.15519349900110604,0.7614163805938821
0,-1.2007036162450782,-1.1276233549591093,-1.4614988479381923,-1.1707890558461178,-0.84082439962165,-0.6572727149479629
2,-0.01070966861720704,-0.9405565102511236,0.43411310372403367,0.8490108246166391,0.18009195506976317,0.8057583582826349
1,-0.742327146339601,0.7695432137684292,0.7368275137468413,-0.09346158517792567,-0.015053572833157594,0.13328667735942212
2,0.408066201444622,1.0549829281601757,0.8233080855641182,0.23571726081607824,1.2967222210713727,0.581378949538026
1,1.6466605690587328,0.24602938238364316,1.1385751233509882,0.9896202728391431,0.17782716131875909,1.0509815431111988
0,1.5671884721537876,0.8288420215908604,1.9842751522517468,0.5371078239034763,1.0836950904228488,-0.15812614964675076
2,0.5752355621007504,2.0230933123406842,1.929258003029186,1.3569774107707406,1.4862063440382334,0.7152694826602821
2,-1.6390418022855384,-1.2151462879329675,-2.2660200383992173,-2.2784358322748006,-1.763391458195011,-1.697029552244061
0,-0.41202918509052916,0.9855880073295917,0.6011891324609937,-0.07711214598477104,0.7055538084840656,0.7252318824106118
1,-1.31488751336568,-0.5871295065160318,-0.6071494765061114,-0.6973580853343043,0.61232882789083,1.1362713085729028
2,0.8536641774180816,-0.8635710154417113,-0.4503964582791149,-0.416251042011317,-0.5109812746023928,0.809132701730591
0,-1.1060053568057335,-0.14382406411791684,-1.134515852616216,-0.8672560852374093,-0.4850506536873579,0.3290427323879746
2,-0.5970993312221871,-0.3369988202941806,-0.7434446865476225,-1.2627050875060264,-0.681034754954731,-0.2774679521976143
0,-0.054765797892791436,-0.3181690047453929,-0.7793961674462946,-1.2192067868022656,-1.6518826075730506,0.03973279066451218
1,0.3414619214130491,-0.4683645966469271,0.7514614662542588,1.1761185227780016,0.6260376501814994,0.016496462567679414
1,-1.0835958428375732,-0.7354702708504235,-1.238764184658031,-1.2568298996811285,-0.5919876076918255,-0.6451173092066842
1,-0.17494915858173865,2.431465094319762,2.151330294198578,2.4955573798762245,2.475716007214545,1.3219754863317525
2,1.397685777932355,0.7408896170519991,2.3536486143393915,2.150354872000749,1.123383697942817,1.792665445072489
0,-0.46918163711451716,1.4201106486691901,0.7027730567440004,0.6178540146374297,0.8194294324048083,0.694955717753316
0,0.7422820306967399,0.9298590004164539,0.38541475220856963,0.6321396157323158,0.41409130253793913,0.9433140017423862
1,-1.4598340307135766,0.5035713512392134,-0.21391848354851165,0.25171271633178033,2.094607839146712,-0.04995973438931663
2,1.0138461869630357,0.7416544414360415,1.2812784077623094,1.1812238020360855,0.8069821815744732,2.004355793141729
1,1.1627569765766013,1.11389416020193,1.3654937630987993,0.25574772576974114,0.47742750367398024,2.252894717413158
0,0.2478692688154733,-0.45423589835032185,-0.702318885237967,-0.9198364795216758,-1.6560926686936757,0.04027104509393461
2,0.42494851966416686,-1.3152055542087588,-1.5362157053390606,-2.7824827079597707,-2.7944172455721366,-0.6079103160642384
1,0.23447539278442545,0.99819312610941,0.42290039434471144,1.84015958993978,0.6057077001794672,0.5215300643035728
1,0.7825690175276879,0.12882630537944767,0.8882377685391981,-0.11644160242096585,-0.03442207586310918,-0.6229817772970618
0,1.8942787815742061,0.5972063404216584,2.155858709276045,1.498054130720686,1.8763091056260184,0.6150437273212318
0,-1.4701532644167083,1.0682845470581432,-0.7550885468759966,-0.8383510308460764,0.782520226391825,0.12697759133160239
1,-2.0314241202015495,0.8270321790407378,0.4365180454320399,0.73810104449934,-0.6735329640045145,0.4578561236922168
0,0.06678580271870062,-1.2423807975772954,-0.6379510661425578,-0.3618882784172512,0.9885870701738396,1.6230778032487747
1,0.057525886250262045,1.5510083546013362,0.29160706484621207,0.8873882833030511,1.3191872688280137,0.6168467146277887
2,-1.436679205621537,-1.331812172956132,-1.261676010321155,-0.6854900339739617,-0.8135190477120835,0.26574128767309
2,-0.6695852464180312,-0.924079785669106,-0.7347635990242297,-0.7602880016359324,-0.6182618718052164,0.8027071665870381
1,1.6316624118434024,-1.3752268318372467,0.15748617298277257,-0.07464922623355259,-0.491509501579136,-0.8274509208160892
0,-0.35956776416015146,0.07391735599053297,0.09632638884176803,-0.7553681616993011,0.3930981887003975,1.3795067207951954
1,0.4487816984922363,-1.0795099632339562,-1.209939487314882,-1.2948242099909737,-1.6794153629579984,0.0767159977944721
1,1.1369770799460437,0.09837467457683194,-0.1856307008047136,0.1528470905172908,-0.29514558762908477,1.5153348077479658
0,0.3404189708543901,0.9845207906142729,1.1379761738115364,0.9610415135149875,0.5173057135020165,1.286840889623131
0,-0.16176380552414588,0.7146471367503214,0.6922956069855173,0.27675113447024946,0.9216762262507994,-0.5968967631810231
1,1.658698453979031,0.4360453118358882,0.47191176311227334,0.43644675405311,1.1083320478107315,-1.1023856764907647
0,-0.08590759139928737,0.46401720307689487,0.816156259509511,0.4773880563807483,0.3088286247814609,-0.060396601889115754
2,-0.2733715630544378,1.1141251581742226,0.7741502579711627,-0.4025470538422231,-0.09960409721845412,0.6142370301722786
0,-0.8950859022536036,0.5921398878408004,0.1015715439475758,-0.12151765934001328,1.0666108166850328,0.11743486220901543
2,1.07104671576756,-0.5240736470546441,0.6445917211576653,1.4383495140541003,0.45281483235716113,0.07085426247842701
0,0.7779615481059343,-0.19650356340952627,0.5086722684724969,0.5469224007429058,0.09017518623114561,-0.00960992857420246
2,1.2482083481785584,0.6110942053556963,1.6439948726929792,1.5494491086981703,1.3865294829845947,0.5208802786942084
2,0.275646503240749,0.7227487443178591,1.179159050329242,1.1700825239581365,1.771184109162809,0.17206977159509645
0,1.2401742366533264,0.17796517889119526,1.140411135886198,1.5672739160564209,1.3926380909238572,0.8780171168754738
0,0.24249167599215818,-0.18818773057149077,-0.19418671230885354,-0.8186480625026559,-0.05867840996420471,-0.13739496289936123
2,1.7527039316011244,0.8938039194028526,2.232175417724025,1.1026133424743405,0.008214244826692689,1.8923984326037913
1,1.7386061050461732,-0.1266080267066631,0.7139351639844047,-0.01523411458433798,0.5537318451605285,-1.0246505819321958
1,0.4913024430558142,-1.344130065078256,-0.9507198961765756,-1.1423340631981163,-0.8826062258849294,-1.454622559518357
2,0.835790246806018,-0.2848595679118126,0.8409783096108422,-0.17919183455852605,0.4800352004693972,-1.145466635543324
0,-0.838524574306572,-0.1039044654085079,0.18517247150305324,-0.04191356982439792,0.5701086124484559,-1.3552384406595137
2,0.2662969973832832,-0.23515799043073113,0.581153827134708,0.4405642467562267,1.2245564187917584,0.4522628175560764
1,-0.07058394125787815,2.4737756952991243,1.6212231803941455,0.8218140991345259,1.9937381741976044,0.042362484298848986
1,0.24628728989370208,0.514471806504625,0.04549274822553721,-0.1275248552618373,-0.3187469580810955,0.5430073707409053
1,-0.4353734647350693,-0.6657993196038877,-0.12317307440949997,0.8489758728651101,-0.2678473378047982,0.9443894700472537
1,-1.4465026347376762,-0.3703211869836322,-0.185368598156691,-0.24355241492027152,0.09105298632636702,-0.3274391949291479
1,0.18633835774574842,-1.8264770820202088,-1.6720348121537096,0.05753299769945174,-1.0725911255559621,0.25904941076554283
1,1.3313583143604173,0.30269790533043595,-0.030700800115346656,1.311831658149729,0.2061612895531532,-0.10268264877138382
1,0.44906964476140276,0.8739545298626036,1.3027280395975946,1.0285422463193405,0.15076187801289412,-0.27017418080426675
1,-0.8528544246910905,-0.7458847890072098,-0.6347515004206096,-1.040904709958242,-0.6422433058607293,-0.7494167479477162
1,0.6157834244387245,0.3219846717363585,0.4095335535363675,0.347340611922626,0.520099250583389,-0.04589033226685203
2,1.070172026149048,-0.48342912780591185,0.20589402994786085,-0.35440473283459883,0.3552695421440206,-0.024969856612494973
1,-1.9016348250711665,1.12594975985752,-0.1887129095779603,0.6489150057529091,1.2867679809319914,0.06262928631752276
1,-0.4362241853939192,-0.3480848167284878,0.13863433178922324,0.4283770587453588,-0.0509857978863093,-0.9639727617609863
1,-0.06983469989407927,-2.627560508053987,-0.7553992204581709,-0.20844531160638044,-0.6281530449972595,1.3547526662755116
0,-0.4171516212288063,-0.4819316564737999,-1.0519571664788507,-0.29654675015936954,0.4439312040814886,-0.6037344511216252
2,2.3857449033555445,1.943124577485928,3.0401468595320424,2.9657809082032633,1.7017013849694684,1.272504916852961
0,-1.273553404288111,-0.7633037767015454,-1.4659916345384072,-2.2629051246558625,-2.5279841411861095,-2.072234197633188
0,-1.1952880750743438,-1.8643409566686053,-1.4127517622920405,-0.5658915010028658,-1.567393116383512,0.4203927432597392
2,0.8174417591887513,-0.9131591723368865,-0.5500392707014874,0.03895816881241284,0.15686734829999793,0.46461645511904026
2,0.415030014135958,-1.0651219812635655,-0.7702798476684611,-0.878949162070825,-0.931709326402411,0.4363866901441051
0,-1.3468143689099104,0.01082351782593974,-1.1706336216742583,-0.7953620594554124,0.46227175231398066,0.3510141391786321
2,0.11174496642019163,-0.16629591851881836,-0.644022267465678,-0.8316897224458026,-0.1496753414116967,1.103984990937873
1,0.9034460400607554,0.164495180635917,1.2519702244241622,0.725916272152125,-0.02178448064460569,1.1441105941766045
2,-0.5110978027275785,0.07073015335235865,-0.8312052971471755,0.37903379816265315,-1.0951031797601871,0.44947457337133734
1,0.7099172125668002,0.9676059697692453,1.3425423417739837,1.331514162582824,0.5553238392032241,0.4668736129854432
2,-1.0500764197690917,-1.3773556337742587,-2.0829692271327342,-2.062519136907501,-0.6060681178667384,-1.3227210443416968
1,1.2367593112292632,-0.15129500725653344,0.33830318801245945,-0.34021521255735016,0.026442908911652803,0.1515117881796553
1,-1.5151036272144518,0.23835276744611197,-1.0557032050356212,-0.21553249665286664,0.5746427708084966,-0.0688167760247872
2,0.6730552313321914,-0.5943239147356746,0.29050152794929485,-0.2837519267897818,-1.084373311979601,-1.3770049655157435
1,-0.28143963327164123,-0.6609601372190784,-0.45758817253213735,-0.19768649517518608,-1.1200603956801503,0.05543763899506537
2,-1.2529135570106875,-1.8416245526684498,-1.8225793116592126,-1.6043052342288808,-2.359520112034521,-1.966262126991811
2,0.42887841146651995,1.0116501264494937,1.1063569442960945,0.7228223368256942,1.433212072371102,1.256925903711961
1,3.2018748279292777,1.3752754395584468,2.4412514149977143,2.6345297993881758,2.07683245648937,1.0345872716563735
1,0.622169043556487,0.07859743809772632,-0.5284948720581526,-0.9029298873458297,-0.3754967669725894,-1.1984360065302495
1,-0.3436579338623295,0.1866164776838357,0.7609389444392133,0.5638555054424449,-0.3359716809984179,0.058920687843228306
0,-1.5449445771622978,-0.40659423545108947,-0.6954055737937005,-0.8353446310696033,-0.03625600900132396,-1.634982588959232
1,0.037790286911618995,1.1833604857276239,0.6534589902360041,1.4710185867505088,2.3676831754209915,0.6411144534653495
1,-0.5011339000815638,0.7283154329986592,-0.08039629023866189,-0.6641850575678522,0.034412333776587964,-0.4400263888785194
0,-1.2653240272275579,2.00202262052426,0.12839248234508924,0.4265933194228307,1.4003303777237788,0.9302965876653813
1,-1.3588389415345596,0.0965091380080374,-1.8623115476994851,-1.2593814144769129,0.23538523003207368,0.5157379889218127
1,0.9609336213048153,-0.3097926425785323,0.5935578323725169,1.3163183424126408,0.032387356404167865,-0.05445216329505427
1,-0.28657479868258634,-0.7249714977083879,-1.092624736938816,-0.5962560922133422,-1.6692962626944998,-1.7574010253610517
0,-2.2778183808511585,1.186813763946701,-0.3383610348088305,-0.006275084237460709,0.5738652657138352,-0.5634753628208351
0,-1.8257324326767341,-0.0667664825481431,-1.0352903197951453,-0.9995644430841296,0.2939246151753851,-0.4979705627268425
2,0.4364724895268212,-0.5670231517702428,0.3923301587035709,0.02045611259981924,-0.2402908424668194,-0.7893134784106729
0,-0.265931473396598,0.7712978290342684,-0.10485188736897941,0.24942897902325037,1.178780064065474,2.018458590776458
1,0.8593764475141142,0.07414529572888297,0.023879812367299746,0.10841694723717855,0.42948378434342266,0.21644162250166438
0,-0.4182632961145577,-0.2580683781174701,0.08981121117075458,0.22212060405931444,-0.763505739098281,0.8963752707513141
1,0.23067908950199068,-0.06548265244297236,-0.8540119359610231,-0.3313252617401335,0.40958309886446503,0.9362316434346772
2,0.3254532509249139,0.37303693188693615,0.5703508582384725,0.5996249758500729,-0.1818206527091374,0.5586497801187819
0,-1.694736619361951,-0.3083557595263981,-1.175739569913494,-1.2976024758729738,-1.0678664245888136,-0.2698356956612196
0,0.04686675401720407,2.191954140383799,1.2335662301636925,0.8626762934660785,1.08125867834287,0.4379316503093967
2,-1.058619936209305,-1.4699498713223813,-2.4907306938782905,-1.8925136817429158,-1.1172217203573773,-0.9055094468660932
2,2.1612212068179772,0.5029367597862007,1.4896342856765945,0.8828224145066857,-0.562674501517802,-0.12473225846368043
2,0.225140421775641,-1.3235234695364668,-1.262106035408399,-1.149779617583967,-0.8846923446297467,-0.9654970272293929
0,-1.1745310490428094,-2.007955401853721,-1.5658380191644405,-0.4708861331091271,-1.0652172062386769,0.47583469427511504
2,1.0988310247845197,0.10679559773838722,1.0769906283106248,0.031452536284912264,-0.010277367149742022,-0.38290343209018884
2,1.7372698173335404,0.2661543661453407,0.5045986455715118,-0.393308193983233,0.16278381209585208,-0.17850796913455708
2,-0.31891203707381605,-1.097894504481651,-1.5863167974533035,-1.1507156639419927,-0.7247846426278446,-1.1880813959762426
1,-0.8491411260930454,0.08129407067358524,-0.9249925580561172,-0.24679476486260205,-0.1853487719300064,-1.284038157035491
1,-1.0291660194838697,-0.1505471553736866,-0.15307001752549962,0.4342899539206979,-0.1135562205557199,-0.1439761196164416
1,0.8670652405420026,-0.41524065429376983,-0.09086092674535136,-0.4261704719118607,-0.12603147450400073,0.08517919949335896
0,-2.0860548702239385,-0.4858994997019737,-1.5739061681706084,-1.1839056237740606,-0.6918151801920456,-0.625338600927083
1,-0.5755336027714655,-0.27361661528003417,-0.3768544549232413,-0.07737142549868768,0.17256272259918393,-0.5368234900626281
0,-1.8829614696483887,0.25334694599473695,-0.1601251393762946,-0.8228493206244611,0.35385352497129224,-0.6788627095809264
0,-0.0489015284638573,1.962855310610552,0.5434254024116734,-0.011488086558156632,0.3818917134802739,-0.5864399871267961
1,0.05065249378601687,-1.7661685451123073,-0.705783734259233,-1.65524349392637,-0.6171275761386721,-0.6419832055558635
1,0.5005557592532446,-0.7069762037329393,-0.2725418763933135,0.4427099315145138,-0.5295180215693066,1.1185576227735916
1,2.100971326425724,0.832425511496169,1.5906414506222457,1.4977112055036452,0.6282972181170626,0.14459834561544563
1,-0.06012526750173814,0.6137801145173641,0.4973716549022796,-0.2565159522195808,0.36946667734327393,-0.9123355973135385
1,0.14369059916856425,-0.38388089711471,0.33500530029847553,1.0695990450689126,1.9924782796041174,1.5561018543684346
2,-0.07943696187138938,-0.3539794570406162,-0.3532015847172669,-0.1035073078603732,-0.41563951466757953,0.19142612249560365
0,-0.0012484003657345628,-0.474936597155685,0.06110181801542883,-0.7405752030925874,-1.3607260460583388,-0.8066313737444788
1,0.7442797074746438,-0.2340406263672839,0.6232813767647889,0.583935472147182,0.0532934685649478,0.2867262517645803
2,0.6594097987758062,0.548721424802579,1.0093205676641295,0.5123560135302395,-0.41851395273844694,-0.11791354769200954
1,-1.424197531723961,-0.7963870969217722,-1.69056115491648,-1.934931946543891,-1.1031283876098832,-0.5782157583552178
2,-0.8276938463304477,-2.0537732350560085,-2.1008396856479905,-1.7065090555109024,-1.562459142991477,-1.3306371201012432
0,-1.79009729271477,1.2591482356459358,-0.39498825114490793,-0.6437524361360382,1.3347468767584496,0.138082764373915
0,1.1846108163092661,0.2180726544130997,0.9693498630591287,-0.1610244875015117,-0.503542710670909,0.11296796969588116
1,1.0969352585299486,-0.8549652022039025,-0.04619887161597391,0.45572943765775753,-0.4968375714443601,-0.44111989751995645
1,-0.24151650054918766,-0.6780030827750818,-0.6313035896065775,0.17490347273182064,-0.06533726681104299,-0.19758420785128503
2,1.3823010565296183,-0.16139992421344349,1.338825491863557,0.8361396096177295,-0.2910623099275376,-0.7178634180340829
2,-1.029910059794165,-0.6243817846984088,-1.2586651066159227,-1.0506990580440574,-0.6592753765038205,0.2189313349783621
0,0.5204608844655234,0.40127261979762835,1.157744515465476,0.6427387134991535,0.6810312865102912,1.8098620139533401
0,-0.7284013181102903,-0.5973135246329072,-1.3025109674819833,-0.5614029572251915,-0.38959968209360746,-1.4574480340301768
1,0.9835417500802657,-0.23368053819480042,0.06175659552591993,-0.016371879041710138,-0.7269056405521963,0.12886607495444885
2,0.1372496145135523,-0.29758490022578826,-0.2879366383772278,-0.2848525285622654,-0.8345551583188717,-1.4423930409448702
0,-0.9496240086149873,0.581421703624709,0.11109624107651507,-0.6370716589811313,1.179356486379435,-0.710492771543307
1,0.6215414021152774,1.1209737211358342,1.7797031808901767,1.267753358050422,0.7693000744044929,2.133772223055041
0,-0.7379598607393494,-0.23403174911475455,-0.4472012864832059,-1.5492658584886339,-0.9267433981348963,-1.3988205975155912
2,-0.23481298244329685,-1.6666447588267843,-1.4344559629969778,-0.8745665132195453,-0.92490231899085,0.4599677131431267
1,-0.02205523567166747,0.7783449862530762,0.24025028899132983,-0.4626702186678238,-0.4124457608419739,-0.3896335554682282
0,-0.2793685089637555,-0.3279389205915695,-0.25137809706872793,-0.5988326223592171,-0.9689810470675728,0.5069300046425826
1,-1.2093997299418267,0.18869817435318598,-0.41939357519564147,-0.20954821210397737,-0.055122657049538885,-0.26770222137222627
1,-1.99364909776703,-1.46242617433793,-2.165548966743813,-2.1413781244587833,-1.5012552209731986,-0.4332016721943184
2,0.8451678764554259,-1.185502660141391,-0.6150156843988726,-0.10231386857527273,-0.22225466953709924,-0.41495234999644715
0,-1.0806402903165275,1.0179621038400655,-0.2218716497269541,0.007081528827809966,0.9333028883293075,0.7348013408004243
2,0.23437220826322777,0.03242382641484295,-0.0733341182172431,0.1979253773054863,-0.9093939625662916,-1.3361562261407043
0,-0.1826158501825714,1.9652206753064774,0.6649791377118924,1.2965501937877277,1.8668101212145536,1.2142899387388852
0,-0.9491506116515006,-0.08411266145339802,-0.6517780434826083,-0.1735665262514297,-0.5411826941552957,0.8374611690361083
1,-1.4845286108771028,2.3213719733599563,0.7516332997529467,0.5888101145970244,1.4748228063873905,-0.4044085259608125
0,-0.38061699755902717,1.5271157813946274,0.415178625537062,-0.08067098242725351,0.5983718989282435,0.634060865137479
2,-0.4209450397318289,0.09957266487083034,-0.892291071641489,-0.5467759295366784,0.3787880773379314,-1.3177940842241327
1,0.34384529958862414,-0.20176890867130476,0.24350103426482658,0.8650697313401428,0.9709761190147506,0.34447648718793966
2,-0.616881203169321,-0.1578706746147116,0.0406915935147754,-0.2086687016134044,-0.24583292467475537,1.4906398399125427
2,0.8038968799933,-1.5748884144170103,-1.8025580138284192,-1.8352381462593494,-1.9765783522984461,-1.1645182703799666
1,-0.6482798849230091,-1.2657422225059816,-0.843617131012905,-0.6960930068363981,-0.8553513737497518,0.11670830842020191
2,1.0879436931232687,0.6358361169931852,1.0690060570396145,1.127584714486685,0.427280627095168,0.2622565135545292
0,-1.481035361124299,1.5940172439350737,-0.6144384735661778,0.6982798369656484,0.5145484793451918,0.8489895165788098
2,0.035030167655923726,-1.74230850566557,-1.7482634482667883,-2.3855991374041867,-2.36757916978097,-1.13546465855352
0,1.677355734795993,-1.0660878372407345,-0.37272903137142754,-1.0791385703722471,-1.6231037779211464,-1.4409427432726867
0,-0.7511298321562856,1.3536135566877043,0.6371045762049873,0.9832469802977626,0.3123359786882743,0.16449794095199258
0,-1.1763945214231422,0.5967511860446327,-0.30993445564061234,0.16239483784453745,-0.5015918391711526,-0.28746057980041256
0,0.5707527600810199,-0.26383577566549926,0.8375009861435597,0.5098313318162209,-0.5237492627235146,-0.15256146593318917
1,-0.5172878567014222,-0.6159985869850215,-0.358673817769056,-1.0157638796932138,-0.40875435414320505,-0.2285379947289803
2,0.022172623318106672,-0.5041800279398713,-0.3714477509586481,-0.6070528739085626,-0.0667503714361144,-0.5015430730297211
2,1.4979091960600637,0.7917308376549722,2.1777986534060316,1.4536920983640804,1.2006982875890977,0.5781288171744537
2,1.9605787348181574,-1.5595527210243805,-1.2832691544469659,-1.0015393148958258,-1.6088418486366496,-1.292162688933179
2,0.36073345679144264,-0.3949571295788065,0.27050229770686973,0.010843213482795397,-0.7526450570998204,-0.9091128810906657
0,-0.8314235339198144,0.08304343920949016,-0.2995152694637246,-0.8481575653672574,-0.044950869061697464,-0.8748755918823771
1,0.4230166115634083,-1.072960926033448,0.06345371578943541,-0.9653737357502215,-2.101880346309334,-0.10189375531917129
0,0.6689398678222582,0.779820958820225,-0.04643867733117236,-0.5685173495532027,1.2916341562255729,-2.035661116882097
1,0.34679966244060567,-0.022242824969412604,0.5282339981688647,-0.36772139382840596,0.03523732392387836,-0.3540539645101221
2,1.25497203361239,-0.7093559394955143,0.562575116776633,0.7392052580949822,-0.6933929808095557,1.1208067796100971
0,-0.38371809164915877,1.136074147179471,1.3990561448557504,0.8720638658108895,1.02045884562488,-0.5574677886042292
2,-0.3799723279942566,0.27623480475998013,-0.029733625259733745,-0.08815750844879584,0.3815658085602928,-1.5832455117809954
2,2.0925368994979285,2.0005645794229485,3.1616062086948067,2.5035504424147472,1.746015058620538,1.5188460749506685
0,-0.7262965436301451,-0.8146127775490178,-0.5106219714564315,-0.059246415882062725,-0.6684333819684637,0.7219608208940904
0,0.17597012505713733,0.5831096808659445,1.2936261261706108,0.5632357421323584,0.7645546931990953,0.09034670527418669
2,-0.8903917543597025,0.6119368250490145,-0.06084752963535197,0.0900975616870229,0.5629804608429168,-1.7333955485429755
1,-0.498917490135422,-0.23531214601412206,0.2999172530352967,-0.5510017250101835,0.4024565351673017,0.41236966206186093
2,2.2189662722762318,-0.264061879375801,0.9163106543988225,-0.047569831682059846,0.49453844891604865,-0.2712205196278969
2,1.2914540366627958,-1.325277389966878,-0.4318069385279634,0.14510570236093384,-0.8182419331964627,-0.597026385316569
2,0.5706669165351936,-0.3753435174917036,0.10094173589631637,-0.9620921326865134,-0.928983439500138,0.2665949688408868
1,-2.986981620266187,0.4034286940022875,-1.615457373598401,-0.8195830900462073,-0.21023097951517217,0.14206364671261879
0,-1.7511264698667197,-0.5863637937991684,0.20805952447362047,-0.07634161787569375,0.3122554981111184,0.6246345448112921
0,-0.5731270386927593,-0.4601554934945418,-0.8874442093695336,-0.14348506441763378,0.1991283805482178,-1.049276612122679
1,1.1839454798655789,0.3276685514151755,1.0473514240999904,2.4131544486113268,1.4413515823882446,1.8234744821820246
1,0.8086419749022137,-0.016355793728120453,1.0853481135889498,0.30431562539873885,0.048182836333662986,0.941049401804597
0,-0.4130291969660812,1.30251751872398,-0.097912433247983,-0.055947018880310166,1.6061890723945251,1.3579271014856242
1,0.29812975791724994,0.6613098972092984,1.3066568324093089,2.0707701016766573,0.7199599878763601,0.5075757522401945
2,0.459890962430527,-1.93095320630611,-1.0798393087201117,-1.6077876531359039,-2.132544407060109,-1.6155670029327782
0,-0.06128334700036934,-0.49986849242602865,-0.11632365643816382,-0.16768515409210016,-1.3446521016043003,0.11851362104361234
0,0.41707713483765246,0.25723286208928264,-0.013762880255992337,0.750098216271125,1.6066753887018554,-0.1060836675446368
1,-0.5819357624434303,0.34114432396001154,-0.6050056624783078,0.15020087405126423,0.08491345519445362,-1.3077662648783435
0,-1.1422156578449274,0.8585392661688906,0.400550198203159,-0.004005648690944868,-0.24543928911991283,-0.6368470938407625
0,-0.2984524418148388,-0.6450820448759496,-0.7897549276599131,-0.9025540556629925,-0.0937267878411808,-1.0337269017245316
0,-0.19745016744082924,-0.5913728742340593,-0.4888250092073683,-0.4040296104957689,0.0310307598396919,-0.16099456086075753
1,-0.31922391140411366,-1.7603975588029364,-1.569118806144999,-1.6546885260925654,-0.8959237623576337,-1.6954033382027003
0,-1.035260867502129,-1.4803088734703134,-0.9898864782216561,-0.5918396451159372,-1.7708955733745453,0.5660236846111668
2,0.2781152645233698,-1.2249829436946307,-1.5910587045517082,-0.8199165911906559,-0.5297307031378063,-0.31179772919245724
2,0.45696962521425044,-0.5874000668244742,0.1430714238567384,-1.5851273137948811,-0.8823880681416454,-1.3759257800171076
0,-2.2246071378719465,0.6607011936784772,-0.9978322309781206,-1.1230075121445782,-0.34557515016511653,-0.5386892469370622
0,-1.2189147475011144,-0.2873350952352448,-0.9853665899320673,-1.8882112727545146,-1.6316382792489852,-2.1834560184658978
2,0.5712440102607456,0.5272942970140453,1.1995655111266568,-0.08868728219157528,0.39941204817905,-0.835837391647533
1,-0.35300176825921603,-1.4460439134689556,-1.3415148061213853,-1.3461899263737869,-2.157262789273854,-0.49920471908788444
2,1.959904902911251,0.16533355451864587,0.4893234513761873,0.31119455179595307,-0.07330080994942481,0.32085843083990156
1,-0.8858798473900806,1.413140882824272,-0.27023880817128487,0.3258887794403496,1.403000290719627,-0.29678485864628223
1,-1.2337475342055628,0.9969336518505886,0.4429603543162871,0.012117024675339889,0.6699793592218505,0.14481953969702752
0,-1.9398356301261075,0.9560131825569432,-1.103522321956295,-0.548124944040137,0.49461835233832585,-0.0029587641233224504
2,0.9240223377312075,-0.8702455875982062,-0.34099833822645126,-0.33679534020259766,-1.4928157967565652,-0.4534939593151837
0,0.2756686340160886,1.1119841402399913,1.3993167352134972,1.5697231330819228,1.9910013085634743,1.6108542209566064
1,1.15993663418076,-1.1048870117369967,0.5557049970307257,0.21770092932285057,-1.9498445056311815,1.4845561428188563
1,-1.129360365475788,-0.6696820185630391,-0.892721246597502,-1.2474380933182512,0.400926314515104,-0.6964125884197829
0,0.6597982682999565,-0.0005969529911534694,0.3574573421608792,0.6926090529888144,-0.0315030754533406,-0.07433031600307134
2,0.8533148206549032,-1.1456920663831787,-0.4667446633596158,0.23690010690683547,0.3914388021131402,-1.681304296922812
1,-1.5823836397873305,-0.08253882979955009,-0.4176098390563705,0.4618503411581843,1.2137289212864197,-0.31967887658473815
2,1.090766716236635,0.6537437815926876,0.2621101380320537,0.8489437444010711,0.8910414117011998,-0.007809435697877129
0,-1.5602075132002835,-0.04615033907540517,-0.8330579801074952,-1.3594511132308527,-0.6702444512585363,-1.2988381732874825
0,0.7437278043259997,-0.04948888159457333,0.5366147766720407,0.564506453618392,-0.10027086665785176,0.7936802424701118
1,-0.678915677069001,0.8751082791214188,0.46594520961483143,0.4584171346717215,-0.17596246176463268,-0.42789899273709653
0,-1.2210263497478901,1.7774995252017993,0.6181450273136554,0.4884354396547794,2.117756829373026,-0.39912157450976743
1,-0.4402352888675399,0.31839960571612025,0.6075033392095888,0.8099073507355766,0.2583053581486532,0.8869503375057369
1,-0.2976811838082458,0.8833531967065035,1.5802311780473355,0.8532057578233262,0.9621723577179527,0.26012732761576546
2,2.194410735156455,1.9601706962936682,3.5022847106319617,3.456546645141953,3.0416409552404557,1.4006842047019095
2,1.75788284207174,-0.7724500232165967,0.44555763100374124,-0.16805108811215497,-0.5567907541683981,-1.3318549780420368
0,-1.4426352241566662,0.48861960281928724,-1.119735731916709,-0.9743895412605091,-0.6737895209447903,0.7402126350113941
2,0.2570797253425977,1.134404229131471,0.08845481076681753,-0.047755522470165256,0.6792884626409629,1.0174955940498285
0,2.737461185345252,2.0928124396515893,2.6496125483795,0.8554066231290895,1.0075336900900638,-0.1260383415660682
0,-0.1442806845169327,0.11087152553128421,0.32186079846788385,-0.15692136960118352,0.7502885773541517,-0.13240995768828553
0,0.40440087703645644,2.134989692136221,1.4112967089504014,0.15461211893548035,2.005579209724256,-0.6756884968316582
2,1.9084929654494445,-0.05432204859346435,0.16873488794844183,-0.25646566283125455,-0.8076817447284116,0.37567692443493167
1,-0.3590834971111215,0.6016126569457142,0.7991686697979007,0.7528952241507539,1.0561233206229688,0.7106850117273883
2,0.11702325745897146,-0.3457995236595737,0.10998225068220804,-0.16908392371577222,1.2745665181056467,2.014638600777812
2,-0.9184662245038627,1.0913251664084735,0.6440882059100828,0.5107575731888234,2.067509388693841,0.5910971797094797
1,1.3392323964834796,1.8894176972934889,1.4212761717244202,2.0343198154323345,2.4148980609300463,0.6018005386481493
0,-0.06756693650136246,0.6679096820883959,0.32301446612774104,0.856932533563111,0.4915095382694655,0.93984485891236
2,0.35383568885934263,-2.8645296081340463,-3.019055206024463,-1.761603294292057,-2.815435525751404,-0.4002361859192633
2,-0.7762850468701634,-1.0439023734205222,-1.4576936185397869,-1.3001588646946471,-1.5006057862993027,-0.124414404583752
0,0.007147309280089977,0.19293804551600888,-0.09086360954470338,-0.5054861418305184,0.7176650970481536,0.6719167466504737
1,-1.1237147931635065,-0.41434834195918313,-1.2175501883703868,-0.597552478718112,0.5121283972820012,-0.3779123285950439
0,0.4018737965182819,2.20939344291077,1.1550620763898907,2.407448598282322,1.4586982744298749,1.8338932733582527
2,0.7034030889691056,1.886559720523675,1.3921359477812365,1.581189286221156,1.408270973765722,1.8137330271797325
1,-2.6396274458239724,-1.1651327431806833,-3.007851413078131,-2.931435729017321,-2.6763865981629475,-1.9138555378060231
1,-0.21313975357446052,-1.0919448789460575,-0.6264286432335496,-0.5807215170183877,-0.7623985966979768,0.07389167684958506
0,-0.31887402772115087,0.1440220588672627,-0.23843817664176514,-0.771926130024547,0.44565274256574394,-0.5478334226893122
1,-0.12186174055189561,-0.1941855102840494,-0.019485994188721177,0.20659086947798475,0.8086262987906253,-1.133312496254152
2,1.6716560593940026,-2.140857724019158,-0.41209918265252227,-1.8065027095281685,-1.9258621238415226,-1.811732773174364
2,0.07936576540048454,0.0410541613687274,-0.17137493474870197,0.5121549301849476,-0.37480380312731065,0.11607881171718815
0,1.2964862495062432,-0.04088896507780419,0.8057790614199182,1.1134883409215377,0.9604688335569208,1.288871593750321
0,0.34368692595583106,0.9443866142329739,0.30708968705118084,0.7909544125551957,0.3638184738426472,-0.05301727066835007
0,-1.205354986756793,0.2277454701341068,-0.6262565895664021,-1.461854270376138,-0.20499398649317857,-0.3794530008947123
0,-0.5843968324972979,0.16896214124685738,-0.47346052525170196,-0.40742479706969625,-0.5665091438604503,-0.7629285420444861
0,1.0408253228824182,-1.071400318638323,0.8127297080619884,-0.16148508650581198,-0.8066863079838257,0.5266313768378609
2,0.9624334577932847,-0.5412957825311562,0.2544522340317581,-0.6357880620115118,0.16861106248012517,-0.22664533116260394
0,-1.3191142082345373,1.0828912569409372,-0.2848222352312572,-0.9138318434548295,-0.17924061895747476,-0.5051996876422268
2,0.4131116276190853,0.11290463699827316,0.9067435236749023,1.2182244126133313,-0.3578481673470297,1.5600254470455948
2,-0.15072259644234626,-0.21909485821436264,0.1975177510709666,-0.6905481311341856,-1.1452741786899758,-0.9191253929037317
1,1.5766167103568882,1.0356014788324193,2.7151817725823073,1.67158050394359,0.5655421747636219,1.1547195826259045
0,0.32720877565028805,2.168951513111669,2.1533668435878623,1.8978778270317842,2.447377389474722,-0.2501320666931403
1,-0.7030221550974338,1.2142265468263451,0.06505940862422123,0.19492857433041835,0.8447939075599198,0.09256409071297374
2,1.9107201511971101,1.9190321211120618,3.130749041276823,2.8268613577188995,2.4314753632454917,2.8573152492630807
1,0.061086181327866425,-0.15268476739259762,0.34423686353810307,0.17395140369273535,-1.172653100384528,-0.8689829232019023
0,-0.6521837328121953,0.3718852292250193,-1.2103019896037202,-0.548161197748846,-0.2191989580522592,-0.5474910114156684
2,1.245849005949552,-0.3395368731352046,0.3404912786484535,0.8802823748791261,-0.1354033530475758,0.8142269999967081
2,2.806569941831661,-2.192613251547132,-1.0048507907874735,-0.5127962191750396,-1.0970775278013407,0.6901518249471149
1,0.1758587596942765,0.5246472717102593,-0.5848880528413396,0.5064265577208211,0.7199773674318173,-0.0516620140862911
0,-0.8724168298671471,0.3460258876006718,-0.08923076728738573,0.33541863511378983,-0.5528186664706671,-0.6783726629767705
2,0.7309890167308025,-0.04178615163194188,0.6338214649278664,0.6388725390271313,0.2563480262571085,0.798971960799725
2,2.8544417651464324,1.1495718631074623,2.546219255611618,2.825248209153497,1.3252129823352212,1.7584395298327116
0,-0.620188411482936,-0.5648665347615855,-1.051609972742132,-1.5943856238418457,-1.1744299603704913,-2.0168195994282896
0,-0.8693333971026809,1.0917977039207098,0.6467979835793587,0.644018915358418,1.113933878470635,-0.16847615351339995
1,-1.051734651350924,-0.5382210131840418,-0.4950465498388692,-0.12406185409886285,0.6792591885549203,-0.8068347378836543
1,0.14013322204056616,-0.6610278773859761,0.8047832704181864,1.0883934272182694,-0.05612458546467359,0.5638123350507518
1,-0.09087358502110121,0.4131175835316627,0.1008028279716974,0.4670324666848799,0.6743975322068704,1.415856715067212
0,-0.12106158987657653,-0.7674609545546145,-0.6355255773579506,-0.8130643973766457,-0.205400398375737,0.624721603906777
2,0.87902547824572,-1.0955844175710818,0.4074241313679911,-0.27451209644124164,-0.420561352915681,0.6335054359455474
2,1.2876336976732752,0.9605239802174798,1.2404534021415086,1.1049104487440504,0.6670949961415963,0.2893301452143367
2,1.656182973677186,1.3231724375024059,2.5952883296239735,0.6211534239954901,0.5176260908688133,1.6132343806502722
2,0.48443937194249714,0.8551593127989251,0.7424927763177378,0.6969594513666297,-0.6035041004331679,1.0878658841695257
1,0.949136606699157,0.2998354527666858,0.611438971940203,-0.20046782348171038,-0.19679319680612045,0.35473205984312894
1,-1.4589985340213925,-0.725751761850169,-1.6842636751433424,-0.906080396331293,-0.12048640864478785,-1.6753824934349018
1,1.7757373578239104,-1.7069412353962523,0.500026861092171,1.4292452078166686,-0.08028742626516287,0.5515914636133167
0,1.088628113951621,1.419552294026671,1.7649774478101723,1.228942825516915,1.5142353803804367,0.4558663175401175
1,-0.25008973381825944,-0.7605686742828731,0.07479987874798534,-0.30340914061172314,-1.1055948958123676,-1.245451389455215
1,-0.5522370549738329,-0.7276943183866388,-0.1414689998649744,-0.789583356396224,-0.9016990204447479,0.6256702984516901
2,-0.16735791363205962,-1.7002507412720762,-0.9366906008427883,-0.4992610079224158,-0.92580355064934,-1.1142473062075178
1,-0.9643530071112509,-0.4440979538733527,-2.3872102685406427,-1.7890557547231194,-1.3902067165388037,-1.4468316310146776
1,-0.01198596717297764,2.2666169129201643,1.281883999332398,0.9412970780106213,2.449014094477913,-0.14540060461141063
0,-0.582159242216901,-1.116564120650918,-0.41807444146733036,-0.6501760012350216,-1.3251895027118938,-0.5018740563756534
2,0.5729889170939809,-0.9465067072079597,0.6727678428141267,-0.18297095485008655,-1.7715117425086617,1.2914138817274967
1,-1.119069002786422,0.6314183483590727,0.5744447700369346,0.4022317753567124,-0.27839380804262703,-0.2586049750382731
2,-0.26645095601818825,-0.1902415916242627,-0.712310599960999,-0.7562258481836095,0.004874079522713153,0.803941374788413
2,-1.2686958600222542,-2.367187352620726,-2.406666444384926,-3.064455896528361,-2.3748347430778844,-1.367328481545646
0,-0.9912758749481786,-0.49574426412649836,-1.5701981062144224,-2.2716578061744777,-1.1812681527015103,-0.6193626986718539
0,-1.1051522059530627,1.2825724976618877,1.0600443738633056,2.6521144045311313,1.1977212554699472,1.5510880037028691
1,0.10053986008022384,1.1120186786997062,0.8627595250947406,0.3698974438157487,0.5835479640434544,1.5808088256985067
2,0.05937859910661866,-1.2210126438338627,-0.4279440068381916,-0.47507625041066087,-1.2457700206082984,1.7494347026880697
0,-0.06552214509001755,1.3006210090898773,1.6811759449594672,1.5016922218951536,0.7396705444837411,0.06109271436371954
0,0.07023014122415903,0.039333921599308014,0.5871200346745142,0.019998846567707614,-0.5499871962580276,-1.2961467483384983
1,-0.2800621119945138,2.152703061511086,0.8769832104054813,0.7924169216839347,1.1833634144028462,0.7255511403012798
2,1.145973106989399,-0.21386774122172755,0.5599286571938306,0.21277078608204383,0.6412370521690884,1.062837019486571
0,-0.3054681134164533,0.11604091548191332,0.6007062157891538,0.46074492527545324,0.7787734260142883,0.3698108257280572
1,0.8382136514760979,-0.7097442399951942,-0.8064554065168735,-0.8509021713232642,-0.9447837809887112,-0.6840349036591985
2,1.0820296160690117,-1.1677619694890764,0.1283795251511227,0.5677953825261868,-0.9219436153001159,-1.0925922664719256
2,-0.638348938750477,-0.5928465644205517,-1.0563420601691027,-0.5782852889220238,-1.5254733501788709,1.6755079045132695
0,-2.0960214494521447,1.7322245053154333,0.4362050174246788,-0.3580779932930038,0.955835385813147,-0.12401878809728195
0,-0.56451086849323,-0.11762348445306908,-0.31531817240734794,-0.25784446845615294,0.1408647632059761,-1.9894893808936698
2,0.08971188551966267,-1.7160707607031591,-1.7322393465589876,-1.6087003953462198,-1.615783531592286,-2.0857506187313595
1,-0.1099877676831866,-0.3381869621088633,-0.383860398590899,-0.37323668306083224,-1.0154278293804653,0.9695744824355548
1,0.5699202112537262,1.0327111233861763,1.3084491803063985,1.116687444926229,1.0501067667333976,1.4356563256032313
0,-0.1108995078660563,1.07991180871033,0.6154169281010017,0.3451673651030508,1.1767727701271755,0.21000413952540609
1,0.3835212810501677,-1.5415379753655416,-0.33217371598875145,-1.0019385626522954,-1.8534807119350742,0.10926640705799527
0,-1.9788932523943075,-0.2203502217087194,-1.0523612360209644,-0.857725655160404,-0.7354272966442963,0.11049060158110215
2,-0.7426003651625805,0.08304244561941053,-0.05537931414411118,-0.11003155510556478,0.1195921768391737,-0.5431433019622324
2,0.5633376116472084,-1.515856600123004,0.08541142478569268,0.6688725229727916,-0.4808051500450758,0.3230677174236404
1,-0.09475183439830495,-1.4986770968312126,-1.3325332984416955,-0.5669767230861241,-2.2877249081035718,-0.6506422113223264
1,1.2277517975571532,-0.20818526125290046,0.9801023796625062,1.273171664715345,-0.35813672933582036,0.8291302331648527
1,-1.784689832024981,1.164661571895205,-1.0135597539416072,-0.22755656377501116,0.5273660785258386,0.23429680508187684
2,0.7225492914341911,0.6974770344762128,0.9021987289688691,0.5664354858834307,-0.026449024499192487,-0.2197560137686762
0,-2.678364027397433,-0.396771786598757,-2.6337190435456437,-3.096566417571907,-0.9890521532972607,-2.7298370824221663
0,1.2391880382930287,1.390791576254333,1.4739450236822156,1.5914574966597403,0.15216136147628642,-0.2208676635367641
0,0.046477055293118935,-0.7153390924521676,-0.01644413054055068,0.1980230654672515,-0.4480624282535999,0.30589366307148436
1,0.9911887098193417,2.2079622573159274,2.9879441677153347,2.9362175370056742,1.0885618699208652,2.652251060864477
0,-0.8249580102691177,0.6065351487253852,0.8093798890926038,0.6965473316752623,0.5371828648456207,1.4352514035052797
0,-0.7117899803943215,-0.3339627263719005,-0.8797173033221031,-0.38825666677995824,-0.786752720019744,0.03887270290249725
1,-1.108429942146411,-0.18639223276779582,-1.2039102407056603,-0.9505924798221914,-0.41012001735253073,-0.3099215596838019
1,-0.6874808481373914,-1.8062144787465653,-1.3965513850555002,-0.451493053831544,-1.8624881603986445,-0.3500126181407536
0,0.6139707895352595,2.021617997727811,1.5049304666004384,0.9580011109429795,1.944386805734916,-0.043792306076044236
1,0.6419056758627723,0.9672277776836771,1.6530694992624422,2.0455955663508787,0.8312364912727016,1.1719833033564413
2,0.4056973320685844,-2.0493921435209383,-1.8725145920325752,-0.5529572676522531,-0.9073440691646666,0.09582704123645319
2,0.7343577121073618,-0.7436175503912152,0.331402297534369,1.338036460906169,-0.24939297783722608,1.6831933158248253
1,-0.17331063278385958,1.756100343586815,1.7382566653731253,1.3423898810453638,2.3745849017687717,0.9044648584430037
1,-0.4019574121199843,-2.051496457459162,-1.1554017757018633,-0.3961465073372995,-1.276708557535414,-1.099814789948473
2,-0.42006386253762223,-1.0935101404978325,-1.080498983740298,-0.3471263384110962,-0.9759202878024598,-0.19570287489523888
2,0.7516240770636572,0.0499913895082296,0.1635096885009067,0.4643119514214095,-0.4369053106067735,-0.31692233761367516
2,-0.17530678687552637,-0.016742219732918215,0.22429232630305757,1.1188764156921078,-0.4609842209346671,1.6084193306761776
1,0.5308393165075528,-1.7393272628520686,-0.6351814722127731,-0.034113222068958636,-0.8213841709399309,-0.9378086539789238
2,0.6263176099760643,-1.2946385702109613,-0.5733767103949855,0.5944327940882744,-1.1771737937050883,0.017953143386388797
1,0.763163065995635,-1.5302180776974892,0.6143269626265381,0.6974871802730729,0.47697781998386846,0.6692812988799399
1,-2.0158192285583563,-0.5174203522735915,-1.029182590817802,-0.6090583821699206,-1.0517319944768586,-1.6033043583649973
0,0.5249717435301404,0.31978044957111623,0.827808419239685,0.6794236527798717,0.35919013627797447,0.41887765883564415
1,-0.6795360020496408,-0.696133735533069,-0.9269781299848574,-0.29376303545566435,-0.728375824931153,-1.1080908833133474
0,-0.20218185593867752,1.3210820919734352,1.2369351689952937,0.49905134424130027,0.9902124207757655,1.6503466888009986
2,1.1561652768016557,-0.5353618622629404,-0.69027534050258,-0.7215133038169639,-0.4460167156490523,-1.8057249330904146
1,-0.648249414004153,0.22193049680947274,0.21074270229201955,0.17600510869213437,0.6148586945755903,0.8075348106459728
2,-0.2649192904658281,-1.042911110805336,-0.617757318395745,0.47436708407619665,-0.5870393589774571,-1.0999760088370472
0,1.4042988059048993,0.6072792663096154,1.4929005252359944,1.4358043021706277,1.209527403853222,3.1388266263027655
2,0.22126472023608787,0.9347090624020787,0.30670529647823336,0.2178333073681607,1.0976249205410549,0.12763162207892864
2,0.18542771842256772,0.8220783902667331,1.4150903677085496,0.8890553510233927,1.6335661075403127,1.4921704734172248
1,-0.48271463770420575,-0.27912621029052453,-0.5827086951214558,-0.898598576448123,-0.5083729634534015,0.022933753335267475
0,0.02088157184604969,-1.0529562976609723,-0.12282952978445012,1.0917790560095184,0.3462850700927421,1.146849698838383
1,-1.2311826785008442,0.4077125873670052,0.22733954494460154,-0.6764732660660892,-1.2551354173368767,-0.2176612162420562
2,-1.4585811301044456,-0.3398241063016224,-1.7722714689594328,-1.7047576655256607,-0.3842691086107869,-1.573525875646024
0,-0.10891350327306148,0.5466044275024533,0.8002621569460718,0.030471687217370706,-0.24726451347798217,0.1735179878605729
0,0.2576072938398143,0.7598535657422252,-0.15080251300795774,0.5259461672794159,1.2338737418407002,0.5256472980451593
1,1.4292900482131667,1.1087944214235501,1.2568491437737852,0.40536022335493754,1.7923193001055295,-0.14665318742409095
1,0.5313300851545131,0.7980211744957814,1.3377758695155586,-0.23548715186174407,-0.4150622054722649,-0.9106685396150666
2,0.11578121941324108,-1.5168155892977422,-1.500472609632337,-1.2048098106934033,-0.7254387985524926,0.14543205652384764
0,-0.21988776764026483,-0.7369143755819736,-0.5906949352763583,0.02094780103758338,-0.41535961322889353,-0.42656659790404367
0,-0.6583218228657105,0.7181170247076314,-0.16018199100976468,0.36043491183375204,0.2857366932947542,-0.18145345701980736
1,1.3823135262410278,0.7990780452283098,0.943738324771458,0.8423727892767379,0.8941959586553706,0.5852683056672341
2,0.023710111648841722,-0.6552032199518628,-0.43661688389790376,-0.23031181974233025,-0.35277288014065933,-0.6323672890599111
0,0.8874368771934352,0.5521675542823956,1.4233685039816222,1.0542550506682147,0.4661312207871973,1.477018818452422
2,1.0200056660464414,1.0482504779761774,0.9401137672088403,0.8241183733699294,0.37150276731638215,2.6104136273367584
1,-0.5003173142118031,-0.6981260585653514,-0.80563191081286,0.16982708986507847,0.9780156465020484,0.42930150529824923
2,0.7989349555414202,-0.500832429789347,0.27426713864355345,0.45777533200738835,-0.16613319838630028,1.3323169547711669
1,0.2340765776623085,1.2499509847766523,0.5016615928569049,0.1704429908831522,0.931310567627226,-0.5578662149908529
0,-0.21416789469195666,0.06258222398423362,0.03772357424994409,0.37384253260047207,-0.6716833463699976,0.07340250484102702
1,-0.6527540847026166,-0.41579030700460384,-0.8337357183519042,-1.8099547775648488,-0.48719642007730607,-1.681460068809214
1,0.011374879753052172,0.05900690447874696,-0.14147224164236502,0.21045062962316566,-0.1447211149881347,0.553380497120236
0,-0.7603486409824896,2.33003682908813,0.47329990229109237,0.4955741573185016,1.4559189153342482,0.9343523596690423
1,0.7735317210533528,0.16584385868303936,0.9141883697382085,0.21662612775246926,0.4946905991215262,-0.30835789946249953
2,-0.8089069416237868,-1.3185600498228804,-1.7656485693672301,-2.459807394035076,-1.958840345504432,-1.5355188889441374
2,1.3611310678417403,-0.6207489024055328,-0.04158478459974145,0.20608281345127194,0.49745258098531747,1.3049694182564564
2,-1.1057216189272916,0.7278249745739148,-0.5448842215194857,-0.526936249924813,0.36591678845807446,-0.0829529754094378
2,1.1774991023546246,1.1626781967641866,2.8366061601659207,1.7727388191540123,0.606244682486802,0.935893531009156
2,0.8303050023935238,-1.2443828682502627,-0.23423158044708642,-0.0057857483419435024,-1.1690842082774495,1.2323868604395547
1,1.0282688391608132,-2.7416964238485018,-1.1993272559946173,0.033921651890226646,-1.2658727909925331,-1.4105861945532452
1,-0.7196588668865044,-2.2018157562931657,-2.285859669840674,-2.339028119573279,-2.747080904147058,-1.466548770024834
0,-1.2799465443544746,-0.006567485008713957,-0.3989693860312903,-0.517132331099472,-0.9594223694957895,0.3335141120633833
1,1.0079181828612487,-1.7306497070012097,-0.24637308369414965,-0.06124766156738048,-1.8856221197477552,0.5171014997651453
1,-1.068354681158031,-1.9205132115694181,-1.7860439824042265,-1.2334438894245687,-1.7339448428273794,-1.443278884073611
1,0.3450113253303214,2.121289840419861,1.674323462354941,0.7815447960653013,1.2646301676406093,1.6768197637846063
2,0.7092850286991685,0.28484769081526146,0.5902452646125842,0.13049473605961043,0.31662992423851166,-0.3489418984136384
2,-0.5479500728080338,0.15703002220124848,-0.50814161424007,-0.21024418328703726,-0.40382551355536644,-1.0019454680258448
0,1.709401548721585,2.043160134740491,2.323482358667903,1.9158118538556472,0.4322674129944611,2.569440084779484
1,-0.04260549183310018,-1.2712926736241268,-1.4131674586833254,-0.9402375640119301,-1.3315417596922146,0.2739006073372177
2,0.8203217756475263,-0.7674643236320328,0.7563704456288327,0.6991786773055382,0.30002322725964453,-0.4168485266366191
0,-0.32384679566671876,-0.19275882941978703,-0.5019701838037594,-1.284654369038194,0.19099295695696872,-2.3465149256096947
0,0.48786892346997185,0.08108159961222788,-0.5793470399863002,-0.5187981330765441,-0.19124391802348722,-1.0420076282617143
0,-1.300740692201185,2.791101212359742,1.412990989374696,0.7356967694161364,1.0753737545433266,1.1424766437547278
1,0.10483445307566383,-1.397673920188847,-1.2289036990294533,-1.6477570550875733,-0.9763628887072714,-1.797324675040996
1,0.40867380884582477,0.566330147286684,1.6837525253871417,1.153545850911324,0.25263383198759387,0.47801021613278827
1,0.20181267225955754,-1.0725630687252887,-0.4397835901122337,0.13821561101768223,-0.5285857934294327,-0.7331882376013863
0,-0.42240942277602117,-0.4146917509713207,-0.23524458685053976,-0.5429416386212194,-0.030106656966551324,0.2076105141365159
2,1.6193503532945754,0.9274698880221303,2.1369827995180986,1.7703476063231178,1.3960471001484693,2.6430457383280115
0,0.6616945379046478,-0.7831739578771867,0.2365990165923232,0.5595321579716719,0.10981999860516983,0.2556519952976475
2,-0.5646727103693312,-0.698711451308498,-1.0552409016982072,-1.1001949954835306,-1.3141258671338505,-0.7663771806431945
2,0.41778424161705735,0.562371367682957,0.6037064231784954,-0.038717586057591825,0.5522340274882264,0.6494812868673167
2,-0.30944371574105073,-1.2872608539202093,-1.0000244505222933,-0.36855179252752507,-1.2718674394497969,-2.703819102930829
1,-0.47212219513264575,0.6603453733609481,0.3641277664647031,-0.09195186660961428,0.4581743680940468,-0.19112618277305785
0,-0.747068026315361,0.24710944067019308,-0.4477986377215521,-0.13467265210654802,0.1444959661734443,-0.953929198906976
1,0.621304313989344,0.014801320357635851,0.4630772020839994,1.0936348545332402,0.8006850739783768,-0.010903651269344462
1,0.4054687916350208,1.0481240642190748,0.6073294325861712,1.0979420122763608,2.094679910006462,0.1612282468795199
0,0.25156296720875343,-0.7846638163358395,-0.3686259005469647,0.8087003083261463,-0.3720595500915984,0.8340416605222731
1,-0.31332250870889633,-0.9271455062149712,-0.5236582510995752,-0.47034493674526995,0.7025322076677976,-0.5270302479525826
0,-0.36426473855514163,-0.04955312016025873,-0.19004531159197052,-0.5140395502456272,0.1244757625352283,0.2535612212673167
2,0.04188242839042637,1.1053858619641816,0.7089691952230479,0.31597436195968315,0.7001736851829672,-0.03791131412357143
1,-0.28848463498808835,1.2585057837355063,0.5799592203685087,0.7401040176110547,0.6337697362314909,0.05589687419832589
0,0.46358288696673833,1.3852641204849279,1.7537080238144405,1.3478274637716485,0.8187389535838135,0.2514449267945947
0,-0.3553486479245728,0.2656851709272651,-1.1931135820687828,-0.8928310619645202,-1.2712841465181783,-0.057311162543862745
0,0.843970770097976,0.6443460649552264,1.3456432729717422,1.438455739057033,0.3110152666483659,0.6814893305308232
1,-0.7724205492607386,-1.9459811625178578,-2.0528539150699125,-1.320130637658006,-0.8612093293823677,-0.4316141875493659
1,-0.9321425936813682,1.2051740211079436,0.46269432020184204,0.35028659936880513,1.0355778718782422,-0.1745733926922799
0,-2.3183813727847373,0.09328057899439282,-1.0643368150380055,-1.216117754116187,-1.0624611789828964,-0.1377272182620801
2,0.47439827001265455,-0.21737409208309572,0.03178588950287051,-0.9284785333676985,-0.9827275753166913,-0.007880600253695833
1,-0.6410084327155952,-0.1795006929188214,-0.389825645719031,0.3661684206204623,0.13178835310142137,-0.7836590708478268
2,1.4698461459939085,0.16559890170982822,1.269845251459483,0.6910410793564205,-0.08896507114259704,-0.48051419636357495
2,0.837391380962849,-1.5079552082177177,-1.3097256553719459,-1.3577861223454355,-0.7236428977724256,-1.2327025192263705
0,-1.0397795928028106,0.09421704813450373,0.11385084094714656,0.19202764011260434,0.7747627415563062,0.059289713431670284
2,1.660285517884919,1.045163490142648,2.0153253491106424,1.4019516408023094,1.1459665566795885,1.1387211543979123
0,0.8323470179434866,-0.05264760055536224,-0.40485302098108955,-1.0360511947625832,-0.023628883669446696,-0.6570587493368651
0,-0.8551243161053291,0.8007375831277002,0.4287627206369006,0.24572440975156118,2.0732764899252905,-0.4462501956003287
2,-0.8328182144181926,0.500033074252025,-0.17053567717388793,-0.6309544722354761,-0.3905464069370792,-1.3751804043973603
1,-0.6265134276091067,-1.8508249722414023,-1.4105848369722322,-1.8238578722794168,-1.9221543167697217,-2.579174123600908
2,1.9431078701803846,0.33251606612069184,1.8684610395941879,2.342503830158161,0.4570500778283843,2.2201845347333
0,-1.0021453160311282,-0.41950569661714737,-1.1438055075423865,0.5433010886950823,0.4816225173072694,0.9369302874069738
2,0.43922982908259806,0.4021709229465417,0.28723588234634795,0.2134575983545283,0.6017315222679276,1.3598086534178544
1,-0.11509943577896817,1.372725319452385,1.2252498810844665,1.8310658603869245,1.0373667755684932,0.1262173282133272
1,0.5993619586508804,0.4206450967662912,0.0598089264696741,0.8553186167675983,0.9404090878447195,0.44164146611572774
1,-0.4418645235560068,-0.007503061256099459,-0.21802683953199764,-0.4011657172610759,-0.1068885866719946,0.5274210509696023
0,0.8271737371910334,1.5841019351089398,1.1351352010725757,1.6450012397396314,2.4035978571980423,1.3824297176755633
1,-0.32428144277501386,-0.03427147658846739,0.2781855099467892,1.0165373792990289,0.719436230946198,0.25896468200519285
0,-0.841920896149433,-1.4198386967704513,-0.753798577367918,-1.013037257413958,-1.4520436019095884,-1.6323366120796552
1,1.5836761562558297,0.19660400779905868,0.35773775275807407,-0.0051530435988678,-0.8719358367797436,-1.065972325371344
0,-0.7722470266568815,0.33308593262525704,-0.1604046330937316,-0.3572586398391353,-0.6257734569074099,0.36306263450207177
1,-1.598529545981038,-0.0702109929767059,-0.7930786152560856,-0.5096483053838459,0.8517691490855055,0.9928158044722031
1,0.7242131022246023,-0.07952914545703077,0.03846183357339569,-0.12985681163366883,-0.9671182426702835,0.39444042785520816
2,0.7486059771535789,-0.8791261279637081,0.5693585144514792,-0.8690958671860249,0.2319161632742979,-1.477801088790231
0,0.7445863243839004,-0.9184731417318096,-0.17193132793822197,-0.6178010122474503,-0.6954414646759963,-1.9595956194561328
2,0.01638501154995318,0.2182933550874593,-0.11711981398616247,0.5182970219951852,0.32661174480242106,1.7458153002124701
0,0.5258534146483932,2.026198922798709,1.3977073716476622,0.694893734652197,-0.22987751191690334,0.390667588514811
2,-1.4331186244686347,-0.6594637486008369,-2.2353252600639313,-1.4686092593901452,-2.416638271184404,-0.34784907212090976
2,0.3877316734135608,-0.7803481099739529,-0.18444892208150046,-0.3810185044304238,-1.237185009151392,0.20061236081022396
0,-1.1000095439383757,2.6619178785877025,0.5340637164471621,-0.016750590982641565,0.8459890582316246,0.1192539365747616
1,1.455501227971192,0.033218223648281336,0.5222103701961642,0.7173319676899433,0.49390556992763923,0.3866291435427507
2,1.0719000476839946,0.8713009276590591,1.096860640175802,1.3253687976835016,2.4505321353999148,1.2735988612444373
2,-0.6829284049180145,0.4811216907013759,0.18970523874969067,0.5364389929377571,0.7411429369999937,0.33269345487694146
2,1.3612657281780096,0.35948554816604833,1.4791683565544753,0.6210576548489182,-0.36772170086321215,-1.0667667093761042
1,0.4393995473038481,0.24299461526385802,0.9132678447601849,-0.14046102653998424,-0.6461967973590242,0.8777334867478348
2,0.2576672830048429,-0.044122924809241695,0.15516773671780193,-0.8355349849155704,-0.15491577866451947,-0.47395050933131255
0,-0.6437093623431324,-1.5692978358606622,-1.1326051845221292,-0.7057123700011999,-0.790872966118163,-0.448630462234205
1,-1.3519831390163854,2.4350790191782146,0.8327249309675592,-0.4405074556030625,1.549256668557548,-1.1826960021612412
0,-1.3632212108711603,1.4160768690661494,0.1412086121401639,0.2539781636960437,0.8549081694059218,2.000563398598032
0,-0.7334300179322542,1.2538920760301768,0.29875251709947603,-0.5601861581088722,0.5071000335410364,0.12084875520488295
0,0.2504048444992783,0.05520038966885026,0.4119562396529169,-0.17902306576302243,0.34077776148870964,-1.2072604156907654
1,0.8718912610745865,-0.02651609160320322,0.5300259911372392,1.3985189874008224,1.2283898899927872,0.766053169842441
1,-1.3670946020879051,-0.6416087745666533,-0.7149441600156987,0.5016317991250859,0.08898369150856997,1.0404515965585124
1,-1.8604172340537162,0.9785211813275725,0.019698195256076734,0.2604002248051786,-0.20244365096919426,0.4354851589572304
0,0.40435801428521423,0.7397029576349301,1.586105168013353,1.3290888484534018,-0.4049622250784424,0.625003610967498
1,0.08052690438766756,-1.7353135681377312,-0.7065557784782882,0.27381269362559835,-0.6422954707192784,-0.1661723002443496
2,0.21520580731433422,-0.6144311663827086,-0.560689477332645,-1.0110818017030918,-1.2604624466578445,-0.21108479181969578
2,-0.38510220563381414,0.5713489721805136,-0.7953695667997799,-0.9869961162750821,0.2718334959234025,-0.004260826954808764
0,-0.9724905529192238,-0.3463824255838192,-0.01806734644274412,0.04913823051885743,0.4462205170957209,0.12313487151651087
1,1.221614736316707,-0.46296843405534877,-0.2705748925105803,-0.35314467274944417,-0.5238634666318666,0.514690934160018
2,-0.4625338169479643,-0.4564316627172211,-1.4755720187194594,0.058295644214162785,-0.4695058610598963,0.18622360891849796
1,-0.8771292291254472,0.21119430942660536,-0.11228101641659302,0.016983131791647173,1.1850803595952528,0.6862357949898402
1,0.6175128475140357,1.1778404723531977,0.5113383832980718,0.5371873509229359,1.7711960849859236,0.45755101997510844
1,0.7278552616851007,-0.9903769192168879,-1.0140126344154647,-1.625953229003795,-0.8485116446856239,0.5389693342548351
1,-0.9786108093207215,-0.8949775973361497,-1.3620212924728228,-0.6305987682313705,0.275368835217683,0.2768070580847761
2,-0.6428204123952119,0.06302863505028466,-0.12033157718150592,0.45555900601151567,0.22299056945392853,1.0123061724909785
1,-0.564576650998974,-0.5387279425517256,-0.3970764297768316,-0.5174059142759966,0.06543830134802812,-2.2235198780711074
0,-0.9972028453299557,1.3607985906466777,-0.14285852128899512,0.07021926080124222,1.1147916116207275,-0.37524703790061625
1,0.18924387946858726,-0.3258757211642617,0.7234923333874979,0.9160253114663963,-0.6862885690559276,1.6334883122006691
0,-1.4084493111353855,0.4872540803324475,-0.490097912046288,-0.8371187112712407,0.29244987074514234,-0.6563530721048455
1,-0.9673403379926601,-1.4768342797339233,-0.9600720461249191,-1.9511448389995576,-2.4213814085000203,0.3101964265948193
0,-2.3605743180815684,1.3895660365329723,-1.0939201748681704,-0.17432597531567764,0.5846144580328907,0.5742544808585825
2,1.6303829552646596,-0.8456126084604791,0.6920690413211865,0.5415435208815056,0.5915605264941666,0.5547637439492393
2,0.043078060970777134,0.7046355877669163,0.5766314563152598,0.3954636044540118,0.5195539429396441,0.9174992955511874
0,-0.5568688878937784,1.1772096642066574,0.2797368565951333,0.2153869332900298,0.13201862998415043,1.5715086334636494
1,-0.3440901372758372,2.0137532800675424,1.2819008257756603,0.2965778081456969,0.8697970154916358,0.6639073022473421
2,-1.3578813970318215,-0.4124800217103099,-1.505163886908918,-0.5165196507663863,0.3774773848412818,0.16057131844432965
1,-1.1865592626064978,1.027810835080529,-0.12419380972142775,-0.1081399703578923,0.4271390102526355,0.519361004349322
2,-0.1598587473830246,-1.494002061529182,-2.0040236234473525,-1.924741329411605,0.1977128785516049,-1.4887553855995068
0,-0.5522532087106145,1.6477885100210015,0.6927647334297847,0.994074224349085,0.3610654680638163,0.8395374597736401
2,0.6303197525506313,-1.2314931165765335,-0.6958380757745691,-0.2091373847243582,-1.7916049782380807,-0.3445052431019619
2,-1.1281108302915541,0.07605302602374142,-0.3442296189079302,-0.7918417660246068,0.3437003993058286,-0.17215105390297483
0,-0.48015909799944195,1.8280591322764732,0.857669093432176,0.22325040702483914,0.6728583901123673,0.25169169537555647
0,0.5009286371786652,1.1370023013849475,0.10454111372419174,0.14015235891130615,-0.2913744320438928,-0.33724410516973563
0,-0.9886738243283058,-0.005602200077181069,-0.4611180714864233,-0.07286434918007623,-0.009035387420436464,0.5218664679252959
0,-1.7296843722037398,1.6605273349727312,0.022436012993359986,0.928824727353772,2.1695173326060258,0.6264931663892132
1,-1.1402695460310908,-1.3777091107328472,-1.9549230004612494,-2.1926901082396326,-0.5474699901887036,-2.50436153600009
1,0.5025034396504758,-0.6874998705327637,0.32566108042773434,-0.20492395228907187,0.27918632036210805,0.47293170381923083
1,-0.22799442873416395,-0.2530590079867937,-0.5750834303167214,0.083308121380506,0.16689450572858436,-0.9124518564236129
1,0.7005774441698015,-0.3123289746272921,-0.15379879836050214,0.9596320149531335,-0.688891937983328,1.4396041374140145
1,-1.3545822757411434,0.42762244808087224,0.3222678561301546,0.4006695997241372,-1.1229380143077465,-0.4768268839771921
2,-0.3382276853821466,-0.25857110308469416,-0.0054249368547510946,0.016314447649904928,0.4370502329934053,-0.33566814029991027
0,0.16529822349350187,-0.4311652362024958,-1.6061540920563147,-1.287421779895137,-1.1796954270392297,0.4867744103678477
2,1.4146071419645425,0.3392457156775848,1.481613514919295,1.7416876157343566,0.3563657361146567,-0.1557415321159288
2,-0.5842818601911683,-0.6658295150635043,-0.7877812402033629,-0.004163488585225684,-0.20684896793626031,-0.25834920763960445
0,0.30399415281886694,0.27150014861048516,-0.18821069528116244,-0.22959620962588276,-0.6681963438067705,-1.7618283671741062
1,-1.1777179064276841,-0.6794929576619018,-1.544183436200703,-1.082837236531352,-0.5983330098788263,0.5457025062134255
0,-0.13203194004252441,0.2730993779707081,0.8292996276317385,0.18162270736570119,0.8335170314542408,0.054826270952531966
2,1.0994236803340294,0.27362212351155774,1.0044288086691906,0.4996579933595835,0.4000004344875277,-0.28318769036493197
2,0.17232321319143054,0.22202112736239024,0.6545104884929863,-0.6881183495881341,0.06949356522331322,-0.40518242525702763
1,-0.5858770383365197,-1.117782538621354,-0.30336960298917093,-0.090615380322772,-0.0914064474078586,-0.4692685431301657
1,-0.451772925110473,0.129496935927226,0.08522136967263791,-0.47072372713882304,-0.8003894405342178,-0.8879682789645942
1,0.18813481947524327,-0.9929999126319774,-1.026569744113838,-1.5375122792427423,-1.944440151709964,0.4457225764221811
2,0.03120352141184434,-0.6848520583633075,-0.31572528775547215,-0.24712986244682014,-0.48533386981345117,-1.7041808479462033
1,1.580220511497797,0.3507762778580206,0.9057276929596525,1.3052151513105221,0.40294555759207423,0.3280247124032164
1,-0.34238137438681926,0.6761473327301557,0.6468882537760972,1.0085252339475177,1.4588106580442668,0.17058160448362783
0,1.4312679342399517,-0.371478505378137,0.7665524258880906,0.7976873658326185,-0.42560431165701146,-0.6744133772479555
0,0.060274526685427515,1.2550277341692058,0.641622814274837,0.452355653651052,0.40872857374996974,1.1481564533648385
2,-0.5405541240828371,-0.4038258135025449,-0.32269368919865354,-0.048070990485431835,-1.4157869058801165,-0.5839833496942897
2,1.2671248595562579,-0.3327462867839819,-0.2887867880448924,0.14495875365730826,-0.5005357378171548,1.1096583700397127
0,-0.866172426359144,0.8002785452949599,-0.2464232911596987,0.05011686693455814,0.22784216703880186,0.48355598940261973
1,1.3326510070448836,-0.036541576215738204,0.45188881804653264,-0.4409245123517316,0.33148274851311227,-1.3167448177191752
0,0.3045240008422797,-0.45946203931317503,-0.2184547831058812,-0.11848729219826164,-0.10604282818939127,-0.2578616064034445
1,0.5649609133710802,0.2775240431014534,-0.462810784390199,0.3280729597561043,-0.1381853315125861,1.9660861147645974
2,0.2645976151401566,-0.9563479569238222,-0.8146131677521403,-0.6296211483679462,-1.2126887823054733,-1.0551487347526
1,-0.04607124847084372,-1.1423404326796602,-1.8447073508803338,-1.7196473691575165,-1.0274495793217935,-0.8982800143365653
2,1.25175672829595,-1.9394106445162493,-1.5452274644248922,-1.3952855350223954,-3.442949268613354,-1.1781381009043133
1,-1.2041357393263805,0.1347664329413312,-0.46225957351785435,-1.587954956311835,-0.6773904428836952,-1.0753460747903412
2,0.8455106585491664,-0.6932246751455797,0.10425317774577593,0.6563314798602751,-0.07260227992579345,0.4171551221412902
1,-0.10578901488173832,0.04813592868257859,0.22079681020570346,0.40541467239604956,-1.2422946949685867,1.2323633218099148
0,-0.7812051734929765,-0.3139086765341896,0.11637869981504827,1.7359371141347102,0.47297201852893167,0.960706323720006
1,0.40449606035839447,0.12916071668838283,0.08729847721497556,-0.31558490502696485,1.1347475306179031,-0.11397962104470932
2,0.7655795709383838,0.7473771992468677,0.8709584755395141,0.41858199691580494,1.058627509011043,0.42249170039116624
0,-0.2595241431914187,-0.07304794244982474,1.0743158589527786,0.9928563173378757,0.27077722922143843,1.5926437639263848
0,-0.4575371176967711,0.7949073551580149,0.5370554850860335,0.4610052526993738,-0.20964980774244563,0.1226487017484005
1,0.6079012450483106,-1.3799144202602576,0.01884531471254447,0.14698126444407572,-1.3874267825001056,-0.4431657022034521
0,-0.7469331212792517,0.6878516521203752,-0.6155574032871161,0.02446191413465763,0.651376791932855,1.3446269980179768
1,0.8865068382086642,1.2170831834909706,1.8236028128569184,1.494735484509427,0.45454400177552223,0.837927683966409
1,-0.257334347090065,0.10933655805597768,0.5070241454468811,0.2168136329937838,0.7412956751252457,0.8762775585832833
2,-0.07788711056032652,-1.4114193687137202,-0.8527264203083231,-0.39116244628579006,-0.5455047093706739,-0.7696493786580526
1,-1.4666072909287011,0.13900519502457115,-1.5051910875600971,-0.7811512507514595,0.8077034156114669,-1.8274481111504826
1,-0.3584369751402756,0.2301514471982973,0.8073470527673579,0.4853716741322221,-0.2779570307752707,0.3146616758193656
2,0.2588239231058945,-1.0183493797999807,-0.46697819149099773,-0.18140123310891115,-1.493031538102865,0.5085484318589695
0,-0.17393384036748394,-0.4364654203514739,-0.879749724282231,-0.3934025540233201,-0.028100900286299694,-0.2997829064605942
2,-1.0873214723354558,1.065480756387817,0.26365377877972174,0.5109657863866767,1.0842062952252909,1.4582159668964254
0,-1.0824132482811628,0.03677894578935969,-0.19003765958764895,1.2180270389162935,0.5564863172396524,-0.17534603990424016
0,0.8597781027715992,-0.7376903836798696,-0.7301106936984129,0.615338988906951,-0.393189826106136,-0.20276486321690457
2,0.9286692480190663,0.22066851216573105,0.06582771687094476,-0.6836956411000973,-0.5493979599374471,0.3961732068796827
0,-1.0862201777507468,-0.29595310358289145,-1.391728335032237,-0.39193145422293285,-0.6567447255729107,-0.23823309227583706
1,0.9321484757685575,-0.8449093269747263,0.9726080305386404,0.7209665282909181,0.0015887361639482821,0.7687876686086653
1,-0.30874432754556436,0.7693758456241669,-0.4193882544886824,-0.8362575737632187,-0.4148433515081591,-0.3313137647729383
2,-0.014250543111837795,-0.8744005771404901,-1.027385369810024,-1.4818937491177606,-0.9617850967131117,0.5950275374421772
2,0.3251543557937176,0.018069594603738543,1.181559344368923,0.6891377691594511,1.1560489624942567,1.2144695172822413
2,-1.0168182583726877,-0.027139894640529842,-1.906118063206645,-1.1518700034663016,-1.1534244729969012,-1.5971198474721833
2,-2.017624476325838,0.9049726642310439,-0.3111814614870125,0.16784322576403002,0.32345940614968366,-0.6846486863208278
2,0.20163895286769115,-1.0606736089798718,-0.40759869697280726,0.018767070610406795,-1.5009556749082469,-6.394156942219618e-05
1,-0.05546580819617701,0.8495238006491328,0.706663167873817,0.08653464595793732,0.5275326163207731,-0.30965269306505266
0,-0.55984832842213,-0.1201561143770059,-0.4491801233951635,-0.2973987117543928,0.07962415169337464,-1.7783115471162856
1,0.8482801111602039,1.2928023849038746,2.0209927995581882,0.719892472166089,0.726113069886452,0.1822106950517465
1,0.5730482946142986,-0.38237082432349745,-0.5453465597956157,-0.44857309723044697,0.2144668579288491,0.24629399084867426
0,-1.3650075395944996,-0.5750755483112844,-1.1236607694389205,-1.2798528662666566,-0.44050671208017883,-1.5766370204003302
0,-0.10464547875203081,-0.12382169004114693,0.9417703255516389,0.615305422186751,0.23192906029735805,0.3949454275592233
0,-0.6620099468067671,-0.7089919445494443,-1.255233990269794,-0.6229650090965021,-0.35181587781733953,-1.1563126236120729
0,0.5306156178021865,1.0715755880608198,0.6364154706760026,0.8320720328235446,0.06290594084890443,0.4752113605391605
0,-0.05484370881298251,-0.2063697130169688,0.2355616078167278,0.041557937002408084,-0.09948806651542498,-0.9875139034820455
2,0.20200748600724225,-0.35461869710405175,-0.4823113911725121,0.4707203416888523,0.060438369190528904,-0.4772688022182543
0,-0.3598744609056501,-1.2604067147169231,-1.1311283224689288,0.21999183883189086,-0.6445943066258073,0.280373879609914
1,-0.06462103074982357,-1.4181112591092107,-0.8743451170110736,-1.0860301743328054,-0.5872354831554609,-1.41507635048313
0,-0.011718985722695094,1.7162389267281322,1.5302512537592305,1.19345175735794,0.7848186186966858,-0.9964996809808034
1,-1.1900108684681583,-1.3207846866944628,-1.784544148181147,-1.175980861889366,-1.316796182555816,-0.140505200528907
2,1.0036217195707813,0.4040376625405008,1.1515061885764941,1.4674916894745822,0.31636279063624434,-0.3638734994165567
2,-0.019970191235914668,-0.6486968684805972,-0.984512778122625,-0.9609931170672187,-1.0049296681586144,-1.907868823491067
2,-0.3459691836512329,-1.8451313778287184,-1.0202071639914492,-1.375941452234137,-1.235184948322158,-0.27377707777940435
1,0.45926134522533674,0.16440925527022077,0.5211859294302859,0.425278364481969,0.9551654818274076,-1.5834560047327386
1,1.253562463895838,-1.1809556820401415,0.25803806814665636,-0.1667126574402786,0.10076994175571705,0.48719461792435614
0,-1.2105033695167111,-0.00992522949659152,-1.4413117489311609,-1.3709320186675726,0.5419056802094471,-0.18511342806643122
1,-0.9572240998046276,-1.5225727621109593,-2.2027613471933765,-1.92798593920947,-2.3404817834781455,-1.0564751590364843
2,-0.530483224025587,-0.4712894441697829,-1.0908138961519063,-0.318426661307152,0.27712229427526974,-0.3892178053494212
2,1.7436584986500705,-0.22912184125625623,0.5338189353818501,0.4516684106422442,-0.9534806493873754,0.41720187639574
2,1.6566578705872246,-0.06253205873087724,0.49623419302011745,0.5614171486195646,1.5419986712974882,0.42413111275046633
2,-0.3738057279238861,0.7449272616840934,-0.08741950368973092,0.056983594692278504,1.4715074330953875,-0.2574970507847972
0,-0.564441847864993,0.20086131887937206,-0.25663114550200317,0.01160103906820187,0.3783673730543739,-1.9879714487178508
1,0.021048028183123502,-0.0529893348411115,-0.6804880674894762,-0.8141622333041065,-0.8877948723307145,-1.966966648715816
0,0.38283742796710113,0.1516861728481526,-0.33866106222470577,-0.22027224565216094,-0.05660073584781042,2.136419509676082
2,-0.4737218595115467,-1.3130662312840227,-0.9942532272323015,-1.8650721148384526,-2.3233389803437694,-1.407505275895042
0,-1.591299976636033,2.4573775742144592,0.0009210846247752668,0.9588542435258146,1.5044932351189466,0.12875845373193773
2,-0.059128458270631866,-1.2206456394729712,-0.8373540510988189,-0.6243253380007455,-0.3184487128123717,-0.5908502601215868
0,0.3752579291011738,1.716527631999458,0.8850725646745891,1.5350365158780397,0.5332547270922472,3.2567293110179243
2,0.6532009294908361,-0.00796192105304532,0.35100094191185727,0.7020560099627561,0.14800756308231805,1.0388974627626062
1,-0.05158171873366443,0.2715852551278297,-0.5311962463529889,0.1118624080845858,0.27680990406564393,0.031073241322022653
0,2.500385937376688,0.7729009612546096,1.7758911263146206,1.5813076705829392,0.9040352138947838,2.663685033874422
0,0.40448811634879467,0.846565857363193,-0.1804996496110183,-0.10226016724050749,0.1840949677777594,0.028356306523554187
2,1.2321840335938357,0.6590727778107592,0.7184367767840354,0.8907006619876432,1.009780304891604,-0.2373790483164782
2,2.0425589604065673,0.6998591265242022,2.6150054324140175,1.6796993706197365,1.5788521554959578,-0.4221909207603465
0,-0.2751916199626096,0.3271430396667603,0.3551360841829952,-1.2216300071225639,-0.49156838981830014,0.05761334951038576
0,-0.4654198616393777,-0.9306083558826223,-0.24717465422356355,-0.2122540252814157,-0.7278458209761691,-1.2321017326794161
1,-0.4716079928420877,1.2795801629629524,0.26121195566629407,0.2034880851617003,1.212258336906454,-1.1076403953657774
0,0.9306956314100029,-1.618784655248372,0.05513071727409114,-0.9790169729126774,-1.1319955876074197,-0.07397385827701534
0,-0.6937114791389326,1.9305540021153296,0.9342447378807801,1.837619085297388,2.0018401207921435,1.8591214459823855
2,0.9319686964924049,-0.17417881115179273,0.7604353389063504,1.0439901426847331,1.126654144076501,0.29848883445633134
