need,intent,match,engagement,renewal,support
0.2498201782046678,-0.3720944151689258,,0.6671966573447113,0.252765555546217,-0.2800576123300393
,-0.210471240467543,0.9049693498362053,1.0047267944347391,0.320094564705332,-0.3322150651385689
-0.5797521086359287,,-0.5785785324649272,-0.2354436731134668,-0.7324308731038859,0.5941015624599216
-0.9028231798955924,-0.0773087830951552,-0.7712187519591105,-0.531128176034263,-0.1057205782669833,-1.5035509761189163
-1.9857446791937663,0.0872969079383485,-0.6913151917665359,-1.2817314231993708,-0.7979062465095635,
0.9770500728872789,-0.3390713499713617,-0.4916980081714752,0.8981589363762469,0.3784652342387301,-0.0412283042655611
0.0222991499192095,0.6565179746352429,1.032937826478696,1.9777940056327747,,
0.2113306741785371,-1.1617946171711933,,-1.583706544979388,-1.234362172218069,-0.6099715405718383
-0.7777730616263373,0.5462842185661345,0.0050949241048834,0.1275547008060204,0.521758579879625,-0.9890143433519344
1.2318678023491827,-3.4679620218885256,-0.5679494185014297,,-1.3999090743232308,
0.948634060380798,2.259166639517977,2.355942662296564,0.9861637010438548,3.09840926514934,-0.3874438633276471
-0.1161508896610888,,0.7588775975670504,0.3962950875016777,-0.6317797685824197,0.3482782143716034
-0.5500928566379298,-0.5247988033819508,-0.9992364423878952,-2.136815881516933,-1.014644278473367,-2.163020810349679
-0.3509655738114527,,,1.3321344779232158,1.1943265133983083,-0.5404843157664009
,-0.1676242202002555,,,0.0035421638948843,-0.7272354618306204
0.032203770671825,,-0.0758865669378673,,0.2299149779677946,
-0.6103835568500906,,0.8025650402006648,,-0.5905144982862417,0.2012896591190541
0.5910564355458421,0.6123493861568939,,,0.0614908488418682,0.170331314178812
,-1.1684170558790776,-0.8086061140489158,-0.1720895386733403,,-0.4611795643742643
-0.3482318686026308,,0.8947988141927414,0.8849583316760444,0.7052562374881922,
,-0.4598246261561466,-0.0890464493202389,,0.9893577661299532,-1.2730534597272096
-0.7199107230314377,0.5961078931395298,-0.2444145524219939,,-0.4680100749496859,0.1305513534468945
,-0.8724536095437236,-2.407032581825854,-3.404626991429519,-1.8751652651994328,-2.172676120345008
0.3717784310636194,-1.1548420851650316,-0.8321107818745854,-0.8120718777907124,-0.1950105735034167,0.7520556637576463
-2.0717556324689745,,-1.3693073908201692,-1.4692008948786632,-1.4137482186098715,-0.1287353851954637
0.2699647761009395,-1.098600615917129,0.3081327637830505,-0.0580006939375705,-0.1280181119494198,0.3281685161871788
0.987144962083501,-0.6271592689435392,0.0558756275101031,0.489584293166205,,
0.0757448582004955,0.7945474540316996,0.3100720379858862,-0.1030733663466788,0.3828073170377996,-1.5605915522503364
0.0149185837989388,,-0.573093011023289,,0.3688433212034576,-0.6994089619490104
-2.0445026035132745,-0.5906785298095226,-1.6026537343280776,-0.8334856655210118,,1.4650004133152517
0.560824400854178,,,0.6192702775575561,0.9960560944933924,
0.4018490419213248,0.4084455929670779,0.7579420089546695,0.8426834390215714,,-0.498319755250693
-1.16608859711259,-0.8117923684645936,,-0.7450520167804565,-0.9514988295668586,
1.9183860972071065,,1.1302569368369997,,-0.4447563577870888,0.3271448659329176
-1.2180953412572586,-1.0369394479794127,-2.3193792174972576,-2.651637955687354,-0.9876527022776224,-1.7230919838580798
-1.6732671174349831,1.079777771659152,-0.1740645043531101,-0.5167754198366635,,0.0538016864023517
,1.721531615997745,,1.2233684724978444,1.9087611186754727,0.2093833373914087
,,,0.3959608779602691,0.3044068063739543,-0.8907520206381648
0.3434408629599539,-1.315050119679885,,-0.0017552711127936,,
0.4465203373993023,0.3563653135614914,0.1708083729875221,0.7723622578398212,,
-0.3316385153315008,0.410862229074485,-0.1298928233796301,0.5769239104843036,-0.7096232692221957,-0.3817552521307477
-0.8068466674380688,0.4546766756021948,0.0626261811829446,,,-0.1326015779674727
,1.7781169224269473,2.309520190662861,2.465351350147209,,1.26905291330309
,1.093933244591224,0.9678598524311874,,,0.6225606919700907
-1.203922534480066,1.3065124806057833,0.5699528107622039,-0.1322493988923625,1.2739078501838408,
1.4066461265115842,-0.6864456870094636,,1.0714993454625017,0.3951348200478726,-0.5066452037801034
,-0.2868718092406859,0.0455945807907263,0.1072519269971128,,-0.1115917488805046
0.4768295042142129,0.0525718134392911,1.527091085394498,1.3305508650884603,0.6261450005696765,
0.6313455571496127,0.8598136278422872,,,0.7408102250340411,-0.2611438215621867
-0.5660229244794059,0.0011847356248837,-0.4117421224332542,0.7955734348799794,0.7254019340608104,0.8668402268896052
,0.7767023552187163,0.2027899634716297,-0.1024231401973728,-0.5817466172516975,-1.171358182127068
0.6460832205306218,1.0845555038084058,1.2762180098028353,,-0.0588388028959654,
-0.6113668398509009,,-0.0833971423372803,,,1.2273192455397983
0.3415907204223289,1.9291827763962024,,1.8666656535466284,,1.9406575769349133
,-0.1875587511603703,-0.0889800435559079,-0.3874329448689426,-0.7982311662315502,-0.3069514743958704
,0.7402622252425208,-0.6131254508140569,,0.1749071605500953,
0.9718190364855206,,-0.5981916948501161,-1.2126474061150878,-0.6775679872585562,-0.9704297843748966
-1.2834263949731706,0.055807650766715,-0.501154398471875,,-1.050614838262439,-1.3165828691553574
,0.9052260029489324,0.4558046490697596,,0.8432083881188388,-0.7515736974692415
,,1.9302925931288584,2.074599580179137,1.4479082517699708,
1.2719719694614997,0.3007890586147884,0.849177265545551,,,
-1.1137278400930837,1.385298351002899,0.1854668473489218,0.8667030385514897,1.226401004770537,-0.2886877238463454
-0.5374289488757812,1.862743188550951,1.2211016420489604,1.4924923804423167,2.0581411636092275,1.605237278083689
-0.0946383919286769,0.0356607619593173,,,-0.0153902468554833,
0.1864519888420954,1.3418358841630589,0.4392150870074136,,1.5569561881062104,1.1412269052342532
0.8739074351947617,,0.9169206878463309,0.706567369436422,1.3547407843361583,0.2053496755728912
0.3166742133039198,-0.161455892080869,,-0.6543786772645583,-0.932757007452831,
0.0305005867496643,0.8147110912421777,0.2930442490265684,,0.5659216802074098,-0.1944745921546569
,-1.8281919404701776,-0.781986206536001,-0.288780378679223,,-1.5012351341915504
2.10123776263729,,-0.2202500229865864,-0.5510953597547559,-0.4571550619663189,-1.5297178699670957
,-1.2024081152901611,-2.2399974861499703,-1.0622472884941223,-0.9796013650362524,-1.296290525622303
,0.3378772074329745,-0.3137363543709733,-0.8027655974983763,,0.2280809908444719
0.7651146589217235,0.7260132298555596,0.8313074479121167,-0.0385370814525378,0.5499620251370916,-0.2486681773918305
,-1.81035068364055,-1.543122746670879,-1.4952033599559036,,
1.439960732394643,-0.2205906738687721,0.6093239998611557,0.5194637250384072,0.1980402203802795,-0.8674532373400664
,,0.2138450971265246,0.4169585649963121,,0.2964028104607238
,-1.270500701417732,-1.29145154990505,-1.3499791328462656,,-2.1658369593435176
0.8759605595164783,-0.3245302507530773,-0.1484934489004421,,-0.0841497403255247,
-2.7666304782369155,1.0440444368440966,,-0.8813759715590053,0.9955094095765616,1.820564495733214
-0.4700062103467097,0.014115501991474,-0.5456495413019062,-0.3017187505757246,-0.6988898803693016,
,1.0203444275912346,1.7899996564390237,1.0273819573451988,2.6846617110392943,0.5843844417353544
0.0318832825948885,,0.533918766575503,-0.5087354905371468,0.0292199047555782,-1.357378605022444
0.363329374270825,,0.1532301036714128,0.908547323664793,1.6122757120486957,-0.5779745530197012
-0.945746479629358,,,-0.9129571232691014,-0.2265017569763006,0.8234718371465399
,0.3431416289326363,0.9114882404536804,0.95540636568308,0.7965054332035079,-1.324112000920587
-0.1365212680976047,-1.04010115943659,-0.998670734756136,,-1.2709973351039074,-1.8576019517533784
1.863564115481524,1.2905578358382763,,,1.7606900879902283,0.48744217501267
-1.004209593873696,,0.6718778395136727,,1.2967955189071607,-0.2873115399640819
-2.755496968862307,,,,-1.7048438902719212,-3.070471205432591
,,-0.8587768879847815,-0.9249151122886388,-1.221826608135307,
1.5553128279757005,-0.0197197574895715,,1.2681774037767015,,1.0269014159025998
-0.682865088431283,,,,-0.9405180697501804,0.8315821803874885
-1.817473712349433,0.584923497648253,,-0.8590261860972253,0.4361555718740043,
-1.06693498951384,,,-0.8390949967736189,-1.9223466764394,
0.4391177319413775,2.384042914047642,1.1644928971340214,1.1547429841860235,2.964046052076076,1.181353548622475
-0.5564865899021237,,1.561209528228694,0.670162187970811,0.618284294127184,-0.2612844537914912
0.0480131592426982,0.7319503072581363,0.1648805681996565,-1.392312034080092,-0.587944912733021,-1.891558571954509
-2.3513408025443097,-0.489793541860155,-1.397355602555794,,,-1.1474986347580614
,1.243249311151325,,,,-0.8131493166690962
0.7937345779567264,-0.4061864649809442,0.2407448295785848,0.0803166807801462,1.3372728921452404,
-0.2589552436414221,-0.9455622367333014,-0.3358462820269142,-0.4837517339552419,,-1.662100362409346
-1.0181663893387498,-2.00440824204718,-1.977797174073988,,-2.1846895671217013,-1.7189262644163226
1.0573386939946552,-0.8867943215671186,0.3300863608994712,,0.000410436288764,0.4107391425736584
,,1.1979688798361825,1.2924459138284548,0.930844479944442,
-0.459654886067473,,0.7857848989540034,0.3655452298847546,1.874806017698658,0.2739729402758
-0.7360204645530529,0.6246810878847923,0.4872891545505322,-0.5599506307337475,0.1836849115658061,-1.5038216651534912
1.2834199799401564,-0.0171323413601437,0.8464439339756094,1.1654215282299771,0.3215184134478158,2.5678871585530687
-0.544159196956293,-1.5011602847083247,-1.2034207883463597,-1.356214661912742,-1.7711326490470092,
,-0.6121741875719648,-1.2944035177783404,-0.8747501750790548,-0.1304872828544094,0.1574210446057091
1.80620769714852,-0.5103035854189397,1.040518412681746,0.0313971454946515,-0.4670637138794892,-1.468719838676808
0.1924638037928444,-0.1804051762605956,,-0.4350406506197981,,0.0131459688940096
-0.489663478989654,,-0.5114057973567858,-0.3062774688816049,-0.9700576950147084,-0.8121064607317117
,,-0.4888528457960632,0.1421392883903598,0.7018598255738208,-0.3516836514644965
0.0410441072232137,-0.7147201169604231,0.0962296735944812,,,0.0704109703594421
,-0.5991729920170104,,-0.0540548372938938,0.1635722511434625,-0.5543645388584933
-0.6180555599850069,0.6144677692579459,0.4519779911445442,0.3902817978521583,,
0.9309844969193368,,0.9863784156877018,0.4110505563179751,1.8268637068334,1.398809155375866
-1.2854776364176523,,-0.634800899989481,,0.5372930177334232,
-1.5768748302740605,-0.791759981898181,-1.1645275766135763,-0.4694678465277443,,-0.9028927255159374
-0.7823417092246765,0.8864433730596514,0.2617253951035054,0.011461487187571,0.8565774183738977,0.3989663199036258
-0.0487538267086506,-1.7299172115634756,-0.6509568982723438,,,
-1.5239500170448474,,,-0.5988058749234497,-0.4538849708365597,-0.8120236973620699
-1.2027530869109946,-1.0916267451318549,-1.74472253416935,,-1.6370014929972725,-1.5579293651575206
,-0.172843018406201,-0.5296601931582356,-1.3539129265779235,-0.562231991769385,-1.3324181279257077
-0.0855192718858492,1.349729506096161,,0.7418971824440114,0.7135972206751322,1.3171620481688509
-0.7643488647187635,-2.327607651893175,-2.198350752405327,-1.7689512904042048,-1.7689101864226346,-1.6406043675495892
0.9118981995702136,,1.858128120767896,1.480519411758826,,1.4902629335583892
-2.2821225337002646,,-1.8325787636995607,,-0.1653602005371053,-1.174867104155084
,-0.4636184756731705,-0.1190021428500456,0.184333647378478,,-1.0035023685829565
-0.6769170967454451,-0.8701661763824252,,-0.9977120614617648,0.3871005701962104,-2.921751733325733
0.3787196265581882,0.2921482371236687,0.6412641705344243,0.3000813342366137,,
1.888656718691213,-1.9411459039176084,0.8461641738218275,0.3376599844557833,-1.3515827460152878,0.81258326978903
-0.1575247389964406,,1.0726388961139612,1.6853056591387512,,0.9908900830574155
0.1087237760424577,1.884783054965023,,,,1.465419413316725
,-0.8113045969069959,0.2869044861360283,-0.2899603790502731,-0.4926957879765199,0.0912557393713309
-1.4148331777269063,-0.5937967669727879,-1.938117337127709,-1.5081109589108348,-1.525922166691842,
,0.6181986662328399,1.1777292876604208,,1.142311011174992,1.0796799451002028
,-0.8346260573251179,-0.0074177367388604,1.6911618923003484,,
-0.2228658733925518,-0.7067844245161577,-1.0593954600453324,-1.587506043737983,-0.0509477663795478,-0.7269979268034705
,0.7612670470108428,1.9168994143374072,0.4748709522270793,-0.0702022925997123,1.715516688261114
0.0425511344952572,-0.0374806613925688,0.0536780984233192,0.6100229075131895,,
-0.8487348437962575,0.6895951848013989,-0.7151071551203246,-0.4790365565593635,-1.0053423783478168,-1.165752327399178
-1.3998789675982888,1.5071280210445288,,-0.7740742742279362,1.4836347434989632,0.3193044633953582
0.8953899009588657,-0.9016782853954172,-0.0630031915869832,0.5730204443602925,-0.5522478908906424,0.0129888400920849
1.69488498617247,,1.585882027779484,1.2208208055530052,0.5359513883948868,
-0.8709782402213319,,-1.3811918048736809,-0.5288824524183435,,
0.2839112138184991,1.023122365820348,1.159555898540392,1.464295346818168,1.8769878574853864,2.756727098350055
,-0.1327341788678094,-1.1888120283008543,,-0.0323225563929581,-0.4417399354755176
-0.5531810204282853,0.1920723485284727,-0.1284367351349518,-0.506717569637675,0.2943760958529995,-0.9398515431596643
-0.5777289524329463,1.4417990135234589,0.4228983100790141,0.1393316189956062,,0.7123063689792095
-1.2205893043110432,-1.5251265878285032,-2.6146989262312927,-0.6447125461220987,,-1.6263997985098813
-0.155227043600254,,0.5748615478560568,1.1882943899386482,0.3002343945155021,1.6945412318036013
0.9115576717873012,,,-1.092372021743027,,-0.4065429653330593
,,,-0.4704994539615355,,-0.3231077829915332
,-1.9195734596235985,-1.3450601641566822,,-1.6823858410563413,
1.3450696544195422,,,,-0.1910095340343896,-0.1358871543851706
0.1428262040985173,-0.4599669500004837,,0.3598372508715003,-0.5602275528167586,
1.7267715596061228,1.2318871760637082,,1.4129711792831017,,1.891751405408615
-1.3796293270252915,0.4074878122593464,-0.0186687530269021,0.2552120264737844,,0.3204752905965876
2.9445289938107484,,,0.7041517796240713,-0.4069886245879739,0.049239722604904
-0.24789357522279,-0.7172993600206043,-0.4644812097345873,0.0515295683579142,-0.4082858596854885,1.5447689518859988
,1.096754287026539,0.3283997756493959,-0.5506527629610231,0.2768959425301644,
-1.1365037894473669,-0.3452306456751994,-2.0900110893146837,,,-1.5921343867544546
0.8632059550331176,,0.548430526287056,0.814213609336639,0.4319586043552463,0.7896953638747684
,-0.5115150367572936,-0.4533249386486921,-0.1694829749633705,,-1.2633998486226237
0.7439324876439889,0.8895672051457715,,0.3386896977254527,1.1011941899114028,0.4673769013543192
,1.089778730669137,,0.9663264389726822,1.4439970778868405,
-1.1944857694391977,2.265916939278206,1.0224292495152147,0.2932547008423327,1.4609415564844113,-0.7452984535064715
-0.2106375126734382,-0.6804015598325024,0.1191342400832537,-0.255490826929843,-0.7252077835156833,-0.6302292709581845
-2.3784818181691865,-0.6743917378144929,-2.705584912297009,-2.7806226256277884,-0.977285938400696,-2.7561007292928386
,,-1.5639976552308152,,,
0.6056165351785379,-0.4026716753247888,0.9588186936112516,,-1.0063031632175938,1.083686284423593
,,-2.415710240848392,-2.235608582939417,-2.331973800066889,-1.516006855308875
2.3133283370114293,0.9272769611908868,,2.3227292726913658,1.09955392449337,
1.206847238354561,,1.8969595870002416,0.7077009419886499,,
-1.2033027036389727,-1.4907940925271832,-1.290197872802333,-1.3242385336371851,-1.0241568299149473,-1.100128478377986
0.6684705766118474,-0.4945285447263209,,,0.2981230761963349,0.2381560153866844
,,1.0269593180698915,,1.1091781317170075,-0.5721822397579784
-0.1923352124307786,-2.228165995603985,,-0.0051257108228976,-1.0223531671052688,0.5248035305867205
0.5368778134253235,0.1389498998835361,0.4954048176390081,0.3919054389588149,-0.0628069706238049,1.2814523564546887
,0.1884824217693083,0.3367166360955559,0.8041078141958221,0.612383637305608,-0.6558618026504188
-0.0697323827970478,,-0.8889424217140653,-0.6876994175212301,,
0.500634377526744,0.3355347282279668,0.7393102223630055,,,
0.4351844828737257,0.460073270890855,-0.3570923031774622,0.2525196452451074,0.5967012670765898,
0.2970649444943711,,,-1.1643238356079042,-1.710717604454518,-0.0364883086893661
0.3181896635135801,1.0528741925276277,1.040860135164534,1.1009668178463972,,
0.9434454260011578,-0.2224058823157514,1.097089467646346,,-0.1757615055625903,
,1.533099603238063,1.7940660521862777,,1.536701576396561,0.9471749701048446
,,-2.11401072836016,,,1.0155542917114482
-0.7684589335263194,-0.5012397264998074,-0.369125900968989,-0.0001529363079157,,0.4286731162307059
1.4533651446720277,-0.8017181248887483,0.3132692505922256,0.0320640986431812,,
1.556460081706466,-0.6125780112130699,1.154348010338048,1.5228928472813803,-0.2552312531427078,1.6660679351178602
0.5530356547228449,2.232139477568356,,,,2.4195130229404715
-0.27641573739099,-0.4468792306190608,0.0153935058254387,-0.6571783303639637,-1.2688793006784165,0.5221617204784059
0.8206025698741507,-0.0187224452392365,-1.0245115149011814,-0.8772781444846479,-0.5112178757181941,-0.7941539194059539
0.6830174297692865,-0.146716206174537,,0.3595403895003313,-0.087295829750438,
-1.5441283891552964,-0.5310399347146872,-1.300631857106108,-1.2047324594061934,-1.127608452088139,-0.8307487676526433
,-0.6663094633414544,-0.8178103977621228,,-0.4982184628024461,
-1.3957703833062196,,-1.2118882490363394,-1.0704781349495884,-0.5465107828503725,-0.6062313202900816
-0.4547012188816876,-0.778262582490155,-0.6108947840037051,-0.4753771168131847,-1.450044131343553,
0.0372070645035541,,0.1122817438150255,-0.0933157358800935,-0.506491554844087,-0.6115230770974264
1.7256252877162634,0.6490038321453112,1.956097351416784,0.8000115525902503,,0.9519263274290124
,,-2.063897161879137,-0.7137942608581599,-0.2460783803094106,-1.696861805899232
,0.2960800549247593,0.2939857505838459,0.9728514316411512,1.382202595063938,0.3498884986708595
0.6879803966641923,-0.8117367391014232,-1.0142017766993938,-0.6878346992448302,-0.1973106138748718,
0.6728634984831675,-0.1597386788711845,,,,-0.5731892513115312
0.856447708971921,-1.6977549760695274,0.073445150417029,,-0.1359795875469178,-0.8527219216047035
,-0.9046669224058744,-1.5492617367674135,,-0.8247515569268342,-2.4272852674260985
,0.2493100839558119,-0.2757876671043275,0.1225852606245129,-0.5704798385135915,0.5113721944713123
-0.4568126526881454,1.421917866972481,0.2898498199984897,1.1128095079158176,,-1.2597528590267688
1.315619673443431,0.5240888670655582,2.2983879428321483,1.4748897538880876,,0.2308089917824511
-0.1321152082002065,0.4523762442305099,0.0399497914300655,-0.0543814874364813,0.7635855700636417,-0.6430462743856632
0.023703616004502,0.7676620485745005,0.5070670747642719,0.7596532340961587,1.3257000699701496,0.7935934229806352
,,0.3750250448602654,0.0725535443331246,-0.6870959095591378,
-1.303509062099442,-0.295518687024368,,,-1.2628256396988606,-0.5473456069150244
0.5231275723690072,-0.432884849250673,-0.4400885651803855,0.367954521656219,,-0.4366589617739883
,-1.787646143374673,-1.8338429686381936,-1.4149929701742494,-1.4490534325359423,-1.6465540759880195
,-1.4104605070406877,-0.0509073379499712,0.0186878535806255,-0.79235885167527,-1.1291721957896794
-0.7196681293234283,0.3766507483347437,0.4719296102147868,0.253616548734636,0.5631203299143498,
1.2036608759572354,1.1919125164187894,1.8652834407404384,2.756685038091716,1.9649218631415568,1.28647606017461
0.0435367489729334,0.345579835040259,,-0.3021381798011353,-0.7151941651241617,-1.6460953340613786
,-1.1419644498071928,-0.5467537853324782,-0.4295644769780853,-0.4894686731919369,
-2.2278536179229183,0.998026264964438,-0.559084050579838,-1.4873146575185534,-0.86853212261408,
1.3776755087757038,-0.5280433638237477,0.1700849117909733,,-1.1285780667530914,1.1196170378105317
0.8654435617465086,-1.3776875709611696,-0.609748057098121,,-1.4838167889507676,
0.2981128392241342,0.6435395672474749,,-0.164112746476502,0.515983630301688,-0.6376352564566988
2.212361410368295,0.7081294017594393,3.051111286739528,2.6324742604362013,,2.7725257719299816
-1.4220951015692636,,,1.0623139113806912,,
0.218180606976453,-0.4066523989600452,,,-0.2637950903438229,0.3730012373770014
1.2525806166929203,,,2.300437728267025,0.8329080434037495,1.5930140836695903
0.612706583194695,-0.1782370612395157,0.4471625751729558,,,
-0.3728008150990189,0.5664125484633313,0.0308756769185102,-0.7225380053933115,0.3034358648006324,
0.653451252575514,1.6764997915010582,0.9091576291259807,,2.5766962622175047,1.675149810143079
-0.4094826752187726,0.4362051123929236,-0.2483039421172457,-0.2483301078221055,0.5404934433545848,-1.6279131492196963
-0.3350248693198804,0.9158753747076336,0.2458259061412852,-0.5242362736590508,,-0.4101205433802686
-0.656225475106235,1.3146551047037391,1.2344722430255628,0.9901733577836644,1.325974636684785,1.877190772958449
1.059668334456701,1.2518086706798062,1.4364453107633726,1.300128259295516,2.6048815367229388,-0.9295971934463462
0.3177178462173184,-0.5728013729192468,-0.29746980128361,,-1.1648245073202736,0.8421065938050082
2.521516599198027,,1.9993101861674565,,2.7868506958494788,
0.8524018796992665,,0.8561176573803687,1.4609650781499868,1.1770176125984346,1.1195147581262896
-1.4774345141283878,-0.6462609440144792,-1.2815552433733353,0.0551391284525606,-0.5899706642734669,-0.6009279413265451
,0.0665333150283335,-0.0097655144390227,,,
,1.915692065588944,1.1697889091343483,0.5609871942992265,0.1119620406930392,0.195967939450084
-0.2704630643996045,-0.6089876130758342,,-0.1814076343411752,,-1.728965754608777
0.1467489293415756,0.9030034630095408,0.8319914737734938,,1.1868317503515011,
,-0.2718223684021623,-0.486514547547783,,-0.2155605728718255,0.8220502183389417
,2.33892160831476,1.5849336160224996,1.2856396173920308,2.3525515526334613,
,-1.4309310706284977,-1.321250474515911,-0.4069795680637827,,0.3300966686410382
0.1465277861482449,,-0.5014042610253672,,-0.7703488517418838,0.6866207029066094
,-1.4979653086150082,,-0.6171676333048672,-1.065463871757239,0.0661262793647075
-0.0985090063615727,-0.2097930669765564,0.5330534145511462,,-0.2822402073215461,1.144079938289262
1.7115831918435953,0.3930769788752473,,-0.2391208102636581,1.2186909396315369,0.931311808954142
0.5479757213217744,-1.3933956115125907,-0.5626752662703604,-0.8048231076892942,,-0.3971304815850462
0.4385343131766821,-2.104074635322473,-0.4990076828235839,0.4586259329724899,,0.570291175570716
,-0.5302557103834824,1.5276625363439615,1.127172288990422,-0.0014525762454856,0.3635718865994077
1.867507955920773,,1.9387091998845485,,1.957290024343494,1.5797630927278516
,-1.972826520806623,-0.4987046141474205,0.2127177133506491,-0.6020854472723666,0.6128679249956436
-1.0491631370603665,,-1.9909411853163923,-2.2157211357571667,-1.7178636717669586,-0.3218447025252646
0.5336563585651961,1.0012661792445587,1.1425125654325865,1.361411770226859,0.7066940408423864,2.0008878459921244
0.7793087892447077,-0.2276584397358203,0.7090709956969022,0.5382512533441823,0.0721389877766621,
0.9691222702755452,0.070375618600282,1.2636304830909135,0.876389798557647,0.2004981054940215,-0.1043089224630344
-0.1354237996268726,-1.4150292075182342,-0.6968461731630979,0.0347376643228003,,-0.2524236589810504
0.0776210741419343,0.3003119235807704,1.104240744224238,0.9332791140438188,0.9632968845863212,-0.1960841950622235
-0.8803030258822067,0.3176732847980401,0.0614991850210184,-1.0129332757803025,,-2.170743040387324
-0.3628189960592961,0.8747690368880725,1.061385746118595,2.426360270573188,1.7338488991225285,0.7594254733138325
-1.1605015692447849,0.8600778291126219,0.6710604424158414,,0.3085055845377919,-0.8895802116119406
1.279365542179903,-0.1053496740784521,,0.7364010832811234,0.4385504023531433,0.5174633285890587
-0.5137085239770764,0.6650662789667224,,,-0.9738405671440644,0.7967950007129075
-0.92682768038241,,-2.76834755513569,-2.504858353008429,-0.3365324507958526,
0.3009168114558828,-0.4676302923222669,-0.1305984712685911,0.4371263116474563,1.1744565954634585,1.2171826188246655
0.1124028690929902,,,-0.1539812960092233,1.4479517858411526,-0.5168924805807334
-0.6804569759091202,-1.8818267743945176,-1.9963036393818925,-2.2600456481553635,-2.5229829391700327,-1.0956480413790604
0.3822032810504496,-1.2814002981184034,,,,0.1772555248826488
-0.6204042489803026,-0.6948935603278479,,0.0367251838722706,,-0.7854827055056991
0.5154996433837278,0.5537008307376912,0.7571473691854086,0.1094592748489584,1.0629051550619495,-0.7460488688176055
-0.0213541418177095,0.4261755294746138,-0.6825215242848722,0.2029325802802899,-0.4233655417739278,
0.2229965501812276,-1.108632182650911,-0.7185689012124523,-0.0168807055349639,,0.0210206363605436
-0.3753272481691744,,,0.3019088912557764,-0.0306002826474001,
,1.2705393207102709,0.732589187525862,,0.2000700299325005,-0.1222734071143537
0.2606563075895697,1.2965180467116286,1.0415230952191314,1.6465659281306153,2.032628170749535,0.4260325475886206
-1.5651678581184465,-1.8325726202336952,-1.8800786528020692,-2.306673737294101,-1.1691857995404813,-0.3934050339779997
1.3900742857515302,-0.4589464596365245,0.156227336320287,0.2850720746801629,-0.4657488802880054,1.4518328183018314
-0.449942823058996,0.9830175786997228,,-0.6245116284288418,,-0.6196916604336248
,1.181414099508341,,1.4060168569006075,1.4313820222564215,0.2266224671105732
0.6772915386467384,,,0.2846438895766284,,-0.0069630113520092
-0.0873110122294585,,-0.1216015998482197,0.0781144564944873,,-0.0660872983386509
,0.8298616212902764,1.063486546256055,1.5061318863386108,-0.1798678722190158,0.4492734278238163
0.5247394038813584,1.6448483432187464,0.650900129650871,0.460831207246745,0.9822786039539348,-0.0417268793053797
0.4683166006086736,-0.4794547425919266,,-0.3473386277113819,,0.2972596126257344
0.4366812572836004,,0.4089806508177694,0.4144261963850382,,1.0878068627980395
,-0.3836022704108816,,-1.007066873349689,-1.2231217113507549,-1.4371940197799773
0.1263765886227404,,1.016076897510272,-0.3607584401209543,0.8015972145563806,
1.1504265300945835,-2.43899110232029,-1.312241881016316,-0.42857769165146,-1.6919463937392687,-2.426642305553464
-0.7613347016401842,-1.0129193924857232,,-0.6403651584005627,,
-0.1977470426948349,,-0.1495304619992724,-0.0972001376182811,0.757083913427798,0.6039009958271165
0.6250218005297524,-0.8392267557158499,-0.2030268334735393,-0.4075314721360072,-0.2678044060901687,-0.230520131840957
-0.7742100785426268,-0.2911217909061424,-0.5780766582629657,,,0.9818424616526112
,0.2335810721592545,0.0871183067208724,,-0.3618031928679052,-0.3183817651953196
1.540292913984682,-0.0223914149139513,0.7500557109793085,-0.108869268223431,-0.1175575078522995,-1.0611404113856562
0.111326215498816,-0.3064335924526836,-0.6437827125168071,-1.1388951289144182,-1.8877332285865829,0.7324742413651163
-0.4637681112871298,-0.6740054987672824,-0.4835706537532814,0.0773484775332002,-0.4478274296699479,
1.1347683121377985,1.0828437515327,2.405474434638964,1.6217888940151477,2.0216799072489264,0.7973579561132764
,1.2756568266104076,,,0.3596916434900867,-0.5763946879575059
-0.3258617777115353,1.236585604466351,0.1096451934885339,0.0243439031418786,1.0792942750244474,-0.6708637684741101
,,1.9055837276148235,,,0.5021906859874524
,1.112852358069057,0.5198235286790531,1.145376265291926,0.2563092626112488,1.4721431769463345
0.2633727155021304,-0.7680921410343307,-1.098586938110874,-1.304282107014711,-0.1851669528743781,-2.0067508929017883
-0.0641844450534883,-0.0276832350487962,-0.2096337964212327,-0.4430645845587488,0.6072549656423074,-0.0977169584691766
,2.022528742995336,,1.7212574847395874,1.142811659257446,1.3445792733542885
,-1.352822410659961,-2.0666185933971457,-2.0495740357525283,-2.606328032403025,-1.926764845665229
-0.5356929034646742,-0.937387592203936,-1.1179125713710132,-1.9843486265160983,-1.208810392777417,0.1176369487175796
-0.3192294919558555,-0.136490759043703,-0.1123993193319386,0.1597295644075089,0.3209709367341347,1.4845940252918135
0.3793334540615927,,-0.3427516117160599,,-0.4908579495915161,1.1178195652177183
0.5574622971087149,1.2404349514358683,0.9677359015995164,,1.0317852963291825,0.3309069952328555
0.4289834775798764,-0.4258770661997866,,-0.5290070610482176,-0.8114209042797971,-0.152647494759484
1.424464964959408,-0.632954754094859,,-0.9643637723355416,-0.2754765854577514,1.4235274866047394
,-0.9832265996113648,-0.5814478858882043,,-1.5185615756575257,-0.7302800371321715
-1.2749667889269938,,-1.2817989917645978,-1.3601653564229883,,-0.4827064744362453
,-0.4289504815104379,,,-1.3586110610552973,-0.5884311192288549
,-0.2386263220388661,,,,-0.7560395245035793
-0.5198602249537195,-0.156431703267823,0.0794813355378206,,-0.7723636911804261,-0.1365823042666337
-0.4310299309506586,-0.0769078538837134,-0.0384787513237496,-0.8844684404732458,-0.1190765679035988,-0.3556863138290918
1.0541121650176255,,0.9157178904923948,0.3423429682459767,-0.60771833496849,0.0990851243500128
,-0.4176180776246372,-0.2754266260249639,-0.8902629973200111,,-0.2907477343311286
1.1144948105244956,1.4925566218852742,0.6627500814236698,2.241231980032566,1.7406558443481956,0.8522488541921659
,-0.794823249892999,,,-0.8782852506096862,
0.0368152460485006,1.0095657698179414,1.464636028038625,,,
-0.5154501089655475,0.491494055408816,0.7915897358408817,1.049440944853112,,
1.2934269298183656,0.0313247491420446,,0.0448753494912166,-0.0576934142577292,
-0.8398688124509409,-0.4259402681908413,-0.2648966405693043,0.5657579741875152,-0.7793903623668889,
0.4844646993315042,-0.3247463955646537,-0.508557135923431,-1.0255575902527232,-0.1823668186724826,
,0.1043271814751748,0.2126643304552175,0.5041897503236028,-0.2315976877179567,-0.6697026396970918
1.302850755985706,1.773379217523491,1.3621413355059648,1.4834128346966224,1.3551748752765067,2.791409239742676
0.3644198656266995,,1.1322120107109177,,1.115227908713717,0.7615184155958996
0.0267915808636013,-1.1106235219488154,-0.7803554337870228,-1.4385908234420937,-0.9675914936123894,-0.5819056541388663
1.06057814075,0.8687396979506543,1.6936441127102912,2.0782092894099344,0.9502210494134576,
-0.3743588998462719,-0.4348410460926906,,-0.4367968235625624,0.0412227514119397,-0.2912589842845511
,0.0412740672423023,,0.5505362879320099,,0.6302712468765136
0.1383529921356905,1.1973362227078852,1.0104578741278991,0.2577551879312172,0.5113036739992961,-0.6474618198294353
0.0404994361449602,-0.3150040464757569,,-0.753238768441074,-1.0928205013956451,0.1512416332985406
,,,-0.4938350751669794,0.3041712635790405,-1.4101305528600008
0.0014747179050947,,,,0.5944753000075751,-0.0959587821514496
-1.0049680204453066,-0.3693707057704954,,-1.2951860027843174,-0.732780062127878,-1.4831842686605594
0.5355265071971985,-1.0054184138075424,0.6678882098562279,1.023914023036512,0.014027639025911,0.2790907588513269
2.374864323095336,0.2552420052303946,1.7286006867882435,2.055047015491944,0.8381366666372918,0.7560790733658991
,,-0.05404209766234,,-0.2646566264291453,0.3642981158066834
0.921854263270989,-1.0460868389320883,,0.2899106715801047,,0.1951039384436732
1.0141210056701218,,1.8583840739667032,,0.0766145118821881,0.5477687489022469
-1.1460698245429026,2.0854768032225035,0.7292489306708304,,1.231846000038642,-0.0401078041122449
0.7136059462002211,0.9586897051787664,1.0226210404021054,2.2717217763584454,2.295151754247636,0.6585742187719473
-0.3094773232205637,-1.236229993914138,-1.9455435904763927,,-1.8776406643673904,
-0.4340915809882464,,0.3271100351501125,,1.7434668940148883,-0.3460811196597275
0.8259146606318973,-0.1097401005506964,1.1175372050203984,,-0.2541811867910264,0.734054845230083
-0.5501474488435159,-0.6969722391706134,,0.6183867852896164,-0.1703373027051066,
-0.5028030468552811,-1.0396179776533818,-0.5222908908382504,-0.9451198359939348,-0.5168630005698313,-0.3600869201790301
0.7634784505286355,,0.1475460007013707,-0.3177970107074246,-0.9452181271947714,0.7324370221222127
,,2.808493029104869,,1.5147360823966185,1.1987044005571592
,-0.2220142432543729,,-0.9204912397557804,,-0.527195687719215
0.6727647366122403,1.7523807828707023,,1.871359034285753,1.466459371827048,0.838433682621569
-1.4125119215204431,-1.4532678465250393,-1.951400640162363,-2.264602627837872,-0.4119523138450965,-1.2962525242396972
,-1.372591828087816,,0.7788330299960297,-0.4562489494326776,0.4159785711034947
,-0.048731574690562,-0.144063536357846,,-0.2557920021185518,-0.0779470069818287
-0.8372149543116062,,,-0.6191110032427058,0.3693145997647177,
0.6500445982834382,,0.803865965201888,-0.8933699210803415,-1.1908160286465777,
,-0.4917011931657484,0.2085583446482609,,-0.8343052160021125,0.783847262273909
0.2914646947454586,0.4548307816978809,0.6867614235128693,,-0.1195017786070269,
1.190396855690675,,0.7360876018314736,0.0951371498947015,0.6105374009418707,
,-0.8469815141909653,-0.0902160149321371,0.2992338927080561,,0.8059203068851104
-1.2094277294650282,-0.9366810278062926,-1.408397024763432,-1.7197041634701,-0.8646794773438501,-1.245288916918362
-0.649457685406626,-0.331348622854277,-0.3515924819898347,0.0664937497571032,0.0131041937886793,-0.6196442016573904
,,1.120717451743515,0.8490486852136466,0.4883918942234938,-0.3595078529276462
-0.2953630048632963,,-0.5002097636125494,,,0.5516156970155516
1.9953371514833516,0.6557316715345584,,,2.112193458053978,1.2483789460941068
,0.4637906047314805,0.3051975445945925,,,0.5307810468311397
-0.8148287907855164,1.1874190788606729,-0.2004974974857756,-0.1249332427736957,,0.3735337082673204
-0.7502045958819931,-0.1818249285748359,-0.6950312937476646,-1.3002929752405603,-1.2398711985653612,-0.288848982108069
-1.2595139093197278,0.6546065802176637,-0.3674738341351385,0.2909074581207944,-0.7559927606051394,-0.3441885131487618
0.3769709629383851,-0.3761209208520368,,,-0.8999621594002003,
-0.5994910783559744,-0.9037905134020612,-1.192881405593964,-0.9505062595710008,-2.1559481936115854,-0.0263826585604462
-0.670061699452285,-0.1575676582350143,-1.054496053658403,-1.0842503313702732,,
-1.2594109354259306,2.0542860218469503,-0.0031509889216948,,,1.2908598799605588
,-1.393069606982796,-0.0129594707413034,1.0174336385428762,-0.8076926527068038,
,-0.1973635590133023,,0.2847683563012462,-0.4448791435921767,
,0.0680105689449867,-0.4562051487777683,0.0923885932704713,,-0.8858405103566758
-1.8804053735283768,,-0.4691120445228542,0.4984390972327718,,1.2273138187774033
,1.2520697025815513,,,,-0.1349882691350365
0.2360291939964371,0.2082536509299749,0.3850206289676515,,0.065539265553082,1.169000454450436
0.7367170447621371,0.0935707286772379,-1.1219063602616757,-0.8711132273588118,0.0150824328324874,-1.2097300228817258
1.4408310928405128,0.4866978039747809,0.9385233853900304,,-0.287700040173285,1.3274202327244664
0.2127327715230803,0.1440491044277253,0.7582475688972511,,,
-0.3386250780073926,,0.1823327438214887,0.7646974733629859,0.8605972606442956,1.850615442444544
-1.5977760672741783,0.6160462524555829,-0.6172132727124058,-0.0536518774826207,0.8340112223942232,
0.1132774997672711,,0.6108573972937418,0.2672833990337144,,0.0538290749213344
0.3580986091030009,1.1803087845564595,1.2126877078520015,,,1.63922013161265
0.2626117176872199,2.192892745739619,2.172672641744628,2.0298440505557265,1.4576409666253904,-0.7352857431746899
-1.9412507954153904,-0.4063140551118765,-1.7899850495065786,-1.3173153046932666,-0.6276357707261259,-0.7020387975908421
,-0.2796126961124254,,-0.4164453844047268,-0.4471612250757454,-0.615478695135733
0.6266707740622078,,0.4070655081191436,,-0.876056720244133,1.3426978428080716
-0.3841583548737826,,,-2.863595048463021,,
-0.2784396445520484,0.5407674606962728,0.5492598422833976,0.4672477474642866,0.6347125718207194,0.4921676402271011
-1.9141706918775456,-0.8019537661771945,-1.387626167749248,-1.1732316131283511,-1.5579950288410869,-0.4947689511540729
0.328694730806117,-0.3312576264495337,-0.672123907534768,-1.467799088846899,-0.3009031278223814,-0.141281010345507
-0.3377710544649127,-1.5206506491312184,-1.6518447071189422,,-3.3510486838335707,-0.7279407906985429
-1.1245132889439795,-1.6547860738942937,-2.3238407159078336,-1.5081768840645469,-1.4608078246094047,-1.8174033244094616
1.979433995233371,-1.6641391135665256,1.4602672376436356,1.5370051005780794,,-0.4349336234044485
1.5501722183353437,-0.0560084178977047,0.3640878620408026,-0.0158008982475274,1.1025726314060664,
0.7293587128134539,2.3318806497573044,2.400576126227809,1.2030032197983564,,-1.5627160381197225
-0.0154562317955965,,0.116245854707696,0.5575297588490746,,
-1.2353506239061474,-0.138119837800637,-1.2222955669950544,,,-0.0258743250492095
,,,-0.8345447295883895,-0.4530320740796433,
0.4754038107398878,-0.033256756955681,,-0.1232862459551601,,-0.4676661841529596
-0.1026504220267237,-0.3473669855648851,-0.5723635630195155,,-0.0322563964884441,-0.3427853487973112
-0.0296107389660916,1.179206268148798,0.7299372467675981,0.1261466403835756,0.4858205281323497,0.3619544461170197
0.1923001244559156,0.7644968617334582,-0.0458441853284203,-1.0685954447540156,0.47842672202138,
,0.748174513506192,,0.4988766702522519,0.0726786405794788,-0.3959187981284252
,0.9397223846474024,0.7557248613379752,0.2029283917834406,,
,-1.7609585816517126,0.076110399947111,,-0.4719213298090542,1.407351022356968
-0.4244407143315736,-0.4447516079575975,-1.1946943215798935,-0.8081369716994083,-0.6279390292860078,-0.7792726316951171
-0.6885525183356617,1.0136735372161758,,,0.9678351269281248,0.4145367518531245
,-0.3545093037781892,1.312213949433963,,-0.1709293583802561,1.0888712498897988
1.1466445677244477,-1.0689581760087548,-0.0659166580507026,,0.2860212643011859,
-2.313784690852374,-0.2828037629735747,-2.221392302074888,-1.357865267004165,-1.953142939137852,-1.151602396347423
-0.0964591517472563,-0.4389227727629372,-0.8049893769309912,-0.0470169164511148,,-0.1019616029940941
-1.0141098778392883,0.9233232635275423,0.1204043147407304,-0.3094932420487643,,
,0.5314648600284333,-0.002223907528228,0.1923067754844647,0.2060929803232027,-0.1429523396642169
-0.684058505458315,0.0815837662912626,,-0.4789475980265509,0.1859767666912766,
0.0485506254235596,-0.4376992795488257,,,-1.9246025006053216,-0.0597482899135747
-0.1262264543985127,0.9621773749978868,-0.6836969823915354,-0.4505327405130745,0.957768739957864,
-1.2888696019478336,,-1.0551847248955974,-1.22036147467409,,
-1.0803798492583483,,,,0.4934196037810675,
-2.054072664621033,0.0131898674727459,-1.552899757367003,-0.4069186876092272,-0.7557472409256787,0.1499869167310974
-0.0846985240298296,-0.6615415930008621,0.0859466142953361,0.3851805161038252,0.1314016863120993,0.4232342845321233
0.2739835228228797,0.8284074280529126,1.0239016841230368,0.2002348709162245,0.0452320816085383,
,0.8775766672800485,1.6080135345133255,1.2521412523315183,0.5022761838880588,1.214976783486923
0.986562782891532,,0.5039609333670365,,-1.4105004115712254,
0.1041024603339655,,,1.3189623742265275,,0.8872518967885112
-0.3981215733563166,0.4971172465502801,-0.9033141305914169,-0.5229704439146308,,-1.1357161640407754
2.145397006284261,0.2528570178216002,,,,0.3146226198833974
-0.9207490610375608,0.2508776465554338,-0.6361297363051072,-0.6595633264854275,0.0478037181121954,
,-0.5068581104905245,,-0.6543217085271318,-0.8166437938827333,
,0.0690570369453804,,-1.3524546212338735,,
0.2001636747465663,,0.3354121314357761,1.0590978864207845,-1.516537793736476,0.0835685447218773
1.3553951049131687,0.1785928908781484,-0.2491181205294208,,,-1.1765451900644048
,0.1046693451755855,0.1710958831435878,,-0.0423190096860469,
,,-1.2835888635752106,-1.0605597859609728,-1.6177541373833533,
0.7386984852280704,-0.0555944061730793,,0.5505232847472062,-0.1153957948920739,0.2738978227077056
,-1.098172193084337,-1.4612911477196324,-1.6089649839358096,-1.0152053412237572,-1.0057297979525877
,0.2159183741249396,-1.039999277935057,-0.2279227473160477,,
-0.9068965184792792,0.2462213206548175,-0.9089585684662324,,-0.5015300112528422,-0.8152153094538566
0.1365695486697217,,,1.5796525778517243,1.4830090315782567,
,0.8840004236179453,-0.1127789161655941,,1.1535008980259347,
1.4797820486709,-0.0186817417019738,0.1206518313303607,0.42283587624737,0.0699913733964817,-1.4529280452831137
,-1.4498600736683602,-0.9673148880419292,0.6412357956658044,-1.4083858683732955,1.642448653062657
0.0496953073034092,2.021740339727852,,0.6355763173651541,1.526316600591088,1.3537412648693077
1.0518331650927646,1.2427184790583323,,0.9131545331404688,,1.6589569148892906
-0.7448496533422332,,,,-1.0932815508411395,-0.6821264551487295
0.0642127671164972,-0.2080024863735931,-0.6253577223372714,-1.313201768265105,-0.2246778125922444,-0.6468901233737254
-0.0830520362543883,-1.053036543923574,-0.854240693544579,-1.4985446077986408,,-1.032565437018152
0.4825275098116146,,-1.3830347178585454,-0.8427526215650716,,-1.8757825445285687
2.447447857555277,-1.1019198178154883,,0.2334136034447093,-0.7474504381649278,0.7415392280517096
,-1.00060453582808,-2.1603258515501667,-2.145675889643705,-1.8843946512336,-2.580731459920364
-0.0667056301473097,,-0.726289216671387,,-1.4655530516106574,-1.743686873873523
,,2.052872493650322,1.4147646507650735,,1.2912629189514793
,0.8447716374904539,0.2252193865984301,-0.2455610410829915,,
1.617191606046256,1.5228861442069723,,-0.3513198161705662,1.6923869145987938,-0.6317849161456122
,-0.0971488812979335,0.1401462590308457,-0.6387900174056469,-0.7823156454101086,
1.0336320053877166,-1.2287962872913307,0.0831588209004306,0.3298994059199623,0.1748769412548741,-0.852361540795769
0.5652245050851407,1.0352017550081931,2.199454290435267,1.0754063819347366,1.5672794891027262,1.213101491127713
,1.3585779928517498,1.2282539235960397,0.8659171579572603,0.9124426824135362,
,-1.386948392511755,,-0.0007343724446257,-0.5924795767840145,
-0.143510015059075,,,-0.3634311244450774,-0.8452112156088348,-0.0088870700835106
0.6892470570281134,-1.4663607734454434,-0.6056026128017408,-0.5643565088994608,-0.516971895962996,-0.7250618529133932
-0.3806173243093972,-0.3045559108378316,-0.379210057411343,0.8833488979593341,0.494425785825353,1.651180920637388
-1.080776375288659,-1.3631150310078848,-1.3058752818934802,-0.8233655172968702,,
-0.9764747193051836,1.3474775365061171,-0.0095977018720501,,-0.4725452348455914,
1.4187266795803155,-0.5860449055891584,0.2172681241365619,0.032433287115362,,0.6327978813440172
,-0.7234943358016795,0.8704599175390213,,0.276378960787472,0.5113978260469184
,1.347491343483064,1.0483042361246806,0.783127437432916,0.1151747448338136,1.4905486929439826
-0.0165418915380947,,-0.6876511338470702,-1.7696218181984082,-1.4213466732697224,
1.2466112710038135,0.7113507782854506,0.7672969697288766,-0.4398090463561402,-0.584348264190952,0.1791697648865728
0.2978164849999518,-0.579741156228943,-0.5245087162157048,-0.6149424187126901,-0.2980941558833948,-0.5137243991509177
,,,-0.4172815500921247,-0.108422000696983,
0.6226154239195179,,-1.7326925239025266,-1.7185387971685766,-1.7115058035201671,-0.4026522406438368
-1.1028808594989354,-0.6795790760680407,-2.0564824416862546,-2.205129224131413,-1.3011915681981812,
-0.6791218301331742,0.7232460820100887,0.5497470177386489,0.3130246805484781,0.5904830147944038,0.9620319047272784
0.7705029866283654,,0.6939190258339965,1.5110539566447605,,-0.3079978184914856
,0.0378850025020293,-0.2113302795402244,-0.3651457975624442,0.349879659611812,-0.4333658155438253
0.4678228034864639,0.7331614081486357,,0.6502261526632347,0.518775176302253,
0.0970997846679041,,0.1654965410105627,,0.1782792616985165,-0.8183442818369999
-1.2848422746367851,,-0.7418107749735356,,-0.930019563260956,-0.8460332127468899
0.429397914746103,,1.00289249192565,1.7659266065433996,2.072079391314119,1.0401323889292478
1.304126955497148,-0.7159131299180805,,-1.657003471302858,-2.0196937482800363,0.28280386253389
0.5221255528203064,-1.8254837058373417,-0.5585764593512389,-0.8981667730191442,,0.4517567371276753
0.7387286153517975,-0.5060333612413794,0.2032085517279528,,-0.8860522227536863,0.4634259643406961
,,,,-0.9488368550230208,-0.0615964808850928
-0.2436381056704853,-0.0837581474358089,,0.0715014461886919,0.6434735434784855,
-0.4480786207879658,0.4083517799777396,-0.0707374896019445,0.2586013072242271,0.6734249423537092,
-0.4992779876468122,0.2520273928014663,-0.428961994595468,0.1699041397462711,0.4934629818155857,0.4711834499653278
-0.6131630967927424,-1.8515478796239877,-1.036210466074279,-1.4933030822144109,-0.9391887404933112,-1.057271689756695
0.5986681269657772,-0.0419663662642029,0.1157327275904822,-0.524578096040847,0.3856794074696242,0.5050741387299738
0.559052372630724,-1.4201162884042706,,-0.1052234226095884,-1.3456811496292662,-0.749197878582768
0.851570887732852,,1.1535302505405658,-0.1170561482512436,0.6128186866277266,
1.808678488977716,0.3063694071155874,,1.1308030697876246,,2.005584601905973
,1.3326910537250367,0.5771847913857843,0.3161096761475648,,
0.4748100998486201,-1.3649260534533338,-0.4869464304907868,,-0.5476985414580362,
0.1873578694737835,1.9478564999181376,1.1444529905091567,1.640686470369756,1.5417435629463403,-0.2764459276708502
-1.606273683909195,0.60791589107078,0.3990273556008313,0.5185088365779664,1.2014318980795555,0.042329242461472
-1.052127039026435,-1.3319056433866387,-1.6647194677580723,-1.1125148565896286,,0.1542772946956758
0.4762454207822927,0.0260519340385237,-0.0202618197715556,,,0.5326434602770542
-0.4313975623291329,0.6926352227096029,,-1.325034066481346,0.7958377583567097,-1.0844950430195934
,1.257865038086622,,0.5059453802921615,0.3810813512218056,0.1358636656799968
-1.416604632823724,0.7115591349107788,0.2273629331027983,0.7988612091203897,-0.6769473715322795,
0.2950463130038554,-0.1075679562335854,-0.0032520042813336,,0.6986482710121618,0.1157203538553751
,2.068783797214853,,2.4981805492149785,,-0.3659838952258765
0.1940137269427801,-0.0556356257758116,-0.7786213076048778,,-1.2200373400810585,
0.1994794721042755,-1.7321666917039629,-0.956830901107956,,-0.3719156734764299,-0.8600777081530047
,-0.5775403821204853,,-1.337567739707534,-0.6729564308834821,-0.7847313536128572
1.1090981989821458,1.0806156729679226,,3.4691117616480405,,
-1.2586144346291583,0.2394869049260286,,0.0269478214111915,-0.3416574238677038,0.0992396546393676
-0.2918660624005817,,0.4436531233805927,,0.6535173858313384,-0.0414681192873536
-0.4550189782123445,-0.6829962613859626,,-0.215194290875756,,-1.1100119967945277
1.0395484927183682,,0.5494006085699433,,-0.2503300198422803,0.7832288084478807
0.1156459628704936,-0.2331462245393391,-0.1058796614716223,0.6988812996835513,-0.7692281308373922,
0.9695538456737824,-1.214841659437075,,-0.4504411492383764,-0.2038411000838235,-0.125632958420778
,-0.6878968522613121,0.1403964150288686,-0.2018029777114065,-1.255464980721784,-0.2259935814381269
-0.0159868361625649,0.0258818003332614,-0.1818471709341896,,-0.1178518515228422,0.7328390184648358
-0.7981020276731032,,0.5983436759848306,0.2256188481950219,1.497038885435296,
-0.4628780666518779,0.9472718882364544,0.4895266090730213,1.4110305455994925,1.2336580143185485,1.198580594144253
0.0454605270188815,0.7895559761516472,0.1112496945778878,-0.2619037029252724,-0.1296190390468043,0.2515936100491902
0.2654652666958264,0.445071224840759,0.6769472719846361,0.0428488672674623,0.1570137620630676,-0.0160612557810994
-0.6344056478191251,-0.2143507233493863,-0.8022085498531635,-0.3933879671519902,,0.637443109052099
1.41606776985608,,1.5730050804122824,,0.271898119572762,0.6977757172416759
0.3100943747184964,,,-0.9022662485731212,-0.3215809667485865,-0.4327046829618365
,-1.0748673079130755,-1.625311497456562,-0.7116251182183085,-0.2716392895287986,-2.0811180572537267
,-0.303835881513846,,-0.7780471210015274,0.0114939119613665,-0.3051205257458694
-1.6759719576429752,,-0.0845272616838408,,0.380812465696879,0.1616931615505711
0.4034307143044375,,1.019734360547056,-0.0741775370216152,-1.3549509803647564,0.43911619453628
-0.5353649804797048,-0.6148162645757134,,-0.6505390649737248,-0.7214909060647878,0.147987897210657
1.5819067791797978,1.3563537450633132,1.0208489964134604,1.4540577671488832,,-0.0596330307655669
,0.4051270850634511,,0.4498063081996921,0.5737071814768101,0.690299594399856
-1.1565164638944287,0.7061263524337801,-0.2863419919989988,-0.2478943758857676,1.1662129876407967,
,-0.2275568524728899,0.7616712104192246,,-0.4015087745334806,0.1443914598186892
-2.008767889127236,,,,0.9382812887263464,0.145365969420865
0.8438163028871896,,1.1527372450757214,-0.1348112066925904,,
-0.0365038492482327,,1.2024291143768269,1.0751663662812547,-0.6724444898914673,1.1679155907965322
-0.9010904713424092,,-1.1150878243681666,,,-0.1660808938434616
,,,,,
0.7847714944188444,-0.2724560889686269,,-0.669460052786189,,-0.7921290781197903
,,0.8169745581571299,0.8479739062873423,0.3131866501933705,1.8733918855346123
,0.3516649879292524,-0.2737727881297496,-0.9663502466015552,-0.5570148309549544,-1.4507614927818306
0.4132275804342599,,-1.3822743400069235,-1.2393260252125404,-0.5783388918796457,
-0.3441637303846986,-1.2589153274875549,,-0.8477163126461296,-1.1850479287498294,-1.0635517710256592
,1.3616176819805337,1.4699487862298335,,0.4619632918573088,-1.4771989879736198
,,-1.6994988335183068,-1.2367497198999104,-0.0757862853188124,0.1657430822695733
-3.371900490835812,-0.6768826436133967,-1.856502811664574,,-0.6679733561645679,
,-1.6731192092126683,-0.1732571041515632,0.426718180343538,-0.346743987653702,-0.0376120074378107
0.3977568786711146,1.4224002530345152,0.1791080504732608,0.5199137522613306,,
-0.658792672590945,0.505771735423397,0.603974509382401,,1.3769033587062909,0.673310203038559
-1.07134899804672,,,,-0.3803362082162679,
1.32805142037657,0.1676145125848145,1.593950165884705,,,
-0.5058576373847637,2.4052973753509,1.895480654116873,0.7455100820741704,1.3165265676652909,
-0.5966959590536729,0.2726432227029216,-0.5653568242321418,0.335816131902327,1.5463102655894745,0.0035688749819857
,,-2.1529102559076274,-1.9832725046390447,,-2.435399273872213
,-0.3357222708547508,0.4927546914235956,-0.9558005166921606,-0.5931432042173451,-0.1053636945031023
-2.204158582194174,,-0.4538763221367394,-0.1691624930945395,,
-0.1827295221462053,,,0.0462140286767615,-0.8179903003246355,-0.0825555138322544
,-2.090325888989147,-2.2591376907744856,,,-1.1839774639773717
-0.1380701735354785,,0.504683316620086,,0.4290301509044893,-0.5411613551307795
0.6741215012226508,-0.2365087225012031,0.367127039210027,0.5604234822815155,,-0.0476861317566858
-0.4808134881158364,,,-0.4887011135066117,-1.1845720884438875,
-0.2702433971945192,,,-0.3805697966574694,-0.4397968269162515,
-1.8632856480224071,-0.0954052256763517,,-1.2233998125958356,,0.0494716332966343
-0.5423490485637203,-0.8037720377664612,-1.1565661647423078,,,0.0134508952525112
,-0.7530118867525518,,,-0.2132439441851292,-0.4099394033692956
,0.8014481925861352,0.4659077410041038,0.0249710987831099,,0.4894763716060172
-0.2302068809090847,,0.409932643931193,,-1.0619255827015774,-0.7401477644746729
-0.4353512239921677,0.4446586761138155,,0.7485153293436144,0.6476814711687405,1.3776942192644357
0.1617457067221492,,,0.4288208643778942,-1.117455717540682,-0.4679893898401064
,-2.4870142072860286,,-1.463230133014144,-1.3007963766370922,-0.3147112032279227
-1.1298137806023452,1.0029511938603637,0.0554889541114813,,1.2640349708216168,0.6060374461641348
-2.5856464566065678,-0.2655583762016652,-1.863118107440125,-1.990528265539223,,
-0.0713052434805312,-0.3354517167760976,,,-0.2768669663366257,0.1651163188362425
,0.4807837661408073,1.2547511765702002,1.234844232746035,,0.649642735118413
-0.0578096546303814,-0.8248414061364575,0.0693195836653201,0.0642118132264097,-0.689635526832094,-0.0840588595207105
-0.5847433092037032,,0.1390283975222953,,-0.0840110952774068,1.345288710207742
,,1.1774551627977852,1.5111238951522767,0.0023187346999379,1.3343918777856092
-0.7511781664021231,0.4839354061047288,-0.5845707132328984,-0.8072652560660031,,-0.7625147093043306
1.7800179190547567,,0.4872994103268777,-0.3807776085980452,,
-0.2926879683283006,-0.74720667159331,-0.6986781088921621,-0.637635473039031,-0.4031855835012803,-0.2820503848951362
-0.828653537897037,1.1124835341492705,,-0.5335820142097595,0.5655192560853038,-0.9607606421233836
,3.389982214820204,,2.282570712462072,3.122549129295865,1.9882876222368997
-0.0831335130017635,-1.6161946972625478,,-0.7599168646014578,,
0.3697886132970869,-2.494169067440662,-2.2863932100416293,,-2.003201570295762,-0.8289029133095744
1.8644212960336848,2.038319712705285,2.022304895875636,1.41094584645744,,2.3016558595251118
0.1275864510388971,,,0.9972668212740332,-0.1388574083308126,-1.052908219762129
0.7012623632929064,-0.3371867646018791,0.0444083816215471,-0.2037215048447433,-0.8698471204284491,0.1538785583195325
,,1.719952280984666,1.3967174232548254,0.8094894001201841,1.0182475556745951
0.4279506341991806,0.9447496363564046,0.7259404643126837,0.8431007999582456,0.8473162185655967,-1.4138006194274864
1.9078973898398544,-0.9489805899337024,,0.2742897291120416,,
-0.3446051447981571,,-1.7635666307154116,,-0.8034522869684108,-1.2799872432686816
-0.6347745859199373,-1.501876599526789,-1.7699294444532252,,-2.185552818995782,
-1.2279856486088123,-0.8168462303523533,-1.2597742368686096,-0.4149976915342602,-0.4364813564990613,
-0.2832623958054384,-0.970119930672982,-0.9441034679129018,-0.4335622284084334,0.0537675050318959,
-2.112640679691319,-0.4681505325653481,,-2.343145573341761,-0.2508218636587668,-1.7224591492496586
0.6107603109950737,-0.2639746076793393,0.6686351066656623,0.5326681197139281,,
,0.416375598442006,0.4868626141173595,-0.1485717444827482,-0.0755030722573671,-1.075398222427767
0.6351787385633266,0.1283097553324841,0.0829271021915761,0.4545590431086799,,0.1713033883466407
,-1.1972495972248551,-0.5627005471617055,-0.8435211032976317,-1.2203329054814298,
-1.2109036803139637,,0.3632419261446488,0.3284582688939885,-0.6431345927521243,0.1484690769918305
2.088158126078382,-1.2609793841182104,0.7907972049183092,0.4715680704833754,0.6066376300292623,1.268068209585815
-0.7789726365659625,0.8428959898176747,-0.2977646158668914,,0.1465643527988084,1.323844494164219
-0.8584816846114306,1.3824382210027484,0.1219503265850321,0.2973028474397897,0.4322577568371696,-0.2141171330673652
-0.4224569519767136,2.499021966014995,,1.4722003556566303,2.248285908241009,1.7237513082732212
,1.0006593776094164,1.2489198070334215,0.9843305303486776,0.821768808101968,
-1.0857996699515238,,0.9982605154778156,,1.842588774390676,0.790980491871836
0.7942012391373119,0.8999142778573711,0.3390327049864087,0.7658150874233127,-0.3213615241425318,
0.1280424689980271,0.9314616797895928,1.827869748229136,1.2875443547435694,1.0529106967590176,2.13390426692035
-0.1930190148554751,0.8104498030719113,-0.1361026862102889,,0.0992033495262037,0.5385882696776629
,-0.7043850737509395,-1.3282340855424757,0.198175109333566,,
0.092101072711105,-0.6640304415613667,-1.277408305016698,-1.4318108930422302,-0.1564437555794779,-1.6625387029154748
-0.2795818262597891,,-1.5414858068579218,-2.310252309665275,-1.1987824900106894,-2.1504697579247933
-2.038545377618897,-0.6349504151246448,-1.7325065997065898,,-0.4620910154509209,
0.2988521765276087,,0.945518805468537,,,-0.7842713476254343
-0.9491170497551572,2.533073861727547,0.5150814271901136,0.8275285389568844,,0.15752160602869
-0.3309624685543925,0.784469391825877,0.1536255821870469,-0.1155921794077273,1.1342455954361224,-0.1428144561958332
-0.8942063279807766,0.5462382818746851,,,,-0.5597143288942121
-0.3680102993756484,0.2011908064929629,,-1.3613543982965146,-0.0807847761391722,
-0.476865575049763,1.3308657770451615,0.262639952230669,,,-0.3161955269967176
,0.0076978342839237,-0.3021873152785358,-0.0996362435820226,0.3314857182125181,-0.1234364420290407
,-0.3726022288939388,,,-0.9497966483618314,
-0.6980131629226697,-0.2352369070252687,0.140263001286534,0.0826372555130322,,-0.0856927783957153
0.9867802470831888,-0.9709186464252202,,1.536409523813142,0.5239791328001955,1.8291565920810315
0.4208840602752665,-0.1062432164032185,,0.4873523799553125,,-0.3552124866603881
,0.5104657247182749,-0.5693504214534285,-0.4197630348573118,-0.3858602427744201,0.5146145399784418
1.2843929130272056,0.4017178221929111,1.207682829502825,,1.2727252747829318,0.6726725019047463
-0.5683050745330935,,0.1181168116793444,0.082889570519542,,0.8340176578160997
,-0.447523937756138,-0.2318012529916591,0.0534089184718279,0.9852618401932568,0.1213095762877556
-0.5718856172381728,-0.037359730170143,-0.6589045497463281,,0.3142199936898991,1.5194077646608577
-0.8804518577641983,0.4473711201191351,,-1.6701563338004983,-0.2299883376371689,-0.947579550332992
1.2770760315918095,-0.4406553970344657,0.7754949640876124,0.3528498528820701,-0.1442955310813282,
-0.8921951328442478,,-1.4657936745391091,,,-0.6246115025863598
,0.2829261825593917,2.264633265708269,,1.097480204614068,
2.3445389084861423,1.094616284325341,1.933426198024465,,,1.739661031139264
-2.192891148283913,0.2459671573187053,,-0.6539193977673461,-1.41545578227005,-0.7068538147102965
0.8861841014076657,1.3653678004494072,1.594228465170076,2.7265672684864937,1.8004368794577887,1.8391021572187585
-0.873609647750058,,,,-0.3236328436298474,-1.421868681133417
0.5393805315293568,1.1512234731365816,0.4208873783624299,0.4237325883324986,,0.0750716784432693
,1.7734153934344985,,1.341458080030113,1.4996914093439926,
-2.5650801100411003,-0.3431406390959476,-2.127162681357804,-1.6746498074191198,-1.3289489492921596,-0.7676580529921491
0.0838842570616697,-0.3970530183772829,,,0.0631850680313074,-0.7612233550713423
1.2952313239086202,0.1769034774267733,0.7521991262026895,0.403406111396376,,1.7432212687921351
,-1.488030438072721,-0.0775547546077898,,,-1.0533023963588148
1.8692323222770009,-1.6002646834599767,0.4925241600198034,,,-0.5809199442726412
,1.1688218067216578,0.1409106951384039,-1.0248325442086683,-0.0455516467659274,1.0166250765479947
1.887637154065955,-0.0241110562333702,1.5813898536187785,1.116543965906673,0.6509277897906337,0.6187919090914983
-0.0276911042315358,1.298204094137097,1.9659603144469924,1.1456115367320316,1.6241562684432445,0.4017486702568405
-1.324608325370044,-0.9843423935314952,-2.453932318025903,,-0.7110275160966422,
0.5413199245124353,-1.4863125021911503,-0.5687573884756942,,-1.6316854440393729,-0.8265167053099273
1.7059719609065087,0.9520784237152776,0.3180629981378223,0.3208853187438198,0.2649854628284225,0.0031882837223144
0.1829894368840866,0.8774331647170595,1.0142209814155732,0.6583630197109747,,0.3229775611411283
0.2253126661337696,-0.9825981334986892,-0.8094486730860381,0.3877622006739348,0.4921313953170269,0.5242311820603358
0.1092991650039205,0.4909293214866764,0.1511348665658226,2.0392026617693864,1.8105245574565272,1.1853883140273422
-2.1841553781805225,0.886084713448714,-0.7454160521884389,-0.4000914788483266,0.8392470442948673,0.8661624349011627
2.036268351529123,0.7876752040939701,2.6735180144742943,,1.438714760098119,-0.135629525923097
1.908603837622978,-0.078726547973937,0.7344745482387658,0.1188904883150878,1.1844976327183925,1.8416618443713972
1.503858008255185,,0.210607422940925,0.7672564319616827,0.6500601029915802,0.4629545086177981
0.4366627337889092,-1.180103433507616,,,-0.984753273871311,-0.2545006090962108
0.1075475326381719,0.4927507960194483,,,0.6031302797284258,1.0088420025431533
,,,0.1953452897636021,0.0419515204523379,-0.1304263187730686
1.590026138232417,,0.8193900437150918,1.2078646849510828,-0.0390078156810321,0.8329666770696138
0.832226700283024,0.3241291067287626,,,,-0.6216361726344173
-1.1515413517544366,-0.8487896933750435,-2.377331308009329,-1.3027445660934482,-1.3709717714296756,-1.1438531285341154
,-0.3701946690842071,,0.2690864355890666,0.5996570313285803,
0.3613435902238749,1.7848164898095589,0.6729701022864706,0.0180274317648641,,0.7834915990897894
-0.5424457095378896,-0.7395460209075314,0.0868633167901838,,-0.3324489154126407,-0.3118646146635039
0.7109480995906639,-0.1967587883462065,0.5675594102803203,0.1743085787949482,0.2737790871042672,0.0924943743748463
,0.4922943346330645,1.2904350482885671,,1.0271338293733911,0.3778853529789266
,,0.6342457639937463,,-0.6827046192439968,1.4598935494553222
0.7091930394613315,,,1.6330421592615942,0.433560047355239,-0.2325607826735951
-0.8808506274678021,-1.5012804119746783,-1.2584198360009031,,,-0.8408776544001194
0.9931025880354084,-0.3630917580662874,0.6177085373483882,0.0801975033643863,0.8092440782125752,0.2281442936364803
-1.2119134553794542,0.6804329099940166,,0.6479215215386731,0.5290699086403652,0.9679919608718764
-0.4767802665980076,,0.5638760589515132,,-0.0259065394302356,0.3269059341650869
,1.5455653408692214,0.1512731222597554,0.577783463184046,1.684226087068149,0.6043246347394453
-0.2158057486297834,0.4510998785365126,-0.4373269577629292,-0.8541634701203635,-0.3364677516471877,
0.339268652844588,,-0.225682208434852,-0.5623660153776255,0.857631159475724,-1.54306479319347
1.09513211270558,1.2465328390702763,1.7344493756463784,,0.5790232301705777,2.2021216318567687
,,,0.6853779240878538,0.5927776716051202,0.1694973336812097
-1.629106620265426,1.537360788587114,-1.031893524436269,,1.272724590327888,0.3803412880942964
0.6406895709887658,-0.5499612020936556,,,-0.0060786380082717,-0.7931977045674274
0.8215642954622172,-1.1009456123944412,-0.2976276993237768,,-1.0701571027425818,-0.0226580153039641
,-0.5428902863555559,-0.0680916632876056,0.1137420034675559,0.0477903707085479,
-0.6575240563426522,0.7784532646376028,,0.6736392923424175,,-1.0965399127908768
-0.153110754662152,,,-0.317051704255379,-0.1088514029511693,0.3673107498764495
-0.4270670301516874,-0.2517442773971149,0.0474602301231584,,,-0.8824709952038083
0.8898947615937677,,,0.0339073013080762,-0.6770099769411511,-0.5016887722306383
-1.8546900293472857,-0.7985052281232073,-1.413220953652901,-1.8220018699987444,-1.4049087319624949,-0.8687040195094762
-0.4587151171618601,-1.3028044353349726,-0.901295925818184,-1.2809480939617064,-0.9400276980340132,-0.7905279572317707
1.3661829790773403,-1.3412040309200868,-0.3310180322575634,,-0.1149322136272991,-0.8028626634546403
,0.1688032113404476,0.292924086060666,,-0.713093743219718,-0.7116046559863188
1.372980034077684,-0.6007498751018704,0.1979454788947061,0.2528890348830106,0.1867919611907589,-0.533022495086533
0.8314088973146202,0.1324882164389292,,-0.7670517651071458,,0.1229615937938916
-1.8866548477479776,,,-2.935811964963799,,
-0.8631087921694037,0.239956439055864,0.0115351846319907,,,0.0704485302283546
1.94210803710172,,0.3703935303681496,1.1441881863634191,0.649441850912521,0.6766893742674945
-1.710827825680578,0.6611161434976334,-0.7602684118988245,,-0.5276289515699015,-1.151856478337021
-0.6039017969845583,1.5980926206085952,1.0348328041615311,1.209797645357983,1.2762987611700742,-1.6843267008889518
0.1105633317788531,-0.9245084230820244,-0.9441504913790232,-0.7188224027140974,-0.6887538405125058,0.0491575139244461
0.2683324391596506,-1.2162868535092255,-0.8298694013245658,0.7757785454446077,-0.8786536199112646,
1.6538553814429784,,1.3116744472430797,1.3816834177008683,1.139236843365784,-0.5686654762105627
,,,,-0.7586650009045873,-0.4878746432153646
0.1327714072365766,2.101424381450748,2.271898596325939,1.305029372993927,3.119782093075315,0.6142451231519608
,-1.3800374744341732,-0.0879003541300966,0.3901891240960394,-1.2691780112723483,0.0157235437254295
-0.3107177814388793,-1.3746312859699543,-1.951968867941492,-1.342117815761276,-0.9292754548688044,-0.1845623286283816
-0.9036854807701026,1.128114399247057,-0.7976205538755342,-1.1262517802836955,-0.4617358397560513,-0.9493612482857344
-0.4622330318451668,,0.0069012312579114,0.5384406429934181,-0.2156366937604251,
-1.217000852480168,0.2236211972352021,,-0.9439241119174888,-0.2766048236692549,0.2740513789282307
,-0.7083099506954116,-0.5911638996827818,-0.0407500646009014,0.2641468562573063,1.1197688143574458
1.0889841793861923,-0.5364294790492465,,,0.7749125996531478,0.0044534675503625
-0.5186201340484325,0.3816125746871365,-0.1316976991707962,0.2117764328964745,,
,0.3917328740576167,0.9865833861303824,1.2959299429567737,1.5095127527023908,0.9490986860021636
-2.0274257897495884,0.1385739968888284,-0.6713406080591818,,-0.1168259272383732,-0.716301843452412
-1.8733365715381176,1.1509012854632643,-0.4005872918207737,-0.4212155741475215,,
,-0.5347388063697297,,1.4546371122851525,,1.7351431539124396
-0.1804433300134191,,-0.9914942617107868,-1.6744633474634287,-1.068142601220181,-1.7524110575450564
0.424886257554278,0.5290072660315063,0.1449529693718218,,,
-1.497845654970002,-0.4137717602894032,,,,-0.2304430352059097
-0.9647187232471418,-1.5383786183159935,,-1.454813468238647,-0.2332767839230113,-1.5093750040692386
1.1731595714107408,,0.8676313790978972,0.2938003148953395,,-0.4278158041141423
-0.0538568680858249,2.128455368479537,,2.0099825193285725,2.241106906116736,
,2.759667951030131,2.3551595081239545,,2.3130572777338787,
,0.4121380025841362,0.3374335471689441,0.8335611320797025,0.4336213200991803,-0.03369324034797
,-0.5815099850015834,0.2733636626351786,-0.5564748083365573,-0.785625854605315,-0.3683192415089193
-0.5663574981641974,,,-0.8224144167127155,-0.2071286572402662,-0.0151138552681195
-2.3185066463135704,,-0.439628116488714,0.0239967419765158,1.225675403064768,-0.4642621966048402
-0.9724057897613404,-0.0610686703218755,-0.1590081624918003,-0.769870832460184,-0.8451542459675537,
0.5417505178099624,,1.3843054462284303,,0.787012671304687,0.9000786140153136
0.2537539112430845,-0.7470447429000633,-1.1232064334464602,0.0256822650791128,-0.5689719700778493,0.2132713949769965
,,-0.2589999707372046,-1.3309645511050558,-0.6315703217490027,-0.7878254699209444
1.1738213009408212,-0.0120085464632303,0.2147762770592714,-0.4825816997271077,-0.0938659637042013,
-0.6181767883970476,-1.072042868787242,-0.3396074266889407,,0.8386282850663588,
-1.1816994011511397,0.8046665080109435,0.1216587510588685,0.3684936294235039,0.934821581570594,
,0.2580279357111251,0.253679497439995,,-0.0936185676448559,-0.4322826608841981
,1.1029879752024885,0.1309650329697307,-0.3393573818770708,,-0.9131609378558122
0.2251555462046978,-0.2264405964345734,-0.2369221375436552,-1.3395653309020967,-1.0024759570503117,-0.8727503598812049
-1.469988978637078,0.491355073072551,,-0.5304111420767457,,1.146976223039471
-1.5090550160585994,0.053951577777555,-1.4301291789395465,-1.752024707046831,,-2.321354225702754
-0.6728048660329194,,-0.3960151568671169,,-0.5473348799475672,
2.2159910289874145,-0.9331422739494591,0.6610148284811275,-0.2574700413102963,0.1198452115698329,-0.7056940851878092
0.4663061631933399,,0.1168527544450166,0.9437273705022567,0.5601435735596281,1.2931915030057397
-0.2876840187325535,-0.4751446598273028,,-0.3219480674551817,-0.3216354288124068,0.5981945186225143
-0.4191688493536178,-0.5476382967909823,,-0.8948593861472595,,-0.696548380495459
,0.5553696632523404,-0.0853514320278679,,1.1849642271307304,0.1987369213784721
0.1343064912353465,-1.469144777268378,-0.8452772686302323,-0.3618349192967314,-0.9976089617665028,
0.7179183994230975,,0.6828940467619621,,1.0846670885916947,0.6974084651175114
2.043324200092977,-0.5131914780588833,,1.0816984186441658,-0.8062452605014586,
-0.3287067877180339,2.5417075045713107,2.2732229843880543,2.7444362464960457,,
,,,1.5832472931048205,,1.2381726602566556
-1.9303824467029007,0.8869501124816858,-1.3623722086530414,-1.4479949507264,,
,,-0.5527078228018771,-1.2766177395462506,-0.6613686386119586,-0.6600935434263777
-0.7288925190022357,-0.834830148314864,-1.122333110753808,-1.5168894501811918,-0.8736790830435125,-0.7757545943737245
0.5294887974547168,-0.1081931684662149,0.5160462014418791,-0.5148892209526947,-0.1156340289963495,0.1820091999227669
-1.3406327607546995,0.3454202108632472,-0.4068427545020849,-1.2753940940577382,,-0.4598826716868269
-0.8281084517749155,,0.3772746334962908,0.2189794322630525,1.446457968264981,-0.2260975958971599
0.0356674612161774,,-0.8519415774107825,-0.1205196324001224,,0.272402749782491
,-0.3175768895583109,-1.2653925505462695,-1.426549075603931,-1.4314492945407613,-0.1958290840582075
,,1.1841959421940678,1.5715469793668817,0.0102745513359421,-0.2670598287531787
,,,1.0332763285339748,1.0847633561523506,0.4325316669422898
0.8336439352470746,-0.9794360545688994,-0.5990346362800589,,0.4241845371507504,0.1883785677924891
0.4005144893622374,-0.2549601754398268,0.3349871665787555,,,1.8657982102336563
0.5143053289023427,1.27810944001307,,0.5740265061576392,,0.9075259364015372
-0.141034805762289,-0.3616072549284174,-0.7959496595955429,-0.7517901675693344,,-1.1376210580483004
0.2570526153440833,0.6197807101721071,0.7677012319215799,1.0072526527036214,0.585222601307498,1.282503124083446
-0.2324743354315551,,,-0.284852350997391,0.9459367730235652,
-1.0525618913906047,1.9592984273941332,0.6017803941293078,0.248228310117082,,-2.415288754809415
,-0.3753086930171923,,-0.4965797174357962,-1.2237065481474223,0.0897878384762932
1.4657137660843,,,0.1151577386221637,0.1910943628627124,
0.3357409547293571,-0.5597101488934688,,,-1.0789471863019346,
1.6491745434942302,,,,-0.1831729907176638,1.3789537136430012
1.027160699061198,1.8762292403454128,2.069293267043344,,1.705443944811556,0.6031415452665654
2.2996356115919885,-1.364182995915686,0.9464378297677788,1.7381416873660904,0.3157733326177792,1.4927650793255625
0.2391236158972661,1.6632456379060507,,0.922202372823676,,0.8183484366382056
,-0.3734014798410925,0.7493838821818902,,-0.3356124741679078,-0.1110237258058394
-0.4015577501337785,,-1.0204582367812447,-0.5115836079517029,,-0.3399809510405703
1.242861385607636,,1.4779260877352742,1.02031704895082,1.006544247975796,0.7792808318815473
,0.2388844363966036,,-0.0102830540427481,-0.5379007312551141,-0.5469253267708751
0.6687521217247082,-1.593097198636474,-0.1317179385986606,-0.9206036513626914,-0.7013047050233953,-0.1299833031894129
,0.1535418969017356,-0.3233723721370335,,1.6236377257276544,
-0.4508817225747401,0.6353869819599914,,-0.5083242378787795,0.2161131238326365,-0.0172131657210364
1.4628901244338404,-0.8625716505860253,0.9357684146894832,-0.5445925306550684,-0.6670133940326993,
0.5408637271402204,-0.77420924732185,0.1253994110506722,-0.1072874159573945,-0.8002781692911178,-0.8842433631584086
1.3766795449857976,-0.6983029172573755,0.6111662946174149,0.5907468629009588,,0.5333784933252764
-0.5009646753134624,-1.1237846592014946,-1.54700282240255,-2.07759302881146,,-0.8785754732884566
,,-0.1994503802920163,-0.4186904682059282,0.0785608796898896,
,1.066426309838408,0.0463876488720829,0.6531415691437018,,0.4944049599020673
0.0066446363292311,-0.638071426029607,,,-0.756610460526982,0.0929308947425896
,,2.762570586795362,2.3006648847320177,2.5528175041316445,1.0936913604966405
,0.125212160551307,-0.178443098706351,1.1384313664708956,0.2827746626754581,0.4655657491368907
0.1110359506193426,0.5993461686223177,0.5971836579200983,0.8146273535160986,0.5765894598593296,
-0.9418185149743008,-0.8336411142524836,-1.4600684430089883,-1.1802583743425117,-0.0972879880760903,
-0.8424253243580766,,-0.5196123659546344,0.6521461183908941,0.419335924632842,-0.9744524627751588
,-1.1055908490763484,,0.1125255160052357,0.2511013376144689,-0.4413364396248031
,-0.4768038296076521,-0.5250824556962407,0.3275018823102936,0.1730396932622995,
-0.3520274711331284,,0.3918384885062267,-0.1286847741886219,,-0.9269416195925736
0.7223382435340816,,0.6054260404175573,,0.419892025486248,
1.1770691855402495,,1.7597252393973657,1.7151129310125377,,0.7647917148563981
-0.46733754831664,,0.2799667842528123,-0.0484888787924036,0.1255217722908409,
-1.148393040707656,,-1.9436086569518232,,,-1.182242147239709
-2.24610618933598,,,0.0642887652672206,,
0.2570178084275968,0.4559435106575112,,,0.5255208920489923,1.7907413993184191
,-0.1498850128666105,-0.7173025637612431,-0.5561459553721172,0.0848177674325496,
,0.0494379663021116,-0.0671211864010264,1.5164388875408552,1.1699689211225477,-0.8737853090230954
-0.6652252266046965,0.9347808394560772,,1.219100359957645,0.8131160391583614,-0.7405049857545702
,,0.5936495049531628,-0.5031290569922245,0.7984062476492851,
0.392135562289274,,-0.2952437358827325,-0.5716748063419528,-0.8447864324375739,0.6856061982070522
-0.3577016002361671,,,0.4080202057049848,0.0230859063608771,0.0933713891827689
1.034249658094496,-1.8402225782562691,-0.1361076885450545,-0.6716333383434646,-1.1646305945860302,-1.694847194934339
-0.7842488666963788,0.7301269695360041,-0.2148281709066807,,-0.8056271885984913,
,1.8828426306170285,0.7329798467062705,0.1370529117910885,,
-0.403663164864327,-0.4669480948752711,-0.352100458711455,-0.329777765036935,-0.9550197132704326,
,0.3843203352116772,,-1.2191379646068945,-0.4021457892975833,0.2261292594300077
-1.092191311196013,0.2327785656652726,,-0.6673740741654981,-1.0800036419770764,-1.847317532074939
1.1575614751258907,-0.980836867472514,0.1010207846237623,,-0.9599702476021486,0.7054564830824307
-1.7867424257319455,,,-1.6103428887984124,-0.4665670817153791,-0.9565181574505944
-0.16945805155617,,,-0.9074562132863244,-0.9019638539141612,-0.5431002502471779
0.3521816701764255,-0.4115527085075322,,-0.4449663499564571,0.4371136281896201,-0.1767912108751563
-1.5032951511838577,-1.4477051733808035,-1.5848366998691823,,-1.82166028858565,-1.9725175251723328
0.3718373918439645,0.5109746411144733,,,,-0.8329650039166375
0.8344026109158701,0.0530602637705088,0.7735346636933791,0.2856940298130155,0.2420926849468324,-0.3402922719608968
0.2395539775539688,0.8272301953711038,0.4564784444072636,0.6107500143304607,,
-0.0629239247844305,1.3625271266213037,1.9052439619164023,1.4599880263989942,0.5357215625560022,0.6025488131765977
-0.0841370796481723,0.6848687929368218,0.5440240782694281,0.3404767137639843,,-0.7873670609768046
-0.0150691142727495,-1.4022471889335837,-0.9199300488704214,-0.6126868582442161,-0.398110885181035,0.5071296074831442
0.9593057015204052,0.5253972158532368,1.1922253505870508,0.6949637633593739,-0.4895677850106195,0.4722111404602193
-0.2581090715361809,1.306982347635648,1.01164576591077,0.5316297446039383,1.1259092708474965,-0.4052788621447737
-0.487291649728111,1.8303165680125204,0.8349719186149503,0.6051912938224776,1.3889948429007075,-0.6466772374282371
0.8755089999123998,,0.6601788561233326,,1.2477208543189395,
0.5985677129208816,0.063190193619824,0.7117789991560733,0.1073883637832541,,
1.060180761951056,-1.7872826861176114,-0.5073979333107067,-0.1535284041419966,-0.9759543313971796,1.0805596719150954
,1.1334447300858628,0.4670876799731902,0.555561128967007,0.7012734849052863,
1.1224991363824524,0.3314935533757693,0.8329802810390814,1.0116002581785153,0.1893706544541017,1.3708705543373356
-0.1672457482622238,-1.6955172082808092,-1.014950608941364,-0.9006786097290024,-1.0167578560211483,-1.4386730647111048
-0.9208286657007112,-1.2112700290212628,,-0.8599310942501476,-0.409985818366473,-1.5188732808329648
,-1.022350580260814,-0.300638237758238,,,0.3987694105475293
0.3386674154907084,,,0.5194182672533799,0.950915804252248,
-1.07795028710732,-1.0681422882962075,-1.726114314151191,-0.1087329181093779,-1.2825320756359757,0.1703563201453716
-0.2296441080226615,0.1238751555760184,0.1187180075328518,,0.2987002517131729,0.639499543240868
0.6446184235099358,0.3017852346644902,0.8830231500067148,0.9695454696448929,0.3100490743133863,1.7811465972261074
-1.766374483353978,0.3618410332629347,-1.1864773153393724,-0.7338408570189402,-0.3964451324433469,-0.4437207348136041
0.5509880093209303,0.1253315471457523,0.4855387357073389,0.7844366769582809,1.0124047412814603,0.7608761824064226
,-0.5343803885857377,0.2335998351942069,0.6849456390247862,0.1704287094286234,0.9559498527176332
,,0.3581740995825196,0.6057871699258021,,0.4811024590547436
-2.221066191631352,-0.9072666754352544,-2.010023512137086,,-1.0572876408569822,-1.548104283097134
1.6035351081996252,-0.3059444685524536,1.010972297093779,1.581251232503769,0.5769757681700595,
,,-0.6957273905117116,-0.903503963250602,-0.661281331397791,-1.1698678979925472
-0.578841289664035,1.2202297427335311,0.4757211978449573,0.4733205506683922,0.0837708403600764,1.0480345945375322
-0.2343186343838076,-1.2309753715431642,-1.3259171186672538,-2.4270280457776776,,-1.91198275773059
0.554689450479051,1.2002543887698962,0.862505981957847,1.1864081104989277,,1.7408811067750911
-0.136671254750133,1.0339726550034285,0.5862783165014603,0.1491485079331398,0.106307156642022,1.3539776430639976
,,,1.930151455081885,,0.3764991025217994
-0.2297856446272569,,0.2663703676955846,0.1638312937160838,-0.3365318175625915,-0.898373386355849
1.6500031204610492,0.207686100072896,1.0257386201515548,0.979095388998846,,
-0.1975091288091335,-0.6317537425656043,-0.0852589762606146,,-1.1312930332315714,0.829803445623976
0.0120439128864108,,-2.184742737623633,,-0.4523487448915347,0.4293584082827379
-1.5859426662650713,0.749260685688022,0.3245108419536374,1.201514131102836,,
-0.7993593371035743,0.9590254603452588,0.674257758225872,-0.2917196028267355,1.2038230370691518,-1.5965601862234018
0.3003961227176937,0.1859754488710951,0.1195771144791022,,0.4348988205919756,-0.9954470518955288
-1.4476468317523614,-0.2645191975008814,-1.268767993504432,-1.188990685730766,0.28201183169051,-0.8260602647943626
1.6948626983725272,-2.0060783968116325,,-0.1010355304036907,-1.1011231535213413,
,1.0370502882319197,,0.8392737077978039,,-0.7485849484325093
-0.3512519756798278,-0.9502216685180496,-0.7462712615197571,,,-0.6932244647106395
,,,-0.525643765787514,0.2511105628464634,0.4955727381062029
1.6795179376950855,,1.6040667305811336,1.4375855976764529,,
,-0.7754825512300395,0.3341592077456785,0.6153575463541596,0.0336242164805889,1.4068879218265309
-1.8938943637888213,,0.9717494398628576,,1.2025560333922232,-2.142892135209744
-0.4128875780121198,-0.4147185482719331,-0.5078929020114575,-1.366830444002702,-0.0798563275315049,-1.2400107937271698
,0.2785097288032738,1.3217201398227325,1.1309231364721946,0.9393123771930292,0.8731417202121226
-0.8453268667119505,0.5741379918125988,-0.023506541396596,-0.0299477990487673,0.3716708065075407,-0.2746112026580897
0.3631239271479599,-1.391143783998629,-0.6681184596808212,0.4445605137302527,-0.8740820353137996,
-2.266938644096054,-0.5367530286166913,,-0.549885124173242,-1.4822028871221216,-0.7731694748150236
-0.5829004260393368,0.0941637697616685,-0.7358016313758027,-0.8577101585135551,,
0.1158962713470806,-0.3938983298966367,0.2601538092509469,-0.5266702810952488,,-0.232963077421257
,-0.5886137128003701,,,-0.4931680366716946,0.3551854602361365
-0.4770959584772263,-1.1257216181376433,,-0.6455909508161423,-1.1795911534583805,-0.323645518587409
0.9321009763391448,,0.3616850644418086,,-0.5794575876543306,-0.4824950462346667
,-0.4192244877780473,-1.0205089578340114,,,-0.0084777503137507
,0.3691101493243728,-0.0557852806428129,0.1124592590679873,,0.0040295436839473
0.1899339951472291,1.2532870324425354,1.6756882144552818,1.6047776427450513,1.117325830729435,0.9234551317271676
-1.5662864704986956,,-0.1476056921871558,0.0163203201717875,1.3494643216603193,-1.1366433774250568
1.298004845711877,3.3159304135608565,2.4664168476290755,1.6163221336807712,2.722747257701128,
0.2973328055275048,1.5571319489509516,1.5502827564696422,,1.2687444623379325,
-1.1015957201227766,,-0.603139835157647,-0.1735420112809644,-0.0722626334794532,1.211789097779967
0.558827030599125,1.4147358734724509,1.0504851334605378,,1.199447204989658,
-0.8314500530383353,1.6811100845094875,,0.6721778761508929,1.1823758208966582,1.0542704216255896
-0.6462208465868527,0.736623482345078,,0.9070571970418464,,0.0886300516341866
,-0.8028736682224077,,-1.126343776211157,-1.0963606455388468,-1.340835083052051
,0.9407865260921184,-0.139457603368535,0.0996932558454386,,-0.1193413043354455
-2.1929756110302083,0.1091149782642239,-1.2672323676094583,,,
0.221239668055279,,-1.4806966936819344,-1.1825616263920422,-0.7721826476882289,
1.857387299284239,,,2.515567333357253,1.2710114707474016,2.9571512200167454
-0.4405698902453546,0.5470555151240111,-0.8943980979617909,-1.2067600394111264,-0.3445904821170362,0.9994796875636386
-2.299414589771398,,-1.132090210607566,-0.3609776610188255,-0.4183091091565141,-0.049863477034585
-0.4744762237010375,,,0.3743089635884025,-1.0389993898116208,-0.5019814095054884
-0.0641642083738116,0.1009170892789465,-0.6317172169369349,,,1.476652685284193
0.1574363920378409,0.008568734722786,0.0721103754237372,0.4748526915215952,1.5391072154303258,-0.1053291153656795
-0.0606021969030588,,1.1865499740397418,0.934402200310975,,0.5578711957569444
1.5273919037269923,-1.6397340384110737,-0.9396512744529204,,-1.4259222773628346,
-0.1830848805415198,0.2779110484502733,-0.1127442248728237,-0.1349012402107758,0.2433371976866246,0.701179600419624
-0.3912079898787629,0.3135698459616727,,-1.1697858196316189,,-0.2439363651586367
,,0.2358551623163514,,0.3415242211230701,1.441805470610074
,0.7257083749282721,0.8974504029271999,0.8835856839868148,0.0317361549469559,0.8860177250370169
-0.2082208681000789,0.6489809802697641,0.1659241093626268,0.1911501779885494,0.0191778797970793,
,-0.7678718139020599,-1.4838072256827073,,-1.8328240529987292,-1.7263197294964834
,,-1.2759327400112082,,-0.4096978093897019,-1.5648142944453598
0.734567878528897,-0.105078744298178,,0.3886489242009707,0.5648421426753771,1.34158165895291
-1.5492764010833409,-0.4443015070833173,-1.299172144428712,-1.4076760696859545,,
0.1223085875759025,0.8401957990663259,0.5852545252328498,-0.3739539382801313,,
,-0.7078219606981504,-0.2252388335269033,-0.0774502772721915,,1.4527614225764938
-0.0510804031557254,-0.3514024279483712,-0.6827141200989333,,,1.396892073022027
-1.7365812242637562,-0.0497742026928515,-0.9234761277555577,0.7084219453678072,0.6696820470519087,0.2842848548130494
,0.0092601208270493,0.4427947604660721,0.1065275067181956,0.6335931991034273,1.072271875976019
0.7323762022739885,0.6973727438959925,0.4326857768195167,,-0.3148505618307999,
0.2328338367238022,-1.4544955879639476,-0.8383187571940247,-0.2099726276950015,-1.0090199046365589,
,-0.2683571580755536,-0.6789150660291289,-0.3055751579275743,0.5062149912419004,-1.097540254475738
2.290589084802801,-1.1951287618569355,0.8204167234089814,-0.2884534626293662,-0.9541122462153,
0.936090361833465,,0.7028498727739028,0.327838220930442,1.3689189420844237,0.332788581022482
0.1580911701133138,-0.8306240599446405,0.1258950813461968,0.8151798023099035,-0.4594368668795737,1.3142940421001077
2.777893036746771,0.8220145896366305,,1.2794372892174757,0.9606263450736487,
-0.2869413090075774,-0.0473322304343607,-0.6081399539760659,,0.5966732609164553,
,0.9048692372537156,,-7.849079417187299e-05,0.5803081704584504,-0.4892703574647902
,,0.1712150136625956,1.1812880221748563,,0.5758728683933322
0.0731174065936775,0.8412397524235375,0.971525526752651,1.4352535952322378,0.565032821265846,
-1.567413123321611,,0.5740258709017716,0.6783186804095573,,1.0345417626957027
0.6969500047738095,,,,0.153700642742255,
,-0.061754873002402,0.6761473568115706,0.4492965501830841,0.3119251360917818,
-1.417405028543734,-0.0747801105321711,-1.201091131085475,,0.208632122777565,0.7960579158011403
-0.645724555240894,1.394074302023956,,0.383263066985256,0.9502566241783318,1.563009472490633
-1.219958824452963,1.8091429055465091,0.8570916318681171,0.2193021760839105,-0.7495606112523953,
-1.299699744225331,0.6254570586284472,-0.5736470812765294,-0.8632085643024989,,
0.4458016367855879,,0.3162769015238057,-0.8349033290579655,0.0484430772481929,0.578969624605117
0.0958223324671626,-0.7127142113037404,,-0.4324257837236094,,0.2076818371810132
,-0.8783373734086385,-1.513426121543598,-0.7997504407946803,-0.952474326268368,-0.2924320139341627
0.3136610150104422,0.0699787785720247,0.1340225089584883,0.0442116741356255,,-1.1319265993830152
-0.3830156091219647,1.304286286756814,,0.4528922007722929,0.9392068400355786,0.0823869618950236
,-1.809623639154235,,-1.0170689108433957,-0.4314288809672698,-0.9273994624354328
,0.9842922968188472,0.0998137820401718,,-0.9461261970602348,
-0.2440075715010899,0.8337305557619317,,0.4341346412482743,,
0.0235289354102153,0.5066379058735724,0.5878379009646502,,,
0.5165812963746664,-0.361059095516501,,-0.5688073911715881,-1.2186620578419485,-1.7291506960263128
-0.7280094892539467,-0.4077908291953211,-1.249338608206521,-1.3173425504681966,-1.2862312505922937,
,-0.6105673434331603,-1.8270336637982467,-2.077659868253196,-1.326178457992149,-1.3225996057564935
-0.5711897212865915,-2.9334346457195397,,-1.3949552236058826,,-1.1800881570908128
-0.6209873231648019,,0.1719887000169975,-0.0917859265325286,0.7523242348856611,0.2037716542661944
,1.6766634697164595,1.4048394025066104,,2.4544866283156628,1.0194643034210993
,,-0.1027351807805597,,1.0883483554987234,1.0921080212993484
-0.1500429324075784,-0.8845737531337238,-0.6804241245288607,-0.7820125557265278,-0.8681075909435807,0.2865595594343549
-1.016723054680262,0.0145043605640585,-1.3006463659685037,-1.5036795866701202,-0.0199535261620278,
0.7086651608232246,,1.7109853670697843,1.2782107743282818,1.4381534186983256,1.3659773424490036
1.1064692822445823,-1.111375211857246,,-0.0899994595158136,-0.9598384983409318,-0.4566721789811744
0.1752435983234493,-0.8135400137803119,-0.3239247671259398,,,-0.1738898607453886
1.9418145778518785,0.4019653654136997,1.6461838967494822,1.8663629094186165,1.9613439450850256,0.710979111959202
-2.10269096098444,0.7366333781165796,-0.4759320328119691,,-0.1653460869180029,1.257856179084101
,0.1736924982777265,0.5030969761059313,0.0266591195477748,,0.3481185305938021
0.6607887817530806,-1.3949023129919178,-1.231182948323318,-1.7865094142436335,-1.3504679599966245,-0.6329759250454765
,-0.5605184938216348,-2.139985280850234,,-0.920320100955351,-1.017523111929748
-0.1629764998598785,-0.7327567574384853,,,,0.0344939285423887
,-1.2787536369328136,-0.1515295626143,-0.6696713579514095,,-0.6951065336784541
-0.2434816583975537,,-1.7608499039261931,,,
,-0.4875179616531349,-0.0118247459758034,0.3258830451304459,-0.1314799836192317,1.4426444910730702
0.8548692602030685,-0.8606233384561465,0.3441167060526165,0.6004010643832806,-0.9215096283336964,
1.088554026346931,,-0.6182588792180591,-0.8134135015894408,0.0284271476122134,-1.9672703518637455
-1.4055591876412046,-1.5045658470693248,-2.017479737920337,-2.55521245420959,-1.641174206461024,-2.105641630150374
,0.1094969501291336,-1.0448879005336809,-1.885610516091542,,
0.4495147090392061,,0.3822279445177515,0.631951077563064,,
-1.1710570992178748,,-1.3086899169342896,,-1.4120725164074095,
1.9158427684580983,-0.4774479628794086,1.5007978667191888,1.3544405421666903,-0.4412175902512089,0.0584030828733327
-0.0975455690811178,-0.5893677577121799,-0.7414392008602245,0.2674154310476108,-0.1886568069330806,
,,1.461001859881098,2.114561696337677,1.3862969613859355,
-0.1708667608736574,0.335131941219443,,0.1290377951383736,-0.2356012874325304,-0.0793402374190346
-0.3620840630357997,0.8126235759117381,0.106049053484238,-0.2675507754337194,-0.850804914732697,
,0.9662423029664,0.8660588412720249,1.17716586643494,,0.7431383847814222
1.6932898995342869,1.001462172433213,,2.039764595645874,1.0259180825967436,1.2786569440700426
0.3702167405381144,,0.1148306976311671,-0.4082888816446025,-0.3297110616012836,1.034765489289546
-2.0114237923579017,-2.59015206547156,-2.4119200586682195,-2.0471696248704614,,-1.6276922134961596
,,-1.0074440056583078,-0.2216939102601404,-0.7157337125200885,0.1549162936350406
,0.3064944091379992,,1.1453236664724404,,0.4361594306163726
0.4252468625547287,-0.9019941222346268,-0.9535709958777993,-0.4281959232823419,,-0.8809080193087917
1.2336302009870672,0.9646148028810482,1.634121011372473,1.866135377882501,,
0.2743417615626933,-0.2168789179909583,-0.0722115762692675,-0.453788728134044,,0.0243060651575038
,,,,0.5510076505488171,
-0.1691866898773781,2.2151576073725128,,1.6789400563928971,1.64819164911981,3.174916397098417
0.2970771584877903,,0.4833736228158747,0.9449611976740192,0.8107782032879476,-0.6259517235239377
0.5495255267218422,0.6478731469926143,-0.2463655030429522,,1.0056799680610995,-0.2030415526218592
-0.6342246654991488,2.3059035612456977,,0.7584715019430726,1.6688602106178023,
-0.3201795835353732,,0.0884352801057299,,0.3875261787667434,1.2323357937014334
0.5751297900474049,-0.8496869226238124,-0.3936575132289513,-0.1910063795347553,,-1.3442451135918925
0.1494569225497312,,-0.4034316927917631,-0.3973956818520865,-1.5806417752716406,-1.3155075446527194
-0.0992799971248576,-1.7573312094207252,-0.6553823257015146,-0.6443085642686808,-0.5423143767844192,-0.0571495630633052
0.8447667672177674,0.4644250797813266,,1.6420848335558964,1.3463323883695857,0.6413364354685559
-0.7353819183580254,0.473448993949895,-0.0895344219741526,-1.239048073475904,0.9332299767054064,-0.5912766118450782
0.6101186065025881,-0.3916208336123066,0.3656959107050191,0.1867654911937339,0.1587285681949456,
,,0.970206925729606,1.6341346951696387,,2.34227531463666
-0.0015742324958035,-0.1455037670822672,-0.629712326240259,-0.7963166789370069,-0.6931760868683255,0.849295262788588
-0.0845300856001183,-0.0828586279368917,,-0.3189232481390278,0.7653870243247807,
-1.0512658204452223,1.455306388275718,,0.8281892530225711,,0.8787630173630188
-0.3611267767212092,,-1.033387442285701,-0.9816091767843188,-0.9029363097427928,-1.1443019549625144
-0.6557163776292024,-1.0662571989395675,-0.8317876777587224,0.007287190798097,-0.0574543466039369,0.2303233917066681
1.0052557717641697,0.315025619334265,,-0.1691491887115786,0.0313919279184096,0.4757177360937402
-0.2546836705756765,2.086515346134938,0.8652019559056858,0.974628854460684,,
-0.2789593597413518,-0.8332966078764228,-0.006782985220982,0.4289728130997341,-1.27883483856813,1.274843337190865
1.0862579604778626,-0.1678036574013053,0.7915654141453404,,-0.7552626764029224,
-0.0713952031517501,,-0.5504687270417072,-0.0117059467001639,0.3731628293061743,0.9121379987830172
,0.4564014062263646,0.5649232597612142,,-0.9301944837433136,-1.172156799716353
,-0.1200607770703367,,0.6021512965616849,0.4750661279867825,
0.3923118658751566,0.3629024116668724,1.0969758322155525,0.984502178227216,0.2463449625515074,0.5059623659836641
-0.1702568223255592,-0.8451554343388343,-1.0795437817479798,-0.7897724294503464,-0.7291673218512182,-0.0751797143796176
,-0.1426062609989444,0.529120898453849,1.130450483665424,0.5841844882030104,
0.2374471977854615,-1.6950967344215595,-0.8511898407596273,,-2.3757093132180995,0.1427463369719432
-1.3977784473181083,-2.113850772631372,-1.735233314270272,-1.9982884786770128,-0.8199422191699782,-0.4047542793377722
-0.4813405843216253,-0.3796351502632376,,-1.0479509344715203,-1.3845589108256464,
-1.257569145000874,0.2439296931201569,0.1141004114419396,,1.231040166485082,
0.5449307943081982,,-0.1617171086893442,,-0.0632492822226616,
0.7918172500209781,1.2881463735371808,,1.710791365917536,2.008563628806437,0.5600322452992553
0.262778017521555,-0.2302380813979504,0.7491295110726528,0.697293690591105,-0.3389409313877707,0.3206868130417157
-0.4994550458786152,-0.512160477596579,0.696394344948158,0.7912146018981628,-0.2842553942321091,0.4955734059452434
-1.1329334440966747,0.568876153881357,-1.18329205645375,-1.35683362354622,-0.2449466493193102,
-0.0405898145258435,0.2247775381409203,0.820222123207047,-0.3777928893491874,,
-0.6608256263364551,-1.0260004163292464,-0.9804932055604404,,-0.196023084813834,0.738461111469649
0.9353915410930252,-1.1797079551761565,0.1673128783153164,1.0584591301790585,0.266799624212029,1.215544247809454
,,,,2.29774089074038,2.471187183190654
0.462487425296184,1.1330747671760826,1.0335962868219069,0.9141643751514082,1.856043487170422,1.8332519465029409
-0.47401946807841,-0.3142461637196728,,1.0334570507670526,0.3241739080936112,1.6739964117239126
1.0992319977383986,,1.1069978457151364,,-0.3172597250714576,
,0.2730808014343379,-0.2517844684286735,-0.268557466228399,0.3499339946164219,1.3298243148478968
,,1.2546972605291986,1.2733176086079323,0.3700152366360852,1.1492444679251137
0.585627935640719,0.2346289590873739,1.6736415177098565,1.130541935802644,1.1055212742749454,
1.6814462697137469,0.377949005090793,1.4990256088484706,1.6105032259546097,,
-1.4253582718582944,,0.5757709611347137,0.3781599626017541,1.1023986097345004,-0.2999202345827417
,,-2.347676991868764,-1.454688543916019,-1.6171824746249344,-0.0070932004207495
0.4757817100330012,1.3119082782518214,,,0.7730566712642861,-0.7865028349153433
,,0.4075584493616785,0.0379120773626813,-0.4424030256719685,-0.6960564315551121
0.8455739771867753,1.1264108603961538,1.5850503649689136,1.9114236372578872,1.5962502250075363,1.1782859667376622
0.7219248035552389,-1.8535803541130764,,-0.2976619236797757,0.2404842021192797,0.2553106370514125
-1.061064653018311,,,-1.8105222612447325,,
0.2675350039012289,-0.1182275219242485,0.3246519009031138,-0.4860393581692367,0.0440513337228273,-2.24060730306162
0.516581655043285,0.3418850969309682,-0.0403314682332047,,0.7023365781772227,-0.6852537620347926
0.2183447316152358,0.1208908467767806,,,-0.8683228660268643,2.1588239299097864
0.3099325212999752,-0.3416598244116156,,0.2953672802550817,,0.6341802254617
0.7593469341236366,,,,,
-2.4288691269191007,1.5478904438377057,-0.4540297047989582,-0.238414915624205,-0.0122859154729575,-0.5001466282375561
-2.031109331657619,-0.2926119657733379,-1.1140809229861068,-1.6541920626633226,,-1.1298940048165456
,0.1236367698045042,-0.3710478044046585,,,-0.531955448078044
0.0920322102804351,-1.049987396607471,,0.1348426832596004,-0.2745513718282139,-0.1133391680182497
-0.3836586466130013,0.8859919135528935,-0.2596243659344461,-0.5486987012241107,0.1651869108149733,-0.4915979453119689
-1.3275962815383977,-1.3057470019841964,-1.292250583205303,-1.7071332795508702,-0.8474051719660097,
1.6252827363438207,-0.2172662383759505,1.58168526130582,1.5619059898410694,1.232930291176063,
,-0.9966474888670286,-0.7351354838532542,-1.630712563183022,-0.8983730501789077,0.1309474687700828
0.2020098836544978,0.4425684400272424,-0.0539389845222493,-0.0471197194134507,,0.4023314106421875
0.9394501924057233,-0.1646020956884979,,0.506841806755425,-0.4302721665706119,
2.13513332178758,,,,1.5881879269029986,
-0.053713651063444,,,0.8448336430185995,0.0664301087094262,0.6040990504694436
0.1909856579253323,,-1.3625139380326905,-1.8058970942573176,-1.2062087022825003,
-1.239366670628142,1.6444336511036368,0.0246301498125421,-0.4728482439309994,0.5616844384715907,0.3873328033733405
-0.0420938310376523,-0.1291233948345925,-0.3835021225275365,0.2400042663544012,,-0.7476145476810575
-1.254725855916427,,,0.0234821047765531,,-2.203311302637552
-0.4477031285707648,,-0.7218040633565929,-0.7475533764021993,-0.8237241228758052,-0.580694636112671
,-1.051743891778514,,,-0.7094436278395999,-0.7028293298604691
0.3632964248816166,0.9331140144880368,,1.345595767287736,1.6439440507592955,-0.225188096800762
0.9527853374883728,-0.6599755655672545,-0.3373976891639316,-0.6026903766941175,0.1886376807669585,-1.6090675313728875
,0.6856943313188099,0.6101627671113309,0.7287402494173841,,
1.1709180054035633,0.1546408483239041,1.1240228995506596,,,-0.8531664951646027
,0.344003423490093,-0.2568056177679459,,,0.6078920746634567
1.2219378141146702,-0.7363628385829856,1.2368188935442874,1.6913877562303583,0.8326503979344845,-0.5755433733917347
,-2.2233772378296432,-1.80600901730096,-1.240764613489585,-2.287667735693985,-0.8281253508754011
-0.3717536459805295,,0.5076393685609206,,,-0.4927413121575693
,-0.2512573777308429,,-0.7077200857085842,0.1890575510469463,-0.0910501185344891
1.8370621242057288,-1.067682441762712,0.7719825566013494,0.9103757738190352,0.1399317724085193,1.6696518301590642
-0.7495004444348823,-0.3599453140929166,-0.5259521360077706,-0.7508269214355535,0.1053091181009836,
0.4867754613518649,1.8616936527132824,,0.976441201079662,1.6123531719749036,-0.7152094937541763
,0.6322602647911314,-0.0023668737812696,-0.1627902766216809,-0.0474544448678541,-0.4710992578070731
,0.4936332500081329,,-0.8961794697374373,0.6692254336088825,-0.3992586905493113
-0.7847649446820119,0.2818405332188449,,0.024989477884814,-0.3195582458049841,
-1.140273414719076,,-0.3498265901736922,-0.1793318403603861,,0.0797182540232133
-1.146275040303913,-0.3401648827446915,,,-0.1143801335268409,-0.4124296375847335
1.092509513706437,0.0171939339804705,,1.083102518870763,-0.0810672712791569,
,-1.349564499869788,-1.4383214358777128,-2.292386108579757,,-0.0410190477151409
,,-0.7704450451645928,,0.3598577118744111,-1.188250003876868
,0.0051668621085814,0.8018868748993104,-0.0158110219846988,,1.1237325084724612
0.6185495764515714,-0.0777687021998631,0.7862833672784695,0.3850337850589373,-0.9373835812044274,0.5818682930529679
-0.0319476330891846,-0.7771863549754175,,-0.2909631892837784,,-1.3159717615482611
-0.5269976551199199,1.187896008592383,,-0.160824551893168,0.8377881963485898,-0.9549876416802664
,1.0570169319179377,-1.0722980077401123,-1.7864572605029485,-0.8338325538717188,-1.3614171277520837
,,0.2451863383573466,0.1231443023180157,0.3791982252974482,
,0.2906062560322162,-0.0501637558536797,-0.1341330292875546,0.4137023428698049,-0.0348891728907027
,-0.3863397373526474,-0.7907806114893183,,0.508618076131309,1.4341035729119669
-1.0771282078398148,,-1.2153427471875506,-0.9244199665559404,-1.7097244547656782,0.0169317334655257
2.049778625767406,0.6836910826577046,1.9446253602055557,1.430268359586044,0.076929119490548,0.3089787311352192
,,0.2370798863264422,-0.0694649861611306,0.6727235744979141,-0.2934551761491565
0.2868889015161463,,0.2095820114615613,0.0209297747849465,0.8865273642905395,
-0.8112696624496136,-1.307579503516768,,-1.4441939203709653,-1.6503461536014037,-0.5951103230066102
0.1785703483541351,0.4696829932486385,-0.1874897715982742,0.7097700278090162,,-0.3696931361891722
-1.2289023346298582,0.3158575184517854,-0.5614877922026142,-0.1186760128769798,,0.5132955395083656
1.1812163899353672,0.1137206411891139,1.0090967465169196,0.4483401910588093,,-0.2101261666294101
-0.3523945546382684,,,,-1.3082660796843992,-1.7644592754978974
1.6918393412712274,-0.0881804368936752,0.1654305819739774,-0.4043556116059471,0.2824832220582178,-0.348329743025782
1.3504740818060923,1.153086012924217,,0.5786348033428282,1.2566213405607458,1.4103969640555858
-0.9282392632272743,-0.4293893745176214,-1.100536445972542,-1.6337968633737208,,
-1.026581504350487,,-0.1578314008388809,0.3417333968165381,,0.4045126718001598
-1.329150091142787,-0.2656528753159408,0.0150118279111994,0.0037291872873597,,0.3612331382980159
-1.0140398106609394,,,,0.2441046618849149,0.5559643622101593
,-0.9864417060571058,0.2334790053012206,,,0.2502467388449321
1.6121506138702546,-0.7465483650147808,,-0.0098826018157335,,0.3747834727504501
-0.6096353438269753,-0.095165839630792,-1.4868986831957829,-0.9600903931692568,-0.6644725769062434,-2.07550282368688
1.076049141634762,1.1374923080027903,1.925818861557496,2.281348157545631,,0.6061773469622713
-0.0660761034597726,1.2611505644994698,0.6125495639844382,0.2824528191411371,,0.5073570986387947
-0.2875587092307926,-0.246183537381026,-0.1028283367782064,-0.5920639758247656,-0.9654898292556692,-0.7048434528617783
-0.1611907273071144,-1.3710170148730272,-1.80024255985566,,,-1.1198887209675066
0.7797754806580295,-1.3533442319521656,-0.8128669183509604,,-0.6861391902979349,-0.8187810380904468
-2.0260812407012985,,,-1.0906561018987262,-0.1345222008417036,1.4394886561753646
-0.3807666045884442,-1.7474750431508974,-1.1298756082183978,0.0442799190713868,,-0.075095007150126
-0.6280905011673982,0.4732783246503864,,-1.2149040515112546,-0.157768885199564,
0.8091517921344029,0.7605630118352704,0.5544065211412538,,,1.163830935659592
,0.5039964709708974,0.7597268115643931,0.6965508345319409,0.5462157770025906,-0.1360797379378342
1.007608147483293,-0.3797745843421614,0.5380881314085314,0.0016324053223237,,1.5130049393805851
0.6382421451854198,-0.3338919125600965,0.6096772778168587,-0.150200024628663,-0.2359662910777342,0.3136330147591278
,1.3854378082309506,0.9950366105790868,1.101507818913541,0.7540929025257443,0.0751680109230768
,1.0361559912158766,0.3513979536155067,0.2303834552036062,0.2958775358048218,-0.5441802658748173
0.2622024160546859,0.1268100721552013,,-0.1570376416034826,-0.0249832294358006,1.2485967528543145
-0.3706247525380043,,-0.3797666908033786,0.0854126779441672,-0.4561334988347359,0.2654795183375662
-0.5248259257633866,-0.2683235702447148,,,0.6228259715361437,
,-0.3108901450159524,-2.549265958267849,-2.2269191615009456,-0.1738505034374602,-2.125820838687967
1.086301754391174,-1.7573858899454913,-0.4724742128150973,-0.9402079112512476,-1.8517528160718373,1.6928597831896348
-0.9725866446796226,-1.1540521063334903,-1.0588898277916232,-1.0447988316805734,-1.131930417175515,0.2903367967547371
,0.5652234910743597,,0.4595943615420998,0.6306922599339374,-0.5491760180598826
1.904006993165243,-1.725107477281738,0.0777029126195529,,,1.8039771150592632
0.9132216053417286,,1.7953575757373967,,2.371018931414928,
-0.4678183061476982,2.609321626771638,,,2.245708100779275,0.5290289635646271
2.5179918514498114,0.6108179182067076,2.1747478071087105,,1.1194348454372116,-0.048604148574051
,0.2425308579295821,,,,
-0.8346078991233091,0.9849075648501346,0.2191174094703927,1.0557372301822925,0.4861170197254534,
-0.4499369088865346,-1.2801975497817923,-1.491861936202754,-0.2221059848989232,-1.4362857729693783,
1.0561483059403394,1.4039516561002094,,-0.4977086503116232,1.3215201526394762,0.888720273752603
0.8568572836702187,-0.6012579156225774,-0.630145890497541,-1.5178677176622704,,
,0.050641485007662,-0.4468988426528553,,0.5839446815969246,-0.1373128697547674
-1.1997896440885725,,-0.2720660368219584,-0.0776764186757368,0.0590077890552642,
,,-0.3192458472995617,0.7923457555107993,0.1166777762061615,0.1720668550604698
,-1.6372119694928269,-0.3713275471462658,-0.139162473123502,-1.603594627996768,0.3735387740364402
1.9214003322258024,-0.4459869440858867,0.2744734416523717,0.6504822366866343,0.568660090445394,
0.1784511545341758,0.1025203548294504,0.3122399925581804,0.8863688540680895,0.4510692566318579,
-0.1832134233467844,-0.7834571355965848,-0.2991813864184413,0.0441697876474732,,
-0.203583788667239,-0.6564801552368134,-1.1425543432512684,-0.3550596528653102,-0.8722133931107073,0.6313027987078034
,0.298599125190912,,0.7790490115163023,0.2100324348713183,0.3436147146893904
-1.8055540365263476,-1.4042637339697583,-1.1457907480667555,-0.9628910862218344,-1.075285640062802,
-0.3926813281124259,-0.3135244850442311,-0.7372653081897058,-0.191501001320031,-0.5568048130861853,-1.0453538191836926
,,0.925347256931514,0.881117741755588,,0.6606930332446149
0.372310814997851,-0.8245549901005799,,-0.4999968006377109,-0.6398399291071952,-0.5629593048660446
,,1.340708012085328,0.6130426516883485,,0.4835515330898474
-0.23603568629271,,-1.0968310934677383,,-1.482103439228114,0.5941910476091421
-0.4913862954657553,,-1.1522770426043116,0.2536082637174638,-1.2140349116040008,
0.0869906301802216,0.4864781587430567,0.3315557624388827,,0.8244579506955696,1.3072012580158872
0.5400589072069072,0.2920720734811328,,1.0486296958505643,0.326819075573558,1.431131420280266
,1.865074140210529,1.1214600422331755,0.5455636749141258,,0.5596273444889363
1.005068625391094,-1.8558432592273009,-0.9802337143182414,-1.4675024863761992,-1.4187461957364955,
-0.4084469901533667,-0.2546307602660633,-0.5126474780281844,-0.0608781706671894,-0.2775569668408547,0.2190017873712872
0.6280410744061777,,-0.2536523320498293,0.1947303406886563,,-0.6880013836771364
,1.683440675871315,,,1.0835370597895333,
-0.3158936595383031,1.004601612202641,-0.259079327574841,-0.690957220237493,,-0.3442603974465869
1.4410196565041915,-0.5691263260742435,,,,
-0.8746391815082121,,1.2057021499565772,0.6386169472483445,,
0.7211948843681342,-0.6949931961076284,0.4229604881712239,1.2989772254794767,0.4817740652095629,
-0.6158672639586261,0.5047064213029346,,,,
,-0.0642700425403905,-1.0196800657677554,-0.7796580117278143,,-0.1633866027497517
-1.5251834772224613,-0.5329530438665893,-1.781719127135534,,-2.9608630749397524,-1.4723836164609785
1.7816561396473545,,0.5663074970401306,1.3701905235535596,-0.5389346720552382,1.1766384881743488
1.5308829360232843,,,-0.3562265660984781,,-0.4718576808417332
-0.7011831760568804,,-1.3484000870561492,-1.5383194297741467,,-0.6471103878357635
-1.0036018333857863,-0.4668734206142939,-0.9302084064947118,-1.438891336897724,-1.161918956748918,-0.6045527680167336
,,0.0699923311933892,0.6131735763010518,,-0.101235637462929
0.2506544196885312,,-0.1060077817340283,-0.2491132869212283,-0.6258336540645085,-0.20321981290776
0.2329008521485885,0.1516726472467461,,0.0946897459625793,0.4694128315719853,1.3353995677371826
0.6083392936739347,1.0161104293206322,1.101927663761746,0.4616059524126657,0.0093475912042831,1.5879087291323957
0.4735272337843833,-0.3344223746776821,,,-1.1686820473287138,0.2262256268476166
-0.95111965834937,0.861976836106401,0.9145174913630788,0.9904598594726176,,1.1141433935907232
1.1116828560952556,0.9332721435321412,0.9421402489843178,0.9638428334340704,0.6656967555650035,-0.4363120244977079
,-0.2390489098705564,,0.193091368943965,-1.2576726039599735,-1.2218314920735125
-0.2744661571821118,1.1137188350960685,1.12062210572878,1.3726285425823328,0.2867018580168905,-1.0863858954988364
-0.552797389401674,1.0509194272804354,0.0279167626977521,,1.5689257337963038,0.2087747941746724
-0.1854030986890103,0.6405795501525049,0.1262025087375246,-0.5403043144638553,0.6215261058625751,0.8375990092847007
,0.9855931110593644,,,,1.3215362029894124
0.9097174352765584,,,0.4691340624916108,,0.5961302965172716
,1.0751792367726996,,,1.523329523489204,1.4530564309572216
0.6569811549047258,1.985243591063236,,1.0719343505608263,1.924220052446189,0.614421865492639
,-0.3174769286656266,,-0.0477664659237669,-0.5803202632701159,-0.7363979258231261
0.0839712514653381,0.7137801813828982,,0.395020781259531,-0.5774448871730649,
1.0552237532197792,0.2614338934606584,,-0.1180458385440517,-0.0782210966182905,0.5644487341026718
,-1.488949573561526,-0.7313777298853599,,-0.934321799567384,-0.2389729717132629
0.2485774913432012,1.555175915604224,1.2052274413466086,0.6082524965480973,0.975435042722828,-0.0237911846539152
0.3840155578432339,,-0.849507874605854,-0.8800357537839674,-0.2394471095973511,-1.7301946704512388
1.1813687211279484,2.2837628076935843,1.9756354850858024,2.225501969000739,,2.4006316607717184
-0.3334024283805727,,-1.8161146676593816,-1.9698405819963172,-1.0750714162989956,0.3223375899103636
,0.1391247315950572,,-0.2971128907244804,0.3041592458165926,1.3390173453709782
-0.3131813697812528,1.4009879431313992,0.107589532272936,0.8815732415683112,1.1925531239216438,
,,1.540836995210304,1.315132637066625,,0.6919378242735467
-0.7617483661135759,,-0.0253306244507318,,,0.5802654645619316
1.2593881249740209,0.8438501024937797,0.4215802489244739,0.263184833434206,,0.2826224678991125
,0.6951882438173083,,-0.8688296493346794,-0.6665012965997134,-1.1871828081345484
0.0683827472215034,,-0.1449492757660971,-0.050662926166427,,-0.963753653890593
,-2.890127002409598,-0.8261929573089712,,-1.7003793076242002,-1.309353718627685
-0.341450081693275,0.4278281377101535,-0.6670021574052853,-0.425243155820605,-0.2147821710494839,-0.5689958296257265
-0.601014261711233,-0.1590333363211202,-0.3666364549637649,-0.129833884351225,,1.1956299606220862
0.4474259351136482,-0.1322817203880344,,-0.5487530169114828,0.0314918033566984,0.898280997455491
-1.004499338546209,0.6930199094109344,0.5159086203042361,-0.0101932605963662,-0.3584317768393589,-0.1428720162870994
1.1224937300240088,1.6044909722422125,2.1862884105712426,1.5513141573898102,1.4687686680146572,0.8699020372923737
-0.5547890205005289,,-0.2769913646410021,-0.1095696002423194,,1.1843528230099272
0.5245569859761869,,,-0.3781125285389892,0.5957343071119489,
-0.5536060436949934,0.1801366960170108,-0.2055671629147001,,-0.665435419607622,-1.3357257640349631
-0.0868465965041587,0.4266489334831847,-0.1602786010780158,0.0422225571231316,,-0.0878543762988713
-0.1071595584458269,-0.018556814098703,0.1838355697777881,0.4848434546618935,,-0.3952734736648246
1.0153446927467693,,0.4141339665703435,0.5209435818412268,,-0.0972362747219717
0.619573346268726,,,1.1201153141932492,0.3573966478881901,0.5859340005881337
,,0.2899924517944143,0.4964095351532101,,0.8954131193724107
-1.411991764811141,-0.4263619896895634,,,,-2.0047394685500106
-1.1481742184191477,0.4201885293016153,-0.1183049463367636,-0.6359118860954113,-0.8136360094233847,1.4600313604556467
,0.883331490218224,,-0.3566293595652856,,
1.0769114353145255,,-0.5704064261111409,-0.3635934741950967,-0.0469831115118463,0.7677867843196948
0.1875138640037603,0.3686861395524627,-0.0641656582033447,-0.1997114567257306,-0.1461993320187002,-0.6605349973639861
1.1205997645055672,0.1454272837526652,0.559370685266479,,0.1872362463967082,-0.3777920624826715
,0.8607189918728839,-0.9691185141787192,-1.353496978226376,,-0.7481423696928008
-0.2585481149034546,-1.0362949013523477,-2.307799294606467,,-0.855606151682069,-1.2663741340282637
,,-0.7528386868638026,0.0221139826957899,-1.216391971209246,0.3610863287643295
-1.5251368663807126,-0.7796401011444045,-1.613358354192494,-1.5455635743423766,,
,,1.301718108782567,0.6348229024807289,0.2452711458602536,-0.1915545368443115
,,-1.1298917860647235,-0.4537141843307757,,-1.1717069838702263
-1.2238035478487834,-1.258021695815211,-0.6142255668253576,,-0.9690843896009173,
,,0.9383691584058712,0.4629318926412621,,
1.0487916922250362,-1.661572033994939,0.7755712262529606,0.060107385009381,-0.1671404878289843,-0.998097751716624
0.8228006834723076,-1.4371800026800068,-0.479871804251173,-1.4262209733414042,-1.3110533314009012,-1.9851838610486845
0.5294419887149585,-1.0936812104633151,,0.2994733519307657,,-0.0841250972298207
1.5393187052199395,0.7860760791567696,1.6937533672545964,2.260370901162233,0.5827449138975707,
,-1.0739175524955364,-0.5553726071107806,-0.566093675556996,,-1.319396646478877
,,,,-0.7974871853939971,-1.312736990375543
0.5661145043792288,,0.0159630806029956,,-1.7701396069662814,0.555819603678168
-0.3362351207480517,0.056826862984753,-0.3365916833456382,,-0.0485179661260208,
0.6453248884409941,,0.018140005387494,,-0.0004301175354317,0.5778184304230224
1.9287921692430108,1.1589405738302072,2.821542005026574,0.8742116869197227,1.0659211604855954,0.0570702045245875
1.090471966072143,1.0424796735879889,0.8622149111166777,0.8677642425513346,0.7266649086526267,
0.3589721387289211,1.8238807005315525,1.3843959978052154,1.2979597679749648,1.5520665658509167,
-0.535223498139117,-0.219528665533339,-0.1224845100465559,-0.3967475622617562,,-0.792511896461405
1.1315412594061989,-0.9908558808358364,0.484880967386911,-1.3490993207260664,-2.056744185930787,0.1475181382162406
1.0959860418529874,-1.3643287014818064,0.3893883251311711,-0.8471201010588031,,-0.0956007378529663
0.8425730834475759,,2.010539261090478,1.9814308932379687,1.7368343419361605,
0.295000274263491,0.6673586871920331,1.1110719175766666,0.1558568880170808,-0.2917388607392466,-0.1101968600047809
-0.8643991840190844,-1.0176684716699798,-1.577220447457705,-0.4754503752716674,-0.9087125814642024,
0.3136062303498103,-0.3898763486521484,-0.4375746658809681,0.624824309809847,-0.0803124183273288,0.9735580773003828
1.313617308761467,0.3605731104699796,1.0300906567805614,0.428738663810297,,
-0.6518512282800161,-0.427721888329474,-1.1492118307595884,,,-0.3744641487897597
,1.4231559740278266,1.5820323126198994,,1.3605266096186854,0.3023971587897778
2.058242424760129,1.411250923045922,1.8014133010462785,1.3549415970884229,0.983634202742636,-0.1698605784339306
0.7317577074956334,-1.6870059301383329,-0.6988763583944668,-1.4041618808486616,-1.1200579172187903,-0.6382556808854764
,,,,0.8529238434221141,1.2451759633549813
0.2276119943811302,0.7751395033035692,1.7100680265078263,0.9188560719919026,1.5211521515875996,0.4148271818221655
0.8093413955192419,-0.9188059310696892,,-1.1603516546430488,-0.4523727497020192,
3.148539855030469,,,1.4212200040880631,1.1347494838232672,1.671193243135825
-0.6710130354444981,-1.4860479203449606,-1.121488157810739,,,0.056313991329264
-0.6222932408383116,-0.0597758781332362,,0.3651049379118996,-0.1459521436067927,0.9520654586326234
0.3843709856184329,-0.9061524215543562,-0.5067333932938991,-0.8306651115251602,-0.2600311168761667,-0.0937862476617118
-0.9375735563951356,-0.5946232263554064,-1.0760141732681112,-0.9856370523047472,,-1.7748159954230034
,,-1.1279158274544272,-0.4987161656942781,,
-0.9254195951979622,-0.744295705627997,-1.4676962409086574,-1.0402494335921466,-0.9659682538796812,-2.0305134931591997
,,0.5318300953562172,,,-0.0829196313741744
,-1.8217318515479928,-2.1850223416102903,-1.865294977074945,-2.0161966376541587,
,0.7601840804266706,-0.2948485786786251,0.0819904198373292,-0.2950269720951741,-0.4988820070865926
-1.1237378148371464,0.1185947014215868,0.1201327819324217,0.2128961022339763,0.8074450613053638,-1.1879120896071311
-0.3917647766095274,,,-0.9282542129008182,,
,-1.3455994547572587,-0.8460889374239632,0.0073778825102592,,
0.4721896886684483,-2.78526226829578,-1.918744094975498,-2.216743003623756,,-1.2039658097606578
0.1102731167553095,1.340105011185632,1.1674577858708788,,1.8994439042798483,0.581155146135237
0.5615126978841399,-1.591753494533643,-0.6199361070466936,-0.6736025862379869,-1.3417780333536526,-0.4991918141083746
-0.2901824209868365,0.5525261955124496,0.6141221708009282,1.163508624636357,,0.234100176149612
-0.0710307409652127,-1.041005897809413,,-0.1607711950444772,-1.140371288780203,-0.322596413249946
,0.2519373777184476,-0.7794102571615696,,,-1.0607137384874563
0.157586056658226,-1.5353552510107609,-0.6456827437131463,-0.1755398589615781,-0.781084264945673,
-0.3308317399796152,0.4426654632046046,0.2339637052995644,0.1049851230664605,0.248023375137693,0.9905951927039288
,-1.299816648785492,-1.46093214688474,,-1.38045659713962,-1.6928996924808162
,0.7400654277461014,,-0.4516816165710949,,-0.5603811995223801
,0.359691170295608,,2.3106331826463142,,
-1.5602929860435235,-3.1260835780374485,-2.076540446508187,,,-0.9414287185373668
0.0706727091951668,-1.1342346883328698,-0.8917745445626065,-1.8174477778370628,-1.018901666617778,
-1.784269804338489,2.690067518385359,0.5295542698203294,,1.6763086803478089,0.2632184000318878
1.5643045778989204,0.7797383770555824,1.3843295670109443,,,0.5092031469747939
1.874740347274598,1.486042430839319,2.149254886395234,1.0227982055373763,0.8395399542147931,1.1197441429467176
1.0823257711004872,-0.5641517469972768,0.2287907944078198,0.7553374767016219,0.3136740247901317,0.8974829892473214
,-1.34891387897662,0.0729143255596157,-0.6262360571539175,-2.0873402827230927,
-0.1737971148584848,-1.395526419371566,-1.0575009866549103,-0.9128251023139192,,-0.7090044888484471
-0.6890291643217814,,-0.2398655081673002,-0.3724815027108913,-0.690315587413722,0.4487868416095609
-1.3544401086050089,,-0.5829057543759723,-0.2368394557350075,0.7554981072467598,-0.0900092236596477
-0.054167763076284,,0.3293968329827196,0.5945913089165955,0.5679462742230408,0.5153069881916478
0.9007242448003194,-1.2824999084532942,,-0.2770446818921712,-0.4658254449794642,-0.5823350209290896
,0.4355048996343293,0.6385094503233211,-0.1504001348737804,0.3216451508949625,-0.5921341523112129
-0.230300336248785,-1.6030155858745914,-0.263403171640329,-0.6138381067300117,-0.7908065545350277,
1.6920405143766553,-1.027166100946934,0.208145072709153,,-0.3029844470443096,0.3892173609399464
-1.2809151539826509,0.400779042010948,0.0287661982760933,,,-1.300036982254951
-0.8290243123681307,1.2592648478107211,0.2659158470548731,,0.2694917977392654,1.3545228436830965
0.9414140551417748,,0.8061691447560395,1.4831113444788904,0.9089853298790675,1.0505526722417993
-1.902872012249238,0.1968475945474419,-0.6352265939866636,-0.1831708452230978,-0.4079811681018664,
-1.2830248382029927,0.568930329381289,0.1327927596051768,0.0276417188635443,,-1.0192585919911274
-0.1323527777576494,,-0.123249901325164,0.5244438717533776,0.6914420023203222,2.009082699421397
0.6069971537951384,0.8563283155683732,1.6975372286133297,,0.7960071595986591,
0.6131829020952307,0.5237317515408677,2.056326132703867,1.4056575846304489,,0.3603008790299528
1.1921218700285523,-0.3253692904752838,1.424827879931983,,-0.2735121631334964,1.0150379824372426
0.5324895348196355,0.9379780549915336,1.134237411053101,-0.074125561217609,,0.3871372744129448
-0.9446811495261432,0.2716556347650775,-0.3419326472701277,-0.2978088064007171,0.3566612360273083,-2.0481896463782525
-0.4015395150519959,,-0.3450265907748794,,-0.9321311795637878,
-0.460269076005448,-0.2285290675025666,-0.6912663549407098,,,
0.8136383860207694,-0.1435996123729685,1.1650101319348172,0.9678464980178624,-0.0029628164117898,-0.000466522880915
0.7025280694375367,,0.1212055688156999,-0.8237067401650677,-0.3949658940582852,-0.9834531863080288
,-2.239589610337928,,-1.5472504382593266,-1.994099236883781,-1.8111191968714957
-1.675981615176974,0.6168918745988377,-0.2783943509458409,-0.7119604109746097,-1.166730949050176,-0.3165897388578624
0.1833350943085799,1.2496944695020695,1.3214387857785037,0.8690337898118472,1.7980494727366223,1.327834449100885
-1.506095373575021,-1.3015522916492737,-2.6492232564716662,,-2.0869820497159792,-0.9154739568070231
-1.0756626657189297,-1.193563066839025,-1.3294576952486208,-1.1168135752282036,-0.8271916818236452,-0.7272420689336497
0.1512678016935129,-0.1027774347390725,-0.4735869980361642,,-1.1578281124389609,-2.053482387041232
0.2451180311896192,1.3981724798949908,,0.2250115496009678,1.412672633702299,-1.6619075026595678
,,-0.7788389679524742,,0.9872030445015344,
0.0060607707209884,-0.5732068186190225,0.0732426446373703,-0.4291203577328215,-1.799331062207156,-1.147744505261851
,-0.9336574838265272,-0.7394006128712398,-0.4543932905268951,-1.710660770086127,0.2030099772227576
1.7396552166497463,2.502166264136928,,2.710027255826537,2.389956368122814,1.5668155129672243
0.7309362447983773,1.3525934822226515,1.7850078952455772,2.0817036619559643,0.9764825547044824,
-0.7472199903838477,-0.4600374131260857,-0.5668746354518568,-1.6860405593866314,,-1.5141699091416594
-0.4679066973805054,2.264478121676498,,-0.274821333223287,0.1001382188440886,
,0.2904214519515144,-0.4215597857482624,-0.0541572512701322,,0.2867603865510798
,-1.5909691655114542,-0.9987816694741666,,-0.94907026366464,
-0.0285810103004916,-1.0197442503986478,,-0.7399354634830172,-1.5540777868227589,-0.0963762301781031
-0.1199791420854945,-0.0380695069978414,-0.6958502564797034,-0.507616814948424,-0.4988716814738725,-0.8225355233700297
,-1.7701515327303472,0.6887017737858494,0.62585971900547,-0.6553300455251574,0.2400569668661566
0.0229279771994207,,-0.9089440925079084,-0.4378302439289985,-0.0029765880967381,
-1.99625013298133,-0.213036365516298,-1.815364625086105,-1.348486070436143,,
2.7394056810899494,,1.680195944763173,-0.0544345715260098,,-0.9386847003027968
-0.3453048648142673,-0.3455916868793449,,0.1462490292037534,-0.0575336005724007,1.4862353749163648
-0.480278295305766,1.3729702268678594,0.5395793140865814,-0.331951349549613,,-0.8632147601481345
0.3502703762884629,,-0.8010428505560395,-0.6008851446554195,-0.0558426275276889,-0.6195057651280531
0.1051380641328623,-0.2598953716181787,-0.4041897931146755,-0.1035436257450845,,-0.238196461132067
0.8238719508195633,,-0.172110387511689,-0.1346252966798399,-0.2441199195703903,-0.3355876179333328
0.0856781380919898,,,-0.8629624206879174,-1.4847469441931118,0.0697092817881755
0.6590478902381595,0.3606271920100555,0.120595158383947,-0.6995212777980284,,0.6243731929544253
-0.7786289875125005,,,0.5927438435646707,,-0.107468795826785
-2.336547657309029,,-1.1666487030602597,-1.0841346551119266,-0.4825654230061816,
0.3710429764239252,-1.467102813222209,-0.0554455580840621,-0.2180343884478988,-1.206774133027798,-0.579954919815603
-1.052034177250467,-0.4859931081220958,-0.868767123900499,-0.7469465005315901,,0.539407369062675
,-1.7099800370883798,-0.8261095206328346,,,-1.3763137836185972
0.1465866948459329,-1.3667685494883726,,0.8199268254563116,0.453173981059771,
0.1206855058618393,,0.0475107211325897,-0.7209000130307923,-0.5561705218076008,-0.3839222968793553
0.4782016635159766,-0.9149543361879746,0.3487407326728004,,,-0.12230854265642
1.053435190535413,0.9998165165590912,2.0702833420582585,2.9757656679725857,2.029713455590338,
,1.317681746755193,0.0544215933140341,0.2160215549105449,,0.8368452352901486
-1.619771271451253,-0.7709040783726768,-1.5017095056301182,-1.5330928678075224,-1.0845307020859027,
0.7696833928673191,-0.1858977186929531,0.0579842910878711,-0.2799709888960686,-0.3992845979921966,0.2283349194930182
0.6041360107429165,0.054903895763163,0.2545321730661086,,,-0.0650745652909186
-1.0748973464900895,,-0.4067398162592502,-0.1948059930376459,0.0542992947555511,0.5712796902236718
,,0.2431814595327076,0.0228981398495985,,-0.8859635183429512
-0.8196369843657834,1.6077644715674786,0.5916295791403983,0.02814209544945,1.2041315270230584,
1.0035544342234166,-0.4420032203336621,0.5326805567653384,0.1170367735008333,,1.0798313064689753
0.696106803541396,,0.464969661866318,0.8448050851611216,0.3193104947254784,0.505477630586844
,-0.6591111123024893,,-1.07548336251016,-1.413286589125869,
-0.4862184904093749,,0.1195503484194158,0.2503709857649086,-0.8871026767049299,1.4489141146504665
0.6062257597627618,,0.8005694542934761,,-1.1274741906285464,0.835413643921188
1.0438666282541138,,0.1460403914519779,0.8090775659546335,-0.7876674272314877,0.4671883047118965
-0.7021129136265087,,-0.5015836880945571,-0.5355862389067764,0.6030185698409166,-0.0050935755872856
,-0.2838503712483553,-0.8318563473103903,,,
-1.2788792285417117,0.1886965855912967,-0.6873521142892087,-0.0716946415441876,0.5135754664292548,0.1005938956008965
1.284912137973658,0.1087902560714903,0.9465275516055384,0.8988385797080349,-0.4418625726711117,1.3812307044154353
0.8907757090112914,,1.4869501193326824,2.432044611427932,,1.5850624170376175
,-1.055188419241809,-1.1988693061297766,-0.7272281846427415,-0.461600324869264,0.0605124492660964
,-0.8365052993972422,-1.4370158566291582,-1.2003740186103764,,-0.7783355458482213
-0.1736115671100726,-0.91550551908054,-1.0299417572016836,,-1.1680839937860177,1.4215875893156025
-0.0073255020907889,-0.7585634837787314,-0.4220526969393348,0.0333198209896196,,-0.0740433377907395
0.4752612178542674,-0.7975512033163842,-0.5303133224325187,-0.1988577663131697,-1.2546027053038151,0.3217178537238102
-1.8129270847023256,-1.253142439062468,-1.8625473931599967,-1.7383315588035693,-1.5998965435744923,-1.0575345843181132
0.7055651973284535,,-0.2902496469023543,,-0.9778601068211188,
-0.2813987869480455,0.8136401115980859,0.6010512387446303,-0.6882240975624446,-0.7223167316461478,-0.5940818619528023
,0.2799564153151203,1.7785970276433145,2.080622581949648,0.629860497493892,1.27058785354491
0.5530217510484224,1.8675804582617643,1.19250828730978,1.92018584128109,0.2607629629938541,0.5722301069174164
-1.0254709925133745,,-2.1613776130604148,-0.5306917607336569,-1.1233819415100403,0.2513591382766817
-0.0036376244165902,-1.380032727259065,,-0.061017238817381,-1.395551080419515,1.18451278658304
-0.4912683763507816,-0.9415763161419136,,-1.076738604849017,-0.4667037793300941,-0.4984944739035016
0.182838503482662,,-0.7501621729728838,-0.0315152991876124,-0.2308511542713264,-0.0126045382737123
-0.8264797327294672,-0.2165581583409925,-0.7650110288210866,-0.6208741453389734,-2.015585098460261,0.5658399954036255
,0.0474302227232623,0.0575554978117654,0.0420059493224505,0.4237048702779688,
-0.491254820214266,-0.7429360360475797,,-0.8926495987135223,-0.2349713998976027,-1.803193600643774
-1.8054002322834952,2.3209394580954434,0.139160956344183,0.1021787776138877,0.2838749524437609,-0.4474285123087672
0.4532811806376268,1.3121036531417278,1.868172537579412,1.399257841527644,1.406700083565492,
1.8724215738158871,-0.2379665243723914,0.9691894254809856,,-0.8995516148181718,-0.6268038507467698
-0.4230879839083198,-0.9145253809976426,,-1.9030106790588968,-0.5292061059388754,-1.3228271014964796
0.4243045921090007,-0.5822007037282513,,-0.6198533656868795,-0.3543591664424098,0.8585332665045808
-0.4068393552703071,0.8697174235256162,0.0341131927173707,-0.0859694487020067,0.3371326305106458,0.469616647241134
-2.4775782442291834,0.2889469452925655,,,-0.1893568182441225,0.6890652744013203
-0.9763348431874322,-1.0893993616762518,-1.7374869750472188,-0.7913810007089899,-1.6050177601922149,
,,0.7762795783159344,0.5978883708899272,,-0.2946954433383494
2.195191763945961,-1.0770726925757848,1.6407541952144389,0.7154049533432798,-0.2800180984742954,0.7956679469225648
-0.0054639921642323,0.5119488606074042,0.231661061206708,-0.2234899361169758,,
-0.8352005490639202,,0.7662381512047391,0.4571831034191158,0.544659642831743,-1.2118933663951117
,1.3000617600466882,1.5535767456510674,1.224119348294025,,-0.568954350728215
,,-0.3863104757646889,,-0.3816937448413736,0.9367020716849522
0.2876652871015642,0.3044742739445846,0.2616703389827109,-0.348852650200453,-0.523905574145064,-0.9672141041351274
0.0138443180160904,-0.9769218799889304,,-0.1285522126128442,,-0.1545725109605907
-0.7732464284776078,0.4005799245852314,-1.070888788935393,,0.1686313450859274,1.3604639516264905
,0.6012030409012975,,0.6174766532697795,0.4054654620767451,-0.1435364765706348
-0.0593473736825919,-2.213731575305641,-1.2475735442739695,-1.9482025801334584,,-0.6788147934443844
,,,0.0169042022349959,0.4704080869832989,-0.2731230982033208
1.131411216729974,,0.230553173587333,0.5667300257112388,-0.8039657780184533,1.1918017310949591
,-0.8499347616504114,-0.2636733363659381,-0.7347161957833588,-1.0846786125033732,
-1.2879263974022288,-0.8872576160669737,-2.038611819354959,,-1.6707557912250923,-1.7714760129000229
-0.9793597809216664,2.245336629555211,1.0444516116897105,0.4104786187694371,,0.3877988605460292
1.0618119810840732,0.1449636695723361,1.2496135404265027,,1.110045741063134,
0.8048477786535047,,0.9716621961164952,0.5370290086191597,-0.5566380388535255,-0.2613285481584098
,-0.7901887546254298,-0.9892277026123008,-1.185748014996446,,-1.0215446102563193
0.0563322760533496,,-0.0500002046780348,0.6249663138612128,-0.5766511562577316,
-0.7660609430702942,-0.892525399276912,-0.73769667578923,-1.1205701901914118,,-0.1568518762845538
-1.1361580267859972,0.0138475183369948,,-1.1051409285576537,0.1778381546599628,
,-1.3100131820345915,,,,0.7556458787739766
-0.1352726550010262,-0.5162000120372537,-0.7669620075773649,-0.7366851721902619,,
-0.0499021593326905,0.6659340498025244,-0.4194228725458515,0.3170326058708763,1.1268025087576388,
-0.3955687145049187,0.8134203257437905,-0.6351585095785062,0.0425821404123104,0.0039434628777968,
,-2.106901677415812,,,-1.7035119468580229,-0.8824370945992057
0.2839103658310191,,1.2207835691054163,,1.7120982819975876,1.38327890029962
-0.5707261802671187,,-1.093017981512025,-0.8088957911083303,-0.8068254653552377,
0.6866813490973832,,1.2172539906219522,,,0.2958266631272879
0.2180232499664377,-1.1218488814916536,,-0.0946048847190221,-0.6116789232308787,0.861327161395562
-0.451928483883283,-0.3574918201968444,,-0.4942015730473142,-0.2467516523010084,
0.9055891597725756,,0.4748485455164418,0.6314133189027017,,1.835583839277242
-0.7459798020859901,0.8309741517266425,,,1.1498841429884834,0.4516096340330828
-0.6953693093236856,0.8539954513833407,-0.19818738174435,0.5080984674337075,,
0.0576387431005679,-0.8219116168680207,,,,0.620681570128161
0.7387886282669202,-0.8150726468033144,-0.0833328967793694,0.303458194101254,-0.0890617132558239,0.4790488245691339
,1.0940014058488872,,0.890112925549418,,0.2470930183837709
0.1173182708570012,-0.6420501936868516,-0.8088242829758837,,-1.1035296550686715,
0.2712112142997918,,0.678821105385626,0.6728588354229628,1.1006665179748163,
-0.3196860779329417,0.6382456450075492,0.3071276054961774,-0.2797181917744026,0.5007482848826726,
0.2598291364921529,,-0.2523133783220004,0.200210474625724,-0.3376215005588409,0.1605933979507083
,0.900438775995806,1.107118047744963,0.3470805069246385,-0.8273848494056015,1.105621747699907
-1.670261498704823,0.2988937260925411,,-1.0896446147445975,0.2418575619899091,
1.3050959798381632,,,0.9997871268981224,1.430856183808514,
1.4530393274849367,,0.2618396290362203,-1.0958575701967856,,-1.348665767281181
0.1572897777484212,0.7805830548852929,0.0197678951249153,,1.1257802146456757,
,,-0.116055445468841,,0.3495234494215974,-1.226647453439914
,,-0.4713058293627568,0.0457139372479949,0.1170897072487933,0.0942066970663317
0.8035458436821968,-0.6409283962609256,0.4804869632724866,0.1473384881177517,-0.5896474071874415,
1.013088473826804,-0.5223554056305904,-0.35329962342657,-0.2715420862756806,-0.8401817422788816,-0.5576679846656543
,0.1925046988344037,-0.522420838899633,-1.157353339619425,-0.9566954574662938,-1.5016869759939089
0.485945202930809,,0.2892920614251686,,,
1.4001438616732484,0.7601866850386523,0.9419220554570176,,1.10659301208754,-0.395844218665877
1.1105278489917958,,1.6440839339425022,0.9784880101616408,1.5746366012635375,
1.555912017018501,0.7089869205104766,0.6522811548448895,,1.7849362951845336,0.6931367293659662
1.4819596799358932,-0.455268537054873,1.0706251201973285,1.3067527054655232,-0.1763104864098193,
0.6314086701750061,0.2005150423810613,0.7647795140115704,0.2792668039802943,0.97751811511637,0.2577931178307707
-0.8980708884171689,-0.0147913589403162,-0.0184544515815264,,0.5770646207367347,
0.6509838654477959,-1.292985743847934,-0.5416684102143302,-1.5524589801437934,-1.1914406029151123,-0.7473110108443122
0.9582814970764552,0.3332322019396107,,2.0101274780374103,1.2366233145502237,
0.8981528036719398,-1.191012699105222,,-1.0071571633818002,-1.3313798250421265,-1.7571480375643418
,0.2097553923411718,0.1866935156593456,,-0.7036061366487735,-0.551694786728387
0.7938112730747859,-0.2970662665807475,,-0.1636651422656204,-0.4358521916939016,-1.6739026397161787
-0.5069725654022361,-1.5628126823372808,-1.2944024389817823,,0.1961315670527829,-0.7847701899771907
0.7712705750837116,0.7694916913335457,1.1344540928639233,1.6275301947611158,1.6254196271810968,-0.343412289006011
1.9702789421882725,0.5362684001320805,2.360006002593237,2.010595766920212,1.1172011183347312,
-0.9064235100252798,1.094744378824553,-0.8494822967702349,-1.013561023712951,-0.2672103682349073,-1.3162660991434718
-0.3586581174210015,-0.8119850085687258,-0.628900775937351,0.4847108409627781,,-0.4549007180196026
,-0.1314065490621586,0.8380555229192859,0.271833941010421,,
1.3324150406735369,0.5239549641734966,,,-0.5369668859191035,0.8522529494913972
,2.2707063058020687,,3.4174954918929443,2.629514554337567,2.852452936383965
0.5232460952228942,,,,-0.4586783203498452,0.0875632170358523
0.1454204868221892,-0.4545871510706432,,-0.831885680297301,,
,,0.2326327746186463,,0.7154800712143066,
-1.823449966099185,1.4031458046681848,,-0.0728567816180365,1.2014610885719257,-0.8285816486532168
0.027150729487974,1.19548078665667,,1.308064872333534,1.7191996690331164,
,-0.2544058173775304,-0.044216965019193,-0.4656106108238872,-0.592595387239794,-0.4738719265538684
,0.3544733557424546,,,0.0888009051564614,1.193932025803613
,1.6224537246597874,0.0009028570221421,0.0808141396982633,0.8420968941457199,-0.2981618785072045
,0.5954463990582234,,1.2146423315468229,0.624866018356223,0.8041863596111277
0.2417876267819595,,-0.2581515103398799,-0.4063804254479072,0.3448360060847995,1.269957447282104
-1.225135601852989,-0.2681539355391966,,0.4058414414660251,0.642403334889333,1.849965357978005
,0.2752255867089059,1.3362677034707604,1.621085471794366,,0.90910504459227
0.1844235310763751,1.988059898758334,1.370936056520503,,1.6185216229526824,0.979269558173974
0.6169745698511098,-1.630606357400047,-0.6759709601799793,-0.4362400239734896,-1.2104157850845512,
,,,1.3715407960893249,,1.2260392254167565
-0.3228593642601952,0.0717350566474207,-0.4994885713619276,,-0.5316610614361953,0.3585418252058192
-1.6093132566065402,,0.5408358881924145,,1.2633602523903005,
0.7106836464793475,0.7786156635463807,1.574471204975046,1.8400314341713448,0.838466375985944,
1.0470135446203694,-0.0766914658905006,0.5479112325093632,0.1905960052379633,,0.7758213555204354
0.6122474420132135,-0.0414739397691434,0.0372382456425376,-0.6218289156846951,,
-0.8032797033837338,,,-0.6671624161065512,,-0.7075197127527169
-0.6404552587623897,0.45165102058982,,1.3720397472407215,,-0.3974971878641281
-1.25592477440093,0.6717684965763082,0.0330427066293246,0.8695214212302266,0.6704212586825653,-0.4424121507357166
-0.2196861163250699,-0.9616062256114748,-0.7102418481188628,-0.514963564724714,-0.5826572265936424,1.3794186276502365
1.4130140301261909,-0.5557960180168756,0.1490000079391644,0.1432680433460378,,0.1808811734057888
,0.3596511872097098,0.893666615015622,0.4927326364074617,-0.3549354306628975,1.549228806183248
-0.6924880696079226,0.1983976007012381,,,-1.3363388882753755,
-1.4675862390522605,-0.4147703792353127,-1.287380763710035,,-0.7916582072954186,-1.125001633268481
,,,-0.9912091452439948,-1.972565379315498,0.0794828108369849
0.4667957924880833,-0.8747862269559425,-0.3612118256813192,,-0.3230674898436203,0.2335758030316956
-0.2259411266820474,-0.3747056994985242,-0.5866544935982443,,,
-0.3528850169877739,-0.4472655652702923,-1.0307218823261668,,-0.4148208360184164,-0.9649120453245544
-0.5332087051614984,1.1257462981551818,,0.3592300118483877,1.0526555351285334,0.894274300021103
-0.2271126230935669,-0.4524338352723857,-0.326248515670366,-0.8610958993378609,-1.1498274915565794,1.624542164938359
-0.9718729491033152,,-1.5085877017152227,,-1.176984559198604,-0.6249432341355793
0.2392052529851573,0.8238582246955134,0.706461815458355,-0.1177965150004655,0.5261175309009068,-0.6951171292400822
,0.7788623441742103,0.6312833095042071,-0.0899276728477066,-0.0208888201694621,-0.9894146754239318
0.2606245470099056,,-0.6791662529110724,-0.5166064515480249,,
,1.068937781063428,,,,
1.3024919443652134,0.8803459887030078,0.9793488778529168,0.9106550282273116,,
-0.2707133813469058,,0.113957683584157,0.1125669519964022,-1.467193078341223,0.0620979473670978
0.0225718006061882,-1.2521740331952151,-1.21735054550876,,,-0.6853379664663188
1.768062250944533,0.7477405391219538,1.2518859949907386,0.8535709524941552,-0.0223279924218234,-0.6257887236332491
-1.4150023087312462,-0.2213318902059167,,-0.957526708067706,,
,-0.679344766273165,-2.0136594060408366,-1.5657141104443486,-1.8437107115219948,
,-0.3317037403702025,-0.2273216778005917,,,0.0718004220021339
,,-0.6926667123472995,,-0.2643025687606842,0.5536147279554244
1.913315573408534,0.2183636216970094,,0.9678642071132972,0.4631926201658749,0.0453069475555746
,0.7847534598605302,0.8055600983744068,-0.044660907936234,0.659583026388793,
0.7613999163280656,0.2306013036714204,,0.815285878396348,0.4001057167613318,0.4809578021635207
,,,1.8794912980790155,,1.2550924520361206
-1.0176495274650217,-0.3742872855364318,-0.7773105067108048,-0.6768724967316645,-0.4724190702272474,-1.2563969826871613
,0.3838711928800615,,-0.426324882574864,0.3348767718967828,-0.5821898857293825
2.055506915072587,,,1.630009164396661,,1.8016912141554844
-1.2461088527681723,-1.3675844193088758,,-1.5404509693107704,-2.684906606045681,-2.243111765406752
,,-0.6745617386386971,-0.2617415289502172,-0.624818158807563,-0.4625299506264287
,0.1534259461571814,-0.6492672604364524,-2.0170122547070277,-0.2087732691634285,-0.8451537550322192
0.6064417254199505,-0.2238029951734963,,-0.0520686991898167,-0.5315024331194054,
0.9188236438559092,,-0.2409029885242334,-0.2288513644423399,-1.9605604064698097,-0.5258201988738272
-0.9281252867088148,0.9043453628725469,-0.1010775773079343,-0.9548576612233528,-0.0762473773360144,-0.5628941923622163
-0.0082492136800758,0.3154505061802008,0.2616735607921451,,-1.5900144659750877,1.5367084376781943
1.3541979176042511,-0.5433158767911402,0.5621970883289114,0.2683302709018302,,
0.0868338549190515,1.3232995765434197,0.4172000155257103,0.9618851175340866,0.5858821798108895,
-1.0369361113751367,-0.9633861364629838,-1.1360239606272744,-0.862022225797483,-1.0563781340204337,0.0013049896735262
0.4558155129438261,,-1.0025199510406269,,,
1.9589785495537304,,-0.2097009755632135,1.2762139188679635,-1.1242251445267488,
-1.3763495068671183,-0.563554207756612,,-0.5505843916725358,-0.7514678398063498,0.9801893915478403
-0.4421243818748957,0.1318585824648887,,0.281912791624379,-1.1375345179090637,
-0.2893585349764732,0.5407169241383571,0.6167390116084506,0.6448264655203769,,0.3636169653476177
0.5082206957687118,-0.6681316629024718,,0.5694773647375274,-1.0841401791982106,2.1849498143408423
0.2960833581211545,0.6654987355010169,1.3069066053817469,0.5388420665703427,0.8285043053270258,-0.242289012930933
0.5856939538359914,0.5163928000217438,0.990259258484512,0.1642887673779026,-1.0358762336569234,-0.994589394848023
1.859579575903625,-0.7569843768226936,,,-0.096876813940129,1.4527474334654515
-0.0452845389722895,1.8014755095133623,,0.5109157512040705,0.9720259818192838,0.3649482216786164
-0.8364564548890148,1.6020562370808502,,1.0862528986159778,,1.9796568408508015
,,-0.482978070318792,-0.4439110746452276,-0.5568244295407948,0.3780285952873087
1.5073308037122537,0.8495168364503833,1.5649136393589806,1.9100776476831531,0.6160211206888745,1.7724586307130414
,-0.2838133391188758,-0.7927166855069016,-0.8489398121592513,-0.6582965592869835,-1.013638494118671
0.6765488393826894,-0.0872095607848744,0.632221307198636,,0.7394764636912312,0.6527045337207206
0.1452081832202405,-0.4457160033372876,,,-1.417605054290747,-0.0997213306336224
,,1.1227635251352217,1.0694675028545142,0.6458757034448857,0.5112545617567946
-0.4056688406534621,-1.353758530687584,-0.951094819033674,,-1.254561042932036,-0.2072321334503403
0.9100043136342536,0.5143993049869641,,,1.1289364538521955,1.6073031819983006
-0.5049422044554583,0.0947731653958195,-0.9191861224251776,-1.5538994278910567,-0.8032452391507116,-0.2504967941807437
-0.1995712502117506,0.8881194310903419,0.4797667320545524,,0.0002671865601161,-0.0548113792392064
,,-0.1301883641040941,-0.140986828830263,-0.3893687801435863,
,,-0.4068611659354149,-0.5057870220607716,-0.6173007981816514,-0.9188192955000918
-0.1907116235632073,0.3022521506235439,-0.2544702328236487,0.3961808909420756,,-1.6865334386392026
0.1283277724371997,-0.6128410857455067,,,0.496488041903849,0.1304347503035732
-0.5501985624564614,-1.468307345818869,,-0.2467544166994826,-0.5501125649340199,
-1.3111850662146003,0.3220078830314494,0.000871611842949,-0.2094931501300589,-0.2479479472853727,0.0010589465932966
0.3314927368476607,,1.1449458480460706,1.1601092532814252,0.8111954594651672,1.3471071146818026
0.5380513918043074,0.7473303641203132,1.1499538421045652,,1.5152745168815906,0.5461070748808271
-0.7139813607120166,-0.2915118398176659,-0.2032947887636916,-0.4810155847824198,,-1.4876519382220603
0.2030827140095815,-0.9698562116556626,0.267032793064442,-0.064800550293385,-0.4488666705836269,1.0626951833162923
-0.4982648042912882,-0.0884208444862944,0.3396837911892958,-0.0788244867540483,-0.0347134230217006,-1.075376059829036
-0.2200087542172707,0.5373678527019994,0.5040526026878878,,0.362088799009593,0.5759382463718615
,-0.2650010169760747,,0.3242126594683679,,0.3635595696789319
-0.5912989315302195,0.7223628578732967,-0.1122814697427749,,0.3200098406084574,1.9290601555794933
,0.4446256889421245,0.2159737309793356,0.4771116168428671,0.0887973615352086,
1.864322635954582,-1.1855766662798388,-0.0095039987800636,-0.1684881378854049,0.2877523590283711,
-0.2078451203358802,-0.7699863967429675,-0.5873249584013372,0.7665612869888379,0.0217810883675439,0.9370839145777614
0.1792284907475792,,-0.0716396470698525,-0.7184282394341539,-0.4439416206566005,0.4508268931950196
1.2657234946056988,1.9378002342854732,1.6081485394281223,,,1.6425155745307778
,,1.3436840166562984,,0.4303990011530869,0.2509159801001095
,1.0568240627142989,,0.6504263783774445,0.1873378216036695,0.7933838675408486
-0.5276092927501275,-0.6658735066225943,-0.5794053084801026,-0.7917646873634737,-0.8536376990289157,-0.574963217266563
2.904649497171592,-1.08933770068552,,1.4807744336556548,,0.1610002345968534
0.0613106929045271,,0.0475125151288447,0.4713377316997161,0.3162231895561428,-1.0326565132102143
0.8016511427975483,,,,1.381145230809397,-0.0102289632368332
0.2761093140080634,,-0.208809171038183,,0.0361625242459714,
-0.2444499383996262,-0.1830491672207081,-0.4450914459930319,-0.9219773098226866,-0.5880405550481843,-0.4703796961319315
0.0343727596267423,1.2948881342810692,1.145080848056964,1.632274813162962,,1.2993408292186337
0.2533593894809332,0.535178887129055,1.1830654800367255,1.9760537879407731,0.8840253053048692,
0.3232481934482683,-0.6681064301036639,-0.9658082323910748,,-0.8725163220011091,-0.7588420016549227
-2.614796995036474,2.499193596888432,-0.6836086114828748,-0.0497268763809972,1.465707333148934,0.5817587572288858
-0.5344418067815223,0.7740517879850903,-0.1479993077633295,,-0.2484516310439216,-1.2650125322734689
-0.8079823345538547,-0.1736693338585983,-0.5556561147102319,0.0059099460373143,0.5324757871216633,-0.17588544425461
,,-0.8472690162780163,-1.2641473725814485,,
-0.932599577972105,0.1340683605892523,,-1.0665891296785517,-0.3603453350759089,
-2.232336402069325,-1.8618171185181809,-2.360506159027332,-2.56677006357677,-2.240461892187234,-1.099179059872344
1.75680198844818,,,,0.6111481096959114,-0.4909094739803479
-0.5271816340583161,0.5914401157121724,0.2253718270855387,0.0634959750364101,0.4413862692352089,0.5292658923674014
-0.5332748017267975,,0.5251020099290964,,-0.0491291244452385,1.1199580008781689
,0.6455535189397303,-0.0168157580134633,-1.184056103832262,,-0.1955032298300698
,0.3074736854722277,,0.3924053129177959,0.929732483933568,0.0106914386590418
,2.2199761464903194,1.4786758961036397,1.0308726757828757,,-0.194535104250742
-0.3746113452224358,-0.2596565672213245,0.2894307827672008,-0.307786506808469,-0.0262940804447451,-0.6123397903306432
-0.1228043463787359,-0.2607106349278195,,-0.1381220598068264,-0.8146743735674006,0.3938026810723833
-0.3839031616673624,,-0.8100680289868232,-0.5443342876964764,-0.5957302047595293,
0.8396251767003057,-0.4478937231493003,0.3019174982497266,0.2667476248347023,-0.8142889995161401,
-0.5862711824875535,3.0691030053078325,,2.047396801951041,2.0353905361290794,1.3012615680819537
,-0.1999909958390366,,-0.2760027535797817,-0.848479690180502,0.4256349106910934
,,-0.4253582677485079,-0.6355769223422035,-0.2974387408709363,-0.9313340641507852
0.9413281325575332,1.317318145776767,1.6836692541498866,1.8264169596914996,1.9546061746399932,
-0.758972063827155,,,-0.8079269415454857,-0.846138997378842,-0.0398094971450269
,1.922605613683381,0.5327402635554201,0.9321857520104764,1.5804204855643094,-0.1383423433876093
-0.6488551452415695,0.4333212532441536,,-0.8488883011543331,,
,,-1.0233269355268415,-1.7323573518377624,,
-1.0752464827804842,0.5017010627543256,-0.619323878235378,,,
-0.7999291876236311,0.2439244597421813,-0.0781340627920084,,0.7881185319177808,-0.943060511688038
,,0.8550909743499544,0.5458244848533668,,1.9172369405498355
,-0.5927869721436085,,-0.9372999023844945,-0.2497662998934963,
0.6793274691668548,-0.3380860228595923,,0.8474311741599085,,
-1.396960490248633,2.1167257636025405,0.7958886703621835,-0.101065602041897,1.0428897711454284,-0.6875913604072125
2.441571887859184,,2.014500668112829,2.292017246467938,0.8096762441427608,-0.7728810216833534
-0.9117009754319644,,-0.6463425440572816,-0.3901042648779038,,-1.0195414014095805
-1.081486575387073,-0.2865253846091947,,-0.0369536809035806,-0.0642967479920591,1.2072985233127536
,0.5276770661206021,1.1210186100794293,0.5210352725084819,,-0.1714140775941748
-1.1581507853864088,-0.7464170793184012,-0.5217690425755105,-0.262387491879111,,0.3969207158534386
0.237099748387361,0.7523780257172957,0.5748641270477679,1.123790276761803,0.5763217288256686,
2.7879397097571084,,1.7159012914373342,1.294982470086765,0.6353889892197747,
-0.5680259438331365,-1.652443238121624,-1.7525935382674045,,-1.722245977295414,-1.46551595383213
-1.9738131735777291,-0.7642334100477487,-2.583002240801664,-1.3282078724561943,,-1.474865223564804
,,-0.5898942722282696,0.5427153510669513,0.1607282087708608,0.5275190828242966
-0.7163942447093972,-0.3744138545990176,,,-0.4957167372317373,-1.2555525969130197
-0.9761821506903676,,-0.0491749455103295,-0.123476902182092,-0.1351559276340631,
0.4720637525791737,-1.1418871476590258,0.0238605424356539,-0.3935087864063945,,0.5509954009892251
,,0.3730181968774028,1.1848077568886235,0.3357006984987241,-0.0829321318845189
,0.9545382415701632,0.5904862019523903,0.1706446766391221,0.8137127745901089,-0.0189554506235311
0.3074097614315555,-0.4726060250144499,-1.0182293424062203,-0.3318492328859441,-0.7714837164927714,0.161215985043306
-1.5589619189218136,-1.0608166300720692,-1.566392783438711,,,-0.4548990351794528
-0.5753490125328318,-0.6737357834645796,,,0.1190559932284394,
0.7629651866018228,-0.0092618084751974,-0.2971749775708713,,-0.0953676652221049,
-1.1640547790863394,0.1158317368686961,-0.6825270331109212,-0.7758179324579314,-0.2247247282065448,1.5227674249882956
0.4029596496733634,-0.1013528036821587,0.8716856966944395,1.1138206618611275,0.205707109801814,0.0906942566104465
-0.9699967233724648,,-0.8132060306440411,-0.6585767538065455,-0.852863103461536,
,,0.7658389621405896,0.2093360439651709,,0.4343655539334425
-0.9627129407877448,0.5408018319299471,,1.2976556584329155,0.7678775371734023,0.5524923265373468
0.7218146134821297,,-0.1992893890296013,0.5360814693013501,,-0.7731618965009093
,2.429235643495601,1.3034198734968578,1.148532290311124,0.98590003091212,0.7851033065356383
-0.0159951561181449,1.0757805103707871,,,,-1.1023520971660574
-0.2257229184810254,0.0099833207825879,,0.8775579105810434,0.2960113063286517,-0.3834454667664894
-1.306792713272833,0.3066302287247734,,-2.200072292275485,-0.0359754098192643,
-1.4113711115812255,0.1870073169698151,-0.4491197838657721,-0.2498944914085052,-0.0854402659881111,
,,,1.4238103019402848,1.063381453562119,0.3169413051150937
-0.8918217144382997,,-0.6412348845562887,0.1196157978263747,-0.3996903627561035,0.2658550176191695
-1.9841777544993129,-0.5684625834428315,,-0.5956331607952147,-0.7355617857143123,-1.2681008135712373
,,0.0109042762318553,,,
-0.5798248213066269,-1.499385772963047,-0.9685923915595552,-1.2356679756570177,-1.537781846128526,
0.0386569753032094,,-2.6459560955159804,-2.3194657586950016,-2.406154838891487,
-0.0802374286483497,-0.0494032092504833,-0.4172120424911614,0.1972199387647288,-0.371619355997781,0.6736157219724246
,,0.4665849273517607,,0.6823504419761908,-0.0389191910511035
-2.106824671655013,,-2.669156903533678,-2.764886670358907,-1.9353296552804544,-1.3462524975441803
-0.1207675592885396,-0.9782081959497556,,,-0.7455350367747152,0.1274176166250706
1.1184806639036755,-0.7335409482314863,-0.1351808924096173,-0.9379198803931816,-0.7578622316324591,0.2483968918585518
-0.4487598756019881,0.4411013322858243,-1.077260917469804,-1.470597134698386,-0.7061101138708893,
0.1596854988705163,1.0391799841704044,,0.532561254256166,,
0.690369474351554,0.4193641312807635,0.3879182895671285,0.9968547150127968,0.313867655145531,1.4142680907021563
,-0.1581103306533016,-0.4890072748460381,-0.5324318177095031,-0.94462986730359,-0.4917838330537178
-0.8537506012352313,0.2630968441707501,-1.3361687531310755,-1.8606920349096177,-1.081071449806592,-1.282805293030784
,0.8793194455142815,,0.4762989693416913,0.1439868534616809,-0.3135112642426828
,0.5200034949711823,0.7488350370761422,-0.0080250585865144,-0.021428998494547,0.2308674885922562
0.4251247730977325,-0.5010367465135058,-0.3401528077639135,-0.0438672884095521,,-1.5770417410987718
0.191186818802843,,-0.0572850589625477,0.2037780842913843,-1.3621671435628953,-0.3303055495217599
-1.331234007543418,,0.5313646347417604,,0.8279901767170074,0.3950987763845514
1.8243094716055848,-2.1302067646859237,,0.4264907336270207,,0.683928571399993
-0.002931424479231,1.7458320037256396,0.0830179721694217,0.979907742797798,1.206334107337665,
,,,0.0006764688038631,0.0384509941229126,
0.6076926359726051,0.644151846518509,0.544525739187001,0.1271939362468817,0.5632342332713951,1.6135765455637998
0.6077431986253397,,0.877112642986287,0.4921347959204893,,-1.1786812177833674
,,0.0646137385508253,-0.2193839822133539,-0.0379014633359943,
0.5995439348146747,,0.6006553222554971,-0.554510446914879,,
1.890873265927503,-0.7148277204347956,0.8661179203061398,0.7036663476468701,-0.8647944283603591,-1.1920123044507238
0.52451395670394,0.4520947323054752,-0.0709576453542661,,,0.5179607234811636
-0.2792507866442491,-1.7604748865510684,-0.5504899902894095,,-1.387523668185706,-0.6795459067804418
-1.115411201818025,1.0607391400068598,0.3933873217248144,0.4641456238290605,1.276854520330516,-0.3062725656758319
,-1.7788772500078869,-1.6535746671734963,,-1.5313746383909237,-0.6068165800935009
-0.849684138368845,-0.7416009188000394,,0.3521444756971568,0.0375711248100784,-0.5294841007405476
-0.6745038878479562,,-0.5292683296145528,,,-0.9295187547240767
-1.302118418429329,1.7241361381014138,0.3332105553463297,0.1012210821609254,0.0455178728137385,-1.8703611593526304
-0.3505951580900971,0.5925796849265914,0.6945631584056828,,1.5997459318577822,0.7681849584500652
-0.2080756479471253,,-1.1592938527751668,-1.3794583998421537,-1.6241498779492365,
-1.103444141443996,,-0.0726296634720171,-0.2718151469152933,-1.6369418966981486,-0.0883002389865648
-1.7799390213888888,-0.5772804573188174,-2.00696595429203,-1.6451540635936728,-0.7480080814573666,-1.605598253960242
,,,-0.2547471992687786,-0.0774452647277902,0.0790755171492678
,,1.7666085102045574,2.328582739259253,,0.6373700212890301
,,0.0787132336658456,0.4412851321752692,0.3591352129967572,-1.237524192775049
-0.0219537504053602,-0.2482105475421676,-0.492623130198865,,-1.0567594528123296,0.398644160910343
0.0889831606460515,,,,,
,,-0.7271313954685354,0.1543140735493819,,-1.156708118457827
0.5056764597787021,-0.148572812500685,0.2424658149498655,0.7003494222751894,0.3768183994478368,
,0.559870788099108,0.5101569993307471,,,-0.6171253596655915
-0.5016337427356019,0.139325906865798,0.5509836337684993,-0.7358267408311413,,
-0.816541094435029,-0.911586069080878,,-0.6577539242731831,-0.1064395515686617,-1.1476252245070395
,,1.12239001744774,,,1.4495210664937737
1.742871934127549,-1.0396881553303634,,,,1.4273526432289108
0.0463684054826306,-0.1689300285959818,0.4529269847450214,0.0716595835433537,-0.4741580743732522,
,1.3445878611304565,0.1126949066475334,-0.2595197472505957,,-1.0411937716972894
1.0908490407288214,-0.926387282125946,,,,
,-0.2357484311281987,-0.2112680470380834,1.3442900013508818,,1.460494296602847
-1.8921162049277391,0.4068750352127785,-0.6638751855105974,-0.2610088202193146,,
,-2.101798536318836,-1.993681808291355,,-2.8075412436220843,-2.2070993232212004
0.9735654709451464,0.1409618955286381,1.3095470075087068,,1.2956995808793956,0.8250664429789244
,0.1874004302218568,0.1695275039423472,,1.5555270295199362,-0.255174659356046
,-1.816015371696424,-0.263427816643307,-0.4647479295574655,-1.625620481408658,1.568663675355053
-0.8889459457123462,0.2565494239357851,,,0.1686806224084945,0.54544380091405
0.5186261677321362,-1.7602505815515208,,,-1.189149364304481,0.4337751747663811
-0.7796148936445605,,0.9689762574959798,2.205939925946427,1.7927323139697138,0.7467378473954834
-0.7270403823097396,0.1101961764279833,-0.1864872214084429,0.0809575070473714,-0.6208760558323524,-1.914605301249165
0.6493313114898661,-1.2602491831925866,1.031011839488092,,,1.6140388756336534
0.6049126608423803,,,-1.0208983094551802,,-1.937885840679577
,1.888656851234669,0.617940287269671,-0.1763670927201017,0.946849852580718,-0.4358928124490952
0.7148634668349133,,,0.1976849216247003,,
,1.77998011923443,,0.5586233570584755,0.5822668052739403,0.9383426946095385
,,-0.8217006690698317,,,-1.1373855016646215
0.7441399122119906,0.313438398806002,1.020946924851852,0.9769519965180806,0.1005174794458329,1.104526987531205
0.2129675168928421,0.5314757069826201,-0.3546644402209424,,0.0511524797134808,0.0314213861688976
0.9941616008823556,-0.299995385611022,0.6205143170934269,,-0.3833187984923202,0.9979336973872456
,-1.3134555547527462,-1.5827681649248944,,-1.1608401424485753,-1.151441421963216
0.9247726395325272,0.0941907418994577,0.7831651925892825,0.662753990740656,1.2626509530189065,
,-0.2996619648280245,-2.030127905734041,-2.032821391004828,-1.2489616885465744,
,1.277732711776989,0.9764323953038576,0.5843473309281771,0.8551090323086392,-0.2885613412041248
-0.6303722402847498,-0.418276517740131,-1.5848295126166327,-1.609583251149182,-0.3494067339201704,-0.6780617355806736
0.0452897402195941,-0.048393536589122,0.3718030768868747,0.1547505574268699,0.8948943729935167,-2.4881350350474105
,0.1338353484843738,0.8600439466412104,,0.9599457069132166,2.2003872307592816
1.3769107915799836,1.5279310001162942,1.2154072063525738,0.3588325495972363,,
1.0181718391494536,0.6492652575147438,0.7090295608411357,0.4524870873032225,,0.1879568316546613
,0.7173180490941209,0.8292759499178003,1.2999875139474637,,-0.2399590055800604
-1.8615550250989017,,-1.8467010230544196,0.0003339950013566,-1.3867941429779314,-1.1383511955117969
0.3188177922595226,2.098749965280157,0.7961301560247418,0.6188737444085565,,0.1847971028892329
0.235936436580138,-1.3728188599190825,-0.684853509698257,-0.2396085344188323,-1.3602518954945113,
-0.4961762019513345,,-0.5249684294613114,,-0.018578064693451,0.1279234981892194
,,-1.7097371994884007,-1.7955165699169378,-1.158037865915708,
1.707285216695912,1.067994276286348,1.922864165085313,1.832506894624018,0.9529442161497697,-0.9782336815811682
1.1543196906629951,-0.8502590644443163,,-0.2048799388223052,,0.5634956669783528
-0.4474037555935976,-1.5516300058350028,-2.3587399552356145,-1.4729491159474084,-0.6447395906007043,0.0529778701049507
0.8535018566375322,,1.104353707865595,0.8330677927375884,-0.0985186799423468,0.9018109549040216
0.4894826394507241,0.656982135823464,0.9905150509698704,0.273736100950005,-0.8595138027901309,-0.5806272119012431
-0.0772159359786787,0.616293050955531,,0.400852707077065,,0.8785108130350006
-0.7142524905585673,-2.211573268979936,-2.3311998151873303,-1.4614620634890854,-2.0395728751666278,0.001097220395708
0.1095904156296869,-1.71584741561478,,-1.061192012368645,-1.9899658201878927,-0.4479080972807698
,0.0459494334790844,,-0.2868192784821511,-0.7086414521315567,-0.6717349133997689
-1.87464075184843,1.4593768227016908,,0.002170028346845,0.4961792968633681,-0.3446335685759306
-0.0498014347683882,,1.0497222870635157,,1.1224968849512762,1.8047893110378577
1.6679995692391545,,,0.780643463295605,0.1760477962277845,0.7617345770728409
-1.2053362299534902,,-1.0212520293403098,-0.3852401414545059,-0.6296959685991961,
0.5521641498002131,,0.0876117308722157,-0.9018888421880664,-0.5128182849745846,-1.0243921513061731
,-0.9571423780622724,,,,-1.277686540764118
-0.5455866641521773,,-0.031784331938469,-0.2116680911647781,1.398741433495338,-2.2229087962657803
0.6587645267113882,0.5805209886264233,,0.5081516155086842,,
,-1.638925156991949,-0.8170404679693745,-0.5489140894223932,-1.271003305200241,0.1877452801206662
0.437783255760432,-0.2569327096054608,-0.131902797472271,-0.9933246250775636,-1.05092711505313,-2.2735777311885306
,-0.5044579844715917,,-0.1328331030878435,-0.7336969983797252,0.4507222156347201
,-0.6212360904228041,-0.7889626029750432,-0.8002560009475803,-1.4975704030172947,-0.5592784611237892
1.0408154820530755,1.1763459384079058,,,,
0.4548162153256843,0.3190221290135349,0.540765933572182,0.1775053654954268,0.2640751657217631,0.0459858365487779
0.5853847169494867,1.077348417704257,1.3067017954614233,1.2981620630964394,,
-0.6065887156197074,-0.260924222347754,-0.2411060094834586,-0.3191132542911666,-0.0529475374655285,
-0.4187640765480552,,1.3754215982197606,0.4042036773661313,0.7881292791807756,-0.6814330923028873
0.901682108313939,,-1.901748303321084,-1.323849885483533,-1.521393418350808,
2.249016757019084,-1.350161320348508,1.0099455570914178,0.6564461482006166,,0.8625510441951434
1.2634086267328763,-0.8361334287674497,0.7339156966628648,-0.0448613481640615,,-0.3682372154751622
0.8079812378357717,,0.0973605237649463,1.303457946758359,0.3483334005785073,0.9720292624502722
-0.7730211135465056,,-0.8968473774515633,,,0.6115801741293891
,0.4912878645363606,-0.3456624956474115,-0.099005961962597,0.8005251799356183,0.336023342264171
-0.5666013764334489,,,,0.2771153245285626,-0.4965139718650559
1.298464978793593,,1.514661324429384,1.4217723282205474,0.369165014127891,-1.1662816685955124
-0.4589057916538062,-0.2271775245665122,-0.7281703136029145,-0.3158415151138855,,
,-0.5745186929210698,,-1.6863446758440603,-1.9021735133785127,-0.4577663453544053
2.6134329772740656,,0.8533483723281652,1.423505763107201,-0.3176894056137903,1.696958182436745
,0.7509535308814889,0.3680882984530245,-0.4117487090967412,0.1073340697069202,-0.8380326432982538
-0.1723324917918323,0.928954075266287,1.5180457334649562,0.6312606145327118,0.6017807830765022,0.3687914966072531
0.5091253111596699,,,-0.0008022569562157,-0.6851302413403578,-0.9399278142639644
-1.6576916939564887,-1.551489915259973,,-2.226000014326705,-1.862744764552022,-2.01622013086177
-0.3457007433346542,,0.4715819511611309,0.6601889602307646,0.3149688972314167,0.6280691592506813
,,0.0216290713268704,,0.2183935218992829,0.0293903005170413
,0.6694456397348313,-0.5035521828834636,,,-1.039657713850754
-0.7688061650086675,-0.2803782328784881,0.5556003620497298,,0.7373110674902984,-0.5750292470546573
,,0.6979068203937716,,0.2730201261008897,0.780406641881221
0.1867237286160847,0.7291688812164537,0.6954735088578085,,0.6534840523281981,
-0.0376872306705517,0.1827007255307249,,-0.4566722993334191,0.0619097955532464,
-0.6287825341355722,-0.8224290423143673,-0.998614741396375,-0.0675494501768766,0.9388038618538246,
-0.4528371248474832,-2.910542220004456,-1.9630369855099632,-1.5820689410311533,-2.0164090183921006,-0.6899657701954995
-0.4802655021463958,,,0.4874187706314109,1.5765930046381924,-0.2929721438352713
0.3325464887074031,,0.0778892791355365,,0.2517467975148827,0.5974287690640627
,,,,0.9904380722227888,
0.0859971049589302,,,0.7857055776816172,1.2025898625047595,0.8526068421695006
-0.0823422750706503,0.0286936534008282,-0.3314906756996208,-1.340694051567349,-1.020237741453702,0.7163285556735554
0.8281967381410108,,0.6387630695168183,0.9580875880665204,1.2838369148048474,
0.9413530659440628,,0.9675767605527732,0.5219884457287007,,-0.971783420372662
-0.3602576178185588,1.409246393012864,,0.9116283561770352,1.41152989204187,1.2303794756359725
,1.9457215773300405,-0.0354109760346416,0.8553108295232048,0.9230213308866776,0.3580231551149562
0.7458527942729423,0.8651357594209277,0.6519221424711429,1.4226091513344028,1.9503186249664783,
,-0.7192891009500995,0.4941224266733587,,0.6147448274536399,0.1705706164994006
0.955670274633542,-2.051497376831477,-0.6281548124004841,0.0280882945981748,0.0095580302329076,0.2726166383541529
0.6460997697784739,1.2104678865195235,0.2096195740845603,,0.7705269006262204,-0.7924182154072427
0.4074162808538907,-0.3659473541258031,-0.3904638241509051,,,-0.9380800705499104
-1.0696571568438733,-1.1042168555668286,-0.941903843859818,-0.6775869273124513,0.95292130387103,-0.528410861224141
-0.8650105336497839,,1.2256885790137195,0.0802464521013959,-1.1942205389706837,
0.2156673416414462,1.0344224325497595,1.3169806121453802,0.1598722498889601,1.022147696516262,1.002551964401544
-0.2994386941221516,0.4808079694294181,0.6343643161164334,0.4242468947218505,,-0.2682791629057198
0.4819057707432668,0.54126993055588,0.3469899969364903,-0.5355218130160508,0.8287032159129076,
0.4227879444432244,1.9854062345426844,1.059738890387694,0.2476308956127156,1.4409032947214075,-0.1266182333682605
0.9161112462259576,0.1243046671590498,0.6905985747131198,1.4524553658905344,0.9075880533808436,0.5955302416916262
-0.913480026845048,-0.0619583424595438,0.2000799551409807,-0.0195487366209882,0.3843282077916844,-1.4979179734045929
0.2267105790339574,0.4661193875498485,-0.0853116254958288,,0.6108656896546796,
-1.616887727435753,-0.4507377148120879,,-1.106953254617824,-1.8241793119618568,0.7843391027203326
-0.335233617981476,0.5434697940180683,-0.0664912909508635,0.2814097497044772,-0.2707603801717287,0.2214319930502677
1.018977752689274,2.1692691807088047,1.8574648101668652,1.582601224217107,2.233520049427645,1.211190618832515
,,-0.1342079033963425,-1.549216002944555,,-1.8346967647492889
,0.4261282160747446,0.2116778481006694,,0.3623715092895685,-0.0727009962614939
-1.136511927571931,,-1.69121079759176,,-0.7368137285006919,
0.2556169160023265,-1.2995525184435517,-1.0445474614977666,-1.1094087565140818,-1.4231397386365676,0.1086123849585841
2.0643867409254875,0.8105566476279642,1.6149462366394705,0.6969301388223144,,0.236462217345419
-1.2726477664345426,-1.8361745507890928,-2.133476342917926,,-0.649456113272453,-0.5055864573667673
-0.3673904540609163,,0.6470584024045787,-1.1484783944886607,,-0.1020992864358213
0.6483607806456299,0.301402774015903,1.0658008176811276,1.6728649226324708,-0.766258884627718,0.7504866350601306
,1.1052729011617632,2.5146182209083485,,,2.199091372574092
0.4389149432977777,,-0.7886721172024506,,-1.7131909146704691,
0.8663985133267373,0.851854350686191,,-0.010560245301525,-0.4683373106763309,1.0793306245485843
,1.379804501103953,0.9517840798351414,1.611749845959071,2.1939053668874435,
0.1945139508535026,-0.3172261102061195,-0.6565490715233937,0.7602892402345137,0.7009925805975081,
-0.2415224774556323,-0.3893594351720268,,-0.9341301904001854,-0.8231719067736482,-0.3266994156826851
-0.9250505710628156,-0.6497829705944591,-0.5264468615617295,0.9139754295768994,0.3585995272209212,1.6389573700022817
-0.1160706595343634,0.9295857214910442,,0.3127235895465772,0.6167470457697329,
,2.5334963120877267,0.987930433518636,0.4610026164951959,0.7908516768625657,0.4056643270104845
-1.0356202358260116,-0.0636668747875231,-1.6919516240019516,-0.3019027215068537,,
0.1851359907861001,0.8201282225562643,0.4006569881372885,0.5927037641920686,0.3572597335630792,1.756453779169132
,-0.2437407707086469,,0.3758712101724172,0.2458505807741738,0.7633300040877276
-1.291002401198541,-1.0876655802933732,-1.761924278245368,-1.0650419714264647,,-1.4609849032204067
-1.1821741608931828,-0.0467963366919326,-0.8736225809129882,-1.057637387768755,0.890107637571665,1.4147938519819137
0.261648851231096,-0.6765622530862756,-0.8473759276686303,0.1038550202831814,,-0.0285704270367878
,-0.5307204090299538,-1.9000954611044183,-1.481843853746556,,
-0.7711641042232896,,-1.356264699866743,-1.354775883351958,-1.7860353154236603,-3.0315306596106573
0.5115756987756812,0.5049051204514973,0.8501934544255071,1.591386013465725,1.89920500333131,
,0.8256938571923713,-0.8406525541120673,,0.3781041889060204,-0.1702264736064394
,-0.2518532408962786,,-0.4782268918331961,-0.8536618256878138,
,2.722558279696502,2.94998922574035,1.8402112658268897,3.0223496986187706,1.2714639830629315
0.6051750967906391,-0.87321068312291,0.3768855056007167,0.0739041965374102,-0.5388130357721174,-0.9049281996924448
,-1.8316712077840356,-2.22545397296948,,-2.4307179333829474,0.1409363002778786
-0.5987203347816883,-0.3482507602637173,-0.5701728948528577,,-0.2967844170177222,0.154352708982019
1.7416800090300704,,1.3917183733124938,0.6213296665142708,0.1383143800790795,0.0909867241134579
-0.0932212339583078,-1.1818315982123235,,,,-0.4906767267408614
,1.806829710929542,-0.416100027529409,-0.8490677144540132,0.3752876514706265,-0.3787604853242722
0.5043023578600042,0.4150046701051359,0.5551202402670865,1.359795825608293,1.7451590676042965,0.3170895730784379
,,,-0.0776239058537422,1.4450853261607517,-0.5432357046785125
1.8474393466786905,,,0.0844576593471695,-1.2949448198881623,0.6558708118055864
0.4507817854306496,,,2.0849001413661634,1.889538195975808,
0.8416229627024499,-1.5811953093032125,-0.7666782421525814,-1.677614860978267,-1.442140870533715,-0.8799095759437254
,0.5638692424508116,1.2953455323570084,0.242483765351802,0.2373084437464447,
,-0.943383929125523,-1.4358425185895638,-0.7316448268032779,-1.0234295118767849,0.8316300631916367
-0.1151647932782171,0.4882352577542385,0.1876244026426081,,0.2666161374563493,-2.8611664358873448
-0.2352489723168407,0.1572929420064607,-1.1080041057275454,-0.6025258648327586,0.4002233986998364,-0.4933551575303356
,1.3311957065176805,,0.3310367502733763,1.208087817456925,0.7512860656604313
,,-0.7942479727587329,-1.269792181759718,-0.5125347925805466,-1.5085982782150733
-0.4385960880242053,-0.7076529242325632,,0.2838647817913647,,0.734845359099962
0.9200895655139956,-0.2321669879574245,0.2524828689343404,0.1766346626730006,-0.0748345458466369,0.8711579851175705
-0.4806922233391653,-1.0865857645869534,,-1.0566112618346506,-0.3117036421278557,-1.1874974735923782
1.3387383004844224,1.0031366220717957,,1.8618482146003128,1.1437954988306172,0.3380614940539399
-0.9697234092457688,-0.0476734545181925,-1.3853440364279466,-1.1612793941251571,-1.1039832031420098,-1.3844246478477462
-0.6149756837968648,0.6794903977738554,0.2365486926940184,,0.1288067708139285,
-2.2219893933690376,1.2662940034515002,0.2201926529146666,-0.0924108487771718,0.5242804103352987,1.1450881863136495
-1.5127425625056692,,,-1.2634264479992934,-1.0992456091175715,-0.6190303220139898
1.918962701745233,0.7350102444581251,,,,
-1.2174693831339205,-0.6765333218357135,-0.2183982522729312,-0.0632494412626197,0.0368248000741478,-0.388648480936182
0.09997377849707,-0.3798913158030183,0.6649891930841964,,-1.555010959440692,1.4544214555335986
0.6841629487455045,,-0.5223612300220657,0.5509863663773329,,0.5811831835193846
0.4215135121139662,-1.080106028597821,,-0.2054988694052627,0.2544639410039318,-0.2640744701601551
,-1.5616533306896765,,-0.950452141953036,-1.650700440226079,-1.2686938194466533
2.380089439077022,-0.1530809030631286,0.84104493518134,0.3602369981647274,0.1222913160324408,0.0232918247503927
-0.2200174089080458,-0.0639876266554514,-0.4641934122720675,,,0.7293906987693918
-0.3035640852911809,1.02388780002497,0.0478633475043559,0.0818521396029568,1.2141152479015669,
1.056640873739214,-0.4483353524041742,0.9280320900273415,,1.1197439019495026,-0.366959283762116
-0.6639368820422912,-1.039162252218713,-0.9833695362297284,-1.9376263873995787,,
-1.6665173196039642,-0.0174076532060092,-0.8727156941526972,-0.5128266990006026,,
0.3176070072554163,-1.009399974059985,,,-1.0295443629995689,-0.0386872301293887
-0.6745798888909458,1.284294117651412,0.2807613668946195,-0.3815374726001717,1.573506018346258,0.9444287811508978
-0.4749848048721482,-0.1448914737682112,,-0.3554443207315969,-0.8237720227098452,
-0.6472306703140854,0.5412282027508845,,-0.9160036274278932,0.3870778679872602,
-0.2570230420079633,,,0.3807627082058742,-0.8488142845517321,-0.0135825239975173
,0.2377886400369507,1.3885898788512507,0.948362328069324,-0.575706503221818,
,0.3189043915124127,-0.0359262433699369,0.1840654002434981,,0.0268243132636019
3.0178523205247947,0.0041738245162783,1.457331069519339,1.6165195718757044,1.2234603247284277,-0.4805908182129538
-2.29989026093705,,-1.0489948702744194,-1.110682733299739,1.2328239942261725,-0.4223170325015147
1.331720169993648,0.1258763890725077,0.7310131070479321,-0.3277920449059073,-1.6068584037594826,0.031289837527147
-0.3073598852065615,0.0528158560395809,0.221143794159889,0.0932698132230822,,-0.6198306104951359
-0.7261595042470504,0.399663510481001,-0.4943736771379128,-1.070819233655954,0.0318338869369516,
,-1.1910396153679994,,-0.6086105559973716,-1.297289152124277,-0.9391855516096058
0.9889450920403204,,1.2251607410280856,1.2060633045544602,1.0195030873944375,1.2063189352013337
-0.3900954883547828,-0.5558801775409179,,-0.0960033827746913,,-0.0381746502803382
-0.129398278613074,,,,0.472390351009074,0.4595922075736992
-0.2460470394890383,0.7923919535777324,1.1787428106832127,,0.8519435481380431,0.0905056215820109
,,0.6666985210012314,0.8890190307702367,,
,0.3036178590206149,0.3263627866988767,-0.5727782719382408,-0.0062867262101818,-0.3410705184164815
,0.9691297411757916,0.4546845191821645,-0.2623499095521835,-0.489138688021018,-1.3146279747029197
0.2028654302747062,-0.3045669632995201,,0.9816317718648148,0.7595059009365738,0.4719940860953914
1.0205315493613512,0.2511139890008089,0.4338298381919036,0.7691722567055322,-0.4767943745711152,-0.2902828263397775
0.9363748528797878,,,-0.3032791637048915,,-1.0836719148114902
,1.3433485359709858,1.4877858945998073,1.835719981528426,,0.523469200817544
-0.2306094064104608,1.0432026815700803,0.9408878571398324,0.5715558014032551,0.1509176630460885,0.294817845028959
-0.008745803319216,1.4509382785407028,0.860573556508738,1.6704661912806942,1.09279876278506,
,,0.6519262132962942,,,-1.2977257911445184
,,-0.9072824859638194,-1.2289271683001133,-1.8059322981928132,0.4749824216545142
,-2.145364393024726,-0.8840603697765567,-0.3305621055975539,-1.314590421249073,-0.3751866639680792
0.7263337204714612,-1.056629398629212,-0.2567894960899018,0.1101921141448269,-0.4699243282043872,-0.7138714678669907
0.6247312589015901,0.1491937003369011,,0.9198027195425212,0.5779638097381328,0.8387841636753474
-1.4895020450933592,-1.8441645437666805,,-0.7192610202772424,,
-1.3071591662877666,0.3814781518260169,-0.3634878424063208,-0.5697826220953092,-1.1798181864476034,-0.0533532416922546
1.3822660822310795,1.5332826039400391,2.269339909986252,1.951150480917459,1.4107374046921073,0.0794878836553525
,,-1.4675404294352297,,-0.9507737309723512,
-0.8968038343027813,-0.7605976481399656,,-0.4610197508820905,0.2178855934736897,-0.0472624193325933
1.4789725345323783,0.0148861150950684,,0.906254212891996,-0.1550609589843291,0.582333974544783
-1.3687448868145673,-0.3533165024255735,-1.4662590060337708,-1.4748111456092523,-0.779088174935835,-0.7576860160488542
,,0.9752506863192448,1.0489699861350743,0.0097095135016209,-0.5353582432033087
0.6872747469352641,,0.954274106323061,1.5844897989742333,1.9103446288077084,
0.2819584688069456,-0.9978763889330304,0.2574695939026892,,-1.005043631066972,0.0746914966554533
-0.918097411024655,1.2575518534491026,-0.2878989021351689,0.7144678446913605,,0.1631075191032892
0.7658953818671251,,0.8253358080363417,1.6449560855902334,,2.2557667884209285
-0.7579538567703915,-0.0235273967994491,,-1.006180856084015,-1.288304417069291,-1.1576502655312346
0.5469387549318852,1.436674465898501,,1.3636620424809007,0.931975179801902,0.1466662143659952
0.1992405301417581,-1.5037710813953615,-1.1716204788164066,-1.1111087588425388,-0.7769934207974799,
0.2212701880728207,0.3825954431602915,,-0.4863584826465154,1.0468687584976166,0.6157479594480251
,-1.380040893640845,-2.175636788149728,-2.443352348513838,-2.5519315721306937,-1.9265050819800944
-1.313817829014408,,-1.0630805258331997,-0.7775862368803672,-0.8457392160950268,0.3708529684339786
-0.2428896504407727,-0.2162173988585265,0.6596328998976324,-0.1253210716243911,-0.120955664733079,
,0.4779354630822374,,1.6458753328238158,1.6486645959983,0.0995366357946742
,0.92525787579303,-0.2792370101954912,-0.0455307007349835,0.3841139957127095,0.411414786732011
,-0.3227162036228562,-0.8433431045637504,,-0.437973258961801,0.7386414694865994
0.4100018075208961,0.4433555269345101,0.7478383954288734,-0.1689590292255883,,-0.6348093370771378
0.110692151883453,,0.5350311955814517,,0.568779231952574,1.896660312520524
,0.5839017650070435,0.5409243052194791,,,1.148954923888313
-0.0853203403504114,0.1113728776541625,-0.0581888201301407,-0.2690254701173814,-0.4333213999405733,
-1.2886411088662555,0.0234478417941497,-0.8468653095316206,-0.7385325666867956,,0.8059586103144535
-0.7095405134174879,2.4376054458583827,,1.9236999428278525,2.4625455871723254,2.2242047784681254
-0.1371816097940449,-0.5151095473646238,,-0.8833220783416961,,
0.7727416760611975,0.1508419691579415,,,,1.077551819811203
0.2429626457390339,,-1.8257830533743364,-1.6447561508006263,,1.1808806497674025
0.179818744497707,-0.1533122646304734,,-1.002465944319045,,-1.1178506989352466
2.1136774879209894,-1.8491186795239576,,0.5339421576740824,,0.3005013718198011
0.3000812663968223,2.394391860316844,2.3997976625997466,1.1261313789301135,2.8254314661586446,0.009117720653441
-0.7754785111284425,1.2459576592113497,-0.4129520559351967,-0.6441513587342417,,-1.9381020688989323
0.2092968950173236,,-0.9690255867665468,-0.1301701670726762,-0.4433482175883136,
-2.6231359957613045,,-0.8919523375999857,-0.4554979905128694,-0.4033928881200148,
-0.0606053959489206,0.9178230429841224,,0.5494939790480754,2.529164381730454,-0.0614729278547527
-0.1989969348837636,,-0.8197634639154552,-1.204420934704448,,-0.8286341988020335
-1.56551545707481,0.8509201636395833,0.1975331442602624,-0.5015456261757484,-0.1312264589201126,
,,-1.4880023495745087,-1.8965215187488005,,
0.7360509972785024,-0.8643520256595356,0.2130816426741213,0.1219549423958897,0.1412757793038784,
-0.2876311767180138,-0.6340474938044185,-0.733557304292699,-1.6538167933807375,-0.9818096829098312,-1.226508043841915
-0.5487691297241833,1.8286058504614784,,1.6736653279662836,,1.6844595523653916
0.577604705636635,0.3986713896856853,1.0178692811895236,0.7402422578499936,-0.2879674130474778,0.7227706712103587
,1.3347593937810542,,0.0970419527786004,1.0868416002318766,0.4668726650305994
0.7586645213202003,,0.8910366023881243,1.7284203171332877,1.6973137438197152,2.670578313023709
-0.5820102316293964,-0.3998551419615193,-0.0626849765050744,-1.04491748672464,-0.7706867017130599,-0.7979691445027264
0.1273753675058417,-1.4403973220484507,-0.7716603642202268,-0.1669750035833721,,
,-0.6315660559346709,0.2937841312643872,,0.4896399884414934,-0.4297764684770086
,,-0.3504357776817606,-0.7413045285824864,-0.8175337886219729,-1.4781221314606203
-0.3143898022192952,,-0.5523120420390564,-0.954160739028414,,
,-0.8737646003411398,,-0.2117089258818734,-1.1517194512759965,-0.0116874871968104
0.6631433284749082,,-0.848920312750999,-0.7910883669495619,-0.9692031347714024,-1.890603030971208
1.9378327194551923,,,0.2438798317746719,0.1197358147349808,0.1496613676960204
-0.1825838406732534,,-0.1177085610946438,0.0802450340635114,0.3739570029928086,0.8800394460871047
0.2770952391478359,1.3167481036083308,0.9555200195664264,0.0505368372975573,0.4263023440419703,0.5321401185418777
0.9114403408195344,0.1478698822457478,,0.2396700864881942,-0.0356998151220862,0.6516131981546057
,,-0.2132110048143927,-0.8045472351587195,,
-0.3153732266781558,-0.364311643528608,,1.0542496126214795,0.4589602542734558,-0.8122973420482044
,,1.3515720047900102,0.7578958991643255,0.4806159070904525,
,,-0.6113381203634963,-0.8981497692267979,1.951778935705339,0.1647350600722444
0.1045449759516936,-0.2321210571797699,0.4976543273006981,1.006024668150424,-0.3779462978072478,
,0.0763050123198923,-0.0878042777240675,,,
-1.2452441027658523,,-0.2143311330766937,-0.4191197428870287,-0.0311183236836793,-1.1265096208483711
0.4354046445679038,0.2854087350769967,0.2748579062777808,,0.7231406175408287,
,0.0525742605404132,,-0.7997455638499609,-0.9651707545570516,2.013750508434989
-0.7357153668070372,0.4198510475812952,-0.2932183463382068,,-0.594689039765769,0.0799496253638936
-0.3990957193232735,0.6823057688851923,-0.0231996632861752,-0.163181596990476,0.7588620783291773,
,0.0278106623534795,,-0.2139240335784331,-0.3957592677943889,-0.2696212784730437
0.540513997476209,-0.548228094290802,-0.8934585877001116,,-0.1944871870312138,0.0272524031968292
-2.107523541521939,-0.1129447182594774,-1.5268784888048186,-1.558385125423298,-1.5959812720309186,-1.8010377620702367
,,0.6756011491574625,0.2350682091206211,1.0286976737367866,
,0.2822964123295284,0.0208613980583102,-1.3345268854268864,-0.6850050161238418,0.0472508011405178
,-1.822037276548253,-1.4985568861647425,-1.146496794455896,-1.1895128893286595,-0.4793842465989247
-0.1569068686444586,0.8603344845287944,0.1171310085214421,0.3844978162975415,1.007177490070208,-0.3415984615687534
,-0.2849524939497206,,-0.07706888235548,1.131191398864541,1.705193545320303
0.400172651288435,,,0.0085500444681427,-0.0111503199403168,-0.4725130846584384
-0.5626485148806262,,0.539751299465544,0.2480854177822257,,0.0838844742268505
-0.2856414021578032,0.9254537823035016,1.1674287335902933,1.1413181764074258,1.46334954707193,-0.1187499711866407
,,-0.4224694552255629,0.0237342441480003,,
,-1.4531209816118988,0.4372589286261524,0.967585145061054,-0.0779112042902756,1.601246201097348
-2.4182816505287,-1.867677270024329,,-1.9734418552902595,-2.194953987191941,-2.050238851781017
-0.3242956696316175,-0.5441852865031361,-0.7243958990314533,-0.5008269642447147,-1.778708161959897,1.3064328840233812
-3.064418432535056,,-2.641063996163364,,-1.3620458469728027,-1.165227348040481
0.2334576928156155,-1.546812702590104,-1.3733825911057986,,-1.6199116350683482,-0.8932016037585205
-1.100337792486787,,0.5574993548146041,0.1721528427563056,0.5888189767982293,
0.3887592804901696,,,0.1276059302832743,-0.5273364257768639,0.3174007943905525
-0.7466804480615411,0.9551779886996972,,,1.0557153955823475,-0.2136443945463287
,-1.745837964562464,,0.1138135783164911,-0.2974509017150854,-0.8430156344950207
1.5823053589918588,-0.334483930672783,-0.0678694547222799,0.8227370418773321,-1.1877357754085207,1.2382210570419652
-0.7761550754951738,0.2544981660390618,-0.0689807771278615,-0.255509097229587,0.1548334602760949,0.3799766742879888
,,0.5756175289029258,0.9004390533125457,-0.7977175914664679,0.5755321465448532
0.6009522592462558,-0.390040599058976,0.262464699035677,0.8833638278328229,0.096026087019038,1.180928030933663
0.2653432545855607,3.0895567976790885,2.249572910458701,1.643816227515861,2.2419052396910457,1.706559306821244
,,0.342468564375631,0.0572625576814144,0.6611757424449428,0.4984510364626326
-0.2748220552814979,1.98962077319578,1.453889274550309,1.897798971520932,,-0.5425341444087728
0.3654522747716979,-0.6660172872412283,-0.2128324062601271,0.4128114543855476,,-0.701693434601346
,0.8865564503845252,1.5202113339390653,0.37662911704441,0.1354027701897176,-0.0839348635862283
-0.8982964114610369,-0.5574815754615062,,-1.156687440336588,,0.0825207698435995
0.2176262469456752,0.9591604736365472,,,-0.0156834818354171,1.912134462163923
,,-1.7735122814944442,-0.8798437419234308,,-0.4997570800292276
0.8221143710156112,,-0.5404285457249328,,0.4520198658593142,-0.6953071102143937
0.5007283630745427,-0.6908277532253564,,0.7404403766648331,-1.015354652280796,1.027480993239419
0.3495223567978588,-1.7709161483470377,-1.326557029547372,-1.5406816773756689,-0.5451326569668863,-0.3162308204475748
,-0.8905137077811871,-0.3792923423193323,0.1390769966176917,-1.65311557637078,
-0.543779760198814,0.6985580620283091,-0.5640748667247862,0.1213517413204705,,
0.5409565474254009,0.7504572548907917,0.031436705752972,-0.8775968776468082,1.2214423791777356,-1.482988280290173
0.3404560255230729,,0.7792120713134725,0.3932968766753655,0.7052403490798009,
-0.4572677914372722,-0.4783958475675649,-0.5210306765278135,-0.406896292039496,-0.6305179907085423,1.004005999920366
,-0.1723170965664209,-1.318696550927415,-1.4998219218521316,,-1.5211932160895705
1.072655320221012,1.4837160987651143,,1.3580214922992289,1.663522116847206,0.5356441690104737
-0.5259036218803821,-1.6315636896699726,,,-1.1128719052392355,-0.5576157513301887
,0.4682483036972593,,-0.1394904065504637,0.3317786196607904,-1.3018430120634796
,0.0969010087728952,-0.7250350873950692,,-1.0553616417429836,
-0.6165536363907916,1.989501474173735,0.7779923534004994,0.8748548171865365,2.574500905187055,-1.319540719781433
0.6714103160864535,-0.0490055072689325,0.4936462637260945,,1.3766548809971508,0.271439035841146
1.9391860399733691,-0.7935313440418946,0.1169120484677423,0.1452251835643464,0.6361583849444873,0.4364737668111296
0.2311529527503385,,-0.1484907305738343,,,0.626060844978812
0.0052720510364362,-0.8596071274006978,-0.0948167114324266,0.5759301799006141,0.3052083269893407,0.2420129589388596
0.7026726310803605,0.7057841680725188,1.7258788811345185,1.1783242125487343,-0.0383154110852983,1.7704428256641611
,,-0.8770107945981381,-0.8922477960960058,0.4549651556145379,-0.66358207388122
,,-0.1831063803046113,,-0.8870605257282783,0.0181611187184405
,,-0.8586305798795011,,-0.5959416096370684,1.4420481645467838
,0.4103263360473749,-0.1022176334625361,-0.6957487763779714,,-1.1108467280899552
1.69529108966792,-0.1519008192233727,0.589291574528399,,-0.1810470283121747,-0.5132657722881128
,0.889001073232424,0.6232045900735955,,,0.4248754232061241
-0.6718604122997006,0.696156077621468,-0.150814144405023,0.2551034726998423,,0.7441704439809255
-0.3785648295127777,1.1201565932635047,0.4564384933622722,,0.8386963809588419,
-0.9668659092246196,0.5141409127490031,-0.2052837419084306,-0.6092364764127226,,1.2364521163396751
,,0.0118193902228527,0.2632854566938272,0.2396153205010602,
,,-2.06092303173086,-2.275948407454929,,-1.171258573419443
,,-0.185997814710562,,,0.581978723488379
,0.5471303115699483,-0.1650062192446731,-0.5150706323024639,0.1447620744585528,1.4942927553337366
,-2.0351841076741013,-1.7534852950000346,-1.875745569109708,,-0.9071832438652614
1.2684021966410628,,,-1.6454986455622684,,-0.9273656715145384
0.645498042452971,1.0835782033549604,0.4313343742367712,-0.3433159111269871,0.8988546840068771,0.364079490163635
-1.3098407533886929,1.0117259839411823,0.8311859005980545,0.7519031561216443,0.6441291242954329,-0.2631781036584948
1.1440618898604078,,1.2490851001531855,1.3300456341253155,,1.5161764697205329
0.4589909723331521,-1.7222548139999527,-0.7163056836313515,-0.1994925546020916,-1.5677482477332918,-0.6178683483014493
-0.1124959375157022,0.4233838367899448,-0.437539659463193,-0.3876812441209699,0.220047801577132,-0.0774971673789095
,0.0240563118224861,0.6673625067176114,-0.1561307919173549,,0.4877489525760555
,0.7377032848395053,0.0793498622154654,,0.4258328904908687,
-0.4364896392017873,0.0373364025171803,-0.8584578811553861,-0.2728206734603796,1.0387744369492158,0.3119728420102056
2.2469149631417267,0.4800954425529296,,2.759360073348432,,
-0.1117351764392139,-0.3990325402985386,,,0.4448144043818081,-0.6853728058361719
-0.7202101193693119,0.1407313075027307,-0.20734161047271,,,-0.8345701827517618
,1.2384204815663349,1.656358699750447,1.0645620654089454,1.9193841311720188,0.0074724487604134
,-2.012780968732123,-1.1363487247639987,-1.4035360406162474,-0.7507269858311552,
-1.0230202815951517,-0.0567236240616722,-0.8527580006757012,-1.0655848159021344,-0.2673980961422477,-0.1335352189810534
-0.377937548992446,-1.790145098330006,-1.7291937527567025,-1.645967776162935,-1.65976730079788,-0.5523863591960082
,0.8782752085095563,-0.242455600730566,0.0427746390820927,-0.7195714313701375,-0.5397820934047617
1.816853287433341,,1.0876592295865324,1.4000280981359556,-0.6615019144578008,0.6275561397601024
,0.939345503035134,,-0.1790850598768307,0.7791354669505144,-1.7151506017483484
-1.0042113509939596,,1.2585797988134366,0.7006271258104406,,1.0191638535243206
,,-1.7874474709856945,-1.83121219727753,,-0.1728676578891749
1.500086944388622,-1.201953995369829,-0.1045221110965999,-1.068547988899485,-0.710891138401725,
0.2988452961163496,0.3757138940691937,-0.9727280799511784,-0.5414214170188981,,-0.8066462248748734
0.0247801404002575,-0.1559289948156919,,-0.2704460636594646,-0.4534322435696361,
,,1.4784833965119994,,1.205520926321746,
-1.036872161793866,,,-0.2284769623291375,,-0.8430163483661657
0.5233093843115089,-0.096674727080345,0.2887397025745279,,0.5038893758121126,-0.7789171346006504
-1.2405653617378156,,,,-0.6583428353467626,-0.9397440383753456
0.3814891840881416,-0.6792197817049834,,0.1889933620517637,,
1.4350926272683486,-0.1404364427200372,0.1838377424473456,0.5149168319672515,,-0.4613184561261749
-0.1357003195335514,-1.7214399528372737,,-0.4199782439326383,-0.6300565174457645,0.5676149687081131
,-0.1374126104753057,,0.0047118129458772,-0.4127316892943547,
-0.6426884483872972,2.4937196676325546,0.41175088271241,0.6964124814143684,1.4172194333552162,1.2280628534090186
0.393914348387803,-1.2432140543043595,-1.0157704151617597,-0.9574398891137794,-1.2969484170478671,
-0.9944170192438992,-0.8598929038279526,-1.5807716829132812,-1.918891393479217,-0.2470867553603425,
-2.511450738256372,,,-2.016514911005333,-1.3747973755103589,-0.3889058460541119
0.1489062778321519,0.9102389098946602,0.9464492603093342,,,-0.0286748038348875
0.6325649627161266,1.4816602670436712,1.427103947966636,,,-1.0090761745704393
-0.3359948693631726,1.0963185729802831,0.4284560152743287,0.1508201780960241,1.082990788415937,
-0.7032940833443116,-2.0884760009818994,-2.10785288026012,,-1.829682055671166,-2.037096183996037
,0.6444573221498262,-0.0513223772993581,-0.2117397208287399,0.4360235118674103,0.3745956907256703
0.4684551514562728,1.006817206038219,0.8152418552832259,1.4083053681688038,0.6063230505302297,
1.4978474470231622,-0.0647135913029227,1.012846305016821,0.5756029273010199,-0.249999512905234,
,,0.2232921123355759,,,
0.6408854489653919,-0.294396516594213,0.2215815237850924,,0.7280468252389369,0.4750321607459956
-0.8099028714856282,0.8319232156757987,-0.2494845675558677,0.0041852048820588,1.0627037565620745,-0.071280942292159
-0.6137641815457372,,,0.0264033396075943,,
-2.5045052586107945,0.1084786170333474,-0.9571395053016176,,,0.506315821010194
,-1.7895288176676496,-1.938630430936696,-1.0674642798912626,,-1.2371757902459433
0.209756711980209,0.5689999156819061,,0.8180510245463407,0.5002453458529502,-0.1000092889403475
1.7407977100549874,,1.4923192540110677,,-0.078302025229932,-1.1064923880357904
,-0.9886711210353312,,,-1.3092303757173716,
,-0.0150620791481992,-1.0222787678571776,-0.7337912759192123,0.3851660386994348,-1.0312860146145475
-1.424994217366853,0.4681598834297921,-0.1507816523837696,0.833031905036077,1.1276777006500946,
-0.1358188859103644,-2.3660127458776343,-1.4289441670481893,,-0.7005370371637986,0.4370221365346122
-0.7402071754586095,0.3977193271828254,0.2101748993643049,0.5762094223068894,-0.3221758498159357,1.451509660018409
2.277821512378602,0.342645559315223,1.6982671210906068,0.5661784121214741,1.467272656235884,1.001093464327687
1.3487666336911055,1.2552345198143815,1.2378249367334404,0.5854432065457356,0.4834105305479365,
0.1962248683595417,0.4365004759356831,,0.5546235754136656,0.1354832961869,0.1697666302083619
0.1141832504788399,0.5909957407733325,,,0.8940409606237428,-0.1547727139721934
,-0.1168442861558927,-1.3176332703972848,-0.8729217403779026,-0.7627882980188844,-0.7938181057922962
0.0197980750834855,,,,,
-0.423359476782511,-0.9333161266903928,-0.1560708703695839,1.4208724986326091,,1.878367688767684
,-0.9952440281130844,,,-1.783817279719361,-1.999001510354432
,,-0.2295765853852619,0.3534926106904187,-0.0169520020258385,1.1812229066641526
-1.1047344119752454,,-0.4900921263191238,,-0.4848272238427621,0.1564287437894281
1.1309612436526426,-0.3834591556034182,0.1629440133266133,,-0.8590130233908567,-1.0291672780752774
-0.6789167924425922,,-0.4011367086356691,0.1087386321374141,-0.5650677945554177,
0.220218977508743,,,,-0.7976753612420547,-0.7539771170018686
0.5963057007289193,,,1.2824506278330854,,1.917095765319501
1.9525257215057463,,1.3052578978874534,0.5657317645789064,0.3682587837889731,0.3182875696861922
0.045982886893795,1.075419095962496,-0.6072046479887753,0.6011940370590726,1.0754886578111404,2.361900905692393
0.2848263399385162,-2.3716498992864627,-2.2332569173879167,-2.509786025097402,-1.7631936503838777,-1.7012492787077649
,0.6661465899646171,2.004449039407369,1.404485744784108,1.0628926650851718,1.2887556709236605
,1.8039282673646104,1.399263549939392,1.3818019974362084,2.149266123843057,
,-0.8860281559899762,-1.4819311001343745,,,-1.3576972594423715
0.1590827681746953,,-1.328210893725163,-1.3189399670897586,,
1.42436566833489,0.3760616849371181,1.6106034784483376,1.3607734301376817,0.6395007401058461,1.3361931816815211
-1.4733965154140212,-0.6160746968671703,-1.358793649863392,-1.6058249756471334,,-0.5699361868160958
0.6106067654202667,0.6011322224968472,1.2387167412461797,,0.6488599360488653,1.3250177021131488
-3.365797718446942,-2.30347568546946,,-2.7855104651707503,-1.3474660738934063,-2.8286967347628766
-0.0548474028920877,0.2317816297020842,,-0.6379740375231754,,-0.6512270681872667
,,-0.3334235273567111,0.2314682359707179,0.1909615241625202,0.958618593257472
0.5300445792800714,,0.7041377398776787,0.2982391261307438,-0.1204611415275053,0.0282508336072888
,-0.6499199142509776,-0.6759110486526988,-0.1719564096913605,,0.7884252043928631
-0.0762905697147597,-1.1975330049565758,-0.7072102124207819,,-1.55410353265139,0.1939881128949627
0.9365402756967828,0.365011814904205,0.7378428824569662,0.7845013791353637,0.8471430285364803,2.545849217389226
,-0.2577205450740034,-0.2334479170694016,-0.3424849067260307,0.3453516291725325,0.9932162776838164
-1.0592090876278313,-0.5380845331662395,-1.9452122446222757,-1.899573080172212,,-0.5569997735437762
-1.6731242647968334,0.0965163603057359,-0.7273040933383299,,-1.0343535262546448,
,1.1369825149049593,,0.9515185422205736,,
2.1798872066775306,,,2.4191175908577045,0.6446624315133933,2.2478302974984885
0.6709092937626021,,0.5026130372534571,-0.7066954599940247,0.6119222268991106,-0.347492094265258
,,-0.0779646996329878,-0.0049439860512794,-0.6995715203666583,1.3074669687860596
,1.1281833825528378,,0.1919717535890681,0.0522899099095661,
1.071362289306292,,1.9724368826418752,,,0.6364418421538101
1.4449861869151914,-0.9675261694206948,-0.2677180321600065,,,0.4919120244062944
-0.5636960462421571,-1.0280837564671783,-1.0347655126472424,-0.4500707162609254,-0.3746700797310372,
,0.5266309099050708,-0.4109727969127166,0.2910540550397916,0.1920363144748252,
-1.5359069271449617,-0.8425057077760768,,-1.1511388146509776,-1.4595147016222787,-1.6893421289375314
-1.5844321398288417,,-0.6368763568831555,,0.4100924227348427,
,-2.4528662815518514,-1.1040331399759735,-0.0879516036579428,,
,-1.3495897350479782,0.5905726237189081,,-0.1724614314734235,-0.1131463045087554
,-0.7208555028078423,,,1.0368067002182757,
1.576439297756349,0.8533404546135794,,1.8565926413449916,,
-0.0269864257286489,-0.1601851802976222,-0.1259858660672866,0.8300657745021846,0.1640888784335034,-0.4842629607475332
-0.3393112694364958,,0.2042548396499693,0.9920495200982652,1.1750807401430206,
,0.7644737222819542,-0.6298130129145707,-0.6201107145296663,0.0659846473888586,-1.598317685906292
-0.0983628435520811,0.5902601370066819,-0.230807110297809,0.449498089503174,0.4320667489042862,1.8783942601581207
2.208104779890799,-1.2001177291916525,0.408068322598609,-0.3011935532640448,-0.3357313609979186,-1.3862537749444743
,0.6394057270396659,,1.0192751157043465,0.2551726304554041,0.9997710888248218
0.7988939275267793,0.3287451229520913,1.0454509567768566,0.4205745769211613,,0.4624212055383002
1.5652037574400226,,,,0.8677909764115961,
-0.7708370493081234,-0.6934592430188921,0.1997961647576025,-0.3140107060377903,,-0.913645516786298
2.321067983859665,-0.551585056574883,0.673701713237915,0.4945748830312662,0.2724795766863198,1.7753951884769916
,-2.589711408573912,,-1.23305279076443,-2.026713061487789,-0.953750640904684
0.7837975222918185,1.7539940914247087,1.137339466335607,0.524196869621723,1.4629711523773872,0.6485194095680248
1.493981155360856,-0.964536410463694,,,-0.2836121612934681,-1.5169212422552316
0.2149058862264282,0.7273225804075303,,0.4470021549151728,,1.39312307209581
,1.1062003220644112,1.422790207996016,2.825249887690812,0.7136365690620653,1.315891574734692
-0.3837948388234029,,-0.3410438034904126,0.5007044250859384,-0.4783046751461996,0.7439622656789007
-0.4625098925427,,,0.2768148623207809,1.1129924787858412,1.0102748948023552
0.229159465989486,-0.1218440349867873,0.7333324450876776,0.3018007590678664,,
-0.2907998351358616,,0.0145503612382812,-0.5015432651556192,,0.1704056854850062
-0.085276500514897,0.3852935711037852,0.2262235958369418,,-0.1580836480992193,-0.8192195008220567
,-0.2483372941037224,0.7841706794067144,0.926578489639464,,0.7325699639153208
,-0.4941901867550765,,-0.6128913153489284,-0.8771910544225954,0.465083161110618
0.1732431693444455,,1.71712769541985,2.4716194449926987,1.3555854660526636,-0.2719775314232706
,-1.2637292669159017,-2.00517341947002,,,-0.0283156606341153
,0.0785582601940497,,-0.0525858714928488,-0.2680957195856648,-2.2190905752807364
,-0.731236638183197,-0.2870879673369292,-0.9475296724327268,-0.3918511022969251,
0.3024201900749116,-0.4789962480893359,-0.6983493752721067,0.0789299515160053,-0.6824812250848006,
,0.7959626278126234,1.4930309313464531,1.3489149188735323,1.0987327337049655,
0.4952856073475568,0.5509144539053806,-0.2365889640410003,0.4182939163582738,,0.4830333379858642
,-0.1113916986064459,0.2907993152190389,-0.5058343160626153,,-1.205232157832838
0.4354094409757255,-1.9927491596998916,,-0.8575024902953132,-0.9449061505919724,-0.2040230840031114
-0.6363654725277789,-0.0481547042217951,-0.123173948966694,0.4972322355661061,-0.0863279048924603,
1.6046987586080603,-1.2517742716068652,,,-0.8221441671129919,
1.160072075584858,0.0880720567776676,0.7465850401372751,-0.2670992584559774,-0.4427703951293031,-0.4270327884757631
-0.7275630185748561,-0.5772715496592529,-0.8713472070055642,-1.2036959237377505,,-0.6879070181749931
-0.1385386449929833,-1.8513889323601744,-2.066192736638501,-1.054560055334714,-0.6346379148925322,-1.3441574533097222
,-0.2643808063299416,0.3510607281464004,0.3489866606164821,-0.2206973462024817,1.4147929892766524
0.4380230346230568,0.3629184412106725,0.7542534445377822,,1.5551476829351485,-0.6815904059263866
0.020187436972783,2.5976567068366903,1.671952566658674,0.8339587761145241,,0.785095688724779
-1.1125278243201284,-1.954870518600472,-2.0984513177656723,,,-0.1641259449440317
1.0429430567027482,,,2.402902602783194,1.5667518171121424,
0.4979224252264891,-0.6041309220348613,0.3306861712041997,0.3615584373317715,0.0802564225491939,
-0.28291491943241,0.6294743228436961,1.1772074990984225,1.448241346332597,0.6070488291459873,
-0.3704669854127977,0.4071606911828325,,-1.0866372491592913,0.7513492553356064,-1.2824495432591356
-0.9928739544146732,-0.763723263239596,-1.7923569294768311,-1.8002258770561923,-1.4618749033262166,-1.5537726494770492
-1.6086921001340388,1.330898260628325,-0.3663667275630911,-0.2425195744167177,0.5382246898870257,0.0209040762144439
0.0870044261433436,,-0.0769190999185504,-0.1056923820038581,-0.2080408003930731,0.6155031251652607
,-0.8272597163250208,0.5926871199046471,,-0.015270718953329,0.4792183169774063
0.9730178912437144,,0.0723301710253884,0.3312159545033518,-0.4024079973269005,-0.3621826105819804
,,-0.7845726807765133,-0.3984944045664336,-0.7951549520820547,
,0.5898601315143341,,1.0724540454701044,0.9749244654066344,0.8830986134190607
0.0165085924242032,-0.1756632456078244,,,,
-1.456228132713968,-0.8807987592138258,-1.3955059586619551,0.1566370003427716,,-1.3747574701065997
-1.9907570900277196,0.7689344639299501,-0.2573557310513294,-0.770953645035828,,-0.3717817951938945
1.0794526185169055,-0.6121614038974422,0.6055365320220312,0.8108077985718293,0.1728926995833556,0.2298912162060833
-1.0655553588626565,1.452995042166191,0.4724969663198493,,0.3970068723371759,-0.95044793195438
,,,-0.2174405184975768,-0.5568725469308342,
-0.090580465444124,-1.1844872029976234,-0.3245935418027427,,,-0.0367471187129583
,-0.6755373982766627,,-0.1421543567822652,,-0.8227910316556963
-0.0557938741781127,-0.3562385342962417,-0.8637319418885729,-0.8527822744674921,-0.5704214802994123,0.4314028926950843
1.6041391152302862,0.2973162371897304,1.0913600445009517,,-0.1134052319615476,1.2590965766288422
0.1693493319459055,-1.983055279007919,-2.0163699387493543,-2.7934256565785254,-2.770129191145016,-1.6139810668702668
-0.2711871370631855,0.6985529673949351,,0.4276981150199381,0.5572918507398843,
,0.2594600873507576,,,1.070342033539667,-0.5565975927976785
1.1467635453744518,,1.785948068002438,,1.367538881923332,1.7716571708968558
0.3254720016795926,-2.4472777544888307,-1.7317404659877536,-0.9210566739799136,-1.898752452599188,
-0.5437634339084217,,-1.7437744972908078,-1.0555311122782312,,
-1.9663408251169503,1.3261891756885409,-0.3992598509700432,,0.8336066119888713,
,-0.8635347635990528,,,0.1530137991617475,0.1242823990853501
-0.5255981554963749,,,,0.5869223112048343,
-0.3884825125018851,-0.6101330380733371,-0.77389203114809,-0.0892282934625041,0.0248921112919031,
0.4533092599279166,1.2312776425925862,,0.9122352836133526,,1.7622149300200425
0.4426184205541342,0.493126309966063,1.0079905344639513,0.7874985236750098,,
,,,0.8206016086502789,0.1709460089144955,-0.9336832641514804
,,,-0.703229045540575,-1.4775388981053046,0.3382784500033021
-1.1474018771012662,0.0472164812294636,-0.8289269300262828,,-0.8113355302193517,1.1002422182849063
,,0.900947744577461,1.065620578057742,1.0371714687138591,0.4759363494083259
1.6150887291080451,-1.1844706365441338,0.4605203030638987,0.7650326629517127,-0.4852296086572495,0.71198981590772
,-0.3914977488743786,0.122150627263363,-0.4933935977430763,-1.4673462712019787,-1.4017812483273695
,-0.0138101095753957,-1.0855538174749468,-1.3370034376196387,0.5591358781489318,-0.2189171064285592
-0.985912038660722,-0.0036665766428395,-1.585309031407278,-1.3575147648139585,-0.665179183890843,-1.4049724987015615
,1.3991362689463696,,,1.3231686172217396,1.2712728216532234
,-0.2364316497191803,1.092180507732632,0.3186201320356911,-0.8718466260476777,0.3320113021077985
0.8869020804799939,-0.5484883955002772,,0.4905295696478122,,-0.6401308425281257
,2.3498362740201384,2.4684649712005458,2.357838943762617,2.248698648405088,0.9686550213763292
,-1.516826331215881,-0.7202834881774945,-0.9118164345578764,,
-2.088738454938927,,-0.9599907467523752,,-0.0414117145860462,-1.2419701719877092
0.2209769698860067,,1.246501189837856,0.95007248299845,,-0.031842009541138
-0.3213818045786807,,,-1.4466802996896295,-0.9525553582061214,-0.1669546580971904
-1.8427195482001488,,,,-0.0148917850007822,-0.8707733344102352
0.4715268193897937,-0.6498376986630943,0.243672378618412,,-1.3235336698278009,0.9549896799602968
,1.0622377638425693,0.8949122693491866,0.7256858007058179,1.7082494855322226,1.3710230085422093
,-0.4279771002056382,-0.4687591476457643,-1.0707273344125507,-1.5395911862550715,-1.1277300056004578
0.0674562753099508,,0.2160702742715689,0.6580822943200327,,0.7207595615679917
,,,-0.832894140669736,-0.4925963185083326,-1.2842178388123229
-1.67891938824962,,,-1.29071857263148,,
-0.1122744830459474,,-0.1604708084221345,0.7935645283847772,0.6467763891951087,1.9091008785106536
,-0.8955959017675533,-1.982804083420609,-1.4173391490566136,-0.968092127613464,0.3926666048450611
0.5745069639129021,-0.5206903289339373,0.4978049365076946,-0.3834596071582546,,
-1.913721622592748,-0.5370505557783324,,-0.0346621117809725,-1.187318288944439,-0.5326086171901033
0.4112082751545935,-0.6043689648136292,-0.1547558680916241,,-0.2972070484830634,-0.7748238087482222
-0.3088695555690828,-0.7317694759484008,-0.7191968082467624,,-0.6415802346628064,-0.4307190354352583
-0.6096371925467512,-0.4240805607559283,-0.5909039498888418,-0.1974061033607537,,
,1.3208294631884905,0.6218284942048732,,1.508789588274251,
1.217535354241611,1.30315528971459,,,2.114095428284766,0.7634545538068098
0.9957278280275916,-0.1149343143372955,0.5445280476231034,0.2477148060182401,0.767510060203003,0.3829106650304082
-0.0026132964515662,1.188886007764992,0.9413728317980838,,2.3016034876535305,1.77586224628824
2.0005378345573157,0.1672989192462348,,,1.8554382251629613,
-0.2847068417111483,,0.2935629003090096,,,
0.852494458858454,-0.8961896059284378,,0.4499451151019345,-0.2126013977037726,0.8538837102021329
-0.1781462033829383,,,,0.3417835647120597,-0.236523769100118
-1.3569054940505365,-0.6615249282296743,-0.5480882872119585,-1.1284383893433387,-0.435478881970711,-1.1158497523531117
,,-0.8343822483520752,-1.6455532363539556,-0.7613229789028487,-1.2520319025790672
-0.4630398629747425,,0.2907818517670579,-0.8516016404806358,-0.1689838080680928,
,0.1470600889286933,-0.1539752540914807,0.1039473896934453,-0.6430529848789378,0.4368323613191107
,,,0.693371874860338,,-1.103614586876642
1.08905234677453,-0.3714425363466191,-0.170756340644121,-0.8044071824850598,0.7942022543441244,-0.8477442933137962
1.0785706511767377,-1.3022312330744408,,0.1565017704773477,-0.955176107217246,0.0434796775013667
,,0.7574859849268079,0.4700363947103501,,0.3520983312731877
-0.588388326495505,0.9891911745568788,0.0316095862295344,-0.0294298976008016,0.1317768622640792,0.8672368820252235
-0.5072592702825829,1.0256988694097595,0.714081347480208,0.5595214997816313,0.5363492991320618,
1.1316023309141434,-0.2977566544861955,-0.2761941852480888,-0.1293806847244097,-0.7065985873646607,1.503922054653232
0.8492053792417413,0.1217338906454389,,0.3677771204616795,,-0.3035102613611969
,-0.998592480257155,-1.189866093445116,-0.0663872842149822,-0.8506178881303496,-1.9415304065297372
-0.8109510687749487,-1.0598909648622667,-1.3587967514537909,,1.7472611939988822,0.5022720957977608
0.1204585982991388,0.8978856534950904,0.0921046793124267,-0.2635835262959099,1.0485484496959956,0.6189741417302602
1.568959829928463,,2.087648656878598,1.784633647342179,,
-0.936294701110541,,-0.2034161024422708,-0.4536351116241413,0.4887912676602862,
,-1.6374489302476654,,-0.9651485156448842,,-1.803953590228014
-0.6476842522771583,1.014517797254488,,-0.1796153772190858,0.8336822763381162,-0.3031407844026431
-1.9170496409723068,0.3278465851935092,-0.7571395814403689,-0.2669406793365784,-0.0428797414203158,
,,,-0.0083511047280432,0.0952689583014996,-0.0790758305043158
0.8383211334550161,,,0.2775084481593672,0.3277818646070042,
,-0.2953300079175882,-0.1883003502182359,,0.381004037730695,0.2202485907619256
0.369697582111316,-0.1643631485723297,-0.1903476663438867,0.0015295659676973,0.5392100436058997,-0.0986806919275627
0.585935399886085,-0.2569052926794696,0.1768218865520507,1.086925620711817,,0.0124517451841548
0.0222480467415652,0.5582741280173945,0.4067931166693509,0.3342436603754801,-0.127429196421894,0.5807967956369313
-1.2865058032733054,0.3257291008346938,-0.6049554793535362,-0.4155361091539293,-0.4426198654000393,-1.1727222299091329
,0.6881290947659199,2.0196167966133736,1.955579281751744,1.304996818340847,0.7776498421656224
-0.0896897251437377,,,-0.7946752598116319,-0.517128566731915,
1.0924451430926667,-1.0491043031264276,0.5726428310975009,0.0683125848646595,0.096038376112306,0.2456430570133062
-1.2507217630928027,0.921575521547766,-1.2206937699918103,-1.043631959686558,0.8632471447997692,-0.3047144639939911
-1.967495104771249,-1.9712686538589648,,-3.1429621600356974,-3.092039321788868,-2.956332925743759
0.98161577291417,,0.0716120508325431,0.2694285796924866,0.0869615645524586,-0.0860273717440581
,0.6588331487859274,-0.005031000573071,0.9713116375459796,-0.1262023591703484,
0.1778865090908345,,0.1868801846778757,-0.6901183086253502,-0.0917771165471271,-0.5771441169037055
-0.9085159124909408,,-0.6975412315015919,,,
0.4373158825127957,-0.1558499600181937,0.6942591495682775,-0.3770666767737955,-0.2103329776946303,
-1.2994718689550977,,-0.7517175819913456,-0.5183586036057989,-0.6716975992617229,1.166485133421741
0.5595545306937938,,0.0193182914718781,1.154271528766116,,
2.3237333296072387,0.044727676704541,1.002415479771677,0.5670126205436077,0.2536918585403666,0.6455696788136529
0.0009708793775533,0.4405598194685242,0.9963817413105068,0.414267284447805,-0.116081962209494,0.8399856509075465
1.4149579157307892,0.4605351679727391,1.934754863339212,,1.0216697911564288,2.6578340559277938
1.5312802778678056,-0.3139606495510383,,0.2654393638104917,0.022347336107566,0.0577409945870323
-0.4265482663296862,-1.3343277821212003,-1.559335363982748,,-1.194469245559588,
0.7371146620971769,-1.1572162271832025,,0.3609861724403471,-0.9811583650219964,-0.2211072463253217
-0.2070830428772897,0.1362480005612061,-0.9457803865976188,-0.9566955523608596,,-0.3239044539802547
-0.4041675977352755,1.5039816553623662,0.2399996151386304,0.6861244166492171,,1.8365926634149836
0.7107207170925188,-0.0661555747453834,1.0212988918533787,,0.6284988705609748,
0.2627018556925795,1.0527378617442549,,0.4297572491586849,0.4437761338831136,
0.6185799757390363,,-0.2981430484790524,-0.7445259872399922,0.3958694354438466,1.2053477083514486
-0.3515117317494683,-0.3739900643933873,-0.5815695008372368,-1.132307828274314,,0.3689238487684432
0.5050442994471456,-1.039513922985491,-0.2411204483502483,,,1.0990275815934345
0.9847839375605274,,0.5475296892123727,0.6083702756981315,,2.197160101255625
0.1583228652653195,-0.2396295358421104,,-0.1670825731170551,,-0.0716469434738188
0.6594855894516239,,1.1969447905761943,1.2356966557321074,0.6562529398290236,0.8670596021405796
-1.988055889868092,-1.1246168331192368,-1.9015972638738168,,-2.0995788566890488,-1.8411511428682223
0.4258125607059146,2.080296874601556,1.021613216995238,,,-0.0164102398991898
-2.444769941722398,-0.4603428876889368,-2.621239868926665,-2.0586735803642164,-0.3366022592840644,-0.1992516698327249
-0.6654618524458226,0.5539586219249562,0.2397662687142794,0.0071580111133451,-0.4778109948001435,0.1763124999316456
,-0.3703013960647877,,0.3708235220147211,0.1889164587195674,
-0.3578397620626745,,0.594913183952298,-0.6196884728213854,,-1.1450506283632231
-1.3489736151067178,0.2577564580088884,-0.3715205288413863,-0.1836600767742024,0.2650639922467206,0.8834223989713618
0.4485343752067846,,-0.1190393126098859,-0.5710018406724863,,-0.7561233586354499
1.0379821660837556,-1.7031104995968338,-0.803022872515828,-0.4587109118977578,-1.7452215709076866,0.936128924877725
-0.4654085497378735,1.640673213502798,,,1.0378062957286938,-0.5653394336759568
0.705579360440538,-1.011056610018964,,-1.263396160014041,-1.6568707229780375,-3.2501202867369416
1.5961767342577973,1.934985818417235,1.9427914009167768,0.61982711335832,,-0.0253487086693942
-0.6282694148735608,,-0.4242188145730739,-0.7990464608955169,0.7467216402846488,-0.2051570367219363
-0.7828281543575459,1.4441738344238113,0.8406582180844323,,2.5764601420943234,-1.2242940823032529
1.790425971027764,0.4466055218099085,1.6136994709960606,1.7905113513670596,1.0472009029594955,
,-1.0247493747519207,0.7464504760964291,1.396173183503365,0.0424563918755639,0.6175830007162549
,-0.4668143586659268,,,0.4553266997099631,
-1.6526294221804203,-0.291203124358697,-1.205952126835597,-0.8893104750642622,,-0.0611168203772864
2.344601936373309,-0.4649541357006879,1.258275420110492,2.2093834861256734,0.7441268658612034,
0.076004138451485,-0.4745998589988258,-0.1729071347300823,-0.0254578611462676,-0.0620522674131157,-0.9112545774317606
0.7111027918438753,-0.5172281958651683,0.3584290845728189,1.1995825067706138,0.0992896115679417,
,,,1.847447845510522,,
-0.3466635194452775,,0.1869387658886357,-0.2249558488572871,-0.0905083181106144,-0.4467423815010482
-1.4053589071428283,-0.0371242886942167,-0.8184835503523729,,-0.2505456250307037,0.7796358969058498
-1.1608461695569638,,-1.8462679134578064,,,-0.0730777135103281
-0.8349416731090858,-0.2662467723997532,-0.4010312894439388,-0.9052600868325648,0.2429563802346668,-1.1132637774665204
-0.8088384290207639,-0.0953171012519769,0.0013511255983857,-0.6019834113087772,,-0.5744057749764994
,1.2571353819469562,0.2500132090150511,-0.0406156759536925,,0.3533662420516321
,-0.4868992937757596,-0.6317662270115637,-0.7433816088781356,,-0.2281064484317026
0.8416824162184257,-0.4390616378215148,0.3702247642830234,0.1858169172095788,-0.1759525530379229,0.342317712183511
,,0.0698135024295038,0.1501290212377315,1.0489611086726156,1.3832332462694867
,,0.2818949645340316,,-0.4593095315458079,0.8860721310999672
,1.221720997646116,2.1402997123563896,0.7628183540969408,1.1875160673322074,
-2.47454824405167,0.1683302635618662,-1.194978603247766,-0.5487597323431285,0.1135271063210371,0.4927689839834461
0.2456026557545798,0.1751631399540218,0.8568315511283016,1.146907463377437,0.2415101705573457,-0.1656586395660992
0.856543055677999,0.420842920359649,0.7504997510731832,0.5421914374960863,1.0245177412685913,1.244967844132692
,1.1422882275585653,,-0.2690008545746115,0.4248365136243054,-0.1897690973332851
-2.053137091003648,-0.0834973209746512,-1.7041754217224978,-1.921680119298164,-1.007096696940409,-1.3640653487614236
-0.7818994136763968,1.210073393672609,0.4615362480025576,1.0442360366485932,2.1177499540608697,-0.4090141981058347
0.1129994643492097,,,-1.109629293105067,-1.9654728375010853,2.0342728280570683
,,-0.0964920746272978,0.4901642496640295,,
0.4344629305272957,,0.1891941042794859,-0.4468654094999016,-0.8681973735862996,
-0.4226259680161899,1.251727019824877,,0.231319448203674,0.7939232957417435,
-1.102823256361765,,,-0.71343355882789,-1.1728111579482112,-0.8288510302553116
-0.7975088658802034,-0.0554791641472329,-0.2833102551032451,-1.135902924655916,-1.163740144444475,0.4455221264840464
-1.250898417626202,0.4938468778179496,-0.1486674176346775,-0.427551036740777,0.2503505851626996,
-0.1497756137138702,0.6076422042769206,0.5350768641672853,0.0792436904799054,-0.1457487065740414,1.5308970166400866
0.6957178763786483,0.3156439162308935,,0.5270428426753176,0.7244616682279311,0.2876871667231174
-0.3597414967781027,0.8938426577841736,0.6174585838486332,0.6920679938271316,-0.4440849085145782,
0.359111534742177,,1.346840724877827,0.0673764747841551,1.1932957925670389,-1.874678734676688
-0.535387971364864,-1.1458575854915756,,0.4973756894539852,-0.5390759246733954,-0.7847637772339446
0.0379423694847467,,,0.0200050363585572,1.1050618999078878,0.4908795944157956
,0.3308722528061252,0.1037891517176223,-0.7911430538587437,,-0.2575739431298179
,-0.4076157834944126,-1.617551346914562,,-0.6227367055877702,
0.9808408786044476,0.1379481523449271,,1.0397347526048788,-0.1218643073682585,
,-1.5080845215372407,-0.2500046730038284,-0.7130006251973728,-1.1729916730173182,-0.6390886668170774
,-1.582221082351131,-2.0319423763074065,-0.7066462063068752,-1.4861264802024607,-0.4863120619167568
-0.6869911706936559,0.583778459086068,0.4617388290803567,0.9398404920979224,1.6303821913156509,
,-0.156552043500643,-0.3823248150976779,0.6790363132810571,,-0.0017707072294617
-1.4505543182465093,,-0.437629939031322,-0.081314517729691,-0.1576541590128744,-0.8948488597745553
-1.104898040839817,-1.3967380118921309,-0.5185711618363961,-1.631616930183156,-0.541607012278634,-1.3998524480618086
-0.5426813663172128,1.2221170673726651,0.693151934904697,0.486636982604993,1.175560733894666,0.2429764025241545
-1.6325706586270885,0.4648238798592101,,,-0.0669312698915178,-1.213030346885014
,,,-0.8042498745141721,-1.0951690035414274,-0.5924254558188781
0.8549815150569567,-0.938648512999881,,-0.9550463468192488,-1.136191860454488,
-0.2910084913937554,-1.5103084684386376,,-0.869035653165138,-0.8855805514500741,
,-0.0714156476149371,-0.547515561758834,-0.8822744019004095,0.101976056875791,-0.4755316399388715
-0.2441366495465087,-0.218710821489618,-0.1995291156319373,-0.1112741320784027,-0.1164608566801694,
1.597254396031165,,-0.5824864551704958,-0.7487527603372336,-0.6627716074162224,-0.8381488752127958
0.7082383367700522,-0.5974014571505788,0.0379664115456938,,-1.0917827865548109,
-1.734741936725562,1.343050532669657,0.0897121663175702,0.9520600179254556,1.7897840335296262,-0.5606727707280824
,-1.8216950985814289,-1.6628348453588802,-1.6204033762972974,-0.9096734024140152,-0.7873721252862853
,,,-0.5089719446639719,0.2655477291286047,-0.8715411527937535
-1.562343695323394,-0.3747719312834099,-1.0478133021936182,,-0.8622560993841564,-1.0234314446173127
1.0231207217188425,0.5658691931888955,0.5449168295259921,0.3212733848811389,,-0.1943751435312284
-0.1077337464054981,-1.9959156038849537,,,,-1.053709219618028
-1.128502080124212,-0.5130239858712032,-0.5476842316697458,-0.1730173778002215,0.041809056684065,
,0.6699652730013022,,-0.668235458470306,0.0591580518652078,-0.0687720064284405
-1.2773479452389611,1.6202663262353296,-0.2252725848021217,0.728274777468744,1.0042920463985965,-0.0801661929993131
0.5447546361692996,-0.3583779482608928,0.1403649992521522,,-1.061440811137606,0.6960891386172007
-0.5562611064968483,-1.172388351544551,-1.3618053673228654,,-2.0085524755776585,-0.4124854719899463
-0.7861749550032404,0.0817090223057308,,,-0.3049429607596388,-0.4185645045966059
-0.8565062408799751,,-1.026175385131266,,-1.1820222366268067,-1.0358992102609517
0.1225821811433595,1.1749279320513333,,1.3305953164226951,,0.3254003745836555
0.2305608545994656,0.5045799496307144,1.8350902394335908,2.0961331981283644,,0.2924336986149441
-0.9442928866202064,-0.6821713349164411,-0.4308259595788816,,0.1369514228642081,
-2.241673132293972,,-1.216868743231286,-0.7530711586965477,-0.6593794246177672,0.0820745629421316
,-2.217070538642023,-1.8566371889824824,,,-0.3648679609180021
-0.4565681392059726,,,-1.062091665756978,-0.9060689792770242,-0.1861062905616572
0.1198289785679033,0.5738740306930656,0.6982647743638087,1.1534923803350254,0.6429383324057004,
-0.3523010144750704,-0.4330933936674054,-0.0557986387114852,0.10758666753121,,0.5068706352076483
0.1862508761138976,-0.1390877966052343,,-0.4682798311426604,0.2223724289341687,0.8927434668839138
0.9194775647849284,,1.984016500548424,1.9307320124874177,,1.5193281520323922
-0.7170375037171902,-0.0561233576445028,-0.9106921996540148,-0.8328064645277536,0.0600378289533248,
-0.4408178480902558,0.5406011927398492,,0.6507107091152958,0.6476619175173521,0.3934925000392419
,-1.3156740996123255,,-1.2619748240959383,0.3939511819988225,-1.9586105751586984
-0.617957393467218,0.0897210938827901,-0.2895757474777235,-0.7300016792506193,,0.2443482195669968
0.3002542065922481,1.5219460562681888,,0.4824429622593568,1.4471631729710124,
,-0.2113638603977339,0.3964856868682096,0.3413230303917769,-0.0537667391572431,
1.505572360719744,,1.426387006471336,,-1.54825301595159,-0.8096940910891284
0.4752554913895457,,,1.218803641051358,-0.2902577872693382,1.6745686102157271
-0.1664692558980356,-0.691387183576737,,,,-0.6800356568430228
-1.401882958925489,,-0.9175546061107556,-0.8586809781075273,,
1.0661518656339295,,2.145053194765559,1.8940242181618012,2.127582361606433,
,-0.4362326895165425,-1.331327558856233,-0.9680331826945942,-1.0389174664249927,0.9160946259222632
,0.645540303779406,,0.4307645339550244,0.6625772784344913,1.473494421078692
2.5105242942014367,0.4963712955146308,1.2625786823789542,,0.330011410809315,2.357982111438793
-0.3753071362091753,1.553230907169868,1.5978260132294309,1.2374184418712977,1.6547621999146518,0.5710325790564634
,-0.6759314193262508,-0.0907900013631929,-1.3711255309736932,-0.8539768232277472,-1.2369504991438098
-0.2807228865837938,-1.9541948700424312,,-1.6531803170632131,-1.325784167812986,0.2778254169202125
0.9979078633535158,1.654001594016068,0.93925193808416,,,
,0.7200735217027857,0.1501559566958073,,-0.5951033022442093,-0.395952686420487
1.0511619058662316,0.0558357748603603,,0.0150092848213513,0.2552676466293251,1.1690976470059664
,0.0586693605820246,-0.5908419904811877,0.5746458395941796,-0.0988649468200588,0.8194487386845098
0.4913461106157629,0.6156621061870714,,0.2593864032275141,1.2354707062312809,0.8727228991316495
0.2502394825953158,,0.2078058311218716,0.4436607406590866,0.534967032682345,-0.7598426918930326
0.470836400157814,1.4054867553582016,1.49569181422078,0.7789382522481277,1.6692132213170086,-0.0588401162033319
-1.612470712371178,0.0148281773288128,-1.295188833341127,,,0.7169674353596042
0.1781695598631137,-0.6146414206805201,-0.4660953092431801,-0.8929034298143279,,1.6369381345979868
0.2866650190335977,0.3248894431186947,0.2087174279386284,-0.8270224484595495,,-0.9355244943235824
0.7963405604460957,0.6842886269346788,,1.1261410835118328,1.159340679566126,0.0369458751608103
1.0116646617509153,-1.9516927760741325,-0.7121071679282741,-1.430964411552227,-0.6127393375318844,-1.7616899226822242
-1.051209906325926,,-0.917249996829194,-0.6678719410621876,,
-1.556090979008177,,,-1.542978681463364,,-1.3164305037466129
,0.0987457703181775,1.22949561935978,0.9464878861582164,-0.5911182122294764,1.284416699783799
-0.6873421708296812,,,-0.4359862172719657,,-0.6528748921176304
1.3247534661888944,1.893720572592748,,0.983736595684202,1.4503548637897816,1.1040483527109497
,-0.1126174534180249,1.2817118741889202,,1.2221509455931794,0.4316963899224733
0.8755800752791272,-0.9682296965727386,-0.2704492591559442,0.878745229616545,-0.4461209268219723,0.5253143660264544
,-1.0266652403855718,-0.111143428015875,-0.2372102017964795,-1.140704464842771,1.305997918415076
-0.2578115160159797,0.2004066763022557,-0.2839668913349493,-0.1745165684706905,0.7044891741936741,0.49536757009634
0.1211254119080324,0.5402872090029593,,0.1338947022320065,-0.3645302233431875,0.5902693811186105
0.8079340019867859,,0.9647394668877568,0.2447810943807962,0.0310160977603755,-1.027095131131491
-0.5420703109185284,0.7823161320434636,,,-0.0366441579711494,-1.0491251437656246
-0.723104704851785,0.0750094595562905,,0.4796074977801943,0.3359660720765559,1.029194264729586
-0.396178037390107,-0.3587147060500232,-0.4875051795373095,-0.4938403230341133,-0.2663064640502138,-0.3751432995586972
,,-1.4842817639049948,-0.4898592108213584,-0.1976594627202658,-0.3120501781066382
0.6339127365319168,-0.2476079883616856,-0.0012210620626321,-1.0279861232907406,-0.9818608768022088,
-0.0679755398150841,1.171565770039548,0.12745544645735,0.5119718635576852,1.6548067869672674,1.0913121746526957
1.5218632840869302,0.8745916605948361,1.3304556331467228,,0.5691378974540952,1.88356166862994
0.4375121431451845,-1.3493031644340825,,-0.9303803350604064,,1.8170705082001728
,-1.0277503158720818,,-0.3516631215607767,0.0909211233453668,-0.0534903447707161
0.9999846739320803,0.2326177934139442,0.7057679900711387,,1.3274763240210656,1.2469887152121977
0.5290507373896723,0.8112921346765168,0.4440315212961396,0.7530863474042686,-0.0129964336022077,0.1832143704564379
1.2625660545392197,0.096417868756782,0.6187966115471845,0.883220526251093,0.423202603884166,1.151855048102931
,-0.3478155202116526,-0.8317849787972514,-0.7958029482208355,-0.4249067271634171,0.6373362861861485
1.0573588800829978,0.5851916920768125,1.3179382860937008,,0.3184761981219416,0.9840297474773112
-0.0482202372286899,-0.2143408042798752,,0.1840261352195996,0.5227584656162456,1.2214864818633588
,,-1.009360041060387,-1.303147003193709,-0.888400239866838,-0.3258789000394431
-1.173773216928658,,0.0252633612385948,-0.1995907776978136,0.8573582691492202,0.9977863490484292
0.8306850593054076,0.4176000198099384,0.6882776693110116,1.5444494327700533,1.1064762917503184,0.5925250276000171
0.251863247278728,-0.3667779280197694,0.8665157533188342,1.069420492604874,-0.9051745547396404,1.183001565166791
-0.4525516809390883,1.343644231923093,1.3661221930547005,0.5126685631604795,,-0.0963195733536739
,-1.3907494344167912,-1.395349043984344,-1.1207260485599335,,
,-0.0643663916217199,0.0475808192508112,,0.2592419337237054,
0.5354922152646916,,0.9514593522983754,1.4207153932771492,1.4468705549354104,-0.252161220312341
-1.082751472186042,-0.8476536613133575,-1.0115085241978796,,0.3343164340663836,-0.7039467098550454
,-0.5048205869802097,-0.2166241617734848,-0.2780752505590277,-1.3676257236204743,-0.451851232895879
-0.9746773766121992,0.5464714227575357,0.7978312894846219,1.6040666243380066,,0.5864625396386955
1.0765190965962208,0.1177537204733597,0.4361659466125498,1.2866180804334524,,0.6116249081809617
,0.1261730723011605,-0.181516831957833,,-0.2528064617906451,-1.344839766816833
-0.4149565030252239,-0.1819003085023379,0.1147981930959182,,,-0.6177408640285941
-1.150352465709919,-1.065333269947049,-0.6218672482436164,,-0.1190670295248773,0.0271381132280049
1.8489874409765696,0.4889779975877148,,0.5514076828972659,,-0.4236102072926877
-0.6616886723186483,0.3955045861226307,-0.0870507051792203,-0.1083847008285575,-0.5424206945024763,
0.8602705168252144,-1.1633870726030415,-0.6737220009337189,-0.6280672146749908,,
,,,1.3105334934377064,,0.8369729519677779
,0.6204901440001137,,-0.4069681027950535,0.8562068180856713,1.7568120100149152
0.6040124769866326,-1.4263428831508649,-0.3432882436316894,,-0.4417118958292982,0.071119396595417
-0.0365499851359859,1.5228922221340615,1.5391035768424752,1.8204253179138088,1.708763352730598,1.046983458835953
-0.9211697173659498,0.9160634897078164,0.7946333397800042,1.091119891590689,0.8484818291223455,
,-1.6386960999812938,-1.357454838639942,-0.5134021675829794,-0.5744095906113973,
-0.1173390367075107,0.3900093949718019,,,0.5763069352982801,
1.2139827810213497,0.5307790531526984,0.4146852890377274,-1.1643219295414606,,
-0.3354399947486909,,-0.3931264846434233,-0.9542956290845916,-0.5367012239693207,-1.2077703209513049
0.1221034280667271,0.9238609347102328,,1.1018698576985897,1.3445169282388694,-0.7717608272251519
0.9348157701302904,-1.088486508508009,-0.4156810681399063,-0.2901720319648363,,-0.655346176447937
1.0804441946956336,,,-0.9991346360096552,-0.2013039991225669,-0.9962934675792726
,1.6693092717793618,0.8483315148333422,0.6584293210513177,,0.4031793931398448
2.6950883640142407,-0.1258381549620293,1.498764970398711,1.2405397367839996,,-0.0991726323790607
,0.6074559776739503,0.8354861780462928,1.8548194141154024,1.516252178775057,1.01248990206945
-0.305131120577439,-0.5923337005334937,-0.0058240440376551,-0.2080157031139321,-0.4742605466478061,0.7198513654315196
,0.072241788682913,,0.3478110043353115,,-1.378312809017673
,0.6547013000767896,1.2331158808287872,-0.0663518563789704,1.1448934952848209,-1.292068588062717
-0.7315330342159164,-1.0598643293741978,,0.3018547079626681,-1.3271039127618622,0.6940132626477912
,,0.877780707633153,-0.0427521318433813,1.6865356511077163,
-0.5430173498693287,,1.5166726430362545,,2.3585638676922804,1.8317461354064952
,,,0.4546979070592393,-0.5309457141581319,-0.8149538971712654
