need,intent,match,engagement,renewal,support
2.4304573204627977,-0.8786009492320691,2.2775258406670664,0.7271268252891525,0.23499500918423447,-0.9026247804813691
0.4749324914545561,1.1504176571681515,1.000169723463904,3.3018328767169822,3.5430429254268887,1.42508269559127
0.16431005718502814,0.706442633522974,1.6796598628779686,3.444192211634756,1.2127467843018505,2.5699281996035994
-1.277609341904703,1.676954261441281,-0.5779059070256485,0.7345877738601436,0.4905835720657316,3.211795525334648
0.036320088358881536,-0.43858385284524737,-0.8509335437245767,-0.4853789145543258,-0.8512440239467312,0.1751150069218888
-1.1748991005612717,-0.6940455063486278,-0.020745693069285087,0.20642968634158027,-0.7203626244031633,-1.0943447670577318
-1.2961674130082035,-0.6974727720904074,-1.72738750391205,-1.1142322454520075,0.19082975208510067,0.19027694232231418
-0.38708827549661545,-1.2135603632884708,-1.2296907477058312,-1.1779360572002116,-0.9690468891039329,-0.9401729917208181
0.3114968938699773,-1.4727732924294736,-1.5605000531016446,-0.5618204570193057,2.8522488164543005,0.6481170965202221
1.158143489146483,0.8949338160283726,1.4047892698849598,1.842897584407721,1.6370451222297917,0.9098664140682423
-0.612399179733325,1.3063979776378467,-1.5303252366583322,-0.297104494706645,1.6413276078368713,-0.32942334922157
1.097988368108219,-0.38267661031486255,0.5960053771575946,0.6102031933436686,-0.6707253789254932,-0.07020275373195817
-0.5886986666197281,-0.08870240802575068,-0.07330766692530183,0.39602039315027343,0.2791803300263968,0.14389029937683057
0.01740938780996046,-0.4320012380429311,-1.3529710633086993,-1.6630753316303688,-0.8580095272415402,-2.959292488699397
0.31117845343400163,-0.5833908709699581,-1.1640666812018345,-1.0116038782615429,-1.1787609635204905,-2.204539877585628
0.5432145440570383,0.8752476421095624,-1.4032795962465179,-0.902641887253159,-1.0178410732753536,-0.6536772056992113
0.8699487872059363,0.06528907301828589,-2.9486195450267974,-5.731469349507776,-3.9532584154934227,-1.5887797866752285
-0.7697961645578908,-0.11799076575394941,-1.9042286032332365,-0.6526618645754809,-0.7283912621196706,-0.6960448430602795
-0.6661010501808359,1.1139729144573454,0.14449786533601508,-2.1848733033726884,-0.15075556095697573,-1.8809098203952315
-1.0104503307075363,-0.7606114030187713,-1.1990545205700065,1.5810436315504532,0.2347081339035555,0.7783250367508137
0.25606464151003033,3.028946645680987,4.685891242692346,3.7585920987945642,3.0583942737106193,1.9140236841279228
-1.5064020297055052,1.0797329982901607,1.1262138116184839,0.6711497179187863,1.3590495868952333,1.02953994091457
-0.12806500048608127,1.2431109545304635,3.9347759011707604,5.853951790858783,4.038588921862389,2.2154241628561633
0.8519718003655374,2.2083364518265656,2.2179680674334312,1.3061273279786272,3.2216266439939414,2.03662842234229
-0.02197249077888671,1.3489984516772753,0.6780717947469758,-2.372425528959245,-2.8071654221544895,-1.3587561016701222
-0.6067839853515237,-3.5371133032089386,-3.8768064955913544,-2.480367839434785,-3.672983937077424,-2.249913452717895
1.6808111033453812,-1.4686709591277525,-0.06261879513586932,-1.5020679090365296,-0.964198855835692,-4.041694271366618
1.1683044010956518,-1.302932547749477,1.206607751998242,1.1934364815645304,0.12609415965486825,0.6191897772347958
-0.23214497242261145,-0.5172778065998137,2.0951049989268657,1.5871829649214502,0.8714008792050707,2.0551784998712788
-1.869025353008584,-1.590419975199138,0.44551498921259247,0.8235668987362531,-0.2580109073971357,3.634865762085518
0.000356910705398068,-0.09547925408320813,-0.89306139003677,-0.6506467894205186,-0.9142963589595885,0.05521674381788172
-0.6798570658652969,0.41753009201743085,-0.37514097916599687,-0.6325017077990363,-1.8162065171207855,-1.606876666565463
-0.3106360560281817,2.2004437556148866,1.484189196232664,-0.12250112064853846,0.6556753124355299,-0.4001487282776011
-1.5374389436457219,-0.3534802258211445,-2.262681696672381,-0.9701002461194411,-0.19442458830671472,-1.0554294521048952
0.8363742122921989,-0.1501687140082326,3.781138858166279,4.050546067597826,2.3050662893535074,2.198526772478744
-0.043207599507953734,0.15215002725470406,-1.2408565925758286,-1.8829735991680643,-1.5950715785053704,-0.9992619903240738
-1.07736787568179,1.6518931629523874,-0.7508269830157019,0.43640484812903935,-0.20423678017789304,0.3410329808909134
-1.1633069084999315,0.06845764486183432,-2.3865761105026735,-1.7265686152429975,-2.310763863142406,-0.45777573764966767
-1.2695210198189266,2.3918893064633164,0.745682270613409,-0.006729789464718805,-2.115075627275766,-0.41712482204680834
2.2043664289104385,-0.23038794064346277,3.003528529376881,0.6214505384519389,-0.30045150538526266,2.320736059719261
-0.30650171969690715,-1.6609603179923156,-0.7191780652891435,0.08094690629030821,-1.1636105125877245,0.29067294659075665
2.4536579264130327,-0.37138661476667956,0.307968768859743,1.7197107687053648,0.9813008891732674,1.1453129398173936
0.6376209056675367,-1.7517230911612822,-1.5416973067848927,-0.7354479018726102,0.1242048298730607,-0.725823618609838
0.017632151222799007,2.372282028717503,2.0113112427746422,5.255992111397137,4.815377027220836,3.2425071467498454
-0.21422634829479273,-0.13115327556665357,-0.3601860081597773,-0.4502304473643052,0.009360909869049694,-2.284604454523983
-1.1582844368240712,0.2584815506594253,-0.6234093427983991,-1.1190403804761249,-3.0828675715983853,-1.9450778797646475
2.67856796397618,-0.12177854837019073,0.8141664240753208,-1.0763541264290648,0.1414531116391412,-1.8432269676428137
-0.10228288533803165,-0.10318739763436358,-0.061464994371308604,4.203984870351389,2.701665914650532,0.44417167066413854
0.5494925101431989,0.6823672746470683,2.04983504571109,-2.601516512463906,0.44806297758850433,-0.9218836543647648
0.43418722361157835,0.46574259014785213,0.7930765154363237,0.6655346165364074,-1.2516445847746163,0.37789329094336155
0.5010089291784598,0.3314586765738624,0.14466702220727756,0.03662466526914443,1.1306518247971487,0.3671229791466417
1.6780789834861953,-0.0004002682017799112,1.2796797319957354,0.47994280817102963,0.5624375660413561,-2.211362694977984
0.12722674991021796,0.740936942393289,1.2513281379609658,1.1579092853054602,0.8109996395220324,-0.33976789021899956
-0.3134006750915821,-2.6855503903821614,-1.2527120769438131,0.8939662214729991,-0.545901496301811,-1.1930407135803553
0.3111503973502436,-0.26018606404381744,3.1547016782961306,3.2166807062115694,-0.5421687741876844,1.9169086161131383
-0.171435820908867,1.0770217428229671,0.883041340360416,-2.315973220977616,-1.243857763094822,0.323295443273669
0.1266542410627496,-0.6883993931512913,-2.828674961139333,-1.5836481167188827,-2.898694528670313,-0.725853867615805
2.3014412775186632,0.9660464784401364,-2.1808910372365564,-1.9115561938698205,2.1785764167821067,-1.4469392042625502
0.4567780444490371,1.7403999304598037,1.3848342342180766,0.372160999357916,1.8766189691540593,2.063558891465779
-0.050957158052561895,0.41856517780472335,1.1959358942740863,-2.664377245796471,-1.3113549155722521,-1.8136134274878875
0.14141808643083784,1.1473893910510633,0.08405894652590629,-2.264791015595877,-0.979392265211363,1.078562217541642
-0.7790425989399528,2.0487035252703,2.6915871361324823,3.3481223830895672,3.0168334526793474,1.9959023231869422
0.311222516745376,0.8364715330172218,-0.7665572175083165,-0.004609030858089613,-0.9407474013598287,0.3031476997215621
-0.11437145934690436,0.3908188594920878,-0.38188705849637333,-1.6133180411965493,-0.6200089462111804,-1.0991822519818932
0.45896690050119654,-0.6264888325735074,-0.05535021224949278,1.08299760844959,-1.0370910775690954,0.7418746601855217
1.3502577472153763,1.6748495595110104,0.5697525336292018,0.20454135113372957,1.3236550650514385,0.06893674173390846
1.0567872120630408,-1.5202790289004267,-0.7897973469379175,-4.069902936613521,-2.233835130992861,-5.6745652945816465
-0.7083869820392147,0.12561891160135233,-7.361744376341539,-6.612801206948946,-4.221655126291319,-5.5487014363817595
0.8752024781276522,0.6895527830115725,0.42160620936531823,1.3184711667411069,1.0772423632488273,0.9682223639807783
3.4841940129136226,-4.324576102085215,-0.43192919277858505,0.6931448063435516,0.4969361112711237,-0.18129341847097835
0.03974465170414126,-0.5232261655742819,-0.35401604185207786,0.11627294447973152,0.6755641060305135,0.2507701098581244
-0.24533774756766327,-0.6367809561272398,-0.06460583553325738,-1.9501141217309494,-3.3096742984161653,-1.647069466812415
-1.7838085102727268,1.4536809254670335,2.6908699697924447,2.421624772916702,2.118449343618311,1.3364306085351032
-0.928121502490363,-0.5635266795431112,-1.2361649787748776,-3.1714225786339356,-0.6061331331478328,-2.0999947401134222
-0.10088574908026875,-0.8434200370138456,-1.0781318698284197,0.5680288330744787,-0.4795910986162566,0.7328064867249502
1.3944886101598148,0.08091695787112735,2.1159779292336465,1.4416834657986166,1.5555498113541602,-0.21288687319705313
1.0628630910526167,-1.7540008655372572,-0.6748636073902028,1.9967184924810115,1.851093532661837,1.3807500125385173
-0.2824109703827296,-0.10539221010306875,-0.057378757824573245,-0.4013561592485833,-0.07148753529444135,0.957215997236961
-0.7741500104855442,0.2366862369865014,1.2920520564365463,0.7943701828591938,1.4952114165153105,-2.2147243671645693
-0.477947611646677,1.3367823269744474,0.8373816005513722,4.4207321006626525,3.366764312400752,1.628351476641715
-2.4129559119775754,3.43103017151747,-1.4557741523842698,-0.05383866098612011,1.3640483167582553,1.6898735522470123
3.1426510764774522,-0.20130529862952906,1.3027202326867906,2.1381839916807333,1.1307697315397398,-2.592502441571618
2.073196705742482,0.10469869515747708,2.2680207814685747,0.616037076794343,0.3441657914743592,1.2911005441361898
3.37739028866161,-0.5058847240953026,1.8938519747594322,2.67126239939539,0.24592113098471358,0.5353017159327005
1.0862297351007195,1.4635849597646893,3.0010927061842327,-0.39582623408478,0.04865389772399273,1.428099997654627
0.4572180101297039,-1.7422215451646594,-0.323502697802292,-1.1257405419415747,-3.114750707292033,-1.6662471597738284
1.9406317234964732,-0.7414391299275956,0.8371398449074723,1.117291886316134,-1.3333664625363544,1.3206820673803175
-1.309092149685684,1.4072834702354826,-0.41115784560629526,0.14154861668557978,0.9859536795318482,-1.4876035753096695
-1.2491336538943694,0.8289094872975341,-0.5385199503150413,-0.6351628769549469,-0.6669553018138663,0.8604527221355303
-1.150106625877542,-0.05608042177707388,0.33512452644308266,-0.5383939880204873,-0.6030996964666959,-0.045870228270576574
-0.11134961961957798,2.166136409885809,0.058395165701484286,-0.8833792516270117,-1.7275957633094188,-0.7657501576538963
-2.551326698440827,-0.6544841032787556,2.149892688851535,0.640281616002226,-0.273595579462366,2.507401781040674
0.020816970291643956,1.439437424373198,5.294714968449718,4.451933312818523,4.017723877043308,2.7180230967138823
-3.5229461654236114,0.8175895226371671,-3.2937983751624955,-3.8065384841186765,-2.7375212987143405,-1.641339522922458
-2.302159447030195,-0.16773463359906854,-0.6842246740731361,-0.07463514744171873,0.09675391175280298,1.4381620573021396
-0.3961250690793445,-1.7888135698051157,-1.965656778891042,-2.3056086988992526,-1.500161816457597,-0.47954331084219537
0.0172506553572,-1.4652145661286,-1.125318696724523,0.4271140890717733,-0.19027920245385493,1.9938101333193339
3.544988949766798,-1.206188040668795,3.7229691953223294,1.716160511686913,0.7109989975248469,0.5513600204163265
1.8535470958618259,-0.2570917740256766,0.9965479112800595,3.039029562218453,0.9057268904184702,1.0465478043922385
-0.01540738842702173,-0.9852882943179629,-0.6877255604540273,-1.8285416035490023,-1.9173638424059978,-0.3919236343749226
-0.03933551962712129,-0.545427009954169,-0.7876713833738,-1.389007112275141,0.13194089824533228,-0.27314592637529683
-1.7329922009291272,-1.8908584069654073,-2.804298137689756,-2.7571516042091577,-2.162138527829231,-1.6317087493895222
-0.5625283885966496,0.12866562265184314,-0.14700950882893626,-0.16792990637801597,1.8812786479796348,0.11257287675795603
0.661275223000871,2.2528410306197477,2.4349156302624144,3.1951660893835303,2.8742869100612576,2.154869454351672
-0.5683357542024542,-0.3110367178880828,-0.6559030483859767,-0.8156470538526168,-0.8710577018982637,-0.18931873288194706
-0.9849782816893128,-0.3477667320853688,-0.681059757156955,-1.563484254457295,-2.1679053420288463,-0.5955012371155948
-1.3431508816843447,3.442960396373338,-0.9371447087325073,-2.592597512343435,-0.5944104076366278,-0.9438560493915886
-1.126839782802348,-0.1319959505876035,-0.852287885903141,-1.3641064775022917,0.22005502060588433,-1.7838567066141153
1.6430384533704907,-2.9510022882518467,1.0002619191196265,1.1992635622776324,0.09455943210607912,0.1653169114721671
-2.6560384820966965,0.05698148988876482,-0.1588582308364217,0.2509154899583793,1.1005188817238312,-0.11325537678611061
0.8414454396491233,4.203704799513632,3.3183414952102597,3.1451783899174734,2.818484349927316,1.3943602584901023
-1.9627089490855811,-4.5025693158272135,-3.797560143567306,-5.228537487715972,-3.9429765548035656,-2.4957358208931573
0.9340118634148311,-0.5781132131794231,1.414922289018665,1.6223554984799125,0.9497930770210932,0.9452720979114774
0.19641833712151324,1.1483270061138777,2.443176723631252,2.355037114872345,2.051804510667367,1.3841783123819968
0.012738044905771597,6.985958469770533,4.162685991952527,4.301563791413071,2.677825323344372,4.326073603139485
0.6646002825594871,0.344980410484457,2.082099743846024,1.9290949096968812,-0.28028762714792754,0.7179351596270831
1.9896568998863513,-1.8102970936154013,-2.397305514600309,2.6574871311944035,-0.5973625824338153,-2.1822036298525918
-3.2182211401925636,1.3514614727027436,-4.8425678769239004,-3.2860656500745185,-1.146494192583455,-1.852492289429891
-0.03237186661175891,2.1825772855305634,-0.37080263203561636,-2.7154829489896057,-5.1717585917469915,-1.3272798849224512
-0.23564890009553904,2.604546088122984,2.275076958882366,1.2491515571206846,3.4566736234673208,0.7929040113860969
-0.12495723217018825,-0.300466518255544,-0.32874833325753816,-0.011474225689396433,6.649604546444661,3.1674273579633963
0.2264011282891059,-0.2050914780106937,-0.6547481355134024,4.868100240813132,4.040264640333542,2.255815664066476
-0.08796224077877965,-0.4715119285869935,3.4089600616645748,3.027466400006039,1.6716263315645938,1.371247500480862
0.39829017513081355,-1.147181744715246,1.1703900201388602,1.1009840386749854,0.3578490939753813,1.226266489489758
1.82893803466228,-1.0130417229871018,-0.6768967686343802,1.0559453432794674,2.1631729534096613,1.3571841674303582
-0.0436839463395488,-0.3832042848389977,4.085989555046827,2.1544128269589784,4.425530880057479,-0.6659330467595559
5.578490479106127,1.279001987191268,4.291904734629162,5.341838432782906,4.782793429826685,4.3419317346115
2.6634512500544703,1.9541212771770893,3.2021051565241176,2.70283847027531,1.9350627405067768,-0.15165856995562388
-0.07291427261470224,-0.8683179360813973,-1.0594207514546885,0.13075577278127049,-3.2623429174420284,-2.8888731858498313
1.2591574859103956,0.3024966094553248,2.2662628972548147,1.8413916924925728,2.027504304429776,-0.35096520665241404
1.4980676474148196,0.5360134361171888,0.5927104994915608,0.5066996802968103,-1.0030325818615022,0.09316662771703657
1.0358683740929566,0.42836565232552737,1.343959390335749,2.14850232533811,2.403714299830353,0.9387211792940291
0.4669754572576893,2.1298245186080953,2.0532989810458497,3.088362891257577,4.499013282548237,1.510999074594852
-0.47101956314327326,3.386066843812742,1.2876116108114528,2.1250151429889397,2.604849609196237,0.3005748047308199
-0.7998344367674985,-0.25559130097997257,-1.7544917324740945,-0.7790477677818756,3.726773101307349,-0.2483707491127131
-0.11246265219550167,-0.13609076073487866,0.25517989679035596,0.6257843719328748,0.06946663728395164,-1.0979154923461198
0.1691265423390501,0.40732693562257205,0.9304821853148058,-0.41864396094892686,2.1272745769987216,-0.8518528261623391
-0.587468228936536,-0.1022600332526521,-2.3901663060489615,-0.5948277672953621,-0.49666957846928894,0.39911547443630424
-0.24621943571686428,0.22737191207441615,-3.23337667888747,-2.8305096371386513,-0.7144377927127603,-0.2087271400375943
-0.3169917142863898,1.1238013681133134,1.4998644661570726,1.8255032125912498,2.222575260261915,0.6533865506186878
0.915863747434049,-1.6709138079843657,0.6940345710558924,1.7200695968517297,0.23770633500003707,0.7552067252248704
0.06074023241547293,-0.4268598668429532,-0.36671136877528815,0.47094342881892926,-0.687274611807281,-3.035328383763062
-0.7394488547941692,0.7736024062522292,1.2041730148919494,1.2912871110504378,2.6590618631983656,0.45373922684117607
-0.5397891057350893,0.8011184881346826,-0.772074855676805,4.721199611332962,-1.372324553083624,3.5202933349085526
-3.3389552334061046,-0.4991335244437348,-2.6041498661216353,-4.084834919869238,-2.5712143295653047,-3.6717981500480423
0.206637236235038,0.4045413231950391,-0.5950091401545828,-0.5386153997626325,-0.5150836137098563,-0.8715227458421253
-1.7689052393537024,-0.2525123600851707,-1.637203093842621,2.5024233747896982,0.6893093399418997,1.656172942413408
0.10588457713058771,3.279428345954151,2.526888419021283,2.5677808693940256,1.5787066715923672,3.386858452856118
-0.31837297210662296,-2.186456783853823,-3.4420685723394313,-3.898144455032336,-3.941580973382997,-2.367972958238019
-0.5519327896164687,-1.053305095092999,-0.8098495983487186,-2.6564986261134984,-1.3974056836350237,3.6780230854625957
-1.0244986921854105,-0.8069578526839299,-2.7993304260090084,-2.4647446438735283,-4.992083281408423,-2.213896315872981
-2.19265381510232,-0.4360439885312176,0.7185567435411668,0.7256258591642536,1.6803286363872254,-0.6436606958522599
-0.2282801278630494,-1.8827240908590028,-2.2368654927968326,-1.8406003795796912,-2.4388829193464514,-0.8409886912979221
0.057401220650856156,1.5899017443952228,1.6777849464844006,0.8726424514446818,-0.4126044313278374,0.7532472453287011
-1.487431563482062,2.092889346190039,0.49672198642743715,0.1897830409879959,-1.9850551478306717,-1.5413068479224623
0.5143329173375696,1.004799890321481,-0.8000889551250299,-0.6530816764935224,-0.9018470828957648,1.1876282919328187
-0.027603868657937555,-1.7760939053081721,-2.155405992796886,-3.9073587560237053,-3.000046526358528,-0.31785053253382656
0.45595301414519845,0.15391344899499068,-0.2697589514113375,1.0636319068355342,0.5350427576834695,2.1942577137176453
1.2830271365111259,-0.5782153484244414,0.013204658841675654,0.3144834430794459,-0.06905214840050664,2.1569277181004174
5.282865955490926,-0.6261769345180672,4.33947731126905,2.7040241979479744,0.702928581934282,-1.2015682674662236
-0.9640522379473707,0.8603718343685006,0.1674534636756409,-0.25171522176382966,-0.41990802697359886,-0.3362958586330238
-0.50985894153509,0.6392963890714798,-0.39852474241354385,-1.3842823945651455,-0.6835694424733041,-0.0666013035288735
1.7724363373328786,1.6443564936668555,3.2116932204497166,1.8382407100941116,2.057091807987189,-0.21851977614411755
1.6529658287470619,0.35356767504841863,1.2037541562519727,-2.1950638855124582,-1.0800990087764077,-1.3677093392455661
-2.1935181392276792,0.24473482638401584,-2.0101699155214754,-2.7262956144558688,-1.7756428808168114,0.012915402360041961
-0.05151757561231612,-0.03951496587034625,-2.2612171046317884,-2.989030768993372,-2.027221745890566,-2.5479437997711396
1.1900370076851052,-0.13364516618967864,0.10067306719116254,-0.55356599061639,-0.8646710964590804,1.7126808037272512
-0.40777725287952027,0.779928372439726,-0.32807696861562785,0.7072543618155603,-1.1535525614525053,0.35085396249638595
1.0803514589887642,-0.5338104124977476,-1.731086230670728,-0.6779568179184758,-1.1698900798995555,-1.2767796529750695
-0.07095401313174393,0.36395185479470155,-0.22296490893640553,-0.7876578970555697,-0.7643108952072606,0.40684905642967223
-0.07308960532205157,1.1464065105339596,1.3039848065542055,-2.456210841634754,0.45090195987689063,-2.6308847470891443
-0.13691884027855883,0.7505267394507188,1.1097817691868577,0.08159866952728279,0.31397799469894083,-0.6391709213244609
3.961446308068726,-0.45320904716782817,3.7391501240574274,3.0122764198935053,0.560970920339555,1.674224529374065
1.0593800899966355,-0.09807778403468932,1.3778764635873495,3.194374501232609,4.162127323353236,2.7226945279547397
-0.2262841586985743,-1.8585829105189695,-2.0492806098605585,-2.7343213236943695,-5.697942038353706,-0.621152053495783
0.009217452556979018,-0.27967874160830236,-0.7211589605638415,-0.7252469084926304,-1.027610616032712,-1.8274375613427516
0.7648113653985457,-1.8955033761428863,-2.9494436368584704,-1.4606868061121425,-2.4737898818963933,-2.2570922981928545
-0.40928538056936087,1.5583405420295129,3.0674208091313258,1.917625815054151,3.641215984400792,0.4896241367268259
0.8065109591437449,1.7199415162779508,2.1512573007845965,-1.9654711575876485,-0.8321797211593155,-3.085815864587434
2.6388897389198522,0.002702763673801536,2.749241064602403,2.356168331827657,3.246444851480855,4.13611913684879
-0.47794387752585427,-0.9044010502577817,2.2809439517643844,2.0616937825485127,1.7699903344922325,2.658022919048978
-0.16826466009442761,-6.089533055683743,-5.065550429575945,-6.563265014967685,-5.764977946750541,-2.7432910272579463
0.15754668528137425,-0.4601725289856281,3.386625401784334,2.5324542552105873,0.27245051237827744,1.970159263508561
-3.9587117311221114,2.8896139164914834,-3.280841243877488,-2.6218269913408356,-0.6497651117601437,0.7411210139864657
0.02457953723692575,1.0259628796251439,0.02920095476286666,0.18287896437027742,0.3566331410228923,-0.08604115676550289
1.2531029898891577,-0.2522040042340607,1.950257928215142,1.87769979800738,3.6627798554338806,6.014373912019657
0.19967518201680864,1.4364402364459963,-0.2645890595293392,1.1173702844569655,-0.7050749471754325,2.336244567439254
-0.3569770648129381,3.5073973895098454,4.912273673931658,4.748040147564199,4.677791821785713,2.794106136293929
-0.5159726913888008,-0.2734886240479615,-1.0988858284435032,-1.4424346233591798,-1.0982772954656728,-2.556907394095838
2.626795136105191,-0.473163184690559,1.6103990627255476,-0.8770529205191226,-4.023694910310571,-0.9701499250193055
0.007229505564675033,-1.2123948558149058,2.1081444290625426,1.3012102315469882,0.3694169306183865,0.24759088690744585
0.3518912888579782,0.016494615839672832,-0.8875995095087288,-1.929426578083142,-1.121686186013572,-0.28539751666175717
-3.5021888203012472,-1.2726721686201121,-4.143092718699294,-5.31166622184889,-3.760307421756589,-1.8195314103865121
-0.4538968179614692,-0.2675300559512631,-1.8061679853618653,-2.1568205961574547,0.12876961114121577,-0.2010200066955563
1.7230830827936878,0.6146247583506526,7.089537868923055,6.029203798666287,4.790955271573181,3.571181215199859
-2.603840645580944,-0.7663779012012782,-1.7608752907814151,-3.5982750730231308,-2.404115223217418,-0.6238402648335164
-0.146092610617271,1.7124551539355037,2.6500262200472484,1.4766491724784303,0.8707580810757415,1.4246350213172723
-0.6752981713958979,-1.5149297898188319,-2.725789462821621,-2.0313751237381266,-5.358812243725428,1.2121512849721694
-0.07367099160243121,-0.8510974016597168,-0.38371426795192376,-1.5225001637497146,3.2432779790004034,-3.630364889803544
0.7061854347765372,-1.1189211265974837,1.0732051360151655,-0.4777278381867526,1.6001038312180986,2.791246412345855
-0.8659688677469332,-0.23848815625665384,1.2339323335472492,2.2217358520262183,1.2450354397103314,-0.14536313299113757
-1.6284089368088919,0.5221047453315434,-0.999098446063664,-0.8640070732888755,-0.8531575224816852,0.059381838671584974
-0.5534673028549069,-2.345196053817502,-1.9935710030093234,-3.3113248304878136,-3.269298628104615,-3.5668586541869582
-0.10264427969319886,0.25303096985541723,0.9587529639138634,2.925396455771563,1.1424659893030333,1.243861037398987
2.2093606372082357,0.5457090695216681,3.955686857652114,3.1472493773354784,2.0460667940802333,1.604151711218149
-2.0591824777801135,0.648381701469587,1.6600057657274245,3.3814178290934223,3.032489037740821,1.0197955307166038
7.359122759901838,0.12443617636799045,5.259362529075826,3.9270455919172838,0.41424183587920593,1.8318400984675876
0.04803719713863499,2.0020373316180615,2.030455628095158,1.6176479318111416,1.5075042859952787,2.2080142991012717
2.1235182490808078,-0.862491735774148,3.7802016819395234,3.962973249581186,1.9189512527938546,1.2168177359034806
-4.476946500697169,-0.5185466817343858,-3.437273848595103,-2.6793943008834287,0.06078829474592573,-3.6153160455210998
-0.5316705812750633,-0.48050175811714896,-0.45096154047137094,0.839851523147725,0.9592953654670359,-0.6526774143905847
-0.32661972433158987,-3.5124533081376548,-3.9149935624546064,-4.2580903539370745,-3.999167179287486,-0.8152562096886431
0.6868984172156124,-3.5452473614123687,-2.2018509018172936,-2.6625635757303043,-3.702444945577921,-7.309652016202696
0.3016404970455368,4.321228398640959,3.2307666518476794,0.773538678496362,0.7691962331408304,1.9822383317857144
0.3307209483721451,0.613872660614011,0.9903406104872121,1.278587283901763,2.2946413482035113,-0.8672663751448664
1.469372857522583,-0.3394372636634812,0.5952035154640378,-1.9012768914553582,1.1231061007521288,-1.5242050271461989
0.9994449027033168,1.087767334496224,-0.46643114036810185,-0.5554440426523597,-0.09822979996060356,1.0053339167831161
0.7254118587345603,-0.5201192375148749,0.11622286880715255,0.6771227726093207,0.72606871073032,1.1846755051928752
0.7841124582251442,0.4627257998161408,0.46957088632332317,-0.37624873831141603,2.813084823939643,-0.16712603584719815
-0.31626991328313836,0.874859041212382,0.41469399437978677,0.18232622848413657,1.4285941543426546,-1.9114149220006755
-0.3673796239134186,-0.2799633219819797,-0.9904495386807826,-0.5765098661298325,-0.746575391535973,0.5748986107948563
3.1293192325027586,1.6033691050805532,2.7299341312985668,2.020478310498998,3.3675583807890863,2.2162174027146584
-0.2750028101790326,-0.45125205826875253,3.0852329238666076,2.8150817314087777,0.4141524078936403,4.098437509747915
-0.8268557842007253,0.09282355549317794,-0.5183150699947846,0.531398538722003,-0.48874817794352093,1.0468867711441288
1.2580703158860351,-0.3199707538396303,0.9914231784668319,0.6518772760140121,0.16783971973231618,0.5489560851615134
-1.532818767628205,-0.9977643431628015,0.24790555811242965,-0.1884207924604719,0.5364956870153507,1.1249855059936364
0.8265999383339608,-0.9288382589403291,1.5487146513083285,2.227264301395987,4.560748830663107,2.339737579090735
0.19450370175327195,0.47974840014148545,3.8519968464354806,3.039377430687249,2.352972411667812,2.1217891273416254
0.7282052751788002,-0.5589076443787336,0.7933825026770103,-1.176225384971708,-0.9162771271784694,1.184547769408821
0.4292370186156415,2.299427261910575,-0.8822098297263035,-0.8581755040878479,-1.280724307701529,-3.4384492989868742
-3.114516156455062,1.7228684549764761,3.243180674651419,2.6265963124219325,3.325966067715462,6.71607459717211
-1.3607879193886852,-0.013918105314975672,1.1368996700229335,-0.5166265069325414,-0.44049053090166235,-1.7390385238219401
0.49487418030834895,1.4953824473543864,4.467259524139208,5.991049778325355,5.0270251969012225,3.371313927883072
0.007635984672188457,-1.3059092616634125,-0.9180154229742792,0.30470520930130673,-0.09612118962157558,1.0887696381774823
-0.15563651337039452,0.40561021446526646,-0.9053647631130909,-4.467847786677897,-3.583816671247637,-3.141726082821115
-0.45700083627669413,1.4316938315282943,1.0259161133499533,0.8680556604822315,0.6085416339461558,0.4791416273367466
-0.8582385531591245,-0.1675562674098598,-0.9148490502681922,2.2951893618052344,1.69309742728556,1.1570709456448491
-0.26488809321742246,0.103162811201953,-0.4894334655890277,-2.8727667235572327,-0.3997683664017835,-2.6000804160867337
-2.205832646306382,0.08139656501024689,-2.4645912828256185,0.4171143045067236,0.8900019815317667,-0.6449786847137737
-0.9490603557895069,-1.8042426528920088,-1.4637987668271162,-1.550834179536265,-1.9114195625373738,-1.162009932378668
0.5968984191311102,-0.21751613079999602,0.8457300570574532,1.1889481701316336,-0.5810709131463574,1.215858174451559
-1.705542950507733,-0.0566592703401141,-1.1015116272302703,-1.9087238567134484,-0.5170158648395531,-0.6663381048507533
-0.17659195941940772,1.2688040447390017,1.8115875920373865,3.725194303222891,4.39001491970246,2.4171860675107912
-0.8779658443684291,-2.7753314975008085,-4.640471541766786,-4.208150997828318,-2.3112384974635645,-1.2581912936789055
0.8901900356936273,0.13473362870288544,0.8566248586687424,1.1467909908908074,-0.817382682412899,0.4861842842109154
-2.1050165256205644,1.2161584308438835,0.37653639282154183,-0.4662345111393541,0.14781647651866547,2.175608595916049
-0.19530181952178866,0.7328035661489716,0.41358827640217616,6.797978807075109,4.503645479831165,7.659306000020883
1.0443341243626347,1.1070679943528472,0.8906628105413248,2.8104226306408586,1.7140950846299825,3.0898929529235115
0.05246608481730206,-0.22648634358183997,-0.08956715443062319,-0.6379183020218915,-0.7541597362821013,-0.486196856207716
-1.115779982218051,0.2919790475160181,-2.1091629690132896,-1.8710367446534897,-2.299007869296706,-1.2274955270875392
0.5213557624404748,-0.08114114689910613,1.1328720522139042,1.4164054012849785,0.39511840304283175,-3.3860628652673084
-0.27126297829466023,0.21681836506539087,-0.10599829311272561,-1.0566131976281157,-0.8275585367623277,1.1202650973797952
-0.023646384310559695,-1.658799959702104,-0.5294680911977147,-4.195216693302319,-1.5001545026577412,-2.746159065071107
0.8566119741040255,-0.4818329050759869,-1.3888483239113556,0.7711871097270278,0.6429456866011347,1.6159818131392187
0.7397860177838788,-0.8594220228444986,-0.0004969076542391676,0.053469316297582586,-0.4448288847756815,0.11024633294701268
0.22309336527988527,-0.41086269977933393,0.19592002069074804,1.7656003166779215,0.5120722281402287,0.46664386572062555
-1.83992651482673,-0.5294354648418775,-3.2684070846375386,0.4059500469637536,1.011319679973949,-2.962710121154412
0.8283741548564224,0.20564207120461028,-1.6397421602111528,-0.6752271839141036,0.024584201491296198,-0.2740736353868194
0.09141774109557003,-2.011980040281303,-4.3002128232649355,-5.316997503771697,-4.788537325201278,-5.151852396563571
0.10776610071328512,-2.0718100656464324,-1.6211555010973582,-1.3493409104509935,-5.781082937195354,0.863792255645503
0.5558142448477066,-0.4595469219933646,1.8437276245181364,2.0510499471806254,0.1764945714294015,2.528946791508438
-0.43671902367696963,0.8334576768989834,0.09488380572338109,-0.009039522648303447,-3.0110360823680047,-0.5414109379261712
1.9656045183876092,0.20121009408534382,2.3929371080598947,1.1626002700625884,0.8978206833202321,3.117065488962131
1.2899248090693183,0.20560931188875955,0.5658440253252829,1.1359203455213613,-0.39600663442181894,-0.7840521874604852
0.36626673883210054,-1.0341921079574268,-2.0779852250157482,-1.2835102682786959,-1.5346694566971477,-0.38036837539762414
1.5372070907796749,0.6995071018721246,3.5057634935895097,1.7147483366175384,1.6494100786019588,3.4423300176622846
-0.11182815701159124,0.0002126950397489548,-2.0060660125997094,-2.216027745533948,-2.5048231316067007,-5.339460995596712
1.6066159174639507,-0.5392909539109382,1.1191567628934793,2.3232318439875974,1.308026962211743,2.8777251882256953
0.17825453978092823,2.4371441545453876,1.9717551487738976,2.0035630448209862,-0.30437047668668304,0.007653407081836372
0.12687139873459088,-1.3073681270096644,0.11672887855679481,0.07367660218639936,0.1212780164353583,1.0048390728094192
-3.8680371029046157,0.40729259495795606,-3.0614165869377996,-3.104984692464484,-0.001761237429727558,-1.5070345729495989
-0.9192330482502186,-2.4712116940766236,-4.320561063613701,-4.084185341994107,-2.9194645218436963,-3.042483639642106
-0.6353116859880674,-1.0770985697780544,-1.0247542101345126,0.055198483504325324,-1.3167326746612447,-0.13997859154245595
-1.0108537751316409,0.5606062005359076,-0.43847493657692793,0.19471350014000638,1.0219196789837972,0.11891485045857937
1.2230543561866725,0.0647785283481679,0.8189895107235157,1.7649277203699478,2.91226124122734,0.9214841231687948
1.2908394774032024,-0.9760131012230892,0.09598696034213139,-2.456823505170569,-2.5135125389453297,-2.4207520882016835
0.17342747125663605,1.3419769925244123,1.2520015340790023,3.4621950589974997,2.5015193086572447,0.7620156545442736
1.0969093164300483,0.040464553914385644,2.538045102904489,2.4997966680463346,1.6596648865601944,2.3716424966251446
-0.7354016635952685,1.5714915046216862,-0.11097633445570132,-4.197352279381521,-1.1980060390823595,-2.6524973063617203
-0.5501998685484664,-0.5023391009294578,-0.6439896623372456,-0.2166214714877137,-0.6959883266085831,-0.0045732569886961505
0.39227638555396177,2.1924231149019917,3.6122188077838127,5.5539946305921015,2.142475244040938,3.300069829468143
1.6714452750576076,0.03373974692063779,0.9832133903926337,2.621851626417544,1.4499495458844591,-0.026940355929181425
-0.7481464858677808,1.3467169982158627,1.0888361617756157,2.586252551280186,1.2434077203765943,2.3964362263998287
-1.1705252277942066,1.0746297129231177,-0.40029591252520924,-0.9671677959593143,2.831547664323897,-2.0575839481745035
-2.306731711855437,-0.7570236717977321,-3.0262948635438986,-2.7966755269324453,-2.38155700620455,-2.292444131833303
0.8029886472983561,-0.6880490101142502,-1.1603022694507992,-1.4965171529557457,-1.2988873126291995,1.7725779191087512
0.17707715750293646,-0.20635000724590644,-1.3627541848107274,-1.574996597471733,-3.6855514062938872,-1.4906512799417855
0.7556153109311426,-1.8770831797481573,-1.7438515667051435,-1.7376980120582766,-5.285388714506488,-0.8787789071715124
-1.5001716234059261,-0.1652779139338124,-0.3257023601477278,-1.1092049306755416,0.002562104023076661,1.4427597443297828
-1.2019729945114832,-0.6092690975019482,-0.5230028189896138,0.19851559799699658,-0.6660608944772834,-0.7087731949972116
-0.1519857726451865,0.9521461797645911,1.3185570991314624,1.4099857774408107,0.03283541010316737,-0.23186304421289394
0.04651729362076333,1.204687157351774,0.8273851900059128,1.6744651700293542,1.3789148971269671,-1.372180624327932
-2.324996471836524,-0.029917739399875944,-1.3398523392845028,-0.0452530378823639,-0.7387788877198446,-4.874812408155432
0.1293725021006352,-0.5939552228305036,0.3769222544095743,-0.4800798559702223,1.0219811567015182,1.7161878853275854
-0.5994735871887608,0.7352851400127566,0.9371744831169214,-0.31692904041482894,0.7985089954916126,-0.3122597512489371
-0.14582949357907468,0.8261250651796708,2.894200948266818,2.379688497599335,1.5854573056356944,2.6423015237000964
-2.30806184278619,-0.3454497359394885,-2.7257268330334723,-1.5178604013464096,-0.887996276785683,-1.020704916351274
0.13853564142161395,0.536231547104703,2.3415209524995673,1.582627687281041,1.9558832143550895,1.1772052613462567
0.7266470320840545,3.2675714496429777,1.7484998840975903,1.3501242973837508,3.7098902184410223,-1.3435731323252793
0.07674279383374703,0.5503690369355704,0.9569039458283579,0.4970357440410509,1.1085903684003657,-0.21516445993781042
0.3655569354731904,1.1639982306055106,-0.9136167134968223,-4.470276149837797,-3.903796666272985,-2.1836819471840236
1.5500736312617849,1.2610687576074224,-3.5554094601306474,-2.151161237342331,-2.2784533902257036,-2.0446745781933715
2.977752314412991,-0.04046928442691104,2.6722202835627233,0.8819157601665462,5.256457158821975,1.0256025630317411
0.0020423165323471657,1.2506607968988896,1.2978556261249379,0.5216352373938927,0.035075142088859756,0.9995471758661247
0.04687466464348956,-1.210878770774168,-1.5994213521061875,0.9761129768517731,0.18132531681121508,0.13019928959033966
0.11273941473755679,0.3784807261196034,-0.14239680408509026,-0.009288893162498896,0.969307681884632,-1.121947383149883
0.15525625017222844,1.0522809553972763,1.0916567631027552,2.236510985914921,1.1358588189274776,-1.595406023576798
0.7878728057487194,-2.0644505463979033,-0.5353398304423989,-0.12238114161325553,-2.239370093456217,-0.09110632381309687
-0.8181652880702902,-0.14459807296872654,3.1901017162425687,2.448451788069629,0.7579489745352472,-0.5266490615588579
-0.17235837071466895,0.14676587012223732,0.3642147074013569,1.4905698671835097,0.5354456767576119,-1.2369818061361562
-0.05166993667336104,0.03520882196209535,-0.9058558272815993,1.1973865767604126,3.244918531975664,2.6001450321858552
-2.513874976090162,-8.113474499510472,-8.55748548843352,-7.474392593701427,-8.172127015711473,-3.408466349546136
0.6189425490467131,-1.389533714009716,-2.73007220979454,-3.0104716507411426,-2.6558270901666603,-1.2150376115891568
-0.09338010780395163,-0.06896403131778796,-0.9415713506918135,2.988159137334743,1.4151215330320897,1.5356913009633182
-1.1111291891393462,-2.150653932952334,-0.12664746286657147,-0.32826191380531233,-0.8990192098611977,-0.9075920487077228
1.080648755283309,-4.273968819561291,-2.443126329130854,-4.2414684021779525,-4.202486190186084,-2.2092759172882204
0.34605447150501534,2.1351704117945283,2.5740453533803915,1.8978405873720825,2.4575749498446333,0.8054240409292829
0.21748842931928938,0.49325607283124784,2.3832968209897096,0.8466022720581483,0.8871751417577624,-0.4346240710635501
0.3638086508176572,0.8191702405534569,-0.571874303279917,-0.7423487802522781,1.1113653654234057,-0.7953322988059334
-1.3219844834433196,-3.9408540998883823,-2.5220840650025824,-1.753758331782285,-2.6572826402070002,-0.6922038571510132
0.1903046561750581,0.097132253108387,0.9081704073110111,-2.261303661410274,-3.582858151027564,-2.1615700322039793
0.735817508264829,0.3847768154980419,-0.0388369540623239,-0.18778038936040048,-1.2555424716118528,-1.0974828133444419
-0.09033115084999976,0.9014354839287315,0.6691170503427895,0.8692954142147336,-0.4730864517289197,-1.3832696937079079
0.07043319302784291,0.8060799514139355,2.5974834189942357,2.009705648679897,1.1724025023321618,1.412734712882512
0.32092163572290716,1.6508240848898776,0.10818662772582321,0.3676675330882194,-2.301508896211664,1.5063839165037445
1.2572740596288394,0.8893025342037321,1.0857489608082922,3.9191788420553495,5.770348955172546,1.6544305546297147
-1.2477718911629572,-3.129096610932138,-2.767040052574421,-1.4486017786042915,-2.0144671439265407,-1.9722682299648253
0.3058170308124262,0.7023074084974544,0.9114100581743205,0.16994337917246782,-1.8654911004632226,1.709599177662259
-5.275904953113535,-0.5933703742262261,-3.732915875002245,-4.309217898392035,-3.0735555478921794,-2.4440540282445946
-0.6089655577167984,-0.20278739360517364,-0.460490328171261,-2.2448315772904857,-2.56656581056514,-1.2110113541899215
1.1436186471157388,-0.3193236908727293,-1.1573246189147222,0.43604156278978634,-2.125582574165573,0.22086240046648004
1.6588525736208528,-0.35100697401380915,2.205030993195372,0.3486550121645129,-0.5730451828297785,0.5228075689207666
3.4305299606257558,0.5930046896771471,3.1058043065139542,3.324364986636029,3.635607506504784,0.4392918120890932
0.5910576190907794,-0.2206508634794366,2.8304520118966217,1.7004190732506073,1.9051333882513581,1.339038685850208
-4.162993429909179,1.7173387070569652,-2.3710730843884744,-1.4220478479341843,-1.286296199421374,-2.77088477967098
1.630287107935567,0.38651517664428203,5.19031095404976,5.160939311978502,3.587281049636822,4.2785469544428345
-0.15515127871241244,0.8295894143776151,-1.3459636237137735,-2.7590849135102538,-1.631433913929926,-1.9250107365115854
2.164319139408759,-0.3539361166752237,2.152184157910299,1.8834937918272159,1.0820781182873398,2.735240681488117
-0.013335876476412042,-0.16299531781716053,0.13173634493764563,-1.3809302663091034,-1.8345637307424285,-1.3193190356508229
0.13132824796204637,-1.251405394809923,-1.621063639555691,-3.631701228158252,-4.458560544833379,-1.794441460262918
-0.5706737061423482,0.5816052065255467,2.087114172663068,0.5434239080108856,-0.175055710419451,0.13092705815537453
1.6271656819755658,-1.9522018441305862,-1.2119835682517062,-0.9424725001694811,-1.3569836905375483,-0.9237502971557294
-0.6769660402379774,-0.779425819320742,-1.364855008360502,0.5890360358138975,0.1272210787851391,-0.6340221929803291
-1.0885395624968264,2.070294858779382,0.07490812522790047,-0.5576035187515052,-0.3468400619822314,-2.4522671849615327
-0.1380231651978404,1.1805612867839177,1.4645570175102538,1.3636170695054568,1.1534813972844276,0.9529406878817055
-2.3352450860241003,-1.1092763066315388,-3.727241402711497,-4.11491698519124,-2.7415737686243977,-3.072040200755831
-0.3093715989792242,-1.050977548798566,-0.5680618980499408,-2.513161776276726,-1.7449267470821503,1.9367655453211776
1.9668278150686802,-0.6826246020678846,1.2963437011923518,0.03948015420047346,0.6565852527945498,-1.881396982010254
-0.06311108233772868,1.4402801327767683,0.4861146201009725,0.4064574868534941,0.49924596097977136,-0.2306900282612506
-1.8753336490431822,-0.21528266099554377,-0.054050107232930245,4.364269514702434,-2.767403823189212,1.7299901473196013
-0.4706561244425845,1.9696500249250726,0.7155765718452329,1.908335872879504,1.7439048364993193,3.37889968005223
2.000006369919014,-0.2622508968058385,0.8401483982767374,-0.1679481313244009,-3.9462432534712995,-1.805873210735857
-0.02024805094077636,-0.3978589169823606,1.3914450776974885,-0.05621081790779581,1.2423062580584223,1.2511870866154926
-0.7042551356308546,0.34244046609140505,-0.47891870710411466,-1.9988508863713743,0.42127656584965667,-1.7573314017950563
1.53294858863615,-1.7651999804184046,0.44093807292048703,1.1632486893259517,-0.9936988989574205,0.5895478422483144
-0.9762966840226537,1.0988890778818923,-0.0409565745702969,-0.6455521032228267,-1.510847955210409,0.23142902825152756
-3.930147321366685,-0.3727874113962054,-1.8090269712262192,-3.513157433992726,-2.1900824812056583,-2.9352751461940736
-2.3625962249810675,-2.9471316137501002,-4.667911575519008,-4.363766937862762,-3.622527099845763,-2.9985897586875847
1.5308988593768698,0.45009951177705926,1.5082684917194669,1.877022028362481,-0.7728134372088411,1.1012345037708717
-1.0007093191532077,-0.041882673437805704,-0.7906790089680521,1.7231161189807143,2.1092672666412797,0.04659237953779549
1.977864199539375,-0.04959028866266129,2.484581934907326,3.365264508837216,2.6079338643593504,1.7565553595624825
-0.19152718877670558,1.2069686502406645,1.8313161268473617,1.928586511025096,1.6406551654406178,2.344012772791531
0.9427209099768631,0.16835636870792764,0.814382722511773,0.6754899805462853,-3.994927851425304,0.17162585560051313
0.3762960835302252,-4.978741456690215,-2.555305963218133,-2.498189379556562,-0.9870487153299483,-1.2755962638267173
0.22850979678200367,0.14383648241664176,0.5428493185164458,0.44481958845220615,0.0719995247758311,0.8749976195541853
-0.01176378831903341,-0.07644309133458269,0.6429839121997971,0.34740573141393244,-0.5790645547479751,1.5182630756690365
2.509803546506719,-3.6795392162473446,-0.1124895192762917,1.0123660406845791,-1.894293629052865,1.0643742006286425
-4.13109110525576,0.13897992602463743,-5.946204960947538,-4.660943705000684,0.3213824251124646,-2.8112097308911133
-0.18160698242021664,-1.4228279874981264,-1.1148267391494044,-0.30662710190382525,-1.1836095875410422,0.4294677011531388
-0.2273326606285001,-2.387339636169509,-5.094022057566287,-4.948055243432267,-3.2874728083884452,-2.8327646277616174
-0.2355585151060949,-0.2019344058676393,0.5391985706905642,0.80117749809822,-0.33318149276447456,-0.379613657726599
0.08921683055442384,0.7759405825092348,1.8175171938020807,1.3829432396829717,1.0577101924866645,0.680004626343201
-3.183752965817764,-1.708193365386005,-3.5011820081866047,-3.733354310824005,-2.250048600629165,-1.5085230146827706
-2.3144560453916068,-0.47681945283417504,0.8030427927679513,1.12727026922458,1.0482414199510681,0.4147888960215057
-5.541888217618701,-1.3884802179861775,-5.450867191604768,-7.462373030936985,-3.497030724870395,-4.459838157297675
0.8904777504804451,-0.42463059797406877,-0.27902286714660135,-0.35015891095252194,1.2247415246030846,0.6610508912638074
-1.1339661004310524,-1.2835260594148523,-1.8219568010276321,-3.1430762217711474,-1.2209466750028977,-0.2955646880372005
0.3377936342993396,2.4215980106651065,2.429982820830084,2.171192987254681,1.81498318234014,0.8203071067011105
-0.4410621127777163,0.05846812039218769,-0.18165957654650544,-0.4422551962918142,3.0084998799068563,-0.2567553971589052
-1.0046349904874137,0.9511985331323118,-1.9311958055388017,-8.617992279892682,-6.009611605489759,-4.324841982798641
0.04889632388690666,0.05321470147352253,0.28895282437659253,0.8834103436911427,1.6422774281146073,0.9066109948681648
1.1677114114461495,-0.313813508862947,0.7042658030218701,0.8828110519905044,0.3234017902676404,-0.8402676132129878
0.08806586332914346,0.3075499052732827,1.3406909797120807,0.3127332407544754,0.2885984996168543,0.6923230171160855
-0.2553437297325316,-0.48877009606055255,-0.22691613143156614,-1.7884606592733139,-1.790681821499863,0.8309280551689788
1.727592120432282,1.5922192364241545,4.50792750358193,4.640547673964777,5.492290605073445,1.424377629461996
-0.4455524408736401,3.6065803069360935,1.5331844867546933,4.471726784300453,2.422064346020445,2.3442500819983874
-0.7373416602329976,0.0747390888530472,-1.3054901395868,-2.7512271810922106,-2.008248553085389,-0.6263580261737837
3.448156925955806,1.3970538726365915,4.458423307972874,7.1619189202270235,4.218714634519577,5.798858325375451
-0.06933944569905107,-0.16540833588113762,-2.9542531793597497,-2.774563498340914,-0.29681393361218666,-0.6018363052839506
0.6135633041249429,0.04044987563295813,0.8941696348070232,1.6269920389103336,-2.3702925883909653,0.3880300429650849
-1.1324118623156922,-0.9547094103827071,-1.5107776783916336,-1.8659408163258282,-4.5687092912160585,1.4674445418286801
0.21206854690608018,-0.03805206731962434,0.5905976117739462,1.9726432663499174,1.4469251556183709,0.7876453000994275
2.4037760351563358,0.5326930145625081,3.32609027744372,2.986867802706827,1.8213311013800038,3.2638745760073933
1.1105650407617744,1.659608094444411,3.087320613257625,2.571325460047354,2.218694102387947,1.672669408064674
-0.08746496601001078,-1.517255098104335,-0.16378489497697069,2.204393960135275,-0.3813530247422059,0.12941469475723344
-0.7406649680157311,4.0128588252852015,4.119973513428869,3.4623761274743408,5.6095294640241615,2.377548340827716
-1.2220423482478124,-0.3209708022031611,-1.549962761265294,-0.3066438697403997,-0.2091482584482712,-1.1664418847797604
-0.6807718788937104,1.3019038505008123,-0.64969161494038,0.09762354462943457,0.5229560229739505,1.6515776445883534
0.21876577653378645,-0.008032625107174516,-1.6417568067679906,0.6465685195399635,2.3875172760572836,-0.016535211231596347
-1.9441750796450212,-1.547360196434771,-3.753494991908782,-3.441866140913572,-2.5054379083337883,-2.808185651932996
-1.1876915729040105,0.0762935339346025,-1.264619923491003,-0.6955150243761381,0.1630621427787014,1.0539187058851183
-0.4996565117845739,0.08216008570144515,-0.38216183865229403,-0.36288999819592554,-0.21888124347992538,-0.3687445069009031
-1.4896197705938818,-0.020643013414106615,-1.313090089385792,0.10778383080655263,3.2388494947123316,1.3519713718625241
0.12005009340193121,0.8514347496892531,0.35500670909986315,-2.087774657044182,-1.163536313384475,-0.6654640265915595
0.10910509252354728,-2.177967418853686,-1.3786424256937229,-0.7767743076199384,-1.067736598695607,-2.02648951867198
0.38094800774843546,0.1108147241201585,0.44893886989608456,-0.7523331451576445,-0.6636667297720412,-0.772587609063228
-0.7151665670684817,0.2804764574467422,-0.36534179774860515,-0.16996353632118089,-0.03462793710267237,-0.8089835632937797
-1.4691195928981946,-0.5263150989239391,-1.4364826045789156,-0.18454780493882073,0.1772440774664646,-0.6002124152014352
-0.9625813594280019,0.06105882332453668,-0.33134856222139875,-0.21964485791168628,-1.090458308747211,-0.45938294646824634
1.2366670642979645,-0.5271764452116038,-0.37014256470283313,-0.2374938685187875,0.7019181107798071,0.4560596395232227
1.3087858116395905,1.4139616743870307,1.015161331509154,-0.1134315377570686,4.5916468995352835,-1.7759485319006028
-0.9856653921077708,0.0700495496429907,-0.17304255529484125,1.494936257727268,0.8599439485707159,4.26885231858592
-1.570439314430213,-1.0427592506769723,-0.8899327260319141,-1.7348733690337452,-5.96113372797125,-0.7387569610095165
-1.9715004655447739,-1.3624373174923397,-3.7674187350159425,-4.28483690311852,-3.6989855438258656,-3.3706402936083872
-1.2600117254260013,-1.7621417366461964,-0.8924693581951224,-3.162715188868083,-2.5810747728252865,-1.899154640335587
0.49226011520094515,0.8658567053488796,0.15108814036941143,-0.49768962692717933,0.2093588803196786,0.4188734254748373
-0.4425404813279772,0.14714353455580176,-0.08632033657937008,1.0565340919565698,1.022464776241978,0.8022956200729666
0.3392024248095828,0.6180675413641472,0.9599255812546594,-0.1940453126181242,0.8095727761651514,1.237166488675158
0.81883486690768,-0.05648779791960226,-1.7894600165222934,-0.6871060760210226,-0.6764337444935906,0.9344687264757545
-2.3184642279365315,-1.9770367765519419,-2.1655820419203424,-4.1389018844645165,-4.276049090735921,-3.505729520183617
-0.8579613610101634,-1.139053641079061,-0.6125845320889886,-2.0266825292893396,0.7847453752591582,-1.7930011514111552
-0.8489751683801812,-1.6165996872007304,-0.015602320155412519,-0.11756360907002242,0.5531940692084464,4.556553813266367
-0.18047866714429028,-0.7151892483446696,-0.5149238750420921,0.06113497774076859,0.2919502366526487,-0.9036094237477565
1.1247885301055858,0.9453833787143652,0.6489205890217958,0.8084326742498145,0.41395052638214375,0.47545228952739066
0.13778426999196774,-1.9477219302536237,-1.8155462529307926,-1.5994170568540276,-3.1802080147404728,-2.0105855071667214
0.2093723427048558,-0.24227143631783965,-1.5510090783310175,-1.5556810121097073,1.1529919979442977,-1.1576905853217576
-0.19893013964750003,-0.17354340180200198,-3.963385775898392,-4.845551080502542,-2.0445836611053716,-3.5294603693851805
1.0389137203454173,-0.7963841776885873,-0.7729827095618854,1.3252231315886969,0.4650859813156247,-0.7687337598390637
-0.34791353279165876,0.2994879751455071,0.9059692864058485,0.8284832660048975,0.48539966407870516,0.46099524717856355
-2.296864581143804,3.302688425354713,-1.680825804325802,-3.448977982543159,-1.4179107022721924,-3.42251661946193
1.0982617657282177,0.17353604250142105,-0.8624582846993569,-0.748400424661319,-0.38098861896798153,-0.7360485617583945
-0.39583552241609626,-1.9267015551015312,-5.9501084965762185,-5.489604983947565,-3.7487116524858397,-1.3021947230311925
-0.30537045601519835,0.06003404644310536,1.2009802192656875,-0.7342334944687454,-0.5705819605114402,0.7515531354233586
-1.5059110706697243,-0.13552648209278323,-2.7120351171496635,2.3871108304111623,0.15255702221113632,3.8082424649991022
-2.113494879725826,0.2846960592715966,0.21955512376683184,1.893561736803575,1.0830849423170714,0.23321776478629186
-1.0581372538120764,-0.12398945352622887,-1.13035562039005,1.3147085266614407,1.4121078125413375,3.6841802802508488
1.0422484126677738,-0.666189461013252,0.6989084541902739,-0.6731628728149381,0.9677450292544059,-2.067217774866733
0.1065548717385803,-0.23136978630477179,1.35829899461527,-1.909972367897017,-2.4410730663781894,-1.2361292065958063
-1.16160549821778,-0.9066341239731949,-1.71917890264578,-3.110349461779112,-2.7272246292377584,-2.322624746200398
-0.4310683080224028,-0.17425019185402546,-0.3363358488921465,0.8008089524291007,0.6379889835871333,0.4168538331210418
-0.670906418205568,0.26392205311847156,1.568350601074074,1.5411396801557624,0.9388572221709925,2.2380421720263373
-0.8769229060194738,-3.644463661296032,0.17438784400665908,-0.3388404280962365,-1.7311784649669062,-0.8676796495205674
0.14131097017805763,-1.1459574340454568,-1.2734930905951511,-1.007928906525737,-0.29891145172422706,-2.41333377191795
-0.9092340108252761,0.10034362859192088,-2.0155298810835034,-1.7820943116657817,-1.2352045663986015,-0.7485871232737731
-0.7447070263369853,0.36370514476970534,0.7207303009506654,2.5055777535812496,1.336285820576083,1.411974664002013
0.44685230002276916,0.31723918998817235,1.154356814726344,2.1109259158404297,4.675107483286269,0.9857056560718823
-0.07458496117538027,-0.692334305552116,0.2490883439385283,0.09007488120539657,-5.155770351087803,-0.10646102509662103
0.20463790800820905,-0.42415432431077105,0.7195784029045617,-0.3526131813551895,1.19189551759125,0.4132439892172569
1.569724579306038,0.22047769573920942,1.123140444170117,0.09174037512387279,-0.1809555467320174,-3.9102395865799875
1.3106748367335872,-0.21925663712222568,0.9912288778773445,1.3004276703520201,1.618799793546977,1.5943713043000822
0.18041555357053973,1.3474478937210286,3.4174155940492454,2.7562372342259587,1.2249285016622873,0.4595797113829183
-0.3492633464759299,-0.3257790210595157,-0.17425783114923443,-2.0472707588645447,-1.3645458951622353,-0.22215048096725776
-0.023565127189383937,0.8535752803917718,0.593771298254307,-0.1714595928246756,-0.28528207408191203,0.481750614007228
-0.3303104389655603,1.1401118993449657,-1.0568115219721437,3.1986984601175488,2.5057542325001063,1.175560526007904
-1.011089628049982,0.5118950442652646,-1.5929478112517412,-0.2672790629200916,1.022657900427596,-0.10033687760000834
-0.5083918031096208,0.7459207079652046,0.22954050020482758,0.9478552902255404,1.639164315123026,-1.3465052975620226
0.6509599735758994,-0.666132686137889,-0.3901688213858101,2.457374898038716,2.583514537519239,2.2789429937159458
-0.5908007271275727,-4.083786293513787,-3.8291721677906976,-2.6756983798166147,1.5418112464673857,0.2347011762071345
-2.9806813060961708,-0.6383571950665844,-2.4574605491493853,-2.405455689338246,-3.084981354205896,-1.3168879565161047
0.09265690096602722,0.3936400117956542,1.5469944955105785,1.1532424701817747,-1.322576454917677,0.9825746817045449
-0.04512487537420064,-0.6292328137482761,0.010850385630125192,1.3381077870009372,1.0895514266787654,3.0992472122079673
1.1988163521532333,-0.17785444486553129,2.724969765358818,1.4393620280640629,-0.08377706822880726,0.031370520113589984
-0.4325496952411311,-0.2213105646879664,-0.4741967931612966,-2.2236190670201963,-0.06633201818140377,0.5850060653121041
-5.087421281304936,0.42294307771362943,-5.338549272417254,-5.664408149853138,-2.334993189210227,-3.04927724554777
0.9264148144427584,0.25025546410846994,-0.10030083531623524,-0.7292624250206128,0.061518659981961155,-3.9288741279982204
0.5765830173790742,0.40618283326271654,1.102817330225986,6.333580874266864,3.379329319078535,3.188008859573629
1.3280880492987261,-0.05199233590520522,0.8963083677463776,0.14123513203153926,3.354367796523522,1.3611650997682032
0.02100012738552521,-0.09050301065342034,-0.4231981932096615,-0.5680788251264057,1.7083362096327568,0.710235652828059
-0.008919971321134153,-1.857410451928138,-1.2797363745396741,-0.4137548212251566,-1.7825411835125287,-0.05955816101014422
-0.4721676044283701,3.7574828782384873,3.288298771219665,3.6017095714599208,3.8868605070648323,4.000131346043054
-2.484846800820685,0.11792876511745966,-1.5999936938160972,-1.5565290724178105,0.3987158692214705,-1.719235043362478
-3.7037903236713303,0.004753461061299683,-3.293214474837546,-0.904894439320709,0.03686144348491571,-1.0013873565464515
0.974975910020011,-0.2614981966575088,0.08887926427970066,2.109183323858793,1.1324767225641423,0.5946764345126865
-0.35600853946838,-2.3845649909369238,-2.244606594169264,-4.719016947087883,-3.5377452687461006,-1.8174401032617515
-0.6090135878009107,0.41854820364700784,-0.13230894113151342,0.8758450227407963,0.393611601315013,0.43276567617324085
0.12162848745462228,1.3411673321592241,1.597439489724588,1.931539549413995,0.3884544475015619,4.02241957203318
-0.5348584130269781,-1.2371945719503623,-0.4898820518505861,-1.138962579654585,-1.155132622706913,-0.289667657941867
2.1638662160288717,-0.3020545082431795,-0.22645850355829622,-0.6876873527629797,-0.626407581784833,-1.9298324784764196
-0.2857072823075794,-0.46144009730667507,-0.823550470511045,0.003901048746265068,-0.19953741437774652,-0.06035927401938236
-0.02396929468143873,-2.0151632948932905,-3.8876410877847505,-3.4003242848617323,-3.4486490103340595,-1.9696880467576776
-0.017637461106609468,0.5843922924049348,1.8070847441371996,1.9448113913314082,2.8013940274265705,1.7577389183037986
-0.3467612261022511,-0.14369391554005087,-1.6316051684720871,-1.5181709174603215,-1.2671570010738094,0.3493322094018344
0.10663326056289277,1.9001387130086782,1.3162635193809735,1.4509291412746514,2.7674850748262125,1.691837956015862
1.344478041090966,-0.11366672639415921,-2.2401956181590554,-1.490603497998553,-1.2896715294653422,-0.49752495391171725
-0.15690156115789658,-3.977484970568869,-2.5200183539702157,-2.777294825485311,-4.15178374145122,-2.263791795780067
0.6820786701789705,-1.107639773266098,-0.015114418999876117,-1.7001295720209002,-1.3560420499825074,-1.7881570218233813
0.0797102811683314,0.8634992975356222,1.4093199310527078,2.57927935336059,1.6840178249605513,0.4762212432922083
-0.2331288132774862,0.23508909255775348,-0.7481495685213724,1.9554643714024902,1.3366270142139296,0.9074302517909671
-0.19541374796874034,0.15171117759881467,0.42509470214823913,2.175198561713322,2.122130434940857,1.6208901467485308
-0.45936551189836444,-1.3765222378253654,-0.8266001680381903,-0.6806373488732634,-1.5894608021206715,-1.7587841400084883
0.21386841152981168,3.153488883130965,5.061143016196173,2.7084229191497133,2.264378423661437,3.2373342836500103
-0.8866223004593577,2.5054582113371606,0.9424380274202451,-0.29930745865799957,0.03598851316317042,0.09458046074006707
1.851520193117269,0.7428845632129978,2.948578132791341,2.8530829250401575,2.8810476419419375,1.3665106369489715
1.5952133691655965,-0.15336082313106475,1.5766355238191427,1.4926238708971762,1.0961192930893084,-0.9188232841325048
-0.9599324099753221,-0.269450710734526,-0.848624367613285,-0.8507064543672209,-0.08048338703316471,-0.4457741810471645
1.8275606636944282,-0.6847492239235868,-0.14212468536724066,-0.017416079112216418,0.08152513056491228,1.645840513117179
-0.3920059445414063,3.6252466855770393,2.124233696335501,3.2860836152577058,3.9344151563303935,2.256744867686078
-5.280090641663405,-1.0776698540768765,-5.793667245686433,-5.645841672329511,-1.9294724327830641,-3.0467718067789344
1.3181944636959515,-0.1275958323025596,2.1504100257795105,3.2828068750827626,2.4333861230917915,0.28055958129374114
-0.8711112991485066,-1.098134009832164,-3.4998274761772556,-5.559530667946836,-4.730843383843163,-2.125240161493698
-1.6254710157911771,-0.02860464166589662,-1.500533510224417,-1.0596701493210636,0.13898780128839738,-1.5012303448637137
-2.6721073377831632,0.3078322652964903,-1.2996511089512732,-0.929469085111428,-2.821659133318477,-1.6882317839302465
-0.040676280492584774,0.6801715410824332,0.22246876582444158,0.4958051217928934,-0.07390922724624094,0.37066475085835
2.9563559592778637,1.6444440048125766,6.5108181796950895,5.558437311464374,6.337354639704971,2.9865598343343955
-1.1021353616155931,0.15230861487893568,-1.3140260383443536,-2.5915180095674017,-3.0473047334116954,-0.0207308547685936
-2.0877525805498878,-0.6913683085631978,-7.779736218650744,-6.3017276840088225,-5.233637700021666,-3.82118709127822
0.056181422857479464,-2.158559621270029,1.6872063733472165,-0.07637437844949257,-0.18638843842656372,-2.8752678399248257
0.24507583393947016,-0.23618607927237378,-0.17374371264119914,0.2811007878398203,-1.026216222464541,0.9845410674188364
0.6928608564072275,-0.2990886397767302,0.03133204824230523,-0.8162884575267618,-0.5812756398625811,1.6666840529104852
-0.0501685798572946,3.894399546250779,2.45684971219429,1.4084492875403694,0.8468070052725774,0.6910667283506952
0.12869858085124553,-0.04282147467357182,0.6175563140604483,0.39491869267524415,-4.193891412552877,-0.46623953785648825
-1.2665687229852367,-0.010403979032220902,-0.9205597484430231,-0.928923912803833,-0.3480361298290069,1.039995804757627
1.150782824790386,0.9015159449700727,-0.23263460699371397,-0.6015052561155434,1.369503792365685,-1.0469664406926809
-1.5418881509917228,-0.8449524390241501,-1.3455791842523808,-2.0937443941232603,-1.5107717476413882,-1.796213652730605
3.704886053386565,-1.9001908336626812,1.1557970788864824,1.6178106464291062,0.6430235509530446,0.5044604983178567
1.1788956412638187,1.749053957387466,1.9711478501023787,1.8134272774775606,1.4891712648939177,0.537540854743846
-0.6714293575269734,0.3656369249175437,-0.6545908277455197,1.3665286309349773,2.2818276539258138,-0.03785725495445247
-0.2583169687014819,1.2128546570347345,-3.456531259937315,-4.415070539805317,-3.036914572650058,-1.525524076992445
-0.605965585398953,-0.43291188574022643,-1.2731230437649628,-2.7441122160119487,2.8768355056971218,-2.5387214318084643
-0.5266292935854374,1.1918805218051496,1.6340554723696412,0.22123555330829348,1.1338931783728023,0.10131236947727298
-0.4530881711481117,-0.12094601638347792,-1.7532244418467884,-0.6716718020438891,-0.5457982199132833,-0.5156373997382622
-0.6765943210353662,0.011393544936386304,0.014939580802198538,-2.9925083519843074,-2.690276823315343,-0.9787777004246125
-1.7575782455162192,0.3179655967884489,-3.9990935391281157,-2.0350005277993293,-0.7485606281141566,-1.8360700316394083
0.8479979273103172,-1.6969568489140545,-1.2499376792962265,-0.8636283910565872,-2.290760112803501,0.17519258107850644
0.18197697844452207,-1.3909057392552158,-0.5777099531962315,-1.373166036350229,-2.326063383310129,0.724515745281602
1.8471607188987589,-0.953352580428664,2.12261702495913,1.7486282413147365,1.8951137116219368,1.2868791229529906
-0.6665457630037087,-2.4488645188557316,-1.8308589909044324,-2.309301280325859,-2.8095922410697556,-1.2366839448805433
0.15553179141092413,1.2752685129505932,1.714473098102451,4.163963488198586,1.487577174524606,2.231759582602029
1.0386480502479727,0.1662109119632911,0.46101632220584104,0.45934648503369285,0.7691943300183095,3.729613250782937
5.3030754210531,0.21265630625937298,3.865836919002359,4.016518001402156,3.482863876865542,2.6427464475632476
0.3592558056494669,0.12668022768508536,0.4988201280961278,-0.23820111159865187,1.039737180234465,-1.772245011569401
-0.40237120562809364,0.36682171835332256,0.7225560455966806,-1.3325863090146624,-1.5930354857656004,0.5167512509196153
0.8638181145062793,-0.3023088876648878,1.0432540853830492,1.2737333571530067,0.8955440764699143,1.0631402443401592
-1.2640552620867733,-0.68607220514484,-2.290770972059681,-1.6699847230422067,-1.5313950930237823,-1.2294699606562935
0.227732954656022,0.8053333015604764,1.2604087931006767,2.585324218987026,1.9912390158031392,-7.000931721414263
-0.46401450254405546,0.669136796553431,-0.4187304299036221,-0.28052525592555116,-0.7128937822086947,4.868741599085892
-0.3070165277077745,-0.625144715157965,-2.1480541450826545,-3.064490557649064,-2.3324413074692494,-3.1836507657939244
0.13201737565483326,0.34356761896370325,-1.2674627806640775,-0.983570342575585,0.36440313788384215,0.52232610544337
1.411278190215203,-0.9958648478509361,-0.15015015804237342,-1.6134671242219634,-1.1868300434520687,-1.5762391232588673
-0.19219966137239686,0.672046766141467,2.166213016788086,1.5152349140555903,1.6357518360535437,0.9726916948527317
-0.05226570293092715,1.0714004443832372,1.6028767419558811,0.8039390912158534,0.4515959463570146,1.5853571718660684
-1.7049776896072981,0.19219638142554218,-0.5263339280597977,-0.6237258269567737,0.4496454521643915,-1.4092434967884007
-0.6650709888389148,0.5038036000381914,-0.5584309523917456,-1.2846294801857818,0.13007600293518484,-0.30068676519538323
-1.6612511777106798,-0.8349959476260369,-1.8397725677348016,-0.4631830171186253,-0.5234541414039974,1.4230833750370182
0.12483743279261936,1.6575512419063838,1.012914934861697,0.5579209854198015,5.40052467344173,0.35428801667909804
-1.615710962971782,0.8899951283306381,-1.1883337627089365,0.5019033126810053,-0.7228622628830257,0.47115929233035014
-5.967854705203358,1.7708631608943954,-3.864732138620365,-4.826170639817695,-2.8826026371752302,-2.3730134144679944
1.287905497906188,0.03803760985332686,2.520096600650173,0.5073965068608495,0.6467607109657476,0.5288683176639644
1.184271723315513,-0.010031254926857804,1.3647078607991108,2.689504275153072,2.973998859645956,2.1845755841244876
0.07683639066181923,0.6468073599892082,1.072715548460498,0.9533501636503897,-0.5646097317749148,0.8623162920891064
0.05925949306566011,1.0435082783521312,-0.7857474743569343,-0.024055966133153972,-0.6690671308713897,-1.9782616251757639
-0.24246348373540905,-3.003817033876376,-2.2629521401483634,0.3539174619655965,-0.8226020002985929,-0.3719806161646343
1.4192697595105792,-0.5417241397219958,0.018724848633687063,-1.3597345757471897,-1.1387344734392333,-2.2031645814088243
1.224700238854206,-0.7379523442938891,2.4331474724427715,1.8974116224228204,-0.2520432936361996,0.040964455145902745
1.1479579542057112,0.20181058052330175,0.8582619995277803,0.9057820408377353,0.02667461987842723,-0.7584297238677398
2.284689469940477,0.36479018750923653,-1.1444251099700822,-1.2063373857690531,4.027355628911197,-0.8805299564667229
-3.110512850237833,2.8236954516538675,-1.743281467642315,-2.683752073709004,-0.4302913049516618,-1.4059821071754577
-0.8517726039541981,1.5531552212462298,0.1716012661359348,0.22167963612985542,-0.020858310023696647,0.40099624937430317
-0.19520156053579218,1.4515614284027467,0.5443456130319647,1.2917117112875092,0.4746680093372655,0.06604305687231271
-1.028123397732374,0.21849607182541825,0.10021486932242396,2.026997424203696,1.2498794002357407,0.8693584728233873
1.429896579340149,-0.3128552361224672,1.725817994530003,-0.4246799402250354,-0.693558989920313,-0.05664644403258676
-0.21868316239846453,0.8997399486951925,1.361851768882988,0.7898998969391067,-0.35215333162123175,-1.0019006173641976
0.7273777396348136,1.0894182020273815,1.4178858764887816,1.591291956546135,1.447579296961185,1.3139480183123338
2.5134269844136155,-0.12893166108670218,2.545477618619023,1.7319697410005872,1.100042643828426,1.0273728371450286
3.4155922866834922,0.09212124104230072,2.334353157805919,1.8984265431291427,0.7370719345885474,1.3966319606515798
-0.45197804741838266,3.556874316912883,2.0214180328556988,2.02727246889411,3.2263558570651143,1.5900530794521193
0.2755513489029137,0.05995824820146106,-0.04924864133416776,-0.821750203065628,1.1335768225297118,1.5167041849676957
-0.5833597405867503,0.04665342529071198,-0.8044448454744315,-1.3631621116259418,-1.3346191826293792,-2.4578549391444957
-2.2073390296129003,-0.1588753135143319,-1.1594643674129985,-1.5611076998860436,-1.2531740408555696,-0.4971729257122414
1.3773749118395258,0.1834659925561426,1.869896080583203,1.7918590271656705,0.7974270304603758,1.7674245274576297
0.5158574641096583,0.3180578794005278,0.33818008503095387,0.2318776224523993,-3.5900435797497354,0.776054173445371
0.5231132323040406,1.549149682542196,3.154917559331813,2.734076161672525,2.0614090907936817,2.4519751989689205
3.7948381598657885,-1.0410404716746362,0.8174487591029509,1.8346266272171285,-2.632944329561941,1.9559394883725494
1.1211070130938965,0.022126438160219697,1.5232483565884292,1.129594705694926,1.03945569842726,-0.24026887352149373
0.11705246679822287,-0.019289957301634113,-1.3161491154191318,-0.8041609139114849,-0.447702832845683,0.3139475368556202
0.4860542618893451,1.8269066478957494,1.6484106340396285,1.135392263664566,-1.188374755915485,-1.1317713411852557
-0.23155352855619227,0.944653132032799,0.9028631411912453,1.8802390098308481,5.173981079387519,1.6739726780849198
-3.217837876960203,0.27675441302875836,-3.04398136757103,-2.6104067702615668,-1.079322205464345,-1.0044476066379076
-0.24411632490672425,-3.021875119141576,-2.4379224790636007,0.6424983155878823,-2.233648549328204,0.7297642701550363
4.3093131324205425,0.48260232022561905,5.0669606818430095,5.295956778021749,2.0418780731578567,6.787206678028156
0.11734573066400794,1.556938193787277,0.7995323858075003,0.05449701916637517,0.2703023978921354,1.1774608809831717
1.1133993120441068,0.12002324026696004,1.380898684536302,-0.3963214278125391,3.8088946400201564,-0.4766040120038588
0.8025919507603102,0.966131530477896,1.0013098945589423,0.8870686244911965,2.4315567259246427,0.4581214475935924
-0.18679037368658202,-0.2886743895410858,-1.0543633481334722,-0.8596940267347272,-0.6723068494964799,-1.224201175810223
0.25172594900868606,-0.8421803142876227,-0.13884658537508915,0.39592464910429015,0.7421707503182997,5.009766147706359
-0.647095976953429,0.2059553348246553,-0.16577752555798972,3.39195644542034,2.419147489185899,2.137224395672038
-1.4552990139942394,0.5428814156773305,-2.3258801314380575,-1.8778259423023222,-1.051345418157579,-0.46974340851149665
1.3223598694913405,-0.3295224076766044,1.1728312215513585,1.4178110596696807,-1.5032493240187985,0.37821350454135017
-1.5038227939890976,-0.22970245568239184,-0.7483061528163161,0.8502380543292183,1.319681032644634,1.3135606322070295
-0.3880490748383843,-1.8990216543053318,-2.4184826839880937,-4.380820792226005,-3.341855351597164,-3.111356607582397
1.5894098357178619,-1.7597016325583574,-0.31849348067075434,-1.4219253228220112,4.296335045952431,5.070201858309575
-0.832640822094451,-1.6536182642443327,-1.9482483991966735,-0.31015116656871977,-0.7052951497099301,-0.30556203879545973
-0.8912762798974837,0.2746944928566938,-0.4730062922711123,-0.6823275340082832,-0.11312643542764755,-0.09763844314446551
1.6594043476177458,0.049877772670677195,3.0262579047204294,3.7094131274365325,3.187569871575914,1.4233406160291153
2.8340903739621033,-0.6527303676488372,1.62698540135772,1.10898758020832,0.3480915144494029,0.900599952119292
-0.1916790476167267,-0.5324567310821455,-2.6161729119768147,-1.651376520005793,-0.07032989566357428,-1.9093212521546805
0.9678107242970213,0.5365679074569855,1.1802717832607523,0.8391171107629554,0.468721371991128,0.48131661690799094
-1.367288493527128,-0.22117586466586212,-1.743784174710241,-1.4255118360683758,-2.7070394326590277,-0.8761944308567772
1.3623522788603284,0.042637933874411095,0.8735783777066195,0.4714838317166568,-1.3975279258036724,-2.471943938509947
-2.3104500567559176,4.258398039951547,1.610643725552419,0.6747837242399329,1.1043003106015647,-1.435117284299364
0.5132987099389389,-0.22405569324421865,0.9040525828976739,1.241416209123832,-0.265558380339207,0.9581640049962534
0.7536253893807933,2.081406561614447,1.5588884590870422,1.8189445454226683,-1.1413643485008267,1.2044420625284666
-1.6352657674177906,0.4727222532837064,-1.234182322974184,-1.521144574402844,-3.1425744135115314,-0.9143699714754777
2.5902371424676316,0.1935709441875702,3.1926716473012537,3.1360551262717125,3.4687735774774042,0.7956850341922375
3.318878389027709,2.056029358294159,2.9556035450606344,3.0708844019129615,3.37425762882342,2.2284412936343156
1.8168516404749782,0.7446083272964208,1.88930578342048,0.6439418112071124,-0.9405719942739245,0.2666370650165545
-0.46761863637922113,0.157902655873644,-0.10955879116962638,-1.3926093020668413,-0.4593103824797838,-4.028292234958352
2.6288341010015794,0.7093517439589634,3.93333171788787,5.207331097185176,4.542083791802423,4.117319970921648
0.2148675072507673,0.32267625466951605,0.207074422188348,-0.032341428220121426,0.21828209962857667,1.757913858887763
0.7078060605304084,1.8683903846884244,1.2972379014572342,-0.11595322609452641,0.3888444192729039,0.31868881263813026
-0.4898183426070408,-1.5010550094284967,-0.8665856597015708,-0.5512596051069457,-1.2619317362147109,-1.0170265003002672
0.5359595764775461,2.2233598830649846,1.439179480247056,2.0621066960498724,0.36972803608427207,1.0033183050245187
0.1565522954221733,-0.4488348810856442,-1.5934438942857005,-1.5436208292964726,0.00040051818387487614,-3.1839814046359214
1.804994944191343,-0.5000028881711538,1.247394825868132,0.448403965040719,0.5023699152344918,0.7351056958400304
0.9325818611798947,-0.46796388729800037,0.41063182611005977,0.594994692479433,1.0388370405704013,-3.3021471694154023
0.5565764766391526,-0.10092445672191129,-0.02111735281915994,-1.3683523087185157,0.3963830439038952,-0.8071560144441979
-0.7897235995737766,0.47172320776635857,0.29969443802814494,0.9558283092685955,1.7276571948850317,-0.5902461291145955
-0.9849751957918534,0.5866333128509553,-0.7722072277561459,-0.49872392388166376,-0.9098019921098466,-0.21350855661306775
-3.193839675127761,-0.02779856440059279,-2.5744530024847223,-1.1866194844288003,-1.1385816299717593,-2.8839601441227036
0.02451662826652242,-0.39481028291675735,-0.29204389594275687,-1.641921615812909,-3.416346031961355,-0.0761436086196734
0.7504451492770065,-0.06576534279276654,1.7871718579994842,2.0361008443361674,1.1857580496286653,2.0594533179727628
0.34817486371435874,-5.598072482578868,-1.947991707943948,-1.588619414701081,-1.910636871915432,-0.9102601856518535
-0.3769614551072355,0.7644312574588803,0.2667331663076956,0.24784334258470372,0.7130219585260169,-0.8190503111360986
-0.08225926568996952,1.6214593151182413,1.1617556528937292,1.2854823506110749,2.34277157015012,0.9667049456407213
1.0954998035976042,-1.3688988332807561,-4.313587527712303,-2.8667609679126693,-0.28248295971477444,-5.120517843931339
0.24172013094482458,2.0524783770387236,2.626819468754835,2.691829657712855,2.2416644106355146,4.727664167047715
-1.4066554360067158,-1.9445477623002014,-0.5690661208456469,-1.8047659266298344,-4.895862528650513,-2.247973020442682
0.18456632638409323,-0.7712700947694892,-0.5100033104568036,-0.24646860134349835,-2.9084511838282108,-0.7153332776032901
1.1086668949959313,0.10404600910992304,0.2080593092134443,-0.0207181725585297,-0.0751350971839551,-0.3141958344679659
0.23675887777579074,2.821226014347905,2.1120570734856097,2.0597974687670475,0.6236047944654595,0.27898041556774145
2.7819775656549504,-0.9900762627732019,1.8318808270522016,4.170128887975014,2.4187254197045935,1.8225201359841416
0.2854222978638814,0.048283921372002804,1.129716107015434,3.085784867633485,1.7842424624180506,4.352474140910408
0.49349635521572255,0.9260581224189101,1.7298144133929623,4.567418226061346,3.5490867165798505,0.14110482765019983
1.6635962615116555,0.34937087698800223,-0.2725339705828558,-0.37591325437004014,2.2051629313783225,-2.6099060860682712
0.5305670322406209,-0.19679061003735723,1.635336396454992,0.9835253315291266,0.5711591937047729,-0.1950844282558174
0.007679574211891419,1.2179339040512152,2.4407281722437517,2.3589435311780926,1.5985134402260908,1.9128193427554216
-0.35099293706750684,0.3291181144970258,-0.08170075059948494,-2.216924507178606,-0.5835789602848197,-0.9695444953794343
-0.08664826806242153,-1.723407007879282,-0.07466171965806456,0.275708015476637,-0.47163887572575164,1.0769716131056315
0.27379111271018974,-1.6168602169362487,-2.295947805877182,-1.4793810878931328,-1.827270113111934,1.2243965777770591
0.19352490272051448,-0.756059093158071,-0.5926159927079242,-1.9774177677393117,-0.7289112267234799,0.3224068247640841
-1.3743771896586958,-0.4857520324285126,-1.6996860504914437,-1.8835187192271055,-5.458309493663592,-1.5479821736157058
0.9652310228069763,0.8069283366855576,-2.116064981256561,-2.4465923158195557,0.8127026040536245,-4.538945091413282
2.38018023395794,-0.3220929798687385,0.8688050556286383,2.8167639108747986,2.0246587072517235,3.825800369058542
-1.4870165101227266,0.6131269929100047,-0.8919291931868969,-1.8800488040794456,-2.1336251012128504,-0.23533756248353532
1.0072586413239355,-0.5719392797836725,1.5266964525996147,2.0325814979395536,1.4933953903568118,1.0630653765233065
-0.4975406491221361,-2.01440220017341,-2.363590448135268,-2.269509341747736,-2.3831771924667735,-5.337505221493799
-2.6772433054556624,0.09150729997343607,-2.20416654763929,-1.5429377880758053,-0.943751897900468,1.0351289612712054
0.5586788939793197,-2.2496633111544786,-2.233929245919393,-3.1968253767659833,-2.6749595391253647,1.3303443026673238
-0.5883551944688584,-0.9420578744662244,-1.572536782067774,-1.4684401325393366,-2.2977343151553553,-2.277325152493079
-0.19743435130770992,0.573230217125321,-0.059476429401431274,0.09317277206309074,-0.1514706685881385,-0.7199343763450847
-1.2596284603142323,0.6573578069878502,0.19141379675711695,0.7723263169925415,-0.18648487125229496,0.19449437690592283
0.8113084632561223,0.46540095223470884,-0.34854551263491806,-1.8383609867592394,-0.7969351510200071,-1.490657548012546
-0.48431299604101,-1.5339043125725136,-1.53868163557575,-0.8757113318427523,-1.442297969395531,0.1281928484033787
-0.5724002035639552,0.976521223758536,-0.09686778604181334,1.4855063314593522,-2.0463219112141147,0.4358096792383527
0.45734626343370705,-2.5435350629909794,-2.507897827203224,-3.1137424343433775,-5.751155924645715,-1.8084741341468018
-0.9162845644516092,0.05211886816359385,-0.7640834848738873,-0.980881051559684,-0.5418498713637089,1.028077641752689
0.9889093693878452,1.859366458838344,0.5948812520087015,0.04235926416862751,0.6627431408437459,1.5982722593766185
-0.7158843839484782,-0.23613947584981895,-2.8468568315148812,-0.49065874635675777,0.9136591685574428,0.5595119682834013
-1.2323860500219452,-1.275916440335376,-7.010071689690655,-6.51633981996618,-2.049328262300274,-4.084050501263763
-1.0775052267997554,-1.7991532671661752,-2.0878334481869785,-3.337420612584415,-0.49504966341786316,-1.2861249585165733
-0.6868234876671778,1.6154485211396263,-0.3182242985221383,-0.08798750582375595,0.2097074793967565,0.7694506103235712
0.9978055218298679,0.311340690627621,-0.7034898546641815,-0.127478555113138,-0.24653661334076185,-1.5891070563331713
-0.21762384573485688,0.897775131183049,-2.0882950341016953,-0.43491803882619195,1.9324691209806364,-0.33030034670614444
3.620927411523072,-0.14835343475894167,2.5181480863480328,2.781092513833207,2.0026255047411974,1.2830649886986412
-0.6832635859264866,-1.039360655552437,0.46193795229625856,0.01807093756994621,-1.0426469841763235,-0.6900904055813094
-0.5156034963026074,0.7260884238306445,0.31241883709791096,0.11955063571542068,0.2354726582459602,0.024875949329551575
3.008957613950285,0.9521311489136958,1.7156232042647919,2.359707711679845,1.517556591766105,-0.3196662622778157
1.7676190936550644,-0.31065690681147123,1.4266919430252805,1.5646898758536458,-1.4363216935866827,1.5708733576319618
2.4107200374693534,-0.039668643093901335,2.158186861130754,1.7758813496783785,1.8644695435248915,0.0498722956888652
2.511643814316108,-0.29696044743693184,3.271064778217089,1.2041517157996258,0.9188708982922551,-1.383965889079823
2.5949537566074157,1.1143548658543614,2.4594138033079918,1.950120974163673,1.6740743996584513,-1.8175838717631858
-0.6534215883920916,-0.7341346033343841,0.44210662326578754,1.8029842744427333,-2.107177786002893,1.6726061538563308
-0.6276087365505335,-1.87034466201995,-2.743679317984509,-2.796636188941051,-0.5250731532357558,-0.0872572257900206
-0.22852621953226246,3.9314785082224435,2.39848474679801,1.3713563118853307,1.2072877157660793,0.5573408819061814
-1.2545563778070763,-0.038646009266377096,-0.703591029748558,0.8685054516198507,0.47408451176887745,-0.10423656849848378
1.5167880362672876,0.2096716475548351,0.7256555561224435,0.780222446243637,1.2053294663853058,2.773908741998046
-8.351553303703003,-0.8128120118603696,-6.940587480960049,-5.273243663589081,-4.039926270545117,-2.396064028796813
-1.756883751675175,0.44436391945248616,-1.7614821159412404,-0.7944496482678786,-0.7604813435585611,-1.5102478283846221
0.7024135136611225,1.0403418707913072,-3.532299029189031,-1.3137962063095747,-0.6535205550199691,0.3251159312130312
1.6222358283508083,-0.2982320809949319,0.12593363918001677,3.6280581234326617,2.6016017105831946,3.2700701355359776
-0.3638515412056222,-1.7721066337784863,1.1011914327977106,1.6733874915236941,1.310923433331946,0.07335029707916296
0.02959841374100683,0.4437450092224122,0.2902056616120953,1.7225169100509037,1.5751366031554546,2.033223981626691
2.342788934699134,-0.6616661392799216,2.075743102156808,1.2733051478449322,2.815227842368678,0.18440251315026823
1.2066869408139131,0.033207827164605866,0.4042254498130258,0.4065351775141703,0.6881830680514454,0.08548920654697917
-1.3032369817133165,-1.9038191605137373,-1.023151323718674,-1.3818566412197362,0.16001497951305677,-1.5879163369213165
-0.3965873330774886,-0.26124398743762023,4.401381490068286,3.7402702476342213,1.690732763156665,1.315098833648667
0.11693744660914339,0.965529733143548,1.0165611518590578,1.2652732709912733,1.1802241577145325,0.9178977021513941
-0.19614331127926057,-1.237220368108615,0.42972205694689136,0.4109192288985656,-2.0091591669566995,-3.035848537303078
1.4485877165448504,-2.197371634092603,-4.122124609143831,-4.684754442898955,-2.5602978380401327,-1.543638962305011
-0.061568863460922024,-0.2127919020192542,-1.0068606201726988,-2.2672638528098252,-3.431954450890408,-0.3744414268361419
-0.41090984536617375,-0.0317696610033591,-0.2389873894356906,1.6693100335928321,1.183060061958609,1.3292240168852492
-0.6901798516241009,0.8014180983940175,-2.052118886545143,-1.4456779254246355,-0.948729196848121,-0.8667128667326274
2.122485942023936,0.34117695605389003,1.3131648374538347,0.6228951693636453,-2.0354294364927172,0.5259299989234418
-0.2689526436537053,0.19883944247075133,0.8228234738532343,1.1491207366675604,1.8322513894213457,0.9201922589319236
-0.03808346353615494,-1.1711588489395304,3.9720477150931015,3.1770093479741215,1.8274946918355213,2.1259050922551532
-0.7712997862254952,-0.50583608277584,-0.3897596685946365,-1.6019735225593685,-1.5912682320781053,-0.9798242186707399
-1.4500121650496125,1.7271891083979631,0.9856370624305972,0.018251528116972837,0.5683396439853756,1.8303016347002994
0.04214308452521803,1.0487675409247466,-0.21815324880836517,-0.5458634041891599,0.8130108317175322,-0.7825366607105237
1.1274465286056987,0.9026154153355276,4.234446781984726,3.419287039450686,4.107770982720294,-0.1454460123241348
0.16438945419145679,1.4095630506033654,1.2942297335539965,2.628536641105952,2.235691574340193,1.616180121380535
1.043237385473265,-1.401906620800627,1.8961187982602954,1.8956796699272147,0.6635275785952622,2.9254534357167445
4.064823203748666,-1.7351534316402095,0.9417941491296515,2.3281799019441447,-0.11103964849973524,0.9829484564664568
0.7918135080171204,0.36504420157464,2.2955546563855425,1.7406340663556545,-0.2762454240343737,1.6925277895962543
0.32439343870983967,-1.3350683054325945,-0.7631546588824785,-1.2217677666928544,-0.7376285570841545,-5.709548530926515
-3.368043730682537,-0.2434077504691844,-1.2172502664147427,-1.3160578872295845,-0.15577620095631461,-1.032767591588583
0.23294127489652408,-4.9910866298219805,-5.653706625775499,-4.753553896510236,-4.221263353529156,-2.3996465926800465
-0.915653744561026,-0.8453030894703809,-1.45595664738527,-2.388967581642903,-2.074392782081792,-1.2092262214549037
-1.0578479490376407,0.7760004454024378,0.5997298102795855,3.753783764529497,2.44566517832559,4.091109682224973
0.6702033594685552,2.6891037103753463,2.5753308433103856,2.5633658722371804,3.0891472995194773,2.1162277982980036
0.5865178879010322,-2.1573776209029694,1.8420999485283014,1.4610177936160644,1.3496323403547026,0.020802313627631297
-1.932067546209394,0.35934018921347294,2.1584013222727885,0.27557216342201163,-1.61577814125204,0.010893267031056558
0.706236374400826,0.4973471657848311,1.2505313764247543,1.2746308903345296,2.038576931633858,1.087603777723527
0.9580250228575896,-0.9137714023184422,0.01893005022149235,-0.022713190634121687,-1.8366550132110295,-0.7342276390424606
-0.5488408130036515,-1.9915757075444533,2.0651612136789854,0.09804959527090973,-0.5959974528255177,-0.4219016495668436
0.24628118804247073,0.049508420593075315,1.4417546545014042,1.131851707971827,0.3492029409946243,1.7563711881513955
-0.02542033897261523,-2.232072309417926,-1.665983346471874,-2.770893473183918,-1.9571756185357094,-1.370071908646847
0.3669362395569961,-0.4496348381603489,1.4943464831957138,1.592972093144844,0.7168954793584323,0.507257060289585
-0.019747999813126815,-0.8029663027482082,-1.7307740558100742,-1.99238761020051,-3.1488912090631525,-0.9404213885465944
0.25286374251248084,0.24051637852440574,-0.12132439934166833,-1.7284753110492024,-1.0329456971191162,-4.39716220412792
-0.20118629319042108,1.923388996358599,1.1995276791404528,-1.64874239059789,-0.1782146848859429,0.5518420167087172
-0.22057947562907146,-1.229351009119615,-1.248000824165079,-0.7409134028788094,-2.882331645217154,-0.059706392151618215
-0.845677318276456,0.8248562360936145,0.8434459504703812,2.9871939026007532,2.752201675544065,2.0874364890912775
-0.03843996239027008,2.040069990281652,-0.7882410009375886,-2.248408162690791,-1.96426682468062,-0.4583859976341469
0.01896798837098474,0.9469849534087841,2.2172029158989472,2.627958095109842,1.9401293106926127,1.3853488800947187
2.1696743380882917,-0.9058813358568513,1.500509581947718,2.762283161306543,1.6464022311781217,2.478233266629288
-1.1678686709048083,0.8126565697583391,-0.588029374612643,-0.7416961918973508,-0.058432522597493985,0.3695085449505511
0.06849315123121535,0.12485889314957398,-0.39756603745451313,-0.5805530860118473,-2.70317305887598,-0.12386301404215441
3.8148649163948205,-0.5184889688958196,1.31635015660666,-3.6027753945751586,-3.613662605491744,-1.2129391345276175
0.9557139276952575,1.366863143477743,3.337885389628919,4.070095222365018,4.718866155166753,1.8230507304296428
-0.27024561312216056,4.1940321228698245,2.8904384552583906,3.0606357917845024,3.815145734828723,1.3354637093275594
-0.4217925006638748,-0.9037174481102066,-3.1364134274353592,-3.0526815620181558,-3.9315799815019288,-2.5069148727139745
-0.9076746480239706,0.05211175122597253,1.1684432152133089,1.1547419792056157,1.5675552442235938,0.07664897363184531
0.03797716554682396,0.7809167831147847,0.9906355163100686,0.7541624635192379,3.2359020891704864,-0.20515373293443695
-0.44169828416271395,-0.7061186075532208,-4.018183757053929,-3.312393700553298,-2.1522016817994634,-1.818516712632752
-0.2076826904102862,0.06356756153463518,3.635488392532725,2.5957091604248066,1.7902851377904434,2.8393513862204047
-1.024376005701059,0.6887388646470229,-0.48488937915831876,-0.476852003509807,0.07259322989180375,0.6665543381885275
-0.40355479905190783,-1.5189987557133786,-3.1310680718776744,-2.0008138923651213,-1.196870771993022,-1.355400438692022
1.5652148925438405,-1.327241672914308,0.44014362541882635,0.6100327066973175,-1.611635556833337,0.38247341452827155
1.1930681666423593,-0.709997047668257,-2.7797575150244413,-0.9581107983618051,-0.22187631578270584,-0.019421842761579433
-0.20202528519459634,-1.3383217669755625,-1.1362045369019758,-5.14946964133978,-4.186350631408664,-1.1546213218885113
4.683959534960843,-1.966240081165553,2.270557336381767,2.0909996616006814,1.5722303345533395,0.06741473256453556
5.815661160740867,-0.02787950717891535,5.908538383446663,5.629596091712187,3.247708634331235,3.0101888042009697
-0.4410040800766697,0.08222551960606178,1.0105564529588034,0.9787390241050866,-0.3318181907529474,0.4699556748318053
-1.7981690671466024,0.21673648026739006,-1.4783557257827584,-3.5272389230484,-1.134004054739799,-2.0536138521090215
-0.23733984556065363,0.3335284849928219,-1.1854973570190996,-1.0505873763153497,-4.535142607909435,2.7132509566950365
-0.882811418225595,-0.06731907764830501,-1.6775926923059414,-2.127130804315684,-2.534676369616508,-0.2815304273173036
0.2508720695093432,0.04335061242830926,-0.7309609771289326,-1.2075504216911181,-2.662523204519378,-1.2760144625281356
0.3799145227049411,-4.4913222520126395,-2.6272839731339004,1.6358160012008698,-0.12257318923796862,0.9594440038311007
-0.6125210105602142,0.7189037444669727,0.7136156411771267,0.25391845710388167,1.1170817012241656,0.9389645178881918
-0.04177011918323451,0.5649416732582191,0.8026461626484787,1.85647117560188,0.7922673448091464,0.8521618794406864
1.6656628934223032,-0.185715794982971,3.8115062852877912,1.80264206142359,1.3136230999081029,0.0020664442441021835
-1.907464221650039,0.34204754983143654,1.0285802550572467,3.0489242332672064,1.3976195215578024,4.242271350691621
0.9178685274553923,-0.2545910943527576,6.892128875607737,5.322053835561597,4.053619476656678,2.6158463435722843
0.7193203529528804,2.204059917831493,1.4650342892866548,-0.7742300614832358,2.367260185901272,-1.2498531059647755
-0.9498868240018309,1.729350309029824,0.4675580462214987,1.1457247052981332,1.4211997556725398,0.27109085624125473
5.059514497814416,0.008684510354538467,4.688122471644269,1.933177551119479,2.9589914656543757,0.9016912896445772
1.2750738110781263,-0.14201223652581405,-1.5170598798685144,-2.6480916046720164,-2.470574905452797,-1.3970387060162204
-0.754959162605869,-0.9674259624386586,-0.19457625564453163,-1.9957326909676179,-2.451599367365037,-0.3733909887754191
0.06591681302211737,0.6848272632438948,0.71495934821298,0.5569333681545009,2.166756252016706,5.2322131033229216
-0.08920288085641788,1.1724444157127885,0.7286604524632442,1.2807728974891086,3.802673764174714,-0.7098188718198247
-1.3293362987338386,0.6796217505083688,-2.415604624015158,0.7092072356798806,1.5220446366117595,0.63133883266978
2.8018090562093727,0.44598730824422506,2.6122329432828377,2.5127980236541765,1.0974118418844359,0.5189242756680156
-0.47253355899982924,0.47444545080152256,0.18390638927619987,0.46136935558748104,1.4889555403827042,1.9014701994439638
2.897200546711711,-0.518092862451553,1.3098129871922302,2.8939441886192694,5.019224318159749,1.588050843134045
-0.11142595807885099,0.02051815573600721,0.29510701163376346,2.7404323037184177,0.9830207334268556,1.1867092869018
-0.07305131825681035,0.09367905770534331,-0.11312041890040694,-1.9301759607733315,-1.4178391608906933,-1.718829629773902
1.5569889428680372,-0.13192788792453744,2.364568364020615,1.8968916727879042,1.955133649173297,0.8887458899400156
1.3672277457297144,-0.72705840744867,1.8706755832009354,1.3864358456047807,1.1873706893895246,2.416005646262624
1.074994355873455,0.37850692417341697,1.5367587358996788,1.6234040630563955,3.0415433099744202,0.2532366014516638
-3.1758829847364254,-0.40018619410358336,-2.274768898099802,-3.864307784696779,-3.382419599471427,-2.2632399352198327
0.6243715296414901,0.9664285984046884,2.834180475000619,2.2757420249929154,2.8446865178805405,0.9265749136805463
1.869692293252331,-2.827597865547419,0.9143880285285089,-0.17180398594529556,-1.336046855887122,-0.10021681175319387
-2.679541523550186,-0.5940726093419227,-2.103253200570517,-2.0830806952348655,-1.408579848944908,-0.7792356738810129
-0.6035868868192246,0.5413201017197099,-0.913052900290875,-0.9597497395691563,1.5247721543805124,-0.42279915646257565
0.19577685565632447,-0.02529883074267179,0.0978177180183919,0.3298061743383525,1.1663437187246313,2.208924342855108
1.0534303206527207,-0.8944081029332492,0.2027568727575087,0.3511556060935554,-0.4472257267427011,-0.4095239201107977
0.06042830961670631,-0.4061730770035319,2.281851514933639,1.9610228237691636,1.5563224207889692,-0.43204951072519115
-1.836511804583498,0.5381295254530682,-1.1653623687015426,-1.698623714566182,2.3576922281001638,-1.4264308880127134
0.577895722533261,0.6867826426102238,-3.1899233067565977,-2.497508077499802,-1.4610617142540774,-3.5937925631626055
-4.132608807544777,2.283315632111384,-0.993801011865215,-1.2290402196569956,-0.38814066264348046,-0.1228150251552329
-0.5529227720324097,-0.559112264430656,-1.1475829830073883,-0.38344004451754843,-0.40657319672445363,0.49380909273652146
0.8991703244389322,0.3372650021413517,0.9414117250965592,-0.5984151363830716,-1.2145025052562781,-0.3153495414764198
-1.5113930789743721,0.9479639789990802,2.4475635075930704,2.2668144372585384,1.7893351036692497,3.526810476555574
-0.162368193136285,1.143929570652091,0.9253532462335139,2.108753608490315,2.5853933778339053,0.7678292703896845
-1.8227496912111598,-1.0708075989790615,-3.8560103136736807,-2.5019762874259937,-2.198667224160684,-1.3054986215806526
0.09224786562942419,0.8120839649645011,0.5050170670643184,1.610872670677068,4.003729173838793,0.3633125251257351
0.8258558755978552,0.7723327522956104,3.954801807982186,4.874818134557666,2.911464407298583,1.5189826707730525
-1.2593705303616947,-1.5653660778769836,-1.7898689996278347,3.720878310249825,3.4466569629002333,1.3723238191156208
0.05699030931735118,-1.3792017203513611,-1.4608833182366046,-2.236176654984792,-2.2748344982442794,0.7104334857969381
0.9499000146551438,1.9084432826150972,2.3848734493386257,1.0623086210868304,2.1362716419309367,3.0179043818926456
-0.631416834382848,-1.0318331847756665,-4.718995692156107,-3.5723405809315247,-3.308053955829082,-1.0904446914612476
2.884179904466216,1.2078266656231975,3.593696672368377,2.7168642215650682,2.6591914216627908,2.7249403995890122
-1.5432774077382838,2.27975465902055,-0.28657447293858496,-2.8133001486689406,-2.3680699202787237,0.5510598977637162
-0.6872403489964879,3.186866374810995,1.8681057194476396,1.8145848015953234,3.0793006244595316,1.2112420928788052
-0.4738039057794647,0.01895601977859239,-0.4320030167013992,3.097020422557847,1.4900492559638558,1.2790768218312443
-0.23583774218256834,-1.931052281379369,-2.311195406111029,-2.9264391369200107,-1.0173228640678882,-0.6293497581331339
-0.4334415757756122,-0.8058984177317288,-2.5678668202331583,-1.1827394450977213,0.22842595848116898,-0.9218614156550069
-0.8941803371847975,0.3933325211879289,-1.4814997873976887,-0.3190258048954169,-3.739805265415381,-2.854856379744475
0.8500075222839141,1.1098621256055494,0.775459389434788,2.4281997988723045,-3.753761655463999,2.0893678155944864
1.6804564103160298,-1.275927578155234,2.2686831618821652,0.11537233688549509,-0.5052874967771875,0.01211683146791695
-0.056588224102607526,-1.201387623298628,-3.1199368401955936,-7.970310024955441,-4.973352566574247,-3.782530432626793
-0.09507095446268862,0.14009844742400765,-0.5423022894542654,0.2681709143665306,0.9305522634499972,2.5192734328980495
-0.3668038745066909,-0.08864226020099764,-0.632095353099161,-0.7724032776672769,0.04749047962772435,1.7659234910555721
-0.8626683127994732,-1.3583784861617205,-0.7308728615875603,-0.13400227775756351,-1.143407683469455,0.07467775362603511
-0.8075101199950195,0.10542071827207705,-0.5231827477709707,-0.9794567693913809,-0.4776667175183062,-0.5289826636210115
2.4650433624325365,-0.9105922900615003,2.8544772088910486,0.9795783746879787,1.6986111976234635,-2.4196177434387143
0.031367471776359915,0.44940703879681776,0.33981168657436533,-1.3736307008684507,1.2548643220525202,-0.7530252801332069
-0.17121313461960508,1.8110802824200594,1.6725094846980788,0.04270243614570157,1.4564378291155697,-2.1105806631838795
-0.6313018865987474,0.11129035708630573,-0.5674859624473726,-1.3389446430160865,-0.4443284382031956,-3.020554403872268
6.401770549975365,-1.9580860027872171,2.9830564354983173,2.8824482574752377,0.9460609507427422,3.3126328590367464
-0.48566216796876827,-1.4743553163882401,-0.28705809177330965,-0.5231346378339349,-1.2552363690143953,4.847350646389865
0.1808833671984393,-0.3975078055154806,-0.8095114575500216,-0.9712298436455103,-1.0397444951275705,-1.8875892670649372
-1.6357085515166225,-1.7574735099264405,-4.164279475653351,-4.661411895116451,-3.9287122099666982,-2.780659043765695
2.1183014067310717,0.5035690480277892,1.0866635205026838,3.066597297435429,1.4673353082349836,1.377934001591265
-1.2817651680557836,-0.45666307974726733,-1.3343166037269008,-1.7298454556686989,-4.908499315259475,-1.5374417298119414
1.0318104808946897,-0.6040516692091971,-0.7472201351032879,-2.4212699921838405,-1.5751314347144614,-1.1959483770878787
-0.07351666680808232,-0.8210189312748967,-0.6890808981484003,-2.7874359646870044,-1.7826058507024438,-2.120075145979291
0.008805748102543863,-0.05950844975269014,2.036943029488742,-1.8354953973669033,-0.4125440303162782,-0.8049779537682105
0.007701752311529613,0.9695241375030362,1.3750832596463307,0.6331763530314691,1.4657637144561981,-0.6501703722304208
0.8632520788887523,-0.5054812103580208,2.415739124034147,4.80254905600524,1.659024281030097,2.4582131006435075
-0.7102931060829663,-0.01266722584950104,-0.8853616154575347,-0.9162850559691613,-1.0595187655024647,-0.17687594531831746
0.5044174209006035,0.48185685846420756,-0.19348206350054986,-0.3977061021019065,-2.3093994318268662,0.3527562914707268
0.11462247583284352,0.31726734195223494,-0.6379448851642289,-0.6013551376387651,0.21221074981328003,1.3110314200017847
-4.133316104603787,-1.260334042966463,-3.7337993391856767,-1.2177823092640205,-1.4400420897492776,-2.032966932641866
-0.867993259498382,0.11076168900135494,-0.6658529170243194,-0.019545799605487746,0.660302323529038,-0.11797583773491521
3.5576440037144894,0.19151410232379673,2.482709093092685,2.6338729147666466,1.6640005247488139,1.170274379598174
-0.01961903871283635,-0.45051655807481894,-0.7325795280509935,1.2874543519865438,0.3598864640183626,-3.7774889339376414
0.8415968589804119,1.5301766226745261,1.834383775779997,2.465411210973323,1.5789046706707865,1.999806839482059
3.9524577661095948,0.9988777701531301,2.074392682431874,1.5704919174671679,2.2291492211995774,1.181664491879999
0.38494381604554284,3.043489997981052,3.006668978123206,2.7371209082961756,3.0355743468499554,2.1549807722636087
-1.0451924619329338,1.1304345631428234,-0.5241123959244154,-1.8227863060305862,-1.8123661294219815,-2.184029018866421
1.5375337665544078,0.9523206463970179,3.1537710883740844,2.8158456406883894,3.1845407446412644,1.5055343075992316
4.011398672547012,0.08229187629518901,5.34437390226649,5.253125659556465,3.4042465830743516,3.423580842322108
-1.632994520166492,0.414496372267873,-1.723148120172159,-0.9499743285818535,-0.13628756231666078,-1.2940097299925004
-2.459447098229364,0.5807091408745291,-1.7326720980903199,-2.215857407220224,-0.6384767253441529,-1.2358557649335686
-2.1075844914471626,1.039293149140162,-2.847752369953302,-1.7951609499049304,-0.9884283746351779,-1.8994737901628924
0.0278577891394461,3.8073830316839463,1.9952396993399542,3.931691903269501,3.760007658953374,0.08468639709561332
0.5100152440756899,-2.366590633159727,-1.5024966128268813,-2.3229145472928794,0.08344228276922605,-2.8848814357441968
-0.7199812736456521,-4.739829852635019,-3.6381716618340683,-4.33590020722785,-3.9858391944438547,-2.348246544425584
0.21506592415302495,0.5501740049075269,0.49917324205739594,1.0933911035593273,1.341769583271401,-0.38138380941447925
-0.8758575945706757,-1.1141854394046906,-1.1016014032796364,-2.8078224730979144,-1.6600921089703737,-1.6095438333554262
0.7000925169010134,-0.06759142573911993,-0.04179804117081248,0.9500898494890448,1.496702148870475,0.45759077573316587
-0.38094253176144927,-0.3366874847390672,-1.2165163271864445,-1.277043469904619,-0.3147917150791726,-1.066517783490693
0.817201553258775,-0.07694418305064918,0.6777602420017799,-0.27136464033497454,0.2536671238255537,1.2265139259740283
1.37047419549457,3.171365035323809,2.5788570359220864,2.2536616796208655,1.582638189274888,1.2729906982310066
0.7480779751318906,0.41804001959395326,0.883808473283182,2.9524892726767304,4.589041711170141,1.2298725216488302
-0.08549060417072718,-0.10316937812482752,-1.1399813569872317,-0.9588103338384388,-0.23387787481793715,-0.1727192890848075
-1.037863058878265,-0.17425222231214618,0.3636545190656607,0.1034014262097348,0.24872361093726153,-0.7848336641908971
-0.9531104930038918,0.3378627285404536,-2.564377213819157,-1.8902259844156175,0.3633385860907783,-0.7212833782014196
0.19752462632610088,0.14058317884018728,0.6893712801280883,-1.1761765067833245,-0.9206486159915956,-0.2366326427969238
-0.07798556859825999,3.511779457684844,2.4888471974219524,1.2825406265420864,2.2882171705953827,-1.8982289291651042
-0.4485085532095331,-0.07867291164099448,3.0107408144270384,2.02431401298139,1.0137590475229123,1.9410313659895928
0.6757435770309398,1.3408880917001016,1.1645423589525645,-0.6226873624877419,2.953373070540569,0.34565263737415475
0.6125140780753096,-2.2157349619687188,-3.3804908945444154,-2.2239225194078336,-3.4678947568560132,-2.2490244463136158
0.5364378106752954,0.4334435074127691,3.389913666376998,2.0659916433981733,1.015250297387372,2.13186385227987
0.4952226849181507,-1.1572561078422883,-1.1573989552740351,-1.32002247411483,-1.5362342005876768,-2.7870046400538655
0.06355452389664396,1.9302680107068704,0.7343800125316724,-0.0010519107651507653,0.26625180417475786,-0.012600928060452236
-0.9361365317453901,0.0943261095039458,1.8042858949953446,0.4188467141599208,-0.23580369956780073,0.41937583736097933
-0.12079301509477484,-0.5986451506658065,0.30195288118357677,-0.11274397847698864,-1.3447302138956676,-3.2954044885615668
-2.432814248424522,-3.3234755440086308,-3.2831007269574792,-2.381706074340907,-3.1506181374785878,-0.6209218762172344
1.5000438597028116,0.7583985556503423,1.638565467319924,1.4781671116965511,0.09359677423565871,2.372479958040511
0.21819300827767296,1.0900063341543584,0.9031798946717813,4.141735049031598,3.986795070572477,2.934025942850647
-0.8670367991047758,1.6393302327228607,2.6862207004232705,2.7411855693241445,5.068441212572885,2.2279732289457077
-1.1234890846870722,-0.3322753134526358,-1.7153966150277808,1.0980585840002604,2.1435156145846057,0.4564600196503602
0.017905118794712252,0.1613290581897763,-0.37661390558357966,-1.3820475687493656,0.5252060803328427,-0.6359682084930364
1.006115295309092,-0.616884452314633,-1.4320652738326194,-1.5124927841098041,-3.2901419795324554,0.44648724690987174
0.1222593542694598,0.06319436769887805,1.2063160059914007,0.3214261047960506,-0.8522823380114418,-1.7729338571494533
-0.41480157540805473,-0.6134818209882806,-3.6240251478279992,-2.5285767396360948,-0.31253088155675157,-2.5337197250427916
-0.9839036984063716,-0.9536098515148809,-1.5433780222615918,-1.9350192809313311,-1.98008452678264,-0.006640555128064829
-0.3357293280098204,0.2921167158674297,-0.45302645846592027,-2.0754769157330664,-0.6606328140528716,-1.990796186200738
-0.7292277785270456,-0.2720670317705563,1.5748564481871175,0.8728567532764032,1.9317031182589015,0.4959043271108623
-0.0027775816178338313,-1.677869701262149,0.23525237000420374,0.17753759202114938,-0.32552792405744363,-0.7121191141352922
-0.20126293334517872,1.097706832270372,0.8983225597169378,0.5884908448329239,1.591985881293542,1.4776991556363597
0.7402041457498506,-0.7683928349569575,1.4625974793834464,1.839997492880814,0.32625832422688694,2.1350274665984452
-0.46027504511066575,0.4246673932796986,-1.155341692953759,-0.7472196303837886,2.6619199787605896,-1.6240889171504418
-0.9162959661135507,-0.43125318027591986,-4.006168831434739,-2.018086132579678,-0.5022353637459777,-1.0441261713683854
-1.2395738311835158,1.348459400505528,3.0246653738249423,1.5532401618786447,1.520892141039091,-0.23786123425109917
0.46637243813051493,-0.3549744687562023,-0.45910181552650386,-0.19435928772970626,0.10674566253168469,-0.11719175540740129
-0.5185207842340036,0.6690468246960427,-0.899023694010545,1.6309524465235066,2.646466093873063,0.5608747638862936
0.026643155992908042,1.0400933152917058,-1.222580978922492,-2.913979143740737,-0.46129103473251454,-2.4538204748897914
-0.1642743105617565,-0.10157562266126846,-0.15242350037698904,-0.5903981153895709,0.2697712772973907,-0.4665304704858947
-1.9205622387918284,-0.29570903109018903,2.278488070719586,3.4751672302111576,2.1401526054960964,2.6730973700598333
-1.0333706140316763,0.8282785149139293,-0.19863721394231962,0.5792872317908663,0.6921842917636447,1.2178577764276821
0.734327460861613,0.9871981926411625,0.6700860241743671,-0.18777651782762705,2.338331483529627,-0.522821075238206
2.826712235066699,-0.96999847014188,1.6931682819493583,4.217104547103538,5.163885916642183,1.342945135941274
0.47748003208023,0.5014455318327744,3.1036157963451285,3.389812750185205,1.781788924049892,2.2318917103932523
-0.07172053815673081,0.9623023608384252,-3.672868382299249,2.3047972580659764,3.9534618166350475,1.6957139227786655
0.31025621592304553,-0.061303310253090215,7.266447949533271,4.748773103384647,3.105334483268658,3.1076554349521244
-1.5941334892279075,-1.0818455540653813,-1.8065505336020267,-3.7574373343514385,-3.384681281771587,-1.2338848171043961
-3.846717212112787,-0.19742586165984594,-2.516477099127706,-2.8159021777523154,-1.9362543216285346,-0.9759536814440338
1.3749440838053333,-0.18481470139228728,1.233795960496408,2.4068387161902614,1.5877000118693276,1.734053394165179
0.21625736523560937,0.15044757466720332,4.440426130629658,4.0489505743297105,2.461761526956982,1.7023525709813483
-5.670465376217246,-0.6933201596465605,-4.691499098703944,-4.226665278149022,-4.366984933738915,-2.556308538871437
-0.9569974859317271,-2.6967495750348345,-0.8086198533532272,-0.34802530272190646,-1.5760013270860096,-1.5110309693046682
-0.1915918258075095,-0.79122186841865,0.12164679216152996,0.9486794994386614,3.5195987184389956,1.7012680074780895
-0.2387865412676381,-1.1427855635608395,-0.2952923656101264,-0.05187811596911854,-0.6328464308460015,-0.6321628164047014
0.403694193933681,1.374667503467563,-0.0345011278094256,-0.4514136274759613,0.44759415179432427,-0.6417266293189474
0.01579272996360449,0.8251341889229766,-0.9025660682852431,-0.8542082566496012,-0.024670672626528056,-0.7642277721301165
-0.05810328802542665,-0.4210883960199403,-1.5298369811491057,-1.8203510563185445,-1.6816618660214002,0.02463932945793612
0.6133094701441599,0.7197568846067846,2.314797759470182,0.615779162738936,4.011143205099857,0.5567213431783153
-0.058776311719390795,-1.1876031674241967,-1.7707115943835592,-1.8873221356160124,-1.8069132317019094,-2.9700657180966243
0.8146943152582644,1.6065799685369968,1.169653395515422,0.909807728858349,1.6763693731138822,-0.6763266859597172
0.20143573035812684,-1.44487985143975,-1.4041288960623426,-2.1998300890021234,-1.6645033853852265,-1.2204725168511878
-0.016663237299216503,0.28448044042934356,-0.5469297891692101,0.20269390949805893,0.9868359917558408,0.8628977675030085
0.8708691951638365,0.8818513379764152,0.5394180033532434,3.5654986627745178,2.8972890472005455,-0.2586731496822485
0.061566650376204776,0.537663983519774,0.4781051640369652,0.37691756762329065,2.042297911674001,-2.0360036187620763
0.4441743801121738,0.22173389279964414,-0.036167618448529004,0.9957951305705842,1.216431377083623,0.31525088626802544
-1.7979787649206576,2.061282672406753,-0.34114806726788927,2.7738666162574956,2.4269700718949396,1.5361486955126007
4.10361750962364,2.438305984237131,7.337869960132496,3.8049322478237824,1.089994323317483,0.8935477681143689
-1.3361513079775371,-0.5396652313009278,-2.7079970488451197,-1.617735240142295,-1.3486208918116502,-0.539979278899385
0.06535766181170169,1.2647083751732129,1.3612697074225304,1.0129870021856042,-1.3596386625497878,0.7619333595273123
-0.5266533717032922,-0.2479288348933574,-1.1062907368879897,-1.012274690215122,-0.886765527486271,1.7232231043094393
2.5764972078837354,0.1538237535340757,2.6157436609149967,1.927873765975296,2.0736677293720094,1.7398876066663598
1.384093159879141,-0.23052272084888417,-0.973792567631802,-1.5874452410892799,-0.8605654335625141,-0.7044643478073443
1.6050182165013862,-1.029538365071931,0.6033808097818438,0.6156733258562799,-1.6392891466554336,-0.21288927960280357
0.6026704626429202,2.7889386629493234,3.32105841169329,3.3244878175172796,2.007354455721801,1.2412149772051473
-0.6110100126263768,0.67340736843768,1.056865906699536,1.0701627800149565,0.9262819879003672,0.8911787225553848
0.1542450849005493,0.08639786621410056,0.266693119334786,-0.16269314971431612,0.9311503604984693,-0.19449657253052216
-2.622981787827784,-1.6940938438181965,-1.9342917615396682,-2.1435404301244176,-1.6435503198990984,-0.7132926310233567
0.49038088232418,0.8307784282294399,0.27084475281953,-0.288112738110728,3.1995683938603605,-0.09349820726719578
1.9771088526269887,2.371242393860102,3.608948300781187,2.5334793229212167,4.228287305634032,2.456961552971891
-0.806901560762899,-2.04268049298255,-1.9408376976590023,0.7043706186756804,0.11398683331945053,1.3728839274670357
0.9507073174081113,-0.33895266063010054,0.5777199464959186,1.054754543926084,0.757420377552511,0.6728317776118986
-1.1213402882596364,0.8030202083733613,-0.4503734094035827,0.24790098310314196,0.5667996465042897,0.19091655698693843
-0.010201285473979858,-1.4779445926424537,-0.9523314481577236,-0.2621767062447864,-2.005758788605484,2.533633317990444
0.42128556271782536,-1.5438316589871275,-1.046954674097133,-1.3159613422139476,-0.09836171041966701,-1.8411804585510356
-1.0658322202179384,0.8358736883064023,-4.141743744370648,-3.38197826399826,-1.546880657310603,-1.8025728715806093
4.24889017095621,1.7134789132281947,5.313293242843285,4.935221719915174,3.5257700432192736,1.9864188926064688
1.8200417308453358,0.087373765537218,1.286765755060476,0.04922304051752424,-0.26070493625118885,1.327241270347736
0.6547279495341488,-0.40858816669751735,-1.271602134752205,-0.9689527602781973,-1.6983264587248899,-3.6076541706234204
0.3465740073923214,0.6118784249801978,1.6195010351287364,0.05123351412771049,0.4764315543241983,-0.2434051996135759
2.603670924445396,-0.30064837059799326,2.5331114436373015,1.4198982364265167,-0.5962562545362535,-0.6017185131714751
0.497437114811467,0.817218550273335,-1.1659206740068415,-1.9661122840762324,-3.333881371255904,-3.16905384973053
0.4417454097763742,1.199304122369408,2.802561501053697,1.4609872211627906,1.9618886248730272,0.6561669474443124
-0.4779533518479515,0.596355081590878,0.20690085468061814,0.3874755199435135,2.2093728747215167,2.203211890799134
-2.9628622419086765,1.3376943499585077,0.13771573930292558,-1.4449155498739712,-0.42887412299463745,-0.38771956106740607
1.9016456300502642,-2.4653378817716978,-0.5108198602700003,-1.1366475373308744,-1.580157549596838,-0.9569780493727386
0.1802039880897351,2.1378850787323067,1.5783165438229614,0.26508061098782343,1.0836117799550673,0.465793975699714
-0.4873914257416534,0.953555052125548,0.42910936618380885,0.06174556984591001,-0.14518841104744934,-2.0241694103386405
0.8990707809053304,0.47255928809689574,1.0792012230513544,1.163576320260566,1.5078665157923021,1.1923940022509838
-1.4547049861244974,0.38874890299893694,-4.07693313275736,-4.4517587080497005,-3.2286353017588523,-5.617954111095752
0.2152666636006818,-0.6481440341357703,-0.07136629506527162,-0.15306927418569535,0.08595604055547756,-0.521994709141779
-0.2379078657831568,1.2029406883961942,8.185919679204904,6.675461513316146,4.115730079902237,3.698730694198802
0.3865423646167004,-1.3323951409638422,-0.7001043000542665,-0.4773312998834306,-2.615886076974703,0.771929399579975
0.4938510376327373,-1.5820705210751493,-1.1089411560129534,-1.9660382243986692,-1.8157535824691726,1.1223095079260978
0.3708098627010555,-0.5083703596632937,-2.144228616252041,-1.880483154810919,-2.360334282350865,-0.6111730421344178
-0.07787802492300971,-1.0823556374875336,-1.8628197992599143,-0.9319635178543271,0.31616626732380726,1.275817036425153
-1.1980457279747323,0.8855981378272479,0.1716293201474441,1.0717808261501656,0.9389540911867603,-0.7101027066362339
0.4776589646859426,-0.6911535655393551,-1.718890590109785,-5.815960346106905,-4.315637214154643,-2.0234195476833294
0.10918312622693453,-0.8435024817858977,-1.5012528784836046,-1.1540437893069477,-0.8449519575321938,-1.1855776589952465
1.631148371071755,-0.2116674665938759,-0.6867073685708109,-0.47415912649552217,0.2516848897274101,1.6995810475428148
-2.504484339480767,-0.3994160212817797,-3.6043375016481143,-2.294097940141574,-1.9788789504059914,-3.4326584068706163
0.4377960702790073,0.23893338467166403,1.3062904188971671,3.112481721589405,2.0755846131515128,1.9767969811916506
0.05863907323814039,-0.639721435662876,0.20542588935200135,0.4240738730108406,2.0465156398994457,0.15692924636134034
-0.434076184732223,-1.3546068357373335,-1.2962716849798839,-0.5812041709382634,-0.5139262783493099,-1.5724240286661544
-0.028167303609717746,0.6079955240141504,1.8006736675261648,3.540209144079631,3.5729723300718423,1.5848268326853947
1.3267264410318795,0.5458105267772505,0.9118065661183199,1.2503308964451108,-0.3980579674401218,1.7433117612550668
-0.10818399563716133,0.41853647547390066,1.268591941707477,1.1134577918548287,-0.09582311593629089,0.6851004598973282
-0.8863564046732809,-0.20851888129541285,-1.17848000371521,1.8804136440281218,1.0242099921965806,1.202577304813425
-6.437927380898994,0.3637100771697277,-3.5555216522239528,0.7453151649531051,-0.0461518163091823,1.1653194238985196
-0.28108217682057585,-0.665074185480337,2.1249186132185627,1.354265538033955,0.5467856626174284,1.24799300169912
-0.8771685969501117,0.964210607334934,0.04071896573927078,0.395873495824476,0.49969483198289133,-0.2807918686601402
-0.6585738836127987,-0.8970552185521213,-1.1930108341888013,-3.076619111316884,-1.155796561314818,-1.3918650074116565
0.854336721249315,0.3153755472023115,2.9085759581677735,2.0965315266407853,1.290384006849732,1.7336593243470388
0.2570289417149557,-1.3907933605594873,0.06487380515081942,0.5794397827686834,-0.11838527456059185,-0.9722061117612919
-1.391678871462163,-0.03716286098875559,-3.408102127496119,-3.599777592413061,-1.256269408156108,-2.123073913201181
1.0637058629248284,-2.274727353296272,0.01764082954289814,1.1194740541523565,0.0857639218336399,-0.13756339504217097
0.324733382090976,0.22071087852347276,2.2534143325436204,0.5283624368292059,1.9304063427531024,0.9041518320493451
1.6347028975459834,0.4949518107106524,0.20468902256157961,0.09147265675649556,2.0547422142214167,0.567560704636118
-0.6097128788024653,0.4571516529592163,0.1869621618253811,4.638866539287665,3.8683986432679207,2.0200480032144883
1.7163515911696043,0.5708605976626766,2.247337973812962,1.3761367972534293,0.8837520532992378,0.8315637099832071
-0.7023076755540406,0.7877597396923899,-0.6823276432062431,0.15180818334736124,0.09463646349957974,-2.0514594324348407
-0.8566417688230304,0.6672379726150265,-1.8569490543056193,-2.983874907330941,-0.9366281056999529,-2.45645861197981
-1.1747545706075075,0.5329918555659189,-1.7154461578644469,-0.7110280456165603,0.2302496329114181,-0.6560262626574248
-0.23989208406303053,-0.5986008015097792,0.737725244776632,-0.016588679696054376,-1.4820035516855021,0.4604910475878322
-0.22514586934686057,-0.43314619443838703,-1.2294952758183975,0.17769626633468594,-2.0059228082985987,-0.5973055021593248
0.555704160567817,0.7593265688571919,1.5816083256361322,2.920940561780366,2.44628607634052,3.696436919397048
0.8742275075677599,-1.0779415599842581,-1.284027057142435,-1.041621625169822,-0.9579860484139109,-0.5989180604809287
0.09397498414096074,-1.3059369956794045,-0.06715756594589262,0.26327432831434905,1.0919370131657224,1.7328160256508973
1.1028743657452773,-0.22788236549799412,1.8895398934261745,-0.965230903674011,-0.9967413066555573,0.93293483365598
1.8827545786949222,-0.04612248405399446,1.2234843417094488,1.0720608175117858,1.7882700834952545,-1.0718844102273724
1.3358151459698775,0.1809186057594037,2.2712918855283046,1.268021018459557,0.8893064401295495,-0.18856309212728617
-1.375765199262331,0.0892263078576664,-1.8666121303127783,-1.8091360055470893,-1.3416842815395666,-0.7854638142651913
-0.4163277362879889,-0.13560613881861783,-1.1643284058664052,-1.6965440956848172,0.6702449774658255,-1.1849986442510083
-0.7261268068979932,0.17384133773785643,0.5501890844820511,0.32787793736573756,0.01519571895548244,-0.24930617983084363
-0.6723578228415454,1.4716031013057846,2.7375451215787505,3.0290414007106947,0.4364883519181426,2.0260784584273
-0.2670640989442171,-0.2453728067933896,-0.794721248612164,0.21265078876230847,0.4880820924554288,2.077094892077772
-1.0866097046068524,-1.6470795196611987,-1.415404802516288,2.0041318952738743,0.040060167927769785,0.1121881353282449
-0.7917074824868695,0.06621605045603718,0.4797966064178235,1.3800328660364278,1.3604461770935627,1.4889760914373826
0.12325336732674606,0.007145364222208193,0.6341180160791894,-0.015543824209703017,0.10454250346076832,-0.28588197699057744
2.10856112333663,-0.8394820759110059,-0.058522751178944454,-0.11036874433979385,-0.44391901779400916,-1.8106695978908673
0.5162263290284783,-4.396073283604038,-0.5447613941636393,-0.1378005725220638,-3.251542725109245,-0.1206162323283529
3.4454427692836394,0.4461115843355845,2.234099178866691,1.40662556489884,-0.3100580743263164,0.20181290849507272
0.028938548432225254,0.09415897563380903,2.6982729015388984,-0.11748941511698341,-0.7697405134447735,1.0040394658206877
0.2258805557531565,0.5181825448253045,-1.1508211414815754,1.2082474101809082,-1.9022604732641444,0.49684663239511107
0.17878610667563286,-0.36363791724237876,-0.2893440459719457,0.017452848345158756,2.427122770368752,3.390245126157934
-0.4332811487535605,0.08215168296896007,-0.5392020037106812,-0.8827574927206976,0.29665595668834943,-0.6107792994739019
1.385742332627887,-0.3695545018938611,-0.556232156879868,-1.270504878979623,-0.30900718910735037,-1.1007155815440017
-1.863027283125222,0.6604671476108408,-0.8635593477346927,-0.8369896665282538,0.5532030796558197,-0.5682668722925883
-0.44782681378701883,0.23304562937553486,-0.4549510882091452,-1.0453842459214582,-2.4797418096229222,-0.869577998927783
-0.127476719847715,-0.510091675578152,0.2180583523962123,0.09275631536329304,-0.3818893442290373,-0.3879881946810747
-0.9743402771194075,0.06781739138233943,0.28833787615946616,0.6681906141355092,0.6297319739705806,-0.4612955202644122
0.17708811318361672,3.4270223115037823,0.7347629458212892,2.728280440968372,2.227950267449728,3.3771804237170038
0.7847911440077465,-0.6461427339927265,-0.2456327199609098,0.49536074641692995,0.4872784655106036,-0.880194733652232
-0.30900382764682044,-3.842235518463228,-2.945681790233961,-1.8302480586819205,-1.4312990524259899,-1.145659713307331
-0.38042049519252485,-1.056794952476115,-1.7647595805534335,-2.714960038998715,-2.028196781540263,-7.140440148866988
0.8706415742739705,-0.14474567649910153,-0.6922123456838265,-1.338199863816357,-3.7253463395779827,-0.5986466249628377
-1.654752916947284,0.2514389728453294,-0.14803770469996147,-0.894386186262943,-1.7104340679547643,-0.8199321854584742
-1.6078231281871165,1.3252769053598474,-1.3423475237002613,-1.4571737114092969,0.6370293996013134,-0.6496624789383437
0.08663851447740377,0.6689283458228114,1.8920865578307535,7.240861871701155,7.006709321045195,4.7520860973706665
-0.16791565747772277,0.19798607256843692,-1.948171761796665,0.19031093491270923,0.09938854376380583,1.0668830623207664
-0.5547965680965219,0.07209942241231557,0.022700548418608135,-0.6487014785164811,-1.0745011563292315,-0.6721750651516416
-0.12354177953803325,-2.6014425285382536,-1.3421599143490592,-0.3733881622912205,-0.5301168134336026,-0.7096595497777924
1.2371039568549609,-0.4614552439355833,2.0436895094867404,-0.5214106673562662,-1.133073303604568,2.7488881775259593
2.3807330463372227,-0.2590604262329853,1.4946609600561036,1.1176380601246185,2.832906202063806,-0.46429477607575076
0.5601350934884294,-1.285566071589973,0.23948112528907983,-0.3117706274014813,-1.0482297584951412,0.311229162336889
-0.9025804746434304,-1.9326673675629384,-3.8796957434709936,-4.6991174114322645,0.15755144734841275,-2.976769973600807
2.6970683347852358,1.163912079033652,1.5717262835369572,0.04960389770424811,-0.055097876089659326,-0.7452736893538499
0.6766305602630579,1.6204658971289165,1.7161524091378295,1.5602691139109042,4.086901560408362,1.6019350271076944
-1.1060075394090865,0.7459467081320129,-2.8037066805708295,-2.127147332358257,0.26023019589026664,-0.8771188982021709
-1.815190227050282,-0.21345385452509397,-0.6184077151588084,-0.5162954401858547,-0.8404766203072207,-7.905625417858629
-1.001731828607464,-0.8356241377992177,-0.8710063599456452,2.2257375857328885,1.2108812866978869,0.997649109518163
0.3748605994302736,-0.46510763942330735,2.517027611672785,1.1580342132438688,-3.2159169629083157,0.35829897654704645
-0.16489046176509978,0.18900017806279784,-0.012100027088447846,0.2230695916389894,-2.0712831072122535,-0.15229718185217123
0.6493556318731611,-0.4237190221234212,0.25512960216644426,-1.0785308953918513,-3.1496620906765203,-0.06626590586349634
1.9385511973188063,0.3383976750949505,3.6205843073300334,1.9114522630509894,2.015926166367737,1.4653055340045027
1.7930942974618003,0.2731450109552086,5.24455949354548,1.0301066940842332,0.8625653582723155,-2.102581405467977
-0.0023600932975230567,-1.819601552978901,-0.10523515708287268,0.38302075298136856,2.871356891093664,0.5040080827250659
0.6542693971183402,0.6529542213627036,0.887031427318659,1.8657744006536308,1.8840021689118531,1.543504701875252
0.45178229213900106,1.4127574601922668,-0.5988058460889671,-0.6578217356057168,1.4620101550873026,-0.932581944219274
0.5583185079608555,1.4363433900893088,0.8565075852691696,1.767114673034968,1.2350998299451255,0.8794420403728987
0.2023619677457644,-0.16345227457191586,0.8689080243897405,0.15958902335433411,1.8526210472445064,-1.3198535282768638
1.2809930273855217,-2.446708758218135,0.3253870564195913,-0.026576215976856887,1.2911445724118407,-0.37637383492988913
0.2829649571760785,-1.0976967548364045,-0.08527497434247538,-0.14035076838057564,-1.9905548534889013,-0.9900331484830158
-0.3787981249855533,2.974681337808719,6.726207991376839,5.29668154025957,4.128192930415641,4.181655557007966
0.26452354554065066,-1.213234829803423,-0.6981041061266589,-0.2285579378213607,-0.10174056472640397,-1.7995245508969102
-1.0208295226416624,0.1753665979505803,0.302741385475201,-1.038913404295604,0.324514698570729,0.6633320695048117
0.7438665407243625,0.4655236882344671,1.691239488099516,-0.853395085671121,-2.444592766597079,-0.1142663196262001
1.980480868434532,0.0199336595477949,1.9299504172185056,2.0927318089561773,1.348141333952131,4.444429811877618
-0.6212647462119553,-0.30102759493316844,-1.4287129313519804,-1.7599437770705415,-3.94795459080448,-1.7083838841598311
0.34537102845992984,-0.31779865276279634,-2.9219142752554226,-1.6608435464786973,0.3775388853940673,0.3251898546226435
-0.4851729235447755,0.9267920426059256,-1.351899621824992,0.09461165921721149,0.4271084708633212,0.21505703491362907
0.15025826481451232,1.4524381263746324,1.6561629111486424,2.231624033734745,2.3200845962901937,1.3907815043291956
3.752682708329645,0.5444785251330314,7.019724775297581,7.553673950517644,6.63173235346504,3.6896984856138846
-0.09475910715830087,0.576512632043751,2.2041108835487613,1.6718113811762763,1.1146335172710569,1.317726151638531
2.5908000252838197,-0.4760662115753933,3.6369913271930114,3.178830959537747,-0.5147558224585422,2.6007689315799905
0.24836916837596715,1.4887859145136983,0.27019910461048147,0.29579561264688975,-0.8691894193826013,-2.0881651951727007
0.05916442109304694,0.5908074909092774,0.9827261875385825,2.263685750536103,4.689738547242796,2.615787528912017
-0.12412431423025296,0.8067684460513815,1.623971792066297,0.052012993484416015,0.26920502640114863,-0.09590164995378941
1.3730713642933732,-0.25674864465322766,0.8833235428651807,-2.976923863992879,-3.1265041267846954,-1.6073243564656412
-0.24233528364794935,-0.5129351941243993,-0.799245773929225,-0.41499112963301776,-1.9243019716040823,-0.8729606554710249
1.4756502123211497,-0.8264417048379713,0.7347751843443621,0.31197149420987286,-1.5158664696987267,0.6647609578064739
-2.2333058400336734,-0.9280976617285069,-2.641603285468525,-1.7478426082452165,0.17243075250378848,0.18252754525488502
0.06937636300115384,0.7650557759928086,-0.986457200206328,-0.752020872213731,-2.0855409133626868,-0.8697130055484168
0.06528561626357615,-3.9696471379174625,-3.572040383560522,-4.7731787023296715,-3.4817137034411765,-1.8006694921132356
-3.1460826177505776,1.641554647747283,-1.0333609305281357,2.228659144731059,2.8100480220635893,0.9106850149903009
-0.6360113922936482,-0.05240127370629151,2.546287978071871,2.347540824576707,1.2143214599523735,2.4433919297349527
0.10504962641322173,-1.854863564024715,-2.2789353006656965,-2.4294092882464158,-4.478681832341004,-0.44643038324216544
1.1149700466910155,1.747228227106821,2.5332894458961066,2.980084498638093,2.6113227095405263,1.0965926329151165
1.2053378852796592,-2.4152251440469716,-1.0261819257986131,-0.8005896772349077,-3.9605290442341796,1.76752666364817
-1.8775941067364297,-0.8783636617095382,-1.5487342657137015,0.6919991588515295,1.0318256984942185,-2.1651479753931415
-0.6842198069764565,-1.4879895685896585,-0.19393593436297674,-0.3396401703075633,0.1132424972519338,-1.8583231055067153
2.339490115487476,-0.6835481696222326,1.276269022357545,1.3667060824317903,2.1693040478761305,1.790018077795255
0.12460794388334001,-1.7346788787933194,-0.37900412938851036,-0.019180004061891354,-0.3581420864446403,-0.4846303027649032
1.4048211559469193,-0.19851779668212227,-1.9456198007347294,-1.7156139194960387,-1.0423146235120022,-1.013937421393774
-1.7374950691042976,-2.0315704046507705,-2.2227539531243794,-2.689208403518701,-1.466514457283562,0.48369760428661546
-0.06858523022858282,1.7594568426333446,0.08590182886118236,-1.261891544316756,0.8241668057520247,0.21147891542762398
0.762116560481341,0.031504114170057954,0.48214733659109926,1.259734157217939,0.17514411894225745,1.3232142849381927
-0.17260767175239947,1.5144488032011236,0.3200822468520359,0.9620202600366989,1.4176630753291453,0.8563278215672938
-1.1587996605181892,-1.4862042064219407,-2.6721792171832472,-1.4316785746083145,-1.5918082503067799,-0.7458126887974009
-1.3377645983028095,-1.1199096838600118,0.9017801979509896,3.7584190891586666,2.850716215283205,1.201347109556811
0.8106500934507094,-0.3441415376603599,-0.4344872900924693,-0.706426011024508,-0.8537116497169697,-4.4022884764631
-0.8659247608584609,-1.024832533604378,-0.7211306353942242,-2.5788336423101796,-2.7920919734942764,-1.0606569586366215
-2.0657989681926607,-0.03932719328666358,-0.7606819292235216,-0.11183005164066007,-0.4813262337438727,0.3101133384677971
-0.7419756299477456,0.033593411878591724,-0.7167551989162483,0.47852747013322516,0.3671933785425299,-5.701014590213177
0.32428436504099156,-0.19918713176650288,-0.2619564927120031,1.9759763198331801,1.1801405011224075,0.6780013821483406
-0.021389004461206455,-0.5151554325964754,-4.8737755632353,-3.6210869860403054,-1.6948807509776846,-1.1533458928692808
2.165869194831573,0.09238133864826423,1.55887424226343,2.7943784586329827,1.96675158273632,0.30867234525615417
0.039138241732317634,-0.9004029354197792,-0.905121042012792,-1.5123792327309655,-2.8739257021637137,-0.8716543041118581
0.16752001535243,-2.035914118270037,-3.6169034320577245,-2.152136550941086,-1.3380135416729977,-1.6271989498223136
0.056181061750385786,0.8761241381454696,-2.4545951434977384,-0.7437593395483855,0.4809073802372774,-1.9251456433941567
0.820738820509811,0.7483549307059708,1.4472298888519919,3.564305588352769,2.6532920403580116,2.2361836905454537
0.09295727146979109,-0.03740139409355596,-0.36865225491090187,-1.2194543559669266,-1.4117695737584648,-0.5283873480159786
0.07607105621063175,2.137917137112537,1.072162614038998,1.190143296073381,0.7922605839645762,1.1128957442562273
-1.0438645024589386,-1.0323918536604197,-0.36671178180564024,0.21036447344881887,1.0669145447748116,0.47123224674145914
0.08358507858166395,-0.45828703604219634,-0.18919225079690577,-0.31719502228703067,0.2275708204530577,-4.514442734748007
-1.038274743856671,0.5215844310479455,-1.1992655629416522,-1.734153881330462,-2.6536464632139323,-1.6050216862146125
-0.31857725148572036,-1.6602309049809476,-4.532058001150424,-3.5651919710525712,-3.8579023008293296,-2.4880443637563183
0.0518758703047796,-0.7833578078501338,0.925494020735019,0.7770001904935715,0.12251075936778968,2.8277608241448675
-0.285211758674172,-0.5372322321703245,-1.2190406655505956,-2.018304865998486,-1.036495230872891,-2.5370506419140577
-0.18918604107870943,-0.2417067736750263,-1.3095103371189734,-0.201641748470618,-0.19254738801775814,0.9493918901505991
-0.14282946520475873,2.8473988527582086,0.6141690358182543,0.8574884547177395,5.0571455544790895,2.9087207760348806
-0.18488614786278557,-0.2223297892463905,1.9753536634721993,1.4409621325671864,2.8932282424059714,1.3105260564109096
0.43246871976505463,-2.1727106633863285,0.5121455527439205,1.5716887332512361,1.8195630748023137,2.8433263514838787
-0.3201807509860716,1.5179380225921981,-0.8817495071840629,-0.9072743819507374,-1.0182580070975356,0.43758834878174313
-0.3975185164047709,0.6730045610844931,-1.226266040486981,-1.0439560457017982,0.07162273158222082,-5.080533987818673
0.02309018766179731,0.337336841380568,0.49835111186102254,2.5334444068256903,0.008659123868216545,1.1159659836919236
0.42183846314276724,-0.4784530547151337,0.6351112703651591,0.16490118400406673,-0.15874160110369578,1.288320270523705
1.8600554183619662,-1.3360490797248632,1.2010633135389535,1.416979614342297,2.695735372289934,0.8687289185344986
1.305187055307849,-0.5178088947656909,0.3317956279720772,-3.928896093382309,-2.971598027162919,-3.15972257385994
-0.5651567485840698,0.4126009408192819,-1.6449414155765327,0.17956671078717878,0.07370366941815198,-0.625567645379628
-1.0194828049481888,-0.4098409180848414,-1.1698610669483953,-0.8168896340823848,-0.48565596721237553,1.8642945740293102
0.19869260992811807,-0.14956388911907922,3.341121922517372,3.3556478134107497,2.169209440908979,1.4723594208775364
-1.2855042997810764,0.42068408389537515,-0.5759209158613958,-1.7266777642568907,-1.3511088413891064,-3.1800803929905004
0.8653088390721586,0.30712504468531737,2.45172622321207,1.5263928105962472,1.6922868129133557,0.6000609201683698
1.6034027299576277,0.5801738940001474,2.3474744465663737,4.256623161495049,4.079323269858567,5.3022407474355475
-0.47352286004480065,-1.0449520570547768,-0.1396486879628951,1.648919231025665,1.8546251811048131,0.3620193238349385
0.6023134332335784,1.4723133027779147,1.7115847297923557,1.802904599689977,1.549438972983867,-2.0168874234990395
1.2281574428245832,-0.737631529510118,1.1993417428094135,0.738306561285555,-0.15810034876483164,1.6942967593409164
0.8935458261731203,1.1962219071870965,1.7957470776329956,1.9416053650411842,3.187522069544406,0.27475412747431627
-2.7056218985268665,-0.3974127808092768,-0.7792756753978125,-0.0511335776968842,-0.6261236511921818,0.8826202698478482
2.2092553104244232,0.6648983730670386,1.813401706530435,2.078417490613461,0.9814314202409027,1.7640165555711598
4.097325960800778,-0.026370476873214033,3.25816680314486,1.4778795921307126,0.0862029919509163,2.5387697437596484
0.17959038834871305,-0.10525870136283114,3.2402179378952964,4.097340161866415,0.4357499851754043,2.853394743520449
0.7040572691620022,-0.8500573467891362,0.13041302584338715,0.000765263855725215,-1.5085905291079047,-0.4785700824236167
0.938266171571067,0.3058737164152489,1.4395772461112788,4.368084343076425,2.9783083291501415,2.6884382393216404
1.3228229310224655,-0.4475882277209424,0.6619575995806322,1.057048668971394,2.914296199910117,2.2982812061757443
0.12844986475511755,-0.9815623744555312,-2.481817920367536,0.3452612195162206,-0.8256725376630069,-0.5958495389612499
-1.3137827743281196,1.363705343899945,-0.3198395988048098,-0.8710598003370047,-1.3277231828578908,-0.8342648424417414
-0.008094209896344939,-0.8952003033924095,-0.9265709014525687,-1.565054435013792,-1.2635192969326428,-1.2236505257680446
-0.3245676783255611,-1.4683813953371285,-0.10484452819153534,-2.3748029704029663,-0.14110199611627317,-0.980510409742261
1.0414532725497512,-0.30378395667456337,-1.504169035269152,0.7343587985779756,-1.319372181031295,0.16600646422418266
0.5970836133601051,3.5829794468730856,2.8574357696548316,3.0150446955060533,3.1920927155644585,1.7055965728543852
-0.4780961538757081,1.5900353501935107,-0.04910083820171629,-0.24090016595092661,-0.5976831948078429,0.9199238599096196
0.0714941947696258,-2.560328705061236,-1.813412188244718,-2.0408388568026816,-1.7045967613669741,-1.6353587065038586
-1.653911520199988,0.8680605803323884,-1.6576592498651737,-3.0455376533638443,-0.31919716580667523,-1.6066622791196434
0.020079228824119007,0.14393629357154947,0.15308373298613195,-2.2661480710015973,-1.3127351319188127,-1.5010242255908546
-3.321315248251661,-0.38208245229564486,-2.3108150906151237,-1.773471503754678,-1.006520080368845,-1.2771121922026651
-0.8318166599423612,0.15468209327389734,-1.1375443128430147,-1.7286819251580283,0.02279012554864246,-0.49870064156642224
2.7552268166885736,1.2735690273231712,3.064720463561769,3.017025755505069,1.3218100973640206,1.7619721418100376
-1.2340387023267052,1.9149356757708724,1.5087564097276278,0.012521410930679044,1.2670021123173374,-0.5601660619863188
-0.4273112722144393,0.1870213818670986,2.7240522731542476,3.8316625758471474,6.133163974143203,1.3087479496731826
-0.2945547999751986,1.1082667931221655,-2.2672900400611313,-3.8693118956853487,-2.448137893976441,-3.130133890949356
-0.03970178821682854,-0.06346605873068645,-2.245887211122923,-1.9273485439533473,-3.0280885792376093,-3.8897325079330747
0.7822191802982779,-1.059303570353499,-0.5802247744797655,1.0778284196695325,-1.7198959473988782,-0.7166464871906667
0.6213833825857098,0.006111630352768101,-3.9695648943648965,-3.7033034364918596,-4.360151590781508,-4.058249807784392
0.6865194283015382,-1.3278646772199776,0.11218386787439161,-0.41088195815782286,-1.5943281286918332,-1.0982418167918433
-0.9174310299833658,-0.35947612406452545,-2.8961724699414937,-1.4295926344231977,-1.4141405381725642,0.33243486098095876
-1.0595078971203935,-0.39163444787621277,-1.1524835211836089,-2.7101513465460894,-3.035125255732455,-1.153673583784763
1.949993499419417,0.05658228763599374,0.7350641378038819,0.841956219331196,-0.166145190915037,-0.510547694612386
0.07952457912398735,-1.4176198105245317,0.5795614389723536,1.4161286076811708,1.1525334094403847,0.9779448543387173
0.28934544402195217,0.17900784173855702,1.1581256542655827,-1.1343449931590177,-1.0468132938177028,2.524769720160691
0.5586604381104915,-0.0675164317902487,0.9626451288503166,1.3115894631585159,-0.10250337909270058,1.1682504217982395
0.47935470651104317,-1.5662148500359248,-1.4055620400991695,-2.6152608947523186,-1.0586854306289026,2.4296132592053574
-0.2407301275678206,-0.11077742855183657,-0.5185348491723534,-0.8846165055205752,-1.2430948126968167,-0.40375650282866793
1.9877004239637475,1.9909322163111725,3.746986731291339,3.280768237228088,2.4297746268974008,0.6435415098787038
-0.08481777765143597,-2.545652467495076,-0.41922880680345354,-0.5906514801617162,-0.869364107958329,-1.2574064386431831
-1.0273354138630812,0.5072308602017669,-0.8101606257751607,-0.7609384335947218,-1.2263290427068663,-0.4802201411850807
-1.0383916163139433,-1.1976917490133687,-0.6266153078918709,0.1489792711389305,-2.275602128433952,0.3508240025349682
-0.2417809073451227,-0.18481957354350464,3.1397101711955275,3.9942183336544663,1.6443627539179306,1.9879952234746643
-0.9861254476638178,2.931335653991191,1.5701424842177196,0.9746260736212561,1.7336037192405802,0.6859499396796374
0.6089534332943571,0.24932074337353807,-0.19158233688712223,-2.526861260534558,-0.3462143084066087,-1.3275254957970213
-0.9379228769663536,1.3832296370347585,-0.5666752068221242,-0.768326091941719,-1.2611273247094006,-1.189604865986397
-0.0848508802645454,-0.13265926383818855,2.6736064795854784,2.2107548426776558,1.7030312433989512,0.971039211579641
-0.03866152196302401,0.7389008163473371,-0.5620717418441401,-1.560960307590527,0.059183956506531854,0.17656883784664212
3.473532666476159,1.1185123890973308,4.14481215429361,3.018399954575633,3.263561965334081,0.007335825563075549
1.4513147433433171,-0.44672704660012286,1.6555114087208238,1.7240778622569162,3.7382265473474163,1.3770204257083596
1.8346805992360835,1.1828409031107026,3.132701127740023,2.1293561682198368,1.1889287355886813,0.5232394822368923
-0.2841727752126404,2.275509774307437,1.9317351815165926,2.118528654985958,3.5314376468246653,2.1777145218326335
-0.7752221773424317,-0.2860352434350102,-0.5403867951366579,1.8611770246877182,1.2535436063214247,-0.01586865194036613
0.12085696306745988,0.9932988309407389,-0.09466665792701767,-0.6210103671117129,0.12007502296265746,-0.6993085259689411
-3.029938498943996,-0.4476426500831751,-1.889113575088491,0.514456644799772,0.8215936724312466,1.129582110512752
-4.268198850041764,1.4392901534326163,0.09596217683680086,0.3375816831760292,-0.372798865509425,2.9560732772630134
-0.4650507323415003,0.010434127868514876,-0.9169594400897177,-1.078939809458478,-2.3740054936926835,-0.7612313352985515
-0.7634050889415966,0.8133189606830684,-0.03864970652828508,0.43998451720015797,-0.8901495915742124,-0.7377118307477765
-1.4052996413910908,0.17733789872171077,0.5631918801301071,2.7424354553390398,-1.847161209619817,1.4236082593417365
1.8997436636808587,-0.23751631630810877,1.7530387511093073,0.7479883999456994,-1.9314921795651754,-0.9955757258545244
1.1382829990425467,-0.06039342661381694,1.1618820493581712,1.1527505737888442,1.2077017415091658,0.4538084958311641
-3.340303691639627,-0.7942705700442657,-2.7259543281411363,-1.9454484816504194,-3.5730889219047874,-0.7024770008641663
-0.25556498234876945,0.8810510518922267,0.8624407245701975,-0.04012719157151112,1.488102455627891,0.9146124466036416
-1.557418004296406,-0.49509848098309345,-2.2834689583911674,-2.470581691359542,-3.641468095281976,-3.9774061300911976
-1.9621388774696091,1.471798446300639,-1.7542786068055563,-1.8302248895266655,-1.9927281656890847,-0.4505179393927742
-1.1276877842511623,1.635392943697529,-0.5724868817819099,-1.8805495321570689,1.4090927298086129,-0.8508198952740643
-0.036163563826166645,0.75858533696765,0.6888164263868589,-0.8399706382622562,-2.6223998145644334,0.4800080552314276
3.2100073857932214,-2.6619026444338982,0.5553333653635947,0.9468543221733934,-2.081775442043113,0.6092356560006481
-0.1344141928646192,-1.445572508253493,-0.4541701040105717,-0.6254371165248598,-0.22325385396463715,-1.1239199630872367
-0.45342483658920624,1.677459331437173,0.05883449623981585,0.5546935021257501,0.6199371056828549,2.374278094180736
1.4604239511836965,0.223693856470031,1.4224354290816934,2.721035155843945,1.8717026660537364,1.2823700801786209
0.07255476234301206,-0.5627063221921267,0.8395941779770442,-0.7423208468442166,1.6047731870944184,1.653323765267911
-1.1863180318061848,-2.7419481867167006,-0.2744582693744806,0.012662231518937833,-0.6165061311820061,0.30752632934376745
2.3209643068760575,1.2643696615605102,2.691000726418353,1.3801628987802586,1.953060219386558,2.67360596883948
0.14403829434818946,-3.31883803091928,-4.58763057851859,-2.7947598087056753,-2.9024738889371307,-3.554986748720383
-0.3329534169751128,-1.130810605511106,-0.9542070003738969,-0.45755420257280827,1.456741744779524,-2.0668825413647167
-0.016599967408256318,0.7728379593696304,1.5268497605527658,2.784567712952091,1.7352431582162173,2.02229298052966
1.4378615402609554,0.9848979746274228,1.3780852155805596,0.31716645230351725,-1.135087862810514,-0.09920723416054361
1.6464161638812007,0.8500077319906444,3.7629611246719232,2.9652639339990916,1.6853133504943376,2.5518518324847768
0.4593585042596629,-1.8294184339532473,-1.135101773568844,-0.8552254210814394,-0.5095363202544044,-0.005328884100977427
-0.6851445929237983,-0.19638655017741966,0.24140740812857986,0.9667695261497725,1.700009570542037,0.13760332606518566
1.2459943671410616,1.7260827741536677,1.969477040787023,3.9820841783317955,3.7188830563184823,1.8458463728691052
1.3027972311820848,-1.0965390021101005,0.5206393057525578,-0.6643704882271666,-1.343523392962854,-0.40654755209080284
-0.45609571610142535,-1.313517344743255,-1.6553494779700477,-1.7071987432089584,-0.6838713068092998,-1.7774514051056527
0.24408574146763634,0.09150174307586584,0.3921708412625494,1.1992000354233352,-1.3158277325537378,1.6408436999148122
-0.11952067031563368,0.2680998359643274,2.1923125220051762,0.7016895800776295,0.8282017559024776,0.66291895621577
-0.08743591071239769,-0.2925463250870878,-2.218763569788372,0.6138229082164215,0.6528881561577232,1.141513908898446
0.8105721047127233,-0.024949392768108484,-0.08432563100664037,-0.4072043607867166,0.4515229344941096,-2.2662725356998568
-1.5072249739710455,0.6898615787976241,-2.249290132359107,1.4345154030372063,1.537445909824599,3.519230617942258
-0.11979107298540777,-0.09855255513496185,0.5737336884920758,1.2789027281130818,0.9960949433230196,-0.5015367471296476
1.62632628840096,-1.2326579517161618,-3.544377254485353,-3.4530255364415883,-0.6265699737785562,-2.102245089263312
0.19412703547449447,-1.4336904592129973,0.7620710815973273,0.3083532855612018,0.6254286949990775,0.8984418502294061
0.5962975612616992,0.10666724319689395,0.1061860493847388,-0.3569684602335074,0.49580742429792624,0.9511769877596599
