baseline_need,prior_engagement,account_tenure,friction_score,region_risk,high_need_segment,treatment,observed_outcome
-0.7931224751578991,-1.2466443660014992,-0.13891790300565376,0.5943083469443519,1,0,0,-2.4795612142212975
0.24057128353827487,0.11669907867328555,-1.524819151819656,1.3611213777162294,0,1,0,1.6532517960371125
-1.8963263495990657,0.011129063086807736,-1.5855229100805328,1.2671334358177844,0,0,1,-1.0815105203245414
1.3957717101086942,-0.21019141926470677,-0.057734022412330416,0.6624192494654157,0,1,1,0.8830068647143482
0.6382947409282153,-0.49789491059690444,1.3250333522155247,0.04892568985417941,0,1,0,0.11197515419472936
-0.29204748521936347,1.3541710048469502,-1.54839462582341,1.134056527498237,0,0,1,1.2230569202493635
-0.31194932819017573,0.0723111312671374,0.2897361069081201,0.2735790720471315,0,0,0,-0.09164048917849882
0.30383536777881237,0.25927348310695053,0.042740723994664026,0.45788456725750204,0,1,1,1.5813354945526528
-0.2676603022043396,0.4513832527243825,0.2503884852641913,-0.6675585470287396,0,0,1,-0.10729464592549665
-0.2259088611632136,-0.6832181530653996,0.8243958391085981,0.11679950312388633,1,0,0,-0.9524601908833461
0.7200678200091131,-0.22329800238499814,0.9080536401667649,-0.09203369405849661,0,1,0,-0.036704780690293204
0.5147052057737699,2.3172417523603226,0.38661667175294956,3.102382255788121,0,1,1,0.41732358699783983
-0.06412793563418305,-0.5973805114761819,0.023926626570108966,-0.6710425614444624,0,0,0,0.15118371821896676
-0.08547656318586194,1.6256476603254724,0.6859077074887785,-0.6806135077589448,1,0,0,0.16076837828469692
0.16091632266564457,-1.7255790895154373,-0.09802168520899517,-2.273606063300426,0,1,0,1.3600879959014494
-0.6140183945189056,0.2417322019932272,0.945548711035764,0.35507150453340064,0,0,0,-0.07906155660600134
-0.4037502646562769,-0.4915077385768168,0.425807375423909,-0.32584814508985305,0,0,0,-0.7140824005001849
0.5482601802064181,0.300762364102334,-1.4097925476813742,0.629101565297644,0,1,1,0.558468834439709
-0.1304827931408637,0.673469766461369,-0.3321059057285624,0.020394823390084336,0,0,1,1.9275513699838136
-1.3744261756767235,0.5841309927887056,1.4677974054953162,0.841600010373478,0,0,0,-0.2681864388534074
-0.47727871963320684,-0.7386280877172374,0.0640955881935278,-1.9505288594195413,0,0,0,-1.4537458805960597
0.6566216052935377,-1.0227654232764574,0.18956551090868715,0.27576604640903857,0,1,0,-0.4384514897813847
-0.23228277208327797,0.5749241263927388,-0.785407377650133,1.0122504461675441,0,0,1,-0.3320953562518596
-0.14873281023632337,1.2525802079512314,0.04846817072185724,-0.44267332776366786,0,0,1,0.6365217222113576
0.6418366281712384,0.6393954095992326,0.4685587524082107,0.43936191293632904,0,1,0,-0.5117769654931608
1.8246103049154356,1.437645625789572,-0.12450368042819,0.23833468276867883,1,1,0,1.195750016815359
-0.7131886718682877,-0.6491325258221614,1.0039593666100222,0.6055934366005108,0,0,0,0.11344489753365483
1.3482068134340977,-0.8863064405434329,-0.6958717644229829,-0.5230503810661873,0,1,0,0.6006746660288547
-1.2300127753398604,-0.3705198608199738,0.6458718738340383,-0.004027673270015061,0,0,0,-0.6668006938720829
0.17497762274037393,0.9992604460671063,0.4883806519926508,-2.1514467802848314,1,1,0,-0.16638962874124907
-1.1695295195123863,-0.3101450149911232,-0.1444514562062407,-0.9383086734854084,1,0,0,0.3365656367171458
1.351458184504187,-1.0595518093570884,-0.5044589075176158,0.9491246624261007,0,1,1,-0.3852804591540001
0.8339229967182518,0.8378394334194794,-0.18405499213865803,-0.9693540081100533,1,1,1,2.8431597916193523
1.1377167846550682,-0.5505170797301208,0.4312878520824345,2.1449641296561173,0,1,1,-0.18269878819994062
-0.8855331545554961,-0.688306165353136,0.5693334379204096,0.21614497945649191,0,0,0,-1.862887308578746
0.6845550254847351,-1.276490453002468,2.4693920773885445,-0.4408162939289654,1,1,1,1.0511675979843833
-0.5190133298294971,0.5218277538485211,0.04481688473802541,1.0626167853704818,1,0,1,-0.9021105110242508
-0.45738531115194264,0.12414304666765491,1.1819689104512054,-0.6602714984871997,0,0,0,-0.6009280098335243
0.5065370793987306,0.9566344140271357,0.0886245118617655,-0.4386126767317996,1,1,1,2.7744168730311936
0.8767181724687065,-0.35306996196478435,1.802522499300727,0.41191033467347726,1,1,0,-0.3784151839173379
0.20442021540537625,0.22148054089469527,0.5308272653050082,-0.8104929260565199,0,1,0,-0.5701443435307179
-0.6279871010105986,1.2006230094462544,-0.3636052048520336,-1.0657522990955397,0,0,1,1.6694199365186675
-0.8258165208830098,-0.9051337395880207,0.44683144439178707,0.1142451033336021,0,0,0,-0.7779792517637324
1.4443170258252331,1.9013893184898076,1.6847385056348343,1.226064276522975,0,1,1,1.9744780477965498
0.5939459107122969,0.21003500352145646,-0.305457153888873,-0.4445480763875772,0,1,1,2.8388765701007146
0.7197279364283922,-0.13854396255149792,0.17052188089610384,-0.5101064865040164,1,1,1,1.4211062552612952
2.1834881427128314,0.5690641798741365,1.612720516799119,-0.4215587359573299,1,1,1,2.8013452823306384
-0.8158629486356607,0.30198149534130025,0.025259618003038734,1.1229817185770936,1,0,1,-0.9774222057939294
2.5594577984058473,-0.2834888762414978,-1.2761988600239926,0.5172927821374663,0,1,0,3.1019790378536527
3.15090813353985,0.189195825601797,-0.6337704046692509,-0.16933745073242013,0,1,1,3.2919041270436544
1.6184131202601322,0.8057111171681292,-0.40386224864717196,1.0550634380324593,0,1,1,1.423977053973788
0.8271065315552476,1.6997428234730667,-0.16469393165456678,0.800674089020602,0,1,1,2.2438267589972316
-0.663821954890323,1.22198795520826,0.7598347581663387,-1.2562983892924324,0,0,0,0.14096802471443418
0.9944856278202228,1.3953829313435298,-0.4259210148213885,0.30231952139550294,1,1,1,3.1130354258117494
-0.4426921491035081,0.8545022045322033,0.02305533421647539,0.0282355271980032,1,0,0,1.0325354839541812
-0.021650789789891167,0.15247358157792198,-1.0036127453761634,-1.654702570129535,0,0,0,1.5345243918388403
-0.29043317738973956,-0.9214322826658804,-0.19725738919119856,-1.4162865476966444,1,0,0,-0.7522767694770005
0.2838299564910305,-0.15985058291376153,0.8045815306677199,2.3918355113501057,1,1,1,-2.115061386503158
1.2880777154433913,-0.5825669698364705,1.9018325913865652,0.39880020823133133,0,1,0,0.5590881257340053
-0.5555840578664938,0.7546799749153515,-2.160694475888757,0.6368440273210502,0,0,1,0.45494838397392146
-0.9854038336302882,-2.2713073108255153,-1.294275281573654,0.36721655503189415,0,0,0,-1.1291234535543182
-1.0029565517494774,-0.31084149799164024,0.6762508848626582,0.6312966072996152,0,0,0,-1.2764686567647296
-0.9682773272178793,0.5763915199834546,-0.479645852987314,-0.12299100581996097,1,0,1,0.4430061993390509
-1.4311029837963556,0.41542346467527524,-1.3874452286274437,0.5839696802141021,0,0,1,-0.4933286853662518
-0.9129340749393138,0.4251451467451203,-0.7567605124697664,-0.26113946302401553,0,0,1,-0.1591794709944061
1.2932656165144563,0.40754416616589645,1.024497719059982,-0.05434254610070638,1,1,1,1.9822405559818366
-0.5933119682389986,-1.294254982490872,0.47027063803648705,0.19193044534878426,0,0,0,-1.5749319234252015
0.25710765788638085,1.4029556927099904,0.15242306966604421,0.737546214431475,1,1,1,0.8103947186870628
-1.216893966089114,0.909837166113431,0.33298460076150455,-0.7858917214594946,1,0,0,-1.129925378343001
0.16965057990044394,1.2935334854408962,2.0955270449132706,-2.2795959486786157,0,1,0,0.6727642323909329
-1.7407814485295512,0.3041444483252866,0.14997153405259012,0.2866611645977898,0,0,0,-1.8335151734174433
-0.6987558974796816,-0.2943266599051455,0.06762123951167337,0.8017324182068742,0,0,0,-1.6087699907573283
2.25453892712826,0.9218293073260053,0.2243214007144745,-0.5145430115348959,0,1,1,3.0023042385354493
-0.5829696909767876,-0.5395188426195437,1.4451660319436888,-0.9572975401174635,0,0,0,-0.8153973881835731
1.1199763853913791,-1.0060981614021134,-0.5655943654426148,0.28057756566098435,0,1,1,0.9468279223107126
0.4550541251212029,-1.8189329903499662,0.9646393045040373,-1.5305801994448274,1,1,0,-0.9652518190835966
-0.15298577722473797,-0.7983684464320021,0.8246516399905939,0.5289115515959592,0,0,0,-0.6518415365058791
-0.6521068213049493,-0.15644514922484717,-0.07906223479535257,1.7728241776267197,0,0,1,-0.9382240872836757
1.2869093984134494,-1.4712493939042666,0.4974809445639914,-0.9573193595175865,0,1,0,-0.2550372015949023
-0.1773834594028799,-1.672606818192989,-0.5420879020860822,-0.5806950472768301,1,0,1,-1.8361264065748335
1.527424478271748,-0.5795677296027416,1.0588527243208277,0.09352047860302175,1,1,0,0.16921072398567524
-0.7190790299943703,1.0116415794781477,0.010526883386777519,-0.3937894752703222,0,0,0,0.06717847894319862
0.057338987391204396,-0.2987801882320473,-0.6020258115170632,-1.2669935530530505,0,1,1,1.1202870148117112
0.4654991267904626,0.27352438919192656,1.247405560926019,-1.9215561876332836,0,1,0,0.4290397248332499
0.37316017302818355,-1.0689271525453592,0.16367138590937338,-0.16631851632072547,0,1,1,1.0954968630348905
-1.2338015118488639,0.14685140789576984,-0.23445622509310207,1.469450916418221,0,0,0,-1.7044594177069472
-0.6640627324429782,0.538549362390684,-0.9808349259675829,1.4398427986803741,1,0,1,-0.8720643111688637
-0.19598021336613813,-1.297270906729341,-0.2565383464050612,0.5433979585948996,0,0,1,0.13808193432725147
-0.8536993093242442,-0.5019347476466679,0.7880131443283374,-2.1020256970699767,0,0,0,-0.12323720902279164
0.6773251088800409,-0.36714556096723777,-0.3450481700905209,-2.1772645033368745,0,1,1,3.234915597386239
0.588019181358798,0.3685072851912133,-0.6891986995491349,0.4132757579926383,1,1,1,1.411554777763353
-1.957084454178259,-0.6019651198766628,0.541949119540399,-0.8587136866759305,0,0,0,-2.336923889014403
-1.8052540712733376,-1.697105922278879,-0.13189755254417387,-0.40979925072123496,0,0,0,-1.9734036617660775
-1.2815632768197962,-0.545241593914704,2.300496030434857,0.3065017616552448,0,0,0,-1.1100029751544325
0.11725953014640239,1.4221926868205859,-1.4610669675401848,0.9977723471334572,1,1,1,1.0758815132231254
2.0331725300388053,1.3159177215263,0.5002504485058505,-0.6421102006338155,1,1,1,2.955850902898047
-0.38235645046791567,-0.5626496340297573,1.6886644698077726,0.6888781698748427,0,0,1,-1.8987650757543166
0.2506505498829739,-0.8422552712571499,-0.21453952638684726,-1.7087034156368233,1,1,0,-0.3152487038498415
-1.063111704919622,-0.974550834854104,-1.4365685406411548,0.18469494512579282,0,0,0,-0.28110605949817075
-1.0468362159236777,-0.4030901191066434,-0.2409446464792736,0.36419125654111667,0,0,0,-0.8118253358204568
-1.9572278146894229,0.17325683443346174,-1.0158113758688583,-0.1080999742732472,0,0,0,0.4941213233369456
-0.028344247724271864,0.7770053923359728,-0.5495067189472592,0.4503733127654229,1,0,1,-0.23551412105399627
0.9472166828226635,1.684618333365851,0.30189805629850053,-0.8595435617156854,0,1,1,2.895811606798305
-0.3567143204291217,-0.19132848302946093,-0.8370378886350422,0.25493015081991116,0,0,0,-0.21249654133168255
1.3964530866462435,1.752930820129908,1.4366408252572833,-0.7340554500960805,0,1,1,3.691046493436638
0.19785485277357148,1.077110710623337,1.116006218770508,-1.025342778927467,0,1,1,1.9437412795459676
-0.036412487563218514,-0.2494234062674811,0.9960539041491154,-1.5000697434489196,0,0,0,-1.1335462873057396
0.517253892693522,-1.4007177719730406,-0.34904057667096633,0.4864002947780984,1,1,1,0.9393566649099874
0.48737756978225144,-0.07663273748802671,-0.6801339048054035,-0.19531900441692812,1,1,1,0.4765498903925569
1.147806370547824,1.5869762710687993,-0.7445522612391516,-0.202535987661847,0,1,1,2.770529114491648
-0.8019542644400708,-0.15429867008861378,-0.3436384194299183,-1.3744468005470447,0,0,0,-0.6748906664805321
-2.2880491588369907,1.7662160171983712,0.6046795019949283,0.27890925877867523,0,0,0,-2.096090969879477
0.11474669868174449,-1.0653755804163358,0.7028333752138505,0.721622762449839,0,1,0,-0.23902366447125745
-0.6116751553220791,1.8486793179403094,1.6821200425081728,0.3382741011920747,0,0,1,0.7656626994615023
-0.02717720736553576,-0.45737709788621583,-1.6369047940884347,0.9994934493731701,1,0,1,-0.8995555335746868
1.664300022039085,-0.8926099064179016,1.7303013900741888,-0.11416542303118081,0,1,0,-0.9866140206232443
-1.1028418050923654,-0.4864883589821013,1.4315522544470176,-0.6081996193019543,1,0,1,-0.7334903124647908
0.7647973366547646,-0.569559200062362,-0.3749154532308828,-0.07994781852137305,0,1,1,0.3758986348038462
0.9458675444085191,-1.5425751804177517,0.2377852113933078,1.0544548937016234,1,1,0,-1.368226301827236
0.4607362389115478,-0.8637809863008525,0.8516130154112641,-0.1599174830561799,0,1,1,1.6086305730972428
1.1185081591709785,-2.3040836401927876,0.48189751793949287,-2.6570420449800385,0,1,0,0.7024425774822967
-0.45836227856340905,1.2381569040520422,0.714299001258633,0.42363692723030627,0,0,1,0.8195027064534588
-0.6815097047368442,0.6236339792859671,1.823219932697743,-0.1142652819029353,0,0,0,-0.3667500792473775
1.0389827985611537,-0.5516701466506774,-0.01834140215984929,0.09123054888965035,1,1,1,0.5000733531448904
0.7203000218578531,-0.7537825657940068,0.13545516395235452,1.161434330006722,1,1,1,0.1791776281633804
1.3903781421525945,1.4070888459881619,-2.3651574111902134,-0.23195641800271619,1,1,1,4.0385431418274145
0.21228957781149788,-1.008774424274886,-0.08501299625188939,-0.6423478640421422,0,1,1,0.9078087682058886
1.6235631195706361,0.9393661294377447,-0.8845890426205814,-1.117388311728146,0,1,1,2.391008803332941
-0.28208026028453087,1.3430281842826788,-2.4843226450370914,0.7863803086635966,1,0,1,0.2987335878968398
-1.0603291561656696,0.7521400988189185,1.7923497780830813,1.8886317836637025,1,0,1,-1.8719865158731086
-2.037089197516421,0.03580418355012395,0.8296584125025186,0.0592380523657303,0,0,1,-0.9924137428249846
-1.1014012900841277,0.7044747962802849,-1.262106253230789,-1.9216959768744424,1,0,0,1.0057455929843533
0.8185035060874669,-0.10828817249722603,-0.4862420452259633,0.6958691552027594,0,1,1,1.2791128024136098
-1.4649286880318764,1.1385135966744142,0.7692497238563133,-0.6231493119860827,0,0,1,0.4059500384056151
-0.452364252194422,-0.6212095508814686,-1.7472922092733048,0.1268040185301052,0,0,0,0.19554687826978437
2.106583957841778,1.8942226245022569,-1.0167581903678904,-1.84331858381528,0,1,1,4.131656100628614
0.8467959424820816,0.8453406105731884,0.10467462428479188,0.02731683659347835,1,1,1,1.460048344990046
1.7909845571482128,-0.11058561418156188,-0.3065715415351589,-1.3477175191963802,0,1,0,0.85110334414913
-0.9915621874627999,1.209671916271738,0.5365598662305578,1.966909665712874,0,0,1,-1.1608222689197678
-2.459974971716329,1.09679856483794,-0.5383002591941458,-1.479155367440021,1,0,1,0.0687167951489186
1.5163809371015524,-0.2838309244312068,2.678886758811968,0.32030927717129376,1,1,0,0.3453631578170758
-1.4169425374401776,-1.052636863886238,-0.7963416538058431,0.3798183528599256,0,0,0,0.23463997161580674
0.09092353928239366,-1.2296228424275542,-1.1982939921460196,-0.15811840543928793,0,1,0,-0.25123313583250406
0.21709323165297403,-0.6600247956329521,0.7008246837877298,-0.13496131622178933,0,1,0,-0.5763029117904765
-0.948896412364311,-0.20451865474172895,1.5596104424392745,0.25624390639394234,1,0,1,-1.5324362054408276
1.5526330652518097,-0.11980494510279144,-1.2297612907439788,0.620846449063216,0,1,1,2.4345600862748
1.5493375292731906,2.3517211578664847,-0.45070599007370044,1.4878827041261196,0,1,1,1.220322246050134
0.5514441742201724,0.03051186456358745,0.5358678153229266,0.9291545404328971,1,1,1,-0.8546125597995262
-0.02949065983512278,0.1862531104987479,1.3785920197311747,-0.6775260086249354,1,0,0,-0.4856872708156398
0.1914368329353934,-0.5242455017372917,0.30257870676952925,-0.020108385886252737,0,1,0,-0.662330007853744
-1.095908012072798,1.486560894997412,0.7976696523233111,0.8530734091480344,0,0,1,-0.8425499490308861
-0.23906375766291557,-1.34640386593073,-1.6128369058692702,-1.0048714624527773,0,0,0,0.4765682468364335
-0.104933146540351,0.31192038541358297,-1.3746157002694812,-0.516725544721257,0,0,0,1.68765794588056
-0.85223285110813,-0.023441492214584136,-0.7114363094028031,0.45745271991931463,0,0,0,0.23184513846240207
0.8492148677365117,-0.05133466432930168,-0.12000633210270618,1.6574762640363947,0,1,0,-0.12091719286984433
-1.4264813946196284,0.10712160663361893,-0.3754801950949175,0.5327735529665485,0,0,1,-2.138699990612494
-0.45341897630302874,-0.4968508035463962,0.40506630342514055,-1.766276611375394,0,0,0,0.5209013221000173
-2.2528778145576633,-1.0001247391023467,-0.37609906413429367,-1.246360042532522,1,0,0,-0.7116955680294202
0.4968185042517295,1.0987648339806244,-0.8645607352856415,0.708507537991607,1,1,0,0.4057796171952648
0.742605474146113,1.4181888421791793,0.7448919661938378,-1.3819346383628381,0,1,1,2.9230529799195226
0.6212923631879371,0.7302894788791445,1.5708584872659554,-0.132931505650562,1,1,1,0.8782223914749734
2.918086607753529,1.3189214688130821,0.3759732588337331,-1.889586503078186,0,1,1,4.966300269293733
0.9397910537615747,0.24142143742297514,-0.4626961138624869,-0.10725203448270837,0,1,1,2.745901310731975
-0.9419906889401893,-2.181036439527904,-0.5888483631951016,-1.5592440154781662,0,0,0,0.32628888794532973
2.6635402069942016,-0.9431963268616088,-0.04930150481374906,0.5929926991790978,1,1,1,2.157280562451991
-0.920317973372787,0.5531418321609164,0.5413383044187298,-0.7867040961326052,0,0,0,1.3471174312193006
0.7887385690491208,-2.258225196122723,-1.0051496851056432,-0.009490289846514557,1,1,0,0.1723491332770099
0.743127624781519,0.20373127407128827,-0.2631525062880351,2.102161448956034,0,1,1,0.029669257970817348
-0.8797230187647848,0.39899590348883596,0.22688837789817407,1.4879376474299901,1,0,0,-0.032397482419884494
1.3953486289845807,0.36155026437404014,0.2067464762484158,-0.684412219366129,0,1,0,0.6671498888312876
0.35459371874683704,-0.9995232751799817,-0.38339825769083746,0.5781640810645011,0,1,1,0.5862449058768515
0.5709545906528738,-0.2894126277784004,0.381534287182514,1.0725187651240893,0,1,1,0.008777554925138153
-0.6757329962602258,-0.2705801384988349,-0.12036479987188392,0.05332184228345472,0,0,0,0.16121549399354762
1.302633372414052,0.2962032616953112,-1.0871985516345555,-0.890839499373083,0,1,1,3.773599855396383
-0.8609379626813217,-0.20078973995197116,0.5537161957511098,-0.21021541062257246,0,0,0,-1.0810170953660625
-1.7791593337319125,-1.6639162722412253,0.7557575834387543,0.9216221364953731,0,0,0,-2.254801916069003
1.4251269798221404,2.4076591140288834,0.8934452626094246,0.7514135299767104,1,1,1,0.7617285352981806
-0.42672878693962035,0.3850603274067989,1.0275573281381358,-0.02415010947344794,0,0,1,-0.11517779417762425
0.043370087085065075,-0.16759660539362778,0.4712571838711528,0.4226142739366677,0,1,1,-0.3410595660294955
1.922756953662729,-0.46565905132650137,-0.4278999844431015,1.3345505708497836,1,1,1,0.8196410854654901
1.136491348180061,0.8123549935297225,0.039527575138515215,-2.974346224090166,0,1,0,2.885743054400293
0.6327091159310891,0.2711636868259111,0.23007611355211705,0.674658189695127,1,1,0,-0.04947334026051563
1.0699138289152976,0.4899072441528771,-0.0718282859348352,0.1358404216635154,1,1,1,0.615391351475016
-0.7275086904859002,-1.4233169548317979,0.7751034841557541,-2.0575625973072262,1,0,0,-1.5674569676807961
0.7530885892411597,-1.9974391956179138,-1.0714033384894415,2.05484233465443,1,1,1,-1.5674137629896945
1.1099371147068495,1.3843325975971132,0.8048053808154061,0.7230964017861882,1,1,0,0.8848052375843823
0.7554222556786553,0.27594777974051815,0.10352803387366401,0.3871110709719372,1,1,1,1.0264139338473028
-0.204134628884933,0.34139765497369484,-0.1789710475907333,0.06753957889839689,0,0,0,0.03800130596390344
-3.747413858130894,1.2183865371547946,-0.5062137055054782,-0.4047073895370221,0,0,0,-1.3652425793300549
0.5573025112293685,-0.3248204353470096,-1.3846263300817854,0.7929467389876711,1,1,1,0.762967904374673
0.11487644431113753,0.55967463132195,-0.48787035485013736,-0.12015305051767305,0,1,1,1.150880014040531
-0.3695536111318892,-1.7295985637330564,0.061606549772453605,-1.4381514130277981,1,0,0,-0.5955517186666486
0.7780986256334913,-0.034072103683526866,0.9462596052350407,0.980410777899543,0,1,1,-0.0925479226551042
0.2657029799452037,-0.01989720581157559,-0.5138838978347022,0.553280264411608,0,1,0,-0.5007327910189896
0.20395574149744702,1.0420543023696092,1.9491326443446606,-1.611553374313909,0,1,1,2.3997971396056883
-1.4835909749556633,-0.3891949655251369,-0.3609250318147872,0.7388693567631662,0,0,0,-1.125275670684549
-1.4593225538131527,2.118593356608329,-0.7474305881075091,-0.14601641278678287,0,0,1,0.667972123585284
0.3705360273126207,-2.493521241102043,-0.8817338608387071,-1.8009202965021112,1,1,0,-0.2424261502106629
0.07605711276741685,1.1268651078624745,-1.2197642159876474,-0.3555056442540093,0,1,0,1.1916008114719736
0.13874089268518713,-1.6966438358313807,0.06655705687195135,0.4313962172182484,0,1,0,-0.9346896281470425
0.16626292710140902,1.044829518449773,-0.17455771472499423,0.5226774935577695,0,1,1,1.6149599062347428
0.41145641738933886,0.854103925058451,0.8290849961537196,2.178852023240623,1,1,1,-2.501548913361018
0.036065663748993046,-0.5939024773249295,0.2285779722014121,-0.00451971577795105,1,1,1,1.3594896080610592
0.15777085965866533,-0.3210212205398754,0.22311803388250423,-1.2172383730998326,0,1,0,-0.34114723780236156
0.2561143548611664,-0.19690159863853451,-0.05450629761634254,-1.372306712526224,0,1,0,-0.22788523724409115
0.9294095438577271,0.8473846099930921,-0.338989871113385,-0.5336777649833353,1,1,1,0.8613807843793244
-0.5146888155437539,-0.45541549609890175,1.671046673515321,0.15358860696576765,0,0,1,-0.543201807700266
0.7863962209204661,0.40310378894506516,0.527726916476427,-1.7836212918248526,1,1,0,1.039984834083374
0.6363833640258746,0.15374578618735696,-0.2581789417317164,0.5263367502311594,0,1,1,-0.4819131643563469
0.1054020063216726,0.72159012262643,0.33031332936625485,-0.7857650390344769,0,1,0,0.48862714936347545
-0.4751117799426455,0.26264521882305764,-0.9343386224949247,-0.23091001897922597,1,0,0,-0.4123826486156352
0.36913992682844693,0.5223656721496475,1.0118133274015215,-0.5266040985079399,1,1,1,0.10952897786951621
0.863973015958661,0.8117376278448184,-1.7461984858856816,-1.0410250319554635,1,1,1,2.963563755828055
-1.0749775515259348,0.7825166854853361,0.7249765414417928,-1.0675006114049401,0,0,0,-0.830060359322162
0.06214563047606366,0.7506224366965816,-0.20539080687978034,0.05507340688700052,1,1,1,0.8318190122067743
0.06474409489591411,-0.09335642516011673,1.51246235906952,-0.690949829033719,1,1,1,-0.45073171243509413
-0.6612016541186913,-0.012629935306901919,0.40115870618032906,0.4275579869126709,0,0,1,-1.2988676491069788
-0.6192878537663192,-0.6596141367021168,0.7765721851658942,0.08272431298033928,0,0,0,-0.30524678615284684
-1.5511470339356546,0.6971178528150439,-1.2339489537505002,0.4891662861611418,0,0,0,0.3114146453373101
-1.1031274250824579,-0.8562271085099888,-0.6044131338306798,-1.5788666010475534,1,0,0,-1.4715923160330941
-1.5374765897606952,-0.14949071618756596,0.5157844194425454,-1.3498520504616753,1,0,0,-1.6011276210778451
-0.6165721894526773,-0.01483216871785306,-0.3380208841723365,0.5650062318983567,1,0,0,-0.12417647715172175
-0.5599863050754036,0.6454838045529758,0.006341021528548873,-0.645665112698491,0,0,0,-0.047155529901625776
-0.5412852313465746,0.5660581115177441,2.427651534881829,1.474178362675542,0,0,1,-1.8229891875972515
0.3718430276974943,0.7783405899018652,-1.0683616630639388,-0.545159457812847,0,1,1,1.6250767412765819
-0.18756666459904553,0.286207636742835,-0.9444339311516903,-0.682016208109425,0,0,0,0.5134066254332147
-0.7289127364193442,-1.267454528916113,-0.5856158031041608,-0.9122480742555443,0,0,0,0.041015426125553756
-0.7218830521001072,-0.39978129784550054,-0.4371312409053565,0.5300266652248462,0,0,1,0.08626699144773732
-1.1315102415058964,0.25025304672092963,0.2130567500121989,-1.0533030383254407,1,0,1,1.11288174193718
-0.19616809805936436,0.44008822172553175,-0.5419345651030422,-1.7003938175612217,1,0,0,-0.6013782446641976
-0.21405467782721238,-0.666105450498439,0.043871082261157934,-1.4169727102856997,0,0,0,-0.5635802953172437
1.6229581277551763,-0.5230347540674218,-0.6714136319252698,1.2814000069751394,1,1,1,0.7632989870965885
1.5341516356434346,-0.02521251355494226,-0.2127896196528595,1.8372922077151497,1,1,1,1.1080923936055627
1.4779019986367137,-1.0767192286430076,1.0035128166754572,0.00033276465666152094,1,1,1,0.693425514111591
2.079242401316793,-0.09369400274576659,-0.35368016641155847,-1.296928255417083,0,1,1,3.1439391867097477
-1.217068182124945,1.1808917966296324,-0.8793040139215633,-0.7955013855886353,1,0,1,1.7257477949064826
0.6729842365862546,-1.1364006984995247,0.8851312596742548,0.19360217640827337,0,1,1,1.4450287202582344
0.7610530704985188,-1.2621549193783501,-0.2593869616892408,0.6240956673166917,0,1,1,-0.8208484556151081
0.4762159126193307,1.0870039820195532,0.2987583474651837,0.5593819633464657,0,1,0,1.6136465369262767
2.126671163475947,-0.07558956431708315,-0.10229590105112209,0.0065545413583704805,0,1,1,0.9238691524926997
2.537875242864073,1.6393625640271359,0.22382203506394108,0.12201721186741717,0,1,1,3.1473352471595266
0.9793666281583508,-1.2444776848275767,-0.2769609018157886,0.5282666748988479,1,1,0,-1.0443119307089734
0.6531462003019989,1.0571514095713848,-0.028515677611788116,0.38034957532104374,1,1,1,1.9189802608035467
-1.122398091907236,0.3492163290938069,0.2741931584739164,-1.5052452149406084,1,0,1,1.0570636966085063
-1.1203587627708598,-1.0944305879166039,-0.710256714293624,0.17195690895314442,0,0,0,-1.211902192355428
0.7002230449724777,0.43413522306633806,2.464417792565766,0.9440285960770303,0,1,0,0.1462882638844562
-0.07563268871827408,2.2260195833112815,-0.8270095305355898,1.051317324720461,0,0,1,0.7531326072295907
-1.3305606771538236,0.9307614816979638,0.7176762439242774,1.1380925083515852,1,0,0,-2.100977283520655
-0.12402422162053982,0.29880510378184844,0.25615188606809497,0.1772449411761531,0,0,1,0.6211810957043223
0.36000781414113,-0.26158980841923773,-0.2199973132137517,1.442208055017229,0,1,0,0.604138044970321
0.935926913451806,-1.2034342949901267,-0.18715388053112555,-0.9590990176192334,1,1,0,-0.84372135181804
-0.1076794124259906,-1.2228568051781914,0.9203948250297574,-1.0185000853163393,0,0,0,0.15767876811820986
-0.26921723521338187,-0.29288270865151894,1.5673655854499935,0.8866907227579592,0,0,1,-0.6420852572746429
0.006207818112538383,0.9666338992679747,-1.3283859910300575,0.5169005046537347,1,1,1,0.5975477266607356
0.17298339739253452,-0.07668490170952173,2.353837865760295,0.23541559107236532,1,1,0,-1.9764882788137206
-1.1631332197322344,1.7156616964097522,0.6069355726697045,0.4431272550036125,0,0,0,-0.37777057240589684
0.8333084129470533,-0.8433027560857467,-0.8251207361793775,0.13451698210961205,1,1,1,1.1119111677743212
2.1903262723966934,-0.9733015690919485,1.4382491842565754,0.8857362980615499,1,1,0,-1.249556955026049
0.8142003994377371,0.15613993286568897,0.891460502275892,-0.8757338872305103,0,1,1,2.7907824045539757
-1.4481976373557106,0.01509428794846718,-0.43436808452141745,-0.2919196572526347,1,0,0,-1.6572159872426395
0.09450851545591335,1.6057868110017532,2.4196777100655775,-1.0327579032353078,0,1,0,0.752461459804495
-1.765628163485951,0.7382966702746888,-0.01833865091491941,1.262839009730773,0,0,1,-0.9516921304798804
-1.829211865336894,0.14185525393851414,0.9141636260207306,0.0033926878499743024,0,0,0,-2.1632665395520694
0.6592513054303655,-0.6596766425403542,-0.27625123014337655,0.5126110829350252,0,1,0,0.10374926710899217
0.07764908350698212,0.7799050932357801,-0.8300426176861904,0.2756482989708835,0,1,1,1.9964546072053422
-0.6871101922447804,2.4922720802533207,1.0706531141699953,0.33790472568452784,1,0,1,0.10634537546542078
-2.0874470808711685,0.20373359731304702,0.6764310613210894,0.040627677167341725,0,0,0,-0.5898647784163353
-1.2689320356978226,-1.1426422122560893,2.7788105659786813,-0.10185244525937798,0,0,0,-1.890917878887267
0.16219609552294484,-1.4530676845148434,1.6638355310100243,-0.19207163740100885,0,1,0,-0.9670062901323095
0.031893730967603756,-0.24561170201181562,0.5640306343739703,0.3710154621014,1,1,1,0.09291560163298163
0.6897000916003353,0.31338901019787485,1.0828374468667754,1.9794086244747244,0,1,1,-0.7153059549187046
1.5233949195362835,-0.5969814224637616,1.450858677378751,0.9454383966376353,0,1,0,0.42006661976350196
-0.3392565222970098,-0.3441571583431578,0.5859134695067136,-0.5080773300207808,0,0,0,-1.7066155477873957
0.4689671560440846,-0.37005221954612,0.6294262928371509,-0.7133491549901899,0,1,1,0.7592070124826031
-0.1377984474392505,1.382104854223191,-0.9105768222521253,-0.4766594845531092,0,0,1,1.2013136282324595
-0.49653963524861305,-1.1534815290030238,-0.2942158779234379,0.8877475851141462,0,0,0,-0.7724340928414554
-0.24479074568819928,-0.3758701986913893,-0.4465986796400107,0.08986573469271908,0,0,0,-1.2219918525961229
0.9607532109198884,1.1718030454537347,0.7597284394041948,-1.6069438853583011,0,1,0,1.8086374077980791
-1.0284189699196866,1.6042772415093602,-0.8962918849979196,0.79553040838321,0,0,0,0.015861428884128698
1.1410382399862227,-0.473358691335078,-0.6523842277317036,-1.6074550232546438,1,1,0,0.7249967751453972
1.477287201097856,-0.06492678903356752,1.0011753594306554,1.884687404605055,1,1,0,0.019979090397747923
0.03573287236366102,1.9625842425092241,1.671524373872284,-0.41188830286381556,0,1,1,1.7075848972256036
0.25491824864788426,1.395481102879674,-0.5540608585982174,-0.8067435208614921,0,1,1,3.1358409496026294
-1.4117993069839363,-0.6737310629571455,-0.03689702279216059,-1.5868061311179604,0,0,0,-0.9520845639861024
2.3605345504545685,-0.8304159066218069,0.6170268105322115,1.2373908618726104,1,1,1,0.28186068755504096
0.9788856990695215,0.2549280617901278,0.1711984935953828,2.1459147908561285,1,1,1,-0.32681416792623535
0.17227586339092327,-0.7696542964507216,0.9971380273008115,-0.16768559560439777,1,1,0,0.015918739779290147
0.05743760338489925,-0.280956359994795,0.9595421645202805,0.013711250169607177,0,1,1,0.7663105746150622
0.4509718685579212,0.48164369512288996,-1.22447218021349,0.3708215117856897,1,1,1,1.3986871912944845
-0.6512359351318031,-1.4974197068126083,-1.249155997185437,-1.1011302521178916,0,0,1,-0.6868910002420885
0.28326176429064065,0.3882563116298699,0.6285718071891584,0.3166081331255875,1,1,1,-1.3837090298521821
-0.9235769345742476,0.6008070863644177,1.8951315141291367,1.9702905090289549,0,0,1,-2.5930555888295506
0.4973195927974818,-0.08980378219186883,0.44031065822380755,0.16512154107369287,0,1,1,1.562616699464622
-0.6782132702649215,0.959611952087605,-1.3574138262317965,0.5705481308298727,0,0,0,0.08305002102783438
0.8955183287181515,-0.49382069596648676,-0.8455808682634753,-0.8362889494391951,0,1,1,1.568393686319637
-0.1203691520451698,-0.15390652029462376,0.15918121744674932,-1.8290152186507111,1,0,0,-0.5134733471920077
0.2687460811883316,-1.6475283175389772,0.4422406692317545,-1.3450570649084415,1,1,0,-0.061554570830334415
2.9608881101764783,-2.8119798078073903,0.26773033926091766,0.6327901169977317,0,1,1,1.0238788541493198
0.8042331372410845,-0.9696860096032068,1.24811509810272,2.070686463197426,1,1,0,-0.39232689371031226
0.2678004174720013,0.029003739901446644,0.19471001120102524,0.36447450384891195,0,1,0,1.3065427953034485
0.04438856147514996,0.09636755454920262,-1.148039181498311,-1.037518793032805,1,1,0,1.7880233332796953
-1.0391621180474284,-0.203279646158227,0.7172631213901071,-0.5758555999957133,0,0,0,-2.1466756028958853
1.084221138602485,-0.19989356146166196,-2.0831798944905144,0.3253599444879872,1,1,1,2.5178512333966787
1.602339182272055,-0.0282119139585494,-1.2244728470114998,0.2303801980375833,1,1,1,1.8792943615801045
0.06435512082695703,0.12473025922516533,-1.623203743698517,-0.31965640897526726,0,1,1,2.1653154585904963
1.6767515280053136,-0.6766976906832805,-1.5264780884574023,0.3758475113308248,0,1,1,2.4137028367910967
-0.11227777000217626,-1.4956988241372362,2.729862803365906,0.3819055235711238,0,0,0,-0.7943728910733517
-1.7730543499604152,0.6935767224142242,0.19507741630184103,-1.135879147799303,1,0,0,0.06492199703697632
-0.6532382889017887,-1.246185714103016,-1.719617707936813,0.5881791257694207,1,0,0,-0.7996682178124992
-1.0569923297456651,1.5417456018401452,1.1346674470388125,-0.4485248511327769,0,0,0,-0.9764827383804047
-0.27454002363426705,-0.9829848282723361,-0.1575273932024335,0.028105168015306693,0,0,0,-1.800547666672436
0.6269808108517896,-0.28778510775942545,0.126187277759717,-0.32067751164940367,0,1,1,1.115846275491961
-0.9289735715716899,0.9838565011376766,1.2520560943335264,0.6400748029237943,1,0,0,-1.1955942950430023
-0.08024511048423202,-0.4024677562805779,-0.8581417157349458,-1.2734723789243536,1,0,0,0.1469344151949895
0.19935209435683685,-1.1199964039712949,-0.051191842532742934,-0.6906606052276013,1,1,0,0.11269806291966064
-0.7330282419795471,-0.1327110805512792,-0.9397368361035976,-0.8175691426798026,1,0,0,-0.35538216716128745
-0.909319094235023,0.9524785598133104,-0.11996208800294303,-0.1849455403359768,1,0,0,0.28269685576261716
0.0871828109314621,0.03672749845522553,0.4475334969514818,-1.242450289573156,1,1,0,-0.49257108375418335
0.8723696456145394,-0.1270045647179258,-0.10543511692131982,1.262464732231599,0,1,1,1.025487526313644
-0.6032280738915371,-0.06710121800551853,-0.13821514551765557,0.7872273204963265,0,0,0,-0.5979113938373664
-0.7513916337971243,1.2935515679978284,-0.15166066099536923,0.6367170782670427,0,0,0,-1.1735671477326564
-0.14125333972420162,-1.2113354574005522,-0.6556274014342958,0.1299803559790164,0,0,0,-0.8540028220933756
0.28994861063685873,0.3288969926397515,-0.4758150626878765,2.395317176126401,0,1,1,-0.6529085551651485
-0.5430168538750584,2.420115934255918,-0.1500097291930956,0.5619133052000175,1,0,0,0.442470055470662
-0.33414777260414413,0.05698431979307968,-0.49352140051694815,-0.8208636396295325,0,0,1,0.9745170488972865
-0.23126854919941442,0.8670142746324814,-0.3409813343700846,-0.5014114863395885,0,0,0,1.0363239343245767
-1.085791594388391,-0.6532530627431341,-0.44355284768096154,-1.808100337017691,1,0,1,1.1193509496929064
-0.1775371091378231,-0.477390298227767,0.8711488239662718,-0.340320236914418,0,0,0,-1.1116344278805077
-0.5600478028385394,0.12715940058606853,0.629162380939085,0.8167654409866467,1,0,0,0.207792394664834
1.5833891631166686,-0.03222491888993949,-0.691622788115354,1.338708715708404,1,1,1,0.851744401873237
-0.5173224351644886,-0.9096466870485088,0.8759121897267669,-1.4711167936434604,1,0,0,-1.3922875194985758
0.4571110021156088,0.8570718989066346,0.9545880237456639,1.4066056212431735,0,1,0,-1.1125160693890745
0.3795188412667755,-0.41237820128994235,0.09109096754416113,-0.8394778364508341,0,1,0,0.6107831266105779
-1.118032120720612,0.7661934585349981,0.6501523768481474,-0.3015153525009159,0,0,0,0.3424177575958892
-1.2489496872883699,-0.03350150130321484,-1.1589125149185575,-0.4457795153178854,0,0,0,-1.0993011961536199
-0.44548563022091037,1.4260880276055405,-1.5110082526091164,0.4638560548837145,0,0,1,1.1923062731309815
0.6625741171223004,-0.10295994562998007,-0.09735061975618053,2.240475768521064,0,1,1,-1.200797263063688
-0.5732393121482832,-0.786856397056281,0.8692028559225026,1.4015248470974866,0,0,1,-1.3642022553144497
-0.656154410527188,1.1856747009330506,1.4024441260982752,1.8080705563728214,0,0,0,-1.6775746725603045
-2.900220739742524,-1.3224684739079406,0.4459180425866555,-0.01760450783070782,0,0,0,-0.7660239465245315
-0.39683889220352336,-0.31166733516653383,-0.6728183119564063,1.0161169214839703,1,0,1,-0.1442222656689014
0.31247888349147446,-0.24114929844132296,-1.3013561056246412,-0.3158029434678845,0,1,0,1.0427448832382618
0.4446872259759249,1.0859237054648552,0.585284933089096,-1.6948174749024418,1,1,0,1.3253558554768912
0.4291922627412288,0.5094484263209549,-0.1186101623751066,0.20246393862925272,0,1,1,2.2682035594619667
-0.3278444837375698,0.22995607059434042,0.515567221249507,0.19757005544129147,0,0,1,-0.7338943672938683
-0.22715782920021105,1.6627184650994873,0.1419744751785179,-3.124263259210661,0,0,0,1.7994694806872684
0.8322762540710773,0.16627352076399587,-0.4544767609224085,0.1415489147787555,0,1,0,-0.29100789192525855
-0.1357108845066528,-1.275033721079626,-1.9129370926032812,0.3764299667382168,0,0,1,-0.8887112254178391
-2.303043331597548,-1.0940901754984187,-1.7183345389201983,-2.276310683224656,0,0,0,-1.3702983398974933
1.0200096809211507,-1.38257478147159,-0.274800706003956,-0.22189462569508855,1,1,1,2.0814597835437545
-1.077680461446361,-0.0027053592099088794,-1.0173255813889381,-0.4988718850099555,0,0,1,0.15931625996927173
1.3752888764396984,-0.05226539911900626,-0.24924495956876794,0.9551112649972475,0,1,1,1.1182558285261148
1.6941469685190245,0.3672055764240913,0.2922236036528423,-2.3109654638436194,0,1,1,3.381453792247859
0.7624396753582462,0.24837289581573738,0.5627819190126453,0.6580919079177087,1,1,1,-0.5087695531360442
0.9041157010548843,0.2000513217641522,-1.6283606228701242,-0.07470164661130622,1,1,1,2.5472557379067142
1.8577986996740437,1.7067195479625272,-0.27906641900875884,0.9034269781129528,0,1,1,2.3467917867830854
-1.1021243057016483,0.3441200685305598,0.12354696646795822,0.5924578882831725,0,0,1,-0.8073656602398149
0.25385183791912785,-0.8160759209260887,1.7837974506795091,-1.378922834810183,1,1,1,1.9566556595258615
0.23906613529920237,-0.4587176770231726,-0.3448366617073603,-2.1839330847143743,0,1,0,1.0610874896452924
-0.9671096644883797,-0.46854304651191553,-2.230397887489778,-2.5516995988228697,1,0,0,-0.27026777043049943
2.0118124577499223,-0.05951706107953904,-1.5359459985474817,0.3551969052121009,0,1,0,0.9958294324966376
-0.5806933840648487,-1.4426493264043747,1.3731337019727967,-2.2846093042469273,0,0,0,-0.18002679745575942
-0.7312463047964585,1.0816189287558975,-1.4000335598705145,0.6110319592211905,0,0,0,0.0563859861266692
0.26771424864111976,-1.2300183346898566,0.2896685605029701,1.1436145516376874,1,1,1,-0.3491199028835489
1.031117598320603,0.5007744390711057,-0.45956605999532546,-0.08988809675016962,0,1,1,2.047721284657698
-0.6010465330455554,0.8778833707045753,-0.9172235093388654,1.816446100724656,1,0,1,-0.24349702972168397
-0.599567291867129,0.7083340748326379,-0.8818098399790035,-0.16258015834304507,0,0,0,0.8749384082797295
0.5041091112768987,0.202372581384282,0.8517227896935856,2.8524839599736502,0,1,1,-0.7903885431572641
-1.4256144995058972,0.0756547561543785,-1.1675364353186335,0.09032381564762905,0,0,0,-0.28611518572493766
-0.7725856157110249,1.6537037302375082,2.024772756781003,-1.7859347545845514,0,0,0,-0.06050541566804507
-0.838235133207386,0.7879599959531753,-1.500927003656036,-0.7010580530874417,1,0,0,0.4062672682354854
-0.43433427047123907,-1.2913236738646037,0.49709511541947454,-2.1312479435050746,0,0,0,1.0939288875481545
-0.14226639994079493,0.6341939754395155,0.4654080870357153,-0.7975272246424097,0,0,0,0.09034574500434031
1.8442084273726254,-1.058460863055204,-0.5575231879988176,2.3185522527187103,0,1,1,-0.8164487774241418
0.9073609233283382,0.8347204286042952,-1.3796930927985116,-1.7148155906368285,0,1,1,3.4896573237189337
0.022398215645577008,0.8147569387941405,1.23014085551891,0.11101746705529181,1,1,0,-0.0709672057128474
-0.22470189080021868,2.6181476902709493,0.036980012578230984,-0.41676718087694153,0,0,0,0.4812300037256885
0.8743512655863797,0.1981475629441959,-1.0693318327250345,0.802256867238674,0,1,1,-0.44091434518195105
0.42839992881418004,-0.14949337100025054,0.9274820541592396,-0.7615626189825501,0,1,0,-0.17854143047800364
0.8912089562679866,-0.23601271541464208,-0.9199472917879727,0.11222109606970711,1,1,0,0.5708509256889784
1.380975078688279,0.6596963875220935,0.15937790300284974,0.44594350442378794,0,1,1,1.7267256499047605
-1.0081849081838261,0.5738100133916125,-1.1554899375923864,-0.9608504731102717,0,0,0,-0.26697641874869926
-2.25285495882216,0.5341258064851668,1.5509465194649483,0.44155171573010993,1,0,1,-2.435127839435661
-0.02180249422278157,1.2779344461772244,-0.8193947743527112,-1.0217446079495065,1,0,1,2.7290544377843005
0.07946136983918599,0.5825348645394284,2.0373092526200782,0.0073522449017338004,0,1,0,-0.4368590449829469
0.2867788589330179,-1.4153415212120273,-0.16434786720286323,-0.2832819796120565,1,1,0,-0.07228543418454364
-0.5988237649112302,-0.40001138048806273,-0.6406476288331332,1.2324652100203044,1,0,0,-0.8296476464812333
-0.23262027971067567,0.17998354915123718,-1.5797960459630134,0.7459323413632217,0,0,1,0.5356758713526429
0.5587366976509724,0.5283077823028727,0.41936827208888633,-0.019167384121910085,0,1,1,1.2271703202266058
0.612558460106959,-1.100315184943175,0.3284855298668403,-0.6764257467952629,0,1,1,0.013204350152954403
1.330978842879996,1.1917145864381626,0.6690917561957657,0.019406212251274053,0,1,0,2.296165605235489
-2.166279414080061,-0.3109830563237183,0.22832640952460032,0.5391948128175218,0,0,0,-3.0673405422355815
-1.6486584858234326,0.9913290058619054,-0.14420134870038587,-1.4720555696412387,1,0,0,0.8281208671347358
1.4619411988891542,0.92180131282382,-2.04243592966076,-0.8474470703872032,1,1,1,4.174879258932632
0.6081985375729924,-0.5787881474618205,-0.2787002203285305,-0.02813064152861396,1,1,0,-1.0402577703646316
0.7934348767802004,0.7365581475914114,0.7428181909611152,0.1625730119659195,0,1,0,1.1910926710073326
-0.284834487528731,1.2499027199066548,1.6145305218461612,0.5148429701056518,0,0,1,-0.7397495019186052
-0.47415539300514364,0.2161384608346584,0.7809841416606018,0.09774057059951563,1,0,0,0.4399933222286011
0.19980373745249375,0.7262430778166742,0.5496404080002447,-0.19003890960307632,0,1,1,0.8143744423060929
-0.9397875074830885,-1.0947790703910574,-0.1541428460318079,-0.5126182768251023,1,0,0,-0.9387457824030425
-1.5301616870839059,-1.112248944652632,-0.4314875473064344,0.5376911137561222,0,0,0,-2.1083760123588235
-1.1105699098412865,0.49590009173844,-2.889650683555971,-1.0895779023969627,0,0,1,0.8728397788871106
0.11652618312046131,-1.7689066137400529,0.8440024722993268,0.09333364567560187,0,1,0,-1.3269782887144297
0.6371912896310162,-0.5547281303172552,0.6085152946080276,0.5734233441124115,0,1,1,1.1484686640192425
1.6512593507155429,-0.02883962980416826,0.25019045593045197,-1.0056058584718675,0,1,1,3.206696110214641
0.3718213857762838,0.7369438063751067,-0.3458128117368517,-0.603001936270994,1,1,1,1.6530904588295336
0.4725170068679937,1.4471129909708789,0.7913482606823206,2.561639409719188,0,1,1,1.1087208181447552
1.6881409287344062,1.0505219745566947,0.28028189484920574,1.4663161478293254,0,1,1,1.5079035214825984
-0.7766554253614278,-1.2131605706721462,-0.6273000261018089,0.8132385938476477,1,0,1,-1.7347574637953764
-0.9592913718409568,-0.268616010915315,-0.3881119663064433,1.563030883458321,1,0,1,-2.585615402214845
-0.5379316561654733,0.49391500603135213,-0.057297046425755095,-0.16856433946299113,0,0,1,0.24900282540010252
-0.0962240636466996,-0.33974994322214125,-0.13198418074851284,1.5959347832451505,1,0,1,-1.3191648010640586
2.023235773061036,0.4941519091477654,-1.937813021431506,-0.21474491758143305,0,1,1,3.7195022867439804
-0.3488404699267934,-0.9410201235940168,0.17043425679207946,0.6790878798072368,0,0,0,-1.8467429629580006
1.3071134003524625,-0.8954726342451053,-0.46194130466363914,-0.3200169846845267,0,1,1,2.2688500000929617
-0.47266081025257173,2.737721586303104,0.9468319308164134,-1.2184872307824441,0,0,0,-0.37822598045107536
0.49141618023089634,-0.3868347391560079,2.230060722515921,-0.04944613882912858,1,1,1,0.9279099976125296
0.6813169289424645,-0.022518480019232016,-2.380161360080726,0.7991657853190954,1,1,1,1.617074399691779
0.5329525398903965,1.181312287136064,1.024890473626544,-0.4244411020935472,0,1,1,3.4546604824157328
0.7510465546567943,0.06657306651539456,-0.5160668517412145,0.5563522233936816,0,1,0,-0.05611806243968087
-0.6890394381281356,1.4372886786892336,-0.7834859226216875,-2.7961468162125804,0,0,1,3.7042685466931164
1.4561473693108637,2.650836122686422,-0.7994883635574821,-0.5495200088881572,1,1,1,5.502909778334149
0.9809923461852852,0.36807294710277755,0.21712386966395686,-0.19262541368693095,0,1,1,2.22377911695263
-0.7018786834872582,3.1397094187860564,0.4350012664048502,-1.4165241146353298,0,0,0,1.1767649693594662
0.5057631571336314,-0.3229614092249099,2.5081465824049025,1.2219147181988417,0,1,0,-1.8689760482319917
-1.07316077990598,-2.309308646254792,-0.6015899574412087,0.6928814145558363,0,0,0,-1.763523871604944
0.09490033970525869,0.4463767792940344,-0.9484218847442502,0.547243452463349,0,1,0,-0.15613238545379554
-1.1710863906723505,0.6745693330191694,-1.9094013829452299,-0.8797398089694497,0,0,0,0.17090098510207397
0.7183665575698974,-1.1676884566628962,-0.8548079600673184,2.8778415043820362,1,1,1,-1.2022847081702426
2.9643709900113557,-1.2529003180081426,0.12273200980150938,-0.39765825766226576,0,1,1,2.7896686804249176
1.47084001348735,-0.798443800458196,-2.241381038661938,-0.05763482678528673,1,1,1,1.7837723669094103
0.7307794218428268,-1.5930751046293545,-1.1237949386271138,0.7291732388636797,1,1,1,-0.47130443515932596
-0.9028715141134613,0.07440091645697051,-0.18630622264595287,-0.2001983912786379,0,0,0,-1.0196329391219274
0.3802580125186096,-0.6195427954180274,-1.1331313863359214,0.7619457882547063,0,1,1,1.4523297963628978
1.1845560951901957,1.8002263690914595,1.0201367739468297,1.1193120066666553,1,1,1,2.8229213785364724
-0.08838303224072712,1.1820881070037308,-0.1452749472461714,-0.28591490858892543,0,0,1,0.5147252140812797
0.12927855482870204,-0.16384985589770493,-0.0024442031085482596,-1.6257503457632099,1,1,0,2.264999150708611
-1.6943426796774084,-0.13029954808778943,-0.6312273842210196,-0.4385869022348108,0,0,0,-1.7982291236714834
-0.8554204851920025,1.489287888237456,-0.8512061150140503,0.24411888102789922,1,0,1,0.3561296013635072
-1.8483526617666735,0.8744807579016067,1.419624121815502,0.9706111551119562,0,0,0,-2.3148593184833395
1.9144691061207377,-1.4206705392923922,-0.3690481340755969,-0.21915902016022773,1,1,1,0.30188252606003596
0.47263212924378845,0.26136389300515245,-1.4854750213388064,0.3163030376496544,0,1,0,1.0667743672757162
0.7246909769053713,0.5109222511311198,-0.2559154871699962,1.1002958526491482,1,1,0,0.8456916881889504
-0.2026986420404116,0.28918566358756065,0.35405675175325335,2.0863324075176526,0,0,1,-1.8758471080773214
-1.4606652749674036,1.0238421581846473,1.2590984288456106,1.345338270551226,0,0,0,-0.9662750677225138
0.17597083382716427,-0.3758838388201891,1.2918765776645205,0.09446250377570957,0,1,0,-0.4257135571072145
-0.6364888554360455,-1.7031436435750555,0.9453294387286609,2.0390837077654864,0,0,0,-1.4144241286499049
-0.9698263345674594,1.13172917805495,0.48333402296853717,0.055172147515579674,1,0,1,0.21594396188487536
0.05541093776171159,-0.9644990364131628,-0.06468762427801703,-1.1347065760049406,1,1,0,0.3259774488597881
0.10981831503877666,-0.3854554040244309,-0.7680943910014995,-0.615163462790804,1,1,0,1.571639280047518
-0.18049263174436744,0.3326495438338134,1.6883149527908508,1.2932681839133648,0,0,0,-1.7138425193972475
-0.7742687816113523,-1.3315266560442398,-0.207032022274461,-0.07129466892549347,1,0,0,-0.47749575086216833
-0.9858678341721334,-0.09461597668430144,0.8403188091508389,-0.3981875253467952,0,0,1,-0.9009504299021227
0.006320581300227861,-1.0151008799531518,0.9691874407143776,-0.06321736582550644,1,1,0,-0.4095268515722642
1.2224853114413154,-0.6343016588690639,-1.3259278994619583,0.07798670656036052,1,1,0,1.1478279283458717
-1.604310120579891,-0.9752153080451407,0.48568305677391344,-1.4106648254458325,1,0,0,-1.464475762319756
-0.6571819934315685,-1.165704440218224,-0.6818504408049206,0.9319906135334146,0,0,0,-1.1344737450114442
-0.16235828655231635,0.8566026904274642,-1.40434096957105,-0.10461680345757586,1,0,1,2.370027259236335
-0.15873798986043386,0.6962003364562294,-0.8518733016884283,-0.7932222595957503,0,0,0,1.0181549975740523
-0.5927634242444517,0.13580212983014436,0.20558298592867394,-1.0782840094398074,1,0,0,-0.4309913726957866
1.9285065487190431,-0.5651000783304859,1.5319863453324558,0.24418953473600633,0,1,0,0.8727210564804855
0.399799120028944,-1.2081541979249102,0.3996507426043311,-0.16370193674685726,0,1,0,0.0014781995126392777
-0.9853834736418244,-2.519344663042117,0.7333318057304428,-0.12175114307541735,0,0,0,0.19346267066896083
-1.8821308940695523,-0.5789008804145398,-0.19030986306324627,1.9623100061620482,1,0,0,-1.5952888187046805
-0.17214987401979467,-0.3379450125954701,-0.3180759049052039,0.7779979493750836,0,0,0,-0.4446357850014967
1.479468756664429,0.3072546147106783,-1.093110014968522,-2.5797700524581604,0,1,0,1.5931772819930476
0.19276710173583192,0.9352529982202331,-1.0658574707958293,-0.01597427311919151,1,1,0,0.22243573114353082
-2.3159909779273704,-0.057013400956830704,-0.4596034184920416,-0.8417964949868894,0,0,0,-1.8595745110174806
-1.3769433806742357,0.0722345366741596,-0.24278357960045147,-0.9795712970522326,0,0,0,-0.9915569477097153
0.12291695848756362,-0.6346267372164814,-2.178425222887375,-0.4566291495055518,0,1,1,0.13287340168558015
1.0676102615078604,-0.16297959942124238,-0.875863974730287,0.200777388419706,0,1,1,1.3862272852952837
0.14107446685739256,0.5191289881324892,-1.1670828767450259,-0.5812965730019273,0,1,1,0.28316058570021563
0.1492933105461135,-0.9399608037032022,1.3798851060244588,1.1811286293034144,0,1,1,-0.9636890636541172
1.0729963447895543,-0.06443809844563374,-0.27228908521335604,0.07398538647126314,0,1,1,1.0291335667728405
1.2562533245222551,0.05600633479148488,1.1201086951618984,1.748860326963657,0,1,1,1.9462099795158412
-0.676530525437766,-0.9500602136782356,0.158962079172569,0.6765888658007848,1,0,0,-1.277409017997513
0.4380457793395346,-1.1180066994294062,-1.068304620340615,-1.7352578047041478,0,1,0,0.673929696356017
-0.9573832150993403,1.3569232496153156,0.8346939374033299,0.14495145164049142,1,0,0,-0.2900654605558654
-1.0765697973566228,0.7954746262063859,-2.3811500067070512,-0.2998326072811778,1,0,0,-1.0391725398739105
0.5883406450393772,-0.3489980990216887,0.45764887324147924,-0.6654224838734684,0,1,0,0.17119425461489257
-1.423440866962666,-0.04564419936525774,0.15139905790420694,-0.4947851230374185,0,0,0,-0.5856932092130867
0.1698638673047373,0.7821448108325618,1.171242759884417,0.31136954794150246,0,1,0,-1.162376108310782
0.31419903062776083,-1.0056901643757417,1.3679067152254274,-0.6440982708943842,0,1,0,-0.059460821420771776
0.8612876095504199,-0.03780425742224582,-1.501801301115952,-2.06800241915744,0,1,1,2.1652487626895787
-1.1504291882493116,0.8412871113986757,-1.289436666599735,-1.2452035000405515,0,0,0,0.26777597397922226
0.38081620136544136,-0.8269530961173353,-1.5874953631816482,-0.21151126731412362,1,1,1,-0.1872149928674285
-0.12542818631614266,0.22048454014130892,-0.4981823355605184,0.22966409148494762,1,0,1,0.6957706540973724
1.4860602411657748,-1.9494636155608982,-0.5910941083045272,0.9080000192520274,0,1,0,-0.1660121562161958
-0.7427522358152787,0.06806436579915683,0.038127265932347845,0.7088611131133137,1,0,0,-2.9738655985556868
-1.1100206320463282,-0.12843689446953258,1.0015076700590047,-0.3887568843735008,1,0,0,-0.2504346552173339
0.5002211367088556,1.8991179439916268,-0.37736889440374877,0.2939928462455796,0,1,0,1.3649306094743359
-0.8558121996885317,0.2260492054552375,-0.07176465249276787,-0.9037203540698465,0,0,0,-0.4911046762225475
-1.2942976898550156,-0.4633865733369239,-1.6235172377730898,-0.4898466157479421,0,0,1,-0.7249245336752992
0.9100717566792268,0.534384855555157,0.9731919853079348,1.1360862613505944,1,1,1,-0.565157507239228
0.43038637363658355,0.22393623689213615,0.07945614200187613,-1.0515298103469248,0,1,0,0.9178985494114945
-3.1114224759038254,-0.9563994217124271,-0.027194143946979176,1.782057519706982,0,0,0,-3.9494531252421607
-0.9209848857125918,0.016157333732046378,0.9350815727366943,0.062445763703441744,0,0,0,-1.2610796478936268
-1.1080369867323656,1.9447803124255674,-0.057577060398516094,-0.25871177582287136,0,0,1,1.5526937613804659
0.6443473296263564,0.44020354911068454,0.916253652822504,-1.3616766784273302,0,1,0,-0.05748562441382121
1.4725629340858089,-1.492601054438149,0.08319148638418858,0.250359237916456,1,1,1,0.014437174865073177
2.0581152931069537,-0.23157242410877144,1.4542490545378515,-0.2618352258631787,0,1,1,1.1727355962496508
0.7061260422518802,0.3980407963558176,-0.9576559276859596,0.06793092234605563,1,1,0,-0.1319558605875193
-1.0960117675434855,-0.08115843881655176,0.678557498521376,0.34169089236921646,0,0,1,1.4895240802148046
-1.131272263634678,1.45064400601261,-0.9728746175721075,0.3129612109736233,1,0,0,0.39029385152544355
-0.9527356859236873,-0.40152229778165316,0.11630864181728867,1.1150365078831206,1,0,0,-2.0584963119507145
0.4894059390638143,1.6613436089542304,-0.5588143028103438,-0.9407577941681484,0,1,1,2.640931988517808
1.2654211894151524,-0.5933974479112055,-0.08179859141557745,0.43568489889580225,1,1,1,0.892498698101466
-1.91775604128544,0.030030307255438822,-0.46303925547367614,-1.0530052657581688,1,0,0,0.5432656380595127
0.6092449115832982,1.2112609426766385,0.6585481843753254,-1.0981625755808113,0,1,1,2.7377898576956086
0.9278559601625068,-1.567060390040748,1.2520388307514583,0.1604554804747731,0,1,0,-0.8085765935354949
0.315969474351436,-0.860006337946936,1.2735423320582375,0.4531219124983727,0,1,0,-0.4205262749825748
3.2362323840578138,0.599701831748232,1.3361488411379265,1.4609881194271805,0,1,0,1.4668175914671018
0.5352488533841071,1.5188536119932396,-0.6352981247065815,-2.8498714786347583,1,1,1,4.941516530314395
0.03249183319659698,-0.6407124571883905,-0.01896057642618397,-1.528231885059593,0,1,0,-0.6202854401738946
0.6105215431044476,0.5885191630640995,-1.6046706303219624,1.2785517718683144,1,1,0,0.5468174898245015
-0.5441767591542985,-1.128509816024078,-0.35254200846783457,-0.007895889078126151,0,0,0,-0.1664667045548356
-1.0992649535176389,0.565162725461778,-1.4961391906626398,0.9420369633980072,0,0,1,1.6402272212924403
0.42218033928460746,1.5981094430797689,0.07888884879086315,-0.5885393359058569,1,1,0,-0.03433735538712268
1.1536257788612077,-0.2730482027333221,0.18501294511924696,0.8006192414218004,0,1,1,0.1616711836092763
-0.2349374002498055,-0.43991142480149525,-0.36988141680915393,1.3275956136798226,0,0,1,-1.6046180080784973
0.9257199380199073,1.3198958680589534,0.49389217751741193,-2.309887836810799,1,1,0,1.2720745959352713
-0.37577370562543244,0.7187481766957847,0.1479902822061464,-1.372288237595757,0,0,1,0.8353728355655785
1.6313911586009147,1.017015293159621,-0.4505978030735412,-0.5777922307800878,1,1,1,2.511020897592462
0.21478963496723885,1.2006748371081029,-1.9311672619945652,0.7839328941493925,0,1,1,0.7284189674215703
0.5343138645770067,-0.07551143402691775,-0.012709658163310694,0.43905615174353413,0,1,1,0.5533509936302394
0.7661656244751315,1.019813557381514,0.4581381422430375,1.0491957756753745,0,1,0,1.0337088447751688
-1.3520780579147114,1.8314653130731042,-0.6955490356616678,-0.18569297343486293,0,0,1,2.3092097864047885
-0.18212742998153664,-0.3449806492139399,1.0321722415997834,-0.22831324626345728,0,0,0,0.0503730372077163
1.840527408847227,0.9146156705712407,-1.44086238575042,0.10595836612786987,0,1,1,2.4490281438214088
0.03649257013959977,-0.3938749103921446,0.5376705535601128,-0.0692899892262106,0,1,0,0.06700216022626565
1.4026067526599917,1.472981545921948,0.3342130050241281,-0.6262980400896935,0,1,1,3.7450897157538536
0.8840908395986957,0.5885367908113001,-1.17433365614183,-0.5177549111010536,1,1,1,2.1224613363902125
-1.8277290346992463,-1.2609384559640144,0.7853151317318472,0.2474611894546378,1,0,0,-4.346245349100606
0.707370671076363,0.21570284987572447,1.2160294812136152,-0.7630652289174867,1,1,1,1.4694236140131063
-1.0882880464857139,-0.498232528059041,2.2341735607554627,1.2951887285138106,0,0,0,-1.5293207910347046
0.2612309610503803,0.8538503218326816,-0.1468458262545805,0.7449787874497432,0,1,1,-0.277459640975387
-0.4156013498924418,-0.1431344584892101,0.11748134086686778,-1.0734145085184346,0,0,0,0.04070604795569614
0.02176174637997512,-0.08940881339504249,-1.4073557085671375,-0.9199331869494943,0,1,1,1.3980245581572333
-0.07087819200575916,0.6748745012903531,-0.35298685369582933,2.2033076040178474,1,0,1,-1.6356632508919255
0.24266802192757134,-0.4383293853199564,0.4426274886981857,-1.4703109603254305,1,1,0,0.47951595060566543
-0.44831326309615965,-2.691491850131715,0.40413317573628615,0.3941548988852352,1,0,0,-1.493311575794134
-1.3509739674468209,-0.5186315247302048,-3.050130405976262,0.5719821323631923,0,0,1,-0.6428971118004554
-1.0099544539866498,-0.572308661767414,-2.00414307340622,0.3022537253271871,1,0,0,-0.03672727734348302
0.9162399244243266,1.5238421348466527,2.4812287829667734,1.3790844732995613,0,1,1,2.0041006826813756
1.7244937327895602,-1.608386995096753,1.0259408797505445,-2.215914366542562,1,1,0,-0.08100313202069198
0.23257176663167994,1.7804142785869115,0.16932039235350863,-1.064793050209453,0,1,1,2.006565512662818
0.8422973762805964,0.15955135018572525,0.3977209802325786,-0.9665529542233796,0,1,0,1.2493853395526988
0.9768538513299708,0.4239633612504118,-0.8558714428956141,1.0185184811803425,0,1,1,2.7261636038631822
-1.3658236817650753,-0.15336153693717733,0.47075020883795515,0.012838123052865552,1,0,1,-1.1211834205085367
-1.8726513273882912,-0.16786036917168118,-1.5142484035775252,-1.0515577747214102,1,0,1,-0.8502897558054197
-0.05125640412410287,-0.5615027910656347,-1.0685233113516592,-1.036605038401235,0,0,0,0.7430861406659169
-1.892311464677606,2.0189033212574294,0.7676569704924725,0.36550506930944526,0,0,1,-0.21371177416097575
-0.2724853434833264,-0.6858650296599953,-0.4759488664420814,-0.05294053325293456,0,0,1,-1.0811712968394496
-1.4782237426784206,0.4681655426625793,1.6098055564000293,0.5353191338843853,0,0,0,-0.6166806212087368
-0.624036628265165,0.20431638465686003,-1.365067785536201,1.488857696817921,0,0,1,-0.3152162883477487
-0.7511868669856704,0.04353071991155317,-0.47675463931806383,-0.8516462209569541,1,0,1,0.12401249722662899
0.5199974507603043,1.0003331635282906,-1.2802205690112225,-0.3605524732036011,1,1,1,2.160923287423998
-0.6472435013594432,0.5521616145671949,1.2604853241059977,0.38268843306677924,0,0,0,-0.6537407235930979
-1.1477532333253937,-1.7386369762884202,0.4798729802203662,-0.29283404576976657,1,0,0,-2.1049980006779716
0.04880504838793347,-1.6554062419867994,1.42344135529896,-0.6458777651271815,0,1,1,-0.2285529064457006
2.967183970895836,-0.5032537601351501,-1.6727530408464693,-1.0412855718194616,1,1,1,2.418724579269991
0.4927751397850029,1.4048265209766229,0.05577030307799646,-0.9141355758718742,1,1,1,3.3407236987501534
-1.9449262398674567,1.9090711286767896,-0.3937901134973373,0.010628575982089319,0,0,0,0.805582222344029
0.0913139328950341,-0.35107966903642096,-0.5154728002558834,-1.124458496108449,0,1,0,1.5015738940944379
2.571097255023504,0.0706824254784618,0.9831900103493717,-2.34966792132919,1,1,1,4.412603203193661
0.1691417956474309,-1.1153892489477264,-0.6389702027316785,2.8761049282317277,0,1,1,-1.2144284753610253
1.2806658976485965,0.34185991392946846,0.3934949462373643,-0.41773829277491603,0,1,1,0.8672727002778371
1.1101142656999716,0.3149121241849122,0.7655393814711462,-0.07900821581635761,1,1,1,1.7537141605941384
1.1883747919810879,-0.6177342802599748,1.296219433409031,1.1362470421739854,1,1,1,-1.1050474659167326
1.0507947479496411,-0.10189768879764527,-2.0343981310268475,-0.6272047862772837,0,1,1,2.6634582748755378
0.2826496346329715,0.49531904930440424,-0.5684223917913377,-0.7595228618314424,0,1,1,0.8756773313546513
-0.18431639917405046,1.7206497494288886,-0.574231891076774,0.7550477420325864,0,0,1,-0.4320870312954582
-0.27854918924790806,1.9355652412873599,-0.1919398598709432,-0.6326498398889543,1,0,1,0.8157803708581217
0.12027139240787155,2.6048793211362393,0.32662163393211624,1.1024679009300433,1,1,1,1.5715365160330712
0.4270341164560763,-0.608615034728088,-0.25838296347851064,1.0135048063788508,0,1,1,-0.48501405673056497
-1.2756724948172788,-2.2083573863470236,1.0460294523637832,-0.5751411604533926,0,0,0,-3.663434448015142
-0.2804578783456461,0.10768557614474968,1.2361726177935384,-0.563790327042509,0,0,0,-0.3189366829171849
-0.04056195748309596,-1.1287819030289639,-1.064530772225378,-1.723343353425772,0,0,1,1.7146072235242382
0.10785915467065905,0.5216089541085758,0.14041285970599246,-1.2882613258392062,0,1,1,2.158356831531352
-0.3096858815122197,-0.3342447933141348,1.4053902639859746,0.9562536416538232,0,0,1,-1.568177819626462
0.8064023906622744,-0.728033124905136,-1.815868408508303,-0.9053207444623461,0,1,0,2.0888803206460107
-0.10399042087832878,-0.04264049853148013,-1.6876606101899154,0.6416194925652902,0,0,1,0.5480464650812105
-0.37543900078833764,1.038730242882609,-1.2019104287308413,0.7144444971631713,0,0,0,0.6834285375434793
-1.236860939676181,0.3935852633570343,0.03882166356904883,-0.5937491449298706,1,0,1,-0.1993067869172161
-0.777399144903471,0.000244516022404218,-1.6377884064791652,0.9763882413453878,0,0,1,-0.42897967961354144
0.22961241649295433,-0.8201089315404916,-0.865371433342299,-0.12187568933513594,0,1,0,0.23864238655068581
0.11917571938989226,-1.1138900453584355,0.6176877870760825,1.2912470254602444,0,1,0,-0.6863412587784152
-2.0387060674462267,0.38195209420029536,-0.3749553171347695,-0.6986870398837897,1,0,0,-1.0316922300248683
0.924303431064754,-0.3948971650111804,-0.6112622686289125,-0.3322206989497366,0,1,1,1.1607322628301397
-0.7026085336342535,-0.9702834057125239,1.0407221759998606,-0.34073258340068,0,0,1,-0.28157923708501115
-0.9019239528071528,0.556909222880534,-1.5850820165162591,-0.12716456222303654,0,0,0,-0.6495437557837442
1.1147107360183526,0.006385334137833621,-0.32640162507504217,-0.7403343929335681,0,1,1,3.0218328299156982
1.1633510564893799,-0.2732416879565527,0.9302503318593277,0.4249966845100501,0,1,1,1.631910066779628
-0.7114094007268258,1.5913892616756995,-0.7972305023701346,0.6797623439216444,0,0,1,0.4608629787860816
-0.35561787274685946,-0.6421033057308445,1.274790510288334,0.8638246866999735,1,0,1,-1.706140520876879
-1.2240524594342654,0.9790830409169808,-2.075855611081389,0.5607167365689116,0,0,1,0.8299096244741647
0.814226893166034,0.1548450844684686,0.8628858493047663,-0.2617618097855918,0,1,1,3.1557090509294823
0.9046776166490703,0.4596963029967488,-0.7592943473401061,-1.017763260889367,0,1,0,2.0581115364116336
-0.43881277459317203,0.12077972297940824,0.270698698483602,0.6233029500537565,0,0,1,0.26427211300131975
1.3916844772304504,0.9895022462133661,1.275306566318163,-0.3896492172393036,0,1,1,2.723491827939669
0.9185830478120429,1.549775712853417,1.0157828492499212,-0.9516250509417126,0,1,0,0.3164414007137748
-0.12371021988890538,-1.2977376779646426,-0.34766112686496786,-0.5064010872954715,1,0,0,-0.3136122806827826
0.7215848042377154,1.2268595008795202,0.17245082550116098,0.21097998886831268,1,1,0,0.8853572295161499
-1.6546722542514165,-0.25820106495197703,0.005042007255725474,0.9740627786144432,0,0,0,-1.7714176083321815
-0.2627950293704883,0.37806201945138107,-1.2360734742035784,0.43279172640072366,0,0,0,1.0373100147918577
0.25165658400738294,0.31286003305988364,1.5512185344862393,0.17159003227512698,0,1,1,1.6825604874503497
-0.010423194036304637,-0.5046340090269829,-2.2462303886500776,-0.7659248280336289,0,0,0,0.33631893521211137
2.0499488966662796,-0.5472525209491655,-0.0999964208339682,0.660075803096049,0,1,1,2.3628671016757763
0.31053290719942717,0.21282896107352156,0.7824513684576933,-0.5647379260111114,1,1,1,2.260420448468292
0.3664609805301145,-0.5867952288025107,-0.7500479298707564,0.8316545327956782,1,1,1,0.10496150651408612
-1.3279925130566592,0.7160119586256807,0.18622872767227377,0.10881637604476711,0,0,0,-1.7772479042806042
-0.1874875348856187,-1.4814325353375564,-0.45498437784771323,-0.2220002960527314,0,0,1,-1.3523241858593609
-0.7835219531539016,-0.1627107090080624,-0.11654064997082314,-0.025656104402441714,0,0,0,-1.991917105240001
2.3487660478199905,1.3919924261915566,0.06274559297436037,-1.91623220511816,1,1,1,3.3909271028758883
-0.41562890715134826,-0.15549122497180307,0.9536062037692181,2.3881996620970707,0,0,0,-0.94145879795794
0.11905765245629782,-0.9210508137843433,1.8965723292791044,0.30093124742464566,0,1,0,-0.4785724805792271
1.2158081091462396,-0.06373987307981104,-1.3255939174321965,0.6815786299575807,1,1,1,1.1449855337354817
0.6566656001910643,-0.9901815197536318,0.3306613712708926,-1.2187267984581938,1,1,0,0.43653758397728404
-1.4113105550284764,0.7950836495010449,1.0749258361003575,0.5829104610170771,1,0,1,-1.9289316398422354
0.6385207841051324,0.1290632479734772,-0.5811189368082792,0.0761461673469755,0,1,0,0.8097125621208485
0.7103125798052551,-0.23110178519673363,1.2655821086147128,0.09763418543917256,0,1,0,-0.08017332044467992
-0.18164743306424636,0.7149698694576653,-3.5867474940522923,2.2238652948465867,1,0,1,-0.9184907364942951
0.46429536845872144,-0.06894871014466511,1.159638229575293,2.2981982532992284,0,1,0,-1.931722796157747
0.10473104088984195,-0.6922291334430958,-0.15394169582593276,0.5459697815255842,0,1,1,0.29337087914856186
-1.3853783336939696,-0.31950402621180446,-0.37365310393344264,-0.049546494009086305,1,0,0,-0.2049747080719062
-0.5634987063480137,-0.7679029692963601,-0.1030645906189951,-0.875101943249809,0,0,1,0.7799540331354446
0.020716177960651755,-1.0867677136263925,1.2051804430633963,1.2918094672831746,1,1,0,-1.0878290555285606
-0.5864411233906635,0.6163477435808382,-0.4494198346474836,0.12260261779032292,0,0,0,-1.019436627546641
0.539045548497042,-0.6547347932363363,-1.3699921135163122,-0.6314971903428738,0,1,0,0.06227497286696726
1.0019691850721346,-0.6088987084184244,-1.6623161104162005,1.0602272522348475,0,1,1,1.81602824331429
0.2734199269708766,0.898970768609712,-0.7770122966466727,-0.9798444915103831,1,1,0,0.7170013148213135
-0.3726781418044167,-1.3315733768825693,-0.45051911848655146,0.31490549100158705,0,0,1,-0.8159412665516109
1.362841656564512,-0.8196935427875549,-1.0877154525355601,0.20888876535957998,1,1,1,0.4222654443596966
0.1375267325673482,-0.5504489754035783,0.46104480846497753,0.5187034472197637,0,1,0,0.21653955325895086
0.3535240462577889,1.5766730091355872,-0.7245897817725702,1.6240926320263183,1,1,1,0.9571655653738449
-0.7634451003337144,-0.17713095346444446,0.06780238821947411,0.04978914947588659,0,0,0,-0.5607078928708714
-0.21764807421684332,0.17332684389892872,-0.7852808129622906,1.0896697466763892,1,0,0,0.5131195260931023
0.9981031185840258,0.0612380396519961,-0.16372849758122687,-0.8678147954802357,0,1,1,2.252465606327789
0.7437283412035894,-1.234672390984235,-0.4016699876119082,-0.6713491831479874,0,1,0,-0.08374553604444357
-0.18706902546178322,0.37401207935313896,0.07231743053323704,-2.3951131396672096,0,0,1,1.8981324189283864
0.008244154368297701,0.8494502959760207,0.02748066959727317,0.6274665721379298,0,1,1,2.4183174245782317
0.198974746318206,1.700973459346237,0.8572285191477962,-0.8114647252619503,0,1,1,2.4372630132180215
-0.9411870755037531,-0.19555275940157565,-0.3328776282662872,1.0120949528940266,0,0,1,-1.1747484769891259
-0.18532379855657116,0.5988502533278455,0.4310325877745487,0.5319356961938505,1,0,1,-0.10525813485032093
-0.511563733387148,0.9218818962582184,-0.05077780267999179,2.1705290257461196,0,0,1,-3.1703330715502918
-1.3857659288928423,0.07923703870302473,0.6374544173467072,-0.12807356473620718,1,0,0,-1.4881199213365641
0.1521727470893174,2.1141805510028653,0.781892470677858,0.8964187162485551,0,1,0,0.3263231558426573
-0.14379735061788712,1.9622362078983713,1.6876482418333874,0.5038863846886444,1,0,0,0.6047155179926154
-1.4638060610653376,1.4753499889163864,-0.04237949290761585,-0.14553231024922617,0,0,1,-1.0842815574840419
-0.795007354918746,-1.2399088638355433,0.621457657759918,1.3616761797179122,0,0,1,-1.6620002600380075
-0.0870895118644255,-0.22832477993404854,-0.41289255135404723,0.15832635753260893,0,0,0,-0.06764689347182881
-2.8910531172795144,0.7959591683864793,-1.377510785974374,-0.6114468969643293,0,0,0,-1.292392018658671
0.1840033795223196,0.1120000628962228,-0.05383275736397141,0.10985748770205507,0,1,1,1.543108167515177
0.2667234800192818,-1.670805953605023,0.5178737254559124,-1.841882805374401,0,1,0,1.4650351973394669
0.6488983790368213,0.2575961134828154,1.3061804355245525,0.5207556769715084,1,1,1,1.1058039219618094
-0.5952780777072878,2.050301923910425,0.1053320075365898,1.9666523104200841,1,0,1,0.10428377092119902
-1.4227454158256407,1.6755472153538862,0.17404828774374462,-0.32130086130476826,0,0,1,0.31078707481568263
0.6282876139517186,0.8869630836492365,-0.9022833251323837,0.3091075842987215,1,1,1,1.895462472753024
-1.3749780708953703,0.11976094724817808,1.7981574243346374,1.4912023209700889,0,0,0,-1.9346142341710395
0.5409468925568439,0.04306885726685656,-0.9483587647420144,-0.3286052144048261,1,1,1,-0.12882529765341322
-0.6757044290005995,0.3336366457864927,-0.022951724561944532,0.09029850302402981,0,0,1,0.28563108055704256
-1.012173115771161,-0.4526843614373754,0.7581647822122861,0.6425384654458296,0,0,0,-0.8967814720928802
0.294337132762646,-0.43029104669887297,-0.4452493372084735,-0.39073255218133285,1,1,0,2.157618258113643
1.1222444797252245,0.22029661008386753,0.5952223994476808,-1.8820413231240039,0,1,0,0.8508521038814261
-0.15694003658212458,2.097407998053576,-1.9681726361752108,0.464845394133725,0,0,1,2.4058861243082896
-0.24573932215856534,0.6216692297716148,-0.2811796921883734,-0.9580391643359546,0,0,0,0.42099420265451576
-1.6885155165865058,0.30223635048114,0.6935033506198816,1.5037462542271949,0,0,0,-0.6238405224639392
0.8312080775049956,1.138067636765877,-3.503627175013868,-1.4752489020355628,0,1,1,3.3280890413945636
0.07286035948578659,1.7260579971059538,-1.9525543137890946,-1.578885837283438,1,1,0,2.4932847039415047
-0.27168429931368987,1.2236620941577343,0.28774731388055724,-0.42613058955283434,1,0,1,0.7321723381096138
1.3083786867983478,-0.9842793970434345,-2.0819827807351037,-1.0022376669509412,0,1,0,1.3294025160427723
-1.5674285456064463,1.779331673372166,-0.7756466929623619,-0.8218479599211923,1,0,0,0.11566209262527552
-0.5046134922660388,0.9310420891002036,1.082237404707305,-0.8222365403329169,1,0,0,1.3765619160940556
0.004850193970214159,-1.1970028533077357,-1.9820352073304779,-2.047024856751308,0,1,1,0.9962179505478508
-0.29554794632594844,-0.28321312359314915,0.9821326058823178,-1.4273477122330331,0,0,0,-1.3132831927443478
-2.436567829799006,-2.123585175923419,0.05932809574034005,1.384475748343556,1,0,0,-2.5192735151383805
0.3493359315372888,-0.7543664336435137,-0.0922659395952503,0.8577959258171501,1,1,1,0.5652087702015403
-0.03049999539474243,-0.03665357171607861,-2.381736318714996,0.6350735605853152,0,0,1,0.3274568529037417
1.0107652117340444,0.3427889186913927,0.5794542261314426,-0.8296862586383666,0,1,0,1.4073992037827834
2.0398666486429455,-0.34380109676067966,-1.5606901089155256,-0.9012881195979809,1,1,1,1.7893272933054971
-0.18789360779173045,0.24037760592046514,-0.5253057705595444,1.209095587896297,0,0,1,-1.3600211969434837
0.3844726617823806,-0.4723130454718465,1.461679369110048,-0.30620827472597695,1,1,1,1.0295190264424012
0.253059921578063,0.46124211677458754,-1.2826820633951261,0.8426946920716999,0,1,1,-0.37478525154794684
0.16978710443323317,0.027274823607064246,-0.7877243815316946,-1.359471927065523,0,1,1,1.1439617345187434
-0.13830846351337633,0.6352779893101764,-1.647522908206976,0.8949988458909502,0,0,0,0.1127241784839718
0.38657673700049183,0.976256803940218,-1.7285198021465744,-0.9530802759817545,0,1,1,3.670906527761759
1.1281637354570375,0.7785089385014677,-0.22781074479973162,0.6988058849954634,0,1,1,0.8092361282942165
-0.8490647220501795,-0.20763534571243808,0.5198557597999341,0.2270653833831097,0,0,0,-1.6549793345363961
1.9009285993789524,-1.7031013392782444,-0.3457362431035798,-1.9594956546659013,0,1,1,2.0694479217599766
0.5062973817627888,0.5306428385634705,-0.5356685336647248,1.8435184285157433,0,1,1,0.6755456954650171
0.30297852479414034,-1.3963705931787873,-0.04914927619548579,-1.1603966596130992,1,1,1,-1.3902671508679547
-2.2491291926832373,0.8132950008204326,0.9245667600720758,-0.08017381515621595,0,0,0,-2.0196843415522077
-0.010626304477535323,1.2206858335500883,-1.079404671978611,-0.5227475251894745,0,0,0,0.20367163451434422
-0.9758967174208256,1.036420701298025,1.199817544325036,-0.1070878105134559,0,0,1,0.8147360960866519
0.5743777793354622,1.2688453550795664,-1.260140680889778,-0.3413523574312565,1,1,0,1.2945503359623647
0.9555698241758496,1.1176735176860133,-0.7428778511254212,-0.5678593261467311,0,1,1,2.7655754859733044
1.1498805161182781,-0.8351735709785341,1.006387564005873,1.3916027005691955,1,1,1,-1.3043601287440698
-0.1664031559107753,-1.268474093912151,0.04649168336928262,0.45019672517062215,0,0,0,-0.5854044936008886
-0.07459602306869756,-2.1846782056086895,0.10203014716264312,1.127158788162747,0,0,1,-2.600358065175614
0.4371219827378645,0.12704527117170708,-1.498607842580854,-0.691329887058018,0,1,0,0.784620440327195
-2.098066738858078,0.48460244835843636,0.5018809289501176,-0.38348141640960776,0,0,0,-1.645526379207923
-0.4337622326099862,0.36663597635684114,1.160046371697327,0.49731896167863326,0,0,0,-0.8572644563341683
-0.5427803411799823,-0.042420658694731404,-0.22514719417076698,1.1374858178725977,0,0,1,-0.5390757656091543
0.5208156884507088,1.0020220730504523,1.0097091945322185,-0.5269136765238396,1,1,1,1.3633429647836146
-0.4573753771900325,0.32038570395913046,-0.1586000100867869,-1.9985866279960938,0,0,1,1.4798402687610628
0.7438940356701637,-1.5903494430135563,-1.6116518655847307,-1.6780439012276265,1,1,0,0.8009649225340558
-0.19283469168964498,-1.3832265635408463,-0.16291235439891702,-1.3402159913459801,0,0,0,0.6186728845163069
0.8552834422404088,1.255756084592549,0.4148943724574566,0.19278775949301852,0,1,1,3.0263432798343524
2.218335650064081,0.532310809904558,0.4975856216132963,-2.1308108901879765,0,1,1,3.2883124569518363
1.5580166069345391,-1.446198231544439,0.047822570300476486,-0.5170286902066734,1,1,1,1.6515798865211728
0.9471116813700508,1.3118747457156432,-0.15694027123778226,1.081742616142997,0,1,1,0.39866384787586784
1.1447263445904832,-0.4030782969548755,1.0922486175440151,0.3164141258132432,0,1,0,1.0341616884273566
-0.36593857867951285,1.2112664773067057,0.837575836770751,1.6732601871001491,0,0,0,-0.2082003831943804
-0.7706276144525595,-0.4260095261989525,-0.9538512121696526,0.03444542807634263,0,0,0,-0.6179019610785732
-0.845936453682139,1.1777093120906712,-0.8806286168343728,-0.04301520330172206,1,0,1,1.6304666087003543
0.19575280465071715,0.7942109816375368,0.5267730931110023,0.5131102208017444,1,1,0,0.7845661417758135
1.4734012164388248,-0.4352784872535319,-1.510103874019132,0.3024632287356309,0,1,1,0.6680360594693655
-0.7293802963330938,-0.4497840811228892,-0.475750868443615,0.21881441722910683,1,0,1,-0.8121308241488561
0.4686668777030016,1.3672776485555898,-0.4971245101337469,1.0882116638858792,1,1,1,1.787623348471075
-1.2472068573278274,0.3765619405800806,-0.9857093508760568,-0.16772503801985125,1,0,1,-0.1649268528935639
-1.2163479339277135,-1.0796331623784192,1.6195936530248793,-0.18983104728034897,0,0,1,-0.556343035770471
0.8576227710968178,-0.96744482514254,0.20295910556251828,1.666180101903197,0,1,1,-0.46891118247497965
-0.6867251782740501,-0.48586320714774794,-0.8382781239168207,0.2839626130785866,0,0,0,1.362255805417314
-0.7154258534608295,-0.1643010970157589,-1.674986106658204,1.4423437132603705,0,0,1,-1.485442737768047
1.9754519404040212,-1.2162022855941004,-0.9935542633368145,0.47552989268924006,0,1,1,1.097864856702034
0.06893927563551734,1.724961389971314,0.44668035788718324,1.0882960108070017,0,1,1,2.0697535583870974
-0.04447952470913964,-0.941319341417627,-0.5250828179976957,0.2078454928588877,0,0,0,-0.9532480480250434
-0.22960573239930604,-1.0403320475780466,-0.25997861158356983,-1.3377450172588132,0,0,0,0.442035687790941
0.4153403408572299,-1.851468956819336,-0.18382806629492413,0.824791947628514,0,1,0,-1.1517488158082114
-0.7078271632355606,-0.17006127734542872,-1.4839513457011089,0.8936360511641263,0,0,0,-1.7237005077294318
0.05731671801949117,-0.30916892086031766,0.4118371771189472,-1.659091861684164,1,1,0,-0.22948862486594007
1.0867023391771764,0.7336226904690791,0.5424914512295916,-0.5383590870828796,0,1,1,1.6016855068143594
-0.3206394476509915,-0.4856370082906827,0.6783775121450204,1.1849493648801532,0,0,0,-0.76761364966808
-2.378838353497473,-0.04933535544098518,-0.8963169845773048,1.3714380024235624,0,0,0,-1.3860952132763598
-0.6549099551873528,-0.16227263728439653,-0.526083854914884,0.33484591194620555,0,0,1,-0.36880826927275207
0.7680775597614498,-0.007170145967558494,0.45661531222153023,-0.4988938123346082,1,1,1,1.6258460771054242
1.1208966433265681,-0.4012583003351687,0.47034537259485765,-0.6679165597753395,1,1,1,2.1216286420613706
0.3635742534832395,-0.6633583676944949,-0.11856483277425411,-1.027897568112948,0,1,0,0.8896999469968396
1.4274158986756658,0.1881260893262424,0.5994768643001058,-1.0146598519270411,0,1,0,1.2882003611831354
-1.039619098628936,1.1112648383810606,-0.7515936248800601,-0.2551277972788109,0,0,1,0.07250222820420915
1.2788642957648397,2.5388251543143965,-0.7596884853785346,-0.0018703063692199285,0,1,1,3.462718205261213
0.2097697572153775,-1.0835728932634392,-0.6360617557497946,-0.6230938509194649,0,1,0,-0.5206256004167531
0.6759668578029521,-0.9142513682882947,0.25333967532323015,-0.07795338567588296,0,1,1,0.8669448212474586
-2.8604137173557698,-0.13428850349973082,-1.6937358619673528,-0.7997103310955994,0,0,0,-0.6488479891161538
0.8924836121266736,0.8736576265526522,-1.5474563813897375,-1.0356590643775314,0,1,1,4.471429529798535
0.23295831418070276,0.24641288142005824,0.03948806303016334,-0.13881315079135026,1,1,1,1.4820410800921962
1.9083210732152092,-0.6162819168782778,-0.5147125552240298,-0.16170817840282503,0,1,0,0.5791079574130391
0.1881973925154646,0.8539442073430872,-3.5738642530150004,-1.27550535627693,0,1,1,3.841582346117571
-0.9733060415746994,-1.3425165992871182,-0.6265975936977012,-0.6196944437702633,1,0,1,-2.020826350792052
-0.8032460022912944,-0.37229900911112657,-0.25791640394596355,-0.480309484639332,1,0,0,-0.71565343522574
0.4056108231929618,-0.8297367975651821,0.6749808988413443,0.6025123328906855,0,1,0,0.038280651051564085
0.30779728812521984,-1.0097424116683664,-0.3068350189217689,-1.153336986087292,1,1,1,2.152063818374992
-0.6341375680919105,-1.3370630502416632,0.1758950970433679,0.7619234849359291,1,0,0,-1.3223434075740477
-1.06801321149255,-0.6669560515916422,-0.3223304393460681,-0.15874700697369024,0,0,0,-0.7457417250757733
1.5160211842199978,-0.7090610200246429,0.25320641415170614,1.2588547172011757,0,1,0,0.5079680261833857
-0.23867457101631356,-1.5421244558018787,-0.08214641724724656,1.031969322548272,1,0,1,-0.3848228902005475
-0.06851669764201021,-1.5074652232689905,-1.2424240824161523,0.33278235953648,1,0,0,-0.08253450415575597
-0.5333465801992939,-0.7906117743249909,-0.8203373768203613,0.1497658513846397,0,0,0,-0.5968445427751822
1.398373813408129,0.46685309924020313,-0.5769196456971998,-1.0151917057183157,0,1,1,2.6534142747711873
1.1154592762442732,-1.2060871955670656,-1.6971950588833746,2.0822743889639472,0,1,1,0.7213731307529168
-1.0216437397664466,0.35553718289764413,0.32255862364036725,0.9949020813811693,1,0,0,-0.5280250567792695
-0.07658060396661255,-0.01240987630922032,-0.01871527831847695,-1.2758007448982003,1,0,0,0.032685317379262446
-0.9221110255192708,0.4548690057053946,-1.1682909397481243,0.7576363251752529,1,0,1,-0.6685285584302667
1.8543480656678488,-1.6785412114716904,0.6520012674929238,-0.5804907759816356,0,1,1,2.304292075667075
0.4432768946099571,-0.9052220312379576,-0.32725912674140634,1.7492465738707208,0,1,1,-1.0029254987033707
-0.28021632506910404,0.5903462520367055,0.794544230657014,-1.5754940591971185,0,0,0,0.21323251621456374
-0.33749793955049445,1.9397023103022384,-0.35911161428408106,-0.019242297242458066,0,0,1,-0.018118271997400126
0.5441686979870537,-0.6662091733040434,1.438599388184755,-0.7571950144526934,0,1,0,0.1894561132445141
-0.24603020599532802,-1.7449160946249072,-0.8433648444843291,0.42687867002596375,0,0,0,-0.3393548356358642
1.5426600628465803,0.2780192743271128,0.6628873824684547,-1.1060834110538162,0,1,1,2.4131065169161197
-0.9262005169008077,1.3873052706046631,1.3434171736121825,1.4002442735573672,0,0,1,0.09350530838221291
-1.234654644820746,0.15282806451618078,0.002474507213305776,-0.5002635028176516,0,0,1,0.13494451226825338
1.4104830474006034,-0.7062813630213993,-0.8483742180605324,0.4557768425728215,1,1,1,0.613423839194289
-0.4256927724283938,-0.6938965699081154,-0.007528463209610705,1.694746003405144,0,0,0,-1.4787935094833369
1.419869844138324,1.0049463420637432,-0.13766628442331447,1.040438359782965,1,1,1,2.409041398858613
0.8798701074440789,2.492355526277788,-1.0781413109928029,1.0682652967581807,1,1,1,4.280548307145538
-1.3580920288226,1.4097809326905737,1.0580429501610766,0.05299450846485502,0,0,0,-0.5643690863992669
-0.6095042024115644,0.6253489565352408,-1.1638749529409067,-0.26526464537377625,1,0,1,-0.6064013586923666
0.04931658966041895,0.47855659539623896,0.06263966033181581,0.870357465467472,0,1,1,0.4448592396129707
-0.22044175750654305,-0.10443089437191971,0.7502108928380843,1.829361806402132,0,0,0,-1.5856855271652686
0.30287780108953066,0.12971891249706446,0.791800287061657,1.043527189054019,1,1,0,-0.9134308624365386
-0.6124948903477903,-0.12751355197250083,0.4055410797927915,-0.3177978528587071,1,0,0,-0.46260115827743054
-0.08492884991494587,-1.840320296074569,1.0762259434606178,-0.43147193375170556,1,0,1,-0.9739453480452541
1.001485060657655,-2.4211118946647527,-1.2515828470293295,2.037753865397511,0,1,1,-2.912881241078417
1.3329177364417273,0.4709209529015686,-1.200378900513271,-1.8272094758328274,0,1,1,2.8680701657835197
-0.7900442438460281,-0.18320996266758807,0.42911558970727737,-1.3504005362433595,0,0,1,0.5273411686442244
-0.23197272643142008,-0.6974939457414604,0.10791127105954629,1.2614906279869094,0,0,1,0.006607710188059002
-0.12678716199855664,0.1628815701431263,-0.07925930746994747,-0.15423639038999604,1,0,0,0.7721436967882336
-1.349853573564747,0.1658207372032082,-0.6901441658158587,-0.18439682251247744,1,0,0,-0.1619842602730417
0.9379916393325541,-1.0588427996343162,-0.8128496861577706,0.6389326870160783,1,1,1,0.8235711827169262
0.5647037264108458,-1.2339491558928568,0.9603610798913157,-1.4620567817771195,0,1,1,2.614609564998034
0.5213868695257937,0.7295818184860198,0.3743846100115676,1.546545712078262,0,1,1,0.8209016860387119
-0.1102802596889178,-1.021894790464648,1.7178234978212013,-0.7460564610520871,0,0,0,-1.0587250212846941
0.8703330993429881,0.09955988144016006,-0.7111757416476312,-0.3823219105120827,0,1,1,3.2230142508534048
0.9634146676942199,0.008160748584018737,0.2539166611118718,-0.5897424248214003,0,1,0,1.4237513908503616
1.1600283241195102,-0.35558749936623985,0.827722095936721,-0.954395570559606,1,1,0,-0.17543747606738136
-0.1700828303773144,-0.30454540967520555,0.07453108508540059,1.8590965551158025,1,0,1,-1.8804932186097973
0.349374564674646,-0.10658501607769434,-0.8780379115938689,1.4455513051579763,0,1,1,-0.35087190405183477
-0.38878543317591246,-0.13522019190661194,-1.4070062322387957,-1.1046492370074086,0,0,0,-0.14126066932349007
-0.3229373590147265,-1.2255881653523983,0.4833769254518695,0.3257431621482524,0,0,0,-1.4342289820706267
0.9814730376228509,-0.25237060643712406,-0.39653916278041634,1.5672174354029302,0,1,1,-0.3543371711774391
0.05373803051943737,0.6064724730209674,-0.7213359118927853,-0.4640710401569555,0,1,0,0.12688891696907284
-0.15369193219670918,1.5666966677827436,0.30740188966701704,-1.6567132258731079,1,0,1,3.306451898142093
0.603208931600843,1.3880975384266014,-0.710699374458108,-0.0015071267649070324,0,1,1,3.0227190198562788
0.6655021469742209,-2.4794984476057054,0.9839307716839972,-1.013819669596224,1,1,0,-0.2053367228032142
-0.7542898175660396,0.9599981472464528,-0.7727458965169924,-1.2556019288942897,1,0,0,-0.27908063657500204
-0.647699064087604,-0.03520158959834134,-0.02281465276717847,0.36801286024719476,0,0,0,-0.8665335464371329
0.7122996742102422,-1.1246308599150623,0.3998914940428104,-0.01514041743638157,0,1,0,0.0919878530703472
0.5260640789798678,-0.256919214558034,0.7949867727317977,-1.5485163465391754,0,1,1,0.4835803326841239
-0.20958742468890293,1.2675232564044778,1.6570458540657735,-0.45282946353983833,0,0,1,-0.1618270357933531
1.1958557584804173,0.15440015378168415,-1.0773709016097346,-1.128327399966242,1,1,0,2.8037859518287584
-0.09911780100864995,-0.46746929830309203,-1.5412502584604424,-0.17172324437602654,0,0,1,1.4377299769290233
-1.9313643622252084,-0.8082151307027508,0.42818417583751106,-0.8887729536782035,1,0,1,-1.5382809049166002
-0.7958933274185833,-0.23193482142229685,-0.1769454715468178,1.0513183467968972,0,0,1,-0.8256204803029052
-1.474751991468161,-0.3333107099250667,-0.5817096639075868,0.5719914662273736,1,0,1,-1.3482956731154117
1.1456082754900438,-1.0206400992643974,-0.8962410361826025,0.7655944495118561,0,1,1,1.0074860061661925
0.5052123157355908,-1.6902551539627626,0.9042427683379047,-0.5242042165932139,1,1,1,-0.612871859197955
0.11870758448221372,-1.0287393983241142,1.0353486820244546,0.9358745253778494,0,1,0,-1.0284706332728772
-2.3175886814462214,0.22390514878387147,1.0937258841530209,1.692283909507947,0,0,0,-2.8882595506972715
-1.477248526391871,-2.322542594819015,0.24211244374270277,1.2819628480286378,1,0,0,-2.110650971080058
-0.15074206519719055,-1.0557682624260998,1.7975776665112484,1.2705455870531757,0,0,0,-2.360162765986434
-1.7802076247736232,2.3470868852337916,-0.3020837104062424,-0.38637998870987744,0,0,0,-0.47773001456216635
0.9417946814475222,0.49059344858189874,1.4294803409583396,0.14404750471102157,1,1,0,0.2225382201684755
-0.10295261320370766,1.8660405054703852,-1.3306432337155685,1.4559802299146911,1,0,1,0.4801555818000677
-0.14311214493607377,0.991565241528701,-0.4162482180810544,-0.46777742463900684,0,0,0,0.06363503122275982
-0.06341013648442359,1.0211731577342982,-0.4012942610696799,-0.5279510432109377,0,0,1,1.8004082195342987
-0.9501493546308207,0.727601759552412,-2.1710063240449995,-1.0355382097247383,1,0,0,0.10547725261902247
-1.0431549250083614,-0.5816073348562363,1.7716370464812927,1.2255034164949161,0,0,0,-1.8881993027271908
-1.8986527880993846,0.20690169094697242,0.3619262380106146,2.5244098581075862,0,0,1,-1.8230192473878506
0.023475250803674515,1.5089884292915425,0.1857427553494476,-0.5647036151411003,0,1,1,1.6150485321812582
0.40625862159256027,0.25664322296571995,0.20791456614160994,0.5371718132855967,1,1,0,0.14415044109583017
-0.23760239509842612,-0.32609711316228424,0.35282988692059963,1.2796034422217981,1,0,1,-1.6080508713338166
-0.28253046156544825,-0.09321347865081363,1.57151240050415,0.7090397691307143,0,0,0,-0.9701259621455559
-0.9400888644327094,1.4581780163357148,1.465192874357284,0.20379574092504538,1,0,0,-2.1369733951606262
0.2506857073851182,-1.344451645236485,-0.2799122572636904,0.9728540200383103,0,1,0,0.2593300563057709
-2.45140927594481,1.8856202015063421,0.08365155614980874,0.06637544293957993,0,0,1,-0.6048114714021722
-1.1044465871316536,-0.29612462848613275,-0.016606034851600896,-0.49596112680996873,1,0,0,-0.12966937448206128
-0.6584149213554794,-0.2212346416228042,0.5060192675192353,-1.3548157498496944,0,0,0,-0.09577943651328596
-0.5084874892739071,-0.5118277885281882,-0.07255700140621098,-0.203893892554896,1,0,0,-1.1201759505329716
0.21791100088633442,0.13820569121495255,0.3013786148863565,-1.0923976378424456,0,1,0,0.5294884749931623
-0.19240587446072388,0.06709893174113918,0.8635896413615388,0.3141769690009598,1,0,1,-1.476091468105791
0.15546812688940018,0.3910593451797792,0.9526738505826141,0.34059502165088895,0,1,0,-0.8160141010991855
1.2457733043014363,-0.44900889729381427,0.37901934721056085,1.3243964976198839,0,1,1,1.013630256784048
1.3721024908965929,-1.17707373767662,-0.21610006691774894,-1.63173082202223,0,1,0,1.5308022548976536
0.6476078774360021,-0.7002809109417903,-0.06374542289264981,0.4995471623747653,0,1,1,0.1838483262045893
1.2486016031833487,-1.0562013661569334,0.05249126700680774,1.732181565045436,1,1,1,0.25482828040732974
1.7296417840546479,-1.4977536126340458,0.6030363388993856,1.4810328328125504,1,1,1,-1.0609291270067691
0.37042034901979143,0.41318642963015123,0.13147599061201562,-0.47842342775503194,0,1,0,0.4034949862383686
-1.3983025399548592,0.4233168074613381,1.227518325065382,-0.3552111181953645,1,0,1,-0.9506761897861989
1.0052793828357693,-1.8831495449382563,-0.13785192581418393,-0.16547270034987074,0,1,0,0.7492099538011785
-0.9949166203726277,-1.2336770365805678,-0.8488222300540247,0.34629209810124584,1,0,0,-0.4637749190914575
1.861854311380185,1.0040309186079426,0.7531652157474904,-0.15933433447905343,0,1,1,1.632959172491098
1.7250455175235004,0.5223744985266867,-1.597066760961973,0.666775748890085,0,1,1,1.201923061023229
-0.5182262596725409,1.2368703394965606,0.7860340895125202,-0.19505235616097455,1,0,0,-1.2137652603120013
-1.0997824506846166,-0.9552591540481044,-0.10229890035184153,-1.2090944985237018,0,0,0,0.5260217660933384
-0.6886564851002086,-2.428094873242822,-0.5060536181755774,0.8591660318959027,0,0,0,-1.6061842040877696
-0.06508111482684045,-1.8000901336807673,-0.5969006523369863,-1.276097240852354,0,0,0,0.2632749051789264
1.2812645994502474,0.2814504448373922,-1.5190158042761175,-0.44430561172923794,1,1,1,2.4099346672013517
-1.235428121415525,-1.3934995759202555,-1.8371270239449908,-0.34711827283360214,0,0,0,-0.5812827838117681
0.8819012157493104,1.4462831290327942,-0.39727108933281,1.774073348996927,1,1,1,0.9258345580173073
-2.069656841450476,-0.04146708206951519,0.5138999502304065,-0.2665687287480609,0,0,0,-0.2846810999536473
1.2136981128932969,0.3886761149446646,-0.8305688244342012,-0.5187994616975049,0,1,0,2.371545700369386
-0.06196326538175875,0.593251814323461,0.884490816404178,0.82435362961249,0,0,1,-0.29649201558434063
0.19974366116359193,1.06442753122313,-0.9724747258839498,-0.24449053115284003,1,1,0,2.1134931698103494
-0.1061260833173775,0.08854719359317127,0.41990910944113385,-0.8433484166806845,0,0,1,0.8420872377671866
0.9357416219144336,0.3589646125906225,-0.2228914748725264,-0.23548930338629087,1,1,0,2.249003772630404
0.3713127340022489,-1.9454683249077098,-0.73478497752273,1.1967651083893769,0,1,0,-1.619107467129107
1.6879348961254814,-1.191293132263204,-1.2083085312259612,-1.3956388345632231,0,1,1,2.3043707880052926
-1.7762514248647572,0.410277336341081,1.007622962960063,-0.251953981520188,1,0,1,-1.1195980874577154
-0.9050717651972533,0.10648842093036534,-0.18154565824567576,-0.5118642491272837,0,0,0,-0.6637085406028094
-1.3460252851356467,-0.43328227009554443,-1.8473102050226544,-0.8592510729635249,0,0,0,-0.711051413393742
0.7177818645688048,-0.8232403525044327,-0.5223672194453655,0.20948897640780514,1,1,0,-0.084897525833704
-1.687578142226891,0.6723008030927161,-1.208085710786423,1.1134878317052141,1,0,1,-1.2112826349482222
2.4310237402665624,0.18453636429272297,-0.4330479532722127,0.8230811910995915,1,1,1,2.211673187926436
0.09181969740981713,-0.42423007455266576,1.2367854261366575,-0.13643537961382055,1,1,1,0.799315452958563
1.2219020805456717,2.024884779756673,0.7637684079196605,-0.7637581506337697,0,1,1,3.3562564183532677
-0.96633046193759,-0.3369384489309607,0.41068129289522093,1.1799237343137317,0,0,0,-0.8279464844105644
0.19632501834577373,-0.7606646705412504,-0.34629564461957274,0.6557427538398263,0,1,0,-0.7091887725771366
0.6242483831223093,1.2004391586532126,0.7826831713420186,1.1601301263987398,0,1,1,0.5339285591104028
-0.7063390441048022,-0.995394521555805,0.657045195727901,-0.11080031788016849,1,0,0,-0.2131578630836698
-0.22776088182381646,-0.7462694205766481,0.8803056266097223,0.6419015716575985,0,0,0,-0.38672697692712593
1.5573786115139585,0.33413185236019044,-1.1772284007646048,-0.33862201181241125,1,1,1,2.076783802177367
1.266394550546226,1.6686901581678273,0.3448609929123802,2.8412448957617604,0,1,1,0.1140726815406764
0.5789632304188695,-0.4909780438507826,1.0986436988959534,-0.6915143884045784,0,1,1,1.346755080479322
1.9713634474361386,-2.1285575699856674,-1.2344834687849318,0.4314328771055818,1,1,1,-0.09537429777204443
-1.9458009982242521,1.1505416331432523,0.06679140217202378,-1.3292191930669182,1,0,1,-0.06373109473389005
0.2912334661918878,-0.051469539206359965,-0.4970860655176061,0.870360059485443,0,1,1,-0.7920594376811595
-0.3813695736548731,0.9516189311925213,-0.5692294665973403,0.5996520773757817,1,0,1,1.783194154179482
1.4237354863531166,0.48313873945855074,-0.44122141315393865,-1.0266927013168046,1,1,1,2.0766830089773913
1.109873081113947,1.2802043771820166,-0.6614272340366243,0.3788721460590954,1,1,1,2.744146709312404
1.1694408117065498,0.09421623671533316,-0.7005558944925144,-0.5285086366481955,1,1,0,1.0707889965355337
-0.5968783814731936,-1.862511454427788,-0.019551544372514273,-0.63178569036288,0,0,0,-1.2802168073291582
0.561565772768342,-0.11572770609420495,0.46863679721297047,0.9971385898919184,0,1,1,-0.7657060847058095
1.0802441062855197,1.5502035757108805,-0.4661974327754547,-0.3212941947619121,1,1,1,3.574434902735982
1.2973186871061995,1.762467856723636,0.02705078040064696,1.2689765451715922,1,1,1,1.9409149450212957
-0.9264017953683134,1.192159786097953,-1.8673006139450121,0.259120125156082,0,0,0,-0.7464852392527583
-0.6832383355983688,0.20499302361961458,1.000835765913015,0.6752722609317926,0,0,0,0.5169602903348184
0.24520679228586564,-1.13774757606785,-0.07786568862480978,-0.7557110269141659,0,1,0,-0.6219277363448167
1.3948633430516792,1.5481638865363383,-0.6363492084945748,0.3939666885151129,0,1,1,3.240417862419945
0.6202848512143311,-1.0650027350283626,-2.760172338859952,1.4461973744097245,0,1,1,0.5252334885693075
1.3758040096289033,-0.004230616153782603,0.5135642083626322,0.16975397337200926,0,1,1,1.1319967276773362
-1.9524656227512907,-0.2725646014911822,-1.0530316290341055,-1.2364823525946265,0,0,0,-0.7486576744576201
-0.271635815206322,0.4975973540197333,0.9698996167352678,0.37532747146956374,0,0,0,0.710348302525571
0.49884179382339655,0.584408647336606,-0.9876429647849503,-0.5445195232552092,0,1,1,3.291837266177329
0.26958425504687444,2.8692361673727405,-1.9310360073479271,-0.1434847512742205,0,1,1,3.214220693879185
-1.891317018637908,1.534930216805158,0.7904424066918057,-0.3160064011561778,1,0,0,-0.9249761669900177
1.100879062559077,-0.09637246040345732,0.0802977128488831,-0.524203630379082,0,1,0,0.2152343586549269
0.3453340596986565,-0.30865658687075437,-2.3660140691521954,-0.024638300463564827,0,1,0,1.8993360754064597
-0.46651205752338687,-1.2257023852717959,1.6479559905355954,-0.38382326310350356,1,0,0,-1.3463091329161379
1.197754308544923,0.7759158209700504,-0.9688910923828064,0.6701001063867699,0,1,1,2.634485823720229
-1.729266526532762,-1.8292458313584161,-2.717097567842203,-0.7503870764819004,0,0,0,-0.15226470491456223
-0.5113231653167735,-1.5676768790728564,1.9701905915008775,0.36435817435561346,0,0,0,-0.4008744746256432
0.88403782656442,-0.12982124176083196,-1.025054773240954,-0.3104596518469799,0,1,1,1.1430850338115848
0.375991983528501,0.20197476628124195,-1.4117468937636652,0.5098064581587667,0,1,1,1.9911451385795382
-0.22468760966830967,-0.4503077227886941,-0.12041636520598785,0.5627983793853332,0,0,0,-1.7740606720088192
-0.15377622819119266,0.6548097151446395,0.11838234364414872,0.9645543186851782,0,0,0,-0.7822435532147569
-0.23354322022343163,-0.4529136279683317,-0.7727580169001202,1.588340915602459,0,0,1,-1.0594081655106464
0.8672409122902978,1.453046274287195,0.6102127960415014,-0.5531692597784893,0,1,1,2.2585737192449704
-0.30430518405808304,0.45238743413462856,0.07086578826934285,-1.6308301416653312,0,0,1,1.6182441305073787
0.6779244604352218,-0.41318975600125385,1.8427200047037071,1.736631567879031,0,1,1,-0.7509784091815918
-2.0870739288630373,-0.9467697367079636,0.1325973493439237,0.6757997773596796,0,0,0,-1.3073437628576934
1.2294195341690313,1.8201748275229193,-0.7193725682487888,-1.2352836477259233,0,1,1,3.2503446915937992
2.441555112668879,-0.4830439473974359,0.7295473480042116,-0.050437319408540945,1,1,1,1.5886308612474664
0.4996451254193755,-1.5983257471925425,0.11638293193258935,-0.7699430960013166,1,1,0,-0.6539143733211422
-0.08652417693687779,0.6592492908157724,-0.006884573090976078,1.3020130556468807,1,0,0,1.6041358278001772
-0.5350744759603904,-0.6080758701175759,-0.2800300593085258,-0.16417814229697603,1,0,0,-2.0868088476873954
0.6997681327726023,2.4068610364391168,1.3489027917794252,1.0770827660987976,0,1,0,1.3321055642257171
-0.6501739453930647,-0.5389906564766708,0.817831674073317,0.5375922136403685,0,0,0,-2.4296928137969704
-0.8187338866351151,-1.3876603523318882,0.01159437002946498,-0.7017689168948847,0,0,1,-0.6314579582903752
-2.128904288444754,-1.5790842487975119,0.025818142228268937,0.0872130721947673,0,0,0,-0.7750190529351224
0.24260815202086145,-2.027698305551608,-0.9802138376088696,1.5361795119685646,0,1,0,-0.23130281712733103
-0.29082580523619617,0.7417453585318133,-1.298324955846855,0.6714724009474972,0,0,1,1.0055568208458863
-0.23596750808856531,1.932660173774901,-0.866909308079206,-1.0408653054131445,1,0,1,2.815523376406458
-0.0023097147217655705,0.25707840678979466,-0.19379543355678308,2.0100944802509177,0,0,1,-1.8603562540165806
-0.7081177693810502,-0.29250986910038324,-0.6499978856062958,0.31689929823709617,0,0,0,-1.7826718851016532
0.18735159759892722,-1.1075151989138,-0.11352769137419431,-1.4467383983076496,0,1,0,1.359538082970064
-1.0799221701233737,0.7942263481706774,1.4506640772468395,1.1792184531227512,0,0,0,-0.7085758199352836
-0.11538988853860811,-1.2904929720724605,-2.5773986287080866,-0.7999420778943774,0,0,1,0.30730094934392815
-0.2814173483258044,-0.5943827751748659,-0.9520986786245424,-1.595236381430085,1,0,0,2.4442970238423705
-1.7082958433170228,-0.33315220094365644,-0.5080339496585891,-0.36368301976964995,1,0,0,-1.2159425919553546
-1.2119706997892028,1.1375885382153703,-0.5514086122179936,-0.9256597611872153,0,0,0,0.8484558292070761
-0.5924914539529242,0.7822236721064696,0.13916813790490537,1.8622679421100035,1,0,1,-2.4236479141741194
-0.5624202981084024,1.4678389874084148,0.2081323750124334,0.28759935829905064,0,0,1,1.0146779444049723
0.25919884789899744,2.371931486333174,0.14041591927704755,-0.05520372998465767,0,1,1,2.118037327426799
-0.4049933883498621,-0.15645156211488295,-0.23148557832328717,-0.583317400597911,0,0,0,-0.2354232106799975
-0.051162100853359725,2.0490072238341637,1.8252622386178299,-0.5329258092462337,1,0,0,-0.44346336426750055
-0.40881216321585817,1.6285861152037537,-1.1533701461552732,1.9184441487121018,0,0,1,-0.0809087861651106
-2.5901351688821284,0.2897714767264743,-1.2835619553279112,-0.11247602386585386,0,0,0,-0.9898761257790594
-0.12339602272952155,1.5134033904470867,0.7204925811479963,1.1754462409580233,0,0,1,0.4297133256998962
-0.8421700311150536,1.1048387735802971,-0.09137298335864144,-1.4102127858085147,1,0,0,0.1861470409286223
-0.1598454645272317,1.774899725774843,-0.8581390535824085,-0.342535264451672,1,0,1,1.4775531055764155
-0.7660783957029785,-2.5550379929336158,0.12518555023043032,-1.344258452305704,0,0,0,-0.06421851193505557
0.6556766573404396,-0.9237037331919409,-0.051302545448909054,-1.1318704014500987,1,1,0,1.153950322810768
-0.04591364744248045,-1.3172583058808576,-1.0675118587152712,-0.019444368306592914,1,0,0,0.6395583040513448
0.7082712148991408,0.3171082178777312,-0.3176762077828347,2.757227637398311,0,1,1,-1.547303322177137
0.7813918274538416,0.28475999935071444,0.48864190949984637,1.0307884319442053,0,1,0,0.09273047238616178
-0.5666414676793036,-1.2726944832523077,-0.5260223374244998,-0.12891424803174098,0,0,1,-0.6407925844039742
0.8152732069524729,-0.67991824195293,1.7519808344082417,1.729561730303409,1,1,1,-1.2902536118195187
0.2287355587215615,0.15597239686055756,-1.2838254062507513,0.7669254495891553,0,1,1,0.5240422645492007
-1.0579485844394967,-0.15460274651277686,-0.9821223531803581,0.8598299369417859,1,0,0,-0.5802912907745039
-0.11597365061390945,0.008780769425530834,0.9727825764309812,0.4230223978544066,0,0,0,-0.7088141341593982
0.09406932017264226,-0.41550685142747495,0.4964553530651361,2.2102721115634614,1,1,0,-1.4801300582720738
1.2699176973686377,-1.2307468122231957,-0.5964357724769702,-1.8049333037774453,0,1,0,0.9107373963347691
-0.34856662392133786,0.625509015390601,0.9022354355323859,-0.5242623058607282,0,0,1,1.970228831092228
1.5708644989582856,-1.361079398212883,-0.9067133272235771,-0.1341618237802205,0,1,1,0.821170688900267
0.7698791459606226,0.8110616476218743,0.7329311706718142,0.14919831742162162,1,1,1,1.9680080736871903
-2.1142577074058213,0.22871853050676616,-0.4541783903666727,-1.1643213391634712,0,0,0,-0.5722789891709708
-1.0355759565569556,0.9524292042366559,-1.0426846057206782,-2.084272482717049,1,0,1,1.5376218569718556
0.5865478772980256,0.9118313361464072,-1.8219257972793148,0.9259656040354154,0,1,1,1.4345366785478055
-1.4553341986087887,-1.540006302304479,0.25850842288634673,0.9621859120968415,0,0,0,-0.7335433611644915
0.4761825510507366,-1.2534993333670392,-1.009616806621436,-0.938078418527503,1,1,0,1.1720372852266387
1.3826155601759385,-2.4784904668977834,2.259639768455097,-0.3485562092791428,0,1,0,-0.244623333898824
-0.26816127279002727,-1.5159193771251456,0.7274788528983882,-2.018896782918982,0,0,0,-2.0146669252071248
1.4076926838914374,-1.1479292443534168,-0.3906809907188025,-0.9578972969397257,0,1,1,1.367233773264703
1.3239345560687565,0.8401077376517513,-0.7488342144205212,-0.5371067894278856,1,1,1,3.0462484614763805
-0.05634217967280286,0.5144176481911095,1.7293947908595313,-0.04758061320707223,1,0,0,0.5225650363354761
-0.03335946399133509,-1.8311956732117403,1.2138707189379296,-0.6227203404116097,0,0,0,-1.9138171430335538
0.18123852035006066,0.7271751196143054,0.49851827698159845,0.32949260924087276,0,1,0,0.015383079988556952
0.44489465428690567,-0.650960971523339,-1.0065786670491448,0.73568518120952,1,1,1,1.7232381448813991
-1.5574582576773173,0.1656341537324991,0.4517689631182083,-0.3132444294820623,0,0,0,-2.39899484379849
-0.14491682582006976,0.015531641634198134,-1.6760944559269844,0.09508603139619329,0,0,0,0.7966098332689455
-1.6732542295802204,-0.31217436847233215,-0.5100147143729081,-1.6964908509894816,0,0,0,-0.5185289239429848
-0.34513322502923377,1.1905768322662915,1.3033712932284496,-0.8584926111839727,0,0,1,-0.9700567212737988
-0.21940533655214675,-1.5288949042604294,-0.8620233860887648,0.8895774267743546,0,0,0,-0.06893782166278062
-1.817429411176526,0.5618600082378272,-1.3277734274249189,-1.002640964098833,1,0,0,0.46793024686282014
-1.263536983215834,1.370512928350089,-1.033135248244126,-0.47892101286531297,1,0,0,-0.3833108081222517
-0.3980898574811445,-0.4077377252041875,-1.7032324502707255,-0.5101726127444429,1,0,0,-0.549164109590792
2.160345106755486,-0.6481773411661318,-0.2873240348398141,-0.28850785077826446,1,1,1,1.5062663145414705
-1.3867368131355684,-1.0019222747759033,-0.6927954022491044,-0.11389431215284988,1,0,0,-1.6718137270399678
0.1245523542643073,0.20088339497605762,0.5725579172136662,-1.3033693004089106,1,1,0,-0.4652013936068191
-0.8935495461278214,0.3275445355055232,1.0378171821419342,0.828168164661363,1,0,0,-1.642178219590365
-0.37504268575003535,0.28488020574447287,-1.3562321135348998,1.0825212771011026,1,0,1,-0.1169715180466181
0.9851755697159447,-2.2780271712178437,0.4991328651241629,-0.27910352047075676,0,1,0,0.0831087809797329
0.3104747436334908,1.6423967196783513,2.396072831987404,0.19805097641646177,0,1,0,0.3477258727088859
0.42577859925695133,0.8752353132200357,-0.4021149979895037,-0.01543366387286267,0,1,0,-0.4154016058560944
0.48875873293237526,-0.20297978744194264,0.526448590945787,0.5224433966379349,1,1,1,-0.2878367898620553
0.575499599845922,0.5318319592098827,0.5618419444540199,-0.27753250194274376,0,1,1,0.6335207035348857
-2.1615670038640196,-1.3937253955630031,-0.47551310516025364,2.0821465168160147,0,0,1,-3.9950757579006
0.3860462253269192,0.3904475398051335,-1.457605937137459,1.0301540456945342,1,1,1,2.082678797958443
-0.08508497907856256,-0.7698189712334057,-0.2982775812490043,-0.6034684924265671,1,0,1,-0.3769868120716951
0.39745115695481015,0.3609774585475367,-1.9152376179043031,-1.3164499634356746,0,1,0,1.0326554254624454
0.8363769172621162,-1.0970317419934947,0.2805627175694929,1.32404888793971,0,1,1,-0.6971245480687943
0.4156628060061221,-0.49350240457970135,-0.7401178726288802,-0.4610265885987494,1,1,0,-0.6570387366725308
0.6904016820280002,0.4889657107332062,0.3575622571421843,-1.527736616393079,0,1,1,1.8798690394518118
-1.1714582346566726,-0.5878207910747577,-0.5029152586433223,1.1598438475127864,1,0,1,-1.5531356223292812
0.4478068464830792,0.1457277228242411,-0.2036054284950315,-1.3764185204566652,1,1,0,1.1992159168290013
-0.1092694258240487,-0.12098077733637833,-0.08020263108810208,-0.47209155920702894,0,0,0,0.19062163607778965
-0.08649315661441682,1.2907945820809104,-0.9565763926883974,-1.135750133205754,0,0,1,2.7874493787717602
1.3001347266845023,0.8009584762983978,-0.5442555115607881,-0.05953892309904689,1,1,0,0.9153806181038115
-0.4886709313879904,0.17670368261240502,-1.5665828462151155,0.333124592726728,1,0,1,-0.19146758357442178
-0.6666055443527478,2.283128269553852,0.23172740354795457,-0.22511244030058672,0,0,0,0.3550943904956896
-1.3135679221959882,0.3450101711163883,0.9398983043275261,-0.8409640586005784,0,0,0,0.9047594958247154
-0.2956010988953114,-0.6155811724826493,1.181664588228439,0.18888593876008172,0,0,0,-0.552958154218109
1.070686254368327,1.754255581452895,-1.2349403554621796,0.7420784850829828,0,1,1,2.3038695731079253
-1.6677896267285217,-0.3990713956591077,-0.18713638613238504,1.1914925064163293,0,0,0,-1.7350708611007022
0.2512180153679789,-0.3810214670647888,0.7454098049201647,0.16146006881544317,0,1,1,0.6075475599849434
-2.5327617498718564,-1.0222754804608623,-0.20254634822224085,-1.8688299682102296,0,0,0,-1.8057142477117136
-0.690258769110367,-0.16125095777537557,0.7747655704855173,0.6578763320054597,1,0,0,-0.9458155906403722
0.4374919341046126,0.7325060052696939,0.6343838803215944,0.4362370424214025,1,1,0,0.8078169427670543
-0.538559827520861,-1.8228194403818523,0.13219197276604291,0.01432786402321652,1,0,0,-1.0761412223171862
-1.2020354037725463,-0.1377306119151728,-0.3253164409660444,-0.8155597617520106,1,0,1,0.47670262662556717
-0.36823392736018573,-1.6251944918699492,0.7688564022856782,-0.4565362380153556,0,0,0,-0.979888877781541
0.9891086013178257,1.3398345057599066,-0.4792082066133204,1.0309344654209698,0,1,1,0.8412266165696181
1.4919350114757661,0.00560792463874749,-0.7350719980849403,0.420461081018137,0,1,1,2.1624938023911664
1.5122105736102098,1.3750988567701088,0.011388783287995235,-0.3984641284360088,0,1,1,3.8767734151921216
0.6822885460452597,-0.1359487612877623,0.014704143168131692,-1.2112643178124,0,1,0,-0.24886905483372002
0.36057928003930834,-1.7407814506265291,-0.801514516571035,0.9938565417285148,0,1,1,-1.0548492501804452
0.9858383063541956,-0.4931437350168129,0.9814022460204331,-1.0295415705882136,0,1,0,0.801282924836914
-1.1563720369531998,3.4175506819983057,-1.9915774548969245,1.0605563548280592,0,0,1,1.1443477518296774
-0.9692026406181566,0.004359232911444743,0.7914271363213292,-0.45102740906577987,0,0,0,-1.628240931501707
1.291556002270261,1.073821236637972,0.8328431081266279,-0.48801279746953174,0,1,0,1.4015909894476999
0.8562732840787258,-0.8976831010379648,0.6836542888898751,0.762422107736832,1,1,0,-0.6782698866890853
0.8750821643654566,-0.44031093880625116,0.9300007259982246,-0.1523244480001755,0,1,0,0.8029460548197377
0.22182580403164226,0.8570586017762392,-0.015649391411163522,-0.44423851084821797,0,1,0,1.131798258571885
-0.8249948838446639,1.317630604695936,-0.7267807787632633,0.8386658102010933,1,0,1,0.30250803001272014
-1.0801021819776502,1.1046455432510571,2.5655266023288643,-0.394377966817753,1,0,0,-0.10112699201616449
0.938046907328073,-1.084285838658404,1.6964991304727697,-2.156525223243249,0,1,0,-0.0986382740591546
1.0828266136218052,-1.7231799286522107,-0.012328625986288649,0.7469183724446938,0,1,0,-0.058147432904452845
-1.1204731501865897,-1.5349900792462319,-0.1486798655226211,0.17912866989567677,0,0,0,-1.946940850249716
-0.7395141068917201,-0.8133796815448645,-0.09265260334428431,-1.0054226335001426,0,0,0,-0.6716383742328143
-0.10289315196992849,-0.44282027836867754,0.06252608365555358,-1.1224895511595747,0,0,0,0.5483654755335517
0.8746378411462777,0.4512799449607312,2.2323581403582953,-1.352650178497908,0,1,0,1.1473448447450738
-0.3405384325020318,-1.9280636704308893,0.6862996940905949,-0.131894223864633,0,0,0,-0.9034956679783428
-0.8522264950079212,-1.5231375230746904,-0.8057662947291608,0.302187584446972,0,0,0,-1.284879817830232
0.988418936943704,0.19651205670846295,-0.42514134859942354,1.4622991619395764,0,1,1,0.5406103654323918
0.5972736347854252,-0.039592240145178426,-0.05285873481680047,0.9867381897559686,1,1,0,-1.2145036529460362
-0.6942556444510805,-0.44377700585851065,-1.1059106206626155,2.427632233206229,0,0,1,-2.1921109577841458
-0.6593542120635544,1.7513702672080664,-0.49724837054729937,-0.8025539624529745,1,0,0,-0.26969395656977646
1.1099761176532368,-1.114042440748718,0.2454651886932739,0.589344578213898,0,1,0,0.2929762474667482
-1.2808748163508081,0.8307405252601022,-0.6023182459192545,1.0880184005446716,0,0,0,-0.6975370794012297
-0.29287583956369884,0.06684881544157535,-1.7821745973941696,-0.7369248798134242,0,0,1,1.0050984942178252
0.4493076000140611,-0.39786022823851724,1.397241133965139,0.061662211822225234,0,1,0,0.33414451699030334
0.16438618841540753,-0.896315832896298,-0.46123989108625985,0.4713446884183726,0,1,0,0.43332698982969886
0.9294147513288626,-1.8098209371346703,0.779762866747282,0.19003559261674308,0,1,0,-1.0543948482179308
-1.711013604714204,-1.3843857928985535,-0.9468357177793356,-2.427708290137521,0,0,0,-0.14930643932735171
0.01760893099940252,-0.43457785374311375,0.7429498333413935,0.17410477519237955,1,1,1,-0.9493587942482943
0.30116198017166795,-0.9381734808488664,-0.1454582788376141,-1.7643008989783997,0,1,1,1.7256113765182457
0.3335966362235727,-0.8650819662054917,-0.421640288438609,-0.535467828251527,0,1,1,2.5778550258105053
0.5769138729470785,-0.21574053326427792,0.39440687615664294,0.3559101812087533,0,1,1,0.8481245733386893
-1.1668671669299437,1.203081341957659,-0.8741199168294378,-0.5896388473348048,1,0,1,-0.47813939733942423
1.4451449292493006,0.4260472258977818,0.9688023742843623,1.1393713770486738,0,1,1,1.3186831771217784
0.45404294930308964,-0.03885155520851341,1.5276992304765653,-0.29850388402167577,0,1,0,0.44317995838161595
0.5606300493582165,-1.0876548485910476,-0.5268244402723223,1.0447477566142696,0,1,1,-0.5634935972787504
-0.5768656180040214,-0.3260409107126924,-0.7550780945885897,-0.0552444106212874,0,0,0,-0.0707421229722805
0.1807500653895794,0.22043077241961972,0.7785347321047132,0.14424041329340617,1,1,1,1.3476377276087503
1.3304609379367098,-0.8302864041778825,1.434705361182007,-0.5058176805252849,0,1,0,-0.13665303133780693
-0.015179486752300013,0.3840532014715941,-0.5817612190531907,1.5766873714575935,0,0,1,-0.026752404334906082
0.19535739980398897,-0.09503512006724041,0.6931057118342355,0.36057195017540467,0,1,1,0.7351031695785837
0.3167161219968576,0.49923410873099755,1.0380269427671573,2.0018777927123836,0,1,0,-1.3588567042408481
-1.6330601367125792,2.9153374514022414,-0.9427059400626503,1.4257957935842196,0,0,1,-0.5067897577382575
-0.17255968163342175,0.1863469950470398,-1.3082718772353854,0.6444274632822898,1,0,1,-0.2747068777474705
0.6930165120691836,0.3523136904491774,0.5621661955601635,1.4944569090893374,0,1,0,0.7285555863000603
-0.48854549674482883,-0.41566137159472694,1.4118568616487412,-1.2413053100541607,0,0,0,-0.1300850843216843
-0.042169262262310415,0.7606004990180579,-1.0554320070052685,-0.374728868826739,0,0,1,1.5214828802030542
-0.03274752688392293,-0.7958266602458492,0.9531441518055604,-1.0241977124086616,0,0,0,-0.07323363963186287
-1.579944023352088,0.07297396283257276,-0.12185864284359756,0.25742552252787804,0,0,0,-0.2982919042179273
0.8043077859757292,-1.9380047526934294,0.5895562754503705,-0.0209312074613714,0,1,0,0.5268063618143553
-1.354044106928368,1.7166329414015638,1.2624072559142079,-1.221539276628986,0,0,0,0.16426471203753634
0.4226679414849526,1.0275855687327344,-0.41048862991558865,0.521400943187437,0,1,1,1.608536755165078
-0.13359660836591944,-1.0828732158747243,-1.8657638832179786,0.3910293724675836,1,0,1,-0.4858472447941393
-0.3411238534359255,1.5553037601566082,-0.7139307862388087,0.8329304433716755,0,0,1,1.003282000567595
0.06678079473058181,0.2422752426512207,-0.6044064832205738,-1.0230379382191,0,1,0,0.1837246989519012
0.7536795486546626,0.6267008248207617,0.7139751379303535,-0.7252669703980922,1,1,1,1.8562572464419016
0.8134591027696112,0.14818862547035075,-0.7182985905578273,0.06104250496204325,0,1,1,0.31227816755260607
-0.4303413445610898,-0.2628315103008242,-1.022481542603313,1.1657860153746096,1,0,1,-0.6056654532030071
-0.16446367670590692,0.8131466244967832,-0.4705626081830238,1.5191993546862108,1,0,1,-0.5883717968315485
-0.8594290866093661,-0.41917872459159705,1.097357318608026,1.3239614682874083,0,0,1,-1.9211027220535173
-1.4614988303839795,-1.143708233625941,-0.9823363231344707,0.24764142860494315,0,0,0,-1.1218137528930645
0.9509393828970377,1.2822083479866069,0.4686521978633838,0.6702295447067061,1,1,1,3.198306678970671
-1.0972529271477596,-0.1152267754114877,-1.3553525234257826,2.14458433803635,1,0,1,-1.3018141075475156
-0.7353003455212768,0.8614566099796841,2.577039570116194,0.715686655998153,0,0,1,-0.7713218565562712
0.37940419137102044,-0.08968212490456925,-2.09899377452097,-0.8527524758912577,1,1,0,0.8206171752019645
-1.3476911863661996,0.8481222410032571,0.44434529605599726,0.4830809514749513,0,0,0,-1.1066646489932193
0.48009573859609744,-1.7698071222556941,0.36017077908451695,0.9865189448892567,0,1,1,-1.9560137378675784
-0.8437465172537818,0.7415294053232,-0.9447659909470225,-0.9351952867369158,1,0,1,-0.15862781406573523
-1.1364295039403625,0.41570889364619973,-0.6031836000697351,1.3344909652686627,0,0,0,-0.7843178814734302
-0.5806673383095312,-0.8835330527621689,-0.022521469326413496,0.5084560665127721,1,0,0,0.43441440190350966
-0.8510549829326656,0.6654832307845115,-0.1410298809251181,-1.0533056761811392,0,0,1,0.32524660459536103
0.23605617773154905,0.6681988302475281,-0.5935084200057559,-0.2678453913393363,1,1,0,0.8846630743056321
1.4181350072911032,0.06980937661418629,-0.23837275874990088,-0.6700473879127647,0,1,1,1.608888466566981
0.6740576976338167,0.8179198515208991,-2.2247691561071985,0.61572211149368,0,1,1,1.017707563320871
0.46493945682501314,-0.7701271961525147,0.8896880523383944,2.7770159433200665,0,1,1,-2.128532268944431
-0.6153135999013761,-0.9697311944607145,0.21052555433770437,-0.13188255004942284,1,0,0,-1.288559171020438
-0.24113219352805185,-1.5023105216383186,1.3237156585884335,1.1525458704597378,0,0,0,-1.4927418270539068
0.09236754014989979,0.5169974220664041,-0.7528926239163416,-1.8462125136484144,0,1,1,3.141153135522128
-0.07587715048288432,0.21126930063020224,-0.6175766167599087,-0.7459765035365136,1,0,0,1.2148905741760383
0.12459855613100802,-1.6947862156547888,-0.1764581215596388,0.3939590706032641,1,1,0,-0.768279400742372
-1.2217894831377851,0.6579089206433346,-0.24584179885649118,0.6336109975888295,1,0,0,-1.497783094687795
1.7394149500587701,0.9008935018570245,0.8962939414675999,0.21059423498167146,0,1,1,2.074389678034193
-1.3707805958466925,1.9825941599782344,0.5597458344669991,0.003469885481542126,1,0,0,-1.3861161798689072
-0.18496524830106792,-0.029014066459229826,-0.3582610936453805,-0.15530541568391784,1,0,0,-0.6601372318489598
0.7865049549785962,1.5835904040654751,-0.1479276245606763,0.6041211788008103,0,1,1,2.684816672554576
-0.787831329432914,-1.5625236040587167,0.16151349290915318,2.550159039216998,0,0,1,-1.8831919737689915
1.006918668313095,1.2357151012458067,1.2542689674602803,0.8002639030211041,0,1,0,0.7360237655256436
-1.4556620600244286,0.9997016689689742,-0.06103725522710775,0.6677107735033287,0,0,0,-0.7203855730760284
-0.7892222992306254,-0.22798754675065305,-0.19029259559740572,0.537309797243384,1,0,1,-1.759630823746322
-2.398213450491559,0.8174397918671027,-0.15589010820865223,-1.5495865458610039,1,0,0,-2.27896497872762
0.9851254646311053,-2.1251999279807126,-0.12019752722967438,-0.3756342314489471,0,1,1,-0.34229498434492533
-1.2439081448780887,0.1103728605579643,1.665573955828684,2.2631168033882783,0,0,0,-3.044011861356573
-0.7440329900774474,0.4288292335523261,0.727755049424637,-1.712150846102643,0,0,1,1.9649517426784988
0.7120398633097149,0.10160436716037914,-0.5688705889883497,1.4227848934414447,1,1,1,1.1426847194597118
0.28823981816609273,0.8362455537175625,-2.0543889376024835,0.09462457461577001,0,1,1,2.4913907523490124
1.0069395613780447,0.7999207763279308,2.3751885144194245,-0.10400199994663016,0,1,1,2.6271857513581462
0.589056454803553,-1.4348426707154418,-0.8198880107803121,2.0213840532511482,0,1,1,-0.6002068383672805
0.8319095375562064,0.46922509272321367,-0.025717705286590193,-0.38317019952348225,1,1,1,1.6457335489349472
-0.5405861351639765,-0.6903642620116841,-0.14080440436249572,-0.550402132766468,0,0,0,0.07863431844895774
-0.14639181479408447,1.1909914399481547,0.6531087273553087,0.6277060073664449,0,0,1,0.9661513119251884
0.6774911792874516,0.3084448943193493,0.3509587840439203,1.0516561365054726,1,1,0,-0.768320130541279
0.6907853217211101,1.0236488654479736,-0.370101129098884,1.046461206334412,1,1,1,0.4709994659335711
0.883761190648946,2.5038409982695153,1.3638312614133252,0.8823784782483791,0,1,1,1.6395250741469238
-0.8279961873158785,1.2884114219992766,-0.8668192517498392,-0.2998507548422135,1,0,1,1.59832926200741
-1.1585467696505203,-2.1692497059234315,1.504696330456691,0.09412791935156636,0,0,0,-3.1071808355945834
-1.317337290210919,-1.1485894940707901,0.806487889379495,-0.08436967004529247,0,0,0,-2.2308501811928583
-0.5359696794648058,0.06208649997247667,1.4673512306292813,0.1991792953681375,1,0,0,-1.5511378730054606
-0.16391499472723772,0.37735707016280123,1.4500638153856533,-0.41168840932588646,0,0,0,0.7340508462801953
-1.256106578212027,0.18262228484596194,0.3421406559830007,-1.3640925390690086,1,0,1,-0.6603503385585615
-0.24699493794731264,-0.0124796849869424,1.5071456914385042,0.0026565488889076223,1,0,1,-0.8281815679537974
0.5682849715126078,0.9274378980963095,-0.5415989980502747,0.4859202236633629,0,1,0,-0.1956376271869087
0.9257398043691064,-0.7610488383344607,1.3741028451585229,0.7820485500169112,1,1,0,-0.4997484400331858
-0.6504670837030322,0.4728376532598761,-0.31520659753626323,0.5969270744410543,0,0,0,-0.8363781854918066
0.5045990079792927,-0.3730727340628829,0.7704972781601406,1.5614940523918674,0,1,0,-0.5915227787375674
-1.3396222333727543,1.1313714195202413,0.9417931993909173,0.38713027389989335,0,0,1,-0.5240822725008039
-0.7234050854715816,0.26149460956319254,0.553881722617801,0.41552011824665724,0,0,0,0.2453286136098659
0.04314756043531425,-1.0259549417921678,2.0834093438919896,-0.2719898898332053,0,1,0,0.4061344542108203
-0.709096704340893,-1.0240510590227325,0.6614107288093395,0.16359161314861748,1,0,1,-0.3142109536174963
-0.8421366780316959,2.065035049381082,-2.130007841316046,-0.22723366832165284,1,0,1,1.147683372556065
0.20474271351579082,0.7035248657637239,-1.657765183479289,-3.0042892265845187,1,1,0,2.1368052417671577
-1.0547545113681958,0.8263031137553042,-0.7237358363501039,-0.10870369678876826,0,0,0,-0.41989248755215053
0.04708143335100087,-0.4559217245721592,-1.342365861892453,0.803396843693521,0,1,1,-0.2534655852853229
-0.17105590713072644,-0.3487624676025888,-1.6748411531796836,-0.9159760759502023,0,0,1,1.6308275037304418
0.44447721925355216,-2.1046949320763537,-0.0641318965430412,-0.4684289521598502,0,1,0,0.20008065789296098
0.6903170099506187,0.8179814447693922,0.1573251890622095,-0.34993547842739076,0,1,1,1.3189705092747455
0.06859878468679302,0.02265417584821323,0.14438092976579103,1.7418772457800622,0,1,0,-0.8678060005689119
-0.5618168469662292,1.2145015656210643,1.1568302883411499,-0.24123553392846508,0,0,0,-0.2661215074644431
0.9425195270048022,1.4006234961018267,0.026127005942172342,-0.09624291888577723,0,1,1,2.250562326359103
0.1311848012837274,0.1533098968980691,-0.35920856459176265,-0.4652663799649115,1,1,1,1.0600188736773104
-0.9459634401294506,0.4580866235892149,-1.02809112925096,-0.3744245548942487,1,0,0,-0.09123408276863679
0.10638638225991413,1.1470110049725444,-0.10576943749162998,-0.02002926936285859,0,1,0,0.8544039020269969
-0.6787824166277422,-0.36025070674270526,-0.24098990646175666,1.6064973710148907,0,0,1,-0.8155407826114228
-2.5914104898795176,0.9238741861322802,-0.10662584862073558,0.4025106591015175,0,0,1,-1.829035354503909
-1.0254215162793088,-1.871156382672806,-0.5160521483379393,-1.3769140807994271,0,0,0,-0.8303540336285178
-0.4454963658079022,0.6036559000913237,-1.0410332525933543,0.5843933742486491,0,0,1,1.1673168987423084
-0.524569286723177,-0.2608279008418688,0.6325357784447837,0.3769408889246961,0,0,0,-0.5778139601974639
-1.6049099452847393,0.16719264635073686,-0.3392591318953874,0.24010894973809646,1,0,0,-0.5964444838933326
-0.4164688861441849,-1.0345208971645792,-0.5842832515151097,2.1387663781381008,0,0,0,-0.8381194901569076
0.3599312462243438,-0.8366896813708233,-0.5895182229030326,-1.070951369486726,0,1,0,-0.11505661697444802
-1.206747604809421,-0.6245061832098725,-1.9634894126843145,-0.15483257908183592,1,0,0,-1.3580565725976834
0.18970077987623235,-0.02439710414039196,-0.8734401806533592,0.028307025976698406,1,1,0,0.31947696062076314
-2.093627668972574,-0.8406136611495317,0.5830265511288767,-1.011642770847186,0,0,0,-2.786921646149896
0.4380444439142681,-1.5221013237199397,0.12794240871289356,-0.7154622325554056,0,1,0,0.8677229306814878
-0.6336059452549976,2.0280571261285987,0.7611702711875721,-0.7487005754035042,1,0,1,1.8805594082142756
-1.4074181062328703,0.6162731011885649,1.4833741578775803,0.6407013845976821,1,0,0,-0.8077171850759752
1.0406109372849124,-0.9499269924175718,-1.9511667215951274,-0.9683852086586481,1,1,1,1.7541789143820192
0.3966096930035555,-0.37992174579154475,-0.5569430458416347,0.7125619614183802,0,1,0,-0.2932912431199973
0.8804450444022462,-0.10860109584235281,-0.1668923277866142,-0.5370917014518186,1,1,1,0.9475978640753102
0.24087615231252066,0.43490897626981234,0.4111300204851983,-0.34335843712153274,0,1,1,0.8028496300760972
0.2774449111234648,-0.9833759583074061,0.10530383698574589,-2.1804668370581126,0,1,0,0.6735474994557283
-0.4532092645792961,-0.7469240471023495,0.5332734983600054,0.17315940782451378,0,0,1,-1.194556526186348
0.3518750778122726,0.7375828131395747,-0.508560602246646,-0.4809898521046115,1,1,0,1.2670776795305487
-0.15390422222004313,2.700145253271681,-0.6549716555552832,-1.1361096142059468,1,0,1,2.5840850812287477
-0.7086118540370934,0.731407119605942,1.3163352644950617,1.3244021604735554,0,0,0,-1.0728779547563048
-0.2593825549257216,0.03582726553171464,1.406462105324429,-0.9715835519582565,0,0,0,-0.029958517505225712
-1.3440540068814735,-1.3360658385233015,1.271858884709794,-0.5846913997471708,1,0,1,-0.16974254744439454
-0.09721507071721976,0.6175875880381169,1.9918382501437757,-1.508497283433157,0,0,1,0.8799475191842817
0.36731767457598313,-1.0859385094789706,-0.4986879429406945,-1.1134001616666043,0,1,1,1.0675014377305543
0.0523695590620998,0.990051258772275,1.0839652448741366,-0.21491591148231134,0,1,0,1.7355244910718373
0.4939512883700879,-0.17882920517721534,-0.11761772385625795,-2.8235772746254817,1,1,0,1.2081439564866352
-0.3817090706407242,-0.7363510717468539,-0.1653457364420388,-2.061321434168785,0,0,0,0.898631614159873
-0.039302083576603676,1.2481072558046042,2.9045798710195094,0.054876960742976176,1,0,0,0.07927368218969666
-0.04403677561000594,-0.1798504997481438,-1.721064213513574,-0.43246262337072994,0,0,0,-0.6866531941946439
1.8490007773684016,-0.6476354656701412,0.17097450229434624,1.0261980859913222,1,1,1,0.16341611207883017
-1.3676312471312921,0.021729383488720697,0.3625804484258202,-1.0101345168134648,1,0,0,-1.3867922807853335
1.937264104365215,2.2847666203095645,1.0449003639082566,0.7646446843712925,0,1,1,3.17710670248621
-0.7970408213132134,0.45537644554251483,0.9978650366161057,1.5743088470522346,0,0,0,-0.6446573450438932
-0.4055617908477523,0.21139787769020113,-1.0435696581348628,0.39771297092077934,0,0,0,0.050594105297198974
0.20489535750561214,-1.7873774017009552,0.534521684581235,1.3843339900758533,0,1,0,-1.4718387965661655
0.5051644123728729,1.7121511959157845,0.1645415797402038,0.20201618337149646,0,1,1,1.9457745398187596
-0.09766701555698494,-1.3448471834275337,1.9673306837800597,-0.6790046584592715,0,0,0,-0.44884016598832577
0.15007686410842958,0.10782374140139817,0.8605948738124815,-0.6553188245117392,0,1,0,0.4029923736286779
1.313157551124251,-0.24135328301193487,0.6732977957320273,1.541659146149915,0,1,1,-0.3167982657369163
2.5123907267960712,-0.020226843249981113,-0.182723562233682,1.405036065841343,0,1,1,1.4215830068468684
0.3384513464628853,0.0045570930951503484,0.6644597456259566,0.8885945825538618,1,1,0,-0.6074086595911897
0.6234112799510435,-1.45430275216783,-0.726364614174201,0.9252386429651271,1,1,0,0.41294559401444336
-0.16584550740992982,-0.17606659969499144,0.1841822898929884,1.067549771527419,1,0,1,-1.4637411824126005
1.579287963129456,-1.0140541047021916,1.5620779501161355,0.5933432756341174,1,1,1,0.2889266356538695
-0.17918976628353264,-1.2759501850925943,-1.069478928708488,0.2803777169668836,0,0,1,-0.51511615561162
0.43808012626436416,-0.2657974566221312,-1.1437115256938952,1.6544676973424124,0,1,0,0.44171511311274886
-1.101721910044235,1.021771108978904,-0.7325995681818778,1.0774871381270847,1,0,1,-0.2662766796143834
-2.701765166750245,0.2788194208641627,0.1457735986771448,0.8164244904128215,1,0,0,-0.42659052130934905
2.183922154143585,-0.7931579739393264,-0.6147604955960272,0.07262365938928461,1,1,1,0.8502211414140621
0.992736914132017,0.9817547559044357,0.555239513678203,0.1922390225847145,0,1,1,2.106043601356996
0.8441505399356091,1.7575675354985492,0.5372268487107845,-0.33471305426701065,1,1,1,2.399858867974358
-0.9862283322678862,-1.4062803995086517,-0.01686145060350224,-0.0061988705420572415,0,0,0,-0.9200057136509617
-1.677423718406881,-1.4441901748323145,-0.10833801821598683,-0.6909978148092583,0,0,0,-1.9091923515518765
-0.2984991003261294,1.7870086001172865,-0.7665776955142544,3.08145854799683,1,0,1,-1.9025956087873404
0.05354412427187205,-0.6346173288762743,0.34819672043206207,0.479580000309294,0,1,1,0.23518072067817086
0.6515856296587492,0.8756695675638627,-0.6889722403056117,-1.5887711368761057,0,1,0,0.9658945686945842
-0.051223082917034105,-0.7477745741790698,0.09529496744269311,1.0388125589501878,0,0,0,-0.739701780718809
1.2054196624427003,0.3665632483262507,-0.04968765427732641,-0.834181971513562,0,1,0,1.4854023020152438
0.28173339735232444,0.6747815532947509,-1.0113310064109922,-1.3894426708264769,1,1,1,1.018087718288216
0.24466466578265814,-1.389068757280069,-0.8518174413443996,-1.4384398449145672,1,1,1,-1.240871580380713
1.0887795790606236,1.234622802677999,3.6675109666695973,1.0146783743650851,0,1,1,0.843531777756545
-0.7221182346151321,-0.765427185381573,1.370829223286429,-2.647871666244368,1,0,1,0.46366212050069877
0.31965165149268226,-0.0011215365860739752,0.6569710855564272,-0.21285044402091458,1,1,0,-0.2740024098182632
-0.6104310636433148,-0.4338836000023779,-0.4137368962056696,-2.4702132865427844,1,0,0,0.22135470669683857
-0.7288667273944223,0.43755915786228866,0.5372197210951468,0.001948547184392036,1,0,0,-0.8313259146126697
1.4355070022312513,0.5489253676222148,0.8751472064283259,2.528590761847834,0,1,1,0.0152991605749917
1.0205030065403171,-0.8706059993074655,0.2542372502169672,0.7231900624064983,0,1,1,-0.7666781331175241
0.4699934554338308,1.206533337810042,-0.848949435813415,0.3783103704561091,1,1,1,1.6368394533677328
1.2350880298141678,-0.266660022868937,-0.15912175308347404,0.16608605596314668,1,1,0,-0.27508758736261696
0.31212879734626836,0.39273884263619924,0.5398744186343474,0.06571929950260155,0,1,0,-0.5945692567919054
1.2796350653018915,0.6711008946724967,-0.6508484467473831,-0.6119377995633231,1,1,1,3.0813026709273297
-0.8951043023762608,-0.3560734945584834,1.070526616168414,-1.3896470799874876,0,0,1,-0.005113725778099765
-0.2021018887837367,0.0025987022154831956,-1.780961132854763,1.3238718360970225,1,0,1,-0.5657598474512981
0.321849368878105,0.887951252662249,-1.416587400508484,-0.7369827739347137,0,1,1,2.301743042533108
-1.0518300796807392,-1.4144435399968887,0.7393014947562292,0.4314614543564032,1,0,0,-2.5620029442316143
-0.7202917211900519,-0.2634640418602186,-0.6697932685389734,-0.819336009992996,0,0,1,0.993415238481603
-1.2824317040028994,2.146850499184349,-0.4014848943206999,0.7719684330773352,0,0,1,-0.4627887809975785
0.6150636361274728,-0.5951429178894495,-1.8985456577435238,0.7910965329107508,0,1,1,0.8433307267099104
-0.5123427552333044,1.647446582031953,0.4025122743679415,-0.4944155826838509,0,0,1,0.5422861537054595
0.21225110579350115,1.2703796392394768,0.6183865229959689,-1.8606408100951353,1,1,0,1.8735254130734025
0.46455863966125616,1.214985090697491,2.171109210286373,0.016368933571986665,1,1,1,0.48206393305100426
-0.20915483135211257,1.0180104784266808,-1.7173400993129433,0.07257666410248594,1,0,1,2.2889361263774646
-0.030012153687019445,-0.0909460252690018,-0.5620004636321551,-0.6731323370528247,0,0,0,1.3569212673789939
0.08310661700089075,0.32991490072794716,1.9809259177882506,-0.5775613884778183,0,1,1,0.033910872381359036
0.36761145437494913,1.617040148427321,0.12882092391592626,0.6148771481119365,0,1,1,2.0715582014266927
1.2729664099629354,-1.4886684372767647,0.14552807728577968,-1.4659386875955833,0,1,0,2.006516552357081
-1.1369062767479903,1.4450957289504953,0.6535610635379422,-0.5123900898331205,0,0,0,0.45822425983747544
0.03679391940245659,-0.24940881655513172,-0.37140251163296,1.5519639220374701,1,1,1,-1.2460196945024207
-1.2350603639238302,1.7907848785888005,0.043979762464001836,0.8165947221603341,0,0,1,-0.4484258713477951
1.3770178689276618,1.7360463909953296,-0.09377803912395576,0.18031819641275415,0,1,1,2.4934875984772877
-1.8572158845502906,0.8277244534969023,1.4205907986696704,-2.0113179414932567,1,0,0,-1.0261941416565616
0.11253902118627124,1.0846649228259508,-0.13968441005503787,1.3325778704983295,1,1,1,-0.01770647602276576
-0.46255951198877726,-0.6127558409002054,0.3627383386692717,0.2925731373553686,0,0,1,-0.9004936038868998
-0.6182140073476411,0.8048130934693609,0.134652453322795,-1.0151782120882893,0,0,0,0.9439956431098411
0.6519662282500848,0.5069130335702294,-0.3520085090995402,-0.43466314538482975,1,1,1,0.44040546608037134
0.4713815859273402,0.9142530108226115,-0.7493679085457522,0.004366810848903577,0,1,1,3.4110253889985165
-0.9954629260121889,1.6339249768827115,0.23845253553879353,-0.26037260111473454,0,0,1,0.7999927360030111
0.40385207282234836,-0.006842392077584238,0.24872578971272144,-0.2929193079294849,1,1,1,2.291064839202837
0.23068121797973076,-0.6425185893286772,0.3902047679411019,0.712023064324783,1,1,0,-0.22630783591162085
-0.787794581807589,-0.027466954151171615,1.1770603370694543,-0.9498095687754099,0,0,0,-0.38015072071644024
-1.4896894523952025,0.28922238132915484,-0.25725503446173464,-1.1766010711250234,0,0,0,-0.5080471819599118
0.725956676091478,-0.3640335390412621,0.4168077922425924,0.1007523139130134,0,1,0,-0.16280277739205345
0.6308120112260036,0.47062148008917803,0.28776910750299955,0.14087930353200798,0,1,0,0.5760654266824361
0.4556151701886784,0.4789772456189373,-0.7988419145211916,-0.11476657069173557,0,1,0,1.1988696247980388
-0.5747961043919765,-0.1977455133480196,1.673081652619211,1.9994758687055287,1,0,0,-1.23129735103469
1.1377338739693768,1.4156808151764202,1.0799668742886848,-1.4107271303155091,1,1,0,2.5167970601650507
3.333527477827911,-0.8964789145565356,-0.7293721786647006,1.5900860145132314,0,1,1,1.0240589195020235
0.10010368393934489,0.7819413597817256,0.03899410178582261,0.26655009519351175,1,1,1,1.4807207149414325
0.46416650031305184,0.41276868700789004,-1.2674589794449245,0.6521659033506064,0,1,1,0.4891923125882802
-0.865527782057582,-0.3520495264040401,-0.03788469580947514,0.3970907153575108,0,0,1,-0.8722319318425125
-0.8570406212545506,0.569618303017166,-0.1785401152909043,1.6024699654138521,0,0,0,-1.1110889613106778
1.6702226553591888,-2.1769478688724972,0.8051563241842004,-0.3178883091841493,1,1,0,0.9195750254942342
2.1789507785855693,0.38498666230007306,-1.3128301255881887,-0.8647673976735006,1,1,1,3.0778382723728264
-0.3089470247982466,0.5213400786232545,-1.0186928954200032,1.21607854009874,0,0,1,-0.1487517265197814
-0.7133129565432375,-0.07155774138826564,-1.0311425049477705,0.13296626238999149,0,0,1,0.503831573547566
-0.9773985932468513,-0.016887702951697878,-1.2038257123382348,1.953792594888656,1,0,0,-1.1459259763705236
-0.6711981265798557,-0.9517924336577138,-0.5091751383252997,0.34758943866231357,1,0,0,-0.155610100450718
-0.01734814927696818,-1.2289895217727032,0.4985037283802658,-0.18126110818858948,0,0,0,-0.8223209026548931
-1.3043190661285764,-1.1773112287893497,0.8331658217132653,-0.6749043925146283,1,0,0,-0.17123732244995082
-0.7739116100324449,-0.25110487267056536,-0.7082557743287773,0.0863407944399538,1,0,0,-0.38530495433702605
0.8630345058723727,-1.7003930555913331,0.22124829562086185,1.6586642377215608,0,1,1,-1.285084435087492
-0.2416671066713922,-0.7794530867115365,0.09767779355016354,-0.4834621801313681,0,0,0,0.23887049434578178
-0.8517345190590775,0.9096617774085682,-1.1170069243062952,-0.5266940111487942,0,0,0,0.9576296922736381
-1.242544503423729,-0.4017506966484317,1.1587372297096885,-0.6882079793421396,0,0,0,-0.9437701047507162
0.979384867376949,-1.3672142114904062,-1.3270481266431016,0.5977836241495226,0,1,1,-0.15822179028346361
-1.1204472313852802,1.279907045198774,1.3577398497386481,-1.0551416325270173,0,0,0,0.38445327974673105
-0.22448416914560473,-0.6747080633873813,-1.3202809695920446,-1.3695486481137404,1,0,1,1.2625648576240054
0.9088689935784281,-1.032739368895156,0.6946712196826965,0.638398270977092,0,1,0,-0.9768313121592361
0.4513330664643929,-0.9981121769547194,-0.9445284944862868,1.0174188493917362,0,1,1,0.10662718801616823
0.20511967437994966,1.0656427184488346,-0.11590213873537508,-0.397533225580402,0,1,0,0.9965988904395493
0.21466872141284254,0.006455714010742569,-0.16370821573238536,0.029917637112648252,0,1,1,0.5568198838059795
-1.0246528065784106,-0.11520160600022623,-0.42942606926295324,0.9142739350499983,1,0,0,-0.6448365542063288
-0.7988428856300311,0.579344021873756,0.7408537260821356,-0.04869982512075334,0,0,1,-0.8678211251364576
-0.5451371822434373,-0.095283274080415,0.5467235298653036,-0.06641089969261137,0,0,0,0.5351754184690221
-2.934598961477972,0.18775077814574895,1.4455554246734394,-0.5469412931717255,0,0,0,-1.812187959905902
-0.497010323869272,-0.8907315904001066,-0.741553441866235,0.11798086425982497,0,0,0,-0.4709585262623733
-0.18254933417313324,0.34183268313607496,-1.9025722099813056,0.02506382489815318,0,0,0,-0.6650593253560351
-0.16592126557917164,-1.0224375562377628,1.114222240188713,-0.7053208737320031,1,0,1,-0.06897592988977086
-0.20569792426976982,0.06733604299570374,0.014143982985601641,1.0363768494753023,0,0,1,-0.3806991721252063
0.11971081254884713,-1.6911270361390667,0.003318787357005606,1.8789132905426789,1,1,0,-0.9042011896615931
0.18522650759750423,0.2062129365742245,1.170477416891286,-1.462451195068914,1,1,1,1.7026537964298507
1.5417822921593327,1.1079507050378479,0.2920906401747345,-0.33730434805820525,1,1,1,3.918717698927208
0.07257396826561963,0.4101080116735212,-0.8658994382067771,0.727092907847263,1,1,1,0.6264008310519533
0.7674407846210328,-0.062158124499364566,0.8266485450930547,-0.14844993443514742,0,1,0,-0.033777102507482115
-0.6706247709760051,-0.057148575031910356,1.10921627546753,-0.01421146885091846,0,0,1,-1.0607773514332437
0.24561173491401989,-0.2898725588418102,-1.1828703680806265,0.858470879792437,1,1,1,0.2749317061179989
0.21157528459929187,-2.420639003332252,0.023071057843039096,-1.7579265865466485,0,1,0,-0.15531545540597852
-0.30266632586977504,0.905214714264414,-0.9964946585831015,-0.14728832449535054,0,0,0,-0.3958587169652441
-1.7750431541565337,0.48995863630690656,1.5262080493164338,0.3681311546496019,0,0,0,-1.7980516106887798
-1.412285437447734,-0.968768991229854,1.700967099919175,0.27276314292459763,1,0,0,-1.8532406496465157
0.3738734009582084,-0.08666970365045773,0.8829944211583153,-1.9468276187484437,0,1,1,0.749783166758509
-0.12346009946555137,1.1888229690320453,0.4989674449659332,-0.20996143318215826,0,0,1,1.8726085000046016
-0.31631502209162976,-1.250087205811986,0.3353460673103213,0.15776721172937672,1,0,1,-1.8616284058055796
-0.7458054668063132,0.0041557450769442224,-1.079130440027662,0.8616389936689022,0,0,0,0.7160550878144085
0.020159046299259024,0.5879653155957679,0.4506474937504173,-1.7156319210693736,1,1,0,0.9440439465012238
0.5016926952281116,-0.7668953659065342,1.219805966512879,-0.8174349811279978,0,1,0,-0.5169804216625649
1.7854798434391734,0.5527463547472574,0.7229799986107628,2.5720987122970675,1,1,1,0.16843751718229233
-0.07743428772274395,-0.9095138486601472,0.5397041779916294,1.981200607434035,0,0,0,-0.19633739182975174
-0.23606549983255928,1.157858877291545,-0.034737942903125284,-0.5762358394327677,0,0,1,1.217880294987447
0.2112587405263616,-0.4036215488733295,-1.1915977049993436,1.3166246857110189,0,1,1,-0.29441198719931216
1.1027011502332074,-0.8621800029282015,0.27240234163149213,-0.3063981928836989,1,1,1,0.35316621527053105
2.2428103134060917,0.29625105948963854,2.8850652101466485,1.299421015540882,0,1,1,1.6787457445865863
0.5037863397494077,-1.8019792354523598,-1.0238613917367603,-0.8219767366781386,1,1,0,0.36386193277051027
-1.4859352116757343,-0.19820665629367337,-0.836129003228776,-0.2901975612707325,1,0,0,1.605866692058675
-0.02559851774188496,-0.19608927598512813,-1.1402018204893833,0.8595826343063928,1,0,1,-1.2557684401927691
-1.1810866875861858,1.982523775112827,-0.2076451071844217,-0.6655373238307666,0,0,0,0.1918888566959762
-1.0084985965778217,0.596345823178005,1.5338417713573589,-1.155050886230801,0,0,0,-0.4375389474688423
1.7573555529139764,1.1093232533956592,0.23211564760403813,-0.749887850008896,0,1,1,4.064277424278897
-0.39215075618008727,-0.7672119504116326,1.4867152624397741,-0.48983298797068653,1,0,0,-0.8897577985819903
-0.7566437754683412,-1.1492863450413278,-0.09017169016955806,-0.5689775300439811,1,0,0,-0.5052964407680224
1.325096442754189,-1.525774665278239,-0.1817745198127657,0.33188169942145446,1,1,0,0.6340162624503345
0.037591328230370646,0.6773351686462408,1.9286606489184246,0.37113822805178465,1,1,0,0.11376483317022923
-1.1685698340586532,-0.985399166777391,1.4248596189114433,-0.44062751160145547,1,0,0,-2.662629641308193
0.02274190318366435,-1.3217706100680868,-1.0211834316962467,0.7167155292197259,0,1,1,-0.4377211367538829
-1.4277487123525276,1.0370968173147324,1.018585659854947,-1.2850145194595435,0,0,0,-1.6219991917520298
-0.8914127215477501,0.9435667340610162,-0.5254846252255143,1.213381830593627,1,0,0,0.017063043465820105
0.15359735169588723,-0.45602703306489095,-1.0428652310301836,1.3398476172857456,0,1,0,-0.6722645431165585
-2.5747563356927987,-0.3810173249304396,0.5002489852953613,0.23603028685442515,0,0,0,-3.240278797760986
0.6826490229445911,-0.17024045282808398,-1.1430817057891935,0.28595005050189387,0,1,1,0.5890106695004318
0.22397888547359013,-0.8214090873601839,0.519690169030552,-1.6734119157111804,1,1,0,-0.10910058940981496
0.8106460038241842,-0.9658652134643991,1.1549786302651375,0.02523978234148246,0,1,0,-1.3592949380915473
-0.41721236033377,0.14887104828663814,-0.5316246411112066,0.1301400331253405,1,0,1,-0.41418878501277256
0.39516757154144666,-0.02021668985276735,0.9948929040457809,0.6917443832824153,0,1,0,0.28417085667693526
-1.0105206217683278,-0.8957447277803987,-0.9680150233160544,2.1515390499503457,1,0,1,-2.022776791532092
-0.9452960236484955,0.9495763419577214,0.42523718044781,-1.261404910641206,1,0,1,1.5481672091836243
0.07970391833056154,2.030838092274559,0.31853089605491963,-0.8100740288610916,1,1,1,1.2757997277633013
0.004689356024595585,-0.9716812479249827,0.32604780326844934,-0.26800055792169664,0,1,0,-0.5477406723655651
-0.031172716690989418,-0.2919202587642312,-0.02568685813377568,-0.9200835666784833,1,0,1,-0.06260249571595339
1.3272771016176244,-2.215593591968646,0.8057938612404753,0.5979109529084264,0,1,1,-0.306852281506361
-0.2941352907222705,1.0199263585993554,0.4738037972513215,-0.5947836394136238,1,0,0,0.41446179134515526
0.4282016486913855,-1.4211994536525947,-0.8264590276585071,0.6845062046655118,0,1,1,-0.5876624258582113
0.3234285005996076,-0.04018579189652125,0.8893977871325569,-1.1677712137884444,0,1,0,0.9595842057185016
0.13811497199712358,0.5634764895250731,1.5830132473224774,-0.715725657842431,1,1,0,-1.3270878526054397
0.3922197531666592,0.7641146042304588,-0.9319371191134942,1.4881789657834146,0,1,1,0.6069288304030083
-1.7493192671534201,-1.2317931071068222,-2.256291920883114,1.4003433030547645,0,0,0,-0.8535203549947671
-0.5726969238338971,-0.806728118061053,0.8124565228867258,0.42465975174461756,1,0,0,-0.5453593404050356
1.0822697717148417,-0.3193662246300083,1.19680985814952,0.14517579427825736,0,1,0,1.213603195384395
-0.31202505983384726,-1.6780860610191228,-0.9162538479216089,-0.1752029175025372,0,0,0,0.12250354628428828
0.678122102601484,-0.7364470167344447,2.017109019597703,0.4404800279803658,0,1,1,-0.04847105927990242
0.4523111976070518,0.5218823599371128,-0.5693552807824961,-0.11554855761370454,1,1,0,-0.5193229389108089
-3.058795459220451,0.9529136085319162,1.4911318458607241,-0.15469889779869272,1,0,0,-1.7584732500300224
-1.3275073858941246,-1.339471284388604,1.198536515938886,0.4146701253851437,0,0,0,-1.6729202525298332
-0.6835918826315809,-0.971984624871676,1.4234094909152437,-0.015041214987846897,1,0,0,-0.27740418224350005
-0.6991057274594481,-0.8173399282245697,0.09856236249005933,1.297279378634313,0,0,0,-3.497928789608274
-0.4675046558203442,1.2353850288523374,1.7703328704360608,-0.4691799572583526,0,0,0,-0.33471242516114685
-0.45076228009329933,-0.6823471131805352,-0.4714553813833068,-0.8454530836999089,0,0,1,1.3219446427171586
-0.8334712174100903,0.054855387342428376,1.0304839485999349,0.4128059087786143,1,0,0,-1.8224131815754694
-0.6855020838520128,1.069283372467618,0.871206364656471,-0.5918378023621881,0,0,0,1.7435818070604046
-1.9720149352559047,0.6236532894321398,0.16025366466850757,0.7394292226962768,0,0,1,-2.4685674864756617
1.9162152760206508,0.650644000959793,0.4488520417358267,-0.316061296351822,0,1,0,2.1344625357802354
1.3666732448550851,1.1704922964219397,-0.3594205763592782,0.454373109111618,0,1,1,1.6252741698166235
0.85185324346047,-1.780312229884481,1.3326617938424514,0.01716228096493942,1,1,0,-1.288383716904757
-0.10695853710657512,0.2856269977697463,-0.8872459962367223,-0.48956271759198566,0,0,0,0.45173972797264056
-0.934220217225949,0.15352369266601976,0.3569963551659698,0.8056863570255114,0,0,0,-1.3737847888897143
2.4109119411273694,-0.6891071899547295,-2.279123818047229,-1.780347994914244,0,1,0,3.6743889949041595
-0.9667263099014507,0.9752041712864736,1.1657960856384364,0.018130853900875984,0,0,0,-0.6946489913276201
1.4047424499750696,1.1864072823808103,-0.19703462304969863,-0.2360908130857896,0,1,1,2.739319536843454
0.2832584290178539,-0.6322340102474023,0.1793892409605905,0.9683706961764126,1,1,1,-0.1551680166827844
-0.937272366934039,-1.5392049576155025,-0.186792917866449,-0.18826835926790864,0,0,0,1.072221312705278
-0.8427697934625954,-2.83627578856894,0.30304935733484906,1.3494560568142044,1,0,1,-2.774340838821808
-0.44726107945760873,1.9790142642798219,-0.11572420283803599,0.34408707630727403,0,0,0,0.8635967291957084
-0.6517272638277664,-0.6132151690099746,1.4762631870990368,-1.2453076318354626,0,0,0,-0.10077992365327232
-1.441596384952614,0.2579066865488545,1.0799346276128798,0.13681688387207436,1,0,0,-1.3191478274416344
0.39645606704393516,0.006384751080553939,-0.7701890170370869,-0.7742840000978349,0,1,0,0.6333805750233129
-0.9461854651927827,1.5097692930351838,-2.021790410358322,1.0506005410234796,1,0,1,0.751624416073635
0.7345473575401831,-1.4700471449686672,1.4688226164685159,-0.24092661852411534,1,1,0,-0.9236703163851971
-0.20678628130899424,-0.26935204857614886,0.2362654767492881,-1.2336419766100064,0,0,0,-1.0814794987376888
0.11388828921990561,-0.8670637410784338,-0.4383978139290547,1.036510138471754,0,1,1,0.9642920033331499
0.0872235816434068,-0.5135257315080293,0.7660860858969137,0.1245459377424017,0,1,0,0.167162865655766
-0.416437694422076,-1.1452119943515433,-2.1036828353899697,0.45874305840586954,1,0,1,-0.840870075634992
-0.12640426241100935,-1.0977918009465877,-0.5084615701173876,-1.3060837185816987,0,0,0,1.4489200103142037
0.14400949016269118,0.17208363025830004,0.7231041534059642,1.9229397917297781,1,1,1,-0.2434095800567901
2.2807665265042156,0.11129407856328626,-0.8118490808726665,0.1617605620730846,0,1,1,3.2865294149583475
-1.315232890506086,-1.2459649639664256,-1.3832761155587094,1.503390061379874,1,0,1,-3.168467975281014
-0.7329437253086197,-0.21630837947568396,-0.3664745136419009,-0.8273640478258923,0,0,0,-1.0412978517618185
-0.4185425753381418,-1.1009026688571155,-0.040169113252935866,-0.7473059065045441,1,0,0,-0.46864133571986916
-1.2914489202674333,0.6877556113613016,-0.056451695563929045,-1.447224211354956,0,0,0,-0.017166436153629
-1.368105409617529,0.7652940896483558,1.1856038130699174,1.5462121853295454,0,0,0,-1.1829580662020311
-1.589788395788033,1.1064299321823512,0.5656215621941431,0.7425737461367559,0,0,0,-1.677464450051919
-0.1042289961285272,-0.3044178839024016,-0.2752190846872757,0.5354569554897076,0,0,0,1.4036881939400387
-0.5840926587487001,-0.6244722509533126,0.49984608015301213,-1.34084091950537,0,0,0,-1.5070521281537343
0.11768354799569296,-0.03455377646204438,0.41034363272873975,2.178631471720992,0,1,0,-0.1527717904686492
-1.4803405437708534,-0.5422745941283599,1.4235042355140215,0.3142510787544669,1,0,0,-2.324955974253646
-0.9452021102980416,-0.01645715091889062,0.8366480572631781,-1.483335478585627,0,0,0,-0.399095247886848
0.856691608581524,-0.5414085819300646,2.3431156976277494,-0.12208238893663916,1,1,0,-0.9276108062400821
0.6953050098057152,-1.2080484848886965,0.6153845776955966,-0.826322578940899,0,1,0,-0.5553592219074688
-1.6163049210584184,0.24136557309901574,-0.16129865519032588,0.7311723035660231,1,0,1,-0.3772059547404816
0.7676940159829851,0.8263324702550334,-0.11652206832194101,0.08140925160552988,0,1,1,3.147704238928446
-0.6085500376838486,0.6507036276370554,-1.2316679757100146,2.252141898416365,1,0,1,-1.8075028942501494
-1.1691383905436519,-1.2072961663081028,-0.8419603543784651,-1.1211538596805402,0,0,0,-0.21528913240021846
0.6644427543138492,1.3152139354860015,0.2006895745934649,0.4866057077269389,1,1,1,0.9714716086924879
0.8344823998624382,-1.7241204436148647,1.033418223087735,0.4421039364388581,1,1,0,-0.6913357636664577
-2.557374296588918,-0.6852661194114192,-0.6465789792371394,0.6911101425529255,0,0,0,-1.5198697022169136
0.7949152572574689,0.09780950317679948,-0.8933570441974339,0.6244768263886239,0,1,1,0.28287633165298187
-0.571799922514489,0.03788086533231886,0.7187096759154723,0.009388616587306293,1,0,1,0.01739507186095901
-0.600262753898548,-0.3069487787094104,-0.862184201280815,0.8962654789860358,1,0,1,-1.7252872815577585
-0.452526700498833,-0.49865931851472395,2.162193755087633,1.1574627774802406,0,0,1,-1.1830429344225872
0.9869399975372223,-0.39987734956773113,1.4788026064729698,-0.7109618086298757,0,1,0,-0.39378895617698484
1.1699240375967614,1.0143547989604342,0.47001000302886525,1.375816190341797,0,1,1,0.8372423165707619
0.24174664271267768,1.0788419145205008,-0.06898113333129388,-0.18640910802012978,1,1,1,2.733268176307035
0.6801615667769358,0.10737227452807267,0.07488049752776886,-1.5912973637134507,0,1,1,2.2440397942109724
2.0238913989069154,-1.0209823998570229,0.4718996817062892,-0.44447202737069436,0,1,1,3.276348937391126
-0.12715384121713066,0.6252626825925048,-0.3676031278416257,-1.8865206372072805,0,0,0,1.330337613778578
-1.1220007946883825,1.434394156018852,-0.4236304102046855,0.11244795056068803,0,0,1,0.6043161210860799
0.41354416600419147,0.7203979948970122,-1.0033787621594477,-1.1449371813475238,0,1,0,0.8260992163112537
0.5929829477904194,-0.6642775426127479,1.3187643803457816,0.597431107757081,1,1,1,-1.8875068753320314
-0.2666231491056527,-0.3768964979586836,-0.6623659869413272,-0.03811495411321689,0,0,1,-0.7608516676771448
-0.29975611013586834,1.365808291271561,0.043498631026710824,-0.36210143668408745,0,0,0,0.9726078316777088
2.0360212234867774,0.3040614655444998,1.9538194711888013,0.3315638282397204,0,1,0,0.6146468118289882
-0.363528365227702,-1.0138211951401153,0.11913131603283525,2.241188220747062,0,0,0,-0.761315726898366
-0.9972551980140317,1.2716274408936223,-0.8107323378916872,-0.11999415561068226,1,0,0,0.28816148046901174
-2.78465363418495,-0.5069144038984831,0.5715199978812411,0.6841149360079224,0,0,0,-3.007783169062585
0.7143134899113297,1.7200246748005619,-1.0184199349555723,0.4313730688014337,0,1,1,1.8898777817025292
1.1687577614536913,2.464204673088388,0.1524138715510756,-0.9749899412664348,1,1,1,2.505531855240073
-1.2696162185674953,1.5933414683733915,0.20304561564502918,-0.5357298943033934,0,0,1,1.9608160757518098
0.48149358754404264,0.8314691667954659,-0.6903465083312654,-2.3399813130874105,0,1,0,1.4482786029922416
-0.43684495386103545,0.0959555748276347,0.2374109873999225,1.7116241222035276,0,0,0,-0.1260136243433917
-0.03101152180155087,-1.3587409817276377,-0.10150520607468395,-1.1637515044364974,0,0,0,-0.4279072819831939
-0.6828251625228208,-0.653056587301259,0.05430540763157193,1.124375791072696,0,0,1,-1.4708994502612074
-0.10484106652536943,-1.0844472081709158,-0.3883435203915684,1.3870297701668273,1,0,0,-0.9872776562555691
0.771691221097166,-0.5155467163300366,-0.20792698652603708,-0.09480760400671626,1,1,0,-0.5852919035194433
-0.5996097255759157,0.37172823001990407,-0.8795659809720591,1.0386572276357289,1,0,1,1.268323450540755
-0.7668522590345669,-0.48695646277593363,3.0655275389844396,0.802137986606049,0,0,0,-1.3392612704830713
-1.0959895594041003,0.905396788406527,2.803229644264725,1.228520177445857,1,0,1,-1.3957886371084538
1.0353277260432068,-0.7654799135424661,0.02936127397365934,-1.4827781141269436,1,1,0,0.40025713591187123
-0.9200728379081284,0.5130520598526143,0.6507232278476525,-0.6142601063010913,1,0,0,-0.5801234273376077
0.5340072304294469,1.188571572759766,-0.11610362207196614,-1.012038524941285,0,1,0,0.7092148809325258
-1.3289651569492484,-0.6853729164681963,-1.1251790314782206,-0.10414883937173604,1,0,1,-1.65954147808077
-2.2138226230565503,-0.12404006505434105,-0.2653678227683907,0.24465389290460468,0,0,0,-0.9640839254101111
-0.6466677652100101,-0.9720208532493104,3.184467617296459,-0.5095683803289712,0,0,0,-1.9274052099971755
0.14778287026513748,-0.7234222408661026,0.1617351644821637,0.6485488646217058,0,1,0,1.4030988727718134
0.9956627656609802,0.21974214365338623,-1.949843293423952,-0.33436650577247806,0,1,1,2.802610732619347
0.7083873686980141,0.21308995331708402,0.19501286815029664,-0.8205536988058046,0,1,1,2.2137293065079446
0.23536794152582263,0.834791420258967,-0.036688665625170806,1.1241944581750605,0,1,1,-0.332572574540534
-2.571681837084486,-0.741774470801992,1.8949190405869873,-0.9010718279838301,1,0,0,-1.3487297933908673
0.3951536893659754,0.20714263209191996,0.20374354016991447,1.1845881022358138,0,1,0,1.7497055805406962
-1.5592939418835474,0.673171627501135,-0.822881491094741,-0.021964566846573854,0,0,1,0.7694429919032199
-0.7804321791673267,-0.11497829344123375,-0.9770628018311714,-1.167272887106205,0,0,0,0.11778856714301845
1.6990263049938104,0.2629555857866663,-1.1382520373455292,0.22770114529945934,0,1,1,1.790480844993355
0.9166130252693062,-1.5098068776441127,0.37410764228097215,-1.493011807580308,0,1,0,0.4147667668051032
-1.158007653049129,-0.9528848478257287,-1.6077628588249755,0.6694656667406603,0,0,1,-0.1538939610582477
-0.42614007291629924,1.1554708612194398,-0.9252816385000057,2.0529682983544846,0,0,1,-1.038140131973636
0.7054326902111819,-1.7577846879440089,-0.03926088828307085,-0.10352753690735672,1,1,0,-0.07579600777641896
-0.2252252032552506,-1.8670582461263177,1.3674309485051346,0.22227913179847786,1,0,0,-1.8847985964305667
-0.29296271735965046,0.11349928862077388,0.29514417587731645,-0.843319459775919,0,0,0,-0.21073024521978279
-1.1963085796472885,-1.5571048300925543,-0.23958965657018125,2.1658621406022647,0,0,0,-2.4273513387336356
0.4595819061913621,1.4984339983625732,0.06598869830032698,0.17480389334950086,0,1,1,0.8241523183623841
0.5927238425027079,1.2585566465005453,0.9425379658489088,0.5865423794227916,0,1,1,0.2196682053705522
-0.870063159715828,-0.7434791283782146,0.4455583560893973,-0.6173602842818826,0,0,0,0.04958044317316568
-2.0964827429607347,0.10389945135037729,1.0944445727824614,0.6029949325166182,1,0,1,-2.684964092018802
1.7292711498988502,-0.9506569102725846,1.0417140309908126,-0.6635452631636484,1,1,1,1.3650355223397783
-0.7714826100172788,-2.016371169889617,-0.1110538730141757,-0.783578413651635,0,0,0,-0.572123340995868
0.3448869901506221,0.25187513130521855,-0.8500071177555409,-0.8458677645789107,0,1,0,0.6041309417106033
-0.92264985469146,-1.5483713394124872,0.05373544766969112,0.9188410190150806,1,0,1,-2.887896267314793
-0.8122657946013202,0.5948370849596384,0.6475581876804928,0.8369800016225774,0,0,0,-1.0650280150322073
0.8855096411472944,1.4661755134753145,-0.13021115661431398,-1.0503554197940297,0,1,1,2.637386291810823
-0.3839036531783032,0.3189988042025666,-1.1261846279976169,-0.571648414997574,1,0,0,-0.2993250851737439
0.7021720535438702,1.4539198581046542,0.08537971012784236,0.8374900915459178,1,1,1,0.6729265625383767
0.7261373991948372,-0.11198402567600756,-0.1785878573820297,0.7771727408017965,0,1,1,0.2588548451890161
-0.5779137749885114,0.8074374128458199,0.03426981767031153,-1.381015070822423,0,0,0,0.048603513304023904
0.22803945628353653,0.9168104819012507,0.22115095415783595,0.565815906924885,0,1,0,0.30796984162063246
0.7076037671329998,-0.42074176475579783,1.2262580008777881,-1.3738052583377163,0,1,0,1.5024740864356798
1.1752317969563604,0.5647395053006816,-1.1064299670670723,2.631662222411493,0,1,1,1.1603707235981553
-0.3288188131755092,0.13440513364916698,-1.7952131684188806,-0.29950954927899676,1,0,1,1.8129811740144173
-0.051580405338454274,-1.5640532424669513,0.8837531926105396,0.2275781531900899,1,0,0,-0.7858738575000679
-0.9968720095853799,-0.7944938725267775,0.17558815429709643,1.5493810791059761,0,0,1,-2.6338452411881055
0.7203384761896542,-0.7223626003222188,-0.7533886564549033,-1.2215458297687194,0,1,0,0.7894340251976204
0.04227810068316739,-0.9802050790602731,-1.0001115008381622,-0.4665192844291608,1,1,0,-0.7837989063714781
-1.3865689114177082,-0.7868088777798281,-0.8186152117370683,-0.49050765909662947,0,0,0,-0.99615662695663
-0.4051256107347511,1.202398418146624,1.208928291314135,0.3690322567020428,0,0,1,-0.24852792851396044
-0.17009053313397013,-0.6806038461536665,-0.35240010915406755,-1.4683735934612794,1,0,0,0.7483705014401953
-0.641980807205825,0.48658600995123996,-0.27010064218833446,0.10364110579066821,0,0,0,-1.5041563437103809
-0.7714709361413719,1.7003245092093273,-1.539653686360107,0.6344490168811563,1,0,0,0.38643138814684364
-1.6822803186681108,-0.10369406114886669,-0.26992693280743935,-0.9081374285340259,0,0,0,-1.6033477476041682
0.04531821510165629,-0.49867816343804094,0.23677926032277566,1.0017830336818214,1,1,1,0.5009125000832999
-0.47448606175099445,0.3288203733682684,1.1981133508946653,-0.34570955649774376,0,0,0,-0.696939271391732
0.8624878390010984,-1.7963584463283828,0.2528420912158337,-0.5717692196788029,0,1,0,0.10960524258245397
-0.15363504117925594,-0.8196834924530346,-1.0453252301889555,0.23453299017203155,0,0,1,0.592357292975969
0.7856143983904452,0.1320637135052389,-1.8262647779207495,-0.6732080884367744,0,1,1,2.4718726440117003
-1.2382711720951405,-2.2080046495102916,-0.1530357067159853,-2.339228446167792,0,0,0,0.6247492969600887
0.32769419582702375,1.250502639489653,0.9501051772975494,1.0649200899931641,0,1,1,0.7348465439314729
0.6766550549397076,0.5537232225904885,-1.1101151728030472,-0.17736410008906375,0,1,1,1.764120283407066
0.692876338104079,1.2714610066682193,0.24982486318187588,-0.1707828474577223,1,1,0,-0.0807508449975759
-0.3202986627673394,-0.4628617518085484,-1.1802423388544006,-0.3350192469028743,1,0,1,-0.37918282475519427
-0.9270492813242734,-0.07026738542151337,2.2262573193987967,-0.6448998453096213,0,0,1,-0.3496717875664901
1.6192849079243183,0.9354145632526014,-0.6207960194774933,0.7558745729742757,1,1,1,1.7524298302441983
-0.2346516742391549,1.8520369938615577,-1.2365946818612006,0.8709687152925673,0,0,1,1.1930482014169117
-1.2277325481496795,0.909905590616652,0.2570264327459088,-0.982588877124313,1,0,0,0.4239321228694456
-0.24785173591480023,0.5187004303373095,-1.2961116095421121,0.44391139630156234,1,0,1,0.8666822790175581
0.291498072722648,1.727245450945618,-1.2908030068970398,0.6648825592122074,0,1,0,2.0076015005143657
-0.7438901036161126,0.8981370937907046,0.000340633805340492,-0.8559733859723876,0,0,0,-0.6986016083487349
0.3765621839320643,-2.0636302669054176,1.2711181496548043,0.9598656074927098,1,1,1,-2.188783278537088
0.8621550753836902,0.3308975136566473,-0.45930232291548423,-0.7380604347711412,0,1,1,1.9692488829255808
-0.0731737550239297,0.1524091732334023,-0.5645267056163139,1.3455647908514523,1,0,0,-1.9440368236052734
0.9787601646764811,0.6613474762042686,-1.8814947830926925,-0.15415963870687463,0,1,1,4.044218685114129
-0.14345627990472914,0.6435947272348876,0.8507237377226041,-0.32861595028517326,0,0,0,1.4618186433853728
-0.493718488404451,-0.25268474852591233,-0.17269007761685767,-0.3820521210916432,1,0,1,0.33538140176859493
1.551982668241795,0.16084162060376617,-0.7406087157048281,-0.13561435626984747,0,1,1,2.8896405983959985
0.6031048653467548,-0.9601225125356319,1.2607429685144504,-0.32288792349619944,1,1,1,-0.7631516501967446
0.08556069535489791,0.7267925508824916,-1.376061725271117,-1.329477926959527,0,1,1,2.89642992448771
-1.8137427391388163,0.029862168256949193,1.3899558595163024,2.0696216517387205,0,0,0,-1.8019221535710115
-1.3971141881352402,-0.08691455548564543,-0.9222637387817598,0.09540043450231832,0,0,1,-1.4412385780185346
-1.6831423900326379,1.3503580592521696,1.1075418519192954,-0.18991184727687915,0,0,0,-1.1709971841067837
-0.06565364715963634,0.5724487105146019,-0.9230165117650622,-1.4509934989298576,0,0,0,0.5179092495829998
-0.05336143002715645,0.7892206193673276,-0.9970176962738311,-1.4076187825037936,0,0,1,2.2960839964918067
0.3881795896027876,-0.09162517500646636,0.4734754884977861,-0.6773628956463864,1,1,0,0.9298233547636331
1.0060628440728852,-0.4219656782144096,-0.02578232920143179,1.088955058803087,0,1,1,-0.28627248575753034
-1.5435262478531178,0.14317793062040568,0.8374881083837945,-0.6991301140831856,0,0,0,-0.3530785859531448
-1.364384991299685,0.30138509683726555,-0.647485533877158,0.7520586918184458,0,0,0,-0.9761038769044427
-0.9364860973787738,0.11219245261062998,-0.3041902561856583,-0.054585740565456724,0,0,0,-0.02421289807837257
0.4300810465364131,0.22884244080515678,0.34576899325977906,1.9445362496436205,1,1,1,0.050668030385603066
0.26332815195579057,0.5288829169754972,-1.3783182002916512,0.7223075461416759,1,1,1,0.9137196639743463
-1.0594965963923137,1.128793609561731,-0.5044539090254678,-0.5388100871272338,0,0,0,-0.21538371752554275
-0.7246410324381838,-1.044808532645553,-0.6277704606933158,0.035903813921847834,0,0,0,1.0053284068563857
0.35320068200099053,-0.8791198113038768,-0.11465899729506578,-1.8314261636382043,1,1,0,1.7523879180012893
0.042631504061469226,-2.8922350276788196,-0.46410001556276487,0.93863679914667,1,1,0,0.058094580482913605
0.9861141568533456,0.1206230645156281,-0.5280296452529578,-0.2231974132706972,0,1,1,1.9497685606125883
-0.8349411135792809,-1.2147899944726168,0.06045580795058064,-1.5511604405795703,0,0,0,0.6093990486904541
-0.1630049120679561,-1.917030491199327,-1.956885198648363,-0.20287044999839204,1,0,0,-1.2619654513661207
-1.013303908682767,-0.16012546749529843,-0.6424642318658265,-1.6914375430206186,1,0,0,-0.8975543088293647
1.119116868639907,-0.9626515471951532,-0.540997771986842,-0.4464543170522436,0,1,0,0.9169066472837866
0.9950223730828084,0.993283415972964,0.1688642530952971,0.16887836343695567,0,1,1,1.6649464421392006
0.4592230247601418,1.2643991340803964,-0.692754992731938,0.2806232970164021,0,1,1,1.809954194382485
0.9455616534382137,0.6431642191804486,-0.7702015455801285,-0.7509762957562943,0,1,0,2.718290207257831
1.3488182216688254,-0.4187376609681747,-1.75536460674606,0.38417081349325843,0,1,0,1.8676321948969858
1.427401550565089,-1.3977882865878737,0.10529363222199949,0.5540964239199248,0,1,0,-0.9381148124623813
1.6711235569694567,-0.90437069943912,-1.1888620747108662,-0.11992116739149654,1,1,0,1.1675380790146812
-0.7293055483579962,-0.9744300119053525,0.8209322000618557,1.479960047153254,0,0,0,-1.3239905521250122
-0.807747071697444,-0.40479437078283487,0.3887035130359874,0.5936910160990024,1,0,0,-2.03695292386198
1.2683031441358539,-0.32809277769864126,-1.4104134576491094,0.3449527622660124,0,1,1,2.5180718240806907
-0.43194148042546193,1.7452841585791241,-0.3622933786859401,0.8863098137812835,0,0,1,0.5110767849841843
-1.766913305748406,0.8289177987395534,1.0996674065297334,2.8334060595967148,0,0,1,-1.9353265443680718
-0.45993495511481686,1.8820086104137337,-0.3328106683979225,1.362186329417383,1,0,0,-0.8370933169209218
1.0100479021089797,0.23233027548568988,0.700987307373896,-0.17446196600285585,0,1,1,0.5561491155071844
-0.4690330970645878,-0.8786287406178616,-0.5881669910153421,-1.594132691366391,1,0,0,0.8260743931289856
0.7559463357054412,-0.6405753002296161,0.4025353080920299,1.230350658029855,0,1,0,-1.3221465197814137
0.299815599268368,-0.034450857441465074,-2.6468696582992672,-0.22185331504895994,1,1,1,1.6814627345974693
-1.3436529795972803,0.38690219588866315,0.5586243968246665,1.097479073436501,1,0,0,-0.9766818414731318
0.4467410955486361,1.1492828672147624,-1.9199047704573902,-2.0896771619794046,0,1,0,2.4184398639244407
0.0072967391472506015,-0.5828565807328088,-0.9878065152342429,-0.03530979221594988,0,1,1,0.560172768995943
-0.5496105327993274,-0.38530552668719104,-0.3005216898893619,-0.7435811124966166,0,0,1,0.2193578842385057
-1.4288885941971328,0.18459600295109033,0.949751540227572,-1.0085605106210718,0,0,1,-0.9050399314281449
1.5935337091497264,1.3266335591785094,-0.9121729497971754,1.8422668825212438,0,1,1,1.1298722348248766
-0.9120179495532518,-0.4389545867470401,0.3487086222378746,-0.5573699175248168,0,0,0,-1.2889990730128773
-2.0357239032993806,0.5121280107919555,-0.41971120044853494,0.7349176485915415,0,0,0,-1.5729845544249703
0.8292727644383013,-1.1001173058346234,1.8748511733883395,0.24656941632671006,1,1,1,-0.07148865925539599
-0.4479791626404103,0.40726578039145755,-1.5701630405463445,-0.05779540015639123,0,0,1,1.2051164651792954
1.1799023819895342,0.48595556481065305,2.1986390470807624,-0.24404720553973971,1,1,0,-0.11844509370488587
-0.10723397314395594,0.576573366719781,-0.1387618312696593,-0.6180970340281927,0,0,1,2.4792218637063566
-0.017697653124213977,1.3198452189406793,0.40971959962761256,-1.239234851329435,0,0,0,0.767285149624724
0.5824809058338916,-0.0572705802554445,0.08769685441032044,-1.0049366887284812,0,1,0,0.9511630326898162
0.11358664246109594,0.6615645915378494,-0.5361992667572887,0.8471796174719145,1,1,1,2.471061565491021
0.10945449438991747,-0.8922315029390882,-0.055072337746612327,1.3138706646139333,0,1,1,-1.334987014295418
1.077426713899126,-1.1857655489007113,-0.48053842176920936,-0.27909852915123107,0,1,0,-0.12427047085923704
-0.9045090486171414,-0.05516460386584756,1.065405696397066,-0.4344999774503499,1,0,1,-0.7118633214323551
0.5524792401030683,-0.2564910424093064,1.198588116844034,-0.2607934438535017,0,1,0,0.9836719859738292
0.28468267697286914,1.7013473335132294,-0.5238546961518268,-0.129520000694113,0,1,0,-0.8052482499880964
-1.6034693579815251,0.6973460498927673,0.5958599914138921,-0.08572468717277909,1,0,0,-1.5751782852102885
1.1052243996132676,1.4019213744640906,0.640927162686109,0.26789685510696953,1,1,1,0.9471116120042286
0.7660379523988203,0.3908332980820674,-0.5349049698469462,0.9343498360104256,0,1,1,0.17168651294436638
1.5339841489343418,0.8394913891857223,1.4551264691784662,1.9996714552877972,0,1,1,1.985882575759239
-0.435885792671817,-0.27752997890658665,0.2865325985284018,-1.0842171755183891,0,0,0,0.25956366417111554
-1.0975664718474336,0.6741236452489948,-0.6595513278367742,0.5093940966743348,1,0,0,-0.8671478389563554
3.064959067962744,-0.5206690036992,0.2765608102931443,1.6416911179437421,0,1,0,0.07733558683268682
-1.016150620806301,-0.49590556372734357,-1.7234105041148067,-0.3087758435288065,1,0,0,0.013470991936010202
-0.7922554235653535,-2.3482591322656257,-0.6276120347706678,-1.9033858027387087,1,0,0,-1.6132601282797396
0.5534230441465671,0.3829498485666357,1.6591249415298266,-0.5528781282242107,0,1,1,0.24872031366574088
-0.4325952522409552,0.9000163842801688,-0.11151184826798922,-1.1177672377636325,0,0,1,1.543594834484176
0.4113934821864587,0.672275741688752,0.07301355523428775,-0.11242576114347574,0,1,0,1.3367854612186152
-1.3243902302886141,0.2652030707130706,-0.4465539736374804,-1.0223272996311947,1,0,0,-0.142552595342968
-1.6968549391804955,-0.44003823481069676,-0.9364601485759271,-0.8552620817949806,0,0,0,-1.7367354452152408
-0.5472810474462227,-2.328102112487235,-0.8226394458609073,-0.29058969608671903,1,0,0,-1.558175011009016
0.6729768248825526,-1.1657573137520918,2.473779321130986,-0.7487852968652914,0,1,0,0.7013641094052909
-0.032973829433397744,-0.1300883260028081,-0.43106962017595163,-0.6494357500581545,0,0,0,0.5314921447146976
1.194130026775846,0.7003954373292127,-0.13741347420413402,1.256814702689847,0,1,1,0.6062397054039312
-0.2624695583754933,1.2109305797919572,-0.6271657387588532,-0.7202724011974332,0,0,1,0.9959989256457726
0.18802290823024,1.1380878165485881,-0.7614737992229063,-0.5506801761555591,1,1,1,1.8249484763172759
-0.9069401627299284,-0.6569974638136888,-0.46149302702918865,-1.5351910861119935,1,0,0,-0.9996013926644056
-1.4594113136926363,-0.20830312701000184,0.816000803090576,-1.5163644366470443,0,0,0,-1.925248140001734
-1.2121536991576531,-1.2824566005933005,-2.0385568502321956,-0.6619516082982086,0,0,0,0.33742802223640667
-0.7939873007492467,-1.846412822524797,-0.778645578494782,-0.41936040192801544,1,0,1,-0.47996575068430386
1.961729927520925,-0.8515051587677273,1.1404379039608825,-0.3031459119254986,0,1,0,1.4319417639192034
-1.2848279384853452,-0.7941292301747465,-1.0751105900740712,-0.2641892387551952,1,0,0,-1.5713052445446085
-0.8808074398988939,-0.8977830909083093,1.3434891002347,-0.19696236796301594,1,0,0,-0.9618712338948248
1.3682901417563427,0.7959971581656042,-0.4263483620206747,-0.03230228716258503,1,1,1,1.344308865985965
-0.6652837352975618,1.4852123478029806,-1.8620331586389793,-0.18601628352592656,0,0,0,0.20640231742794152
0.587727805799239,-0.8060245229665907,0.5484749651503885,0.9716660393322105,1,1,0,-0.41046128387142466
-2.276238272495756,1.6911194863066628,-1.9898278519929393,-0.3128206753487005,0,0,1,0.43788634923793507
-0.9709481041600794,-1.7008035706531655,-0.006443776316153063,-0.5637258743357961,0,0,0,-1.691925943598839
0.5104344918524735,0.42560673307697494,0.3618223398804382,1.4406965136988839,1,1,1,0.5176136862056493
-1.6979199641125469,0.5851041709479099,0.26993362491160355,-0.4690463506029245,1,0,0,-0.28324848052671703
0.17762233402656896,-1.3962342156365473,-0.4075484874231506,-0.6577313152461893,1,1,0,-0.1249679525812129
0.032999502465635606,0.9913413911169101,1.123287145875009,-0.4801407771209499,0,1,0,-0.27581978093865855
-0.5637614063421458,-0.37820565758876573,-0.7903156193097297,1.2913258742813547,1,0,1,-2.9851808223137
-0.2764709442428277,0.2670628290785006,1.2229362498155196,-1.3195729804576255,0,0,1,1.0134309759172755
0.7018019718717332,1.1415105650914341,-0.8668513701783377,1.5911556210160749,0,1,1,-0.3380368330360831
-0.05504212148742118,0.6761387827366658,-0.05344977735064055,0.828337776023676,0,0,0,-1.0895781685925265
0.9796769682803214,-0.44980575157989644,-0.855352576181384,-2.3581671527411525,1,1,1,3.309663662992841
0.7765633269427601,-0.053874252404471,-1.1472613199795254,1.1956793001445245,0,1,1,0.6820926031566612
1.5335657475997393,1.7427886614360517,-0.8982780421848645,0.32839088957219326,1,1,1,3.249798934176975
-0.4269632835374384,-1.7286466490877492,-1.6909100543639644,-1.0347552010086185,0,0,0,-0.7104193429082851
0.16511843272777657,0.9496742293110123,-0.17867746755295846,-0.37989486270800843,0,1,1,0.7406880516013482
-1.0580380743616549,0.9621604427218223,-1.6334248377262184,-0.4562042962889481,1,0,1,0.3222521360796463
0.6141935702872036,1.8903264354517961,0.2542245816280246,-0.012732982939040594,0,1,1,1.3428927431686417
-0.715213620641336,1.3437628259039371,1.4171053272506553,0.29273842168826875,0,0,1,0.2346348304458907
0.6111915523400779,-1.529077410778081,-0.22579455312222985,0.8784161864425373,0,1,1,-0.8134199394783928
-0.2830502797250916,0.6040199593149578,1.2011287619727542,0.0582914907118541,0,0,0,-0.06915639126247344
-0.1756848697289097,0.37122818550304887,-1.008643146734331,-1.4970858665691598,0,0,1,1.2027499210104529
0.2242770507174942,0.8559842537298975,-0.20712908255531312,-0.005690278118672232,0,1,1,1.8716800749307978
-0.7464223003041367,1.8366396605255269,-0.48913148346516977,-0.6097988818676094,0,0,1,0.6830736243048663
-0.6735869998579296,0.3617748305671404,0.3669293313771073,-0.10660968498227101,0,0,1,-0.6889094633359275
-0.628035069695954,-0.18791274380891737,1.9091600649418143,-0.23420493209684476,0,0,0,-0.991392828968674
-0.5472011110893874,-0.20257162183176164,-0.3138137813907598,0.6301476786286263,0,0,1,-2.1575170716668817
0.6135476852316473,1.0969282690584803,-0.8809634873338522,-0.3149957754820648,0,1,1,2.1688910435360764
-0.3966380453793862,-1.043153661087486,1.0554126668825077,-0.7108875949617606,0,0,0,-0.8372131729136874
-0.5829539128247581,0.6738387619940339,1.887825224553781,0.5842717182075595,1,0,1,-1.4666085164720208
0.8093708654407027,0.37369005694001767,0.33956211761769306,-0.6405536716359848,1,1,1,1.5608225501328061
0.6784648286492997,-1.7977451740896575,1.1747913578500657,-2.27314222247768,0,1,0,0.6236506205571541
-0.1694306111485656,0.5027915994529976,0.8269088551160494,-0.4791226551454503,0,0,0,0.7264418172101375
2.446729535939287,-1.1033178440640257,0.6607318736955677,0.34580430220067854,0,1,1,1.4303503824665436
-1.0590760126855896,2.0048650363930305,-1.7942847905561439,0.23296459268387637,0,0,1,1.5850294786462362
1.5913463118522435,-0.9206471390198778,1.587879008457025,1.3578447613271878,0,1,1,0.24581361922769004
0.24390052758494296,0.9873732559567415,2.4062112874884916,1.6026019835627499,0,1,1,-0.6404758591637909
0.988847743947779,-0.24370242076418952,-0.8484183640138687,0.7402643604408753,1,1,1,1.7753828294254286
-0.31583611872902795,-1.0437397651970277,-0.5678643362773146,-0.640504759895623,0,0,0,-0.4203838894192732
1.1506154805974562,0.4474919306529396,0.04522497349404935,-1.166140360793855,0,1,0,1.0680280943332856
-1.0004799923368475,-1.309738181098709,-0.1918552988154296,-0.5135304846407103,1,0,0,-0.8534893591943865
0.7809732410117367,-0.19842287101379116,0.1328346196779364,-1.1904416927816,0,1,1,1.609521817628528
0.24342829608457414,1.4247371688177457,0.5860266597099965,-1.5480598973263309,0,1,0,1.4296769665258773
0.8845202159142173,-0.3360079663798837,-0.12121397870799665,0.12716373663237923,1,1,1,0.8985447003411877
-0.49909818542310425,2.2298369929835244,1.0734241060637304,0.005549399947593264,0,0,0,-0.4728045037616169
0.4065741775410668,1.0752524955796112,-0.9371640835341254,-1.0202000010002865,0,1,0,1.6130982047259614
-0.7977627418562769,-1.5135235682745654,0.7064253820326551,-1.3261526013444054,0,0,0,-1.8254183404867808
-0.3731510704534773,2.2155911547296454,0.7624180261045048,-0.8422073717080699,1,0,1,1.3233760956542475
-0.26247263396723963,1.7164858519720125,0.4911159210551439,1.1550711655066948,0,0,1,-0.7481195633536616
-0.6198794011248575,-1.9590294037875111,0.6173116861879139,-1.064740565687966,1,0,0,-1.061896534442698
-0.5048955106787624,-0.28969333287335025,0.3627176450655364,-0.691582955818536,0,0,0,0.8423224926492836
-1.2362226887335503,1.8550458193177577,-0.5463732908901455,0.1832057994771666,0,0,1,0.5684251823461866
-0.13954786846461464,-0.07435208512504114,-0.2910328212023677,-1.241851784131718,0,0,1,1.1455963430466418
1.4334156435020546,0.045922436063541974,-1.3086779970907207,-0.31730252131246994,0,1,1,2.7495264968968343
2.8218058327562066,-0.9001467127137784,1.5934025529379994,-0.5189127860529729,0,1,1,2.629216207116821
-0.8499633154955464,0.051387375673908005,-1.3486274103181743,-1.1752382868797504,1,0,0,-0.2558104055393261
-0.7700428937293875,0.5340285166635228,0.41852105585518884,-0.035065319042105206,1,0,0,-1.8311060148098535
0.3215644817945845,1.9315653794898373,-0.6923404848629733,0.06216984758548078,0,1,1,1.9440212088900841
0.4869695276998484,-0.6631305018926082,0.631256540180295,0.03684654978529355,0,1,0,0.09088155435200013
-1.3022659276263946,0.15809256724824622,-0.4296396845525407,-0.9836715089542895,1,0,0,-0.4998291884488475
-2.312988938403796,1.736260758980608,2.37482565845387,-0.933400617135569,0,0,0,-1.5301137890632004
0.24779682746825274,0.5915345093011156,0.5959465974065344,0.2542008393474236,0,1,1,2.39936823800262
1.323141586531358,-1.2462400153734123,0.5290950628469983,0.19525175228011102,1,1,1,0.5681409043791769
1.4088200174221288,0.8718598942619321,-0.41002867696615375,0.16469183210737703,1,1,1,3.275444345279812
-0.018315841223910154,0.42639793611032994,-0.620351146010299,0.2820386006013043,0,0,1,0.17520354835050417
1.3793742323402156,-1.6861606900159067,-0.9556044757832224,-0.5794873618841525,0,1,0,0.2602834630116655
-0.17863224180804418,1.446478998017955,0.7721719944252472,-0.7576603346263545,1,0,1,1.0833656048876832
-1.4045462170984777,-1.344454082824831,-0.9808870224566854,0.1435992942459522,1,0,0,-1.5386058897648185
-0.14288350949593673,1.2486498868292053,0.46564629659504053,0.09967916658578382,0,0,0,-2.2442048177960783
1.0244923412247962,0.2742192051484987,-0.5422224752786687,0.2927881932626883,1,1,1,1.3920348676329963
0.12092043294737749,0.7153424081152394,0.16502028755025494,2.3474124874422975,0,1,1,-0.45840349352360427
-0.5746128002439027,-1.2131431151239245,-0.997018545117983,-0.7370960103877255,0,0,1,-0.3291865903350411
0.04511605004273566,-0.7299820819001206,-0.007195927403278592,-0.2239312571868417,0,1,1,0.7914916383936206
0.3273114571448543,0.14215549040351033,-1.2169175166583328,-0.6643520317999733,0,1,0,0.5543850530966346
0.12999122283198183,-0.5954625173137641,0.00659885579290862,1.0907435056349406,0,1,1,1.0349339430769644
0.2945779072507547,-1.0891576040889592,-0.5251775823449129,-0.1438062817541892,1,1,1,-0.284214334923926
0.36925026891853546,-0.45689874948877385,-0.8408964938993682,0.6558076459154029,1,1,1,-1.0721554228798038
1.0593813201567883,-0.9257136769024147,-0.5175811636910389,0.12285030437917524,0,1,1,0.6751136747160336
0.12462490410135409,0.1250913712480728,0.39601232546381326,-0.21772505403867445,0,1,1,-0.18541363501068042
-0.15933706930325753,-0.807379403297333,-1.4730385157306822,1.344260312651835,0,0,1,-0.7410616571874133
0.3509924531799046,-3.2723168145595176,-0.5518708740921678,0.8014198361854031,1,1,1,-1.2608328582548387
0.5834877651212929,1.795689713650451,-3.044546112146641,-0.7214554421589285,0,1,0,3.5586705311499323
-1.747539385677523,0.021493686755520148,1.561205465281433,0.446303282007043,1,0,1,-0.5939977589466092
1.1389952450369767,0.641466861462556,1.041901541891134,1.4096218645705647,1,1,1,1.142850103851252
1.6886707389072542,-2.0886613084855603,0.5455066624486803,-1.4488487023208692,1,1,0,-0.6210369459607518
0.019270234649237952,-1.1793843536275788,0.3740991837799916,1.0495265297961969,1,1,0,-1.3270632818185437
0.6075134521815478,0.015754887441457675,-0.17910654677279528,0.39940057301037973,0,1,1,-0.047848131415194284
-0.7441022533817392,2.282303178380302,1.207878419562563,-0.8921955938250047,0,0,0,-0.4437485855363838
0.6666837198629183,0.4148205815036512,-0.3919465688572363,-1.139122167757405,0,1,1,3.1197884312954787
-0.8555154274702824,-0.46042006970465266,-0.5683943494725064,-0.5187580184277917,0,0,0,-0.9811559224165551
0.17498462709112247,0.18194706968508853,-0.608830183218224,0.05037236279359974,0,1,0,-0.8097229535296397
0.5699680844456754,-1.5137070921926419,1.1301250410077266,-0.7972635903178567,1,1,1,0.6095242709296764
-0.7912691701109659,-1.1360394435211738,0.10067218247942047,0.6288986479623229,1,0,0,0.5863398644932605
-1.112026346610805,0.8390898332927559,0.8149229758648201,0.42316280294876313,1,0,1,-1.2807737998782247
-0.35006882624916474,0.05850188015754255,0.4860879482896657,-0.3708501112479942,1,0,1,-0.2331530047163553
-0.5688052769350516,0.20476833792393748,2.0996075582331746,0.218297684303438,0,0,0,-0.7658542643923719
-0.32826174278824455,1.2512891228383856,-1.4635423248011146,-0.6917290679230954,0,0,1,2.0010655875355
-1.1040658459453214,0.20436299245522924,-0.7597912772445868,-0.33409269181543394,1,0,0,-1.2784347391718094
1.0773273819782065,-1.620188943555461,-0.5791663676755158,1.273103660042728,0,1,1,-0.47472364560254254
-0.2759310820771087,1.6893882478065056,0.4411411826313195,1.809347109725143,1,0,1,-0.7491428699083789
0.4353557493225412,0.701715007850812,0.2295876719471581,-0.3972811544876299,0,1,1,1.99322390672914
-1.6315759101968617,1.0977721440733825,0.06943624055606024,0.9135373390306533,0,0,0,-0.6113573747049247
-0.5930400957777425,-0.5789106109072684,0.12672234668681354,0.3905732289590559,1,0,0,-0.28501105083044787
1.588785245315411,0.497199546357189,-0.3181421055495606,0.8094016958609046,0,1,1,1.2805147143796614
-0.8830364289005832,1.6457873862668047,0.45922801722301626,1.5649409096773514,0,0,1,-1.603633530353835
0.27818945683037216,-0.6311341687978508,0.4387759086282618,0.12061546214330048,0,1,1,0.5578072648086526
2.0826684080592637,0.8765500265890889,1.6997396477792903,0.8491066718357103,1,1,1,2.7775642219921908
-0.008494358107302799,1.4959098693885495,0.5136560244531613,0.13885921014958927,0,0,1,1.3473904801705237
1.4979009913897758,1.9753185737603565,0.5557339606609205,-0.3797119093689959,1,1,1,2.7125503675524634
-0.9025641024315858,-1.229345005991488,-0.7074987628290739,-0.6134386588060103,0,0,0,-0.26177542217391186
-0.48510302218618623,-1.120793114534117,0.2214472582718882,0.03398449113001109,0,0,0,0.25059034752572573
-0.06718144745771651,-0.826847606361852,-0.819117331220035,-0.5202474637964981,0,0,0,0.2998573318537736
-0.5479006034864857,-0.0019733204821423492,0.7575450343812713,0.9308166050072246,0,0,0,-0.8810142253402008
0.3349362007928563,-0.12492343147289195,1.576831027949815,-0.5982508528707643,0,1,1,1.0208564574450365
-1.7830581740186253,0.14378906658169469,0.7757153999734033,0.5913486195111973,0,0,0,-2.298547053925472
-1.068459262086979,0.502414264418524,0.4169083930904981,-0.9156063855265963,0,0,0,0.6165186863670503
1.2999619894394743,-0.8073438907374851,-0.6577091429769311,0.04068793745266059,0,1,1,2.456804731500757
0.11105892449449893,0.6079986229600959,-0.20454985032935455,1.0116111229976277,1,1,1,-0.19994733121169328
0.4781914775965672,-1.139754570105598,0.7210285364670194,0.29198631096883315,0,1,1,-0.15805784502620757
1.672245677697674,-0.19392766877409218,0.5208284301374506,-0.15160476763335534,1,1,1,1.5236025428566076
-1.7548006498839424,-1.502460865015694,-1.0615783718085179,-0.09220118311611374,0,0,0,-0.8599629680704752
-2.9945119163716942,1.7370680252651942,-0.681684543604161,0.13365765726542098,1,0,0,-3.0395879190124107
1.7599836673707985,-2.754084837644672,-2.3166370644850787,-0.015840846202740844,0,1,1,-0.05447886375795957
-1.3814795604555417,-0.5890959521040992,0.3928288871442165,0.5575076979066932,1,0,0,-1.3658293877519028
0.06721363029188117,-1.569115146520934,0.5910522669168877,1.135023704634817,1,1,1,-1.3597800521619416
-1.6408577505168473,0.5843218471501942,-1.1316545227594714,0.19095977377571083,0,0,1,-0.7703464210972446
-2.571780414228802,0.695846719575477,0.3029705980281824,0.39493981755138197,0,0,0,-1.2936739574352978
-0.09550635290272264,-0.21705152195399638,-0.8257098382972408,1.2229026894905135,0,0,0,0.3535481015273807
0.4458057920350805,-1.1443482346999188,-0.7485883476213521,-0.8730113632805109,0,1,0,0.1669942515534122
-0.8454557450707282,-1.548899281812974,1.3683061225540862,0.009641955124477417,0,0,1,-1.7714051013514442
-2.561340707648754,-0.8431281843907553,0.6695210134694438,-0.32647516024240586,0,0,0,-2.477825380692058
0.283413389509515,0.03706913748794745,-1.2101667448806976,-2.601246682553389,0,1,0,2.6326108296423705
1.8744216213156284,1.2971153522302876,-0.5991161986543024,-0.3086168440407337,0,1,1,4.038831350942987
-1.7548298464679006,0.4982625437403974,0.5385951952842827,0.8247485205214746,1,0,0,-0.6768019191876672
0.7381621830746797,1.1880883425619313,1.1721341084861958,-1.0604860598044807,0,1,0,0.8387722179382462
0.2506483902105507,-0.046591118240630065,-0.45275508243452095,-1.6522008442996796,0,1,1,2.763257860112751
-1.8767753696314322,-0.1144672949223233,0.1093071780060061,-0.9621123503000386,0,0,0,-1.1904381575844376
0.9834132195541692,0.42179201444633596,0.39563819506202813,1.1789990850256533,0,1,1,1.5691614017410176
0.15810760970933274,0.3159710202212454,-0.5279894599022159,0.0119523528249716,0,1,1,0.9401986906534607
-0.16707456988098693,-0.6846583094370732,-0.8417781502887017,1.1588685911668535,1,0,1,-1.1823986856518411
1.251503641189277,0.7331009677162802,-0.02859426450948907,0.9472420061992753,1,1,1,1.2403597694332984
0.007553685386204577,0.37188433325646963,-1.0832289666657626,0.835867735510964,0,1,0,0.18673806822810185
1.2548771490076347,-0.5935280522044108,1.6858093505332268,0.22969280888847424,0,1,0,-0.0841690652209034
2.59623101430406,0.6217508143376191,0.17650964858495538,-1.1615069318440179,1,1,1,4.368792866299097
0.19424780258178398,-0.5184763617989384,-1.1679468919636489,0.4925714417982375,0,1,0,1.0190190419419456
0.4213662609808784,-0.16611441780847644,-1.1713060591499298,-0.534253976952996,1,1,1,1.1563029207192843
-0.5880948824151645,-0.4403343201880971,0.3743489246912727,0.474351307055349,1,0,0,-1.0829639746534556
1.521279677194123,0.0696697028179922,0.5567048552666181,-0.22255817259284857,0,1,0,1.9683593905335162
-1.239553022748015,0.8854927398870956,-1.2923327295861666,-0.31569170172594097,0,0,0,-0.5193988024313143
-0.5207360751854535,-1.2900403128976654,-0.37444252923518784,0.7695964153745113,1,0,0,-0.5180846001733844
-0.06317465081042184,0.4622222875465395,0.26738928955648383,0.8936419847157739,0,0,1,0.17042045007740386
-0.18274388924827475,-0.21869253232290647,0.8886379199097474,-0.0936392777215889,0,0,0,0.8102042518939383
-0.7133865035946831,-0.7068105508187817,0.9599021512389141,-1.2126365678869757,0,0,0,-1.0056072328520604
0.8771891582590196,-1.216420140963251,-0.05443872742003983,0.5734589848011069,0,1,1,1.5519720877325445
-0.31064155625214135,0.6965565960231676,-2.2620185604642464,-0.42779927106168164,0,0,1,1.2639491897632773
-2.152274325236218,-0.3313694622017931,-0.43956503013372844,0.904714477728254,0,0,0,-2.413353841377465
1.1602471974533854,0.2855771741187516,0.07654129321006937,-0.7917483697362758,0,1,0,0.9268777872217197
1.7306020389260361,0.3567541228998829,-0.5666758566394007,-0.8416197690553056,1,1,1,3.4788121348290946
-0.5582602997254152,1.5782194052422605,0.4627302477488183,-0.7390998602501648,1,0,0,0.22716091513040526
1.3578110704799,1.5345710627000688,-0.1786748127328575,-0.2976528300446736,0,1,0,1.222653027336536
-0.5335020121747521,0.9665126551998319,-1.3023230075587027,-1.2561661393399053,0,0,1,1.0115654531576803
-0.9939084558288344,1.0224533464894172,-2.195866956025157,-2.262642602976857,0,0,1,2.2894889445837445
-0.92193946066513,2.2826502007066836,-0.9978892765369862,-1.9304621476605377,1,0,0,0.18228301922792212
1.6372409366367509,0.48213755486369003,-0.8811897633149792,-0.3497901540822482,1,1,1,2.3726523719641657
1.3675861324877827,0.7611042701296249,0.40124006335924955,-0.2454424116663894,0,1,1,3.4007585885729132
0.6952386104092672,0.6687763761783705,0.5206689466256155,0.22141234618222821,1,1,0,-0.08242167877852757
-1.011713593480375,-0.5672271080413773,0.9438244112878464,1.9973019606315732,0,0,1,-2.4827133054286254
0.7995716997293866,0.14754857170753635,-1.015829119513848,0.18695391215123605,1,1,1,2.292494207081268
-1.086082609314768,0.22922397633541589,0.953246274829948,0.1983238566158038,0,0,0,-0.7854627862643264
0.6253695460898387,0.28688709557828995,-0.10805423048578713,-1.6297460318900514,0,1,0,0.5688949746591146
-0.5455653996910653,0.2890553235958886,-1.1471629556957013,0.1860847878144851,1,0,0,-1.2402728558769247
-0.5695468878583188,0.016117961342080964,0.7270555491725696,-1.520877493464985,1,0,0,-1.1265914797135341
-0.5228529702168275,0.8182294178065276,0.7911648593933757,0.7173653470760664,0,0,0,-0.39338887343588524
-2.0730768997038207,-1.0684348948492324,1.1829217944213233,0.2648601388723745,1,0,0,-1.3048762434553232
-1.75562121307029,0.543453616323075,-1.0216556820417018,0.2743808351028659,0,0,0,-1.262457580537646
-0.15009091258150994,-0.6555958395544647,-1.2633135917468257,-0.20723084871345654,1,0,0,0.3225293163736845
-1.0746302873871867,-2.003736636859829,1.1098054832450175,-0.6420294789508318,0,0,0,-1.3211290647662344
0.8221478172081366,-1.4129106575612183,-1.0584264293709826,-0.15478833077868048,0,1,0,0.019493647547598636
1.174723208239912,0.013218138213360878,-0.002698462162003456,1.1915487342058253,1,1,0,0.506247962019599
-1.5597607728241207,0.7629047192293573,1.6473013100994354,-0.15967781227935646,0,0,0,-0.5061206843989734
-1.5076204498568893,-0.4391192085321333,-0.5531066474856061,1.7158053753076383,1,0,0,-1.6810443993324773
-0.1699884455458474,-0.04403508596517053,-0.40756358808055926,-0.16404553604609737,0,0,0,-0.07588328511619223
1.9442423811571419,0.5486766944633649,-0.18395261354559964,-0.295963229606317,0,1,0,0.8965391788759561
-0.78989412682202,-0.2862068826022127,0.48105275662906477,0.4019954936825105,0,0,0,-1.4342235433908792
0.4937701127079212,0.6604801536174698,1.3176498391060407,1.2435718297121992,0,1,1,1.0399149324847434
-1.6587201006978076,1.4981013201782514,-0.7097731659418195,-1.0170298482461197,0,0,0,-0.19046891615192368
-0.9175958781223588,1.2252645909019138,-0.07954416636545267,0.8481515630822567,1,0,1,0.13172078564954587
0.47172534012906314,-0.6649176020631226,0.5570361525872284,0.8386102984271187,0,1,0,1.090499608530007
-0.25689979886376235,-0.9929193722932143,0.6093946223768831,-0.8024547165346322,0,0,0,-0.015167072984527519
0.48335526038764726,2.008128116112055,0.2026367650029609,-0.5734154745052896,0,1,1,1.1158925112516573
0.10641426778323279,1.2761353080005244,-0.2771549175719994,0.6563465229295162,0,1,1,1.5403075831505961
-0.03312023249229399,1.538090187655963,0.8343009337893604,-0.14007065935989896,0,0,1,0.9636416948995546
-0.05546011777695446,0.406778213877274,0.09035358857867733,0.6025867162314866,0,0,1,0.42017152767755517
1.3500778206780022,-0.4859388101839738,-0.6437744874226939,-0.1147597153861015,1,1,0,0.4970438203701086
-0.08780291063787572,0.8138024175350572,-0.3692682072790322,0.7483152545658354,0,0,1,0.578771207840319
0.8373040454211954,-0.9662609574967542,-0.8669843150044333,-0.300269950307786,0,1,1,0.11135724887920873
-0.29112962964182454,-0.1482470631817499,-1.397826435423238,0.4816378814616223,1,0,1,-0.5614231348744072
0.06551430629227176,0.660661145610446,-0.6252318975817911,-0.536657113543133,1,1,0,0.21078948726385538
-1.100476918091784,0.3302364373423492,-0.16683616057379128,-0.4832257633881188,0,0,1,0.32417541883459133
-2.126951385480923,-0.7022066861828585,0.5828503792781933,-0.4669807979150833,0,0,0,-0.7734078978250327
-0.4552946625810095,0.6518210482435443,-1.1504765184058483,0.12017416753128081,1,0,0,1.2345168478421549
0.06467989315691468,-0.14992527825229957,1.2908470543365194,-0.6966801004707546,0,1,0,0.41836078227672
-0.5122758364183417,0.8189753989142925,-2.83202395735015,-0.3595685832223032,0,0,1,2.2461317533906247
0.5066908539607432,-0.15872280903081418,-0.8562605346155054,-1.023049507987207,0,1,1,2.3235421646556236
-0.8368462614381602,0.01854842991980163,0.013827249326593972,-0.8791157752226489,1,0,0,-0.30785661666149877
-1.43233209396002,-0.8943520702780222,1.0580893979190404,0.11269428659255358,1,0,0,-1.9347003265283222
-1.5145576744689049,1.9649833883445527,-1.2244958797361096,-0.7781204104083562,0,0,0,-0.020231315563009833
0.6131230502552889,1.6734917671948295,0.4479714458043542,-0.9732496287952883,0,1,0,1.129367949538501
-0.8716678030521654,-0.7182386394546795,2.3808028098830363,-0.8371821926888663,1,0,1,0.2000658004134716
-0.03916429777294635,-0.3539582057019294,0.25382245892465877,0.6008321386911409,0,0,0,-0.15770961679817186
-1.4622160591042017,1.3304419531311888,-0.7377421423302017,-0.4390490291253701,1,0,1,-0.3098159050571473
-0.9203149236510856,-1.0273461225575384,-0.30780494418748017,-1.618158977526604,0,0,0,-0.879313246187791
-0.0789989275118224,1.127135911571902,0.3575310665284578,-0.3185738112972307,0,0,0,0.4762037061724251
1.018093172651156,0.9429625771968184,-1.2814192759241947,1.063633196081376,0,1,1,1.7742690315475738
-1.1317931337465792,-0.3200697487970388,-0.6698046391285157,1.7676858300585427,0,0,0,-1.060607066411318
-1.5182936158727487,1.2132605983740778,-0.19129597458720568,-0.36638701982478317,0,0,0,-0.6015465765292942
-0.08220610875930244,0.48327679065913204,-0.7504170676667796,0.014485850754285663,0,0,1,0.8432253933062539
0.08172901200670094,0.2744205258775582,0.41215405256185833,0.005567517257139222,1,1,0,0.5077053649468176
-0.5074327324483839,0.4171745962954811,0.6003549311186369,1.398247937927915,1,0,0,-0.7599027638245491
1.144231498231726,0.3561317988068788,0.6979298395879747,-0.8594546922330921,0,1,0,1.8558973243102128
-1.7947033794755254,-1.0093587392270684,1.812433280427883,0.030673494728721187,0,0,0,-2.704835435422719
-0.9007178198085762,0.18811744965890695,0.47169925422531883,-0.9526573348936972,1,0,1,0.8493421024645985
-0.07743796136700386,-0.08133069044922522,-0.08235913033523194,-1.0893163052971893,0,0,1,1.5166957164907813
-0.9553292811414756,-0.143036384895471,-0.4971994594879291,-1.788200266931745,1,0,0,-0.42008202416961427
0.2562395533838107,0.542695029780004,-0.04871493631501237,-1.7918643492487192,0,1,0,0.3559137307986382
-0.07524642739132062,-0.23836094000494862,-0.5243581996555049,-0.4972984419099435,1,0,1,0.12952018956954955
-0.32972313919672785,0.27190893775356284,0.9166550960381041,-0.33068768951899835,0,0,0,0.12519032753502898
2.330480606743355,0.7095490683127726,2.2212002705057947,-1.7946330678767335,0,1,1,3.294784826106547
-1.072352052610195,-0.6251644681565589,-0.1544962998429421,0.6315275127912335,0,0,1,-1.3316623645156827
-0.3433891950003987,-0.0033685325119742326,1.12945377720031,0.3531130207805809,1,0,0,0.14040688212639518
0.40857053553135425,-0.8191370237483216,0.2760830623045973,1.1509724469896399,1,1,0,-0.7179924471642344
-0.8333110067581733,-0.15968380714338964,-0.8548761095338706,-0.14052211764578995,0,0,1,-1.0492646962157608
0.05466490614810092,0.867065856777645,1.1385883539798454,-0.9557489567746782,0,1,1,0.7007630499085752
0.7738501213678601,0.5412667549952148,0.15269719014973265,0.198480828054744,0,1,1,2.2950975771594284
0.13576281415114175,-1.6616974795830481,-0.1853508880364122,-0.3015165154352154,0,1,0,-0.9220337488440125
0.662049827378124,-0.8397151062806115,-0.3463259755077122,-0.4120030248937423,0,1,1,0.5097577341542754
-0.455833805204864,0.44009936772727726,-1.2013335234622582,0.4428823717306681,0,0,1,0.5823015945109448
-0.3418007243393728,-2.612298832967422,0.1728001519227806,1.1527988577039578,1,0,0,-2.281948934968237
1.8430162876911231,-0.38524108509504623,0.7800979117418876,-0.09632360354448145,1,1,0,-0.19838640956597908
0.3941319675101424,-1.0680777721823447,0.12577563015136972,-1.2141442613457425,0,1,0,-0.16056618510889392
0.8876230993753821,-0.006901186650407755,-1.1687239167440282,0.28691445901883755,0,1,1,1.5284741316756627
-0.7317840155818423,-2.154041591055232,-1.2706263078290265,0.7754344475257402,0,0,0,-2.002481917658923
-0.29677366217757195,-0.3594652387025538,2.731490293939508,1.430628346911459,0,0,0,-0.8732746979057986
1.086634828538069,-0.10784209128329532,-0.32056319787427306,-0.8053953491307512,0,1,1,1.6948371097736021
0.014957860485069523,-1.7855720280582426,-0.2448652534692172,0.21987255471713218,0,1,0,0.61224475836504
-1.3195040649227463,0.4823713826206599,1.0819657988187563,-1.5027972819923192,0,0,0,0.10788034812084701
-0.9760283784317998,0.3379930796111757,0.20283389524543255,1.6326813193984149,0,0,1,-0.26638874853984346
-0.14349583978251332,0.6891708158783855,0.6349192856966511,-1.5671761059938611,1,0,0,0.4104478702805814
1.4943391085756585,-1.0704622494865492,-1.330716190713101,-1.118599433399343,0,1,1,1.8849705680289515
0.459332799880003,0.273079483185863,0.4204577969110586,-0.33478120292421115,0,1,1,1.6326859289598765
-0.8366900049053847,-0.11669685136588105,1.230338321823294,1.1232595480213705,0,0,0,-2.773326657090517
-0.09031115724464604,0.7928559884500718,1.1022996915701775,-1.2825376508895183,0,0,0,0.5593721718095144
-0.007155448749640681,0.6218729084271913,-1.5623298933200775,-0.8865850623953723,0,0,0,0.7877137835461403
-1.744562364493421,-0.5599223891670934,0.9251109160064808,0.21889161096381513,1,0,0,-0.8585885864294864
-0.10331462369784107,0.09538540508574977,0.12793923988397013,-0.31802975321806104,0,0,0,0.6479899895435655
-0.4198743024497431,0.6094687384622594,0.6016059635053719,-2.0808525451476836,0,0,1,2.2140745289502495
-0.21996149789665898,-0.15545890355865485,0.34072736651171226,0.9761280456012817,0,0,0,0.10403429706816536
-0.9639795742507569,0.7689599329123712,0.5472806708537791,1.6866774884574247,0,0,0,-1.812880310055819
0.3065562729187717,0.3645595934562322,1.0330045945231598,1.605814328226649,0,1,1,-0.8180733440025345
-0.48129462197585904,0.20479723938079772,0.5724524761066859,0.4532078130312787,1,0,0,-1.7965668504288632
-0.8410524118754007,-0.5472600998150163,-1.2077389026956002,1.6160182291837124,0,0,0,-0.5050679379806662
1.7858759971463543,-0.8156559565400576,1.2258545422256268,-0.4893096545364909,1,1,1,1.6086735036722277
-0.44165731004464104,-1.9857062952762428,0.29309707411442626,-0.6405163219100364,1,0,0,-0.7188480888033528
-1.432938685000387,-1.9603336113972458,-1.7925917725162466,1.8776153543131662,1,0,1,-3.841027671140515
1.1538425423633785,-1.3610078310165905,0.5603070194379847,0.732541412020481,1,1,1,-0.2339204345672165
1.3449758695494347,0.06186824054397216,1.460943034287733,0.8363212568496564,1,1,1,0.07401213915788385
-1.032460975352698,-0.7666653539668449,0.1882154240448391,1.570061185935409,1,0,0,-2.5443280165561255
-0.5010008792219478,-0.3426137167319073,-0.3614522498958571,0.04646080743429183,0,0,0,1.2164873571737451
-0.24751702216954816,0.17587859629563235,0.19957055431447318,-0.0021397482395551,0,0,0,0.5836645566178301
-0.4720469976956833,-2.393049970092025,-0.007458282458031232,1.2387141337272078,1,0,0,-2.3481982361852554
-1.455393313440396,-0.23932000461175343,-0.12173137010143252,0.8588800343808546,1,0,0,-0.8592394317739197
-1.1510724408449737,1.9308705678951692,1.9983726494440255,0.549207891418173,0,0,1,-0.5044286098187027
2.067064200923893,-0.1429173827688648,-0.31622166373028315,0.4821402777550763,0,1,1,1.9264990078473057
-0.6826453299496703,-0.856086920062226,2.384859108567607,-1.0543840011244732,1,0,0,-0.3808516203893251
-0.6058057800539739,-0.5143167457340904,-1.0721732466313671,0.42636456101282827,0,0,0,0.12198522932238032
0.6989960299210985,-1.2139178252446143,-1.061283799811511,-0.16607171980140442,0,1,1,0.8098810127950098
-0.5556194368623505,0.23363053258106609,1.2425367019185887,0.7161770707749403,0,0,1,-1.3531338410753435
-0.746355461458234,2.0307053573731833,-0.5670516391690179,0.21354334109576037,0,0,1,1.1302206656160527
-1.1239118351779855,1.949393229211085,1.6822332132632611,-0.5702519248605434,1,0,0,0.742921303191085
0.4546086555500298,-1.889059805392291,-0.38443230495335023,0.04647745176555943,0,1,0,0.589424627274042
0.1256742649604506,-0.5199845630017776,0.04291881025781721,0.6694186231784572,0,1,1,0.7838842145766796
1.0418549324349864,0.7267986127071753,-0.23087566823195013,-0.15639078476438922,0,1,1,2.926465951290795
-0.5055204660627365,-0.548193189377455,1.8424881655341594,0.7193210289835621,1,0,0,-1.1232787626163407
1.2232284502198056,2.005455547562778,1.395128649560459,-2.1431190574755665,1,1,1,3.496626272012567
0.07301154745189649,-1.0293087631714621,0.31921121952561426,0.743161415499531,0,1,0,-0.6744721454450245
-0.6093041065696698,0.7378376079756526,-0.27852267721293156,0.7521183855506766,0,0,0,1.5937066911744004
0.37884711347243455,-0.3318084206330282,-2.403476964739047,-0.15736250451779066,0,1,1,1.2890530627531196
0.26907850766182034,-0.8001713050784824,0.36136112607686854,-1.4979689716635403,1,1,0,1.50250830435768
0.19800004592280177,-2.0700070118215765,-0.7912143045514148,0.8782299230515956,1,1,0,-0.4799615574171728
-0.8319261355228138,0.12068711821119874,0.18502675396321855,-0.795811330944916,1,0,0,-1.1645374006067781
-0.17783970511999656,0.8383412452088439,1.6339233542522789,1.5761402154169475,0,0,1,-0.5376259355806069
-0.27317648655733345,0.6409296718686317,1.567367657393508,2.7207541244271227,0,0,0,-1.7158018359120706
0.6549564684666307,0.7600978711007348,-0.4011442170931211,0.24499637608457456,0,1,1,1.0003260904931803
1.2072897294229228,0.16089761517550316,0.5004054895845855,0.5306584591712042,0,1,1,1.7549317184619477
0.7549746982507667,0.23803121872004077,-0.5225600252908253,0.2294951005399244,0,1,1,1.0323346610435467
0.6707525855025545,1.2505856927555175,-0.9710964873198304,-0.8813929602515497,1,1,1,2.3639587795410524
1.0283583978276338,-1.9639176265516873,-0.9309163318494627,0.2407092933933488,1,1,0,-0.014610806040389508
1.1572570686712713,1.0628223187021004,0.9353741089332326,-1.2601731341403866,1,1,1,1.745259451174277
-0.4637933506387738,0.01974064017943728,-0.5644664674665122,-1.6464311116764203,0,0,0,0.7822109905095272
-1.2398979563321708,-1.3423693701131194,0.34601392544063403,1.164717718184368,1,0,0,-1.720806289274836
0.08616754022624318,0.26717618719387437,0.5628730986463062,0.9987684880535815,1,1,0,-1.2195803649508885
1.4355570420038928,-1.883133472010404,1.2071826066344562,-1.1894779049270812,1,1,0,0.4700902728758228
-1.3272875017035413,0.6850685534872938,1.1788228063442443,-0.49497794257969935,0,0,0,-1.0595458748359303
-1.0311747407839584,-0.22974093222786712,-0.5567149385908311,-0.437115183205181,0,0,0,-1.3583726397272242
-0.01122988039650471,-0.9141494309013218,1.6571437754647802,-1.519065183578644,0,0,0,0.8662083547950147
-0.6264578930910851,1.6516082525028026,-1.4152758803302976,0.48128169060968506,0,0,0,-0.6466567644068069
0.9209309876299931,-1.9995174409482066,-0.31642229272273115,-2.568578204118885,0,1,0,1.135882657355785
0.0067344750600924356,1.5159070922605529,-0.6767106650358751,-1.268752251458617,1,1,1,2.159893852690721
0.7704649546759363,0.9003030267036828,-0.45122699506858854,0.5743011118544412,1,1,1,1.391126673667309
0.22832637334736863,-1.258020771374547,-0.4335712774807303,-0.6730583078477931,0,1,0,-0.48440523685740644
0.3351734866928485,-0.3061325775401345,0.5014597380027178,0.9701515149990757,0,1,1,-1.422482565202174
-1.2480048884002237,-1.261859266003288,0.25289470373109424,-0.8883541350170149,0,0,0,-0.9843846762789038
-0.7162063336361594,-1.1754941664280791,-0.8672045766306119,-0.5991749461047147,0,0,0,0.19871441864907258
-2.0343691505201322,2.406328102544838,2.730582003159947,1.4319233081829494,0,0,1,-1.9814938126862573
-0.8404884930614361,-0.927273938550979,0.7760837848486531,-0.47853208434384553,1,0,1,-1.6988591178776251
-0.61756958784285,0.09189627748971005,1.1130147725857473,-0.04462975116259592,1,0,0,-1.0281128055908324
0.27291029247692383,0.9061850588054036,-0.6942650820195515,-2.5392666816094382,0,1,0,2.3304430815693813
-1.220545318242687,-0.35728506253373493,-0.07735327827055187,0.9834586016459884,1,0,0,-1.687411985963076
1.7068401590714342,-0.7266512639448706,0.15115259461691147,0.8887058678705491,1,1,1,1.9089731030146317
1.1506049513483807,0.12315076146048265,-0.09182855418205116,0.8440472732276313,0,1,1,2.1026669581526463
-1.0860283391438006,-0.04878982669394185,0.9647486367008147,0.17840216993153057,1,0,0,-1.1294925715000526
-1.9075645163846924,-1.0265640077160598,0.9241145200566416,2.75038545095777,0,0,1,-4.6090942343665215
-1.669560062823502,0.06417526264214024,1.1567577328126963,0.681494961324655,0,0,0,-1.7782686247208144
0.23945701963466753,-1.0869137364032633,-0.2578700526739871,-0.5291821072763371,1,1,0,-0.7245577071070888
-1.3042863928859503,-0.4128145228683796,0.8724698165077855,0.3748741955506199,1,0,0,-2.5044863917615556
-0.35829093835081893,0.1686391473285578,-1.04929428353358,0.6994835363484684,0,0,1,-0.5167109959516591
0.49452984710252484,1.0470667321037672,-0.5541972116445145,-1.8415447221828583,0,1,0,1.71116058356011
0.32427257841607493,-0.5978703818947232,-0.5778121452054045,-0.11521754888334651,1,1,1,0.9569908348368051
0.6683519026409599,-1.3322420414027056,1.5596266409861725,-3.2681646505760944,1,1,0,2.162669833784161
-1.3539501955216595,-0.1316585091837547,1.0132025439794603,0.29156382631372707,1,0,1,-1.552302764632279
0.5928265583971241,0.38801420504822426,-0.0727743007422774,-1.1321479746242176,1,1,0,1.0265587926207247
0.6258491803369841,0.9163987974990176,0.9866815350419161,1.199603468676615,0,1,1,2.100835123290193
0.8847416332226024,-0.06489946202497317,0.4534252833068847,-0.19904238010335323,0,1,0,0.6422826902139827
0.7619755086057821,-1.081284270740053,-0.9862864060437647,1.9391621739261777,1,1,1,-0.29485861439015426
-1.3378062205738481,-1.1156398005797574,-1.2712813919041845,1.0119648221374318,1,0,1,-1.6182910382416018
-2.503818380916427,-1.4148482050245228,-0.32415782631902545,-0.519710340857621,1,0,0,-3.4049574269048133
0.30330822835835114,-0.04505634936692851,-1.1099116415467063,1.235697632450328,0,1,1,1.067758031473076
1.5348735311168678,-1.1267737149160166,0.6762217902001572,-1.325305415987021,0,1,0,0.5158804752351831
-0.8318446768898784,-0.5310573038018366,2.1574620387029153,-1.0901383803477815,0,0,0,-1.3531926792076092
-0.8425153540080381,0.7882876270433687,-0.2421610107406826,-0.26893579960916725,1,0,1,-0.3559028950373115
0.11349167476796237,-0.5218169078962756,-0.37971474214558304,0.6626843748349744,1,1,0,-0.713155320958645
1.0215950727676142,-0.0014356235599168516,-1.0543940986442593,-1.487616520615545,0,1,0,2.009754793114565
0.6743493287881311,0.08482425728050161,1.0966971821861804,0.5089805563298957,0,1,1,0.6825937781368059
-1.241415044174544,-1.0506208647078978,-1.2392052814233225,-0.1485127683279746,0,0,1,-1.32263829452729
-0.4932727647689569,-0.6294369002021013,-0.21057075063430747,0.9069469268887553,0,0,0,-1.6215361606520216
-0.6214189385574849,0.5335532789503269,1.2328762905441153,1.4367705473711794,0,0,0,-1.3128765714163761
0.5158138746026038,-1.2475985920489745,0.05363343740498751,0.4746216182675357,0,1,1,0.46467782112397193
0.6980728284133594,1.2132172520834068,-1.0750069016326065,0.0908328135914476,0,1,0,1.1840812373058198
-0.9386818994269275,0.5112180000609018,0.347590046750149,-0.29413378239097926,0,0,0,0.11774827227865692
-0.8658488323865322,0.6746141544927032,-0.19441795603219808,-1.2614934642598865,0,0,0,0.11962070130841573
0.23222140361102642,-0.48587463561290606,0.33783602767743687,-0.37291402077368957,0,1,0,-0.4552572191069576
-0.27308368630126184,-0.8684201467334015,-0.3188364819524111,0.6079120649891138,1,0,1,-2.019159732905818
-0.8238628937596869,0.49663943003526223,-0.4751058065432269,-0.5171447173378783,1,0,0,0.3488986007620594
-0.5061422775798483,2.0701363702000912,0.8268969429944,0.7518434972128883,0,0,1,-1.0171308085510238
0.549185721673531,0.7896537499208246,-0.7797250632257543,-0.6768354938816314,0,1,0,0.8801015171088814
-0.40579615618799175,-0.7102178342421466,0.34022987177081265,-1.060840759189634,0,0,0,-1.174774691530517
-0.17396331182190164,-1.906950178873375,-0.6129077492041116,-0.31381318394473856,0,0,0,-0.879997416951783
-0.827697336759209,-0.37939357418793473,0.4780166385663379,-0.1057666584082554,0,0,0,-1.6064442901518183
0.5418797762353615,-0.5554819000197744,0.5557230839714928,0.3164608772025204,1,1,1,1.7505017131881608
-0.5709505574936474,-1.1967574521259696,-0.02060884436415258,0.2911907131251452,0,0,0,0.24715866700321998
0.2108227174438827,-0.7284525164894848,0.32705975003352017,0.9256475688069806,0,1,0,0.2162054484050392
0.11788127882819857,1.272983368836627,-0.003278327945914538,1.437129626399571,0,1,1,0.5369413630041446
-0.44035171453209343,-0.7842009481585948,0.003142681809975478,2.015042597564082,0,0,0,-1.7872372425144116
-0.8868590552902877,0.17329036266993303,-0.6841033286122622,-1.2592732363083659,0,0,1,1.2125697747049018
-0.12876230413827355,1.0487260567389978,0.14438081820554147,1.2226647432219142,1,0,1,-0.8528231271919934
-0.35880030439464544,0.901523224859114,1.469779019338151,1.8457405545060876,1,0,1,-2.6821351957846202
0.9617877740497229,0.7396692712537449,-0.14440132531219751,0.6185492976286724,0,1,1,1.5161551016217207
-0.8985292415871526,-1.0841940775402563,-1.4218577666752243,0.49942197298254926,0,0,1,-2.006406639869821
0.7070641365973062,0.48130673997219964,1.2894537913759816,-1.6876236597946317,1,1,0,1.947886443850916
1.1583836588435885,-2.2281502427362048,-1.4112880687604972,-0.4754318728520657,0,1,0,-0.14026131251114438
0.609748864957804,-1.330372413987673,0.43297841358984124,-2.3715810275808917,0,1,0,0.03912527108845931
0.6975420124622285,0.5808919241234567,-1.8331285140819078,1.2938383080224647,0,1,0,0.7562390089796054
-0.2970749228870092,0.7988179685836189,0.35114397996402325,0.29689054205028986,1,0,1,1.2880393583980778
0.41025393977296004,0.8611675341387065,2.688490719716883,0.7695644138190182,0,1,0,0.1206271544019325
0.41992317822682995,0.14567336498646857,0.4644014957573885,0.718498162161603,0,1,1,1.8889136530029669
-1.645804310216973,0.6437822898387513,1.0550091015751335,0.8624101871048172,0,0,0,-1.526748351371042
-0.358378485283183,-0.41913954603719766,0.029844625492427404,0.9697665295551909,1,0,0,-1.4234270105004727
-1.2393867134380943,-1.2354886101542297,0.2835347324532499,-1.0025669916000768,0,0,0,-0.7931677132695515
-1.8918390926367248,0.19346563913205062,-0.1101429534736042,-1.4664460760665428,1,0,0,-1.1375669455261357
-0.04983888266432686,1.2929143322492873,1.221378751883681,1.3844666821229827,1,0,1,-0.9147997008630815
0.41293261782835883,1.675529866100528,0.9229513408706725,0.04615858290326344,0,1,1,2.840106420618846
-0.6883883914841243,0.5348537310717497,0.24740350435523056,-0.08306609350206473,0,0,1,0.44128052531767864
0.4949609533444022,-1.4435795534025098,-0.5923139763861719,0.24764778297017687,0,1,1,0.21737263262936904
0.5503596338719005,0.12186925478840611,-1.417862276314595,0.7869371037135474,0,1,1,-0.5183150821021089
0.0777039290681361,-0.1689458431599748,0.30284354553110127,-0.10026173577035667,0,1,1,0.3954291766499497
-0.5112668071268744,-0.7003200684990408,0.4965661434726932,-0.3730789720548586,0,0,0,-0.24524450472903592
0.6580439313980014,0.14472034381171553,-1.3405044861917395,-0.7710924771031483,0,1,1,1.458705685743031
1.750099665910735,-0.8406494810143825,0.1598306657413457,0.9794827295918168,0,1,1,-0.5883740819772648
-2.0602346200780497,-0.31867280599323444,-0.9223599270309051,-0.0544847282230612,0,0,0,-0.5630956835406548
0.7191716137681714,0.8578240901415276,-1.5508329768003148,-0.48449160006137293,0,1,1,2.151425610677874
-1.1639063812230617,-1.2373580486684743,-1.8456246289617628,1.5617892964608835,0,0,0,-1.0442926947478464
0.8380188830880306,0.8033507569579266,-0.06379880324426505,0.8468974501630673,1,1,1,1.6267431240042036
0.987696456450489,-0.5416511855910215,1.0268051479533733,0.00954896875646178,0,1,1,-0.1432217906240597
-0.41003709748710687,0.21843566992367286,1.4846501629491795,-1.5845136904623431,1,0,0,0.8558024452825609
-0.43596230845235395,1.763410729169725,-1.7367663266658384,-1.4141532144386402,1,0,1,2.3290385168267687
-0.021719512427615762,-0.6741544079395274,0.9344481904648297,0.5055387434763263,0,0,0,-0.055370861484833944
0.11832318251317034,-0.22888331089288447,0.21478582019014358,0.5900059006525142,1,1,0,-0.2752610943352296
-0.20301856621174033,0.8510354754504733,-0.3884271410918135,-1.2228167028656352,1,0,0,0.8228373927177937
1.1381127251696563,0.5426717296991103,0.7506467095457358,-1.2417749094911423,0,1,0,1.0317755076821375
-1.5686614879595129,2.405525378602425,-0.4856433277242071,0.2939916080604802,0,0,0,0.38556522727320314
-0.5030089595424553,0.8163728961674274,-0.29809001436012283,-1.9064014625659078,0,0,0,-0.6104496716489121
0.6506085107152602,0.033167885240616264,0.13861727781743696,-0.4001660099340736,0,1,0,0.053953945773520806
-0.287632388603167,-0.9271807781172493,0.1082186258143458,0.39705512233547036,0,0,1,-0.5965703988894615
-0.2487384412533004,0.26941663950975736,-0.5158748487443341,1.1702635891983049,0,0,0,-0.20185523725456886
-0.30207289721709807,2.176775711212262,-0.34589237513554527,0.2692803415504818,0,0,1,1.84594871693767
0.9512396604290576,0.3796518212762792,0.009792705993240688,-0.06748283023322697,0,1,1,1.6071089024154455
0.6941809202397615,-1.2270280675114156,1.1091109101581564,0.3600391533493034,0,1,0,-0.144993250706664
-1.3260705195216644,-0.2912792586171295,-1.7354894755845882,1.3716366725459026,0,0,0,-0.9480327144118597
-1.138245818010386,-0.6419570189805586,-0.5296970702192829,1.4559221608230104,0,0,0,-2.09624764192415
-0.4148461397109242,0.2667246713677648,0.8037964870187414,-0.5606724377009588,1,0,1,-0.3594113480471421
-0.13808433532374956,-0.25620738795941855,0.5468687737643746,-0.6639735082306967,0,0,1,0.8285640993551067
0.9065581760537325,-0.6434005657365419,-0.6887977136034394,1.3816340676601697,1,1,1,-0.5953712794962382
-0.1171612123454686,-1.0683961630338472,0.5899842818671449,0.6908239479602828,0,0,0,-0.9352211394465005
1.3216367422793012,-0.2811896845699999,-1.0252659507023407,1.4701799522555874,1,1,1,0.7237346964757826
1.8652194788768766,0.43564959563399447,0.2672377090853208,-1.2835717622734,1,1,1,3.160967233176499
-0.8678301640066584,1.001242319262906,1.338372528054566,0.5283006639340914,1,0,1,-1.090406181409217
0.17170890522003462,-0.5142278745975201,-1.6356960069435929,-0.01937609981322372,0,1,1,-0.49922556211957736
1.032794494410861,1.1302841439320939,0.39895401995463337,-1.034234041534883,0,1,1,2.8494020873836408
0.23684514285135055,-2.0779491118090894,0.6790974565813761,0.5998324343497403,1,1,1,-1.491792962344943
0.3484613595946157,1.6223001545437468,-1.13071983727393,-1.6333585092878038,0,1,1,3.9921515783490547
-0.45210697888439993,-1.6909115786288242,0.455015684192158,0.2585451510143609,0,0,0,-0.19097587728215948
-0.5461391968858522,-0.7140707265044387,0.29054514429921263,-1.2805530315484983,1,0,0,-0.02543961019100721
0.21119348965526719,-0.1884687058207605,0.12436276128345554,-0.32692591220475453,0,1,0,0.2265681638659657
1.0029490416298172,-0.6272047251802293,0.2030077011283645,0.1878573699771522,0,1,1,1.1482316359733185
-1.0429670955405304,1.990170649806789,-0.5515136230284856,-1.4530178156086682,0,0,0,1.3012134490828227
-0.134231962955213,-0.6523204265189079,-0.20174741190422688,-0.11199613349158419,0,0,0,-0.5033230294283757
1.8099888845014354,1.9237931734672549,0.3631286676801362,-0.047770789661933974,0,1,1,3.5417569103544237
-0.18539831814728078,-3.9877157495211417,1.2376418902068567,-0.6584350292593644,0,0,0,-1.7537598323764003
0.17742422197609756,-2.203947827406209,0.7969911856387174,0.2065465690092602,0,1,1,-0.32047613129562347
0.8108066266477026,0.060324842165086455,1.193535652610507,0.21513026974866173,1,1,1,1.1195329503877425
0.5844701965115932,-1.2337156275120618,0.6566475476360712,-1.3238466700160145,0,1,0,-0.040006350957706854
-0.14485574677980204,-1.6348014045425643,0.44189473325584844,-1.1389659757781623,0,0,0,-0.7252737246615828
-0.20599147461766582,-0.4548660209044506,0.5354047152206269,2.309658786190866,0,0,0,-0.23583639105267185
1.5377915283245982,-0.6154032969905128,1.6033273405235258,1.57403700712034,0,1,1,1.1840391730671764
-0.9316831100620553,-0.769091663768901,-0.9057995280886654,0.9551579763267174,1,0,1,0.1364990316439934
-1.3407749612724469,-0.6804284187929585,0.10299448433046311,0.5103870454708829,1,0,0,-1.7347582942842545
1.1267046980766924,-0.05527369107175273,0.9841538014440387,-0.8563683220035357,0,1,0,0.03179291761809144
1.276794925098275,0.4992361260807454,1.480477371958664,0.08611076898471445,0,1,1,0.45741229354789303
-0.9490805038094677,0.7526494427958977,1.3166661865111395,-1.0735887669985433,0,0,0,-0.04658302135124315
0.8984219225933718,-0.05218114862888959,-0.08631442484110485,0.3783360396772621,0,1,0,-0.8352892847534823
0.3852518364877031,-1.470982276208395,0.12078996435576536,-0.2776266286923087,1,1,1,-0.3434847707944479
-0.08645516493490692,-0.9777116029084943,1.1853590475111087,-1.0109252712891141,1,0,0,-0.27374796634378856
0.13797330527512197,-0.6530820127966331,1.2627557431037084,1.135969748533226,1,1,0,-0.4699621620205392
1.8796150483024503,0.6390049436834119,-0.17495514111710347,0.6632719137414516,0,1,1,1.802769463513887
0.7804007528798411,-1.1845964888486913,0.087948183910417,1.051794115193205,0,1,1,-1.291451566336644
0.6276922155906834,0.9015978415858691,1.091801544491795,0.8790069485703219,1,1,0,-0.19941575563859704
0.5622180902240304,-1.4681907046299785,1.117779443027473,-0.10085778974022146,0,1,0,0.18380268768337776
-0.553603272404155,0.023148189775254586,0.5303261641795496,0.2530531394163075,1,0,0,-1.4449659276276734
-0.2742391774523316,-0.4229183718212555,0.20637535056603742,-1.163731558112113,0,0,0,0.07442413296580992
-0.10078752566264992,0.6101737491677326,1.3796180321559735,0.32551417903810836,0,0,1,1.2941346643341447
-0.8355406692298374,0.9691903546375261,0.9675070092251329,-0.087940273740776,0,0,0,-1.9482073150858596
0.5734562335322746,-0.22020165438948522,-1.3742102869418373,1.48495228963407,0,1,0,0.47821377422569444
1.1952843539614222,-0.5874702399535662,-1.0749452310826648,0.16027100908437963,0,1,1,0.2930918238227661
-0.05016079928598167,0.7856155109132437,-0.6468102909769726,0.22903613427411024,1,0,1,1.8253151696328567
-0.7738724205172746,-0.7231310582043557,-0.6699405078308409,-0.5975951050626755,0,0,0,-1.0733943606378513
-0.7445323312374716,0.24071222560968614,-1.2388656631663846,1.9407009392642702,0,0,1,-0.4924534406553085
1.6412442226508555,0.1220736442803003,0.6581218787497225,0.4297479627388889,0,1,0,0.3204107943883824
-0.5410354976968615,-0.5034086250472419,-0.3973527741004099,0.09619969240670555,0,0,1,-0.35915026247217074
-1.1764390091847432,-0.7622263630631916,0.04328758745185513,0.9608282488481604,0,0,0,-2.349747501710668
-1.4422288828255192,0.7661151235067908,0.18746187159757804,-0.34263624416270383,1,0,0,-1.8904064045680116
-0.427888841045346,0.3059407384262981,1.6705488244227196,0.5762317675824223,0,0,0,-0.8589402323055402
1.2604115965907647,-1.1026174605851988,-0.5000884405804216,0.026720683234686,0,1,1,1.3509369075032092
1.295859895950367,-1.318838452311894,-0.8784020785320434,-1.1807816957837611,1,1,0,0.8923808576573022
0.6368303356753738,1.0341550996549105,-0.22991423913622575,-0.04098861940616565,1,1,0,0.24589984566311146
-0.6935478260640316,1.939000906555848,-1.4369199020035426,-0.7821782540242121,0,0,1,2.550237950839463
0.872105392919318,-0.13756692374182908,-1.6505191512356807,-0.15926353860730028,0,1,1,2.00375225227531
-0.14607754236540355,-0.19409875926448264,-0.6727890332776223,2.4847797287436864,1,0,0,-1.5534543180183362
0.659640137156093,0.8048086650050419,1.2896451427480475,-0.31102787652886354,0,1,1,2.156687207396838
2.229996426760899,-0.6241495936362155,1.531596541356143,-0.5963912103500156,0,1,1,1.8470645618708774
-0.17270043303853608,-1.3123062209181446,0.24051546590043982,0.6610572630088419,0,0,1,-0.7050365723862517
-1.3080492889901716,0.6880775029784904,0.02950051891447626,0.5774276761475868,1,0,1,-1.096750667006804
1.9651913577387703,-0.2189404296220045,-0.7606797662274131,0.47937012095601933,0,1,1,1.9666894630039873
-0.10160261473098753,1.2793668219414964,-0.11903627664571961,0.24406569081951537,0,0,0,0.30518060613858905
-0.1204124171471405,0.18951444261181954,0.3533643033561258,0.10884744797331503,0,0,0,-0.16140922671818322
-1.5770875993752056,0.7575918401222735,1.0378347885876464,-1.2948297294980657,1,0,0,-0.451953912102055
0.8122048713263226,-0.6626003969657794,1.4179686542460395,-0.4271534017061304,0,1,1,1.6724773505030748
1.1211083511898612,0.5354978036291512,-0.050145071012419246,0.10172381154125454,0,1,1,1.6120806586981749
0.32454246293069355,-0.41619555180478823,-0.6678142265413559,1.5958420209066566,0,1,1,0.20688085320107558
1.1656872721989864,0.9295070533363888,-0.8008775266046849,-1.6588294810598072,0,1,0,0.4922397829801157
-0.32292656297578454,1.4495336842960167,-1.181458750338768,0.08098986076819568,0,0,1,0.5042417660077917
1.4252260695759336,-0.14156224176645285,0.28198289449834846,-0.4352335106837187,0,1,1,4.207939950609492
0.8526612716755526,-0.23699506814209728,-0.044610616304814055,0.47054768628439236,0,1,1,0.7121727094527786
1.8440273207807887,-1.8004966955729815,-0.2172974051945791,-0.8003439001954261,1,1,1,0.8034098433085847
-1.5915779367088636,1.8272503340558135,0.4768305274792119,1.554083110804895,0,0,0,-1.3408509330283755
-1.1705290277747928,2.025487962145434,-2.259159598704474,1.5188695040516256,0,0,1,0.05780438181737116
0.9708472921498116,1.2633861956651662,-0.3246952197378541,1.0192682825111838,1,1,0,0.5261306615027976
0.4596314433846918,-1.241252395420152,0.2748756070372523,-0.9069620478201708,0,1,1,1.1421115431327373
-0.8328984768496522,-0.07412323335655283,-0.7984474282626194,-0.07613714146907165,0,0,0,-0.3630706658508256
0.18136397303304705,-0.8659399250777855,-1.5452549690594117,-0.09963334341398636,0,1,0,-0.07252230779789931
1.018389919440599,0.15896864556364848,0.06682118448006233,2.182275369308289,1,1,1,-0.2607705590860115
1.2312113424234241,-0.3710535510077415,0.05282422454031873,-0.6093570786609939,0,1,1,2.5296165737884646
0.36002784635953045,-0.2629058514744703,-0.5325268650992402,0.40880258985167817,1,1,1,0.17497237109019315
0.19058218691138115,-2.1591792946152353,2.213953521616602,-0.8016016565318002,0,1,0,-0.45889494204382775
0.5684714556774356,-0.05696927028249578,-1.7049238273692504,-0.7764512842253626,0,1,1,2.0342048678563187
0.05134399466195513,0.8975199961584018,-1.488036538462995,0.7426862566446828,0,1,1,0.5821398309849666
2.010529612980768,-0.44174676374671756,-0.9902376292582782,1.068192828705114,0,1,1,0.05664554893946
-0.32835974723538375,-1.0548912187247688,1.4552415430740706,1.1693263896248587,0,0,1,-1.453445441906152
0.11515828519683226,-0.9456674560851336,-1.4884381308318606,-0.4310364573128803,1,1,0,-0.06229996134954882
-0.09214816847693348,-0.652623117572254,-0.7573788245523113,-0.8494047037560206,0,0,0,0.8057793464338675
1.6502558966246916,-0.5634288799208126,-0.8647510474701451,0.558041107940767,1,1,1,1.4865205731343434
-0.43542515310581936,-0.583637395975868,1.0155258845042034,0.42187943607660516,1,0,0,-0.3868056830350759
0.9812665878094907,2.143498929593651,-0.7162948459267238,-0.5491108010843098,0,1,1,3.9896778693758486
0.03943077559857211,-0.6775675444909627,0.1401224062293186,2.0189581581924316,1,1,0,-0.8469020102050224
-0.3586270881766747,-0.26231670488807257,1.5525962799093624,0.2640379217755453,0,0,1,0.20138770428156824
-1.994204582098627,0.7822418686019672,-0.28393117436595045,-0.37638226439766853,0,0,0,-0.9762910534493592
0.0315574798852945,0.15560350400379538,-2.023101936033887,-1.2335557157747936,0,1,1,3.5045542371582292
1.769602177785757,-0.9868318386608024,0.03685914307811274,0.400408984094068,0,1,1,1.0556951389814824
-0.6060270229320392,-0.5847992873995579,1.592790660518449,0.023375474679365453,0,0,0,-0.9155664268633958
-2.83800462574746,-0.10649852175971122,-0.12484890515157766,1.134964020082615,0,0,0,-1.1755740770869059
0.379706482690448,0.3386267693106984,0.662190559177823,-0.19326620051174387,1,1,0,1.0287070082941936
-1.118090129616877,-1.248184670211609,0.7334079251951603,-1.2524791047245525,1,0,0,-0.7630236478261797
-1.703640403054964,0.8471425587622246,0.2497512393273763,-0.7754468793665912,0,0,0,-0.043870343715115445
-0.4537188715701953,0.9249648792374346,1.5253327649838864,-0.1396180802120153,0,0,1,1.7357422286948583
-1.274719602735054,-0.7369204976140383,-0.8521864124360048,0.8067996310084515,0,0,0,-2.2623436387939497
1.1085708001391266,-0.144834106060924,-0.16152713615575387,-0.5101833502734996,0,1,1,2.25160224875534
0.26579436363246595,0.6629737781983612,-0.6234805749679619,1.67084177768006,1,1,1,0.9522636831565424
0.6694203284270167,-0.4435905217344923,-0.3724085889363443,2.3058008052021934,0,1,1,-0.9690531722116453
-0.5861440570741793,-2.330137470803321,2.0638919079159237,-0.3407840118248892,1,0,0,-1.1819055154057887
-0.06071574304132466,-0.9044280290473997,0.2697364552589282,0.2134707386986793,0,0,1,-0.6657979642803635
-0.5218288156220717,2.6285533271512365,1.6124673413332493,0.12210592210986364,1,0,1,0.8861951309929479
0.2939794548648361,-0.9093950781212617,-0.09518830869513892,1.2164161854987923,0,1,0,-1.227308085361209
-2.217376410704139,-0.26806916136794773,0.8572329057396215,-0.4235768726834908,0,0,0,-0.3821451207586757
-0.026029124026029502,1.9903572103869618,-0.7219294314967728,-0.8087027528241083,0,0,1,2.8250410069945566
1.036658818205339,-0.5640402552753278,-1.1744961577690631,0.4085734185118646,0,1,1,0.5774620031628588
1.7057580065001414,-0.6339768178112012,-1.0713379756277264,-1.157806853092269,1,1,1,1.3052137427317276
0.8336560699282294,-0.9744235639660925,1.5031541496859264,1.3178761130022567,0,1,1,-0.46736436805179327
0.14556198067088824,0.50243968817819,-1.138291048491768,2.0182465756012853,0,1,1,0.20315622305540307
-1.7045571880861896,-0.9654411050440049,-2.0766663184307665,0.9512093654739083,1,0,0,-2.0429483409111344
0.1511595788083511,0.9119576068701282,-1.0835941301144347,-2.2743428493543028,1,1,0,1.3971515137632555
-1.965279542138962,1.1762953709716544,2.6133179699914404,-1.3599800015445787,1,0,0,-0.7942353296678091
-0.9005881552175021,1.571872637433638,0.9062073120410089,1.254332416208639,0,0,1,0.0548983930004982
-0.21403902454695534,1.2699176519536048,-1.3065717440928009,-0.021823940569963923,0,0,1,1.3571708446438502
-0.27986042149033935,-0.2788295999814261,1.4424853951838064,1.657271151204655,0,0,1,-1.3555567896634815
0.8787881734332363,-1.5683998357923568,-0.6520945309769042,0.02986000545004333,0,1,1,1.4331449407462542
-0.2887768563464799,-0.9431875290762989,-0.886633949035932,-0.2879167199243946,0,0,0,0.2760837885067936
-1.2697325164009352,2.3097570229948357,-2.14697034776323,0.6783591047408817,0,0,1,-0.052226115552406305
-0.49520156237894897,-0.011522080475467496,0.49099788182534004,0.8777868131147144,0,0,1,-1.7426614657197743
-0.7689396544259324,0.6507651625954349,-1.0433930835654683,-1.5458634624438585,0,0,0,-0.3070006614199604
1.0736581428242278,-1.4724937461395107,2.74130678450414,-0.39095688996254807,1,1,0,-0.7301127650855247
-1.4822637114879933,1.163039276775766,0.019655223983761107,0.6882067179116264,0,0,0,-0.7072544121896666
-0.5022467431877911,0.2447030514235599,-0.8076212733254147,-0.8426278049844894,1,0,0,0.09269850753901784
0.9032548536237781,-0.7691117557439073,0.6310102038104204,-1.1044998562966952,0,1,1,1.8135097541529466
-0.8708868299127251,0.9957880898888448,-0.3985919738358039,0.33606319541802215,0,0,1,-0.5485053255616246
0.3698194354944431,0.4373241481097991,-0.051600656833357544,-1.4477983271899522,0,1,0,1.7110240114027229
0.016504239699042866,-2.192386244530265,-0.20146813751764922,1.177789145084266,1,1,1,-1.0964572049835175
-0.3543574548890592,0.6696169729224299,0.7023682673084006,-0.6644818092341016,0,0,0,0.2166776062498014
-1.770946750919082,0.2375444297611885,0.4705971566839683,-1.3666233615998475,0,0,0,-1.0736631744334106
0.017354129987424197,-1.2216136460591123,0.13335710182926921,-0.4598637384334063,0,1,1,-0.6831505076958613
-0.5325987259614234,-0.3996541940725157,-1.865284808170623,0.3857722332927401,1,0,0,1.3526574637252915
0.2696120299309522,-0.6999645769601022,0.774895980452665,0.9847547291633473,1,1,0,-0.7904889699837334
-1.469674133708219,1.3169987703934036,0.5405914472215662,0.059527744362954126,1,0,0,-0.9809852154361667
0.5121094529997051,0.6803239782593701,-2.5480203914401334,-1.0073475403958567,0,1,0,0.4815599808588691
0.6478060495680394,-0.05821841608519211,-0.7393052286160914,-2.637621784335241,0,1,0,2.161704945860614
1.391743998985449,0.05648680526022196,-0.7321721766777943,0.37288850913938504,1,1,1,1.9475554885645272
-0.4946727645102996,0.445852079352786,-0.2522446548185634,-0.5105773981453927,1,0,0,1.1373072449995918
-0.7071963025715745,0.6831002824984955,0.6132808870061307,-0.37927033407763316,0,0,0,-0.8254311617973584
0.8939294773013229,1.241607106557725,0.5598837260837475,0.9766661325123214,0,1,1,-0.42793462807695626
-1.057163818425094,1.6931327959384919,-0.8287099110085049,-0.01632676078691425,0,0,1,1.094873515560241
-0.8683219041332237,-0.827412913283712,-0.3065667802138122,-0.6262447332193697,0,0,0,0.0025580880381839144
-0.3181332231310178,-0.5671060173796302,0.025913907501406357,0.2363047684762319,0,0,0,-0.23513625698138318
-1.1439827803103628,-0.058273290340568176,0.5295934654636546,0.7171641573718365,1,0,0,-1.995398477155519
1.4315938533442443,-0.4597870046465905,1.4931114598235136,0.6114191010305821,0,1,0,0.8841745275423762
0.9532621252622696,0.9218293013165844,2.324563227121762,-0.1467049771855567,1,1,1,0.33703188373701753
-2.180426572073181,-0.6596999471089736,0.6407987483963717,1.4518360641692292,0,0,1,-3.1273901863874025
-2.150517403293775,-0.10429615594117085,0.12162317091372497,0.037263631908456565,0,0,0,-1.4707044947769876
-0.6545595112810524,-0.2834606265737522,-1.0867689738679505,0.010903059270285374,0,0,1,0.2892526442566507
0.49568495614420216,0.8556216506943183,1.3647574107013176,0.24811249685952858,0,1,1,2.1395095127078814
0.6793451546237795,1.3485706767215755,-0.27753915520839595,0.3102627132801036,1,1,1,1.8884154802934958
1.4078591918983487,-0.6953981160799898,1.1529112758086113,-2.3659942034056494,1,1,1,2.701820024469966
0.2827812234723697,-0.6552790014063509,1.2544010254859197,1.6864429146920834,0,1,0,-1.3604200239420616
-1.07139812339892,1.1335477698059593,-1.7040450933512505,-0.7575981307823781,0,0,0,1.6848272967015707
0.41788204809747,0.9579023273341765,-0.42722147838479274,-0.10290893238639982,0,1,1,2.6154086162378594
-1.1601325350478775,0.7099692292327364,0.035093670595188864,-0.10041261912005675,0,0,0,-0.692456164582581
-0.8385175694914706,1.8684439059344644,0.22848039656661115,1.2927941913912289,0,0,0,-0.7901711362764313
-1.6091258327888418,0.6414846080943657,-0.0667699124011886,0.4625562151722551,1,0,0,-0.9390103999249935
-0.9041075762652356,0.1486791496276491,0.38596121106929043,0.22778462067805288,0,0,0,-0.27703448346182574
-0.626065887606722,-0.7425471262982641,-1.8278117304409458,0.7460431082873327,0,0,0,0.18263058492265627
-0.5763037867971439,-0.10855262874671151,0.4629572423279081,0.19876482224842318,0,0,0,-0.6250789030540879
1.7696756959290387,0.9200152968004284,0.31150931597958154,-0.005604943166133474,0,1,1,1.6138605295217947
0.09621311300783286,0.9164753243217706,-0.3295483054811392,-0.35626922527142807,0,1,0,-0.43303636286221314
0.3476930371319316,-0.776481819573807,-0.12166204268338913,-0.9610473474754976,1,1,0,0.7082160380127008
0.15608838191684782,-1.1407958095153439,-1.3363063300144877,-0.40932223418589236,0,1,1,0.6524628768378056
1.5836549735807708,-2.137137403660961,1.309451681306336,-0.40854124636229017,0,1,0,-0.10676094811856024
-0.9514961529134539,-0.24611284280439633,0.6204859922736475,-0.13778945924280273,0,0,0,0.7182127199734625
0.7501569628160125,0.8692199836060676,0.04142408657340037,0.12081812925944276,1,1,1,2.184865996527276
-0.8549808186453142,0.6792929434875632,-0.09954027305076248,-0.27099016074502535,0,0,0,-0.36684961178271147
-0.13870232941502839,-0.019209429678259605,2.0736917085120523,0.44356054955566065,1,0,1,-0.7988452477324887
0.49505604152287097,-0.8915882503230752,0.8718227389915273,-0.9326879305542939,1,1,1,1.7826942344959473
-1.3502580358512775,1.8811525261467055,0.3270595105751663,0.5624736294790477,1,0,1,-0.2497690662378042
-0.38655792065005506,0.04251104807076328,-0.20944550329471967,1.2189414103968523,0,0,1,-1.025132177500688
0.005687027381419953,-0.029989967154601657,-0.08320855944570778,-0.9013356458262921,0,1,0,0.5886754307288092
0.5045055908280232,1.3987836645908562,0.11866149745726665,0.9101656989793698,0,1,1,2.1140098198532806
-0.2240623792786931,1.3660658857175436,-1.0318380194514607,0.6942323963268763,1,0,1,-0.020030534983137782
2.820002283575489,0.2914448861304142,-0.23185713945451036,-0.5803374484334157,0,1,1,3.90529029940196
1.8819725258705189,-1.2164701995019502,0.5338528305092483,-2.0048680684356235,1,1,0,1.7577705939620003
-2.202256727412958,0.757998063851759,-0.10289457288366054,1.958926005340976,1,0,1,-3.4409895954390888
0.11790136530382048,0.9254395527239209,0.008835940694017356,0.17038704267794078,1,1,1,0.7474079873514874
0.5539395883629775,-0.19599194113308777,0.35501954950355785,0.4349284752464251,1,1,1,0.7644025412225346
0.34205399420771326,1.7208632693480035,-1.0742179853507412,-0.6206681092413522,1,1,1,2.3973628228663557
1.3905729906697664,-0.37672248257215973,1.0882973558999771,1.2988614629122601,1,1,1,0.6692042258524016
-2.8607144563826674,0.5750088024381921,-0.7520255225448458,1.5396591027827973,0,0,1,-2.284180882997307
-1.074573312591488,-0.6555788329262808,1.120266361788232,0.09333271391540061,1,0,0,-0.3715063645825971
1.5423742021849183,-0.46369338460718723,-0.049084166974596416,-0.4835683403642489,1,1,1,1.9242264480465612
1.214943196462109,0.6872853835987232,0.30727662254389393,-0.005648243946854031,0,1,1,2.3428713805159234
2.285477051242271,1.6665734599958788,-0.8251309248055645,-0.6877030800481987,1,1,1,4.2522862916802175
1.6548551161650302,-1.7145119564258742,-0.7838390722428644,-1.6770133645219312,0,1,1,1.6895137609026194
-1.2837321964418578,1.737812396845301,1.370901515465951,0.16511315829412507,0,0,0,-0.3028041758711782
1.0348940816001009,0.56138530774694,-0.05985843415614875,-0.791448084851568,0,1,1,1.76519092626307
-0.28277175506894775,-1.854452081956147,-0.8141018244731406,-1.9366482800192621,0,0,0,-0.5776721042153439
0.20875133730092743,-0.684909835410345,-0.20719872028972378,0.007717944507811054,1,1,0,-1.3532380295358795
0.05604234938456724,1.1215782331092183,-0.3060929259493965,-0.7089842326506506,1,1,1,3.165745625432275
-0.4666944420736112,-1.7430298813849519,-0.008134608881032571,-1.0772143550336097,0,0,1,0.8980315473319987
-0.5034499408963399,-0.7627090795630374,0.506712580712161,1.471340483186452,1,0,1,-1.7760130043538727
0.7749850543322138,1.1054962013731888,-0.3510256611448349,-1.9025931040866029,1,1,1,2.590940569463876
-0.5443142950432014,2.0726062843276285,1.5938237436247047,-0.9630477525040265,0,0,1,1.9350041471811794
0.2156724912943991,-1.5674476367048653,0.8867120433308503,-0.5126094027513125,1,1,1,-0.2858251715251968
0.48515578041197205,0.45232970447727855,-1.454566567990116,-0.4681884571556323,0,1,1,1.6195032298833714
-0.5332779668366291,1.2401729960499956,-0.8956110080892968,-2.1330320779591516,1,0,0,1.8462808190559628
-0.28537297063652617,-0.22863471989067227,-1.3348614523607887,-0.4193515637998953,0,0,1,0.48652005550672717
1.151042280089537,-0.2645452499879196,-0.5940475352525482,0.37167518082343126,1,1,1,1.0008811208480894
-1.6998964155753524,-0.5341445564565035,-0.7710613807076862,0.9941587062513254,0,0,1,-2.7291550802206315
-0.6726609211399133,0.3777361763004997,1.3271244628334682,-0.37021894011909184,1,0,0,-0.15784354947090506
-1.3385229332438164,0.04943016656137127,0.41451939043633873,-0.08489658215517899,0,0,1,-0.42641561799591177
0.21703580306282774,-0.45207079105456577,1.754473099627773,1.879255775607762,0,1,1,-0.43581865295466987
2.703854924780092,-0.9029544114316337,-0.5133013181621612,0.5087450478183181,0,1,1,2.005448049622827
-1.2288033406572383,1.122337718338941,-1.5620896724417208,1.2224489970289278,0,0,0,-0.8398715641488528
1.226725588818872,-1.0643427615163388,0.13882959172671863,0.7782126982752814,1,1,1,-1.1221720191952078
1.420379044263513,-0.02642448117224626,1.583654866221351,-0.1417757157707364,1,1,0,0.453643062549386
-2.13789968976954,-0.37148982381869605,-0.9689552863695025,0.18863318878481267,1,0,1,-0.05565752080672283
-1.3421459150807893,0.7497016788142952,-1.1228657855236488,-1.1046867049976072,1,0,1,0.4622488443557643
-0.02115482452595841,1.0880505874318773,0.701435553198675,-0.6248326246386692,1,0,1,-0.13157625284898622
-0.9875503618445747,0.07582869834597629,-0.23402397653242557,-2.1571851708814513,0,0,0,0.21698110867951514
0.2781459034237133,0.5205914009095992,0.4317562817335427,1.190522698036626,1,1,1,-0.048301046864716146
1.3662219167818637,-0.5413306169332254,-1.3537535020959002,0.17521587183660137,0,1,0,1.40703110237352
0.704511578187345,1.783117627636911,-0.33759558669450257,0.7705126482356583,0,1,1,2.803277292507637
-0.19677844503556566,-0.6699729143657029,0.5582741713057358,0.734740571320546,1,0,0,-0.04234114971274372
0.5673499109803498,2.3351787442940233,0.600419978028329,-0.922863848339519,1,1,1,2.4530219944445406
0.35181841117916596,-1.4492527174086087,0.5153063180830006,1.188629186301204,0,1,1,-0.758417653402444
-1.2673115690042591,-0.3938406035620247,0.8688024881014089,0.05653741667211157,0,0,0,0.09866790925056024
-0.6020591468517205,0.22305266776224097,-0.4266296379952081,0.8487485195710543,0,0,1,0.6265909644112582
0.46782901142977495,-0.20868611382608793,-0.9518765489443227,-0.2296271409555883,0,1,1,1.4828933743359236
-0.06848161245964923,-2.548284080183589,-2.4921526627828823,0.2969237984209002,0,0,1,0.22583213579436856
0.32247222190615993,1.2136352090419038,-0.7196518538734621,-0.192854116390515,0,1,1,1.129905694772858
0.8900828923820013,-0.4456860825522312,0.04819719321062453,0.6709808038361729,0,1,1,0.5637071619040901
-2.4191124265836947,1.2799375822976848,0.11367689270874969,0.5664663190260334,0,0,0,-1.8937624763757235
1.4817062507650776,-0.4910675769814066,-0.030109705701926552,1.4354481227343772,1,1,1,0.7381018330033506
-1.907695775147005,0.47851031433555935,-0.2085705487456739,-0.06517737557981129,0,0,0,-1.0050255506755528
0.011651810033554269,1.0314199731177391,-1.4416182228347996,0.853013016576416,0,1,1,0.9652787897669464
0.1530971891267018,-0.8455312863830852,1.6977949352579218,1.6272757892154897,0,1,0,-0.557051150586839
-0.1463110146870772,0.9926456900369369,0.8424713368213524,0.13889526669095792,0,0,0,-0.7671283870726249
0.18772497760603463,0.23155008301422256,0.23928994594143219,-1.796006288357916,1,1,0,-0.1830918435463862
-0.5629430140518451,-0.20067857485789875,-0.25375923790623134,0.014781994345692566,0,0,0,-0.2195436171322609
-0.7312132820593665,1.9163354054175123,-0.1310114021938699,0.3664233016100453,0,0,1,-0.015764531108411917
-0.10556112024625251,1.8613576634732418,1.1895053236058368,0.2988259116437189,1,0,1,0.31587551355586074
0.17132666827098722,2.2234292997559395,-0.8280374602147346,0.9726410332328199,1,1,1,1.0721075439308936
-0.6901950358185609,0.16006823069606052,0.20533723544483,0.14390923301277947,1,0,1,0.6913432942740477
0.31650698800994664,-1.4287048386838135,-0.23361568698385662,0.3625524593977246,1,1,1,0.8616063831299685
-0.8692461467050205,-1.6270049308773127,-1.3492655896160841,-0.47024468574128103,1,0,0,0.07003780288947492
-0.5931481913529302,0.3033364527674139,-0.8139499106949257,-0.9803743285967458,0,0,0,1.0424143417468263
-0.24763184638039992,-0.5924128140953322,-1.0803215047883508,-0.7234066307302814,0,0,0,-0.25877254158240864
0.43878931374995017,0.4129343725541951,0.25589889385881304,-1.0875053074653285,1,1,1,1.8192189775904126
-0.3196379844544097,-0.3929339750039689,0.13199456901046466,1.6175220213005326,0,0,0,-1.8657797521245656
0.382146455807754,-1.574563336132324,-1.775535189603346,-0.28997620431128884,1,1,1,0.43975844003505304
1.6019569474496334,0.0924666499861601,0.058306528749476796,-1.5503109001673507,1,1,1,2.985698188979895
-0.48728120553041376,1.3428837057876608,-0.6127226934388613,2.86991198745267,0,0,1,-1.9619882074175983
1.290539513450874,-0.3194960801992051,0.08038333612453707,1.2660197996564082,0,1,1,-0.08880378314127463
-1.334045204079307,-0.5966296870875039,-0.18262066658661427,-1.311612080269761,0,0,0,-0.9429451766308227
0.6350180983637114,-1.2924713598921977,1.3623039520553224,-1.0437577620405265,0,1,1,0.8181731832495205
-0.20540704483951389,0.19716774140966822,0.8007530873892066,0.5691063334881561,0,0,0,-0.8439592425822888
2.0963944349468826,0.4255362699997498,0.282624580733515,0.3278137940415038,0,1,1,3.0861602692761667
-0.5218153706266964,-0.07914058294653656,-0.6367330775663855,0.581092786009838,0,0,0,-0.7516734694811815
-0.8460943918492706,0.46592958220988817,2.337982210032585,0.11655290169282806,0,0,0,-1.2112619132297475
1.0395030820490796,1.2385651890286626,0.9537306235281247,1.290164762547081,0,1,0,0.5248886949406153
0.39714579579994713,0.5787113892589606,0.17219539543666607,2.1143799079299934,0,1,1,-0.6788349392577111
0.061430841596432334,-2.6997617073376996,0.25749620060354034,-0.1675109625669347,0,1,0,-1.180188388270403
-2.430418601475513,1.2441489614608885,0.3245390241978769,2.5142158342331378,0,0,1,-1.056422965007467
0.37904242297069507,0.17556632304145148,1.206853917433905,-0.6361393719226167,0,1,0,-0.052089516097491795
-0.12467921329844771,-1.3833328639994162,1.0477180031391082,-1.2250437722655025,0,0,0,-1.1536818519955134
0.06682442220046407,0.5652011980642221,0.742281735470282,-0.16586058025873363,0,1,0,-0.14600087078963553
-0.7989088653538244,-0.8247674328076751,1.8143550463645866,0.6393358251637554,0,0,1,-1.1180138918134075
1.2845199689042452,-1.1050174021463777,0.08630521529821902,1.2453832150438993,1,1,1,-1.5115433901739188
-0.03630969957981448,0.3367451385187192,-0.9968313187880627,-0.0785772497846567,0,0,0,0.47842847722295834
-0.26892763277056636,0.9477481132707055,-0.05102119896515809,0.5909443615727836,0,0,0,-0.7541843597711559
-1.5831668068534752,1.4022434400383312,-0.10973101312317941,2.719086390231156,0,0,1,-2.2024322255405417
-0.22430619652254105,-0.15256113194795784,-0.5749359239578476,0.15875285117046517,0,0,1,-0.840658105493522
-1.1213157619954537,0.3079678853592,-1.7432195659792022,0.28875001942484974,0,0,1,0.692711298580504
1.338493027393944,-0.37555020007617956,1.050164580958091,-0.4024873277508679,0,1,1,0.8834824382768197
0.21840408345673945,-1.0121512774245243,1.142109015165104,-0.18304027606395754,0,1,1,0.23637116400149355
-0.6358392761232704,-2.6171612299685423,-1.0221546324323463,1.8593663381662977,0,0,0,-0.9804652191530516
-0.21362043254995394,0.9708179691281479,0.580297313099432,0.5505358078854032,0,0,1,-1.1558574044279455
1.419020076053355,0.3143438363897398,-0.3472580148126279,-0.2129754452143429,1,1,1,1.8821308514611403
0.10794390631864904,0.5572549067707802,-0.3262970537658966,-1.5819050405071249,1,1,1,2.1853072804443574
-0.04536055427633594,-0.06575119092310992,2.201756191697032,-1.6436429171840896,0,0,0,-1.266867110688046
1.824465171920037,0.6250236322510304,2.13851325105729,-0.18645020073626858,1,1,1,1.557218113640683
0.3381663104974765,-0.6663765435472392,0.050947152293798585,-2.044216484045593,1,1,1,2.1947973294758083
0.8721752140616437,1.301601511994147,-0.28041659127830226,1.7854037133361675,1,1,1,1.5272638637300622
-0.38441565945075584,1.1980581923030953,0.23199825669898155,1.0825161479118368,0,0,0,-1.0183482541305455
-0.41369290459456637,1.5291876300338667,1.0509183049767974,1.662028130003143,0,0,1,-0.6031680437911335
0.8108706599142981,-0.9320801116364438,-1.1590119080547991,1.226661281644052,0,1,1,0.19701763648174586
-0.08062439579551284,0.6459553009416061,0.2629796097624881,1.260371084716585,1,0,1,-0.6219985031616391
0.3258392523037953,-0.43782217431627285,1.0352411174843006,-0.3361286255910906,0,1,0,0.5459399495670211
-0.09798695278309434,-0.4119611227256049,0.202725022126964,-1.5566307164654594,0,0,1,0.7811780658265632
-0.033074633368885775,0.1613961200238739,0.37950594584563657,0.34087618417474597,0,0,1,0.18079738736796122
-0.16655559495434868,-0.20484279172632036,-1.6188627447521746,-1.6302422850427007,0,0,0,0.8984323791943736
-1.3482635271597336,-1.616983655868678,1.0140447530824748,0.9803082017894996,1,0,0,-2.183290417606572
1.2708173242631555,0.6136293751693133,-0.7582201805898573,0.4258172111561473,0,1,1,2.715898643278725
-0.6325932705731211,0.6447416474365916,-1.8312675877511182,-0.05626017601835196,0,0,1,0.9820753187302633
-1.2298743464538104,0.11397185223335346,-2.1185874549737167,0.9171124339356176,0,0,1,0.19790359439728622
0.04716907430675861,0.08709648674358342,-0.3332240114966047,-0.7671213167976452,0,1,1,2.316124597869309
-0.6896908428380552,-1.0107739554259516,0.3178359684720512,-0.4716941260601747,0,0,0,-0.6287080579501712
1.2276955822400384,0.4351841860495685,-0.2600886991477175,-0.31517688895302887,0,1,0,0.5027653711358478
0.6071325736472193,1.7923143586843613,1.7270204803428406,-1.827530195156574,0,1,0,1.3092480689368509
-0.6202926147256854,-1.1335584457389754,-0.5426339187412115,1.7426508170478163,1,0,1,-1.6725102726846615
-0.9182757246312648,-0.4651641837437302,-1.6766266310076434,0.9264516777164993,1,0,0,-0.22737256826673058
0.6100202069702158,-0.6740688692014738,-1.2968122456686308,-1.9230541105377175,0,1,0,1.6377011245623094
-0.7293506773296742,-0.6594301408493,1.5800329118022085,-1.1936582271835778,1,0,0,-0.7086868314089201
-1.4033717341125596,0.7003170454036894,0.00225756775294568,0.5111413357625731,0,0,0,-1.2034166293888884
-1.694622434750261,1.583437421178532,-0.0320367198350608,0.2485991786942687,0,0,1,-0.5252216183160504
0.6731040845200342,1.557993572028393,0.6056863972764188,0.30262806310474316,0,1,1,1.5106723325466522
-1.5945741540800162,-1.3359079186436693,-0.5813316459266848,1.49409523589536,0,0,0,-4.209572101748706
-1.213729510312866,-0.026281901227934692,0.30416079249819106,-0.0197782713821136,0,0,1,-0.16851251186116634
0.6550528195964608,-0.3933128967814295,-1.16732351704552,-0.023605112170856087,0,1,0,0.7341708039479939
0.7693355407066151,1.1672691944015607,-2.2537648168164757,-0.22014024251132708,1,1,0,2.5284221940043574
-1.2052433323666096,1.507507719601383,-0.3843354112141885,-0.15086259018314097,0,0,0,-0.8083703064065806
-0.6467127212487034,-0.4511539238992997,2.000664079390246,-0.22735355057488793,0,0,1,-0.9246734948982481
0.9384269561395667,-1.791948456069325,-0.1806762328548224,1.4768357845961761,0,1,0,0.3386238903150492
0.17408511853683248,0.5914423731677846,1.0536479814957707,-0.8891931796301404,0,1,0,1.1340989390360379
-0.49933898862753695,-0.03715625595461481,-2.9199049125699585,-0.2518228382082098,0,0,1,0.9225847620896515
0.08080800911748172,0.8872422597625068,-0.17345342008857026,1.2320898413956138,0,1,1,0.5594233023873915
0.3808175689544122,0.519294452979926,1.4870387986930382,0.8771913014243494,1,1,0,0.1611407992142343
-1.1375798900908518,0.16993188767222328,0.6809141766791139,2.168202575779239,0,0,0,-1.792593030133046
-1.053150109792603,-0.685774164823304,-1.7695806394725817,-0.04904754181153379,0,0,0,-0.8176766328809757
1.0769491098028954,-1.0933629363010877,-1.3542767809222964,-0.932297737199316,1,1,1,1.6539093072398199
1.7180608946700189,0.7609009909711689,-0.7499560595254562,-0.21957512564544385,1,1,1,2.964573808334227
0.8698304792562911,-0.9082079087381731,-1.327104322177151,0.7103746684941936,0,1,0,0.6593818070549218
-0.22338476751307107,0.040511642799628746,0.5627346985659691,0.3614308700405491,0,0,1,1.3333373596502405
-0.7144174731464604,-0.4501936731206812,-0.15183445677467233,-0.5898043923348973,1,0,0,-1.3409640121881004
0.024341127981391646,-0.863405550482854,1.0261411533819154,-1.3551585046111103,0,1,0,-0.11221195087764553
1.017602268209512,-1.8965214575259124,0.17693278682489214,1.50745727341627,0,1,1,-0.4291658261677374
1.2262459657048523,0.7350502292702255,-0.9134779788099999,2.2389751806846103,0,1,1,1.2870694010211052
-0.0421651165863194,1.67400587230096,-0.2413711587168142,-1.3596083261041652,1,0,0,1.5936364732756467
0.36883798340674434,-1.691941705671178,-1.0032525057255117,0.60064264776243,1,1,1,0.592577458403815
-1.4750008242006671,1.302725296862844,0.796468968049716,-0.0741589275857382,1,0,1,1.0002293878754638
-0.16737469069975386,-2.4260022960978254,-0.19813304027867404,-0.16776291317521821,1,0,0,-2.0311469635405848
1.4292987998862863,0.9714530682105998,-1.3606179013327413,-0.3984740127941585,1,1,1,1.4825458899600623
-0.17164017173349594,-0.4329195766699098,-1.1169099406166587,-1.168968912099993,0,0,1,1.9171508738075176
0.42560034175188427,0.15828140980578745,-0.5378577880517922,0.1411493665905456,0,1,1,2.020164759046686
0.8659552496218614,-0.44677036373475454,-0.8139808289780738,0.4404319308103577,0,1,1,1.0179012377586367
0.7868541259859919,2.598970503098857,1.3776371947870838,-0.07584393425225303,0,1,0,1.2395920109744587
0.06693648280627325,-0.18496043673472343,-0.715469109733668,0.8328216825759975,0,1,1,1.0934730022860077
-0.5919931003393268,-1.9775855891469125,-0.5023805283518361,1.3949261282221583,1,0,1,-2.1332051042612865
-2.192980873734309,0.36970307402497316,1.7016258313183648,0.36159259589603426,0,0,0,-2.2099681660887063
-1.1900866989084307,1.5649793452456318,0.8509055879113182,0.7787385730742865,1,0,0,-0.1018452998835423
-0.34001969472197463,-1.0350847185851906,0.7714307517056013,1.118789917593957,0,0,0,-0.7978743868665964
0.6841610944245292,1.1482467641874432,0.9028179175217962,-0.6136850942979027,1,1,1,2.6819427943676732
0.1731407813517773,-2.1687916749495826,-0.9167194600514266,-0.4364964832441692,0,1,0,-0.4134593258805216
1.1116193862515924,1.5425323089842133,-0.2827601392584821,0.11030675697381503,0,1,1,1.784442678412184
-1.248550232431555,-1.125835669239801,-2.0818678935490467,0.02899496607567314,0,0,1,-1.251092852870106
-1.8071367309963196,0.8729245573785058,0.49395069178736617,-0.3006461846153961,0,0,0,0.06905361217704797
0.5688345037921255,0.7708047193148481,0.4916802069208689,-0.62634371548119,0,1,1,1.4573911254542242
1.7468248856138893,1.1762654235884034,-0.6457033277248636,-0.8256518183528898,0,1,1,3.6633228152614334
0.16590053308391545,1.4241644630179113,0.17920497667559293,-1.5074853441539566,1,1,0,2.63630554647828
-0.5777606330409905,0.819189934785161,0.7742318695323646,0.3505558177815963,1,0,1,0.6298187252147118
0.853612442117849,-0.9645371999523494,-0.27545917986241164,0.49952827478660883,0,1,1,1.1612056947944644
1.3748501599674956,-0.5369601843809253,0.4840171693467188,1.574525359402443,0,1,1,0.37651689700214236
-1.242581517617515,-0.6334439305700157,-1.1315920973315325,1.3753350414151824,0,0,0,-0.8558579807702273
-0.37251624477881423,0.2721836878817081,-1.1414219322774937,0.04977759000428179,0,0,1,-0.13525905787606635
0.9764179492032167,-0.6976776018632728,0.7688195441369052,1.0898697950534177,0,1,1,0.583260053599729
0.2163634087805058,-0.41725762142159334,-1.461718966786146,1.147391482034594,0,1,1,0.5448235171411442
-0.8244958877408927,0.6918633004121488,0.8170962301800005,0.5702713473844753,0,0,1,0.03994125078355404
-0.32628159470475293,1.62885137450139,0.4760161661105218,0.37593879726535334,1,0,1,-0.34584739881003396
-0.9106280677796206,-0.22742180347317276,0.9698140820111371,0.916539969491049,0,0,1,-0.9023637460638068
-1.4857605372859597,0.1563749443782781,-0.20202655319705187,0.24660247323022522,0,0,0,-0.7873693255797686
0.2837470828572827,0.02998006403535698,0.9756366604810642,-1.9869133757218564,1,1,0,-0.6796941203855164
-1.320775530918695,0.13355716035688597,1.5020498356504859,1.0396773852367909,0,0,0,-1.4404886974901854
-0.1497292397518104,0.7718111928922373,1.3208522775756049,-1.87021004978097,1,0,0,-0.8600744938631336
-0.9640930071281326,0.20166174292121744,0.9871534870254445,0.11302907671515756,1,0,1,-0.8552100838211081
0.39798813274394845,0.6438001443635092,-0.854872773624807,-0.899873299349385,1,1,1,2.2929216924424516
-0.3917337303309704,0.04200973395323645,-0.9131118326909735,-0.8267205756684102,1,0,1,-0.40314421944543144
-0.29572828560233216,-1.923442379876862,0.7479013302735907,0.1743876870691701,0,0,0,-1.5484533076809945
-1.5768375788559932,-0.019722003824729648,-1.335520911305211,-1.1251149453807783,0,0,0,0.6468505254895002
0.18992272520112172,0.7305941587636735,-0.5942800861322826,0.8439657056166084,0,1,1,1.1799694141293218
-0.4818004328634125,-0.7084444731102967,-0.9831532286850772,-0.6411639461476513,1,0,0,0.2533717313719119
-0.8427282400322443,0.9555471254996073,-1.1442318669761977,-0.3879522636174828,0,0,0,0.9724038468337743
0.3672309909809748,-1.0349016398585167,0.8802813497274263,-1.0567565372671035,0,1,0,0.30457723314905466
0.8512570302138261,-0.26621107537280897,1.2643709130721974,1.001004753796192,0,1,1,0.0973749387888222
1.6239116913073766,-0.1464873384317935,-0.5957642540991334,1.5352135143445262,0,1,1,0.7544034582003085
0.13854445165839038,-2.060740339725743,0.2837259302772361,0.8609503606308583,0,1,1,-0.9995842738498962
0.17800685200623562,-0.8690954191672366,0.6397312972662603,1.0644227672638524,0,1,0,-1.4307892178088544
-0.9865128283588346,-1.306732715504469,-0.6090847916548983,-0.21611276016433628,0,0,0,-0.6428835514738499
-0.7225850287708356,-0.32137927523905835,-0.1967398266807003,-0.09660197720423364,1,0,0,-0.5296545452959355
1.1082204720179383,0.3773460948551245,-1.635355273991559,-2.37702022205264,0,1,1,2.989294043485838
-0.4934924662240678,-2.01493435191047,-1.492030021106707,0.13509551725434119,1,0,1,-0.6962429732425033
1.758345790844615,-0.8047595634002683,-0.7087212285133335,0.08994850085554383,1,1,1,0.9618346535207188
-1.2712527739196753,0.29615716598203307,-0.7317734462003438,-0.73860612347475,0,0,0,-1.015346550031099
-0.18921689829710917,1.0560933525002536,-0.02879274152794711,1.8890727099032745,1,0,1,-1.5415435318756536
-0.2196947159166804,1.0960034166124715,0.579190672805754,-0.3359526681417187,0,0,0,0.45587216028748423
-0.6952600931905433,-0.19711353648450247,2.275380992739566,-0.8653460500289157,0,0,0,-0.3199212183486779
-0.3288022197050865,-0.15580873267129544,-2.1063138876764067,0.36947102476409077,1,0,1,0.22330335717982608
-0.21369035741598874,0.7895620540924964,-2.089083389688149,0.20963965328736464,0,0,1,0.342455069452283
0.14787158887137677,0.4964922130203159,0.8936283056506799,-0.04182780564690909,0,1,0,-1.517654446510749
-0.10673594104044302,1.2483721855001944,-1.4607347582284418,-0.245216463082311,0,0,1,1.4827162389098212
1.0142589884362925,-1.2780065171017243,1.0893723041823578,-1.553825293266645,0,1,0,0.1417630419055685
2.4653877007096554,0.4530501500667368,-0.1893984626182118,1.974748658395469,0,1,1,2.474183483397824
0.7261714063491134,0.5417656625670466,0.7565597971897144,-2.5341143462416373,0,1,0,3.085899685660308
0.3827890439992001,0.8857141289032036,0.9065730939831798,-0.12963032234788296,1,1,0,0.10599436886604231
-0.999354736248618,-2.31244801580334,0.04230418884447868,-1.6879950042128908,1,0,0,-0.6032282512003884
-0.5547302308094246,0.018739577595254575,-1.343842697116174,0.42597892602189485,0,0,1,-0.19813077589391825
-1.703094337562078,0.8387261659478794,-0.045853457684931744,1.0839574075882474,0,0,1,-0.46512292904699115
0.4744963953348437,0.934496878985893,-1.787186826442842,-0.6331798664378886,1,1,1,2.4878116179044927
-1.4841926703550903,0.8897614961784122,-0.18912055298483732,-0.2754037266907183,0,0,0,0.23854070012580209
0.6742659140373815,-2.1797373658903285,2.1040831447760655,0.1270741842178305,0,1,1,-0.8633811336110562
-0.7595970355404567,-0.7278571652667445,-0.9578020965993362,-0.2624150869272855,1,0,0,0.042837505506076345
0.35442994429698144,0.5609307835510471,-0.869850172528491,0.7096262958142998,0,1,0,1.3993270732810132
0.5168964672597053,-0.6214446008579663,-2.2684875973745453,0.25892233366581946,0,1,0,1.1657031801225493
-1.8855685053158404,-1.4119175709481635,0.3774324505399165,-0.20896796214544847,0,0,0,-1.349197089668586
-0.7952229665383554,-0.8979429775668178,-0.18569577251234987,-1.0230379112325036,1,0,0,-0.4172163897953646
0.3572221776773432,-0.2531252126690848,0.8601208209609694,1.2062724863239385,0,1,0,-0.36310566632740987
0.47792267585364506,0.4221822473497267,-0.8163328569315772,0.36205478674733854,0,1,1,1.5440554785350575
0.7986142621619913,-0.19941284296492257,-1.3604525148301572,0.6398636160930407,0,1,1,1.1007810915829692
-0.3422273519123862,-0.776493591659294,0.5485823362959771,0.04602535199464717,0,0,0,-0.921214671762662
-0.09275087218997408,0.8015478113453919,-0.4051864479715344,-0.19349049181039393,0,0,1,1.1988233607498713
1.7846312680703045,-1.116010440467484,-0.21910052406852318,-0.1387722552458412,0,1,1,1.700442551013709
0.19926805064835781,1.4088092706986075,1.5073020959310877,1.6434210771840383,1,1,1,-0.311757315246657
0.8223082156013745,-0.5633001044395782,0.7758521070602099,-0.1645426730110802,0,1,0,1.4905627471639262
-0.26321036304157513,0.7894395562804905,0.8492564348043876,0.1256620239211435,0,0,0,-0.6619796088761143
-1.5046245468266124,-0.3695312274004502,-1.3083457900310278,0.3668083070954855,1,0,0,-2.010183010274962
0.4664397003155401,2.600440866538647,1.5231046490820574,-0.5459864083938336,0,1,1,3.1281299225644386
0.5454979087870307,1.1976781287838334,-1.5258047740300442,1.924624498503448,0,1,1,0.2991716165843317
0.9430353424597961,1.122342594974658,1.7008952956365178,-2.0210742987709645,0,1,1,2.4892332740016814
-0.8992736499912743,-1.1469563363865434,-1.135457986035128,0.5678516574923111,0,0,0,-0.2456731146208071
-0.7066400251946087,-0.09629897269814772,-0.323424049362726,0.26204642581340704,1,0,1,-0.25808886151350796
-2.160734100578594,-0.18061257501121492,-2.1672910121713516,-0.39320032021467954,0,0,0,-0.9987598526183626
0.5607829650950096,-1.138655084088352,-0.11900519615308493,-1.0387027514167304,0,1,0,-0.8676579038011994
0.813319528649364,0.9717074608598576,-1.7528449111755722,1.0068965058878927,0,1,1,1.1334111269165443
-0.6719276358349912,1.6419037659118765,-0.10116943044520578,0.3154867394048471,0,0,0,-0.6568867662279649
-0.4407885576135443,-0.7226675301348406,0.02707065110443838,-0.20298683852185995,1,0,1,-1.7510415441417182
-0.21506206744274756,-0.7578614588072323,1.6148281457960487,0.10145801633890693,0,0,0,0.1723694247270956
1.5903179676955854,1.0787688252892305,1.6730087741130597,1.4347014855250222,0,1,1,1.2483095618408413
0.9069865394906004,0.5423125249307298,0.09153212193270716,-0.3809889018911093,0,1,1,1.6529710852970183
1.1400410903118883,0.4355338127765241,0.20832108036507535,-0.4094639760882604,0,1,0,1.175009509678235
-0.1471872457842785,0.08865298649047322,-0.057237889600495175,0.7321973226350851,0,0,1,-0.2868856648669651
-0.44466523308183203,-0.8384572801024277,1.163676485867819,-0.5419817946047012,0,0,0,-0.6689774876976069
1.101022821298611,-0.7356624895847813,0.40800185078594564,-0.9545672298476834,0,1,0,0.5435923243667566
-1.6579753131516999,0.44432795911799483,-0.6769378570089817,0.40253979933589157,0,0,1,-1.5761567799623784
0.5125831823595871,0.21586493063331078,0.9502589655212276,-0.8722166992352343,0,1,1,1.7750827785291143
-1.2995672520511936,-0.9401211594947655,0.30292446192380845,-0.15879126113528044,1,0,1,-0.9851160710372423
0.7850140777427336,0.970859306426373,-0.5963233558276412,0.3432298870294656,1,1,1,2.278113341424022
0.5076895100614055,-0.31393245175910184,-0.7521944523416173,-0.08539385550560143,0,1,0,0.28871886795949786
-0.8890300525898472,1.226147894098855,-0.016812053535249078,0.06332323295626703,1,0,0,-1.4746070828207258
0.21819619705142326,0.586616965902559,-0.4970001345902372,-0.27742182337903404,0,1,0,0.7266159104808854
-1.1343714982735311,0.7254411130631915,-0.6038298497558727,-0.27478330204965323,1,0,0,-0.09623867484468995
-1.0498002580466352,0.4257150936398753,0.4668477132618603,1.5134505799047333,1,0,0,-1.634071852525547
-0.3957863177326531,0.5376597506105402,0.6022426535850687,3.0299064816286734,0,0,0,-1.2812635082949533
-0.763701056376999,0.023044583582007953,0.06580560674713402,-1.2803417359701657,0,0,1,1.5390698870805597
0.9855587422536612,-1.2546813898149087,2.4570706838072933,0.7981547483494125,0,1,1,0.2065585811309063
2.0837625429014595,-0.5351292624298469,1.0372426052817958,0.005200105639098402,0,1,1,1.8804343312473897
0.0006768400769590278,0.5541776425042831,0.2898220772428349,0.37593671015230157,0,1,0,-0.7475947681901608
-0.008102394173105784,0.5513253806022954,-0.8602435295496793,-1.2740919547176068,1,0,0,1.1677826838822911
0.7412928585934967,1.1885301456011246,-0.75353971242837,0.6494992569457964,0,1,0,0.1362662651986949
-0.324634900203056,-1.3967054746479135,1.469464989217105,-0.30352025570047264,0,0,1,-1.5717253261417263
0.44445008570180594,0.14974542714648034,0.04366538599168213,0.8557855138421914,0,1,0,0.049833273960871546
-1.8883105961626319,0.40402082518508403,0.55309234495301,0.6825451628753548,0,0,0,-2.8835674385897967
-0.7028015754777114,1.291976593787616,1.4698200504266645,1.4772025876466244,1,0,1,-0.4641691109504285
-1.551971014120664,1.8122628970313284,-0.8644047718076067,0.8494406029203397,0,0,1,0.593008754127339
-1.9221995255308106,-1.4950335298180322,-0.33611114441460127,1.0473309085076963,0,0,1,-2.453863957503153
0.9389223735336351,0.34769928980742676,-0.5216566707583976,-0.8073663721494979,0,1,0,1.4604281763537368
-0.3142754287928547,-0.4276724902913069,-0.5890583591493613,0.03683693466774925,1,0,1,-1.705079396892822
1.5558645847684474,-0.8870969128896085,-1.3855258740372478,-1.1333211854381,0,1,0,2.4181664701311636
1.492084038815919,0.1890299404048825,-0.5086795672688161,1.105255119438214,0,1,0,0.1259994828922648
-0.07678226999096407,1.4402514853790123,-0.5572413702856979,0.2215570087667124,0,0,1,1.6458155191799793
-0.4303043916969144,-1.3494525687846974,-0.5626946083723499,-0.17492775767733726,0,0,0,-1.1652901977854948
-0.7691117895990561,-0.07883934331222146,-0.762468652638496,-1.3109315559942358,0,0,0,-0.5691787732428738
-2.454845923848898,0.6304795745134691,1.5814543644113004,-1.1194977307967136,0,0,0,-1.024332633849628
-0.5487030108644863,-1.1277321278473247,0.3826263824683817,-1.3985749313306104,1,0,1,0.5342625247219508
-0.2890032041731635,0.33484409213882693,-1.0607484677503367,0.20169898105867648,1,0,1,-0.11070396701835095
-0.6884720448183469,-1.1230581976507492,0.5368537266477389,-0.19809741420545895,0,0,0,-0.031763998506543656
-0.9869911850975025,-0.005990413573683015,-0.059252761084346184,-0.3036369762560325,0,0,0,-0.6258330278654767
-0.10305673879623091,-0.26617219288769767,-1.3793433477747907,-1.5143206412237205,0,0,0,0.9118156627509569
-0.38664960787683994,1.200704946144473,1.0787853284753162,0.14998596212579018,1,0,0,0.13103508345157006
0.1187861538779625,0.6018904999256351,0.5414589895448566,0.41286156160514326,0,1,0,0.9160739188171609
-1.004615909749621,-0.5978766893749884,-0.021770088897683542,1.59674018186392,0,0,0,-3.2648924916555204
1.8617365600376512,-0.32548653812249695,0.6303109232699375,-1.1199066018711474,0,1,0,0.4619775784204785
0.5222691089411579,-1.2698769926711824,1.504925412894575,0.1825117489627688,0,1,0,-0.8200041697240257
-0.18040349486599774,0.5258044293205623,2.595625928443947,0.818358522417123,0,0,1,-0.4750525738154512
-0.8021710073780417,-2.4380068687552146,-0.49084381784339326,-0.825354956368877,1,0,0,-1.2179502609130501
-0.987626820055007,0.8430360983105082,1.7617631594623113,0.5348682310996652,1,0,0,-1.624698802413381
0.7678271783246022,-1.1887123539836122,0.4282139017069913,-0.9512723485706333,1,1,0,-1.5033391782377303
-0.43002093039119993,-0.9741543431495892,0.2733004015122277,1.9971216841668673,0,0,0,-1.4280525131175976
0.028704132634047634,0.08124081217736606,-0.13607211403667627,0.4164026803887378,0,1,0,0.6518172155388
0.3919364519623768,-0.442294189013218,1.5474319666850835,0.09952744786690425,0,1,1,-0.571705663638486
-0.5637575019395556,-1.1504811299078466,-0.7083872786816149,0.8227864402929694,0,0,1,-1.5172187876769077
0.23435744848469436,-0.36424033429372205,0.8800821913604779,-0.3213579213041652,0,1,0,-0.7579928967077065
-1.8791395488288667,1.3307524552660985,1.076066513331611,-2.256482310875767,1,0,1,0.846861245472313
-0.984088105656567,-0.620313039200123,0.3287213552343758,-0.04053746864215069,0,0,0,-0.2370630353478842
-1.9519285710788044,-1.8369922637417935,-0.48407004364773226,0.11402075430601802,0,0,0,-1.4723981117553178
-0.43167093073078694,1.2964420563901249,1.9436095152427866,0.9655292807628925,0,0,1,-1.3483804805985393
-0.4479876069776393,-1.3003914149794549,-0.460202034824522,0.24956748152319563,1,0,1,0.14325448475019242
1.7289640163821058,-0.7043241579727281,0.8651961939711817,-0.8572223657056859,1,1,1,1.9905653732107915
-0.8093364505240855,0.7919183017658973,0.12005551709157916,-1.339582561281398,1,0,0,-1.7066605262268744
0.11634772337293058,0.03349623433897308,-0.6806839809430739,-0.36247131980656216,1,1,1,1.0159383754843834
0.3860795800790641,0.2597536879971954,1.3757181373724932,-0.789349651414068,0,1,0,0.1063378577648453
1.3618534405576854,0.018323160214699423,-0.2745024404866451,-0.9105924878491706,1,1,1,1.2789541023814053
0.42163320974096075,-0.716607045988402,-1.2923268880409224,-0.2654195826791771,0,1,0,0.5009933398161943
0.7097626615556364,0.5241767326762209,0.455521319316073,1.1083041928190234,0,1,0,0.10249738322726498
1.7541889030169775,-0.14126148750095524,-1.273757588183175,1.3127526438338408,1,1,1,1.3196365474321456
-1.705484567044371,-1.7334531586731434,-0.5491597381774438,0.2603790567318623,0,0,0,-1.865320969225832
-0.6134322966644562,0.28811011432710737,0.5084557204338047,0.3424535326867932,0,0,0,-0.9429731502422539
-0.4137425858321552,-0.4516563174714036,0.18073544158528748,1.999811587851713,0,0,0,-2.5444900885770987
-0.10427958875081637,0.5244556104769511,-0.8903549613965329,-0.39890084780935753,0,0,1,1.1320809590589238
-0.6706580910783771,-0.03360064031874458,1.1140928751201258,1.084569269677042,1,0,0,-2.613951506950607
1.0269523569790469,-1.2928333766427338,0.5903640251030716,0.022016209063137167,0,1,1,-0.1413244543805552
-0.6578181355737224,-1.4499674673592717,-1.5603809174811323,0.48190200947778816,0,0,0,0.14953169198594463
-0.6904797037671453,0.5192014427523763,-1.1084770289028225,-0.5009059747177907,1,0,1,1.1795089938730523
0.4194985065641229,-0.8453813782733639,2.1207706723372457,-0.8404976647300008,0,1,0,-0.4473774345495809
-0.7804474992128333,-1.133271889857379,-0.8197788911562703,0.007112022761154143,0,0,1,-0.8426371297764768
-1.089386720590383,-0.30925702541729105,0.85042136698176,-1.484500417522633,1,0,0,0.9356648915636998
-1.3454698726063292,0.4041212500368393,0.14337532531607047,0.5926108704114913,0,0,0,-1.5693150398261202
-0.17953884912796197,0.45886127283746503,1.1477092965196913,0.29903208214397803,0,0,0,-0.1401532257827031
0.967298482860453,-0.6244254763761186,-0.9953515961601955,0.2414414927158434,0,1,0,0.6244932938401946
0.7445713562289344,-0.311990169593089,0.33643622250936656,-1.578883134446156,0,1,0,-0.21664905979990257
0.39841569168400015,1.8205422820371573,-0.3531436717633241,1.436705981175766,0,1,1,0.543074179461416
0.06699471076396361,-1.4700407802874944,0.08316380134116193,0.4460718832184144,0,1,0,-0.37984197183043733
-0.6062055076284169,-1.0747819517114157,0.5243820433542623,-0.342679073102625,0,0,1,-1.093293935854459
-0.1459526758509198,-0.06656232565818072,0.5198772873808721,-0.057463414585874596,0,0,0,-0.7458083611308226
-1.2728012881558093,0.6417489574531513,-0.6765457001697912,1.0676229914558357,1,0,0,-0.7225140830605499
0.10522964438378418,-0.5697924983109245,-0.3552858065319756,-0.10619599800466883,0,1,0,0.12070017054023406
0.9462093090973919,-0.23536290359108128,-1.386948112044848,2.4762096633815998,0,1,1,-0.5987976883432192
-1.6713784685065065,1.2337955369686016,0.29289828766527487,-0.15551219230097707,1,0,0,-1.1148114653715124
1.2649346621384305,0.2780170746887313,0.5170156719812293,-1.24570986051186,0,1,0,0.9930592361910238
-2.207242378071881,0.8471112666530196,-0.4194132463832545,-0.20765605635934994,0,0,0,-1.4017743633884359
-0.8264760090226423,-1.8964894649888582,0.2799175545616359,-0.10332419013279251,0,0,0,-1.386137189486299
-1.128256734468163,-1.1445202316028986,1.9302547602810365,-0.9086297702345983,0,0,0,-2.399130037637226
-0.7704957084516986,0.5777841280715095,-1.4239719426715371,-2.3258319289991136,1,0,0,-0.5767413292463693
-0.4096188424878971,1.9458108285723832,1.3628842750928445,-0.15093052028601822,0,0,1,0.11708272001885156
1.1957752289864754,0.96528183009135,-1.118117508589317,-0.24905494752316706,1,1,0,0.6746782375376442
-1.0601632294759022,1.882588149186539,1.7656636288010517,1.3347372484982105,1,0,0,-1.0218427050774148
-0.9790008683039776,-0.2345663738336363,-0.2965357749394626,-0.05943108501397797,0,0,1,-0.3312421943863402
-0.7984826459045321,1.0159329924258607,0.4733519551336279,0.7219745416697502,1,0,1,-0.1420769378750305
-0.6094530260763269,-0.9196602029473622,2.0320626726916795,-0.19623607010588004,0,0,0,0.18166209943817924
-0.6994938590816551,-0.6901346324756489,-0.692228520047055,1.5625552811085037,1,0,0,-1.1443319648471562
-1.3907358326146604,0.08314012907831267,1.2428569372903402,-0.701618144619982,0,0,0,-1.1653155114074434
0.19145303467603225,1.2392025834383635,-0.06290712005040848,0.3927193124126241,0,1,0,0.6761991685258553
-0.19539421930623008,-0.4590791950107462,1.1745371886342082,0.19782692741031793,0,0,0,-0.8443478017016872
0.9281179817525422,0.031881661249957734,0.6272029056083768,-0.09361324783993943,1,1,1,1.1791803420359708
1.1699452178542622,1.0743722618269307,-0.12251059922988206,0.20934492870721585,1,1,1,1.1479225396194281
-1.6198568478861661,-1.3503714643348887,-1.9060988986582168,0.6608958057085769,1,0,0,-1.7009156497179527
1.5086603369439584,1.2588193797612595,0.5148722625242234,-0.9185081607698817,1,1,1,3.9176570148005068
0.4485475277994038,1.0479004451825582,0.35396926933148515,-0.21676541877854577,1,1,0,1.9458524411440208
1.203557077466732,0.11830856842233889,0.621593395093841,1.0642592138265228,1,1,1,0.4901056853373047
-0.15373055722633003,2.011743580771127,0.15704484815094635,1.3804032858308741,0,0,1,0.3862810447247381
0.5849880895843813,-0.9879985626526432,-0.4807166893930083,-1.327454940989332,0,1,1,2.555443347297621
0.5011703068960063,0.09160750117413288,-0.639991603362216,0.9772597487525561,0,1,1,-0.348602525589896
1.2817785597263975,0.9420155957752041,-1.255889341205592,-0.3666419292300647,1,1,1,2.8560115161092314
-0.6692434286124926,0.338425190558274,-1.233181503833358,0.18460778707870917,0,0,0,0.5394063978614095
-0.6603164300201289,-1.1825134297270414,0.6137879055072644,-0.8320682185179189,1,0,0,-1.4238836428762733
-0.30974816313050774,-0.5689497574812717,-0.027611200361766217,2.099160702004856,0,0,1,-2.02107176100237
1.2957336845942053,-1.4354412095265159,-1.7535812624144544,-1.1626643407836854,0,1,1,2.463302785035721
1.4706661357392092,1.0212164708686216,0.53910801758958,-0.005951951647517159,0,1,1,3.1603223460200542
-1.1663092319905561,1.158633471014592,-0.7830990801741571,-0.5877951972639459,0,0,1,1.616678116271057
0.48604110453201577,-1.0619789141710365,0.5248047422961941,0.6265999098893216,1,1,1,-0.08160927918600408
-0.07680810661160531,0.60255470726402,0.3832194237630533,0.3458887886482266,1,0,0,-0.8026402772054007
-0.27816606962623647,-2.004761825080981,1.1358340009898638,0.16798809654366836,0,0,0,-1.249167564465184
0.4954136764358628,-1.4091202048138722,0.8843259348069442,0.5012322524856232,0,1,0,0.08220553773312389
1.8184484117082111,-0.1326487869578945,-0.379257359987596,-1.0877185565098308,0,1,0,3.043572552416698
0.5530502662534549,-0.46216489228607704,-0.5571742991627235,1.533374550355392,1,1,1,0.5778525910920598
-0.4902538241584218,-0.6824420810318585,-0.5670925591478992,1.3942188046556445,1,0,0,-1.8174535528079736
-0.6592606201862596,0.006214101374713073,1.5639446687013543,0.36394732332384255,1,0,1,-0.24553016112417658
0.4760997542711721,-1.381522600412971,-1.2790707419975242,0.22308351941291252,1,1,1,-0.5004620989526704
0.23563996241994356,-1.155601997764053,-0.39374371544838715,-0.09214373160613576,0,1,1,0.4360924027842393
1.1100073125689192,0.7185097891158161,0.6001584374482775,-1.0003621848557647,0,1,1,1.3750306688595424
1.3781046758234359,-1.5370797856438987,-1.2219330590332103,0.611371306163355,0,1,1,0.1671920890208221
0.2350682246972672,2.3141317996202617,-0.9518345651760419,0.3653229186450416,0,1,1,2.083181559130256
0.5942972661004631,-0.8244672272260857,-1.4971578713548996,0.42535768683312875,0,1,1,1.870282746829858
1.6602975941974998,-0.4407839045883542,0.40256365576462105,-0.5040671120768915,0,1,0,0.4989045139240562
1.2879606104414951,-0.12296091062994982,-1.432300817888533,-0.023537490274871172,0,1,1,2.0005779971991937
-0.9102514771933456,0.6106203567591867,-1.4603783924167695,-0.9160412692472665,1,0,1,0.5001003624745717
-1.4374247002165923,-0.918503110335462,0.9708579244994038,-0.48966039252564014,0,0,0,-2.418212013019497
-1.372095292577103,-1.796284403833715,-2.0210830334018257,-0.17262695243773554,0,0,0,-1.4914380625093182
-1.762999134177283,-0.6331971960980722,-0.6358155764975227,0.9242250923689057,0,0,1,-1.6643699228899025
0.3803736481736477,0.9175527685697188,0.008387987825108906,-1.0174881941663303,1,1,0,0.16224199900340797
-1.2609096363549965,-0.32153257483605807,-0.6205617514951952,-0.41281373301844254,1,0,0,-1.5582405607385157
0.6731646814689044,0.002181146909625808,-0.4538997652536835,1.0545875457706195,0,1,1,0.4490747336999736
-0.8299861364249609,0.26184746547647947,0.5274769171456373,-2.069871774470842,0,0,0,-1.4040827559273472
0.9447069684685011,0.1063152032475264,-1.0377254729616163,0.7501758768263415,0,1,1,1.2676951916421546
0.6207984056126188,-0.43553351194571427,0.5636629126629477,0.7335935336362892,1,1,0,0.4623498632867337
0.14564265123661754,1.1948293816490283,0.39007295374224443,-0.3280336023123904,0,1,0,0.21721574093594737
0.43843423292147155,-0.8718753372294618,-0.7425594137370009,0.943952412508111,1,1,1,-1.4246768324096122
-1.305175441808784,0.3688041852759499,0.771630474497055,0.6703060764047379,0,0,0,-0.8310064017107517
-2.4868800502854884,-0.7709004277633676,-0.7263289410031148,-0.9750677275877322,0,0,0,-0.7117144015771645
-0.5794793305235441,-0.06802335248485084,-0.2136406155253397,1.0654509033068242,1,0,1,-1.9575297513444907
0.4094805260618027,1.7261007987462091,-0.4934893165462279,-1.0943128933588213,0,1,1,4.3046767768827685
-1.34398775474992,0.9009394863167983,-0.7670254604754518,0.3454267229189295,0,0,0,-0.2731691889615393
0.6127060118114265,0.34438571269710816,0.1306732400093201,-1.6046131804442014,1,1,1,1.9643552074935033
0.5567491517814875,-0.22088545602124343,-2.089722060044538,-0.12271539889337434,0,1,1,1.604934592367239
0.0764743736335227,1.6730353910963962,-0.7609865603779639,0.12614506528033587,0,1,1,0.687823731000465
0.2168619790291058,0.7744445012202574,-0.42837052624022925,0.9223199438848785,0,1,1,0.12274124777819573
-0.13761094035803528,0.07702930385131139,0.5940501857886609,0.5567600919966428,0,0,0,-0.03623718406434939
0.09723932105128066,-0.8886842864071594,0.36502970163862747,0.13420342510017622,0,1,0,-0.7770138424535764
-1.3179007857699347,-1.0451253729078214,-0.3956254495815496,-0.19021506917591177,0,0,1,-1.0502835187921693
1.006688487481906,0.3611733257737625,1.5406783196111085,-0.10840122368505109,0,1,1,1.456107205912351
0.294647145223323,-0.26631012841857726,-1.3799888650105014,0.6666243592983049,1,1,1,1.4094908744875776
0.4888392903666299,0.4318930212332452,-0.10711965635577177,1.3772421876485743,0,1,0,-1.6474218283853255
-0.8014190945471904,-0.6764502821501422,0.08380005459563426,-0.7792838207795064,1,0,0,0.869145411837153
-1.5404120747070114,-0.5172452390971891,-1.2392346971034094,-0.5591982127392551,1,0,0,-1.3444098118339909
1.1811820295585465,0.23326414854784597,-1.3412553137187875,0.26434725500003536,0,1,1,2.5299536975249346
-1.528061096307158,0.7317232061602191,0.19153582656124285,-0.7829581264021251,1,0,0,-0.25465459353404707
-0.3859047425799232,-0.638109528779076,-0.5356222307315093,-1.5932476471932895,0,0,0,0.9000003678504768
-0.16505528114191953,-0.008104850293325352,0.9639928569511196,-0.43196887782210175,1,0,0,0.36581945478046274
0.1959897659933234,0.13753893500564876,-0.5572926053908668,-0.10857341168287621,1,1,1,1.065627953225837
0.2735916686843439,-0.5043575084937413,-0.4121775000751143,1.5065915498264284,0,1,1,-1.4170731255847313
-0.07223341216342573,0.1586912118817008,1.2891425832579149,0.09401447536938273,0,0,0,-1.8318158609034452
-1.4862913874149197,1.9950431603305656,-1.2014194275826275,0.8966659809858426,0,0,0,-0.47424142940259584
-0.3295632219974444,2.312811196564925,0.03705724356523907,0.2548164113125392,1,0,0,0.5958005308868803
-0.14375600958778872,-2.001871265758344,0.9693030531076812,-0.7916503397069151,0,0,0,-1.2023022843917237
0.4842758251695871,0.14412151660957404,-0.0015072271297251125,0.9303362173284316,1,1,0,-0.23494021147739308
0.1851641358967647,-0.13703425834360672,-0.5230748598892075,-0.7949347941995997,0,1,0,-0.06062622400805723
1.0826457593651784,1.278149414816205,0.9537508023089314,1.2646043523358794,0,1,1,1.8022886899269772
0.7881793963942173,0.10632622076117745,-1.7045458352405753,0.022585014052960838,1,1,0,0.2156168911074131
-1.3294281404094905,-0.6288125598239048,-0.18364777046758818,-0.14529219427993958,0,0,0,-1.4393553681282396
0.014643155242253672,1.288909861443467,-0.8763162399944386,1.1753451107436903,1,1,1,0.9890099853474442
0.3893859288983551,0.6992190589352374,0.13069727282912322,-0.4851039847219073,1,1,0,1.4098072304798808
-0.5595348261474639,-1.5383112103018683,-0.38699855785824266,0.4677467583828797,0,0,1,-0.41473300094197096
1.4592374550037541,-1.0862359737821705,-0.6455698276085108,0.22360634377129257,0,1,1,0.8399547348288741
-0.6021646933320081,0.8424889474591406,0.7543771162600797,-0.8786612208280947,0,0,0,-0.15044932573334505
-1.344026885423837,-0.032172381550145145,0.08365988302330475,-1.1844925841234812,0,0,0,-0.3743710576174253
-1.8274107818289131,-1.0673423278157923,0.38089657221575934,-0.24018016258258712,0,0,0,-0.9299329001602848
-0.5178508221535564,0.22038868174715395,0.7601523156487069,0.15760520551812765,0,0,0,-0.9456441732427112
-0.5129215736234508,1.722056125713394,-1.6701471010531854,-0.46424490008279085,1,0,1,1.5038951391285402
-0.4247110411172461,0.10336461274988239,-0.34928938477827665,-0.2046688558838957,0,0,0,-0.24314308589417616
-2.25916964419159,0.023961579470866832,-0.26957596161393227,-0.9299681568583934,0,0,1,-1.3123412055811614
-0.03219545357412157,1.7750199812807204,0.7388129602457889,-0.2507478339079145,0,0,1,1.8208608347151236
1.1088764693638518,0.0038843550344948856,-1.8691597677623752,0.03392797690825591,1,1,1,1.643895809375037
-0.6838607475442231,1.5267709379989998,0.4382257821862499,-0.020869022755020825,0,0,0,-0.02149297990277864
0.5674177371914608,0.07301328702492477,1.1650278745100622,-2.370662319097811,0,1,0,1.1504605081774586
-0.6535753014033131,-0.07689006354703018,-0.49273122931241997,-0.21152994419350976,1,0,1,1.2845277967920916
-0.8547067562732074,-0.7695725824209173,0.6496696220098009,-0.43299882960700925,0,0,0,-1.6441399987626282
1.3185396601223403,-1.4939542687041973,-0.20274504465435245,0.29374285374958514,1,1,1,-0.5210463495512492
0.7010813598134329,0.04229477073613625,0.5760855512421063,-1.0928227301542968,0,1,0,0.3340457150802763
0.8663246264140422,0.3212163222518188,1.0022769159642824,-0.6149739232251838,0,1,0,2.0370880941176845
2.3197454356440788,-1.012878049129425,0.4324723153932699,0.5608251705326764,0,1,1,2.115836957000865
-0.008951248711249768,-0.5175672467302758,1.7687121114466278,0.517837774639664,1,0,0,-1.018888861164965
-0.024816525649866108,-0.20908280046640015,-0.754086588812399,-1.5645307842533291,0,0,0,0.06897459668059958
0.1373061173948238,-1.6552090124458034,0.9387955410959099,-0.7701714775987261,0,1,0,-0.3323168378446784
1.435377443074157,-0.5576812619761417,2.334357762173325,0.7198617514870573,1,1,1,-0.46424225953001
0.9446641288719726,-1.92882689075067,-0.25920642292080587,1.1213184001671859,0,1,1,-1.3654110135061337
-0.8917473747705087,-0.4449542053793814,-0.2514230563913594,2.4133399682315857,1,0,0,-1.7604223145959528
-0.8227002821529317,-0.00759273219486246,-0.3199887475444909,-0.5779252497738928,0,0,1,-0.4922080321860338
0.37459700555638076,1.1362453683221068,-0.952359318362159,0.9962837663868381,0,1,1,1.1150896804177206
0.5066591826996635,-1.8732505742171879,-1.2856398263211626,-0.517689226223432,1,1,1,0.15299512784161906
0.4695716202825407,-0.9773818631531523,2.041129048009811,1.106528116858345,1,1,1,-2.350801098955708
0.5495699618088906,0.7013924061348977,-0.5330009693061126,0.3651393096588863,0,1,1,1.86494241419071
-0.19079424778647694,0.5470167436316682,1.0834097084337435,0.8599400350930233,0,0,0,-0.9203909529070271
0.6167078091292987,-0.3336497557435222,1.0135249096574106,-0.2520936019234644,0,1,0,-0.7315348845155298
0.6446142727222288,1.8681422331990278,1.0184298718966374,-1.4532788023165935,1,1,1,2.943957804509682
-0.8945155516713033,-0.5364727285012049,-1.637298578832008,1.0615253496576469,1,0,0,-0.7364793525697049
-1.2576853308550089,0.8774650629912947,-0.6522941131953832,-0.984274771762589,1,0,0,0.27558914981251204
0.23690983588190015,0.9027210194787043,0.41677246576455035,-0.27964592467918153,1,1,1,1.0441019116021912
-0.40914347483485897,-1.7122226746324067,0.09972447288717148,-2.002049399285669,0,0,0,-0.5659034307319095
-1.4396468204991146,0.4975263384680261,0.2162838841236643,-0.5814617989276201,0,0,0,-0.6250954073404417
0.7744346688752405,0.38710746586995703,-0.2709107223731188,1.11505489066725,1,1,1,0.6152952651471726
0.4217723250129431,-1.229923435603384,-1.1914273040860184,-0.8349404603447186,1,1,1,0.3684902248674341
1.3947082344562427,1.680958202196885,0.2885497236540121,-0.38615581052569553,0,1,1,2.261022898454212
-0.05345525181780231,-0.2000270783725122,-0.3919847670448508,-1.1159344380277803,0,0,1,2.2806220180400003
0.07559911286454603,1.738503327358916,-1.8365986749838559,-0.25968031075681114,0,1,1,2.4781586730753795
-1.4437316868666539,-1.4306667491513887,-0.23700893554026908,0.10113684090139811,1,0,1,-2.5929600349164006
1.410636555061378,-0.7189334832502091,-1.0274260700811286,-0.5766900311069385,0,1,1,1.5095853767463852
0.6164923590393678,0.6019814299711305,1.3523213896451414,-0.5092477778559421,0,1,0,-0.12006363490162453
0.8934694153849891,-0.39375366395556866,-1.6002831222786695,-1.4160362716569106,1,1,0,0.5933997295373334
-0.2516172452457192,1.2208011010930868,-0.8311916879774074,0.5948190578338205,0,0,1,-0.40418776978852494
-0.06152723405711292,-0.4660941295168973,0.38785402227180427,0.035044209626669605,0,0,1,0.5836049276776019
0.3250678417643773,-2.1138492699636293,-0.8655123188440369,-0.5107492347427707,1,1,0,0.7704373437555292
-0.7619270858199372,1.147389320028312,1.7353952697465518,0.08733887635853674,1,0,1,-0.14969328149830474
-0.7822859244886414,-0.2628657500035044,-0.014690771455147456,0.6896954393674178,0,0,1,-0.697521951979952
1.992232238112107,0.016309771945777082,0.01226087552558855,-1.0898084683045384,0,1,1,2.3842892114172316
0.3362860175020343,-0.2859612425073268,0.4621556187440216,1.1738648856662062,1,1,0,-0.4251848921182084
-0.6979999539812258,0.7517577753276049,2.515251894876873,-1.3673623446621277,0,0,0,0.6204690773751013
-1.4326085069286427,0.7161371790869366,0.48170272084555527,-1.1455739692046603,1,0,0,-0.3648616523599819
-1.1869668765249528,-2.8984090571933008,0.5693206421478678,0.22146737807245945,1,0,0,-2.788487053671544
0.31843208222509817,0.39911698470749696,0.21323202480962813,0.4160038602181087,0,1,0,0.6520421151620006
-0.9696103048703022,-1.79614231992222,-0.21633301433375982,-2.5404923020585737,1,0,1,-1.6584209502708438
-1.0956958633353935,0.1323281916044168,1.75343494032338,-1.2082782170762656,0,0,1,0.19166810282177632
-0.22267376549474005,-0.19501680135065436,0.752768098526401,1.4807464394093328,0,0,1,-1.247328700285519
0.3463686954870665,0.5864971917066008,-0.1688318568413719,-0.2511274750441122,0,1,0,1.5633993280781309
1.27085243891139,-1.9225186160252483,-1.0188871182918662,0.47640852449021204,0,1,1,0.995780161843197
-0.8352707584295572,-0.24733430656361186,0.2792293364746549,0.9486001379230456,0,0,1,0.32841730222053017
-0.712347031267629,1.906424437634782,0.14334801200066583,-1.0792178240614438,0,0,1,1.586341985090367
0.3542186351448031,2.196251300597438,-1.472413897215405,0.3636333224606682,0,1,1,3.146530226626081
-0.5009908699240213,-1.4458807156422564,-1.1222420742788632,-0.47944191188541163,1,0,0,-1.4446281737634252
0.8222853587220376,-0.6351160935971545,-1.5920228647518122,0.2981285566376587,0,1,1,0.5222681134901958
-0.48363656407284156,-1.3799503797255155,0.7052872644521254,-1.350842099111389,1,0,1,-0.770295372836254
-1.3470425754069908,-0.3364239912344376,-0.28334110124718664,1.782011948992595,0,0,0,-1.577529050303699
-0.729672935853785,1.0662101170954466,-1.3925686285827563,1.2343955000148552,0,0,1,-1.3835510199737897
-1.571916337152366,0.9532229926163778,-0.8852883663294705,-0.5719957889201855,1,0,0,-0.21324765764354786
-0.5490219687968955,-0.8251145356164055,0.30289447270371167,-0.9003780179165178,1,0,0,-0.49269533815457023
0.4625847987155744,-0.8142790241822139,-1.1145401265538144,0.2389327233900159,1,1,0,-0.1617593895773339
0.033202547481838304,-1.61827332251844,-0.9695024697557667,-0.6020548624220768,1,1,0,-0.6363368235892257
-0.13606401972618257,-0.7806503224154817,-0.19029887893768213,0.027040986857281287,0,0,0,-0.39031812127890386
-1.2986140790865324,0.605337964342759,0.25004180549928584,-0.14994951757559513,1,0,0,-0.6202905096990188
-0.7801985724616278,0.17252490981449697,-0.9675964041173265,0.4013697467095073,0,0,0,-0.9469458068460139
-0.4079773030586285,0.9371026328781685,-1.8769498897524137,-0.006140880294679998,1,0,0,-0.4895658277643141
0.22674072567130818,0.815043176286791,0.9673849223582331,-0.8701732074042472,0,1,0,1.819244794584098
2.5071520066761894,0.9874442954693355,-0.08934318702720098,0.9891309575936985,0,1,1,2.7257033234058916
-0.7075774742871205,0.7820081423381974,0.47227157038516654,-0.17360093559502413,0,0,0,-0.19623842359719332
0.9202004589073125,-0.9236720404829301,-0.15372081658956982,-1.1241520665533278,0,1,1,1.3017794469763078
-1.1771859851316508,0.6288956715814701,-0.2742487510145232,0.7116305229547347,0,0,0,-1.237634123522376
-1.0601310001250046,-1.1793346964174405,0.3427152103259424,1.2866438798005053,0,0,0,-1.1476943616415634
-1.9969888198347063,-2.246011754973538,0.24837575787404423,0.80468444553651,0,0,0,-2.6449580493533023
-0.8083859748602453,-1.8299706367635662,0.41315788307802287,0.5513199273563122,0,0,0,-2.22137710237986
1.017454227251416,-0.23198557845496662,0.8733931017808185,-2.384540906889502,0,1,1,1.4160315861067423
-0.05035863056625436,0.7556019746917215,-0.7355491345407166,0.3874561756158608,0,0,0,0.16734109867241026
1.1912802585149889,0.5409382654323623,-0.2777003964412038,1.5915457211963457,1,1,1,1.779713030859833
-0.5286804537085105,-1.74610562265676,-0.6696300824612453,-0.9596287233387498,0,0,0,-0.6350549162585741
1.0364950943234632,-0.35765685389992574,-0.5241937910867496,0.8740778426309355,0,1,1,0.4908995792440704
-0.5858994951861958,0.7241840657003222,-2.6749223729905474,0.5687716395064947,1,0,1,1.0846729520824459
0.8563734446828486,0.20853031264112162,-1.9068700612140226,0.27917920985486877,1,1,1,1.8944047431129536
1.6035850397794476,-0.3394948079849123,0.6783776579537172,1.3196950132291358,1,1,1,-0.1806957900025749
-0.25951415430531366,-0.7779333827724165,-1.194696242343099,1.3169338580743395,0,0,1,-0.32425625498381905
-1.3811684119737142,-0.9561196523682853,-0.8842252401603882,0.26404234996574577,1,0,0,-1.4132800089018571
1.8062125629767765,0.10231224221394235,0.33217896651596024,-0.08502310600974693,0,1,1,1.0922476731877513
-0.9013638851603812,1.4120612725827604,-1.4990592684330473,2.0163333736885294,0,0,1,-0.6756437073536242
-0.5969051748752707,1.813426195559843,1.9205653442980894,-0.15400229779243219,0,0,1,-0.32004020276623724
-0.3419744358604352,-1.7948403985630577,1.5471976221996095,-0.8961239522905039,1,0,0,-1.2150662788124467
0.8833275909494036,0.26246135470063825,-2.213681196317532,-0.014343882112364766,1,1,1,2.1198166791186757
0.6580265198144635,1.9260043134600768,1.1055113256758096,1.186816354073596,0,1,0,0.3457690734388967
0.6240457121719958,-1.8330733554725809,0.8689456710554859,0.0924070759537101,1,1,1,-0.10622406124812678
-0.30468216219615174,0.10513230007552835,0.919115231445641,-0.0847311218983684,0,0,0,-0.10929076272705984
-0.22396138302282687,1.651093655697028,-1.5698414004716101,0.18489838345089005,0,0,1,0.7395667289887942
0.7917486822689792,1.2068466731696623,-0.34777678364335596,0.668999527290219,0,1,1,2.088356738087538
1.636718891449342,1.4798250243925806,0.28660123280391503,-0.7711933418226261,0,1,1,3.2049144715307363
-1.2766757304503278,0.13806072320583138,-0.22785474058099991,1.2343777293724498,1,0,0,-1.5410519545053445
1.2264057363354166,0.20898911363745895,0.32757682097718893,-1.1432814438248242,0,1,0,2.184435774240544
0.9404642331600294,1.7946145816546797,0.022160412341835797,-0.46515994504760144,0,1,1,2.649462514429036
0.6385973169317701,0.31103969872587117,1.1966977412321722,0.539696915482884,0,1,1,2.3635277934117545
-0.7170022570327513,1.0597006987188917,-1.6974833207523448,1.1560189620999322,0,0,0,0.2099196343141787
0.08193874275978923,1.3213139542478733,0.8327292914532671,0.12821827885487105,1,1,0,0.32512614370789994
0.37415630095729063,-0.4196736306426184,0.8589165332856569,2.6812146080111443,1,1,1,-1.0083730952268617
-0.653455532576329,0.6612994113300936,1.51891888635089,-0.7300420258668512,1,0,1,0.7504834341976512
1.1697634405262325,1.288297565616809,-2.0600862504113944,1.8973670335530797,0,1,0,0.5502221400839786
-0.47911842490392376,0.7992459348584721,-1.964469282582831,0.5705569074301631,0,0,1,0.8860088777607609
1.5316165343487531,0.520298417568699,-0.7852336584802373,-0.7396544969761566,0,1,1,2.613411290839109
-1.5027680589304355,1.0972036321886596,0.6795916967201411,-1.9058617097169777,1,0,0,-1.7184208897368298
-1.377917415063535,1.497718153129832,-0.7124638824495235,0.17906834832067142,0,0,1,-0.9341182766589209
-1.8996398786806385,0.8630878849080081,1.7117263650114602,-1.3634544618588278,0,0,0,-1.1258943454859938
0.7088999810022827,0.5112698318570652,-1.1224195570399327,-1.3210044786907365,0,1,0,1.4375973632122718
-0.9095228388908043,-0.48211618040799725,0.520203502448792,0.299961588753737,0,0,0,-0.9641433161520865
-0.8265852040633244,0.19501131758443233,0.24098845102453065,-0.09494965004365402,1,0,0,-0.1957914082930996
0.9071720553058381,1.1544668649014869,1.0466001987541858,0.8364327041399198,0,1,1,1.648268185166632
1.7320472606446993,0.010577547945314465,0.31788502846475386,-1.606487217026789,1,1,1,3.319384334277827
-0.7598129164651273,0.1743547179155522,-0.6894495384273102,0.3680836891967622,1,0,0,0.6758341817825154
1.3592904368933283,0.6515177223534411,-2.4203795432438717,2.2199471170181773,1,1,1,0.1937580410871963
0.5340115380579217,-1.4188214344097703,-0.13017067624748832,-0.15695804459148838,1,1,0,-0.12039635158321971
-0.020789848008433604,-0.7520333575138735,1.9245138809346503,-1.7426552377953712,1,0,0,-0.7860755305341679
-1.2058873675942803,0.24115058366885941,-0.5707116964926618,0.08576752271684011,1,0,1,-0.8425909853574429
-1.4205417847205422,1.7050435379228694,-0.10952455707033285,0.618149221552374,1,0,1,-0.8048666575882222
0.05345985168876675,-0.01920465738016733,0.8863148590837754,1.3562551473518396,1,1,1,-0.8507202576637214
0.1231719635591978,1.4738933258312807,-1.04399968109919,-0.611224421283762,1,1,1,3.0397429354592806
-0.702307900584045,0.5355392900093456,0.1656861665042909,0.7915613832603138,0,0,1,0.8694875265504497
-1.0028803096692454,0.14438872253795504,0.8187965636703555,0.05383009105502482,0,0,1,-1.6411214308299495
-1.3286373896007257,0.4367810513661154,-0.6179683587847894,1.1232752459579942,0,0,1,-1.85452085018213
0.3448650002371088,0.1783659828109426,0.6210663577639365,-0.37354031164215473,0,1,0,-0.07451704063759063
0.6650089988579612,0.07619014377005731,0.13656337552999828,-1.7913899901352033,1,1,0,1.158105191591258
0.7098433117983471,-0.046156547734557525,-0.08054412169641009,-0.3241379810244184,1,1,1,2.0325530908506364
0.6041955049042913,-0.7151064538263474,0.9400140888430005,0.634938512895676,0,1,1,0.459756342056661
-0.5543871901132406,1.3408397910519385,-2.5074310190042564,-0.7768223887318938,0,0,1,1.7754736965571287
1.5909133355572727,-0.18291383358223198,-0.14327873816571307,-1.0904047276672726,0,1,1,2.3983315948715553
-1.0192407550206906,-0.7623761884505273,1.2101307913190393,-0.7010397040361193,0,0,0,-1.2174293558682612
0.5596121833751375,-0.770852396297832,1.0307708378968092,-0.12461122760821687,0,1,0,0.9129465259318998
-0.4123599926858215,0.3921846868215079,0.16639422005707194,-0.5901680195425407,0,0,1,0.6770992709211943
-1.1280540268487975,0.3476277171799656,0.9953981523262975,-0.5251281793797633,0,0,1,1.135501310377235
-0.6574882427388119,-0.1578742231836373,1.4144136537109953,-0.85075961621285,1,0,0,-1.2176147763143756
0.5362816292279879,-1.2062752119910496,-0.8405943116879578,0.3222244818533187,0,1,1,1.1918420944971362
1.078756043948336,0.4861901884584936,1.221584537801875,0.3191483620629076,0,1,1,1.8913297277860472
0.3139693733862026,-0.9233488897130372,-0.12834443211391106,0.5820095711165751,0,1,0,0.954190602510467
-2.9442551184810326,0.5074615111576025,0.7282122643464294,2.305115490232304,0,0,0,-2.5726300419202075
0.7265791285844794,-1.9670829585613125,-0.6776081560135672,-1.630703348759023,1,1,0,0.15686461610717453
-2.135704125862408,1.1024265186442304,0.5166064716422066,-0.016526176672910727,0,0,1,-0.2655165917304932
1.9198032731845818,0.5202425267508528,-1.8129049184039583,-0.9333224341323577,0,1,0,2.730042530070596
0.20873344637955796,-0.3100504639607977,-1.0619254408805194,0.5829880030665907,1,1,1,0.45404084469930933
0.13905219430694754,-0.433533413351429,0.2461505436991222,0.17546317225440428,0,1,0,-0.20239526627772142
0.99715683164833,-0.4553545780769262,2.3591168349604077,1.2865714529442338,0,1,0,-0.6452023515838348
-0.2911322467657876,0.6736166551144203,0.24089383084108731,1.1742771346763359,0,0,1,-0.015257913824469421
-0.2654036625703195,-0.114260060824156,1.2999632846817748,0.749309112778675,1,0,1,-0.3476377799597006
-0.3896901932607723,1.5074340788368814,0.492472528661211,1.1279223934162899,1,0,0,-0.9007824033154395
0.1212833933762503,-0.375370840231995,0.13774716816312757,-0.24280900330434713,0,1,1,0.9483759042879107
0.07575321439376097,0.8795220485009501,0.44710339123699544,-1.2583377838157805,0,1,1,1.9377484956400979
0.2209812326087593,1.4896250855960504,-0.8812235177393265,1.5359349982028687,0,1,1,1.5967183357231582
-3.3374634786458524,-0.4129641823266383,-2.2876728502425947,-0.8713869350154075,1,0,0,-2.1045967292683017
-0.1022194827995627,0.6076426961470449,1.7946821839016125,1.7356815923425426,1,0,1,-1.5084252299242613
-1.6057054700000515,-0.9401572058921729,-1.1408412320836696,0.21150934886058126,1,0,0,-1.860145995683154
2.72286088356796,-2.0421586733759782,1.3924763962576936,-0.6218326037985642,0,1,0,0.43989366739020147
0.7897242727217958,0.3124638412889608,-0.3877446098932819,-0.12536051704005616,1,1,1,1.9475015943543674
0.925574655998471,0.22504589150018187,-0.4500396009595673,-0.22461511521500566,0,1,1,2.7288501386155897
0.4677760794751283,0.5309564381518833,-1.1529771698410494,-0.5747046229566771,1,1,1,1.1342927980839657
0.6645005602408195,-1.0674235308738549,-0.9691899888632426,0.23888176564201843,0,1,1,0.43023569333178335
-0.9068065621842835,0.22980899507050925,-1.2254902047737708,0.02664329543465747,0,0,0,-0.24207398563821364
0.782014665352067,-1.4317348045991303,0.6808778464710552,1.297661958179464,0,1,0,0.15435601317708225
0.8516889716035109,-0.511186852149451,0.5773484219850388,0.20102596499067912,0,1,0,1.323976588154895
0.17409397651116473,1.2444720858195457,-1.1831909840470132,-0.9873939078386698,0,1,0,0.9915930804986498
0.7688842932399729,-1.3851643048197977,1.349937244122619,-0.5009132427630221,0,1,0,-0.8433999762694584
1.058730340621421,0.7413312553787744,-0.07891857760344685,-0.9155655637521535,1,1,1,2.1352528002594466
0.010135079178814359,-1.2591820726770366,-0.12649563872723854,1.076826890117779,0,1,1,-0.4830688587208041
-1.1247013968444568,0.37630991314260315,-1.287845154479313,0.6224297150166498,0,0,0,0.0927456725048087
0.8196314270996937,-0.970432688745265,0.5391870629682654,-0.9629059765747918,1,1,0,1.2987564860307699
1.5279698082502655,-1.1584096720729995,0.8350633111798246,-0.5388485469968028,0,1,0,-0.3625987905757644
-1.1980624742754051,-1.7407354992060105,0.8447727517820911,-0.6099200891553842,0,0,0,-0.5575152424903572
1.1663399707673148,0.35500457571821553,-1.71832426020824,-0.7193022578530502,0,1,1,1.5904406050022502
0.2604708775114748,-1.672483639073771,0.8560910786087531,1.9496969943012583,0,1,1,-3.158644280704485
0.6169192038706057,0.16784750908443116,1.699557230339831,-0.6186039867847131,0,1,0,-0.02629444121999791
0.8481359719524544,-0.19791799165955737,-0.09561285862796054,-0.7095143355806257,0,1,1,1.726480743042186
-1.062470114321765,-1.9729928407669495,1.1189440694954513,-1.17295231512336,1,0,0,-2.328476165881166
0.2935590242134626,-0.3754287007950026,-1.4800113635844634,-1.537218317154038,1,1,1,1.9684497709071713
1.0245336877983822,-1.03292395233071,-0.36341930718186405,0.24869275559479906,1,1,1,2.317833153200334
1.428463783571573,0.3749479843498916,0.21280039578876256,-2.530312769188658,0,1,0,2.257935022672402
0.876208611830798,0.14782253419506627,1.565268680142282,0.41785597707970046,0,1,0,-1.5322863491418377
-0.9323636622637287,1.4092564517018598,-0.09785803728978895,-1.2167428143789072,0,0,1,1.6817117888196544
0.20683351519732732,0.30623709608076727,-1.0135861262792067,2.4285618227518357,0,1,1,0.32107890107690207
-0.24631315922055488,0.0964495646242723,-1.4780604183533896,-0.004857224186981398,1,0,0,0.822492622305927
0.06592568154798757,0.44095831692370974,-0.5897597784291112,-0.34849256240983834,0,1,0,0.43741581896617326
1.1163979126135928,0.29333786530535916,0.49933717296494573,-0.1573383227626492,1,1,1,1.3724760165160155
-1.3952248205734052,-0.20648983540271676,0.9958972768072816,-1.3887853064123958,0,0,0,-0.38069571928636153
0.5261332486327758,0.5556184274320524,-0.49238081460883254,0.5082666429900629,1,1,0,0.24710495936944216
0.4499321165760159,0.24010828965161993,-1.189117645192736,-0.6199596637900409,1,1,0,1.2366453224887866
-0.9709203296150107,0.49019225385667287,2.2250212491076895,0.012383283244744981,0,0,0,-1.9744800745347884
1.1324122429183605,-1.2032259948234836,0.8157152906548408,0.7917947117370825,0,1,0,0.6143892142504535
-0.5850189479038123,-0.07282908041641228,-0.14568057308937707,0.828007903028951,0,0,0,-0.4462301209286085
0.0472839270298764,0.8585899762924819,-0.07573850010140674,0.36089908846205476,0,1,1,1.3392359490570733
-2.5976169699300424,0.6023153094818123,0.8202692061513976,0.9621204674312188,0,0,0,-1.3124502485000031
1.1257720249093999,0.6833698881290189,-0.9872260655082381,-0.27246645483420645,1,1,1,3.394506885812345
-0.2807130332681498,0.6823763265438817,-0.3194787744649644,0.6957819290016523,1,0,0,-0.03508072946249677
-0.31426538948605987,0.3623402285930454,-0.44078980410535107,-0.7978932868611692,1,0,1,2.445541255797672
1.4685368605321558,1.0037446667366554,-1.4465257599554164,-1.7870086812761683,1,1,1,4.854926821199594
-1.9392314457875544,-0.8384108655599987,-1.2195960818961025,-0.9146117275088296,0,0,0,-1.8018566341004065
0.875273975795943,0.7314134698757244,-0.2992523219294477,0.16288496978977124,1,1,0,0.6821668335725544
1.062719330546325,0.21561404648784044,0.4414882578274386,1.6209674409088277,0,1,0,0.8181773652383081
-1.9993410124963167,-0.2612757165128225,-0.6889462255459982,0.6642727435458313,0,0,1,-1.8263757180700289
0.26676204117016833,0.2053724032428908,0.05816085848212761,-0.04500315502764429,0,1,0,-0.5330217671403717
-0.38154352651853746,0.25151869549634714,0.5067063548643239,-1.2068352556639232,0,0,0,-0.5001903092482485
-1.0552481151510409,-1.204335017945586,0.9443464861517472,-0.005451801558384181,0,0,0,-1.0519858447307107
-1.2969631181816588,-0.8823145498194753,0.49463065862670563,1.5338133763955089,0,0,0,-2.6357604796534257
0.7308981221516639,0.923108666691581,0.7532634854728142,-1.0945973232097082,0,1,1,1.2680106289667297
1.1801521356619011,-0.7907044150565775,0.42018262448233895,-1.4444345192926644,1,1,0,0.27635736520476506
-1.1278187191632625,0.8811135164483672,0.037828094185961954,1.3436314868340886,1,0,1,-1.1705459187334817
-0.9510501225955604,0.7287722029949502,-0.2720502383394922,-0.4518996476146918,1,0,0,-0.7984313597427161
0.8317561285415939,0.5091819871166369,-1.2609417907375844,-0.6846082314301343,0,1,0,1.1167171373885305
2.442745129963781,0.1684134572856765,0.6728299478763142,-0.03951426206948465,1,1,0,0.8944364923734061
-1.5668540147092527,1.4167578588112038,-0.5660047217992583,-0.5090438279526791,0,0,1,1.4517027754933665
-1.4713506493648787,0.5070071760624882,-1.060747358853761,-1.065169337981641,1,0,0,0.5997441871382131
-1.097952487044478,1.2237158316207968,0.25541929833994403,-0.12492439637099213,0,0,0,0.40310551080337576
-1.0823373976148758,0.9681540670244756,-0.0365935406050447,0.2694382106513252,0,0,1,-0.10940727916637183
1.182538748427133,-0.10590946756932831,1.9311179092473325,-0.631274668501548,0,1,1,3.164284486648197
-1.0388733180709928,-0.20505241993624684,-0.22259824939451447,0.002497426356741668,0,0,0,-1.3336058937488442
2.2801535790335956,-0.030650804215426316,0.9407656806884453,2.3488494560669437,1,1,1,-0.04721566220025887
0.47648646746032547,0.5583936521265404,0.8758149077584668,-1.3238566022515836,0,1,1,1.9772977522420447
1.046104773079736,-0.9662771158922168,-0.7405661705189392,0.5977612060963756,1,1,1,-0.5133606200789131
0.6480755016334763,-1.557248567245557,0.8943605968633446,-0.8266307838123773,0,1,0,0.8253553278145349
-1.0508749112617208,-0.08202170670760765,-0.9495481094114397,0.22480370874473282,1,0,1,0.06085696400821983
-1.4223719774461603,-1.3795292363462048,-0.40763902900128823,-0.555558783616226,0,0,0,-2.238051399626335
0.9749462103902182,-0.6781258327035099,-0.5768306692824392,0.06650167848224836,0,1,1,1.3504849606858544
1.2569387566832753,0.30160126924472885,0.14191868949706013,-0.40396491644049026,1,1,1,1.618921744485096
0.45195360358905645,0.37325751943116275,-1.6063933206436858,-1.0583061748777527,0,1,1,2.326043836426263
0.014812987883597554,1.4769736240676434,1.851345542725096,1.1952705867663964,0,1,1,0.38030891372955494
0.11470422161748657,-1.1028915492776186,0.4947876087379816,1.7731235679158401,0,1,0,-2.3430903908660814
0.2416341443640634,-1.628438397799588,-2.162943836497922,-1.109147219791621,0,1,1,1.1888976570086223
-1.375992063680648,0.7130483757613689,0.6082840792867839,-0.3675649802780427,0,0,0,0.42264457102435027
0.07684388908365283,-1.3418439668177815,1.3708628373319363,0.27583875230381516,1,1,1,-1.0208642936739627
0.016496362252139636,0.5171161682415312,-0.2022962201323398,-1.2033793652691531,1,1,1,2.23060075396127
-1.8155674002004056,-1.6966714628619635,-0.030921796849843936,-0.3671269143304061,0,0,0,-1.53904663086836
-2.7611059889734606,-0.9783879250451353,-0.029435066046229755,0.9407373513081386,0,0,0,-3.017415648873036
-0.25254832690822404,0.6854665185759293,-0.8802386296100911,0.49458070167457757,0,0,0,-0.17401804273504357
-2.094508364993648,-1.4849634755135364,0.5273753533618529,-0.6256864577317699,0,0,0,-1.4464401393431523
-2.409629469049903,-0.11387700707027491,-1.1370985023655815,0.22432333665668183,0,0,0,-1.3324420343433265
-1.7750365930975849,0.35168163393833624,-0.6143356511351967,-0.13415886398334223,0,0,0,-0.902956119070062
0.20371206859955132,-1.289593649314971,-0.3773997945128369,-0.40750917249322105,0,1,0,0.42750891705347827
-0.04148495132197117,0.3482494035934846,1.8754723418828754,0.04202832521425456,1,0,1,-0.31730453384479373
0.0858761249960289,1.0208434029328726,0.07026540086217209,1.7659764084671286,0,1,0,-0.9813459446895982
1.7549001916721725,-0.16068157895084595,0.19978168983519973,-0.8342526824281714,0,1,1,2.7574426067847058
0.5427476112192069,-0.19919266848731393,-1.254368208074103,0.2969876810577079,0,1,1,1.2929163416662002
1.597944992961826,1.1325073863516621,-0.3483864044340563,0.5994098958600352,0,1,1,2.5222013827189884
0.20162246271566608,-1.3373987747053655,-0.612812889753262,0.5078430264117603,0,1,1,-0.15936065302793678
1.10851178562567,0.6639550965878954,-1.2124472417539403,0.5332685544363723,1,1,1,2.241184277898127
1.6254070249141048,-0.036120672885504884,0.859148251342214,-0.5869987193898571,1,1,1,1.7534040210243504
2.057879831990622,0.5366734450342051,-0.7605123059176366,-0.005745400456170345,0,1,1,1.9024706820148618
-0.22189661783408687,-0.08223463208108217,1.0216197443898434,0.07513740621657744,0,0,1,-0.4834261030713827
-1.2396028270979411,-1.1108105506980264,0.37294524714429306,0.46807488591632884,1,0,0,-0.7328792258729897
0.06315972337143697,0.44140666465013617,-1.5856800899115981,0.8476289101225056,0,1,1,1.0195561780866418
1.4053520668885007,0.38340723094648144,-1.207540518943964,0.9902231024177399,1,1,0,0.4151546711365734
1.6348198016271787,-0.566899053497821,-0.2946970806848497,0.8571524419318056,0,1,1,1.6109509573423664
0.13470642058617438,-1.5758453172585922,-0.27780183290565275,-0.5893748975029827,0,1,0,-0.39535465279128656
0.3881239889136145,0.2234225345921017,-0.008123699730857954,-1.3740457177882721,0,1,0,0.43578239364119054
1.650069170548374,0.3007311368325968,-0.3787233909904326,-0.30404325428876217,0,1,1,1.3155452088170598
0.18473910913054603,-1.65317925433617,1.269174699585042,-0.9246476304781391,0,1,0,-2.048758661499811
0.70090558384541,-1.148519987031993,-0.3204217338563902,-0.20477062777294874,0,1,0,-0.1586952096054393
0.9618297576276496,-2.3038978441755575,-0.3951500019017114,0.9066312005334654,0,1,0,-0.6361619766610789
-0.22796128190060527,0.2816895128306226,1.537130459847955,1.5316609654185633,1,0,0,-2.357377394744872
-0.8805545157957989,0.1757293010235937,2.006993762059764,-0.147891943563577,0,0,0,-0.42876909938543617
2.559159955134369,-0.5468995525257402,0.8977258341449506,0.3091828006077794,1,1,1,2.0683738603934216
-0.6044260171335791,0.6371331644844014,0.46384996733785316,1.5132738611192336,1,0,1,-0.3840857137120915
-1.102152685511431,2.044073965865421,1.2579450895069946,0.8634825523366125,0,0,0,-1.4594567850316351
-0.2659625158541174,-0.5932787384019729,0.38773342531929267,0.9704060894247889,0,0,0,-0.7560391333711132
0.1646405841987452,-0.9933904654715462,-1.0548054396395152,-1.1000033259238484,1,1,1,1.855889313173257
0.3040455976722519,1.1731721313323658,0.8280562220379818,-0.9556582047660171,1,1,0,-0.20255232362505915
-0.3369599104001364,-1.9206907331060759,0.5918251334806884,-2.354922797947959,1,0,1,0.16728266204436149
0.5193145653826213,-2.2462393459644425,-0.2248575105829088,-0.2610597658785625,0,1,0,0.21228411154341503
1.7791994254570114,0.8574131486151988,-0.33872957045741714,0.13060394680850357,1,1,1,2.2610388928666287
-0.3420155937274343,-0.161598805676633,-1.355052529369692,0.5122240207926241,0,0,0,0.8119744927103082
0.04500172176450103,-1.300697158272973,1.0124473571640904,1.8276516740874036,0,1,0,-0.9443678733308745
1.4480225947400311,-0.5364126846295324,-1.9918553575054352,-0.5993866194425344,0,1,1,2.2965714482703223
-1.0434240688221867,-0.08113824736961492,-1.0217579683203777,1.0311500227244608,0,0,1,-1.5707769201907416
-1.238485749807223,-0.2417651962810077,-2.158465016772353,0.06389815454554179,0,0,0,-0.22690876955917313
-0.7211783273352044,0.3998371667009125,0.5477448213639542,0.41621880095531893,0,0,0,-1.484514196040509
-0.11602986180446545,-0.536440652967927,1.6759354848142478,-0.36168338334265593,0,0,0,-0.6766856299018522
0.9316915734518512,-1.7985946000493604,0.21319450264640896,-1.4577238869221663,0,1,0,0.2712286189764474
-1.700606410622099,-1.5889342678837535,0.6787306015994533,-0.5578082835146647,1,0,0,-2.480265903716815
-0.6992675897582163,1.0412887534026918,-1.2182884468277366,2.869830807919462,1,0,1,-0.5118566914353163
-1.1591681841311408,-0.674920981485547,1.9958648759623816,-0.5115372101729896,1,0,0,-0.7124094307994231
-1.6523185376578544,-0.6114450693312369,-6.394001511259997e-05,1.6855787104422713,0,0,0,-1.6046802010442303
-1.339764237919835,-2.5980860238074017,1.048060521298063,0.5906682628495371,0,0,0,-3.63069601027092
0.7774593304267162,-1.4414503145276358,2.3004056592658824,-1.7420297079104288,0,1,0,-0.654237354224884
0.1045799328408189,0.04477811986688869,-1.2747592569398123,0.5768668303145178,0,1,1,0.750827927442681
0.16314014040442368,-0.6412780157050114,-1.295302022414431,-0.8976299497685268,0,1,1,1.6209680447826993
0.6412876131627313,0.06485801318712521,2.2174171045160587,-0.8612305296835626,0,1,0,0.5691940276441978
0.45505528545799845,0.3930267996950676,-0.17090457547402838,1.002131529463134,0,1,0,-1.3428582488429353
0.44594274155539615,-0.5168346077694219,0.18208595393539306,0.03718319498257474,1,1,1,0.9215580357266822
1.9857826663960676,2.4948552929120016,-0.759180783342414,-0.7529715991149332,0,1,1,4.862514241772242
0.6982790614368771,-0.4698589061484977,0.6165527910506828,-0.95205341407646,1,1,1,1.811897608810649
-2.8396243192316435,0.6641672569861709,-1.1438666071646826,1.0727936950787984,0,0,0,-1.3915002697909837
0.5934097903552698,0.3357205158836673,1.1912061204745417,-0.723504702380981,0,1,0,-0.09828039580136105
1.0097664965122755,1.778791609496034,0.2467243114961194,-0.38434758100093314,0,1,0,1.603540468463608
0.5181292091715706,-0.34754718832586157,-0.5389435078285134,1.8084656359177738,0,1,0,-1.3211198766008805
-0.62659630468948,-0.6156033044947002,0.09109834271322051,0.13029743957582593,1,0,0,-0.8338566224968745
-1.0753982721991187,-0.5929537883237741,-0.0009974736095308412,-0.45621858568543017,0,0,0,-0.8772316943105507
0.04709113040592421,0.39083740590768934,1.0259369515935666,-0.21622096157333326,1,1,0,-1.4959871747613538
0.7084764198055452,0.5828089915238532,-0.2625320777230748,-1.3771618966627666,1,1,0,1.3699081948534508
0.9081548196133273,-0.7659650033062754,0.5017768952528635,0.1364116219334351,1,1,1,0.17375046195730515
-1.9243843983388746,0.21865989336142472,0.6858434860599144,-0.4249815683399891,0,0,0,-1.3546518048054608
0.3501714332180165,-1.6211451470011526,0.6760597855524164,0.16055793917998504,0,1,0,-0.9745626336620574
1.3365965164812075,1.5342974646010379,-0.1840694568189018,-1.3569967746984612,0,1,1,3.8452059311914386
0.8037609784297837,1.131013088913443,-0.12830461883726002,0.31830362744844676,1,1,0,0.9689347718320785
2.6613785035142583,0.791710505589711,-1.3843836563251568,-2.3717775963701775,0,1,1,6.131602570926888
-0.7287940825937136,-0.12391508855628404,-0.11785420015934839,-0.9760517817902226,0,0,1,-0.9983713988851637
-1.2663289480774642,-0.6369226384866734,-0.5238336112677806,1.0864704150011422,0,0,1,-1.975824901022056
0.923048378459652,0.5026387857531524,0.5099828003783105,-0.7957523380695478,0,1,1,2.0816153406146753
1.572658680808223,-0.7316992526887458,-0.2722890862302105,0.828813908802057,1,1,1,0.8553681411331769
-1.055224706566971,-1.4886197115962527,-1.5975259802054687,-1.2009919127840074,0,0,0,1.1876400353606593
0.049414619549692375,0.4932300321445845,-0.9925716760532985,-1.782391237502671,0,1,1,2.0471787173912808
0.2490755354296541,0.16344816314287866,-1.7212355535980743,-0.978412162390351,0,1,1,2.2233987170208387
0.4387586088148958,1.4070652686964793,-0.13550244410004716,-0.48821385702944886,0,1,1,2.331424094610936
1.3134072846735312,-0.8037163408473709,0.10523031495338302,-0.1372870211084368,1,1,1,1.823939555015485
2.450673940166489,0.9158840615009957,0.1120683001958122,-0.5380406986157257,0,1,1,4.0267489450749725
-0.5964006408761238,-0.6276403736368786,-1.3394135547177437,0.25948789072959405,1,0,1,-1.7580143896859703
-0.32384545977520374,0.023773854948528426,-0.35032893329382636,-0.008382835077670727,0,0,0,1.0374241227854
-1.5648736334250917,0.4382450810654485,0.8408221116566467,-1.4700636921514931,0,0,0,-1.6554853669306189
0.8110014718121134,0.1256941824340485,-1.518450137094857,1.2677643718043663,0,1,1,0.8520258600586652
-1.1745648691031594,-0.7834219329718756,0.2770076492291121,1.4410898315785547,0,0,0,-1.6522478952922706
0.1317458287445253,0.8272658678049072,0.23897700460889096,0.3942156832611906,0,1,0,0.5885925871762567
0.4823735498693078,-1.1053537602013492,-0.777424443254033,-0.917089603135142,0,1,1,1.390751556607154
1.3864551040927156,1.3269819931043216,0.3975188471033988,-0.16810307378143402,1,1,1,1.677257027176306
-0.05395958139605398,-1.9780239714777847,1.0282210549090915,-0.7389504338685016,0,0,0,-0.5665463916180002
-0.5068382357749659,0.9984404207837229,-2.2371465983326426,-0.7643582645997654,0,0,0,0.06121011444647084
-0.6656883958853478,-0.7033669866641707,-0.8494739199139617,0.8772544253821498,0,0,0,0.5906939025479203
1.0220230351451078,-0.4791967120626545,0.7277370234830214,-0.3101906828058149,1,1,0,0.7712778276552555
-0.3589776903084889,-1.7603476966349763,1.199783406165725,0.0855025515946449,0,0,0,-2.4636899681342515
0.05827523549677676,-0.17392286951789984,-1.642665914131463,0.7704633325407384,0,1,1,0.7501507256655124
0.7908835666822147,0.19918696337066177,0.3971981731577065,-0.3105179493365232,0,1,0,-0.9882254629072136
1.3483710931034059,0.7047708823583999,-0.23101659170529243,0.3473369078939325,0,1,1,1.716594400793671
1.2010369897851438,1.0677540357167212,0.5212970797592664,1.1620992185239893,0,1,1,2.042285743322142
-1.4637280157578987,-0.15580463339947145,0.1710945991179568,-0.021296206344056098,0,0,0,-1.5530133284282521
-1.1333848384335834,0.04618641272986622,0.27555312406408194,0.9479583309711759,0,0,0,-2.691522464439275
0.37153293662334647,0.3830496663375897,0.4957939644525805,0.7725796140924968,0,1,1,0.4843586710101374
0.5972421403528194,0.3096098975569041,0.3745060060142097,2.0693432736842396,0,1,1,-1.2270168799241126
0.2850950539919011,1.3764269401374005,1.4142500560923614,-0.5762870642069169,1,1,1,1.7230060698570926
1.3563574191435406,0.22465923106152053,-0.018746466780735525,-0.031343002799149845,0,1,0,1.1839287795489384
1.5996518416993775,-0.7863354739489716,-0.3014564299680878,-1.8421117301703407,0,1,0,1.1802407363529732
-0.07860399092929918,0.5936044149347867,0.4606719954200251,-0.12758312594047538,0,0,0,-0.6827396600814624
0.1869088793111654,-1.7785400537984772,1.9958620766173198,0.9937458174775067,0,1,0,-1.3372270041307326
1.1303672521435209,-1.2276773412808746,-0.32164346768903895,0.39222892193284253,0,1,0,-0.5643349351725391
0.9026651294758065,-0.24488640119963773,0.8948369856224001,0.4387433003412068,0,1,0,-0.4024813637305773
-1.0427009441026684,-0.08234793051512232,0.44953515437833275,0.5829345693245526,0,0,0,-1.3194891027733653
-1.3452171891196942,1.2960539613849378,0.5989891970794287,0.5245808318945014,0,0,0,-1.1540016798396318
-1.8331927406223631,0.10066644211487377,-1.3026837038921193,1.3896178423607892,1,0,0,-2.225937693231937
-0.016461106963815024,-0.20642870993945542,-0.300884985582767,-0.9802087414535503,0,0,0,-0.08613655756956212
-0.6174343345452918,0.760112109396424,0.808660300901459,0.46489038522978515,0,0,0,-0.022341225512457374
-0.7108787909860217,0.6037142942196666,0.20520575799698332,0.48849747179271336,1,0,1,-1.1509633187728794
-1.600488419180303,0.6339728756086178,2.091569336392788,-0.7286632129277978,1,0,0,-0.8223519649973046
-0.06422484125631106,1.0520640183628813,-0.23124917152319804,0.6490875593374891,1,0,0,0.6134724599783073
-1.5739349736465393,0.7729687155112295,-1.2224636705128036,-1.0941157586110322,1,0,0,-0.3939663002263967
-1.2220053342313129,0.009694346183345788,0.6255084293252764,-1.323892022347096,0,0,0,-0.06658477912674643
-0.38176834663297143,-0.5178901831905591,-1.1444566986956142,-2.595359245552796,0,0,0,0.7427571019759963
0.46607294293280155,-1.2960421529138688,0.6490427650122209,-0.5234464646197652,0,1,0,-1.0402166188740336
0.019549128607031806,0.7420642818267079,0.21756861448574563,0.24154335837369503,0,1,0,-0.3871453921507765
0.6936553755221234,0.14282847090189119,-0.8038516703237828,0.8206236656051686,0,1,1,1.7808478147402655
-0.08442115211996919,0.8852671111671693,0.14207664682337653,-1.2025503530018156,0,0,1,1.0774223923066433
-0.4520045658517263,-0.11949463176375183,-0.9963511095061726,1.6834482824198163,0,0,0,-1.095870618784503
-0.35309518926146244,0.4444312503124652,1.5892510675995972,-1.4980973326162197,0,0,0,0.5572733448394229
-0.9423352864832004,0.1472211149792736,-1.1780454690454554,2.865197830590247,1,0,1,-2.5609752810516393
0.011021863620757424,-1.464248424152486,0.33337419227149334,-0.250714347472957,1,1,0,-0.2475753749608467
1.1904457506501855,-0.3149677094968903,-0.3199472200585003,-1.8590169978199744,1,1,1,1.509844458836632
0.7356133606209078,-2.0627416549187902,-0.21513044657664432,0.9288242086125367,0,1,0,0.5940291855197627
0.7169117468939549,0.06468293202636916,-1.3805695567088485,-1.1811209813572143,0,1,1,3.303744305494411
0.36390047916468904,3.029568352635936,-0.22662057434611588,2.2469622415447277,0,1,1,0.5349639225482019
0.21301440087460982,1.1239583510303204,-0.4180139352584906,-0.3416871648203426,0,1,0,1.985947414873125
0.08096955744015817,1.3944887361542495,0.6447067453832522,-1.012131377653433,1,1,1,2.0496471768310878
-1.1184555908005311,-0.23563949310858556,1.0168395771225984,-1.9801281079237574,0,0,0,0.13077394446179857
-1.164503656582238,-0.7920820378208323,0.026762463232949785,0.5099309007084945,0,0,1,-2.1443412747200847
-0.9875741637227505,-0.3907497414908096,-1.5390018750636352,-0.10702415017589413,0,0,0,-1.338056959620107
0.9273988256882205,0.7434176997665128,-1.2581621830380227,-2.471776881416241,0,1,0,2.980147018457775
-0.6643858782778155,-1.0576064894645265,-1.2661694131643195,0.4141650726759402,1,0,0,-0.42139789927480653
0.6184930317927874,2.3945809241891447,0.3784361847807294,-2.9413950638917448,1,1,0,1.1155520565250043
-1.1837710466448814,-0.5030280348301289,0.4052347348894363,-0.6679574024302318,1,0,0,-0.7597126499671528
-0.30276109699750603,-0.2649131897833524,-0.7388718196869306,-0.31510294001149636,0,0,0,-1.3521426632385027
-1.014611432892073,1.2306206988776691,0.14339518345575336,0.40206974924445704,0,0,1,-1.1750150441117957
0.675610852930903,0.44762310052329957,-0.4709134339752456,0.4251401102307501,1,1,1,0.5534375001127342
1.9725721574797184,0.8863611171919724,0.08005685745382923,1.0508197750569979,0,1,1,0.8717014452041848
-1.2781453990837335,-2.1897885517341713,-0.10673676736393838,0.6139615313531871,0,0,0,-1.671298465137855
0.27366571966886777,-0.3106198941151045,0.7168241460007596,2.158810940566734,0,1,1,0.3104988622307921
-0.8592834282576046,-0.09224070895290874,0.08777337491398658,-0.42485307355462737,1,0,0,-1.5577446656380312
0.7000140933595056,0.03241739127569453,0.1781835690928058,-0.25752014435148357,1,1,1,2.2851955486065756
1.6796207596366817,1.744622279138468,-1.4547558712468303,0.4867503129534598,0,1,1,4.2815079356635675
-0.5485349826497875,-0.6291772976384211,-0.8614791908427053,0.31677978654275313,0,0,1,0.7522422358872436
1.0007138770477642,0.28394451216948785,-0.2592412947515187,1.139317460161276,0,1,1,0.6274056196298516
-0.13025920079415995,1.7350883894601177,-1.5701239319894742,0.5935445874170467,1,0,1,2.8645548465047397
-0.7474951015567034,-2.130475019937875,0.24287953884901475,0.41430896443279963,0,0,0,-1.4490538422841532
-0.4030385780482355,-1.3943244663456655,2.653740067146073,-0.041414480507411616,1,0,0,-2.205590714069855
1.1752036554164218,-0.37207821409501113,0.05368433294797352,-0.6568684716493521,1,1,0,1.2937373622234518
0.427858451130956,-0.901632904970636,0.32640531994871697,0.21853314963395382,0,1,0,0.3051827612247888
-0.07982427928267509,-1.1864880465935936,0.9738222652230419,1.6283937224887506,0,0,0,-1.1620992847173583
-0.17150234638210674,0.2455866452934616,0.8709474373354777,-0.4019281109024623,0,0,0,-0.10805277063737694
-0.628121350354209,1.4603844678190312,1.3733741863971785,1.1127440082209648,0,0,0,0.46354674470202584
0.665710162423188,-1.2626964081764507,0.5750052183793936,1.0940648025884359,1,1,1,-1.082820058860125
2.1951385840978266,1.1544081166251936,-0.05681199209190538,-1.748800563946936,0,1,1,4.556834397885813
-0.16449737280950025,-0.988528593836885,0.10119368630486679,-0.09185413164146916,0,0,0,-0.7740809947474863
-1.0507853891475376,-0.5490413897450951,-0.15369113451984362,-1.2380902259211062,1,0,1,-0.6008229410600604
0.3956959735415828,1.0351829765807756,-0.41239228346033435,1.773362765048253,0,1,1,0.4023372310102571
0.5522219895043784,0.6809115996781562,1.9317969037679363,1.33660520160214,0,1,1,-0.5791317351571668
1.107921304035892,0.03161494263958693,0.4007848915213918,2.1755658262037496,1,1,1,0.6471596564619335
-1.226634494198323,-0.0226908885313106,0.4152066730704929,0.8414225622432266,0,0,0,-1.43527230885226
0.3076678375227441,-0.07534385309451756,-0.378191472777259,0.9601665339115462,1,1,1,0.03189678107448202
-0.8596290745819263,-1.236014595851319,1.367970339535278,0.9247711317689683,0,0,0,-2.639356300035238
1.4135709011778714,1.2292634861927851,0.47526293653693497,-0.8900072317861055,0,1,0,1.708335235251648
0.7800570576148375,0.5713811566553234,-1.3250233559048585,-0.25094267977737317,0,1,0,0.8059589505491056
-0.1862335845410976,-1.8388259310616077,1.604811099065445,0.2981914195582108,0,0,0,-1.4733461409059219
-1.2348819834060916,1.03322384953027,-1.0890418201886225,-0.4509169269934304,1,0,1,-0.9634502523380378
1.954924592077393,-1.3484431718596275,-1.7381460401404745,-2.296947913139195,0,1,0,2.7875783168687374
-0.14340469385154156,0.6691747478175248,-0.00796733909568079,0.2040017894128992,0,0,1,0.13146402075258778
0.9338152855182251,-1.3487542362699674,-0.06944556263454825,0.913303379559682,0,1,0,0.12566450413745162
-1.952316892823502,2.025401836091254,0.22567792612624624,0.20037684228495228,1,0,0,-1.3128107169518517
0.1438151686241141,1.2370566483240781,-0.2760618671703475,2.4919521261271305,0,1,1,-1.0655495855372026
0.8017278856538658,1.0045358723440085,0.43153569308400674,0.836865832962844,1,1,1,1.6314395581829852
-2.203375565317874,0.6732803215135095,0.6449945331110316,0.8800193044451313,0,0,0,-2.5170678088782577
0.28780995827819406,-1.2635102543259418,1.6821954576476625,1.1291918345149994,0,1,1,-1.7409439517023808
1.3070285373157529,-1.08355833037685,1.9938340038102473,1.675507443401383,0,1,1,-1.8441386544371003
-1.497309976157981,1.3590229503839373,-1.6878435803410194,-0.8413621805647242,1,0,1,1.436184506340176
-0.12555414244407245,0.5117740613577678,-1.165391319896138,0.46924815323629954,0,0,1,0.23337573513887833
-0.3493120887651199,0.4711885719784782,1.690640198634727,-0.4782924304434489,0,0,0,-0.12917517780446808
-0.6364694643325693,-0.8254675522649837,-0.596934139214089,-1.4422049912449668,0,0,0,0.3546817569896244
-0.6335689762803772,-0.5089740103446977,1.5014029543242877,0.10502179444239897,0,0,0,-1.2664368306230038
-0.9113480260035924,-0.3571589126233235,0.15060148416371347,0.8846292582317047,0,0,1,-1.5544443952483418
-0.7809457938367885,0.5277032505836852,-0.043744234258392425,2.1586821294603964,0,0,1,-1.018554975477886
-0.06284121932213534,1.2163131961584062,-0.20370536206124254,0.29694115955130995,0,0,1,1.5108913699218285
0.07971559704999001,2.0488673280085345,0.3002192116041896,0.2781378009917032,0,1,1,1.3530084572037084
-1.3589122240653821,0.011245394776111287,0.32078380242067056,0.4639204517973032,0,0,0,-2.572113029069559
-0.6120423364234332,0.3018218069670858,-0.5897318690926523,0.22277402328794793,0,0,1,0.005374207374573531
0.10140406355466537,-0.7261182673203215,0.7102764161966185,-0.9640718750581229,0,1,0,-0.5078642084447194
1.2150527180576,-2.0790834824331665,-0.9886698373696852,0.8438770974189859,0,1,0,0.45640889441361987
1.2266548694325787,0.6559960317236594,-1.087084637062616,0.2060056751255918,0,1,1,3.1851840467296264
-0.028303168463310477,-1.6602554025456875,-0.3275628892290734,0.17072322821450442,0,0,0,-1.0845090890132951
0.11622476782919625,-0.49349717552737477,0.37724161940844847,-0.6389943381519354,0,1,1,1.0165624583819934
-1.4368134269456345,0.08477308939178421,2.1132104263227838,1.9631100082000272,0,0,1,-2.8256243408803323
0.07627782351490393,0.5362881968408557,1.4540907943917176,-0.09257272464211769,0,1,0,0.21815891708683094
-1.9148409292468236,-0.09770445575313211,-0.32322957977279004,0.27917544876021894,0,0,0,-0.05921208503863706
-0.39153456106348045,0.9265405713444015,-0.37072143657315926,-0.9115210417391201,0,0,0,0.2806563424213903
-1.3273168542768594,1.046997159598292,-0.33863659610092206,-1.2353472636391403,0,0,0,-0.2557921217662589
-0.77281945571146,-0.574523919545463,-1.0653633859886151,-0.2912690285764752,0,0,0,-0.16628057540030095
0.13684711811310182,-1.0964968328928915,-1.322089848728146,1.8057655288273549,1,1,0,-0.5994882698632765
0.20638942697120854,0.42341850430373135,-0.05769970834474549,-2.596188923997427,0,1,1,3.448991904751418
1.268001311654809,0.22093551556288518,0.6860797869069746,-0.056230098763367944,0,1,1,1.076821179691329
0.21873052620000963,0.21720482050040513,1.3808672070869832,-0.43906799239292305,0,1,0,-0.9696991282606752
-0.5220425661753862,0.5526673846187748,-0.8887601711822541,-0.9281050447773542,1,0,1,1.1488728000475694
0.6393390407510601,-1.6350700805264646,-0.969887024535171,-0.18116864706201138,0,1,1,-1.9268592423463562
-1.6940276237268688,-0.3319315292069291,-0.9999782155406292,0.37007275195667644,1,0,0,-2.1315532202434837
1.6871174205353217,1.6541836912137675,0.41355412739920794,0.10578861472825353,0,1,1,2.728913107107499
-2.1688047247484468,-0.4927122840112744,0.752196134308503,0.8222148373378848,0,0,0,-1.0821039539194501
0.6579354802409143,0.4917889045271686,-1.7232992813267256,0.48281638941041616,1,1,1,1.4248624094120959
0.5380893130152195,-0.7002087482174648,1.1940603355814685,1.2719997950960187,1,1,0,-1.2157058614078746
-0.5978932658036802,1.0750990232323403,0.5059777865088366,-1.2864355815658017,1,0,0,0.6833582551168892
-0.4610298428411056,0.1314831480156588,-0.4299601485615902,2.3309861278844264,1,0,1,-0.48647041440204175
-1.5139592463726737,-0.9258182453570569,1.126993386349293,0.6637358196535335,1,0,0,-1.756784811492699
0.09667583611050633,1.6592065860558007,0.1223019619019424,-1.2908794347889414,0,1,0,0.300367584199031
0.5309329976035152,-2.584804814204564,1.8285753495907073,1.3889116245700908,0,1,0,-0.9317209928724132
-0.5585324928067936,-0.9487680216813692,0.7678767006703007,1.0031953706185819,1,0,1,-1.7738934975788854
0.41566499049488675,0.8963754961659098,-0.20486993555872557,-0.6204827264899871,1,1,0,-0.06532715941843925
0.6748687026675653,-1.0910835960702854,0.6362881978297994,-0.350338776304996,0,1,0,-0.7611058098384229
-0.7854244756706731,-1.2899316646296504,0.6080044340436588,-1.5046180878263924,0,0,0,-1.6000357018680442
0.8424183479627572,-1.4411699409000798,-0.1791064908005842,0.013351482605869658,0,1,0,0.5359918472896836
0.4466641970335317,-0.53306538172408,-1.065486162111645,0.46160511775549856,0,1,1,0.6689114526234112
0.06017929428273513,0.06716791783742614,0.13185590222041338,-0.8173322394172063,1,1,1,2.763888688940302
0.7587146648926938,-1.3681373116946145,0.41094188672892223,-0.5456384950071286,1,1,1,2.3327458353822754
0.3003680497759707,0.3962053502838774,-0.9037492233992287,-1.490542928175385,0,1,1,2.2644337880993284
-0.7401689513385272,0.48033749949849197,1.3449494760617138,-0.7194180914666045,0,0,1,0.28466108061357775
-0.6589340238678212,0.6341296409979554,-1.4246439282876284,-2.3207015934669926,1,0,1,2.4811493749302116
0.21202862576183057,-1.1229013401784587,-0.225925440911821,0.6947374080474195,0,1,0,-0.749211298069144
1.0948458736708455,0.390728591222661,0.057076016573529925,-0.30393844879284093,0,1,1,1.8537841744567074
0.1668140743623183,-0.9700235847713804,-0.349731427704615,-0.3105058585260034,1,1,1,0.6965913340865297
-0.40699521074818157,-0.1134022558182945,0.5515627376314693,-0.07333238547566105,1,0,0,-1.5166977667190675
0.02849709148940406,0.19331889848421552,0.2785653045787775,-0.48257359785615345,0,1,0,-0.5222585082048934
-1.1902701686564685,1.747646196697544,-0.001816221685158661,0.21539146092183037,0,0,0,-0.012479204196579718
1.131687197825755,1.1317216185246461,-1.512772333711136,-0.0348571670576527,1,1,1,3.137947275137652
1.3996670394024708,0.7385026116491443,-0.7687020231947557,-1.2463003615105022,0,1,0,1.7272343077404753
1.6526050933522256,1.5036379228377172,0.5893242943013636,-0.4553841482691397,1,1,1,2.7916857023905455
0.8710375356260477,-0.915539242818327,1.7710317308479255,1.2970448224269322,0,1,0,-1.2282941491341335
-0.6935307572409094,-0.7372481196591807,-2.301846402842516,0.6931102743610256,0,0,0,0.12655412318538306
-0.14955143080163652,0.06162451803031668,-0.275511367105284,-0.7123860552378806,1,0,0,-0.24452528001939372
-0.41682942008085727,1.0732807535263862,0.11197178511977417,1.3637210224346439,0,0,1,-1.0573780038709677
0.4083426668043567,0.6345806779057451,0.10688006612127639,-2.5151655519083125,0,1,0,1.8915084138787708
1.3224761552057722,0.2686408609688241,-0.02959459490215657,-0.4581384238296522,1,1,1,1.5335178040469577
-2.4694034613394122,1.5621491401596608,0.7450668869631356,0.420273189771243,0,0,0,-1.5416257237728808
0.38554573778610457,0.5185764655919699,-0.8572835306755368,0.8867884865369221,0,1,0,-1.345022371983693
0.22545455178460402,0.15267591129506045,-0.1851621135936416,1.234572540162932,1,1,1,0.8342902537260172
0.25574878159564274,-0.35189559182197255,-0.5024391041591223,-0.6016902470983069,0,1,0,0.645272865277957
0.6390170808014197,0.9307526652725274,-0.817623146360795,-0.22462794966291819,0,1,1,3.0242282874063084
-0.8917896319864006,-0.9492884817115376,0.41931352085351764,1.1424977946733903,0,0,1,-0.8625026681292429
0.9124592449207535,0.664426159235574,0.7485681562515596,-0.5506908679338485,1,1,1,1.5496021147191066
0.29587305630819394,0.7423691383964716,-0.504656032549223,-1.3556618016070066,1,1,1,1.2864906690731246
-0.22749094277814597,0.2957931129073209,0.14729991341511067,1.7460090710792242,0,0,0,-1.1365969120618822
-0.004208773799839297,1.2426132938648347,0.07246078715624854,-1.2027936619842021,1,0,1,1.8710785217716668
-0.45430283739719335,1.8231767655402655,-0.34179787316689914,-0.0529025189023198,1,0,1,0.4519087961273094
0.06563058322409743,-0.8840502044604922,-0.011084233104526435,-0.6646423300432963,1,1,0,-0.5505947013150707
0.5564717509999332,0.672003061360032,1.7330593844169784,-0.2539757259717567,0,1,1,1.6009642886081692
-1.3001634081146023,-0.7082003760531664,-0.44204164669451995,-1.8420318170603258,1,0,1,0.809767811247917
-0.3680413955431912,0.41675519058731303,-0.5762792230690627,1.172210972297352,1,0,1,-0.4888028101264672
-0.48953759467938923,-0.32586070233299763,1.1422863793826394,0.12523314716232184,0,0,0,-1.951432702014761
-0.059489041473827914,-0.506201216059747,1.3254705837850367,-1.0498363510241433,0,0,1,0.0837523324044
-0.30687613320837326,-0.2408219478773325,0.7209085443936813,0.1828198874406644,1,0,0,-0.9714791898923576
-1.7779978992640038,0.6325565767811159,0.003784437872156858,0.1056146382222422,1,0,0,-1.0629466493818982
0.4362446918506697,0.19843165459339152,0.19422740242289824,-0.5109198888260936,0,1,1,1.459983796335544
1.159881291182504,-0.1033804955798891,0.5818959925657372,-0.8398020286143527,0,1,0,0.03542875424313541
-0.7205747260081639,1.2563632562983813,0.6310346824590425,-0.06537374572846913,1,0,0,0.22183827727508942
0.13713718469622133,1.202646848427003,-0.21357646584536794,-1.8875394700572796,0,1,1,1.1602535534273752
-0.7114152735714356,0.20703390281382725,0.6149707311883925,-0.8459647349487065,0,0,0,0.7803592238897381
0.1721470052527265,-1.4537221900061807,0.6962536715971288,-0.038329553086647664,1,1,1,0.10496868494732448
-0.2372230476833059,-2.3813503078399068,0.7885080128123925,0.2655377830445571,1,0,1,-0.6528233755480723
1.0638368063096284,-0.2901105160938544,-2.317975033699459,-0.14873801361576627,0,1,1,2.175103501238354
-0.5776719471779345,0.6827516453090973,0.38174495804199343,0.989600898647348,0,0,1,0.48607293863300516
0.6132285031686442,-1.059402493024211,-0.7278832053888953,1.2187675890746819,0,1,1,-0.010536711521231576
-0.7387623059640078,1.2674231416861412,-0.3463104566793839,-0.2456244929586689,0,0,1,1.2021989912310445
-0.5592284673306526,-0.8691975525674809,-1.2889402096232678,0.2181772241137093,0,0,1,-1.651009719453541
0.08424814387074858,1.416471507734919,-1.5887960972263724,-0.139121917710969,1,1,1,0.7787934338685768
-1.6458389733411647,1.3276172017125092,0.12999188373776505,-1.2432106384880053,0,0,0,-0.598886364222966
-0.9039825739609321,0.8653624158694079,2.0931216964343955,-0.3378888522533264,0,0,1,-0.2640479455442367
0.7983606952922173,-0.740555023822539,0.40706470977439946,-1.4681122384623622,1,1,0,0.022100550959895604
-0.7061838926439203,1.6480384525285805,1.1191148895110818,0.3218061341207747,1,0,1,0.621863441250291
-1.362717493319353,-0.11519942372509098,-0.7537765863026138,1.5937049133525354,0,0,0,-1.9588197850556628
-1.4520446292712113,-0.11214058765504333,0.9186964704095186,0.5856796278045039,0,0,0,-0.5633469958063727
0.05353202308946958,0.06375243367341817,-0.5131222775691914,-0.14492624546085028,0,1,1,0.819240310579046
-0.5830796731845451,-1.3684388218819115,0.633147753294196,-1.3848063105207857,1,0,0,-1.6988940014588034
0.020955799930290557,0.7756857013707359,0.1948097035896116,0.7657260663605795,0,1,1,-0.03579629885752722
-2.8116024431036193,1.2693167582465577,-0.471133956606182,-1.7944363098453997,0,0,0,-0.3242945926988054
-0.8294984302888277,0.9567967727251427,0.7774854166605212,0.4411460896673786,0,0,1,0.02647602426806206
-0.8122132653033028,-0.2519725722488746,0.12527979044391652,-0.15339026064048142,0,0,0,0.13713799923094538
0.7106504264010777,-0.6276850540546929,-1.2515830060313862,-0.8217035282057333,0,1,1,1.5877920521127193
0.8347243510146337,-0.5029879512713719,0.790599644488387,-0.035474655030349196,1,1,0,0.2792609460164148
0.6129384768536673,1.5544835922532156,-0.042426599728988275,-0.05634931358284124,1,1,1,0.9455071344386652
-2.042025186752289,1.1194085935094327,-0.28707179060200283,-0.22274747590356114,1,0,1,0.5338483320838898
0.7949405200798793,-0.144454499562961,0.0005228750988651834,-0.8069139821657612,0,1,1,0.9360134806193465
1.1469009690706797,-0.5008941401107992,-2.7875147147265524,0.16233023052552684,0,1,1,0.7684743057695907
-0.8434693429395563,-1.2210639290312322,0.06064682518388805,-1.5806631805413485,0,0,0,-0.458655843605432
0.22575696524361016,-0.2812416488887196,-1.4133547609770742,0.8660581646095865,0,1,1,-0.40369555887412156
0.37087847747203906,-0.5142964430868167,0.3662352301089035,-0.4991156652549792,1,1,1,1.3842648977388343
-0.464739686935225,1.3837912566393804,-0.5225213187448045,-0.19419865149278248,1,0,1,1.2126390320038993
0.0764339138252985,-1.6095377061643992,0.9427780123073537,-1.8769682120505136,0,1,0,0.3924859393704897
-0.8564238436861057,0.012034299287999565,-0.7127726250406068,0.29431857276983525,0,0,1,-0.5155391801545478
0.10404915057431743,1.6241859053121213,1.6712169016012617,-0.37367448773300255,0,1,0,-0.03805049449088843
-0.18140740755927084,0.06421786588942434,0.649472931086796,1.6554273019963464,1,0,1,-1.6123378505215147
0.21399937695550136,-0.29627483001447497,-1.3701965679319348,-0.06471133961843978,0,1,1,0.7642019652783627
1.8364844725250535,-1.7109571279377915,0.36032263999880654,-0.08478040627580616,0,1,1,1.0063039951066586
-1.1017235808201946,0.9940621751209361,1.5996649365209685,-0.5053970402593233,0,0,1,-0.5343997876696611
1.1339603877887916,-0.1180605727750717,0.5993512661498159,-0.8802318713772403,0,1,0,1.6851964354972424
0.049001365091831194,-0.7120815200711653,-1.6048949323828585,0.18059091156512,0,1,0,0.02355191470967949
-0.029307963942180715,0.8999106727863778,-0.1834009700410138,-0.3036174256189548,0,0,1,1.4819646281074315
-2.152340241488751,-0.049362125704253135,0.5967522994463694,-0.9620325608282381,0,0,0,-1.6661057596689728
0.9291016471719428,-1.4213271926329365,0.9619961268752109,0.9671520890930954,0,1,1,-0.3934668764689359
-1.1974266552414994,0.45478263253329604,-0.47097973024557055,-0.5112569410868222,1,0,1,-0.2413460742505134
-0.9827516303780188,0.9893654217965271,0.41092465740693995,2.7289210435570372,1,0,1,-4.383224201931382
-0.3109298896244518,-0.6263523315696241,0.5142862876587599,1.2309655649337945,1,0,0,-1.934302724702797
-0.3645431016665786,1.8613299611539167,0.9482322620017665,0.01605141554958046,0,0,1,-0.5823387757044655
-0.9036935606724088,-1.076407708106233,1.2266366157492417,1.2383971221494723,0,0,1,-3.236192797414393
1.4122522565251208,2.0914347191344658,0.2034035826743808,-0.9145184521412213,1,1,1,3.13190478171669
0.6330335083547821,-0.3440264532475001,0.8460431147092471,-0.3142738741458557,0,1,0,1.4134723510191363
2.374033528810786,2.161829152983847,-0.946498065981347,-0.8563143640127255,1,1,1,4.5929027776177165
-0.7741604400451901,0.2200636814644989,-0.567072377360102,-0.5174365786504334,0,0,0,-1.2828996311318783
-0.8169986865249668,-0.13911318485997257,0.1994852028655951,0.8621485468195292,0,0,1,-1.005889575757095
1.937788160768486,-0.8988595182137935,-1.1920765657300427,-0.8018405376243319,1,1,0,1.2855570261037184
-1.2900876355391202,-0.42801357489476727,-1.246595295192165,-0.26608405190624124,1,0,1,-0.978353454428645
0.25985848783192333,-1.4218365065909646,-0.258796564781287,0.4282973915524094,0,1,0,-0.7944043990385469
-0.3197339509302644,-0.6493810214657589,0.6833703425414727,-3.22837842989575,1,0,0,-0.29142665323101513
-0.27289845994144424,1.2846208898758504,-0.4356171379317585,-0.43670032984027224,1,0,0,1.3099923594624965
-1.426260759015956,-0.7441515928564169,1.59616583403005,-0.045616774152234134,1,0,0,-1.5153854467701184
-0.6891260260695043,1.317881006959544,0.8015342584204773,1.0904044573021956,0,0,1,-1.4658279777761303
1.950588511109185,-0.12889291909644648,-1.3467305563310117,0.6138090641550141,0,1,1,2.9373111902101363
0.15498962509417646,0.1618815207354499,-0.3699763331656248,-0.7869943159699996,1,1,0,-0.14113133385504772
1.507795173798126,0.14532076331592209,-0.08993168561244312,1.615963244874534,0,1,1,0.3004890850448868
-0.6318155170951534,-0.7265513710830293,-1.3996808656408959,1.085662137737474,0,0,0,-1.4160302939589506
0.13833195612320595,1.0581138934835557,0.20855128904006837,-0.08278944515344953,0,1,0,0.8956813438683254
0.6515978779689692,-0.4118349031238164,-0.41951211553589396,-1.243222328715611,1,1,1,1.3492578633216206
0.6372465323289861,-0.6645173680974512,-0.8066961059431323,-1.122686620997316,0,1,0,0.02466625970971681
-0.1848086427213987,1.3855723409186098,0.4394026870640551,0.5777453186741524,0,0,0,1.6178421851737421
0.0728872859844032,-0.4718039486796997,-0.7933090883527396,-1.7967090190717123,0,1,0,0.161003315714764
1.0992530281119277,-1.138350265682017,0.4395856542434689,1.3858476203908965,0,1,1,-1.478076734575565
0.32714205315645895,-0.4913058185116012,0.8946511526781455,-1.5133075102623197,1,1,0,1.1472021351813433
-1.7653542543090306,0.6993995483131834,-0.3508875278825784,-0.38627740450883224,0,0,0,-0.35433786076439255
-0.6025856809683023,-0.38828735391508906,-1.3063055791780558,-0.7498779433594124,1,0,1,-0.01569258543505131
-1.098809056923756,0.3009382554895744,0.3384583212447542,-0.5148579009328501,0,0,0,0.09531199157487558
-1.687122825568489,0.6994592993958578,2.0490154118221766,-0.8930946059327726,0,0,1,0.299633495848866
0.814779867479122,0.9998138179868437,-1.8460837455217693,-1.1622158414663295,0,1,1,3.079797301156618
1.07852329823403,1.5886682698502819,-0.21458638237859629,0.8805375886411109,0,1,1,2.034511429807351
-0.764046560901186,1.2339944432842418,-0.3086625778657689,-1.3907460012339752,0,0,0,-0.8135887082775664
-0.3100062812639586,0.35901797662659435,-0.15322807272045452,1.479944240380284,0,0,1,-0.1070661283677038
1.9878994958323954,-0.6844665221597812,0.7641150960187587,-0.9251127645978418,1,1,1,2.5571527067155406
-0.14983356214244975,-0.07195116288739589,-0.19670205254945325,-0.1755301590328119,0,0,1,0.13026906197153182
-0.07838310595537647,-1.132324937169984,0.8103554671036214,1.0778540037174147,0,0,0,-0.8791438682929514
0.32065120876586717,-0.5197836377047603,0.3612787346711379,1.3201044652463196,0,1,0,-1.5350427099165667
1.3117027211523555,0.8592901075904443,0.6615691655466073,1.3412806480911477,0,1,1,1.7079456714000374
0.5119480582849509,0.2256131109546944,-1.8727969774462372,-0.2608990539764313,0,1,1,1.2485884487996803
1.0825132251356286,-0.5023317463317066,0.8271564751747252,1.3484445029666559,1,1,0,0.44732415186053
-0.9550745752506938,0.23671309438227447,0.5118398709944001,-0.516625648316002,0,0,0,-0.9181385877136523
0.8739441900403317,-0.9116390055930098,-0.31845343617161304,-1.7692796121033934,0,1,1,1.9334226199750955
-0.07255905787535097,1.0034831010053145,0.5855371588310807,0.016562553197098706,0,0,1,1.2636418595062708
-0.7902164127998313,-0.04056950510475825,0.9840402090342282,-1.4737033532120472,1,0,1,-0.02266491891934108
0.566858772846912,1.8752495420544324,-0.4760368955231503,0.7277545358617297,0,1,0,1.375391544463478
2.5539639043574343,-1.08182482745799,0.6782653974539286,0.2501053637656962,0,1,1,1.5955240677095817
0.2332496014248266,-0.8454497158711336,-2.3759862982621747,-0.3656569346353241,0,1,0,0.9517809981117131
1.0491090143168007,-0.46841119282920296,0.9950600785423556,-1.6684652915488107,0,1,0,0.4554990479158911
-0.24600081609398639,0.20753211371963498,-0.18411789287523495,0.3940561683119804,0,0,1,-0.7050987432179083
-1.5323687725509993,0.04049696405374482,-0.990239417151933,-0.2869629584774237,0,0,0,-1.2977041834319318
0.5648522788254227,-0.07304618687795227,-1.4408279943362758,-2.747805863337529,1,1,1,3.516957870554616
-0.9890775193110645,1.145167671704332,-0.8013474909382398,-0.9307806623857623,0,0,0,-0.5235670894660066
-0.20523854207638437,0.6217373508608137,-2.0100293653438377,0.4897624439417948,0,0,1,1.2360378434542216
1.9811729385009582,-1.3167318308528668,1.3140001530095795,0.64820488694521,1,1,1,-0.7861196162923654
-1.781450965624322,0.006621626903410547,0.26918408751532386,-1.4045652833231006,0,0,0,0.03556714736803823
0.37895214627326024,-1.5153427025450463,-1.5978296370774985,1.9584571934011237,0,1,1,-0.7079579644338402
0.5339395666648511,1.7446266430519584,-1.3672921108175156,-1.8694170229400422,0,1,1,3.8706590986055778
0.34161894344501015,-0.6989998330844829,0.5740402501586652,-0.8448703462832593,0,1,0,-1.009269677599729
-0.5655876928379443,0.5069663411175809,1.8797464432771278,-1.2867549226761101,0,0,1,0.16066310310465992
0.20789289479511386,-0.36955808542661733,0.6520318263635925,1.1164874424484632,0,1,1,-0.5523523303111735
-0.9314625423796051,-0.42699833719953617,-0.16853191440569726,-0.4102235387277467,0,0,0,-0.2648817339453634
1.5705034815304137,-1.6703269265424818,1.590136292450235,-0.5421716754698568,1,1,0,-0.4961844297139737
0.18308379676970188,-0.2889690678427305,-0.09025873502731081,-0.5052558973726761,1,1,1,0.1089600668678693
1.3380045177606785,-0.1822791342839688,-0.40546718798203285,-0.2491271702332344,1,1,1,2.1985587803319744
-0.26805177732325064,0.37088142954899556,-0.7226774563360936,-1.0044506314486294,1,0,1,1.1787268171262126
0.8910397257322332,1.2470282729890816,0.28846697803545795,-1.1084112839013613,0,1,1,2.301125532438752
0.7133666104825742,1.5129538885055045,-0.734501755217707,-1.9154438068829247,0,1,0,0.7367981310680585
-1.1200566339911675,2.5959742895173203,0.9877889045390054,-0.9910062679362938,0,0,0,0.8185840685703789
1.6085738156162228,-1.8294528912183736,0.7632260567744937,1.1022413437798033,0,1,1,-1.2262133523809051
2.7275192642565997,2.170586338507957,0.5694980547881491,1.4825923587678078,0,1,1,3.3669373815159815
1.0903152638364946,0.5245220361320049,1.2549993686266165,0.3128888968897888,1,1,0,0.7199514889732022
-1.3184856936149416,0.6418334148772851,-0.6347838728054407,-2.353822717817241,0,0,0,1.0027356203706597
-0.8155897599283349,-0.18829843950847455,-1.0107869208152709,-0.19175856919474155,0,0,1,0.49544420497098846
-2.2008802077676526,0.05649296034276017,-1.2669633547646866,-1.6046610557474046,0,0,1,0.15568872346177148
-0.7848578417103551,0.6934153475206226,-1.1171413049501264,-0.13935195630236305,0,0,0,-0.15858329219543005
1.7982965102916046,0.49893971043377966,-0.4496760491549853,-0.16888937457274833,0,1,1,2.4059539564849928
1.060513871260821,-0.8481591133832058,1.8621353336142457,1.2480315104804376,0,1,0,-0.443878812273828
-0.9377673828173982,-0.7268225986970699,2.717039840255284,-1.1746765079909227,0,0,0,-1.4526869412122054
-1.2389226780971216,-0.846972622776606,-2.2277647701339953,0.2230560626214234,1,0,0,-1.0334830694801007
-0.6236343835065811,-0.5395521015715247,-1.0305023010781689,0.9733407725532056,0,0,1,-0.3081965627464708
1.1093973672627608,-1.1883250087131625,-0.11481859612820475,0.16859444436506002,0,1,1,2.5502332469023257
0.5185582058869317,-0.8608951686204429,-0.9090622041952049,0.23300501801788576,0,1,0,0.13683846450898257
1.5204586134368634,1.157046022359023,-0.31689442440759413,-2.254356290237503,0,1,1,4.3408821125839
-0.6171422516050069,0.7881455973391828,-0.13581199743856903,-0.17381592511117724,0,0,0,-0.2917485265216916
0.1496143578212214,-0.35553650684843136,-1.0362311860968558,1.523519990724535,0,1,1,-0.15359192532271218
-0.6865071197992543,-0.7622246283471974,0.15472354660956159,-1.302324063321604,1,0,0,-1.146142154142606
-0.1709666297722393,-1.466508724060243,-0.7057544923577891,-0.8525220071518226,0,0,0,-0.4804101459264234
-0.2841637214283585,-0.1167648382243124,-1.2985872222375077,-0.534061047020162,0,0,0,1.2750325254180441
-0.26980191463521586,-1.8951380026075137,-0.3059597805787108,0.1865723501748447,0,0,0,-1.0681712340833909
0.6159134120131263,0.6204695536383026,0.1850406380982516,-0.7744233282514608,0,1,1,2.084300897670632
-0.4461029246591431,0.04462305917770003,-0.12376415945599235,0.558979781581796,1,0,0,0.009978306200900455
-0.11568646078853642,-0.8529216864936283,-1.1069644308325992,-0.5587250396846873,1,0,0,-0.2924314168252345
-0.8622016397109146,-1.4750544405621007,1.8309217890080416,-0.595786220113437,1,0,0,-2.422051391906018
1.234202689522511,-0.8228509756877456,0.13322958902007537,-0.056563245620256976,0,1,0,0.6758331762509839
1.7528738813723732,1.0172872825577206,0.45378948429982496,-0.11250155056732818,0,1,1,2.1965463139296357
1.987125257707708,0.7319429895890979,0.3741651278197294,0.013955655649556486,0,1,1,2.967265594667055
0.8465545430728838,0.14243602648606,-0.4952773039402128,0.20809821955158106,0,1,1,1.6524817557508853
-0.0030308506417187804,0.34628044346304776,-0.29814449779083607,2.2665022785116666,1,0,1,-1.685131841728916
-0.89732379079819,0.2984023266575978,-1.1526713719663768,-0.28308877699373536,1,0,0,-0.2864327944923002
-1.0192958102470264,0.6921571892068736,-0.24925198467809936,-0.8923831694893305,1,0,0,-0.9155133129736359
-0.04301462967551827,-1.342372539374574,1.324967411543705,1.631944594871463,1,0,1,-3.2810771669855052
-1.2057479292745956,0.1435093561600268,-1.9051407168825865,-1.267974715707178,0,0,0,-0.8001023771469657
0.797343290349476,-0.24178805272380782,0.19391138345625075,1.0784751948257967,0,1,0,-0.6078330570451751
0.28745785828473525,0.42779988932464375,0.6245678944605954,0.39091041918766595,0,1,1,1.11436095328228
-1.3058042385558934,-0.5232276914733391,-0.9819996331150685,1.4982875895522278,0,0,0,-0.43712093161874455
-0.1798381245921986,-0.24624358132803045,0.7465206709314495,0.9259521013416295,0,0,0,-1.0087932063136635
0.8869300268900677,0.24325646022256303,-0.16811185308024418,0.7120104142836908,0,1,1,1.4971991543759064
1.1938062581852387,0.7287939274610106,-0.5481083870548293,0.3660617608225914,1,1,1,1.1540118542453492
0.2589211126047344,-0.7515820236892858,-0.4948265306931133,-0.8076550281005038,0,1,1,1.2473688204114275
0.680497539364237,0.5135151806232263,-0.15289612858831636,-2.132890200331185,0,1,0,1.6985745726781885
0.3705974575674303,-0.1621479274892945,-0.8194910769930921,-0.6158229857798989,1,1,1,2.411502534110571
-0.4016303379348192,-0.853260417335187,-0.234183669114369,-0.5896088221927918,0,0,0,1.1085381353521773
0.20180240464422033,0.22912401817442551,-0.34362810608148625,1.125122752173831,1,1,1,-0.4658111492215841
0.17911717149756992,-0.6416608574827306,0.42235857137014704,-0.9405044928940827,0,1,0,1.397030692735034
-0.5252328816544566,-1.0312304231494438,-0.3777700225481592,0.20548545697236467,1,0,0,-1.2185106021720222
0.30294732069676733,1.6545502389772417,-0.3987663566721811,-1.6487325037993015,0,1,1,2.7455411819598257
0.03596676226231853,0.4087654584610878,-1.3800167162659653,0.508579328832642,0,1,0,0.47072651181523806
0.4382333506293977,-0.9340117896505277,0.89315270704368,0.5653849650114396,0,1,0,-0.690419531315193
0.0706564472169395,0.8438625150690252,0.9754341682154051,-0.6162817250728093,0,1,0,-0.7425658001853267
0.04897956615841731,0.30802660253168157,1.8399046603846925,0.6797795086591406,0,1,0,-0.22816979654893788
-1.7415753111756902,0.4349757057699487,0.3115432837776306,-1.0496426529402092,0,0,0,-1.051319330698614
2.400921882592945,0.1721919538152841,0.1585744032433683,0.02971696997707174,0,1,1,1.95878543691914
0.7771042910902466,-1.1861577310347415,-0.39687816769378764,-0.6625862122693086,0,1,1,0.4093501379971994
0.49448169007255244,-1.4235704509750235,-0.16449923042192027,-0.07559254159350182,0,1,0,-0.18595048118430849
1.8148620695455207,-0.001830542019696951,0.4489072678578619,-0.4845323465108299,0,1,1,2.236948727589298
1.0530652303599242,-1.4100908067538946,-1.147062632736349,-0.7788256094625392,0,1,1,1.5086818274862424
0.5379978808497324,-0.4528415912928724,1.1704355964639015,0.9085374640937608,0,1,0,0.31197380993856183
0.7168717907546467,-1.7449967451120634,-2.3048702293969616,0.4610846291497744,0,1,1,0.8513180733530075
1.7227494384346744,-0.4873506848217779,1.041079725108965,0.8578992706919396,1,1,1,1.299760625959776
0.32534202466413353,0.06342910879875242,-0.5055466313699409,-0.4604534092357754,0,1,0,0.3181130494700023
-1.277818364515765,-0.2581159946840456,1.112764687682084,-0.1285393452668418,0,0,0,-1.065482902946077
-1.4375307354929026,0.48642477104633985,0.042965837108649374,-1.2061756755412647,1,0,0,-1.665636023666755
1.4410176789328162,0.07092747294002122,-0.04237586805133036,-0.8304958939438417,0,1,0,1.8969288995420936
-0.1327378508457761,0.5101981214980141,0.6962331511341103,0.8549279762256619,0,0,1,0.1126768606449785
0.6004046965240396,0.31563228851894015,-0.04256866779359397,-0.8282351419946227,0,1,1,1.6388381917399568
-0.021104492569580136,0.614072099126775,0.9172863994491369,-1.6948772804238532,0,0,1,2.6685198846759066
0.5098944039580405,-0.4075459724525933,1.30526149521009,-0.8681206976378846,1,1,0,0.6919365240651489
-0.7778572807168713,0.7572105506374788,0.9958071619073406,-0.7986664568325428,1,0,0,0.6071444329628825
0.5312787446802612,0.008850946957672015,-0.9350833152689552,-1.1617311642568253,1,1,0,-0.36625149700610093
-2.1988617502787866,0.2284796643813269,-0.2583938901270961,-0.2628641970782397,1,0,1,-1.5835864289650308
-0.21163043584156171,0.009958839358877527,-1.4624082618433831,0.15404889132986152,0,0,1,1.6794098852446666
-1.2879267574976145,-0.33090732110386417,0.8429044373547413,-0.9044597791526215,1,0,0,-0.9934248541767321
0.06346422327294911,0.48704468170117393,-0.8222922835825992,0.20975668634477357,0,1,1,0.2601976943383413
0.15197184116481505,-1.5570799854316386,0.7233626434545315,0.24348936077896252,0,1,0,-1.1402508219923373
-0.09632073908610117,-1.0816619271992187,-0.8721557522662855,1.817047169093204,1,0,0,-2.267697964155567
0.2039845305058715,-1.664053069658589,-1.2614525389184383,-0.6899244116803592,0,1,0,0.06657535812413115
-1.7007947257700735,0.6294360527874677,-1.4445039646904454,0.3714637148933315,0,0,0,-1.1095885260385443
-1.0214269175399322,-0.4272988876210023,-1.6124322505876634,0.2274073585145345,0,0,1,-1.5441792927246416
-0.1642025344716576,0.439360309785886,2.498259073583185,0.01074250305654009,0,0,0,-1.2407319658033487
0.42992416346318485,1.812434060489014,0.6061645772650536,1.5551750123744092,0,1,1,1.073405123301278
0.3037524770028118,0.7117194622059807,-0.3731907302899617,-0.48059128525615186,0,1,1,2.4938031101009557
-1.660262223641732,-2.1336388547086145,0.6540974394543101,0.3268948918171194,0,0,0,-1.832085440688469
1.3370958743794952,-1.045985310779385,1.110790537362492,-0.0631825197454797,0,1,1,1.2328805959451223
-0.07249588507119793,1.0225123511398948,0.2969613231014524,1.2238897055621807,0,0,1,-0.26158946853087295
1.6491102768147454,-0.07449394075300415,0.6675621224473661,0.10748730151112842,0,1,0,0.5161896459972295
0.7133597384066946,1.0264544441642014,-0.12925667731917886,-1.6303430884944063,1,1,0,1.2839260144556537
1.1883652179766053,1.9172101542978501,-1.201723382353948,0.5702719850864076,1,1,1,2.7827146064112513
0.5627437772401865,-0.7581035744392883,-0.22932698856842784,-0.049181364045333985,0,1,0,0.9170340710140084
-0.42761824599356746,2.3653517856147066,0.13059376937702555,-0.10632511338617821,1,0,1,1.3869178578587322
-0.2289136607885702,-0.12137756292272454,0.07058841252590731,-1.059957118521812,0,0,0,0.09010878088113
0.8992393317528635,-0.04667245779081111,-1.7077497863371933,1.0754622157986737,1,1,1,0.3583477603436227
-0.3264971590577786,0.8168559539960385,-0.24709706594913766,0.5610146316925285,0,0,0,-0.22625857562743124
-1.8661211752868867,3.600336841717193,1.7655479001569687,-1.5834189128854168,0,0,1,1.4038797255010538
0.02562735933714848,0.028970027503721046,-1.036227576966694,0.6726656132622834,0,1,1,0.4089241772252105
0.2666319979724085,1.73303628841013,-0.3977445423137203,0.7665474546271996,0,1,1,0.935196601496252
0.4745175828997772,1.0622192446508905,3.478801308906442,0.764895491517737,0,1,1,-0.09061581380866002
0.7219653377185621,0.15717484990984623,1.0804995921756013,-0.4897290364143327,0,1,1,1.338878448301482
2.020739305989461,0.49997051901922784,-0.5308813066884059,-0.7433806339175149,0,1,1,3.0548546286702427
-1.4702779052765713,-0.8383257646164982,-0.09725180419396877,1.1295266954047045,0,0,0,-1.7531223607730637
1.7880693672986676,-0.2750838414018932,0.44176333693835745,-0.41581381985390786,0,1,1,3.279986532032309
0.7386502806139303,-1.3248692163984506,-1.6597841260706172,0.09319554054733335,1,1,1,0.2884176015689901
0.01159284338541802,0.8460720713192561,-1.5463694823951497,-2.5525934091885927,1,1,0,1.870388505699919
-1.3289320006616159,-1.0541508341560897,1.5995798151596576,-0.5764662121733019,0,0,0,-1.0407489294681025
0.09229687712878523,-0.031093683906033155,-0.5183917564332767,0.2141842762629205,0,1,1,1.4706460595868092
0.6181807650459429,-1.5629141684283023,-0.6839606697720283,0.19298667570912037,0,1,0,-0.07644532507922897
-0.023382976879462752,-0.8760684451402486,-0.775296925490446,-1.4126364362835595,0,0,0,-0.5845200265596673
-0.44757798542237665,-1.6745147839070584,-1.010228790012914,1.1295335116417078,0,0,1,-0.928760315684521
-0.5832410793953205,-0.019725170896924635,1.0948199244936194,-0.21670004612956856,0,0,0,-0.09951569582852371
-0.7785645866463095,-0.7960165596239867,0.7615514589225073,-1.0175686626519727,0,0,0,1.7226281601438151
0.6550112192374018,-0.18746643572617053,-1.0868236417263284,0.2310400984226616,0,1,1,1.7378121845279417
0.5849599322987387,1.21357954368419,-0.7560352495551865,0.8193504959064887,0,1,0,1.7454865994140147
0.9700895891487157,1.374219147161747,-1.1357329115808978,-0.5808972233207342,0,1,1,2.1731526082963533
-0.7632226611721982,-1.6807138334705458,-0.7098880834547557,-1.4868743252388041,0,0,0,-1.2494019560182803
1.347063120093503,-1.4932106962269986,-0.13531831517442675,0.3200390695367944,1,1,1,1.562594252152195
2.492392230684149,0.5889478468133073,0.16121282215678698,0.4577121679493485,0,1,1,3.0213249867460714
0.11009215367432747,0.28335308230164086,1.8213615045613663,0.4888032052488186,1,1,1,0.2856855173706187
1.1558163776151924,0.4802382863829831,2.178467153847197,0.6841786746236216,0,1,0,-0.3911673703106948
-1.3118114433807218,0.5932365478892148,-1.109187214798416,1.4538781990405507,0,0,1,-1.7040916298500979
2.3886423384434203,1.110610700664104,0.03591471160608535,-1.4929614589449722,0,1,1,3.726136793134221
0.6376148269996846,0.4245522864566212,-0.9772671725442891,0.33642696040717246,0,1,1,1.2709883610769641
1.2418995992411495,0.4707707248160534,-0.779443400512421,1.1769847993524576,0,1,1,1.1861948568353502
0.30280821274163205,-0.017663976570263983,0.340389597137785,1.675701259889348,0,1,1,-1.2191578252832183
-1.5732053163827027,-1.0496484464034876,1.3127131964575824,-0.5242064210804104,0,0,0,-1.7948495983189572
0.5027466533724363,0.2063303589420699,0.9081141410639021,-1.50484276638256,0,1,1,2.005718332442882
0.002212349368712672,0.5953653082309928,-0.39359013626141737,0.2676955788534923,1,1,1,1.2285746354431368
0.9314058913475114,-1.1777028647924561,-1.2407958132684727,-0.6102474163237028,1,1,0,0.787688400599358
-0.8283595280655539,1.8614648503803468,-1.2277235836668632,0.506159245868929,0,0,0,-0.27945963468076224
-3.0202075486490565,1.0448808823847036,0.6860011745531448,1.538374206860091,0,0,1,-2.3122290469763738
-0.06455733967109219,-1.7931905322971189,-0.3429109569117835,-0.4451021483812641,0,0,0,-1.7178199279031858
-0.3282773315836761,0.32401334835991036,-1.5357973655777462,-0.5312977745020198,1,0,1,0.6594030224384546
0.7375066493575593,-0.41382864057520097,0.7024578844388804,-1.4015824923883127,0,1,1,3.270312934093826
-0.8528378406753274,1.5946745304608052,-0.38691211064625197,-0.4856824304518589,0,0,0,-0.8119957365190034
-0.37398039350468076,1.0580674029693948,-1.542984155989609,0.9082810881663935,0,0,1,0.9321061634719736
-0.36415860240915177,0.9962458671534854,1.657852522158273,-1.110507191316307,0,0,1,0.9785464824658087
-0.7293441375703027,0.2280237432534052,-0.050757569439711187,0.15428680816411747,0,0,0,-0.2503818715823028
0.5675249252594405,0.706303687658896,0.861968149005341,0.21550073740076767,0,1,1,1.5043140304419762
-0.27394505348064735,1.044390371620194,0.8124329524711441,-0.9034673136180206,1,0,1,0.5097491086255109
-0.4864910762126607,-1.3388479711961334,1.976822216523037,1.5713979518275951,0,0,1,-1.8851808984353358
-0.6783430085126534,0.1321558521759561,0.1291158912700335,-1.482160333020082,0,0,0,0.08560890866842777
-0.29848898261170786,-0.09169419782471283,0.0651644736291869,0.14415184400563338,0,0,0,-0.3318778143412439
1.5428350395113228,0.059331510079697884,-2.024157288926991,0.07418316271708549,0,1,1,3.3473266122683016
-0.23134746190260494,0.9533059193597504,-2.224333597856517,0.48270808535860854,1,0,1,1.9259408148158859
-0.6512660022514417,-0.4434296471467328,0.16391899115682845,1.2684212262535055,0,0,0,-0.0377065425425287
0.11280813245919148,-1.3096891233741752,0.44272476727799775,3.089463037503993,1,1,1,-2.5239770282036917
0.8063800088024462,-1.2642227274094682,-0.08440190320161484,1.0422499062210213,0,1,1,1.5661413937591007
0.01663730872524865,0.7495695924524501,0.12876730771124204,-0.2661512637425801,0,1,1,1.4490831926868002
0.4230805191001919,-1.2449814730435154,0.4281334641315142,-0.7544100635465317,1,1,0,-1.0068934344055618
0.6413976374162034,-0.5016238832743335,-1.1998117064340237,1.3467013473866396,0,1,0,-0.042759995208043036
0.7644189070701691,0.45652552718627193,0.3834541629085604,0.935687036088768,0,1,1,0.545954907422276
0.23452278765559126,-0.8831465846635903,1.2550081223900214,-1.2591751307078192,0,1,0,0.3080170343470584
-1.37450442791746,-1.930826478858783,-0.15560253919482311,-2.014811734082192,1,0,0,-1.171318375925717
-0.10860391061782211,-0.12057272001408921,1.5560336356264066,-0.21258010644219047,0,0,0,-0.06281311090775854
-0.6410413694304494,0.16478975111942537,0.24991884730200803,-1.5462269740486854,0,0,1,1.5429928192593994
0.7377754049014931,-1.3468711842442525,0.4868352428770404,2.115369838087927,0,1,0,-2.2095092876015934
1.2905824031017084,0.5360237887181599,0.0984256349772634,3.110988302059113,0,1,1,0.026940293457618752
-0.36572239100322285,-1.1915535930946273,-2.2800799336842155,0.5338697119282975,0,0,1,0.013019922785955623
0.7472167367366525,-1.8538114843927438,0.49102495511197486,0.7332273732231135,0,1,1,0.15572601113186366
0.3817065415181527,0.6519953205926162,-0.7616701590007209,0.4757423916766657,1,1,1,1.608362753932898
-0.22089979383448904,0.19130400606990738,0.8698900833098897,0.9169871485286046,0,0,1,-1.1989790019110258
1.4019477345605622,0.11544633741131552,0.3518773082193839,-1.686951314922872,1,1,1,2.706697709046021
-0.45094259939827963,-1.51433643173564,-0.010316935548131241,1.1654759665870988,0,0,1,-0.9720589221950439
-0.6762004071888004,-2.061039730712434,-0.2642743334989728,0.8698727050308603,0,0,1,-2.760631395277401
-0.861664408491423,-0.2986320439620423,-0.08230569025739376,-0.43838490974636923,1,0,0,-0.5689478218424978
1.0575510848296548,-0.6074414708845034,1.6081952616016764,1.0949297646161669,0,1,1,1.5057172242216799
-0.7370784447674784,-0.9196027899665552,0.2892622252213084,0.28619783341191785,0,0,0,-0.26339683077546505
-0.7497928619539118,-0.09392972354652447,0.36702205477727307,0.01931116487755359,0,0,1,-0.68187370371476
1.073727316944263,0.7276355433108719,0.3337540796662491,0.25250266561796775,1,1,0,0.4848673309429421
0.35453640405160713,-1.1251479482716498,0.0103195539167336,0.10822740338652383,0,1,0,-0.5167345316557714
-0.15331767198480106,-0.004605165052253087,-1.083065320784801,-0.9500389952775715,0,0,0,1.6860209152827101
-0.8480348484055312,-0.236434371664396,-0.9786012841124534,-0.32894342014424965,0,0,0,-0.6282262994389571
0.235259680335368,2.131974900219612,2.010485123525046,-0.04693393997109287,0,1,1,2.0630309362766015
-1.057746580770544,-0.5248551243721993,-0.8585743585589194,-1.110656117879511,0,0,0,-1.173292280519218
0.19533425803787122,-1.0283641224526126,-0.9530426757235556,-0.9749610270036375,1,1,1,1.0988383034578382
0.14640118834357743,0.08342253602285168,0.49475528495315946,0.8571314316591206,1,1,1,0.5786556099414104
-0.07068077060880329,2.7082316672741467,-0.8960426036836177,0.4259344005098624,1,0,0,0.5959837568792048
0.1896705626323184,-1.072562716289193,0.25273733035275864,-0.2262985883535302,1,1,0,-1.0229201254240023
0.6106269073029146,-0.8303008803889244,0.6852751808861145,-0.5910344545703363,0,1,1,0.43539416540764775
-1.7954095045269023,-0.1989498980561767,1.0664472688215325,3.224435044675826,1,0,1,-3.046028575197508
-1.0421253885736215,-1.1767586483482806,0.3721672879495997,0.7735718177402693,1,0,0,-1.4028821982544768
0.7219123570349298,0.7417052651901079,1.6722697208210535,2.0646358394280497,0,1,1,-1.0734969773889544
-0.1514636477254451,-0.969519089631339,-0.2948234153154734,-0.03325717372959995,0,0,0,-0.14563332059892695
0.845352109907901,0.13431563871988972,0.5033519718293126,-0.018555088235890117,1,1,1,2.267801992230868
1.6902022986938618,-0.2399913983457296,-1.0527320719297804,0.2784711643739187,1,1,0,2.8611479071872985
1.5469445297403468,0.9312694582374358,-0.7355014543504655,-0.3673070918159003,0,1,1,3.552040524506322
0.9862721997889943,1.2663935376518063,1.5162159053684068,0.31723385182590447,1,1,1,2.105610749246222
0.1046384601909843,0.35907919038496633,2.0062408855239737,-0.4398067922491233,0,1,0,0.08852477001529022
1.1842552544610012,-0.8005271207456767,-1.6505114479337963,-0.7827086031537033,1,1,1,2.8057318043973587
-0.588982613115732,0.21418660696939693,1.457604994406931,-0.5510154935769607,1,0,1,0.49194614423826477
0.20375499474600287,-0.4830935958516811,-0.335000553293117,-0.35967603781243185,0,1,0,0.3059627343962026
-0.24645412543361472,0.22578250840115296,-0.24029618057924215,-0.5227428387304133,0,0,1,-0.03735844250652187
-0.4561950582084775,-0.4016799509310469,0.7849739241553225,-0.106670124272439,1,0,1,-0.22707789079787805
-0.7238744133494364,-0.10370630361085145,0.8068518700709999,1.2635563759353676,0,0,1,-1.3092318640971736
0.43212049523915663,-0.5548050229136399,-0.08983145044482188,0.7871806068379099,0,1,0,-0.4392830506891638
-1.513858346155858,0.1769492313782678,-2.7110217427189705,1.1065928752392762,1,0,0,-0.74214017334461
-1.9177786770862115,2.003377669371095,0.2048213615652694,-0.5185536415797106,0,0,0,-0.09297705781912419
1.0017308588104736,1.6014737075188323,-0.5052945982777763,0.9957815324962872,0,1,1,2.4495737148907715
0.4124174688249283,-0.22134797369104683,-0.5492573466951598,2.0265775296153405,0,1,1,-0.2681616323331263
0.8266211226880033,0.29470407928972553,0.2822098641240028,0.24269331042672002,1,1,1,0.9747783098025568
-0.11079846256857957,-1.6180905546016293,1.491780654536785,1.5033540007381407,1,0,1,-3.4638854774596095
0.4768059813670089,0.7580915947592624,1.410377688816396,0.22352978623985958,1,1,1,1.0632833784956228
-0.48102248188760177,0.9773443424789663,-0.5997004215835047,-1.2747593873576022,1,0,0,0.12300887997171117
-0.5101311557078498,-1.5283308079997218,0.12857666225735753,0.7030770173655271,0,0,0,-0.445309873863446
-1.1043240053913692,-1.264842841108448,-0.8431266864810713,0.09671897668651597,0,0,0,0.32752944784707105
1.7850147270590933,-1.3966117818462749,0.0076693570315184145,0.05854199602416522,0,1,0,0.8013062009991414
-0.9459238199147507,-0.15393699997305763,-0.05154250900706107,-0.02059756560239371,0,0,1,-1.18683664234602
1.5660043110626538,-0.9047098971938045,1.2881219453044086,-0.7349104677502883,1,1,1,1.09511036246206
-1.195127195014497,0.5974826596692174,0.8970187682464781,-0.19395843400236626,0,0,1,-0.1783265375348838
-0.8918883241004152,0.37510345203058104,-0.02293158430452597,-0.04580929859511886,1,0,1,0.9969733223877122
1.2159771527449692,-1.433943918007369,-0.4870506031293139,1.862964435196054,1,1,1,-1.6692767164909357
0.5810044934261194,-0.9394817846738821,-1.0462247886384004,-1.9041588400364213,0,1,0,0.3526866499564877
0.4142352321730828,-0.35299285769316513,-2.068787418016157,-0.7346137344435415,0,1,0,0.2883599539523627
-0.9161627372432307,-0.31725917315749974,-0.46000440800018005,0.5830815405273845,0,0,0,-0.8735390112285035
0.9633299762819786,0.9002057048536815,0.5626494054536093,0.9293438824091292,1,1,1,1.4637617922541089
-0.8494216099516617,0.5808524825763167,-1.0640273286976636,1.147952100626194,0,0,1,-0.7225579927196035
0.3050820318789419,1.7652766977759053,-0.4169410830392981,0.14603792542413715,1,1,1,1.7595666559250358
-0.7110672671219542,-2.188716570721345,1.3980440029339534,0.15135972310309967,1,0,0,-1.1326761400705068
1.5402977082538793,2.6922229919205285,-0.5095617015726014,-1.8197242437947183,1,1,1,3.921260467287856
0.4005331945546462,0.6534972742088085,0.013739897877173635,-0.9523795436017558,0,1,1,1.8789917478177893
1.3379566031971897,-0.20717504990655158,-0.31521064320099507,1.3505839048050041,1,1,1,1.1552014118814555
-0.14940172639994953,-0.9694553132771616,0.18749278978021083,0.2196935337731414,1,0,0,0.4871533742735791
-0.7031537049836377,0.7571607809174417,1.8191026535351371,0.4259264606480572,1,0,0,-0.5355373328316104
-1.3535879030779565,1.4673303077109696,-0.5349988351424252,0.550887469648392,0,0,1,-1.5774253756760703
0.25508516186038943,0.7436937411541026,1.0500274110413919,1.2841816473044418,1,1,1,-0.9563764961884804
1.1870153382008328,1.055848365712727,-2.214917330973733,0.09448869829555778,0,1,1,2.876027476405716
0.5340616619988252,0.03823408255169904,-0.27282277334009336,-0.8106935504212763,1,1,0,1.1061066623189801
-0.7022862355545261,-0.3764654857751235,-0.25491375825306467,0.3272799223814546,1,0,1,-0.6284908940665077
-0.4426080448109286,-0.7896332007280221,0.33199021550405977,-0.4910760472439199,0,0,0,-0.9386769287515934
-0.44199618044482036,-1.837776264862951,0.13258291010836068,-0.9904838687940339,0,0,0,-1.0920933983566448
-0.02569720909961617,-0.16531380454422653,1.0255284156954514,0.8930511180757575,0,0,1,-1.3190497928912963
0.694174016626929,1.1287507833651031,0.657807353243977,-0.8990734978509191,1,1,1,2.8146589048784776
0.14096424152248485,2.0231419920231564,0.36615467696274095,-0.8423082699925165,1,1,0,-0.11782750547410326
0.7110542782771274,0.04695940656876814,-0.3437718732737165,0.3370906361888903,1,1,1,1.4800218976448423
0.442507584388143,-1.552498997705108,0.5228533881996243,1.1484934448146955,1,1,1,-1.4833999132632711
-1.0064044247319017,-0.2886039355439372,0.7855968209619424,1.1239102185879517,0,0,0,-2.053759764911253
0.0960017606929875,0.458778758235191,0.4037353372159895,-1.0045609653524203,1,1,1,1.313201311023174
-0.991570092901873,1.6745915987649518,0.2809329038720661,0.35369740189525933,0,0,0,0.31308453047259516
0.09818460087848992,0.22836795687024714,0.5330133176785838,0.49373230989011574,1,1,1,0.8572088231320828
0.43651371686948415,1.3156553108198596,0.044285719425881095,-0.10978999323090428,1,1,1,1.0529857137722356
-0.7699632301136624,0.7205876939833058,-0.13763514174067956,-0.47633593398965646,0,0,1,0.043721286482445
-1.3077196749861675,0.4981147761460141,-0.9392149025868203,-1.5921764518416055,0,0,0,0.22550442368744028
0.21445747375871455,0.39787719967673174,-1.3377191887919826,2.033565630212939,0,1,1,0.6697228004593474
-0.1135944352680504,0.34644330213206626,-0.9814169843204382,-1.2459878550070738,0,0,1,1.922241718322354
1.1608815988611263,-0.21117470051638862,1.4870689428447548,2.469079250790779,0,1,1,-0.5734124526813301
-0.6458276022868202,0.02503664701603283,-0.3835649017348422,-1.6429099113483363,1,0,0,-0.23017027056440656
1.630572635353986,-0.45951204964064485,-0.8428002745946588,-0.6471680679639845,0,1,1,1.7602370502787208
0.6579113144692914,0.7989341153724381,0.29346022787444803,2.2763427129266915,0,1,1,0.5697567404761718
-1.4939156772184368,-1.410549049322089,1.2943402964672044,-1.0787813191576168,0,0,0,-1.0252643821125251
-0.6638998345526266,-0.8086142977071187,-0.1859393011012138,0.7464477254016374,1,0,0,-1.2876965606685402
0.03473873245508118,0.9252364056618119,0.1499536160198134,-0.26293512486289383,0,1,1,0.7310210322918926
-0.1131154331325438,-0.8945941949049697,-0.4141328837529837,0.14547091521350727,1,0,0,0.09503726477923957
-0.8774448984674165,0.44955015872898596,-0.7987641068942346,-0.17650925846551674,0,0,1,0.32969259852322474
-1.8003741034743892,-0.36309242030197786,0.989176772306658,-0.33199475690645475,1,0,0,-1.8384623444404575
-0.3025189722000512,-1.3304141883278107,0.040239417012682986,-0.9287308385928601,1,0,0,0.20024491015991241
-0.21867350096489813,0.04603086929431646,-0.3294592957978499,-0.7311844677083685,1,0,0,0.6997873806395126
0.5756680022832609,1.3480400940037323,0.8508647061950863,0.3574058904062476,0,1,1,1.554955984720404
0.19432851033876883,-0.23310027637871794,0.6072774265131762,0.08754995317298063,0,1,0,0.7830494524256297
-1.0642929549568267,0.8056108394550703,2.202069874169771,-0.09757788875723665,0,0,1,-0.014759317705510588
0.7755943251504408,0.8975063707914299,-0.6720250759462177,0.3056125364733035,0,1,0,1.9289881357154066
-0.5853413652203916,-1.3573840256441019,-1.2094105220879927,-0.5100697411343877,0,0,1,0.18542687181065276
0.9547340249664931,0.856275638012001,0.21927368762852162,-0.30108160589533484,1,1,1,3.514430721875926
-0.46156971439253464,-0.5214169738761059,-0.9894605249352842,-0.6429706799269606,0,0,1,0.5144507215605594
-0.5414755305643434,1.0273953610950475,1.9469325318998825,1.0304525277263867,0,0,0,-0.8339203394101801
-0.0035677557978533417,-0.2882982331926002,0.5598031091059625,0.32639013290981556,1,0,1,-0.2454331949855681
0.7685574442259219,0.712947942335695,0.7217750803362473,-1.3508071164062214,1,1,0,0.7174393628967335
0.26300431097888655,3.163086042780814,0.5140016621001667,0.1717965004100674,0,1,1,2.544195633377619
-1.2869357085110478,-0.4888382857306564,-0.2604686878203619,1.0155152053647358,0,0,0,-1.553757144600364
0.9688547672362627,-1.1106883353752663,0.09537881741226824,-0.29661668738231173,0,1,1,0.4088439607798119
-0.6615856317385802,0.1637367814444048,-0.5615978204796929,-0.21938428510813285,0,0,1,0.4546861093674585
-1.4312521033119716,0.7872874412119197,1.0326268424196317,-1.5003870562652817,1,0,0,-0.733718297561943
-1.6865134737552254,1.6366003121721995,-0.7786230993091489,0.45687395647661966,1,0,0,-0.1681756432352865
1.2978108815749587,1.5133753505922547,-2.1282893136119188,0.8102894107287779,0,1,1,2.119788614115496
1.5170972923809996,-0.209386101009211,0.4456308984772756,1.3136653686610358,1,1,1,0.5007792328953203
-0.5383476337445348,-0.36096860413088205,0.6195878632080124,-0.3802101200192376,1,0,0,0.7217082242631908
-0.28679669073328745,-1.248633083607512,-2.598574568133489,-0.44432905875242595,0,0,1,-0.17185813661027172
-0.051347308219772826,-0.7855983835710851,-0.21991815984420957,-1.8780509845578048,1,0,0,0.6783250597915537
-1.2498838706405426,-0.0007106081054198044,-1.8945760521388135,-1.0925211603902676,0,0,0,1.050410499679457
0.13434313940015688,1.1326106215026708,-0.055054742204919384,1.155436845628522,0,1,1,1.4600126073554378
0.5505412853325207,1.534041606379615,-0.7229606072523199,1.8883801901199746,0,1,1,-0.2859016136070264
-0.4199574343067065,-0.8878742395944373,0.4988720177352012,-0.6753532434409554,0,0,1,0.25741367187336767
0.23951158141356715,-0.6094822097883354,0.4573820935379055,-0.3310928052897773,0,1,0,0.6093596160462288
-0.41165308387159344,0.16911097145689827,1.0540670494169833,0.7000238372099673,0,0,0,-0.14380617587290168
1.0163154454472534,0.4277045754474589,-0.2679425072494606,0.005337675490044052,0,1,1,1.4580092438426027
-0.9132741741815519,0.5717266818349289,0.14896163870262366,-1.111944681474543,1,0,0,-0.14267407639938973
-0.4654754407717776,-1.4142809814894568,-0.8034804799371834,2.0677462012489287,0,0,0,-0.8542430588064254
1.425044296807155,-1.158549491561684,0.2011838982030226,0.7381608658864833,1,1,1,-0.4183924806692492
0.18308936259153422,0.9224741971270066,-0.27694324000871284,0.9131051017398839,0,1,1,1.001319631060399
2.402257162052311,1.2042005907364999,0.49595884372789983,0.9989409190288979,0,1,1,2.3221729938132962
0.7393413314328915,-0.6242782683679338,0.428284945292644,2.073162167387274,0,1,1,-1.4327945442749155
1.161588438606832,0.10395538788143603,-0.35357196310687705,-0.7260833279255321,0,1,0,1.660324342264167
0.6486633406772127,0.8372524247718199,-0.6830925051921123,0.47050414643089206,0,1,1,0.710384824575573
-0.7531194756822754,0.3517180255881239,0.9452438405446086,0.9964039437859756,1,0,0,-2.2528161088303764
0.9357736711294469,-0.9547311871196777,-0.4560427086544361,-0.214247245969586,0,1,0,0.6992879777714145
-0.9886178014360091,0.2664999296238136,-0.42048407461983683,-0.15631550673440273,0,0,0,0.016171444590514394
-1.635393045971158,-1.094737648885287,-1.0752334468313374,0.7754483727575145,0,0,0,-2.3305738325566643
0.39032024806224225,0.5004361536871329,-1.059507999006796,-0.6764883309069283,0,1,0,2.0727928181875432
0.997276014674873,-0.2987097590064797,0.35854224430596104,-0.16967396363024015,1,1,0,-0.9127666474775389
1.2376493744307113,-0.7281763540277364,0.025454028524445258,-1.8214957149941693,0,1,0,0.9957698050487376
0.4139962897824065,0.0585438413716919,-0.5391478881666871,1.2169741389095774,0,1,0,-1.143025065137399
-0.06899133861243663,-0.6931531641138456,-0.008135511789521526,-0.36007238580631146,0,0,0,-0.2323537384085324
-0.1354294280845031,-1.1358766503640316,0.8550079825914197,-0.5614933327807587,1,0,0,-0.09845306957353861
0.5307387451311116,0.5969590281486362,0.23117766912652085,0.17090185262654334,1,1,1,1.5656789429018552
1.00249200397917,-0.6833135910960261,0.9972499260044517,-1.1606696601923658,1,1,0,0.22801934796931506
0.027206094482339377,1.306392715089786,1.1491030048501065,-0.12593589833190888,0,1,1,0.9807170786302863
0.6358248483860793,1.1189226134827501,-1.0261642116479115,1.1124569885322417,0,1,0,1.152544636074217
1.1575526690006706,0.8421840602996127,-0.3339571990830193,0.4421595035716657,0,1,1,1.9474763780802737
1.201126876983093,-1.3622248475463061,0.09421745990478415,0.8745998181168166,1,1,1,0.4346986960027994
1.1664924107802994,0.6030927976279732,1.8704766367028953,1.3413151195437825,1,1,1,0.021651234190217028
0.8364991845589673,-0.8827913048609217,0.3852176239276133,-0.8733125011555433,1,1,1,1.6029055416284226
1.7321014859636987,1.0151353137551156,0.45302703330414323,0.7239984236171473,1,1,1,2.4662863370929196
-0.8772939260581364,-1.0210165397369415,-1.4601273742107532,0.4771072633331218,0,0,0,-0.33440494703125434
1.6795514863649892,-0.264024510323794,-1.0415027289880938,1.7559148998262255,0,1,1,0.5217737104054376
0.07755209979086745,0.6861198918729213,-0.1840456357635154,-2.3223252429409142,1,1,1,3.967038733716307
-1.5404845198347465,-0.510710206314465,-1.8482731885133943,0.06402545140101545,1,0,1,-0.5350392622990314
0.1259211622854485,-0.3970470684396103,1.2154837296440772,-0.24486824044086994,0,1,0,-1.3864859026361644
0.32241468664909184,0.1320756787341984,1.1372516089108844,-0.4879080562792744,0,1,1,2.401053488276194
-1.3175215378485643,-0.163519264515675,-0.9488643309124202,-0.292678442376443,1,0,1,-0.701639355559733
0.029769038843007512,0.2486001220094809,-0.37413612972677973,0.41004550012993385,0,1,0,0.3150638638419808
-2.1852815275164414,0.22090299612156977,0.2697820805878067,0.5233474994222154,1,0,0,-0.9723323867904717
1.7000811239921614,-1.2671946231324724,-0.19117821724379497,-1.013322377671902,0,1,0,0.9230843083028093
-0.2590478357565701,2.388766695045009,-0.7647504181189368,1.28074494730915,0,0,1,0.1772433469906865
-0.004709219642992349,1.155881604755875,-0.40554852898048116,2.914690940759144,0,0,0,-1.1018721038309924
0.9571708486733143,0.5180729439948448,0.3609120840020054,0.10621300172078937,0,1,1,1.0070801879713147
0.011144357602876584,-0.6892633807243252,0.5073393509021941,1.2773847220782624,0,1,1,0.723060731565453
-1.257283118255632,0.9867600198397006,-0.4499231176432184,-0.7587168059662459,1,0,0,-1.0997085907823454
-1.9303610328491576,-0.4497987589018252,-1.6436784212602402,-0.5803304867318118,0,0,0,-0.06883654114768267
0.6617519673122926,0.08694265732446785,0.047772580047545955,0.21296969281574982,0,1,0,1.0283517298230411
0.7988979140077695,-0.19527193553556274,0.6759722455120494,1.9288324245027824,1,1,1,-0.6660765287437937
-0.4333259154824355,0.22036032030114797,2.3900714677340593,-0.1269774348433451,0,0,0,-2.1243157919939275
-2.0030555352689707,1.7270737018735236,0.7309411701903976,-0.03814795080316498,0,0,0,-1.6342439688547268
0.3260608768028347,-0.3839569492103997,0.40868196445944016,-0.6657197102629495,0,1,0,-0.7054381035004265
-0.01718422731963478,1.35285936829313,-0.2346418581517208,-0.9413273636262263,0,0,1,1.8803353401509109
0.616309205547578,0.5012363895003262,-0.7203825956329513,0.10954727176651192,0,1,1,0.47210244583023553
-0.7935009838010589,-0.8272552289909427,-1.0129436953068403,1.41135946837086,1,0,0,-1.2401562494107368
-2.0921232745683205,2.3201482148672143,-1.2853391294742547,0.7594172193942006,0,0,1,-1.395141443537479
-0.5489307389168399,0.7720053611713513,0.4964135974042085,0.12688644045024386,1,0,0,-0.633679132191745
0.7723289301937087,-1.432072501896983,0.7492213368472965,-0.3091934226083979,1,1,1,0.22577040700642065
1.0400502475773925,-0.3125476849929204,-0.26331383217431725,0.9636336634888927,0,1,1,0.7970147123111513
-0.34769488579265734,-0.8443763492608372,-0.2296855506188466,-1.8982348277407883,0,0,1,0.536278656485407
-0.5626610260733095,-0.810621977193313,0.33693731568083163,-0.20416890963976306,1,0,0,-1.6811437234918343
-1.8069660015708386,-0.7895621094360645,-0.7278123662497806,0.08867299987881182,0,0,0,-1.0989055761165565
1.1890789278877123,0.06920720734714515,-0.7258989871311842,2.0194836292577962,0,1,1,0.5776082590241507
-0.45404565034930666,0.18551507073540555,0.41799871351500645,-0.602630769210235,0,0,0,-0.2206796577224707
-0.7172786121264795,0.7433960121576235,0.9992023745140556,1.0455429709811122,1,0,1,-1.4781266081057844
-0.8948353994486725,0.0736126962488555,-1.0276805631987649,0.6648241207323289,1,0,1,-1.5084347531133604
-0.3998970302748236,0.06976113883552255,0.7041125697498088,-1.85866083902061,0,0,0,0.7579811370452432
0.41323184640506844,1.4834957771248447,0.5144158802396857,-0.2569059905208615,0,1,1,2.8912077482574334
-0.38336085901816014,-0.6371915229846681,-0.8144127380500861,0.3436087857397939,0,0,1,-0.18007559846747034
1.346754239710957,0.5141332035727052,-1.6678529440899321,-1.9062252170044152,1,1,1,3.365682995201113
0.6450180063546316,1.0486524000641329,1.7518088007478152,0.004039318948820895,1,1,1,0.1408955471725507
0.3652809350778482,1.0646893597376605,-0.4750411407520374,-0.008674723678716995,1,1,0,1.054699848504931
1.2919461479012455,-0.7271155675274545,-0.57049976685037,-1.7487606734245558,1,1,1,3.0916897531069525
-1.2070785747353217,-0.3902630961584427,0.6330295451476042,0.8895685114813253,0,0,0,-1.4015994062941275
0.1380175054388447,-0.05240322454600425,2.2631405588915956,-0.9125891102991408,0,1,1,0.19948691486022296
0.788793599718625,0.7107646193307913,0.2620744196610604,2.137471185997699,1,1,1,-0.9753267372040204
0.815998268769888,1.1012157628959287,1.3650681075737863,-1.666866624596521,0,1,1,3.7531155105182323
-0.42602763584650666,-0.10687057425859671,-0.8684594918600957,0.44402615912625204,0,0,0,-1.5373547296591763
-1.2007062847244674,1.4789659667217507,1.9663569601424018,0.10294863027395253,1,0,0,-1.3383740782227476
-1.8571229416267092,0.6326151892943119,-1.8848068494425263,-0.6424215450563407,1,0,0,0.9844734230865582
0.4930480101018769,-0.6774942377299941,-0.04145083207582461,0.24172225061365105,1,1,0,-1.7813866359081771
-0.08567907453940225,0.9347442146878153,-0.25761990821422975,-2.1655486744237717,0,0,0,0.5134259819627399
-0.1748505426083274,-1.6994784461284431,-0.46478798506176877,1.172595150271309,1,0,0,-1.8327894956990494
0.17641672029287767,-0.10640983798636684,0.2096046818509408,-0.37385337791283835,0,1,0,0.2994821740624326
-0.05012426479320823,-1.9159549847559858,2.2794306358504457,-1.0696045444529774,1,0,0,-0.9901301800053918
-0.5063935724632682,0.1480506147684733,-0.06807794505953552,-0.2094932705552051,1,0,0,-0.12309743754434177
0.7492876407089846,1.0743375537088862,0.20961593086856967,-1.0951561462397612,0,1,0,1.3640226931662094
-1.3440637363697467,0.7314886069975631,-0.9444861904292694,-0.7146059958630196,0,0,0,-0.4541848949879785
-1.120933743351838,-2.2553851238640936,0.5506160811268559,-0.7090219727557373,1,0,0,-3.1549580417017715
-1.3027669922089096,0.3266770808884595,0.1123607222716563,-1.995946678497217,0,0,0,-0.383439023421361
-0.34234235309240796,0.6644866992645142,-0.39084226720104015,0.3301244865599386,1,0,1,1.0931294639021556
0.6229776439630833,0.8316301578384109,-1.9422698634926334,1.964234000947523,0,1,1,0.7764901906787272
-0.7629049456767043,0.6796898175815558,0.45766102724766505,0.06493112060459341,0,0,1,0.3393772137203849
0.14575667361607025,0.8256097903305742,0.5669941398455824,-2.0738250931658753,0,1,1,3.587324073679734
0.9369254163639693,-1.3575237470615287,-1.5524879929449829,0.5933671453501831,0,1,0,0.7548660315323067
1.7666496095487103,-0.03291750385620167,-0.2772729928185725,0.14589500786040158,0,1,1,1.4459748285319
0.8537942239028766,-0.5991480979277408,-2.1412801245976194,0.4407429110513025,1,1,1,0.03155482096133838
-0.4959423092321508,-0.04106811905282783,1.3321995517661471,2.47788477763121,0,0,0,-1.7058174514345696
-1.4846709712334636,0.2722318838025444,0.709498872567094,0.03513978418516078,0,0,0,-0.43021843348397515
-2.488846047448678,-0.8130705859917021,-0.6674525244868005,0.37512459692311506,1,0,0,-1.7647771889025612
-0.5750430252473878,-0.4661480707946624,-1.5900248972741868,0.54851831111872,0,0,1,-0.7903633536125928
0.11928721841990896,0.58956518580767,0.842779337105401,1.789436385634215,0,1,1,-1.5560061884839835
-0.42408282972649763,-0.5234524089722054,0.14516399326139298,-0.36017210420146584,0,0,0,0.3926374377248273
1.9525830317322743,-0.4021927051572625,1.140936002662292,0.23336679917214234,0,1,1,1.7232318866768366
-1.2730629639331712,0.09455413624492905,0.051700327010948885,1.399749812226669,0,0,1,-2.2635811919630835
-0.5971731746433261,1.306796610122748,-0.23915953274910076,-1.1114538586374747,0,0,1,1.4717726858905191
-2.2716423021441594,-0.30845006959937465,0.0021162344842642986,-1.7678966526907196,0,0,0,-0.10114100723687769
1.1586375824916655,-1.524217064096967,-0.07267300774642077,1.4912279011572782,0,1,1,0.11105366245553744
-0.5953876919923972,-0.9069144920460718,-0.8139991356694857,1.385920488663853,0,0,1,-2.535221325813597
-1.7989577297311503,0.15726020261079368,-0.7003296606425053,-0.15488750867631854,1,0,1,-1.806246273534383
-0.1643933004255367,-1.6580779425963066,0.08735019138783953,-0.0047667771219758355,1,0,1,-2.1093083176331686
1.453980292984221,-0.8147463699808908,0.565085933618993,-0.8353557780378927,0,1,1,1.4439062078050477
1.9650953662994592,-0.8328416513574273,0.2714807379616136,-0.7075427900548373,0,1,1,2.760273194843065
-0.24963355778662294,1.9400029991712346,0.39207226823927166,-1.202826853938789,0,0,0,1.0970086724626333
0.6230891591309238,0.7938193840635277,-1.543854345242556,0.28500705467336424,1,1,1,3.472701813649204
-0.4251234093921293,-0.7786070042578939,-1.023134044996313,2.3344271813255775,0,0,0,-1.215457976686755
-0.22397567200264915,-0.9006370755666225,-0.03606622609614805,-2.3408648354243375,0,0,0,0.6499702296166283
-0.5217551062575136,-1.2167885198572248,-0.4268967069145606,-0.16490247206627254,1,0,0,0.3674509482766366
1.5615853890624254,0.09368860253329847,-0.5342248694807944,0.4163783004751193,0,1,1,1.3272959007319636
-0.7023910471961023,-0.050671358107403065,1.261812710863844,0.2789512198913478,0,0,0,0.28298594269455013
-2.021722669020034,-1.411173672734244,-0.1607361550117888,0.9005501906771552,0,0,0,-2.7698065920895267
-1.1275578122225427,0.34632956739140686,0.9136695292635026,0.23038488664710113,0,0,0,-0.20870100821849036
-0.6168010700795171,1.0810060946108377,0.22674183114093352,-0.65026364764375,0,0,0,0.7743417556924654
0.16811098087465876,0.51955573763663,-0.016240889064857232,-0.9722477396851189,1,1,0,-0.38118620139613146
-0.5680361029407878,0.028985382973097124,1.4126470310695385,-1.2909772066295384,1,0,0,-0.8966451848001535
0.1847446373309451,1.3807556631076854,0.7799891808799845,0.738374469277605,0,1,1,0.49305059968192316
0.20220164771852403,0.3311857712858376,0.22447419264748733,0.31237065993028246,0,1,0,-0.3365881513839894
-0.37644421024002045,0.2737402716863829,-0.012118553406175113,0.1464300383166895,0,0,0,1.2598229802925878
0.6632369964271364,0.7510245282295278,1.8160393615253192,-0.6617508386132406,1,1,0,0.2756481378752552
-0.9281455167320352,-1.3855313678631214,-1.1374155785152849,-1.1526215945689666,0,0,0,-0.05836430032902501
-1.021517511154882,1.5168751826373845,0.47626683013662596,0.023478926213845036,0,0,1,-0.7797455997438248
0.9259934912580224,0.17812926589552647,0.2137132771937365,-1.072305794230648,0,1,0,-0.6543130330915342
0.05553250338308251,-0.05965877250857584,-0.27509221347232543,-0.14678075143806782,0,1,1,1.3406555292500892
-2.8855370790093957,0.709638306964099,1.7986176691427627,0.6665394810239886,0,0,0,-0.6925850090440406
-0.45262374463930666,-1.0435136146845436,0.31980886684797855,2.820664428865134,1,0,0,-1.6258342436550262
0.5450255219217219,-0.8274080852204734,0.021033754180669273,0.004349216738622842,0,1,0,0.297353182997476
1.4555389986073688,0.4229218999074289,0.00705111514288801,-0.9087535887312633,0,1,0,1.3719492108043172
0.6686806863609452,0.5204004210010553,0.36256685231675895,2.6547203054321047,0,1,1,-0.008668783878686678
0.31582851956635827,-1.3077253444148886,-0.12889852429984994,-1.7651982179456644,0,1,0,0.08390554982202059
1.0189382416588109,-0.1567856528530022,-0.5236041820570769,-1.0660037897272607,0,1,0,1.229043620153377
0.9998701826604885,-0.8864674928558538,0.5304159118041429,1.63961021700538,0,1,0,-1.727506702955905
1.1368947137278531,-0.396817581957502,0.7152822857615837,1.1075591419116615,1,1,1,0.45161441394643675
-1.1351230423728413,-1.0127011150728065,-0.5950774388794512,-1.7837929810640323,1,0,0,-1.1676262036862708
-0.09389767206059124,0.7638633608352422,-0.5235996562231325,-0.5513658810538924,0,0,0,0.47578574676655205
-1.5063892834621568,0.20783053411962446,0.03829098705923834,0.2925590307998943,0,0,1,-1.0468049505737669
1.048997428731314,-1.0106766860474488,-0.5474186517332215,-1.7612730690903595,1,1,1,1.7755953283813002
-0.6756855172524523,0.41315272958819516,0.8652703622756203,-0.42468079192068037,1,0,1,0.4462419341292236
-1.0181307211610489,-0.006656234943751638,-1.4278909224604384,0.3843757414931321,1,0,0,-0.21101887135180913
1.7881744722756965,-0.05081116238334867,-1.1433362969606353,-0.8653924649616414,0,1,1,2.237613508819414
-1.0853769874538257,-1.419555203356642,1.4990227898190216,-0.9001781282055709,0,0,0,-0.5628234457041048
-0.41204182163139974,-1.1220030780518129,0.3001477806153514,-1.5138771062251208,1,0,0,-1.380479286094912
-0.01800336790952845,-0.26736662803243594,-0.5915730154982539,0.08264672635538356,0,0,0,0.35378426126516005
-0.20105991331142092,-0.9201948787200173,-0.7792856469381326,1.077697830861532,0,0,0,-0.2772881483419441
1.1079613172670215,-0.46428268216208746,0.5446932942022057,-1.1479295417365447,1,1,0,1.1323458145899243
0.5815032528552923,0.5212961150482633,0.47665551259200156,1.0020134734782782,1,1,0,-0.775079161463532
-1.0103418967943838,0.6929340376883275,1.6778192142682435,1.0946591177978948,0,0,1,-0.4020130543410617
0.7670088402792614,-0.15304226566470153,-0.23244384502996576,0.10290153367518023,0,1,1,1.6141815216136783
-0.3047425153132797,-0.3808749356598185,-0.5652522294611249,-2.0019600525208063,1,0,0,0.9520340212838199
-0.5885840156679494,-1.8170742542516964,-0.4618747691007973,1.1776227751605741,1,0,1,-2.3730981326784875
0.5569332805246332,-0.1037340835576334,-0.14933770209649538,-0.7760681899773744,1,1,1,0.6362510185151254
0.39995395568578807,-0.4911224258345012,-1.1183284851915902,-0.33228680812548833,1,1,1,0.0918090337646299
0.10563063908317463,-0.42012015008952464,1.4331165579622631,0.6881545770019016,0,1,0,-0.1039402634139106
-0.8738264613072915,0.5732901904414829,0.27237230063472456,-0.8843701749224326,1,0,0,-0.3691550734959645
0.051682634499282294,-1.3236642874810287,-1.7646450140247871,0.01246689483392076,1,1,0,0.556244952420303
-1.2337217784022751,0.6538851133572277,1.3528926000785269,1.3931558008673373,1,0,0,-0.14784672196887683
0.7172475116437519,-1.036100150808412,-0.3830142474842079,0.6065057427919582,1,1,1,0.4852314504213431
-0.3231545723493166,-1.4567842247156795,-0.8539773418158542,0.47284898327866637,1,0,0,-0.8808398705561155
-0.12799511143434186,-0.9308309895671979,-0.38878544454295194,0.2984824831413984,0,0,0,0.9004326673267814
0.6478236085781813,-1.1184208915680283,-0.6307511946044552,0.5579009397103255,0,1,1,0.24130551279388618
-0.23612899651049543,-0.1354073658445279,0.6535445024217515,0.42176638875728395,0,0,1,-1.2129323146742905
0.43160873129836475,1.7566798330853093,-0.15645382648462175,-0.1276860357960903,0,1,0,1.769561367843993
-0.750086309409802,1.6194689601358356,-0.48454838531454714,0.08208975773244745,1,0,1,1.5262541306928372
0.2359018403596343,-0.33404835080807105,2.918134763141482,0.7287317342240492,0,1,1,-0.6721453344159337
0.8762059639533174,-0.2243979682116576,0.08882966129022965,-0.6194128408251384,1,1,1,2.2401679319846415
-1.8679125874296607,1.245740775881339,0.42702342943431176,-0.5309443780276727,0,0,0,-2.1531738196203767
-0.49135458501635365,0.9466233392867108,-0.8043175870895297,-0.3066186228562652,0,0,1,1.354020890390719
0.05245618257171738,-0.8512570080783011,0.18007907794589428,-1.6904603002876113,1,1,0,0.39155743689871036
-0.2141148120956871,0.5050264183468509,0.6925552274462716,-0.3145552758581045,0,0,1,1.120226807742064
0.4143198857802403,0.28871191296787146,-1.0633331997289088,-0.24470648731075414,1,1,0,0.7381805695567091
1.0905443234634342,1.0866620038072314,0.19138229632487022,1.431145766830243,0,1,1,2.375637141872317
0.042981998762784086,2.542977521665101,-0.3734969444966824,-0.2792344025227209,0,1,1,1.8875564118893378
0.4078068838983926,-0.14592114609175244,-1.9271002933860193,-0.19710028952762232,1,1,1,0.3815945105313616
0.35949373051051337,0.7139119952052884,0.5701079487168607,0.18554320426566767,0,1,0,1.477618190513987
0.9428216094618537,0.06152030375577794,-0.9961777135584111,0.32409832653233384,0,1,1,1.542024997154042
0.7035905436514388,0.185969667250038,-0.7570403650078142,-0.3580486697267641,0,1,1,1.4346591581637214
1.4513910964315806,-0.8202570329915144,2.0090874652687485,2.7149982717977146,0,1,0,-1.5966410009861762
1.0486747449743075,-0.318102530354979,1.3669748551409293,-0.912809983148894,1,1,1,0.054800863716716997
-0.6351489423512819,0.49499868939045,0.18363360420349778,0.5031598429985142,1,0,1,-0.5716931258831582
0.22789132002812337,-0.8399999660933205,0.02281732947134862,0.5371770955377312,1,1,0,-0.5518283296707737
0.9278131735916841,0.3707520009049583,-0.5225200701359303,0.35391325752542374,1,1,1,1.4243862423642728
0.1028449537528237,0.27890704783163317,-1.1323913125847112,-0.9155794576738877,0,1,0,0.7245973910064567
-2.7815458155683404,-0.20121538401156389,-0.39347616234493166,0.18644132845307204,1,0,0,-2.1284197480927736
1.749876576986469,2.025069012696402,1.1708450946972038,-0.15452138736355592,1,1,1,3.725939966871575
0.4064907006679976,0.9634355701729493,-0.10857536744977253,-2.160659245458693,0,1,1,1.716154708071674
0.2606285181282792,0.7806621771150779,-0.8537273981559241,0.5583420086109828,0,1,1,1.040667788338761
0.2953891654743482,1.0751302191247434,1.2085380009073854,1.5861255391492826,0,1,1,-0.2972123506432658
-0.8349379579166155,0.12662160941749515,-1.5479698201133103,-0.9661473050810299,0,0,0,0.6962943432593159
-0.0009464462956513696,-0.3704668762025177,0.33781009794848793,1.2988535154939165,0,0,1,0.5705244121499491
-0.37555787035814314,0.5827949196313479,-1.1845039464077851,-2.2299349107181645,0,0,0,1.0335555623524966
-0.8434545115848835,0.32260519956160194,0.49865284180811414,-0.05705088229071609,1,0,0,-1.8850375398732764
0.11846870989766486,0.7615242636975963,-1.0473866014268058,-0.7697434981665991,0,1,1,2.3889793800394745
0.37911736150628617,0.19273807909837176,-0.02477595142418546,-0.5064337119017772,0,1,0,0.7794190618736423
1.0720440550309642,-0.20902828406084265,-0.03806349784478677,0.24903130769734685,0,1,1,2.0618996162993826
0.26341208670266636,-0.44945928027366266,-0.8093776105798518,1.2472715780684813,0,1,0,-0.16655029616327544
-0.1532755149461725,-1.1535267126083841,-1.266365097336153,0.6548079987300591,0,0,0,-0.21465966347185889
0.5648880630272435,-1.1529683146687282,1.5360498334254067,-0.3007848282680483,0,1,1,-0.35885776005363734
1.0524195834674703,1.2270208106210603,-2.239298471819988,-1.1493491414056092,0,1,1,2.3549891073017273
0.970395961558492,0.04669724557248877,-0.532292620377657,-0.4906267087164491,0,1,0,0.18814660358002466
-0.22886174833142314,0.26909597104021094,-0.6003284499489833,-0.634298796720347,0,0,1,0.500046255977441
0.08978458356625867,-0.6986857231011692,0.41328240413655154,0.32645304212526005,0,1,1,0.11034491603170499
-0.2840748590285002,-0.5905599349394418,0.861220968189259,-0.1186350360749009,1,0,1,-1.4514386470409162
2.1311102408956732,0.4781329069314658,-0.16323502219659686,0.050894588136532304,1,1,1,2.755388866127771
0.9869927082980299,0.17131544945857702,-0.5996419797375415,0.6463200486902109,1,1,1,1.4580839914811707
1.2217308150984396,1.4432911836028657,-1.5750957009948354,0.3065913982347726,1,1,1,2.2858991141799754
-0.973779600855404,-2.2416936472842917,-0.7684350293831297,-0.706391702776634,0,0,0,0.49050392828148437
0.37602028705179064,0.12232757307192525,0.8254793640989246,-0.06011217607369057,0,1,1,0.0544084787553335
1.4045989376430081,0.312433114408045,0.05733429800716816,-0.7896517628800702,0,1,0,2.15914625338315
-1.2412747481844664,-0.5281298309365786,0.7937997838646369,1.5498570594364514,0,0,1,-2.8574492952094697
-0.08657056472402704,0.6053642218146764,-0.4658395653546068,0.7612275164861081,0,0,1,-0.11883579030010696
-1.9001189476833755,-0.3881590799800168,0.3923137488089164,-1.2772465820225296,1,0,0,-0.9395404778488535
3.0101336108827033,0.007901332964093458,1.3451152122558134,-1.8358596855062843,0,1,1,2.602562253133385
0.24684213617378775,1.7408844952190008,-0.9736763159594867,-0.6633440959308573,1,1,1,2.5662964606399825
-0.4906479943832262,-1.1107159521533454,1.8772075466488516,-0.4964929464748034,0,0,0,-1.2124171781484245
0.9090805514712788,0.44682716918264614,0.8666613878451412,0.638233698592659,0,1,0,0.10614835857334251
-0.3746450144480295,-0.5531069312701272,0.11159683185582628,2.5672147427188117,1,0,0,-2.2027477911066806
0.6683451596350761,-1.2524930632308597,0.9889163591326493,-0.43511841540386414,0,1,0,-0.6864779895978017
-0.4400832320991102,0.39929930689787013,-0.005881591893952371,-0.5595804221848947,0,0,1,0.7940766415690136
1.1641093478981726,-2.351832716293123,1.1261942101625133,-0.48629352894233985,0,1,1,1.5694237898516263
-0.6302624244702447,0.3373818534282441,1.6065579621106763,-0.48520968056139785,1,0,0,-0.34153737284698077
0.1734903944482716,-1.5532555018651724,0.07862270121867969,-1.4725174402822097,1,1,0,-0.33368753025410913
-0.9862300198744371,-0.1630455311675528,-0.485612013625957,-0.25062928414886737,0,0,1,1.0552224161638517
0.19023146157562304,-0.8147577099537918,0.10986818178962134,-0.09805885274109337,1,1,0,0.336256360014087
-0.08888808548000354,0.8056426919574545,-1.5664239345981716,0.21783319812079913,0,0,1,0.5431792336314546
-1.2277486035209535,0.05677491485909629,1.265644769991764,2.17280112702826,0,0,0,-2.70110730302976
1.825138817680667,0.3056743001346177,0.8212033196224612,0.49650436363416084,0,1,1,2.2166126792266088
-0.17193007637758206,-1.4899246335354024,-1.209684597323453,0.21694183623495097,0,0,0,-0.7363620388027369
0.017575797535603274,1.1076723823915575,-1.8586363449752792,0.6277163238330573,1,1,1,1.194910212059578
0.9581067958482364,-0.7833711450645151,0.691819741261594,-0.12514452961492956,1,1,1,1.078858780468062
-0.925659549855959,1.2346966925068565,-0.34311192544121627,-0.04500095643396291,0,0,0,-0.25567880141301336
-1.0553812214526879,-1.0592652444843351,0.7499336577653345,-1.300766260034562,0,0,1,-0.602670986888487
-0.6313314646179718,1.0491584999786119,-1.8104019871177723,0.7255874399152714,0,0,1,0.2650217130131093
1.0908983741192437,0.8036943181338446,-0.15751953708855998,0.4959883657416554,1,1,1,1.7890202635696566
-0.9504907878087607,1.0621630151713242,0.17832501076711943,-0.10018470594799551,1,0,0,-0.365537728302681
2.620046380626999,-1.0574756269422405,-0.3471995424988252,-0.5163330837758668,0,1,1,2.2440870416355634
0.26982710973295493,-0.44753080716646976,0.5707476545991115,-1.3889391106132758,0,1,1,1.5484716468388675
0.4111324160512471,-0.019952492731521828,-0.5978394552243732,1.2026543565017227,1,1,1,1.569283384664033
0.513560502669001,0.6156102564200557,0.5815161300823862,0.6047927664550962,0,1,1,0.20379939847490547
-0.5894794194169831,1.8680055982207564,-2.1190879174798742,0.536632209853281,0,0,1,0.6455223481513342
0.006429151255285084,-0.23147710947246497,-0.9779327064813504,0.38560765404994335,0,1,1,0.47018049144618523
-0.562773078827591,-0.0715936213144297,0.4533521506359475,0.714911457946995,0,0,0,-0.3888839382493315
-0.05227558515555545,-0.4040124261820541,-0.3646646371574112,0.8767384451521072,0,0,0,-0.08566185560647144
-0.19338126562481758,1.1293274052031355,-0.7994664068555738,-1.767247716066904,0,0,1,0.9407816980978765
1.4626907553924473,-0.6848601516066168,1.0016541504380327,-0.6916403984859469,0,1,1,2.767438415435401
0.2426737087157535,-0.774933112382472,1.6455868977338461,-0.7778899839405478,0,1,1,1.184594440317893
0.06684110851092998,0.6613592427539388,0.7359194290969261,0.5118065424720236,1,1,1,0.24341409114630486
-0.11662014545268981,-0.3347355719445536,-0.18547200400170716,-0.6842782461362923,0,0,0,1.9385559165417359
-0.6952155456894761,1.8067944376655485,1.1600950243858905,0.7143872737156767,0,0,0,-0.2437684681185642
-0.879025393087423,0.03595465312028796,0.23284419289345962,-0.48318021532114575,1,0,0,-0.6590309762926875
-0.17327969194996096,-2.116104869771462,-1.1797469793572533,0.8838552040754813,0,0,0,-1.4611383899408268
1.2750275585434403,-0.47432302113270924,-0.18775826713587468,0.43587466136494357,0,1,1,0.2832660389152485
0.528656815757353,-1.7577719350238499,0.8447302852445144,-0.645190709752256,0,1,0,-0.24845582214937645
-0.5753241847902404,-0.22213026181105316,0.22080820793971975,-0.23698462392868175,1,0,0,-0.3843092129922684
-0.7373681152401184,-0.40844959761335486,-0.5684787145716445,1.5563904440213168,1,0,1,-1.348787535626957
-0.2653071116756957,-0.31595851043354095,0.9043093396726416,1.0742416757831852,0,0,1,-0.6210401574513551
1.057431200306845,-1.625934633987058,0.9808858559461727,0.69891269243548,0,1,0,-0.8766296144252401
1.0345147742155538,0.4004970274986704,1.070904575142413,0.10869659415445405,0,1,0,-0.42526804725918366
-0.35723921561200256,-1.179590843173956,0.5604889398988757,0.4519096095269681,1,0,0,-0.7130430306068991
-0.574867147707116,1.9422019864316191,-0.05950376646435498,-0.15048631033312126,0,0,0,-0.09166944485681428
0.5136875736750159,1.348674363978616,1.2203390757082273,-0.17221660514559703,0,1,1,3.1127176516255695
-0.7295893088527353,-1.4926051699118543,1.2774139665474518,0.29404805477844775,0,0,1,-2.0370373502605106
-0.2189024088265432,0.19491479194183522,-0.24599628050093647,1.0001089278532171,1,0,0,-0.1109572278272607
1.6185912740656965,-0.27674720778652223,-1.0742764061281982,-0.1842956601432451,0,1,1,1.2783148008798026
-0.6040530571954006,0.7163909030906431,-0.17851645533292299,0.6301829065018214,0,0,1,0.46794505496025757
0.14209260274247915,-0.03631472912727454,0.04929526909234706,-0.4093148957686793,1,1,1,1.649585267369197
0.009546938252445182,0.2281707744492352,-0.40377949565365395,-1.7503055881042104,0,1,0,1.6730128046796116
0.9287833582058673,-1.1157402404492693,0.7696269724609719,-1.1640182533730725,0,1,0,0.36322101410704505
0.26954865796973715,-1.4560912077150296,-0.3732738194603583,-0.43960206238369165,0,1,0,-1.13210765772671
-1.3749066863848076,-1.856606586000788,-0.46567062176599333,0.7918874401735884,1,0,1,-2.478584114332911
-1.015371616593883,0.8210859906703118,-0.619844414731681,0.6343536922106254,0,0,0,-1.1820035723936981
0.5764588200749953,0.33371691255616237,0.08952856334739329,-0.13842976542328703,1,1,0,-0.5840043279579827
-0.03579018784225479,0.4441251260677415,-0.13411460299536662,-0.02676667812808507,0,0,0,-0.20586608079784705
-0.4595620587292488,-0.2066105163392668,-1.486319430049405,0.7833394755529824,0,0,0,-0.6565021188892914
-1.3180228244496077,0.09394917811931768,1.434644547055426,-0.798153106506173,0,0,0,-1.3615320349747833
0.2789350114815888,-0.8962220831000742,-0.5871176954312853,-0.21401321790078284,0,1,1,0.7479656753954036
-0.43528363986559626,0.42781770713746564,0.09987712264963267,-0.1807939413055067,0,0,0,-0.17779448572130413
0.7075546775608477,-1.0856078453743663,0.16718759897685642,-1.6808924196480712,1,1,0,0.3522805318451908
0.3331120607186537,-0.41863295798265693,0.8374624989934786,0.9674559842484385,0,1,0,-1.2870361263257073
-0.8792947171639133,-0.2672472890797294,-0.9170835995227149,1.2505898127982669,1,0,1,-0.3293080789834076
-1.233729366818323,-0.5615647054938272,-0.021865730349655128,0.49915901878560887,1,0,0,-1.626442705652274
-0.5390374488963046,-0.9315963978551007,2.150542664521695,0.9584498216693956,0,0,0,-1.5441872984481742
0.372678015426605,0.2134705940308704,-0.4173569186211082,0.9628466976668871,1,1,1,-0.06228336682488195
0.7016107781052375,0.014268461151213711,-1.4782847962465782,1.0383775829893778,0,1,1,1.7354233554319343
-1.900535757775727,-0.09806187598933078,1.0375128133372526,0.16102405083484642,0,0,0,-1.9410515836722073
1.3586922739611302,-0.0012208140297366623,-0.02208506277807587,0.12462126482142034,1,1,1,2.1343698405347524
0.2669365484460492,0.11237469517750742,0.7897544181058519,-1.922182163556275,0,1,0,0.630030785519986
-0.3136384629563048,-0.4292970733962933,0.8205591074587665,0.807350618720141,0,0,1,-1.066438412201327
-1.9356203554890703,-1.9456908160680475,-0.24451224311962072,-0.5002116855231485,0,0,0,-1.7808716815822592
-1.0182499876351667,0.21981684027192014,-1.2124172892076124,-1.6471947169838284,1,0,0,0.4218784204419951
1.1539728468450474,-1.9168321272516016,1.9528095853491267,-0.45059464179240755,0,1,0,0.19093778320649668
0.06753483913625993,0.5867637347650735,1.0498272241981954,0.38614602129775555,0,1,1,0.4624671927755075
0.09742238762569332,0.15775894759130035,-0.3620469159451838,0.34669621672308826,0,1,1,0.6351418797595874
-0.33538745933686387,-1.0449230017897573,0.5645676757713507,-0.17534374142476575,1,0,0,-1.0473982402967241
-0.4897563184532903,-0.8574570262333278,1.0222531265304897,0.03588359387257533,0,0,0,0.07570222953808237
-0.32854472615934927,-0.41142771648940923,0.5367981498385817,-2.3013126115434184,0,0,0,1.6191212701543436
0.8815817670371398,0.7835132560688176,0.7659870551779243,1.4726338578048104,0,1,1,0.4475392532474939
0.8506757910735714,0.9122642025224494,0.9948869965673065,-2.8511190451339563,1,1,1,3.1864300666520617
0.6332831795628473,1.669878136061818,0.4870125054034164,-0.706397483590327,1,1,1,1.790585452072071
-0.23038576626066173,0.6746813089867353,0.23450447662801996,1.421929397695589,0,0,0,-0.6260213693718755
0.40190155042414855,-0.9602213119365917,0.8661577329244384,0.042841476585999995,0,1,0,-0.9478851861595653
1.5508689399308833,-0.9606883515489433,0.3134292155137791,-0.7020580264163906,0,1,1,1.180828125100065
0.876657636641345,1.8736814586324981,-0.4362197672577068,0.23539110025325546,0,1,1,3.422034941877355
1.3605895604300924,1.3542573347663933,0.2745669119192259,-0.5990286066359475,0,1,1,2.496352384449234
-1.3568951512718288,0.21038651536954592,0.13402530058586165,1.003511529983157,0,0,0,-0.40822562151616315
-1.930770597788905,1.5001071797115002,-0.7732484410472852,-0.44202708745868374,0,0,0,-0.7268271923632627
0.82002933758066,-1.2004312600763527,0.6755427663640277,0.2512470724803642,1,1,0,-0.3911555185588737
-0.11779008188159022,1.7546869551847537,-0.07279172674421962,0.19560811298660677,1,0,1,1.4905584201241322
-3.5616366196252436,0.48361674457639114,-0.6887084611569858,-1.4110268359040723,1,0,0,-1.7725008914642197
0.7814224208926434,0.4258275903492093,-1.2415489899597196,-1.1156915976200978,0,1,1,2.9068692182183407
1.129404601586107,-0.34777018974096224,0.35329013908293083,-0.011849364179010474,1,1,1,0.17299543975533893
0.3537675072291184,-1.5728047278253359,-1.3727199262345757,-1.4375823327761335,0,1,0,-0.06778964834893353
0.16958322361438533,0.33401942411811075,-0.2561563361083583,0.18369866835659496,0,1,0,0.03672002606745789
-1.493080639468357,2.058687714503463,0.027505821224563732,-1.6474505514748259,0,0,0,0.5872717825621674
1.1093292069894267,-0.27909753446962077,0.0392847437544551,-0.5487446108587265,0,1,1,1.8329595600287276
2.5492110980628597,-0.6550523722020914,-0.5667338851018322,-1.3492230099724374,0,1,0,1.7444739820423119
2.620690938524276,-0.317863608646079,-2.3472035609422113,-2.276360238819421,1,1,0,3.6688667381284725
0.07544264526327202,0.06112665373340422,-1.079621643370864,1.1692810263402202,0,1,1,0.8337206072519106
0.18439246409009297,-1.0278459048297912,-1.2403088612258557,-1.6855888691267764,1,1,1,2.2081035540949427
0.8190338454822327,0.6064542425980499,1.0592459882153904,-1.1548902026443433,0,1,0,0.4425612731255449
-1.1171492962430476,-0.7608749261515763,1.3796549169978896,0.0799175746647231,1,0,0,-1.9891958727831982
-0.5060953528274786,1.2362574609654686,1.6701849999052545,1.246639199614505,1,0,1,-0.9167741752283486
0.7396971449142927,-1.4739939945994869,-0.6018426627110603,-0.8479334491225416,0,1,1,2.4290000558347358
0.3196225426401634,0.9013087379948233,-1.5219859780992353,1.0714257695067337,0,1,1,1.2146089476945767
-0.4973484117980104,-0.7145044167193901,-0.02284978163621688,-1.2651149097062968,1,0,0,-0.38388458113786805
-0.055135334502522754,0.15846002020939606,-0.7472820448349913,0.8320646879141833,0,0,1,-0.8022906390285266
-1.1764727481003585,0.2846493801027394,0.2294798924829637,0.7421847993628116,0,0,1,-0.7571728129313908
-0.353737169674164,-0.0661222417285575,2.382106111942034,-0.7503850946099536,1,0,1,-0.4725152029817405
1.1637864738087083,-0.3902887801724479,-0.6939858800584466,0.1913569748211017,0,1,0,0.5080746147320541
-0.5925562904265751,1.162282786721008,1.1831953217890359,-0.8997319369065051,0,0,1,1.702219319804048
-0.691695597807747,-0.8730564262382193,-0.5787011699537244,-1.1253497473252225,0,0,0,-1.1749771124659667
-0.3907096600477132,1.1837935553255792,1.0536888218137126,-0.691892900293281,1,0,1,0.2728007716954914
-1.1595347170859136,-2.3118464154588123,-0.05076323987346142,-0.11077783048147265,0,0,0,-1.2652866855357428
0.7076368299845942,0.22241837195908254,0.1738791206432524,0.05926502089636692,0,1,1,0.4190267575216225
-1.5078466723193056,-1.4315534925540898,0.7193707717291963,-2.0308263938793,0,0,0,-0.08939689536118267
-0.9047683967687143,-0.06488537895537282,1.1875865778840382,-0.5648150230181781,0,0,0,-0.029038044254624196
0.28547146116127115,-1.4133159460368188,-0.05107941118392303,-0.029515715273206834,0,1,0,0.7334791385412842
-1.9767612526086515,-1.0779662833534396,1.6350044650533009,2.292300795141412,1,0,0,-1.6362406669527159
1.559227402778793,-0.9923002008804777,-0.854344778072595,0.8183879670144657,1,1,1,0.9744903183313212
1.3709927370042072,-0.6101941436154242,0.923622153840044,0.1164130372483713,0,1,1,1.031443350246756
0.08390922655205682,-2.0701782488780873,-2.0458295284092287,-0.21135040121174856,0,1,0,0.08875137326304032
1.2877241487439015,0.19518914705935947,-1.0495657972087518,-1.1863205744721017,0,1,1,2.7625286328274883
0.3437607378166423,-0.39220452341329504,-1.3471372159592707,-1.2655855702291776,0,1,1,2.86105840295911
0.6826007320164174,-0.422387853626643,-1.6161560483347996,0.8899392261473781,1,1,1,0.3319942250508804
1.206121963124033,0.2367737610207428,0.2138746854064511,0.8506845540845543,0,1,1,1.0623515244813444
2.2799692645971548,-1.0970292539980333,-0.23636464210830607,1.925679757435608,0,1,1,-0.22506244046606627
0.3085188470342328,0.0893610038333945,-1.298845126380721,-0.3863655316573593,0,1,1,3.287729966607416
2.46078143888615,0.21109554367542627,0.34763407529384327,1.286524912124005,0,1,1,3.1444025047040296
1.2012031928187055,1.0136087086197068,-1.604253681150387,-0.012950660422153116,0,1,1,3.481254851282345
1.7062918755509202,0.8452157500781026,1.2691957665737474,-0.44208597166097324,0,1,0,1.334105249859744
0.13378065024089156,-0.29825369885060704,-0.9590658629432528,0.9619873399335654,0,1,1,-0.30221981979480766
0.4835940043354877,0.3634727079286228,-0.16693055231524837,-0.06156453212319849,0,1,0,-0.2771504654107081
2.3571236122892194,0.2605829259468937,0.6737516382697032,-0.4546597495215735,0,1,1,3.50998300138245
-0.521836453007782,0.14319403132640215,-0.3493548946808422,1.5935534856420877,0,0,0,-1.2824250120755685
-1.1162581986333517,-1.974961038512951,-1.2743677980114736,-0.4899498295231729,0,0,0,-1.1454897889379618
2.4096846698912047,-0.9919369672803889,-1.0276943512018735,1.1299407202117309,1,1,1,1.1306830960100018
-1.9667772194227464,0.19066677016983577,-0.37174284743401126,1.3755990508574696,0,0,0,-1.0319570060350296
1.0508992007084519,-0.6776547414809736,0.6971885589533452,0.3637371756304732,0,1,1,1.804798385392134
-0.6123300517284198,-0.6225027137935132,-0.04051951387543695,-0.7120996237023324,0,0,1,0.23854870944507872
-0.1251230616062192,-0.732896790812591,-0.8422107236902393,-0.9234512356120874,0,0,1,0.32569205298778525
-1.7621617391089937,-0.7896220151238722,-1.9365055247037684,-1.55961575380285,0,0,1,0.5124770184383234
-0.14990658950232677,0.08983303483934822,-0.989633999763235,1.1386388649506083,1,0,1,-0.15850683459346063
-1.3292517036575766,1.4209478873720853,1.040205393928074,-0.5486927961454393,0,0,0,-0.348290819581413
-0.027849177086500018,0.5655818421638663,2.0367352364033633,-0.6716446865844129,0,0,0,-1.150579160092202
0.47806139486486904,1.072158699582895,0.8140072021921216,0.22876044658155184,0,1,0,0.16051735724934713
-1.43213382339039,-1.184350776337191,0.5116115042217513,0.1612920581795269,0,0,0,-1.235882611440093
1.0163905987395014,1.8901097067289006,0.19609792109804705,-0.7035112968876778,0,1,0,2.0935774420831965
0.9522230008926117,0.6172280046056962,-0.9681512901013666,-0.08722371931998221,1,1,1,1.735106224717705
-2.1212344517158397,-1.1182952261680288,0.3307616881814489,0.5650625667630309,0,0,0,-2.293645353536126
-0.48267618729872613,-0.35494685031793777,0.005867171144364282,2.4082747052601645,0,0,0,-1.650196301942103
-0.7671158654141824,0.9271091308019763,-0.4618022519773872,-0.4736681979242667,1,0,1,0.10168813021827278
3.620950997266241,-0.5496548653228749,0.9110791904019827,0.24886104348821553,0,1,1,2.6092449704206615
0.032293912721032894,-0.9734892102786021,-1.3285325281333975,0.13197793750996317,0,1,0,-0.34519834441645025
-1.4019822517392204,-1.2333285568641512,1.7998023606083722,0.9788128132450886,0,0,0,-2.310439476268131
0.20248425370321566,-0.14917144682065536,-1.023750280212256,1.5584950610704356,0,1,0,-0.2727654772791593
-1.3051737169627067,1.0812008823536707,0.38349689854646196,-0.5837948366018904,1,0,1,-0.07181093554760687
-0.7496672747819173,-0.19223810065287658,1.452801380560677,-1.4473689885799705,0,0,0,0.43896605260934896
1.360297798637204,-0.3806539685676282,-0.4489738343084463,1.1313824133512598,1,1,1,2.1817782181226035
0.016089690052554784,1.1292145080663918,0.20667241283469173,1.5667923577873435,1,1,1,0.11405097879330933
0.13956912547736683,-0.10694651363422272,-0.9967199055343564,0.19456709771427416,0,1,0,-0.4748758431032696
1.1490082638359054,0.2470573694685277,0.11132528089645,-0.5104346351656744,0,1,1,1.5054694109040172
2.050559924987588,-0.48410445548318193,0.20641167814458733,-1.253764035773669,0,1,1,2.9834972478962083
0.3722300113582462,-1.8584821043799888,1.3638831998559138,-0.4578526908228325,0,1,0,-0.21901088502596477
-1.0896964217011385,0.4068161083953578,-1.5286176174671713,-0.3590310912049278,1,0,1,0.47266542193015193
-0.031578070776599035,-0.7284248822569003,-1.3611760900906504,-1.1788375999183236,1,0,0,-0.16346271666013606
0.34899742060975864,1.279586964855148,-1.5582943066899202,-0.7609596018083966,0,1,0,2.1544402827210267
-0.11934817716576804,-1.1947270549400186,-2.496928967053009,-1.4957065230407585,0,0,0,0.5177202028729773
0.7121637041728562,-1.3101386859619075,-0.48383791779079166,-1.4315812501742784,0,1,1,3.516571974953284
-0.7202211672089676,1.0028030323360158,0.753898513787881,-0.45625075575053736,1,0,0,-1.067453777717311
1.921457739138062,0.6026603150317446,-0.43455541910823775,-0.22472084761580804,1,1,1,1.8958996445861551
0.5495680490756348,-0.568313394559681,0.26563587433527547,1.0430015903893277,0,1,1,-0.896349549780596
-1.623129224138302,-0.6989624082695448,-1.0952358323464537,0.420072349786321,0,0,1,-2.8220081136075557
0.049213359715731604,-0.761808870050316,0.43264171751260944,1.064301524438068,0,1,1,-1.0857223949359733
0.7803434621737001,0.6622610954116332,1.583650231670654e-05,0.19632650070253127,0,1,0,1.2112022253842694
0.47806974669102825,0.39528342038401343,0.3057597746601156,0.6625715760981875,0,1,1,0.97071315358725
1.6358438817749679,1.150837226298458,0.26800710586997745,0.7102685689784914,0,1,0,0.9243790574656189
-1.0205705873829591,-0.10886034754482835,-0.2719674156436372,0.5277994327464778,0,0,0,-1.7072551615834284
-1.5623309485416719,-0.2958937125823654,-1.2458950711513077,-1.2895469661582197,0,0,0,-0.689350235107427
0.9136037039643639,-0.8493109088090262,-1.5181479220839196,1.1024543245366902,1,1,1,1.4301195345553936
-0.4066938752299133,-0.6374114095069318,0.006228381216168406,0.33561694262752734,1,0,1,-0.9488994460043192
-0.3475262083633645,0.2671792336177155,-1.6774315589624398,-1.050070911829262,1,0,0,0.7611956172112679
0.9024388893709878,-1.048436021207778,-0.610520354426109,-0.9951479085517735,0,1,1,-0.149233173862665
-0.9717663087346755,-1.0879836815909907,1.6669694538496647,0.7323154162625041,0,0,1,-2.773850708123871
-1.3508787507876356,0.24292049891384163,1.541000128259704,0.6000383158664194,1,0,1,-1.6571498914832399
-1.1496585243147277,-0.2335465716232401,0.4625581076336469,0.310632260313068,0,0,0,0.239512077918149
0.749893508770307,-0.3807784752565037,-0.49343794753596487,-1.310365596208589,0,1,1,1.1992559625752564
-0.13729197026577725,-0.5626933602562179,-1.2745384290958075,0.3308951092901348,0,0,1,-0.641878571460624
-0.7452367852327464,-0.9258981177087181,0.5478876310261239,2.254873023354894,1,0,0,-1.0008824410612507
-2.1177264583783644,-0.4026325239312084,-1.1097190291617056,0.6500148127997281,0,0,1,-1.6797897503706118
0.7178622539194647,-0.4104060116038233,0.17320925300700743,1.7706713953691513,0,1,1,-0.2629967567468855
-1.0871783422233903,1.023568383944692,-0.007262258474030696,-1.1322737053939789,0,0,1,0.8794154972426539
0.6811759694311933,0.6356104346468271,0.638665920273517,-2.5157300960522857,0,1,0,1.5578308815613888
-0.42315442856205776,-0.7781984387674038,-1.0286463643932344,-1.4981051583852847,0,0,1,0.22534571626629263
0.3079183190401697,-0.8453069656565771,-0.40391879624487537,1.2138209447517787,1,1,1,0.5738440837363956
-0.7218056606228386,0.23704144429323035,-0.9311901072321707,1.8062511960848757,1,0,1,-1.0738483484673722
0.3541837438805245,-0.09679987459848814,1.523465594287777,-0.8197081057524426,0,1,1,1.2307978447318706
-2.1394302390862414,1.252652649560817,0.4699067380926125,-0.06858932408223405,0,0,0,-1.1959119855962663
-0.790335599258815,-1.06780991188442,0.6244640959002121,0.3058625932139083,0,0,0,-1.9613300927120747
0.5483438303658883,0.34448885437054294,0.5625380103966349,-0.19143288016199445,0,1,0,0.12232912630856757
1.535002911574949,-1.2637676008063843,0.03880452638386723,0.25259798268269096,0,1,1,0.32407479455753
0.49400168554768364,0.6383966569709119,1.46555506032019,0.2648046656997243,0,1,1,0.7747863381839318
-0.7055297472190873,0.21594040096692266,0.8926332988289308,0.12153444629481186,0,0,0,-0.8362821562001279
-0.6430879333260267,0.7983092905977468,0.07153083543366134,-0.43374200054718387,1,0,0,0.07234521271297506
0.10097205858865006,-0.03394239565597261,1.6465508061708822,1.0900266935987881,0,1,0,0.04270517569968091
-1.2254698653832872,0.6036551701710885,-1.2086146346295945,1.0942522497931397,0,0,1,-0.6986787375097577
1.0684041590594016,0.18089996182530554,0.39215377068934376,-0.5471295393543901,0,1,1,1.7360165828402856
2.072411540129576,0.023179615448035904,0.2831854186421716,0.5246396068982595,0,1,1,3.0619717412013974
-0.5209607189955558,1.3107545582805205,0.2504517699436677,0.8670714785438876,1,0,1,0.5701741250467962
-2.2782307931135493,1.1949369708046236,-0.2572139355152386,0.2860219318593021,0,0,0,-0.7217990032311097
-0.8003044814669311,1.3402986596420476,1.3040239193323648,0.006570698921498248,1,0,0,-0.06442978731654542
-0.20169178955672099,0.6328086404705395,-0.9128729377350581,1.0135454312249688,1,0,1,-0.5631210244851783
-0.5729492594942378,-0.21097882863947684,0.1623640875729362,-0.09018203091008505,0,0,1,-0.2482102804945955
1.2701012405600711,-0.7892265799774606,-0.1492225781493264,-0.2513291275661602,1,1,1,0.8021656551165641
1.0409977021635701,-0.2406874056678883,0.7749694129900593,1.4445628387782317,0,1,0,-0.27288073907205346
-0.837821175096853,-1.0231031719097763,-0.1436081295273767,0.3247789791621969,1,0,1,-1.94020736166574
1.2305199420729906,-0.6580227703720152,-0.25232271600732903,0.32403839835182946,0,1,1,2.0321657092602745
1.7286673920676692,0.10891254786460049,0.485835513275309,-1.1124039478463896,0,1,1,2.460417213127462
-1.7050674000425894,-0.07403440604320079,-1.0838427004761018,0.12052563634079749,1,0,1,-0.11267115118043904
-0.2365710780453274,0.08213971586313037,0.6417455847701871,1.3128698684201277,1,0,1,-1.1831564442658613
0.13458674687590286,0.25010922120212825,0.9528958283873119,1.24982809743468,0,1,0,-0.8616135564504586
1.4710528877819478,1.4122501848479416,0.4393343412587505,0.5606804858298182,0,1,1,1.18562163536062
-1.587825353659303,-0.18963959906467195,-1.7820236928108895,-1.020632374162871,0,0,0,-0.9188003936333241
-0.32238053306693426,-1.570552233876084,-0.3831596302868392,2.4745731651928633,1,0,1,-1.6679887437357335
-0.7061954893397957,0.3155551294166608,-0.6946095286587254,0.4249837189310791,0,0,0,0.19100198147262787
-0.8934742528820506,0.5333621778252879,-0.6641831720144893,0.6723353264572409,0,0,1,-0.6679185143548276
-0.20180265027477834,0.6373968386410491,0.8958538696331215,-1.086617284331844,0,0,0,0.3461711182347155
0.772737465267498,2.42481028557141,-0.5997523043578309,-0.12998974099225152,1,1,1,3.983634423987576
0.6520190564972692,-1.362262592137483,-1.883985931678773,0.4411148939194678,0,1,0,0.2768425756190478
1.3671281373153077,-0.7856239286400607,1.2354770081588957,-1.0155879882328758,1,1,0,-0.005061661643406379
-0.5070200441148279,0.26206432089731285,-0.23692167618855342,0.2705993222010163,0,0,1,-0.0750450286417845
0.15408046574197973,0.5620841602011228,-0.22966045244972835,-0.7299085103055974,0,1,0,0.7822976951806256
0.544888071658912,0.6840267223947568,-0.6855230971529663,2.057339458329622,0,1,0,0.5120171033555021
1.4960420029993444,1.5171364011624457,-3.659391671813566,-0.8388641211940128,0,1,0,2.4891831431796327
-0.917137778955698,-0.6710969330056504,-0.47110170322223194,0.5498900416817974,1,0,0,-0.6637615239664356
0.023777016704071802,0.9218624303189755,-0.7661969811920781,1.4331733333815582,1,1,1,0.5810215952518686
-0.9931252626842965,0.13645881525530998,0.4352858012693301,-0.6005500574628848,0,0,0,-1.7226271367241577
0.4032079931886312,1.545557066578296,0.09082317376604297,-0.7538303391809273,0,1,0,0.8625840953647707
-1.5777976114058883,-0.5333174322142444,-0.44347963907819354,-0.4711452244316825,1,0,0,-1.178746188692134
-1.2067221221759572,-0.03875490404845275,-0.29754676976543337,1.3381430444223827,0,0,1,-1.8996644356326444
0.02962561327213428,-0.30870686397562125,0.22873771517948402,-0.12183157782263455,0,1,0,0.06413181032857215
-1.131934130492684,-0.5643830468259406,-1.3029467894688485,0.5038787661679265,0,0,0,-1.0546445059422989
0.32408970461803754,1.347298222829304,-0.08622009041784905,1.4847870434801642,0,1,1,1.0797897435330015
-0.8536842959735982,0.5271360987451406,-0.39684745492720525,0.379911125884621,0,0,1,-0.28490945162241854
-2.3557746882594395,1.2336106105485867,-0.0224960965816693,-0.7393143323047072,0,0,0,-1.06622301729097
-0.7352851942051043,1.44067554942001,1.37893580362999,-1.658856036746298,0,0,1,1.3081207201659157
1.0945164928539162,-0.08886597512396505,1.8752099041522823,-0.19214409452933487,0,1,1,0.932641943563857
0.39988224217726237,0.8440868743918924,0.20410978792326864,0.4030335540575963,0,1,0,1.2960996481799512
0.5682461814184117,1.1435578576693315,1.637846344570679,0.7254982306661257,1,1,1,-0.20647995665489172
-2.8128641290890646,0.8833795485582653,-1.1143146819983663,-1.7036499269659326,0,0,0,-1.3520312010372135
-0.5318657902745275,1.5243626910980663,-0.5893837525536875,-1.1851948964226464,1,0,0,0.13784163578473185
0.6003690056241802,0.6439992367776204,0.11731728756829167,-0.10579879187417389,0,1,1,1.9325041595914274
-0.2684358442817351,-1.7235658211033116,0.07291395507823376,1.8750105673142317,0,0,0,-1.112481650626235
0.8231371082762974,1.3487698749310246,0.7130052174455712,-0.45993895890846065,0,1,1,1.9036838710587933
0.5045987945632945,-2.144416079580566,0.433437239176146,1.1689936226788065,0,1,0,0.46245913114111803
-0.5627913125003202,0.8830178831262222,0.9319346206374259,1.5721769659316627,0,0,1,-0.3831849738588863
0.9784524890936285,1.3945603794345725,-1.3078161651053144,0.5672705955541486,0,1,1,3.1344910646012383
1.5257340507954482,-1.1471757554214632,1.533387300280085,1.3716058605757147,1,1,1,-0.9313716191925365
0.7753335890642467,-1.2456180092857156,0.8325588541483123,-1.5572016538321307,0,1,0,-0.23750648157443066
0.6607760966116751,0.5137907160433,-1.4603121303993416,2.1509854579768257,1,1,1,-0.19128956932591618
-1.2148523167189857,0.8951525801616886,-0.7904404559340044,-0.6157018063368808,0,0,0,0.8113252347685319
0.15935543955769257,0.3031301973515029,-0.782007845677,0.09488297457225336,0,1,0,1.7046242672674294
0.27977374281805006,-1.1721375925380664,-0.05831168819453748,0.4686718695750081,0,1,0,0.2737050913498932
-0.9964987016524148,1.756015868293926,-0.9852639510097442,2.362711446092236,1,0,1,-2.172654128806621
-0.33788564481848404,0.7121074636717919,-0.28603751706726166,2.3812835974079403,1,0,1,-0.3799510872853033
-0.6630246322389107,-1.304608568429997,0.8228471868326259,0.4111520397844958,1,0,0,-0.9558236378537092
1.2303995844137758,0.9903691462176553,-0.5054563818115518,0.6454459720743633,0,1,1,1.327902728839968
-1.0264932785122367,-2.480219909891597,-0.38126477590102237,0.5526421391672357,0,0,0,-2.599872877339203
0.21111282204710863,0.6621143005748903,-1.8103982237316085,1.0243888038408342,0,1,1,0.980754759444903
-0.046540829714704676,-1.7692780521494975,1.8472218422650823,0.11066765215030754,0,0,1,-1.2756356955582253
0.5392467206587792,0.6511547486189119,-0.35037448035571256,-0.3517409007564772,1,1,1,1.6582463385228192
-0.05146379318821795,0.46226273258052764,0.09185870799629296,-0.6754911667791763,0,0,1,1.434657377549581
-0.9017766747121944,1.352994250821165,-0.6100886545681113,-0.10775218049406415,0,0,0,-0.620943739138472
0.2465657182553893,0.3589416494607729,-0.2860018058618271,-0.9762504589905927,0,1,0,0.5401528491119295
1.9616682296155505,-0.3162553317316661,-0.0064329086219488095,-1.6059513299218504,0,1,1,2.7087552544570066
0.4703890733720842,-1.1500771358969093,-1.2564710592839015,-0.6906431957932154,0,1,0,-0.3455798676194398
1.0532524736969682,-0.8776813362926126,1.0461453235262546,0.759394852115736,0,1,1,0.1079495779753824
-1.6169669404559532,1.093654581600489,-0.32874242309039103,0.9070798713627479,1,0,0,-0.06343470868617274
1.8205893521275922,0.2741626552924693,1.1636981134210023,1.1791313837920423,0,1,1,0.46745992635068634
1.214578582908454,0.6870068109391868,-0.22545665922330502,-0.842556170291201,1,1,1,2.9701668489230695
-0.1110557099277885,0.3927956235102137,1.5555542032849805,0.7591696939755,0,0,0,-0.13814908143019466
0.7120245077343137,-0.9958229717935911,0.8768903673378998,0.47618776349178693,0,1,1,-0.3343428276833167
1.7452855360354664,0.27570310351571814,0.7607224235845524,-1.7868621297857419,1,1,0,0.9634042520287722
-0.06110211535199114,-0.3643627351456504,-0.2645332869059152,1.3706608148336454,0,0,0,-0.5303877893424757
-1.1060925063492357,-1.8386721974741516,1.2088379057841956,0.19449643748430873,0,0,0,-1.8983040528066522
0.8307463761750857,0.9226188432844205,1.0205681693395854,1.7575117920281191,0,1,1,-0.23486238681177662
-0.24214259484391806,-0.4439522801089621,1.4118334424603485,-0.34769576192028906,0,0,0,-1.2015941308873732
0.5172253006578085,-0.24328927110433174,-0.557133969546326,0.07597063032295587,0,1,0,0.39645600489294713
-0.3235806970487363,0.7188186961982979,1.0282667537684465,0.6295658814880787,0,0,1,-0.36933503465897277
-1.546867044322799,-0.1376694118295337,0.8480299598349026,-0.4489821632326825,0,0,0,-0.9858056119281008
-0.4806131320887476,-0.05027708290998181,1.9220668706518762,-1.2956897327015604,1,0,0,-1.236590119556832
0.5346382852731489,1.7833792528159813,0.16378601007147078,-0.004756533074524236,1,1,0,0.3311292998097703
-1.1246903648245163,0.4019871217843445,-1.2376543342406627,-0.01784036024449931,0,0,1,-0.45305332529709796
1.6482931836343306,1.0666348313570138,-0.5346770601517422,1.990976589127951,0,1,1,0.8149855391762306
-2.0498851099752526,-2.6336146550583113,-0.485352650116304,1.0617341405518657,0,0,0,-2.2956221056507817
-0.9000541022296005,0.13895858555351864,-0.9996409536362322,-0.2295174073344072,1,0,1,0.7447112242956112
0.26494575804682857,0.5872955378123331,-1.0595943566366803,-1.540137335391013,0,1,0,0.8509645348668331
0.18700300202372988,-0.2466590776911033,0.3244521355627607,-0.3066912120084017,0,1,0,-0.35827409956887213
0.8010995268517102,1.4531146859109778,0.37732681428577375,-0.6618303293591234,0,1,1,2.996096265505093
0.1617015506722826,-0.9563727051703983,0.14181971804776647,-1.4012790623330973,1,1,0,0.0974656713880815
1.6314230535552687,0.6423283130460945,0.2157059738727983,0.21558971100836388,0,1,1,1.3111081404408393
-0.48302269873880865,-0.16682023953862235,-0.7399231868159822,-1.0298128279653105,0,0,0,1.058651782423865
0.6028086113679589,-1.3131654931175036,1.213910039428216,-1.0169339597202134,0,1,0,-1.611781143168627
-0.6695646506370313,0.057849442687420795,-1.3530043467340547,-0.17285205296065648,0,0,0,-0.32959646666759485
1.1680406844562246,-0.28026661007232206,-0.8201565902508954,-1.5927982348791037,0,1,0,2.317489640829617
-0.2011597788061902,0.8647067160139313,1.349867261016863,0.6329021405909847,1,0,1,-0.4207156192831507
-0.30334539273051453,-0.05238864321757625,-0.12639301564017633,0.9260378668752399,0,0,0,0.2738784213089256
-0.006463325137475097,1.1521668011700994,0.3698584908095951,-0.07165890144067913,1,0,1,1.922826965932339
-0.9156683048232379,-0.8523662346714246,0.7760080480012731,1.2797028898380873,0,0,1,-1.9004566225742758
-0.377914790530682,-0.22100234417017706,-0.8846782294582816,0.31826238061321993,0,0,1,0.49075252258711977
-1.6070951580951012,-2.010268543576117,0.20759995293543612,-0.39340754895071883,0,0,0,-1.9870586233678398
-0.3052170217692846,0.8170876621315567,1.8144026052713649,-0.44164285228600464,0,0,0,-0.563051698453923
-0.07113123732187818,-1.853399194608147,-0.8105046887638081,2.3081767148809247,0,0,0,-1.579753810917864
0.6503379060537049,1.4406411341114567,-0.5269588704295705,-1.0597076585720255,0,1,1,2.901563056582939
-0.42394900441628414,0.0591248940250984,-0.8894451847031204,-1.8401936749211016,0,0,0,0.0713401379609524
-1.2978705204526007,-0.7309126765147677,0.37168976016223554,-0.6607053351130545,1,0,0,-1.9913585627252144
-0.043235892537927936,0.6600160215577965,0.3232192051817555,0.7675699362152593,0,0,0,0.516274352254516
-0.603761548621322,0.3009329210717818,0.17774549436355852,-0.46637954454629904,0,0,0,-0.13803524270412765
-0.924018975756924,-1.8190577099479972,0.1435193094313932,-0.15645615172345462,0,0,0,-0.3391838416533638
1.742128756633204,0.8196175862545556,-1.5626653808255857,-1.1843913039009804,1,1,1,4.135659194599162
-0.24039168677836473,2.058709099696781,-0.03630696203629892,-0.977482443715723,0,0,1,2.2146284510284513
2.90814732469642,-1.750511962831911,0.21543035259539695,0.01122570953593946,0,1,1,2.313298497384952
-0.3626545523907414,0.2622390788765396,-1.2832740173715609,-2.4432801562782913,0,0,0,0.3127853710824613
-1.0655308829320798,1.4231671628357605,-1.3667436862833584,-2.186543757384868,0,0,1,2.6927885426350944
-0.24821402514741608,-0.26770548648040204,-0.6702403965829781,0.5624656521142214,0,0,1,-1.0508271971823622
-0.8289531566377933,-1.8919943841841211,0.3742324607838462,0.6065657689596619,1,0,1,-3.3746896528392485
0.7591614514038842,0.1383957254829452,0.6729710618010333,0.11377808387546084,0,1,1,0.5452642741592881
-0.5075923884622786,0.9056604065184615,-1.448461961760185,2.287613365478661,1,0,0,-1.5244870902575332
0.035045851364109024,-0.8266438569965001,-0.1382811832232251,0.10565204377570445,0,1,1,0.1874059117425836
0.8164558860440525,-2.3935530454433676,0.19951135136165657,0.5123084146937674,0,1,0,-0.6862795638705008
-0.08991514517728207,-1.8853912813222342,0.15757761307910928,0.9270124663380285,0,0,1,-1.3805990006681568
0.2111148061700574,-1.359019382725021,1.1790710253888337,-1.6692439377661477,1,1,1,1.1779567719047335
-0.5785009361627234,0.9623897971339714,-1.0550859534317745,-0.25207886263042245,1,0,1,0.5734594069978022
0.9549666553506494,-0.6982194757154111,-0.5997466165036075,-0.23415152046270102,0,1,1,2.5927243051349573
1.7063576206071818,-0.267868763884605,-0.5761452152341338,0.29009832589818585,0,1,1,1.4951380054948258
-0.18791539731682144,0.45902925855973387,-0.4948726824356971,-1.4565608067264895,0,0,0,0.1301200560132334
-0.9549478060874556,-2.0536568128097272,-1.7493832641544673,0.20653229972077927,1,0,1,-2.6454438591791005
0.14936666671778104,-0.2552881035479255,1.4658430637077904,-0.20048503621042185,0,1,0,-0.46170298779166785
1.7719950598970986,-0.40816679706816206,1.5060885851366665,0.7965635204927655,0,1,0,0.3416667917803101
-0.16863752398551768,0.04781634523043637,-0.883933060204854,0.3399207208912155,1,0,1,0.8281527739367684
1.501421452703818,-0.10404074644227614,0.29103242365289594,0.27576169907604925,0,1,1,1.9076334363674663
-0.8374932745662493,-0.5911125262180361,-0.13551603803167142,3.0943176946814157,1,0,0,-1.923223348133842
-0.1367774624256548,-0.5405683271297398,1.1315627324715372,1.8842838483004507,0,0,1,-1.8983811542988205
1.0743598125178273,0.0014258474181595793,0.9121632637573396,0.39903705742064066,0,1,1,0.42357783147522104
0.31435549656035,-0.7355910648774417,0.46549713218446226,0.9598859377092043,1,1,0,-0.7668629185039575
-0.40853344773197403,1.5186139682050925,1.301813724838478,0.008793213340871126,1,0,1,0.19582005561186733
1.7927440528686585,1.2509067187326717,0.0638458878030232,0.5416433466511933,0,1,1,2.835531260222061
0.0029714785304119588,0.569627599287846,-0.5802265838893188,-0.2655590083912091,0,1,0,1.6518624938740873
0.16411400972452417,-0.2212120552643793,-1.5082754050895186,1.4144548553686391,0,1,1,-0.35561058553604286
-0.21206110188948038,-0.19960310627075653,-1.4545156921852886,1.0903139960392922,0,0,0,-0.039628899882670654
-0.8090919885770912,0.918500273133918,-0.0005321800482638125,-1.3052056764762887,1,0,0,0.7618993802060482
0.22695523453027044,0.13703439494400074,-0.7665423058254506,-1.6556550249411208,0,1,1,1.1065772310493385
1.3259451682674046,-0.8196940899789193,0.31729009062882135,-0.3500173993127733,1,1,0,0.31550628019095994
-0.0862396158781411,0.36198396207573375,0.822419351254205,0.8275778939770987,1,0,0,-1.3224064664865691
1.2840777080946073,0.42508960144683766,-1.2354774270011042,-0.2981703401307405,0,1,0,2.247620197551424
-0.8268541799369058,0.3971200208624384,1.0412686911479376,-0.23041388371919694,0,0,0,0.18878394272015164
0.24552752040404258,-0.9691146769886655,-1.2723371395406744,-0.43602935423759626,0,1,1,0.990682200180123
0.6948706208526979,-1.0791241763520723,0.2561512227786526,0.6067387021388368,1,1,0,-0.9419411715059817
0.550316432074445,-0.62113097877435,0.21469968750016963,0.7448015151871414,0,1,1,0.8513682379602159
-0.1467248519304067,-0.9845946291910266,-0.777044753084796,-1.2289029991857974,0,0,0,1.51688743472829
-1.9018368616743153,-1.2920448554706958,0.9564683440136507,0.994384593319143,0,0,0,-2.6240858333695933
-0.11644898019499314,0.8314402876386608,-0.5744208998182165,-1.8206505169323661,0,0,0,0.9872168778959198
0.9332569389180719,-0.34141208185649036,1.0895509530292804,1.4956143128106687,0,1,1,-1.0800147248255405
0.6697734182216445,-0.27435832762007956,1.054572615698325,0.005777234345008767,0,1,0,0.7492567475248095
-0.074539718223607,-0.08502231507160536,-0.6219436405590943,-1.4121402822204108,0,0,1,1.0527481104891414
1.397680308274436,-2.076364892698979,-0.029780086021750033,1.5080580924300249,0,1,0,-0.8270088379585945
-1.041138089747704,0.5711442970778413,0.3169006597898162,1.1252932413745345,0,0,0,-0.5328905341052876
0.4538452375012772,-0.24284509575676677,-0.26841682744694684,0.09630053133582346,0,1,0,-0.4349710683850342
1.6990579629430433,-1.0661083409236443,0.9402563472448917,0.7776448351638482,0,1,1,-0.14896648848191707
1.6169199304254631,-0.3915041645409252,-0.9967756009294455,1.3405390679956637,0,1,0,0.2991462019399222
2.0119156758543215,0.8472310516492018,-1.2209478903189863,1.7351585103362421,0,1,1,0.3992108473618623
-1.206830990734567,-0.1924391943026334,0.16964096066721251,0.7453968426561662,1,0,0,-2.0892145322756166
-0.3723119377759534,1.3949166652700506,-1.7894798924530402,-0.33706871551783163,1,0,0,1.8685791117088715
0.19202548316698323,1.3349160779052482,0.5013418847524674,-0.8777304980469248,0,1,0,0.38825225133296976
0.8492938760389556,1.5680657529542805,-0.9371255212840379,-0.3036177405063924,0,1,1,3.025676981924795
-1.1611845913469636,0.5079844061994198,-0.5011351678875952,0.11583365465475905,1,0,0,-0.8488835913828539
0.328957460777768,0.7054718058777654,0.09921429989360622,3.0659052816395445,0,1,1,0.003475990807440446
-0.8021056321995195,-1.766789547336016,1.3430395704700926,-1.0821055857613042,0,0,0,-1.266317543692183
-0.07357538772352042,-0.437369018408093,1.7042321078297342,1.0745149794536966,1,0,0,-0.7237016933593063
-1.5821524955625643,0.9873901612377344,-0.09435759944212457,-1.029854821444346,1,0,0,0.8029611313297154
0.6639562847644106,0.4849710041427679,0.9558159735493168,-1.3259716116998124,0,1,1,2.124759721911316
-1.8933037520061704,-2.192568333087416,-0.6656723606910985,0.0717377513291823,1,0,0,-3.0879212685670385
0.4230331986651348,-0.2633717261222142,-1.012430815124647,0.3218628832805747,1,1,0,-0.13475676617742674
-1.2272843016915125,-0.549363829193785,1.4637749891021523,0.2748359916943941,0,0,0,-0.7981641642898492
-0.778033085853156,0.3097904909148473,-0.26270527973030694,0.7388841057173091,0,0,0,-0.32780821921116116
0.6234782326429217,-0.5238280543280033,0.8365899020508544,1.0942832406468999,1,1,1,0.629501849741259
0.3317317208625648,-0.36679148951921814,0.05845361161048688,-2.07487351830373,0,1,0,0.030843649684890728
-1.2327781147976213,0.01653072307708302,-0.04407146985721033,1.7544385190434175,1,0,1,-2.7433819298705835
-2.3892030889788303,-0.1585720506572239,-0.7530474944217435,1.883616036872441,0,0,0,-2.4129151226205794
0.2109429985566205,0.34797561776968905,0.7719439709572565,0.40811394584564353,0,1,1,0.4100156043170555
0.22328561686866719,-1.1784503037934335,-1.733489746109766,1.1751334435143403,0,1,1,0.5446610172795165
-1.5014945709405156,0.11561092975768245,1.1791876409115407,0.4551636603167461,0,0,0,-0.289391606156002
1.8089542406625323,0.318920465925947,0.47586201840635745,-0.7094146035443477,0,1,1,2.7724382865587627
0.8912960616275855,-1.123105538053919,1.1736439799670466,0.2004215435258158,1,1,0,-0.08092454989057574
-1.479395726700931,-0.1056818180018119,-0.9878452622814662,-1.43163641087094,0,0,0,-0.5824880381381196
0.905454751022142,1.1282544670216461,-0.15380670111424577,1.3248868332434904,0,1,0,0.29588919646247197
-1.3499021029294747,0.33046571559642485,0.5490000696648991,0.4016727348332357,1,0,0,-2.237069648481335
1.5829737798086594,0.3341772282774685,0.6096098206275637,-1.0014302187508584,0,1,0,1.3257531891968373
1.706842329943922,-1.130118738798019,-1.0410978822793384,-0.21730792031251717,0,1,1,2.4740174295347144
1.7915831893394254,1.428737040141846,-2.0667206237642874,-0.13988766251215862,1,1,1,2.7872173038700785
-1.256695779365866,-1.034155811651597,0.7555974037433987,-0.11295813582701486,1,0,0,-1.669477558230309
-0.3392970833100191,-0.002570379271712661,0.7962857932501484,-0.5070060935353103,1,0,1,0.6920276115898982
-1.2770478614862473,-0.6241134293359936,1.525669599146111,-0.05862594584340575,0,0,0,-0.002306002063073853
-0.9655628281965946,-0.23837605490530742,0.88113045661892,-0.7632097671499418,0,0,0,-1.1762976559969025
2.0776834207255375,1.2837789298117266,-0.6244904160617823,-1.4461087125190037,1,1,1,3.300382471086251
0.15081404464310147,0.7571361612737297,0.819932129356221,-0.5121028813005193,0,1,1,1.8873257692612397
-0.2307358029563499,0.5247860229580118,-1.6503240857650372,-0.24373417109066126,0,0,0,-0.4161690900103159
-0.17415552180408111,0.6942688278073943,1.399050040299318,-0.48245534226517867,0,0,1,0.8424276854253392
-0.8308622796761448,1.5400901914221248,-1.88624582065668,0.8566228077981657,1,0,1,-0.5415287863290661
-0.5406662257496593,-2.422275490327641,-0.6589117277032523,-0.4915766453563436,0,0,0,-0.6419848998544919
0.5362172740654155,-1.5429632552098442,-1.3492735228851684,0.8368787251337568,0,1,1,-0.42451645937655236
-0.2959774025469072,-0.09733189531169567,-0.09374015601509546,1.5491718227010831,0,0,1,-1.4878315867189
-0.37441466260312783,-1.6989586068325164,0.43873219981200284,1.4230596147106354,0,0,0,-1.0679925253584686
-0.17817904174645136,0.8452372570268186,-1.7253105732937104,-0.8898167902663183,0,0,1,1.85121676809276
0.11141630968806528,-0.3542521646205409,0.464190882141305,1.2103871871547836,1,1,1,-0.9176828439385516
-0.162568406781981,0.20983372387789392,-1.556280616404545,0.1729477197739653,0,0,1,0.12140580477533158
-0.49176646830459503,0.26009289853636924,-0.6396574537911791,1.6724001701844735,1,0,1,-2.2759035201725357
-0.42392348543949676,0.49276758000882276,1.2172849585270118,-0.47105543852031617,0,0,0,-0.09044115945264244
0.4662772427659727,0.6741893935372418,-0.2524943016564993,-0.08985775641205895,0,1,1,2.076956443796327
-0.336239887642744,-0.9789302965042026,0.2156182949303169,-0.9325547290999048,0,0,1,1.1423814398058543
-0.20294518800179692,-0.9165811171733369,0.3510670351588017,1.096176198182882,0,0,0,-1.332873131735038
-0.6715363678595198,-0.15912374592574902,1.4937331525597832,0.8499700363446668,0,0,1,-0.5522443402661578
-0.08430394765263359,-0.025814556841002246,0.41756382299058153,1.2806992386871854,1,0,1,-1.2439496052696564
0.5359806450133815,-0.5587951899480377,0.5559024487576191,-0.3133819744639494,0,1,0,-0.20406787587853636
-1.818858567475005,-1.3139597322774883,-0.36254831777389945,0.774393273153968,0,0,0,-1.358695672832642
0.19999288067681,-1.6120988585517027,-1.6453839524224732,1.9528302776984274,0,1,1,0.011209550611191665
0.6460993524497763,0.07507213067059174,-1.020484571879692,-1.3775791777489068,0,1,0,1.2465099423325108
0.031001057668075885,2.4131157351127213,-0.22614587116389614,3.1623839067320385,0,1,1,-1.1847761016995795
-0.6180071577580581,1.2738710400821074,1.3775084878338024,0.21120335189861034,0,0,0,-1.5725168100743665
0.9667893150169754,-0.03839278391058565,-0.46500170907758337,0.35037224832528463,0,1,1,3.0172171327664294
0.9842978109491558,3.3825310161622415,-1.912933811497157,1.321355795455422,0,1,1,3.2491260438569944
-0.9004750322086552,-1.0942916185118021,1.5134012249618933,2.14801969337877,0,0,0,-0.28722520698710063
0.4644792985874299,-0.7562137229599978,0.5809836400770414,-1.3099367782406999,0,1,1,2.2673455246199983
0.23483952719368745,-0.5563069682199201,-0.0470938783862212,-0.7477279109684414,0,1,1,0.6521325141970289
-2.0535547078489573,0.2942900197477475,-1.4078757158357382,-0.47106672558960955,0,0,0,-1.0716101352604857
0.34010720759816526,1.7212776060254773,-1.501320051669661,0.047369852360630474,0,1,1,2.21276397212113
-1.4059381984807338,-0.9641263572728306,-0.7401407473845906,1.4382413075089213,1,0,0,-2.296095083279816
0.03067058418417249,0.2948836406144686,0.6546408716699004,2.806696562246045,0,1,1,-0.9606078337630788
-1.4873908757684622,2.0798109419081823,0.2624211573241915,-0.3993252293673998,0,0,1,0.04555868707862043
0.5241413034931582,-2.064594981229942,0.2912181267150598,0.13993632879520798,1,1,0,-0.2659133317743241
2.373425218716721,0.49181757878031535,1.2000448497778224,-0.16230746051710945,1,1,1,3.130924588824616
-0.6340945217651506,-0.19200717752259278,0.8306765509084213,-0.2938865546158274,0,0,1,-0.3973332333005591
-0.9508051023069842,0.6241322766051582,1.388951568550499,-1.2929782873237368,1,0,0,-0.018310382351708454
-1.6176520293760013,-1.7441868792181578,0.9649420339375969,-0.9600111794752745,0,0,0,-1.6799273098348837
-1.0376698581792898,1.393390215530133,-0.04218770370511336,-0.47926095219316966,1,0,1,1.0663125425822053
1.043850321668744,-0.6233241077224494,0.5589610333984825,-2.507482804536296,1,1,0,2.038956564355582
0.04412414073919477,0.5840465024894907,0.6745376425685929,1.3478962923749218,0,1,1,0.1641841550798187
-1.7350361782652772,0.20412377563396153,1.1072854423823042,0.04429685313106842,0,0,0,-0.5248786847893455
-0.24722020974034514,-0.5565381446088629,-0.45203572502837547,-0.19979695691070756,0,0,1,0.8668251966000831
-0.39116153905291745,1.0286162806665387,-0.9838029800662418,0.3162918803046532,0,0,0,-0.05486026978889599
0.6032073136241315,-1.6116189611104705,1.842980785022544,-0.7260548196163952,1,1,0,-0.05868951044551446
-0.502330220091814,-2.1148070789967512,0.6717650882170252,2.02468875903741,0,0,1,-1.9889492459844296
0.395026641362366,-0.7905526947619688,-1.2001350426086057,-0.08183731092474889,0,1,0,0.48689440007508045
-0.1091164310975394,-1.2036356330773912,-1.682178294595356,0.128158923947079,0,0,1,-0.5732166338565169
-1.7057017961995187,-0.8637015162859025,-0.3617199660348359,2.368552235417081,0,0,1,-4.224931191040981
-1.0530841194889442,0.6027601766533133,0.5259161409536273,-2.903536515754806,0,0,0,0.704479159391794
1.311499178954345,-0.2759546464024957,-0.9684408905708753,-0.751222458258042,0,1,1,2.908376964915978
0.35740012345176025,0.19346455936461543,0.7298059007600034,-0.49864098665327644,0,1,1,0.9342830788387566
0.18623799442955882,0.2341285913167384,0.11601510447973672,-1.330089753049657,1,1,1,2.0497960222043954
-0.02196375332116443,0.897831954300937,-0.8165170092562221,-0.6645810397715572,0,0,1,1.3666207388677254
-1.6459102567574504,0.3088613111138917,-0.8903013691588505,0.48539789823226276,0,0,0,-0.8210624726948046
-0.2773439273969732,-0.40105924670860416,0.40149180042198346,0.23057722999469046,1,0,0,0.37875509823661024
0.4291071653909696,-0.8777238212182119,-0.9713136368864004,-1.0933231707390731,0,1,0,-0.4617982415687758
0.7378067165387885,-1.2838502526893862,-0.751562791839477,0.008204683048314397,0,1,0,0.9160093970555747
1.0519674816507614,0.3129631090892809,0.11773915164957982,0.8324678534809953,0,1,1,2.5552232677024627
0.39267445347793684,0.35710281151723405,-0.3536857784101375,-1.8115778375306286,0,1,1,2.161785338654638
0.6021079555724789,-1.435721357209938,-1.98454920412683,0.2692822035610986,0,1,1,1.5105295945607244
-0.5516064716455646,-1.1884042103733725,0.8154076346359586,-0.08108553255247938,1,0,0,-0.8970596573716194
1.435951387335276,1.0519745264833542,0.2228933055217002,-0.3865207280164725,1,1,1,1.9791008945410609
-0.9549237272882314,-0.534580901815245,1.3212078750084164,1.3639128563921588,0,0,0,-1.539048617589157
0.3555469735556779,0.2224672022744257,-0.3314903636106888,-0.14099181775256445,0,1,1,1.004771214969271
-0.23874106472591686,-0.8634148312326456,-0.4266854315088638,0.49491635498573516,0,0,0,-1.3861366731159221
1.288926186648177,-0.30159448898953095,-2.126765306397957,-1.795442214695588,1,1,0,2.730789964409103
-0.11301342170900597,-1.7741414166612917,-1.3509893325554079,0.32799706333900414,0,0,0,-0.12291330862021982
0.7659872646713985,1.5392145990447792,0.38360338219879797,1.4891744403903329,0,1,1,0.1566381879843487
-0.6803521448904699,-2.6781075112936104,-1.5890119477735334,0.9098048861200261,0,0,0,-0.27114112833481974
1.2275025506431059,0.9426293053811794,-1.1464709372695179,2.5373666064250973,1,1,1,-0.11023641141656221
0.9977052652866478,-1.689793599321958,0.6962112262932868,2.574253121042704,1,1,1,-2.412612795199498
1.6052382442154074,-0.11179931040715282,0.01616891435709164,-0.24063826139777836,1,1,1,1.7006458505682418
-0.24844598102307772,0.48249499197582885,0.66307346863234,-0.11548207181314718,0,0,1,0.4416856663836998
0.9573597421896988,-1.3167633594954085,0.15740431866920593,0.34499246957819063,0,1,1,0.8556785478090497
0.7626930572514614,-0.34352375349062386,0.4681522044641611,1.2652413091809112,1,1,1,0.14783855667320056
1.211541808321353,-0.7701118674178651,0.574253712775529,0.41306146884305833,1,1,1,0.23440538112719397
0.795166123670071,0.11274259758364194,0.3938418216150817,1.9909910032809555,0,1,0,-0.33928632032653316
0.24711500427403188,-0.6361845454601822,0.23868309606219457,0.42409202725475725,0,1,1,0.2579160941074313
1.2318204807707773,-2.1201827934132025,-0.4895457853275474,-0.1942223598798217,0,1,0,0.3595367704719134
-2.626603342983656,0.5288931756175123,-0.38111079787563723,-1.6248553833408013,0,0,0,0.03449598305423718
-0.2578604397625446,1.4424884347181492,0.9066064016234612,-1.7931368665031435,0,0,0,0.5224988862600674
-0.7912365284466676,1.7491467748081748,0.7397902111938249,1.2725751700925425,0,0,1,-1.033259572138674
1.2224614204640525,1.5265300622600453,0.06581519359125836,-0.8980045460614635,0,1,0,2.5111827110917306
-0.1156677068129664,0.11603508365845555,-1.0154349502767277,-1.2500466636311443,0,0,1,1.4005224763018846
0.8213029497643514,-0.20127252179572971,-0.1494055805950308,0.9049449390266643,0,1,0,0.39874781178773067
0.22195017536105852,-0.2751779756736408,-0.23306299069451017,-0.04597606404308231,1,1,0,-0.5086982557152806
1.173680424350446,1.0584477401766368,-1.2173789215568178,1.7531385424429577,1,1,1,0.7360789417870623
0.906510421424491,-0.6776483034533426,-0.0452394781149146,-1.9826503508588702,0,1,0,0.14981655228485447
0.08406018309639561,-1.5376471697618577,-2.7431352599846335,-0.9370645793716931,0,1,1,1.1177096749079263
0.5918149336323711,-1.009912364327398,-0.47843393091736525,0.9956907193588492,0,1,0,0.7081873528584524
0.09087085307792941,0.1817958687333805,-2.175806720403771,0.43993275069769805,0,1,0,0.2935458418038678
-0.36390157861467043,0.2968402815814531,0.18268248160446263,0.76224313857217,0,0,1,-0.7132058166798333
0.5886031439883923,0.9585722821448793,-0.6642041791561059,-0.13913977229415336,1,1,0,0.5265157473959847
1.647482653092878,-0.5826685921046925,-1.2613608016229598,-0.2662020981938279,0,1,0,1.5171167046691927
0.951709192755529,-0.18748689442492567,0.4145728674931079,-1.2496449961885514,1,1,1,2.7008909316349508
-0.704460625865492,0.7109957667696314,0.9515127697180666,1.5269220769568033,1,0,1,-1.4587193393841225
0.9389138043874551,0.18513282640399917,-1.5335164466482742,0.8680094307207327,1,1,1,2.001191069249253
-0.7210324612444045,-0.060332409677603525,0.16090518859879205,0.9786918501637217,0,0,0,-1.2821643843141663
-2.924627190964582,-0.4438719271382504,-0.9359731071097669,-0.43481281690714274,0,0,0,-1.9510017514874507
-0.8829484816103486,0.7187417880734543,-1.3576496812080767,-0.6656546313955026,0,0,0,-1.5920614055171685
0.23463504577713246,-2.323839268412041,-0.7029791658693271,-0.04269894549122372,0,1,0,-1.5764030964468851
-1.3851297298196275,0.26395665593917467,-0.9218397934449314,-0.8089021012354225,0,0,0,0.0006312686426621084
0.25532103812675744,1.2689224304096458,1.0404324592625698,1.3779300140760697,0,1,0,-1.1925534195316454
1.236871505790085,-0.3198040921706581,0.48720887550524467,-0.3270506517947377,1,1,1,1.1167927831577131
-0.014215022997323966,0.4801669334020147,-1.5902251606799689,0.716107714455888,0,0,1,1.1060625768876966
0.5032043684775097,-0.48022442777172303,0.08147502648090714,-0.6355725719434382,1,1,1,-0.5703779372783899
-0.22023024254567808,0.7347424457245189,0.35099935438084884,0.8433442786953366,1,0,1,-0.8782974962934793
-2.3052572417206534,-0.1552399266844267,-2.0383047523125333,-0.3029115512633738,1,0,0,-1.7543287466670479
0.3061921704349451,0.4147166041058065,-1.1326844079882221,-0.04180267425916417,1,1,1,0.4074064754068826
-0.693118621124567,-0.0991734672319092,1.5846770069931437,-0.9793790387551566,0,0,1,-0.5394427466373958
0.3469105622423686,0.7245968851501919,-1.2532188394168118,0.6788596579108744,1,1,1,1.8306142523400395
-1.9057220295927275,0.8283218148013143,-1.4364713240010607,0.5535479407903874,1,0,1,-1.2051560802515402
0.2351580151752793,-0.2738334163776539,-0.9751994181695607,0.3407860666763469,0,1,1,-0.28899640353518874
0.5938828026873089,-1.0199868772294736,0.14812290442867038,1.4275110610738602,0,1,1,-1.0569636332802959
1.4526017706740015,-0.9490020663222558,0.5519802883290625,-1.1587940111040413,0,1,1,1.9562796019236344
0.2849040626282538,-1.7478837159701377,-1.3452224537026907,-0.8855706735515282,0,1,1,-0.17376206194331656
-1.2577708264601033,-0.6733132180815338,0.5322083686726227,-0.32913919783037104,0,0,1,0.004982658201680812
0.09582160714560341,-0.011024042729155022,-1.2484546753739683,1.2160629475228104,0,1,1,0.6014355640141468
-1.8843617087537128,-0.6338205382208656,-0.058314919885877635,-1.3724229742178298,1,0,0,-0.30168429585746714
-1.8356809313216684,1.3276903424998787,0.5547975748517153,-1.7052757838301233,1,0,0,0.1946067996890044
0.31516539328750154,-0.5622750487470053,-1.3223934476696297,0.1747466350532524,0,1,1,1.0835380671926984
0.6309576240672166,-0.05138416082207178,-2.369421382435456,1.1532874861955256,0,1,1,1.7413242473261548
0.2904680617908258,0.7028557715062919,-1.4417191389219148,-0.557002238672451,1,1,1,2.4401177700277223
1.270485029968248,-0.1945604137904717,0.28624860288003484,0.7093684930277375,0,1,0,0.8060222762701791
0.8813886551808988,0.7514248956241937,-1.008408368091672,0.0590730425016405,1,1,1,2.404687222700027
0.6472395756865095,1.5722540275862924,1.3684256883631685,-1.5851898403505873,0,1,0,0.08179486267567926
-1.5749487589268791,0.49298350833762467,0.5836494023958059,0.518684682309254,1,0,0,-0.9520517888750618
-0.6330099386921326,-1.0785902634669597,1.4213737431870472,0.30002123540410885,0,0,0,-1.10117008449754
0.23764254039174468,0.6440886534173482,1.1152499747367337,-1.0910483985934922,1,1,0,0.6887316871172505
-1.3826449732976849,-0.4606761448830284,-0.8015252098282447,-0.5412180057930988,1,0,0,-1.8302292793856838
-1.1585608635137608,-1.2613248840254807,0.3134929962783321,-1.486574172483616,0,0,0,-0.18824964317548942
-1.4683234609601645,1.209736049814088,-0.5403517958286294,0.6346340493416265,0,0,1,0.2756495125966485
-0.6143415682332034,0.1395750956188349,0.9274833295091177,0.10668495365097562,0,0,1,-0.648997395506627
0.23546036798311462,-0.8675640487144392,0.31322438898802524,-1.118638458343819,0,1,0,0.21708140616588986
1.2532455484620217,0.6148074022642263,-0.977795644788949,-0.4964678829750483,1,1,0,3.1284144641958562
0.10128568905639458,-0.0016369863793383814,-0.2454487744744048,-0.09992634784841319,0,1,0,1.2090682538468012
-0.2929405944072904,-0.9166424275646028,0.9966430980169164,1.3974079723284845,0,0,1,-2.621496373583758
-0.9854342704936923,0.48672573990946677,-3.1060800016803567,-1.2180873550435247,0,0,1,0.7875691934697161
1.3740801552752202,-0.31622027342911635,0.7482290602586442,1.0387667281239195,0,1,1,0.22768565280118935
0.3140423238763733,-0.13307260150551037,1.1234000333708083,-1.1461839851037658,0,1,0,-0.234058568388387
0.784457902714927,1.935567866751248,-0.2313919312747463,1.0083074334483673,1,1,1,1.2966468323655818
-0.9828106944794969,0.23233814940852957,1.7334474707049659,-1.2267688711539284,0,0,0,-0.9677661161385336
-1.1944134556861312,0.04956863656746297,0.1694539290303934,-0.46386746163214504,0,0,1,0.04893745723748416
0.3101959162871106,0.1290348050434939,-0.6300434605326223,-0.6135382672704373,1,1,1,1.3760308747979568
0.16935049515767583,-0.06854006566762108,1.6820091074917065,-0.5172508098464224,0,1,0,-0.2547171215635776
1.281844575803544,0.28350247663594563,1.6025891139320783,0.49919390369712546,1,1,0,-0.06988697803078578
-0.6045538552827446,-0.1509927460195286,0.54636424363892,0.4272071594478847,0,0,0,-0.901768767366255
-0.18704029051485385,0.8215055369529074,0.6107340939326195,-0.6364571753346205,0,0,0,-0.20094635928335483
-0.4665796474423088,1.3018974687493983,-0.6182772951977026,-0.21143320620754352,0,0,1,1.6594904486486355
1.0978921198363765,-0.24285858067750768,-0.6876604694960589,0.7531555109803076,1,1,0,0.4760378154236864
-0.7522073448713753,-1.6781317294887939,-1.047224302414983,0.4793418308319859,0,0,1,-1.5527665602225862
0.8341115972941446,-1.079568834491211,1.4613836037925134,-0.024445311113008537,0,1,1,0.2747288911413023
0.001987239214328298,0.027138734419903075,-0.46909894883926784,1.1494257280789877,1,1,1,0.04118961289426071
0.6116793641566347,0.40411238100313307,1.2674673992415875,1.6478064774018852,0,1,0,-0.6698086858367573
1.409485649818429,-1.19725042736066,0.2733586401171753,-1.103773300783096,1,1,0,0.33447392151642324
0.5654222196972838,0.8450333831673773,1.8294133574977418,-0.5546073556137052,0,1,0,0.2490649796447747
1.9841320268906986,-0.9255966615451666,1.6142034831910854,0.13830636050928036,0,1,0,0.7153793799482315
0.4038435754868797,-2.4109660229516776,-0.29810500945395507,0.6994682280305407,1,1,0,-0.8360433305527519
-1.7755689892981024,-0.28627710066577544,-1.0646634006231357,0.019351486032578434,1,0,1,-1.7544123785408074
0.42508320826895923,0.3033046231450345,-0.06226212251674555,1.73260041000589,0,1,0,-1.0600251609473754
-0.16172329938835067,-1.1995543300333928,0.20167306503573154,1.0252416571884662,0,0,1,-2.708278640178815
-0.8216311118541855,-1.4905947672973754,-0.5619512138824682,0.7880633014646459,1,0,0,0.5806851768964532
-0.15591300381022544,-0.4087586767835722,1.0475701642359616,0.08007787082969678,0,0,0,-0.18817446147332068
-0.8396887721644394,-0.8636990184552538,0.10763946647826309,1.4325549054115683,1,0,0,-2.0720026364361774
0.4711605173211542,0.8019018443039,-0.97107639102828,0.5511633061222243,0,1,1,2.4652844538859577
0.3242839149990158,0.5007192595984934,-0.30676782853325474,1.6796173666623166,0,1,0,0.04114394205121838
0.9333847676300869,0.39791994555826155,-1.7912374058280225,0.2900158577567591,0,1,1,2.455711574310002
0.6688218858448229,-1.4017827723017082,0.48590759549684037,0.036526288558914585,0,1,1,0.4622800403633196
0.6851124134729115,-1.270526986314417,-2.8727348965730366,0.4613086477042019,1,1,1,1.155302879068798
-1.3469097645215036,-1.0799874012413855,0.5472775778190866,0.18869202393500195,0,0,0,-1.91336309091351
-0.24396971326557357,1.6524812870664853,0.23393045633848308,-0.5519266465185313,0,0,0,1.0940107718664187
-1.919046233760356,0.41864820898069816,-0.20725902965956555,1.029433469984077,0,0,0,-1.4916717812865725
0.6328775389482915,-0.37218155203427133,-1.2554720557128398,0.5423801441973035,0,1,1,2.0916791565097377
0.02845526797419205,-0.12160420346382132,-1.4989938713985984,1.3224329799281913,1,1,1,0.43956104141172975
0.30412722054315905,-1.1071238265254635,2.2786728432267123,-0.14042606559367815,0,1,1,0.6954764530059812
-0.06850791879712412,-0.22974318203059246,-1.6245025494537766,-1.3696348592723455,0,0,0,0.5144721986152253
0.3312532234084925,0.711225831514954,-1.0044838203963709,0.7806091711920947,0,1,0,-0.6424951267708645
-2.016426796516565,0.006596937898931315,0.08704577080269203,-1.4517248422132332,0,0,0,-0.5194680533839193
0.3504377001041885,-0.5839923261465616,0.501792256524074,-1.57605820644952,0,1,1,2.350849518866542
1.777321656274507,1.3831838828570222,0.9415814313065336,-0.31006833224245667,1,1,1,2.952225431624597
0.3995799338777225,-0.8899914277435654,1.078522673633143,-0.5302890298840733,0,1,0,-1.027363325095504
-0.4296357635461061,-0.8022374496581394,0.579296471247505,-0.03513531711579362,0,0,0,-1.7048380631858655
1.3497190108748518,-1.085588967400376,0.9235634870763302,0.47993226846732623,0,1,0,-0.10410591908978267
0.3492174337057993,1.8536425283404765,-0.6224759166813582,-1.2730423520566678,0,1,1,3.4909940866539224
0.3953421992576403,-0.009542433794835508,1.8643953504961401,-0.9272836887565101,1,1,1,0.31579477100454734
2.0056494316018023,-1.173407798642601,0.7224983064487781,-1.0774251764420049,0,1,1,1.436318639905672
0.48627488014972114,-0.033402561834260755,0.41161377403383437,-0.3338530773574382,0,1,1,1.030236860940176
-0.6288443500339157,-0.00015210356545217887,-0.06026954519324619,0.9145252296118683,0,0,0,-0.9153774907358433
-0.8279724657249639,0.3888440530203659,-0.4128931039351641,1.2766764807936135,0,0,0,-0.14107531416220853
1.1338761048128108,1.7232599654568321,-0.28107706508898944,1.8357718352484245,0,1,1,1.7596114482593503
-1.6140175360727185,1.3220135268797326,0.28619545172724487,0.35707829053355067,0,0,0,-1.5342895818218483
-0.49266981023715234,-1.6173945894709894,0.5407000237093775,0.3040025928921111,0,0,0,-1.4354109370825607
-0.6649984903008898,1.6130638731875677,2.119389410118592,0.7072406462109118,1,0,1,-0.1462348605185173
1.0058555183915734,0.3722128631310791,-0.11536080722887321,-0.7543855163214601,0,1,1,0.7227415211863581
-0.19834373644419487,1.4924045934925478,0.4409708407958845,0.6145339730372122,0,0,1,0.7231112250466301
0.19030547124635533,1.1082475299119712,0.010850763920620034,2.1448057632625885,0,1,1,0.3865505038167999
-1.8671087693779458,-0.5357359418102199,1.3892385734178212,0.7591377912692238,0,0,0,-1.573654950621457
-0.5029703130894505,0.12979080315824604,0.9216942141785075,-0.03099377572203186,0,0,0,0.25775120715397437
-0.025429902127576974,1.2687081529058792,-0.5606111518254931,0.14011393512482642,1,0,0,-0.30589598411053487
-0.04208935950860793,-0.25879448754450657,-1.258568623658447,0.5047142439454071,0,0,0,0.8266717723106385
0.0016433476517629803,-0.7064062087846967,0.39631580754681817,0.5700838499608628,0,1,0,-1.5667985534339128
0.5937460853205028,1.1086584539614392,0.24726258757410233,0.6986831879518655,1,1,1,2.067137240218888
0.25091555206791166,-0.5001792765373574,-0.014334875846521496,-1.3904725830329165,0,1,1,2.6179336391020094
1.3375677705730928,0.07756159554823702,-1.0993192461219436,1.3083321435689155,0,1,1,2.29633542019314
-0.5238171192557347,0.7936784720121742,1.0895800910264517,-0.7800771508591003,1,0,1,0.3251686311073437
-0.1199797920885048,0.8477202577681764,0.606881170054084,3.6533083892956713,1,0,1,-1.9643783567229651
-0.4430265686336827,-0.3413651090027997,-0.38873483544788207,-0.005254131172894471,1,0,1,-0.533662499912508
1.5643025309777263,-0.38175151357429776,-1.3699707831177212,0.5895758657984691,0,1,1,2.262802499104619
1.2724271514885344,-0.01603336820316371,2.2233913348509518,0.8614474340870004,0,1,1,-0.12484833415958718
-1.334567175755394,0.15168341300793667,1.0639570372968907,-0.7384237796554485,0,0,0,-0.34832464842464683
-1.2796167323439325,-0.6534775685500809,0.7594662603090637,-0.5934109177679158,0,0,0,-1.427759362160689
0.9095680742198554,-0.9923389954845543,-0.2061817810344753,-0.23537473873433865,0,1,1,0.05968300793089343
1.0312261000687695,-0.19484565450236838,-0.6497633391820692,-1.3194772992363624,1,1,1,2.3123226873363962
0.5383180503108521,-1.3434182634029241,-0.5707380428444911,0.8899268645998996,0,1,1,-1.0414784162714734
-1.4647696159523818,-0.16281459715446592,1.9095716467072528,0.1308932797927124,0,0,0,-2.0291196935173543
-0.5697460393392585,-1.4462484330277379,-1.1404368395510043,0.10507762996058219,0,0,1,-0.3079036278489676
-0.650311910947548,0.4289263466398701,-1.1161934180203035,-0.26419712155148073,0,0,0,1.5188402965784238
-0.2608629127089219,-1.286188875952615,-0.09704596357541938,1.2989869660671138,1,0,0,-0.28742915461805363
-0.18285218231444947,1.3485994918159674,1.8711018949737375,1.503793923556153,0,0,0,0.2885436711045146
-1.6299937818471693,0.15221048103516466,-1.79991169472753,0.8717969692575449,1,0,0,-0.561426687036418
-0.6787724590616578,1.142799618998305,0.7937918448766085,-1.1555620943674842,1,0,1,2.129339030579558
-0.5431228707292007,0.1031654148682242,-1.4568873718707351,1.3085513415985055,1,0,0,-0.9756790476043333
-2.098403599741853,-0.5287080027819243,0.1261540089504595,-1.860532916007899,0,0,0,-1.048315458473522
1.6818200760447921,0.7544453597014484,0.43322736356253955,-1.7435908979993902,0,1,1,3.089218353466169
1.6777993288723514,-0.016815396810206176,0.10489288306051145,0.43885758556764404,1,1,0,0.6772657791739911
-0.8429615403416575,1.54018356440936,-0.5424412536152233,-1.5866859357639755,1,0,0,0.6681704797313028
-0.5361960610164613,-1.6322135324958236,-0.9844106192065055,-0.005189906687523226,0,0,1,-0.6914097650495611
-0.5106608093911141,0.35708683281032144,-1.3983969427701373,-0.03556994355055085,0,0,1,-0.5029322316490663
-0.7662919810082476,0.21989570550782062,0.3068709623509457,0.8818836711210514,0,0,1,-1.3354850140878647
0.5508758767580678,1.9767080818811176,0.577753759126487,-1.3046412015378621,0,1,1,2.5054734187070546
-1.0891926961489997,-0.5463463342116286,-1.2384695527188643,0.31380878378017196,0,0,1,-1.0881006936084467
0.9340739924515973,-0.5289162938209734,0.9671811957877323,1.25498590863688,0,1,1,0.6001160547984155
0.6276073903022722,0.3328245915300877,1.1459541146671968,-0.2233787547523735,0,1,0,-0.0057044628712807355
-0.012950178341850917,1.31935318591766,-0.5972178243227864,0.9349802462473332,0,0,1,2.3203279906680847
1.9588937791791907,0.7892850966352857,0.23989592435938736,-1.3169134298869798,0,1,0,1.6333103373692355
0.8457594315103896,0.7492492462336311,0.6215171262314223,-0.16921230683446553,1,1,1,1.1546898375845414
-0.3678386631221824,-1.5076850371072847,-0.5100857690045328,2.1440764118778435,0,0,1,-3.045449877694284
-0.1966181999721221,-0.011088197943712484,1.661189694918108,0.7622693235139564,1,0,0,-1.0001255040232753
1.1663680076246363,-0.8205381983964657,-1.4709763110025345,1.568556692940565,0,1,1,1.5881194225526416
-0.776320072031445,-1.3945675044988903,-2.0650570710371867,0.4532462047072072,1,0,0,-2.1429062702214807
-1.053481681066719,0.88222179323969,1.5680367770523793,-0.1180670163954757,0,0,0,-1.4132511464113688
0.8232706200945274,-0.6603683777883754,-0.6420412694169042,-0.04713017156956101,1,1,0,1.2006952745231225
0.7436663865944658,-0.3752251086805239,0.8009713757922783,-0.7465401262541644,1,1,1,1.0047697325332579
-0.7297091818257154,-0.6246076249664178,-0.9712659780735419,-2.2819468893676342,0,0,0,-0.5691216812303137
1.9291216257257486,1.3521515306091643,-0.21983468208044918,0.11957323231591427,0,1,1,3.177519866451685
-0.3930678866499179,1.2486278869299257,0.1966335274702842,-0.2758698716204265,0,0,0,1.4656978061893795
1.0523305526025222,0.8793809736530088,0.1943942940086349,-0.25930794054021594,0,1,0,2.435540668683518
0.49747568506267836,2.097273034200144,2.4970546253831625,0.14549179925534023,1,1,1,1.4261715005832072
-0.7882495056674711,1.5036149743551284,-0.7167863053646574,1.2143998611722442,0,0,1,-0.7201589978459051
-0.09036142510416295,1.8105162660528127,-1.09999233507668,0.8059402997843073,0,0,1,0.5938766073366359
-2.4410670828192056,-1.930272955765658,0.4883479876070805,-1.2553157421287833,0,0,0,-1.9198096681638654
1.0156933027179385,0.4089444508510922,0.36328474607482786,0.5209159576856236,1,1,1,0.6787181284046253
0.09922568306062264,-2.3932054590536174,-0.08273686790315263,-1.73262497229679,1,1,0,-0.13214489333906418
0.9909152503463967,0.3574656634447766,0.019473794908437442,-1.809114675422685,0,1,1,2.692459462904584
-0.806509385675654,-0.7557159148189821,1.570692525506328,-1.34848479380398,0,0,0,0.596362210374336
-0.1577542020678022,-0.22250273831251752,2.3198888793971295,0.9447040439486684,0,0,0,-1.2012583003592916
-1.3527436504720984,0.49836742209482743,0.21197220919811366,-0.6341262576103948,1,0,1,-1.0959130143191167
-0.7100559816222998,-2.40174243654275,0.01376610289295842,-0.10398672605446938,0,0,0,-2.5265163288533614
0.8028837555342393,0.09602572036116652,1.1346839060815455,0.4719550921411709,1,1,0,0.24734828611892187
0.5538582324461208,0.36039768727496085,0.8402668829227744,0.8864811950558934,0,1,0,-0.9228787497653965
1.3700281271022023,0.6386071156524581,-0.4321752189323881,1.4994969300097372,1,1,1,1.245489270552083
1.089077814403916,0.08739898957300393,0.9845513961204128,-0.6400558869261399,1,1,0,0.5545670101117954
0.19316060370396393,-1.0785379626873668,0.7888036671750855,0.5190129340019913,1,1,0,-0.8042506427898585
-2.498060203130863,1.6975691347039128,2.1656429653424514,-0.8715490262485739,0,0,0,-1.2555816843780707
1.4772592976848309,-0.04352773737032938,-0.2504650444008489,-0.4915957184428177,0,1,0,1.7219309773841114
0.24826085728287797,0.3303877883620018,-1.025512547672088,0.3451967062827218,0,1,0,1.0170063078373643
3.207340763424731,2.1161512105872116,-1.434492978801409,-0.0301810515255203,1,1,1,3.3243760771938407
1.9157314012437432,-1.580099173177152,-1.0996941957133592,-0.8843006787009817,0,1,1,2.3408570006008476
0.6828367378395701,-0.6261933789146427,0.35058460485982174,-0.47127817854108417,0,1,0,0.7079807833840168
0.28143500647888753,0.8585795884704169,-0.9904714120407185,2.115808915167998,0,1,1,0.575244981603418
-0.2527054722188401,0.13643869585657656,0.9625205834495745,0.5528978872804599,1,0,0,-0.658316115239637
-1.0439343101741787,-0.213768657494975,1.035136368262347,1.360954374733753,1,0,0,-2.1183970573393154
-0.5839677494613381,0.8725187899248579,0.12678171784565012,1.2876758356489402,0,0,1,0.19076604986153656
-0.012267594393018824,-1.06252032767253,-0.8748586418629771,1.0315709836887133,1,0,1,-0.7211463709432572
-1.0356531249409546,-0.2763050473176919,0.6532469152169584,-1.354277751019723,0,0,0,-0.8099408579696812
-0.2641546890340792,-0.05141539349167027,0.6762694944436235,-0.8993348910030782,0,0,0,0.037074766671079826
1.1122021910877147,-1.1568243544727628,-2.1298959973827505,0.13160755909051775,1,1,1,-0.020015241155256824
-0.9694424700712281,0.2497618549484307,1.4836516902867705,1.3968183766832585,0,0,0,-2.0710560482699996
-0.18659570404616135,0.03914621087071778,-1.284410036148303,1.022150448181586,0,0,1,-0.8765583887994746
-0.2695939731109507,-2.2152060327032235,0.6690467037316348,0.39772703750694355,0,0,0,-1.6672268620098467
0.1661271142678715,0.6050645630804231,-0.8093873945574854,1.2619332600272999,1,1,1,0.10800570951657407
-0.9159914568352698,-1.2786642717837335,-0.5507224864160667,0.3636277448954971,0,0,0,0.16155382343902436
-0.4126116249640562,0.24861231392901043,-0.8567469381572937,1.3556940610978503,1,0,1,-0.4355260174128021
-2.2900515494331373,-0.059166953808553205,-1.0288073776717297,-0.20161896633258106,1,0,0,-1.0176898907529384
-0.16159653384507888,-1.0346934450915264,-0.7565583166386074,-1.1530613715376294,0,0,1,0.3526142998418247
0.6957107463916812,-0.624439047123849,0.01347243324565493,-1.491097269490496,0,1,0,0.7419618593402245
0.6993949590792368,-1.4348934020255537,0.978327812690859,-1.3355162546551014,1,1,1,1.2946875991861702
1.1276185463443906,0.45593125815799423,0.3333157598909146,-0.59348314999945,1,1,1,1.7818128686372798
-1.0091366363776646,0.8227431867909158,0.5753129048847953,-0.5242516814877787,1,0,1,0.1426210836409691
0.30910943601270086,0.7078149556564737,-1.258257405144488,0.6246985370331858,0,1,1,0.8282831182388352
0.1304785615286486,-0.4844743421516169,-1.012473634648232,-1.7283118974460667,1,1,1,2.283667086806582
-0.23052568173056528,-1.6389655071194282,-0.603808870468231,-0.49482435323536755,0,0,1,-0.4740151164155125
0.34838876792156537,-0.5115325030740325,1.106552190806595,-0.6723454420934059,0,1,1,0.3238008583269911
0.09808350456114195,-1.0260618529871095,0.2850898017730987,-1.4773836108170892,0,1,0,0.7894306108648407
-0.8938290840147719,0.9561113383135323,-0.17100494170772224,-1.0335101968316225,0,0,0,0.4484434863424097
1.6678204460895378,-0.4265700728762357,-0.8854514373391282,-0.15145703200010005,0,1,1,1.0157315671818323
1.643320449596996,-1.5959257753226979,0.7606884100057579,-0.5876915746938325,1,1,1,-0.036235062218339054
-1.1897996696175692,0.3439064666629994,-2.5119731272049526,1.6962243715699785,0,0,1,-2.4254612554101156
0.6014970543029114,-1.2773901071557985,-0.8392580784979914,1.2492732907918014,0,1,1,0.6645890924432741
-0.608713327019149,-0.3457012720115834,0.02601210982851221,0.3190448541203405,1,0,1,-0.5203629421104282
0.8491617288875166,1.2925185608933727,0.9307684851858842,1.2839661883153541,1,1,1,1.758507765794659
-0.7386581823638994,1.4049667949671085,-0.212972108430648,-0.6624086372909274,1,0,0,0.008112755726209259
-1.1280119103720148,-0.17289825219369373,-0.8693723638683422,0.007239859598743136,0,0,1,0.13783369400825313
0.5342328537055258,-1.2340651208183047,-2.133159388267228,0.9784037900463322,0,1,1,0.06453492895319102
-0.4930583877366064,-0.4122363458611126,-0.28302534092577475,0.08971094037053708,0,0,1,0.2529109146879892
0.28341989175235177,0.11304710943350757,-0.4316253052602471,1.5304456996481661,0,1,0,-2.1399823693921185
-0.3994038926444139,0.7225015481531288,1.393752834274481,0.7726409426419899,0,0,0,-0.6305749269025497
-1.0581427592797068,-0.9065885470872205,-0.5561436564894819,-1.8372619581464062,1,0,0,0.451158277135409
-2.534805293383477,1.1695011653050778,-0.3001493077248902,0.572898996924153,0,0,0,-1.6478286514155127
1.0288222162175091,-0.6280458223201991,0.34512582645487055,-0.7843946835371677,0,1,1,2.456627939550539
0.35794747235157504,-0.4435440804970877,-0.36226677259502144,-0.7043204212761278,0,1,0,-0.5897817476437036
-2.1166078454023443,-0.6997817910640018,1.3342786088848224,0.41273504984568987,0,0,0,-3.02623700105915
-1.0626111600355341,-0.5851381440072809,0.0772531434315459,2.1257402243508854,0,0,0,-2.1527684427791316
-0.2274012356555199,1.902247994822177,-0.12488147124205654,2.631656676853791,0,0,1,-1.127035833528173
1.3271148614539643,1.053291806456937,-1.919645436206299,-0.3839195061328245,0,1,1,3.5047229693664326
0.7228497312129234,-0.406064399813334,-1.6753987445945793,-0.35307355609002977,0,1,1,2.0480428342645
0.8186504397587312,0.7217356091481731,0.343855311413558,-1.233582258302796,0,1,1,3.5552910488263274
0.41295281575506493,-0.836842160131947,0.07915830294459907,-1.2081290414509986,0,1,1,1.7473792304948446
0.0072593134831083345,-1.8052399522693305,-0.9873562756870384,-0.3189487901282003,1,1,0,-0.9057020674021805
0.14388944238781734,0.3900047798061994,-1.1513585960027357,0.7316939135988385,0,1,0,0.16851999664426492
0.43828045468665244,2.6901409439211648,-0.4232485179870501,-0.31008095308984124,0,1,1,2.955242423986868
-0.5822622372190309,-0.23203189079820818,1.034668253501848,1.2227375494294754,0,0,0,-1.6172504368347165
-2.042573150643566,-0.25822291864884583,-1.137094401190182,0.27281494969505143,0,0,0,-2.3290238410321784
0.3843727652992769,-1.5080820540626847,-0.5348341720509374,1.0704799297211995,0,1,1,-0.3328461400231884
-0.1790523961830379,-1.3613859783262334,-2.0412338674994257,-0.7419138770482189,0,0,0,0.5236067923132182
-1.4940069039902233,-0.04246731340709741,0.5956665526323228,-0.7720057973599038,0,0,0,-0.6778238555738917
-0.22813194109368334,-0.1646228386365337,-1.7085776494670053,-0.8373583615014849,0,0,0,0.8289317839448413
1.1507839398115216,-0.41599144085266165,-0.04593689181838235,0.9039715644027849,0,1,1,1.9020901617317862
-0.8916878911987953,-0.36991362597247,-0.5301513818562151,0.39993354302333656,0,0,0,-0.8985770766474062
-0.3205332201885414,-0.15344467527222438,1.7602992649698694,-2.1974564499641707,1,0,0,0.788034693789401
-0.4585171452367016,0.1671066440373654,-1.2915913963867367,-0.3920519934446111,0,0,1,1.5972436603067428
-0.8615523083013789,0.777561538749713,-0.8756862358505345,0.19230300479114373,0,0,1,0.22238613468822505
-0.6969529611559979,0.8903659888501338,0.38078805672675053,0.8894832475997686,0,0,0,0.5930503201822074
-0.21275139229833911,0.4587118543345917,0.871809413760288,-1.0252163989935656,1,0,1,0.39987124395015555
0.8823958011301156,-1.125172744005243,-0.3105700486190144,0.6530649190916439,0,1,0,0.46148480225015287
0.11380800654585305,-1.8827067431146423,0.7336455272868581,0.14295621707805947,0,1,0,-1.1959074137917611
0.8553716570010146,1.2313813788242627,0.3326189985566303,0.41937799457766073,0,1,1,2.5810646283021925
-0.20637242699870445,0.5656474444199283,0.041950788826324886,-1.0833815271262854,0,0,1,0.6586133303843287
0.08947261241622297,0.41028666904161876,-0.7910096976322173,-0.47361897661879343,1,1,1,1.8231342036760838
-1.5715233541931641,-1.0944645188344662,1.2285327346183785,-0.09999077823106065,0,0,0,-1.7386919026512577
0.42729649139140263,0.8232148635458869,-0.7408316177052895,0.46302759426011597,0,1,1,1.6769139518331446
0.886390006569791,0.12087685291004238,0.26828227638709273,1.6602113204872577,0,1,1,0.3790709883350544
0.07708754110394501,0.40118937067040067,-1.1332907771094582,0.3177801741862585,0,1,0,0.2268960845069964
1.0280865733148155,-0.7964756152336855,1.6708998155486043,0.7129662788898845,0,1,0,-0.3625582043297555
1.177637559076223,-0.6335638607320729,1.4591153437491793,-0.3943927129797303,1,1,0,-0.4342489833485761
0.15836537886022353,-0.23406249515465377,0.31908641937353843,-0.050304512327726404,0,1,1,0.26263539126522123
0.47176194344603173,0.7572984958859953,-0.7789388963923082,-0.03796823717652893,0,1,1,2.3364944230909623
1.9421573426746985,1.519802867008875,1.4984121555283243,0.7681960378246083,0,1,1,1.3271059655390216
-0.7525967499372654,-0.5559727829705711,-1.057843783373136,-0.409584993422102,1,0,0,0.19689568365338594
0.402599686286113,0.5526611288548187,0.6359418484701285,-1.1733369067653707,1,1,1,2.8268040091299635
1.8306911076638301,0.4261555604135533,0.47752033217942674,-0.03601222666545539,1,1,0,1.3445000077211071
-0.5952637254194065,1.709967446908478,0.25377586222045706,-0.48001962353421607,1,0,1,0.04785862608343183
1.8931532694878623,-0.48839847698735656,0.404938944481756,-0.06946425155630608,1,1,1,1.7529374950132701
0.16504817694586593,1.236002217141052,1.3106255662371302,0.6988674138645853,0,1,0,0.5405122748654573
-0.6152769849428043,-0.0841653361702498,-2.291947584651128,-1.2342625690589277,0,0,1,1.1510828305798113
0.6325970522758706,0.9505498927822011,-1.8722880041997847,-0.9387457532644463,1,1,1,2.555378649233469
0.840972402715349,0.048482625109621647,-0.4006350797792296,-0.555972558125587,0,1,1,2.9382738161618325
-0.4020726322387026,1.2622922340834715,-1.086582322821311,1.370420186694592,1,0,1,0.0809644358250832
0.27400818074879885,-0.46049559091639997,-0.05596024169839435,-0.3301361931083912,0,1,0,-0.1736366436925057
-0.2942855293558117,1.4153180515727408,-0.8232069224281332,-0.202010510990531,0,0,1,0.3529590294502636
-0.4917242716806324,-0.7833663321023021,-0.8573764236345555,0.04188846906362121,1,0,0,-1.1065716132389714
0.4500387408508561,1.1532308167779397,1.2344567639283257,1.6526944197345241,0,1,1,-0.0022217266330483154
1.0320567167306982,-1.2003344641250389,-0.5208350265229523,-0.372509049109967,0,1,0,-0.49588595267392543
-0.7323928660024815,0.9313318747400597,-0.7740849752748293,1.8449421893094164,0,0,1,-0.3681811513951404
-0.09231419283468478,-1.356683543789609,1.0980353427171565,0.39184010921880297,0,0,1,-0.8749775444885546
2.067973664852514,-0.30771327238540125,-0.8940979981994434,-0.5306407506118007,0,1,0,0.8734733857329571
0.639905234588829,1.1588377776880303,-0.37013748434444893,-0.14125768041469258,0,1,1,1.5667612367628942
-1.3864572118756515,0.2513325534245244,0.8600962622983451,-0.2513618176142394,0,0,0,-1.419515751721716
0.8230492843764282,-1.762326589469586,1.5622208021091648,-0.7847184636008372,0,1,0,-0.8635578447571141
-1.090446144229708,0.43677511729644747,0.31548182761828947,-1.3676263611499355,0,0,1,-0.04795990076372236
-1.4394783394768789,1.5296504099297152,-0.500238358548314,-0.6841177809986418,1,0,0,-0.5217949731405346
0.001784986987219288,0.9110157596203574,0.526809171777751,-0.3499548768113762,1,1,0,1.0845329301541673
1.4241290072083101,-0.6336259728980567,-0.5642790712159248,1.873403505714726,1,1,1,0.0715023197408511
0.9912703728227251,0.13346161715608412,1.0130304009819329,1.5151599686450696,1,1,1,-0.4646129660227135
1.4738102675795068,1.5301694140507616,1.5402694292480923,0.2821082591404163,0,1,1,2.175067535278777
0.8777612040950062,1.3509933152994185,0.4049303705711881,0.36621938824592315,0,1,1,1.3387682904621103
-0.2700242801539715,-1.7739378608524101,0.7913644303983511,-0.4323574303852545,1,0,1,-2.0347031840760286
0.5755147778172136,1.0796798509366767,0.30530483899182953,0.9901080741610095,1,1,1,0.21880358453160298
1.8116073580013692,-1.975804576722156,-0.7746224950866722,1.0150145026158572,1,1,1,1.55185106786227
2.066015125931576,-1.6549439519458382,-0.5647851952426075,0.2765376124219871,0,1,1,1.3742097847434072
-1.4972546909580997,-0.022931626638726783,-0.5177689125319382,-0.9100305346952238,1,0,0,-0.3940232563622165
0.37714028300998037,-1.0174357578962132,0.017954330079596806,0.4294192248371279,0,1,1,0.5142961910540707
-0.5912446579431991,1.1446461710356255,-1.1620589322339039,0.722732551623269,0,0,1,0.9238193778825058
1.0044954772592833,0.044248465509949236,-1.6061884603375671,-1.93617909304011,0,1,0,1.885131781135689
0.7490291035623428,-1.3232687553369353,1.8568780316604427,-0.35934304842238984,1,1,1,0.11595203186503672
0.07566080071971255,0.817140360989873,-0.18647503730943069,-0.19839091957044266,0,1,1,1.872538095216986
-0.6291189237259114,-1.8582897555390148,1.6963602417620056,0.3668000508199086,0,0,0,-1.5100933924462632
0.4945161527061272,0.5680172462324999,1.3556110909549202,-1.2007686838213933,1,1,1,3.1131490028444384
-0.011245893072005842,0.6019241109649321,-0.8224377688886619,-1.6290777585662752,0,0,0,0.5587093132003236
0.21465527996483832,0.35544831044373654,1.769016986283054,0.5616332112377393,0,1,1,0.06613369553873516
-0.0776109589297695,3.106193784187845,-1.43672414204675,0.9234741780359412,1,0,1,1.59970966180625
0.3954325440464487,-0.5425513406842533,-0.34540798617901247,2.054979706226741,0,1,0,-0.6548028899833918
0.08588894428294368,-1.3873384998903497,0.4131279010458505,0.10858829294404507,1,1,0,0.06334753817499195
0.8828403952016634,0.6918753128190682,-0.8346586462732877,0.011134283744307734,0,1,1,3.8085866363307397
-2.685519818348029,-0.610268525203327,-1.4864174083721386,2.2445733713011835,0,0,0,-2.43603432535368
-0.17301205083102333,-0.39853652220501257,-0.3134835809572825,-0.10757829950928498,0,0,1,0.6501682733142475
-0.4142357015924821,-1.627530822926301,-0.40121078375940783,0.16072705820670957,0,0,0,-1.2135810326684484
0.3892492640210741,-0.5618535205283948,1.0960550130666458,2.5863592029030444,1,1,1,-2.180175471868927
0.9132001761451508,-0.23566855949454674,-0.8307363317670088,-0.8285842429546841,0,1,1,1.8005596095907714
0.2818912856364323,-1.8259369898799085,2.1476817683241802,-2.2827062432842813,0,1,0,1.0883509098272626
0.1344530758821187,0.9740557547724247,-1.5201608340752937,0.636157941057837,0,1,1,2.080804806945724
-0.4211144308657443,-1.2148927971043704,0.5947017364048172,-1.0277300395505238,0,0,0,0.3974051566164935
0.7951129286137545,-0.25884981817898367,0.7568944324270593,0.8023594896932275,0,1,1,1.1249876732323787
1.8902962637024934,0.2399810657079203,0.8764314289420867,-0.18681498414064293,0,1,0,1.087150332471852
0.4900234223493348,0.4431666232283419,-0.5317663348493697,0.18233904927979802,1,1,0,-0.014161705335195285
0.29507737158135583,2.116385047097893,-0.4717459847446437,-0.9755262316071137,0,1,1,2.453709400838122
0.4944284117770807,-0.5085637897528877,-0.15259578602841342,-1.3507012568274661,0,1,0,1.2952236843172487
-0.4722377144044232,0.34313178338892536,1.1666752813320727,-0.046044355858792615,1,0,0,-1.0999479137521406
-0.7133083954694546,0.43970158577500595,-1.2959960684700804,-0.6102614729406033,1,0,0,0.450747220929403
-0.7640246847947537,0.4275980645768371,-0.20543054884832107,-1.220242677894928,0,0,0,0.46720342354583366
0.23412570182325546,-2.60921996096094,1.5449458932424565,-0.2822300303734354,1,1,0,0.0721646815986634
0.7789068590007102,-0.027744150343346832,-0.1423607070844421,-0.3106144390394728,0,1,0,1.1850683651565195
0.3439440587259585,-0.20052048478820816,0.5506305292023117,0.8465007200719014,1,1,0,-0.8870849997415752
-0.26236964317555633,-0.8546112013034679,-0.5098310304492284,1.155039324939708,0,0,0,-0.7517317380015688
0.6698999575542489,0.22566324687355674,0.01953533762089151,-0.3864910782749728,0,1,0,0.759136574328697
-0.2794826577642565,0.6116881241006752,1.5603010820434864,-0.28571726093741956,1,0,0,-1.088674269316545
0.3838206990763355,0.1683250115629148,-0.19669597102869732,-0.9898022718192793,0,1,1,0.6389795562828378
-0.49076762051279516,0.479638215888783,-0.24151678700400744,-1.1481539355822608,1,0,1,1.0098599073718115
0.40163664416670136,-0.23597873106396172,1.498627202295276,0.3476975722676576,0,1,1,-0.2947146878999123
-0.8754227814293912,-1.2367420107568319,-0.9178331614185169,0.03880166973519225,1,0,0,-1.335810002521942
-1.5412125159232752,1.986694032875488,0.3391936798164215,0.2925651447154122,1,0,0,-1.1582900510336902
0.5590943500858404,-0.9076664019263537,-0.3188000605929207,0.8591388623126422,1,1,1,-0.52000936935763
1.446176598004346,0.037993568785133776,-2.035176710194983,1.0927504228996705,0,1,1,1.7807847668194285
-0.4018152147533531,0.2763881080863674,-0.6013301948901556,-0.059153932136913584,1,0,1,0.2661337330707635
-2.476358144616776,-1.2154927592607025,-0.7598155750685687,0.7933763772757795,0,0,0,-2.789420976992152
1.1552521486166623,-0.04059753490456806,-0.6768796301245267,-1.1834935395996955,0,1,1,3.30720129337563
0.18571568244773098,0.37942977386797583,-1.9701590426135385,1.9991142617983364,0,1,1,0.21765527637947715
2.35386663110338,0.22944014552307493,-0.5649055579662963,0.6024921249223,1,1,1,1.7926733613064645
1.4931307055640426,-0.09395145992725093,0.11855766902347074,-1.7944784289540678,0,1,0,1.4467011074155989
-0.4758080322994204,0.5753781621075803,0.5988291027650521,-0.1614847179292152,0,0,0,0.3849341019817688
0.009055443899596147,-1.514531497852013,0.06783224738303882,-1.2788028206943796,0,1,0,-0.8525551260146207
0.5416990223128925,0.6241227831668595,-1.2918168385221924,-0.24320536693406583,0,1,1,1.200472158066815
-0.5559016718527826,0.9223528134562963,-0.2452285463432106,-1.296858221869085,1,0,0,-0.8558508106656029
1.610619901861334,-0.22203313113608777,-0.64269934956347,0.5862928174920098,0,1,0,1.6753753324940615
0.7053671622751813,-1.1483297729236146,-0.5373086651923357,-0.3896924965029837,1,1,0,0.48051693443698906
-0.7209104525176682,-1.2059305718909716,0.5141999694406225,-0.17267935517002392,0,0,0,-1.5492060036773618
1.422517082731567,-0.11321012960201395,0.4306969894873215,-0.16880545224811255,0,1,1,1.488849183440486
-1.217419606197735,-0.8106149331609903,-0.48133928618182925,-0.3266054391871175,0,0,0,-0.29689628302005755
0.6507446037144351,1.158834535793039,-0.9448092405051547,-1.3495345922962767,0,1,0,1.0520047410722915
-1.2043267851782837,-1.4523675465789598,-1.9543312301183127,1.9002961080103555,0,0,0,-1.7231138536357515
1.0559871834641044,-0.329629632159273,0.15593305121968498,-1.257778041408894,0,1,0,1.092344733119707
-0.7482616975974907,-1.401166566336108,-0.19968178157893135,-0.24481030583992533,0,0,1,-1.508151435086915
-0.4830410130158679,0.6704427350394832,-0.5450066189743262,1.4897777698136092,0,0,1,0.20271491759299543
0.3652379504266771,1.0241115069610751,0.6672986125629157,-1.4866271454743305,0,1,0,0.6652813409683291
0.40002462423074453,0.5230992518378623,0.7360827893284019,-0.33963398741282375,0,1,0,0.6507633541868028
0.4170478565975335,0.6942172900379557,0.7534883741757817,0.2577676294556585,0,1,0,-0.15129575587037883
0.17145830791804953,0.5441307556801991,0.3841798251012223,-0.051380450521372176,1,1,1,0.5254143457371171
-0.9386790995697237,-0.0545859331252574,-1.5694575173779877,0.5483416857189282,0,0,0,0.47254595038399966
-0.18073560319955886,0.37475006459070814,-0.09349684906717502,0.7439155210988987,1,0,1,0.10769331574611928
0.04007916438104923,0.18263406620580766,1.903013250824945,0.9630316817778177,0,1,0,-0.32814787880136587
0.35522819208885514,0.08187198262969639,0.4523974485765492,-0.3739916913826842,1,1,0,0.41552676893262974
-0.549224225956011,-0.30082948786513747,0.15279666894836264,-0.622083131019656,0,0,0,-0.8781684539838491
0.7835264047518453,1.1886971114002203,-1.1929839083333722,1.821760612291567,1,1,1,1.1786756919455437
-0.40333699852173654,-0.7709921741974848,1.4898843606336982,-0.12313705602248501,0,0,0,-0.8599652312463261
-0.6198747100534701,0.4616188484353619,0.04709879470680866,0.277878492711679,0,0,1,-0.14871198045812195
-0.9256430394982589,2.376096555401016,0.14972666919957656,2.0179195556714102,1,0,1,-0.6851344595824174
-0.9496114555494012,-2.176306556374531,-0.8736151736876802,1.9944190924482157,1,0,1,-3.0650274718091413
-1.0004722036778184,1.0671018127236809,-0.14211254817027297,0.08631022259109154,1,0,1,-0.6388112400953664
-0.637672559208558,-1.0198686231596819,-0.573754602268163,-0.595559790386544,1,0,0,-0.255515609648239
1.469512742570992,1.0770657145375484,-0.7809820741447979,-0.2355388497236584,0,1,1,2.647222085761801
0.03668666233187967,-2.362181324090676,-0.7982937250703166,-1.805294065623837,0,1,0,-0.256043298576388
1.800163960689109,0.5817490388543467,-0.6025745244080796,1.2606369212379471,1,1,1,1.8363144450305577
-1.7638487919380066,-1.199514473266472,1.0387823650751802,0.5794414146568683,0,0,1,-2.3244958142201506
0.8146089838296064,-0.37465706724064135,-0.6319735091187665,-1.2458322424098258,1,1,0,0.7624049094439906
0.6886097707137209,0.8356563129675096,1.7342810731787182,-1.1338834921837446,0,1,1,2.6699158255117226
-1.6708253237122677,0.7225093295811277,-0.15554466676078288,-0.26423776412567535,1,0,0,-0.7994146045136399
0.1867623841714698,0.9284556202512191,0.40283904429483236,0.15684366509610037,0,1,1,1.1649913948908097
0.19255519567617563,0.2476666414083573,1.1998310512492218,0.8144395330784634,0,1,1,0.21700100691743496
0.4057399765072929,-0.791718852835777,0.367595695199045,-0.8395852452877054,0,1,0,0.29610667025880855
-0.6128370187277788,0.17225640930954456,1.0531034975003732,0.10350748629354749,0,0,1,0.09745363457543238
0.4573767188610058,-0.2641173600250592,-0.7534212912068193,0.32782156294687415,0,1,1,1.9964557371644693
1.0341152350930887,1.1561602537336864,0.6816710591313403,1.1642558589147114,0,1,1,1.8676601332303968
-1.00329738678775,1.4189380357122692,0.45971490160873285,-1.1524095502764664,1,0,0,0.6712014030781518
-0.3815772987947534,-0.7772219695210704,-0.5901430248496803,0.0017923977652315288,0,0,0,-0.714765729658424
0.6122838423145541,0.8403507237858125,2.855046993280294,0.9846062298126816,1,1,0,-1.976464122417949
-0.9011101398200924,-0.012886531034263793,-0.3715942581908275,-2.1455119422460815,0,0,0,0.11284511696876962
0.8779339054414145,0.43579445671246164,1.0951071851603429,0.1000103859826048,1,1,1,1.1967136439685784
0.0182247159211705,1.2606188717155118,0.8112488346991941,0.34811905556622297,1,1,1,1.1861347825547948
0.921348370037484,1.244815900955154,0.3978283656946358,-1.1557846070242752,1,1,1,2.812494753977882
-3.013568074725383,-0.815869672780498,-0.7944596381132015,-0.4775101585266185,1,0,0,-2.4062116012677186
0.9683748891742942,0.7981787831417383,-0.6418336952133977,0.35964110782806863,0,1,0,2.097756007014721
0.5022433740954307,0.9085721440905106,-0.12792291743304585,0.310344363512112,1,1,1,0.8982191939325725
0.6820658190983263,0.33809988153544845,-1.2579332049882515,-1.4306970666590126,1,1,1,1.634789331171369
-0.6910154995595846,0.4223000759738726,-0.7732559976842867,-0.2174114559860352,0,0,1,-0.322436476635908
1.682183458706075,1.0378005674591408,-0.8661071959619112,-0.06367040577095992,0,1,1,3.2892864541446847
-0.7437787237006785,-0.7277742099214117,-1.1675344270315668,-1.0452474244096681,0,0,0,0.9571097819377549
0.9489775114196922,1.4152989179151287,0.15051592268940236,-1.2106044082666514,0,1,1,2.541352654732686
-0.06794112350375782,-0.08837946164801821,-0.8750835723387349,1.9089684576564516,1,0,1,-0.29224016864271246
-1.8873979931765315,0.2939854111160316,0.7491858957744122,0.25286368380202456,1,0,0,-1.7325586260108423
0.6650444048125819,-0.7903781102120924,0.922240321157769,1.0803514628799238,1,1,1,0.034845130190497786
0.06290101633376427,0.23837527898183994,-1.9445247822329679,0.5667882167760756,1,1,1,1.4241872028151963
-0.7403229973497213,0.09589789779631544,2.2157406107366264,1.9131969317881636,0,0,0,-0.6095864235238395
-0.1450957410397955,-0.11180413292844595,0.5440636499334389,-1.0319491596289196,0,0,0,-0.07824833530964256
2.765454169632937,-1.7192765815204074,1.4329371363296244,-1.4490139390308918,1,1,1,1.848220050992096
-0.6627889019869124,0.7752173502730911,0.7516294703043982,0.24400549890796458,0,0,0,-1.2797334311819604
1.013385828672132,-1.037663719141724,-0.2669750796892025,0.320384552534109,0,1,1,-0.3347580962709338
-0.1480819584861836,-0.259969369859712,-0.7143296502311735,-1.453114845048369,1,0,0,1.2924733812672229
0.20145829935742543,0.37956824782935134,-0.9572231915322689,-2.6736873047174865,0,1,1,3.2687149649454463
0.9645062691304149,-0.46055784457496163,-0.7728635321227126,0.5726283289667177,1,1,0,-0.3488769412222522
0.9513144477204784,-0.7915561311151064,1.4398095493139564,-0.04901345443407201,0,1,1,-0.364677882950053
0.42459480239410746,0.7181900507047353,-0.35056425771000244,0.39051358978259687,1,1,1,-0.1265830537344672
-0.9903210312961983,-1.4133002507610237,0.5171287725669742,-1.4579777796049866,1,0,1,-0.8773611810619604
0.2888896547424882,0.052166572734019985,-1.1511178012842098,1.2509619589893728,1,1,1,0.4239835310033284
0.23237142099634572,-0.20882341010166858,-0.5641440492853504,1.0750342605065848,1,1,1,-0.7829496504806626
-0.5932706457662197,0.2145930875405505,0.8644985651354236,0.7672784118562814,0,0,0,-0.6509905538650529
-1.0617100113768567,-0.6291984246442809,1.68411470048446,0.5750594130636276,1,0,1,-2.5558358949236406
1.228084915491107,-0.5948229521893651,1.5470729113366466,0.925827342597455,1,1,0,-1.4319708734640515
-1.152163747281426,0.8672292472146619,-0.375196224238472,-0.32534458016231466,1,0,0,-0.5132218049269366
0.6921769349342904,1.3476357696989782,0.5582971450736227,-1.159626352596021,0,1,1,3.313237690293505
-0.739642149370876,-0.7507810255932861,-1.5720603028602462,-1.9471349397090332,0,0,1,0.18596407495182643
0.6731612009333526,0.6119279699201501,0.8931801657259387,0.5311161728103555,1,1,0,0.16697931157123436
-1.9496228343137931,0.5434145617946112,-0.25864572915693623,0.619271736313359,0,0,0,-2.0894796798840205
0.8847128401447738,1.2426146866881573,0.23158876514820098,1.379964607130158,0,1,1,0.3204125098430335
-0.30520371437805965,1.811216197976941,-2.1829968742386257,-0.029998738762218473,1,0,1,1.3641269627129802
-0.9471300674714642,0.15845599430788582,-0.11286398572578844,-1.5210740253205328,1,0,0,-0.43899638375417727
1.9904963245801013,0.14913128105619045,-0.33399607415811844,1.1046424261089216,1,1,1,0.22039355688645146
-0.02316152619774759,-0.4571874495623245,-0.44921775865467495,-0.7193473995985631,1,0,0,0.3743054195985478
0.22170352087423076,0.826095276040294,0.9225903852447048,0.9264488546803094,0,1,1,0.7425088418938797
0.16809528793595166,0.5070486394363597,1.5053267201033613,0.06336352875452504,0,1,0,-0.6974202195470685
0.7725639888879106,-0.1002193642721715,-0.7278405760145167,-1.4414955172355526,0,1,1,2.2570888214513816
-0.5258399884825383,-0.6535504083593449,-0.20068309232909018,-0.4631160085326323,1,0,0,0.7890816693587945
1.6154606821805704,-0.4237611485001006,0.036662663794715236,1.8529119160584289,1,1,0,0.10185284974667666
-0.7935638186620068,-1.8887840917257432,0.03307975982890145,0.28899168442978534,1,0,0,-2.3204611609630854
-0.5356562392920218,-2.5142847521510774,0.16145423241921378,-0.03543267686505121,0,0,0,-1.9243909005702333
0.21210273137514155,-0.390409062891178,-1.3768373851794584,1.376324843578491,1,1,1,-0.4617865692465298
2.1401065534177617,-0.6793370126983386,-0.2688937255967318,0.365433854889261,1,1,1,2.4442798660769745
-0.4606442430353846,0.4457541040985496,0.8807503811047483,0.6893982883801921,1,0,1,0.7573810807398357
0.41074718401180665,0.23740473417798844,-1.204971242266484,-0.8281735364494276,0,1,1,2.956381710496656
-0.42638546858260923,-0.610369188306237,1.115743648219653,1.3566397757079556,0,0,0,-0.2526754049613851
-0.7396349963463887,-0.19521917929670288,-0.17077881910440512,-0.3229239387891643,0,0,1,1.1350901798415909
0.3004741288769398,-0.5245143719208447,-0.45173049592371994,-1.1790161334744693,0,1,0,0.6133083454283896
1.4994874296933824,1.136894728634999,-0.5301857115363354,-0.05549393388902688,1,1,1,3.138199653384407
-1.2988729903374152,0.4364606008900316,0.27687690168586876,0.11032939464206783,0,0,0,-1.6775470370173537
0.2550047472308552,0.0638001651293585,-0.1682276583701617,0.43939635134990473,0,1,0,-0.7372146071003327
0.5431877461825932,1.0469170651865294,-0.9818893005139475,-0.882616812870695,0,1,0,0.9535146647477395
-0.20486530175920778,1.4721144279078422,-0.4220952177092544,1.016273505517611,1,0,0,0.4874651987309343
-0.2945124076368089,0.9811494922329709,0.752365315182876,-1.2174531297096394,1,0,1,-0.33759562597213155
-0.7767861635636365,0.29089792619183347,0.7849330569425242,-0.09647649439710482,1,0,0,-1.1280441037616837
-0.4056396713233386,0.2766241544767478,-1.4580022372372972,-1.6848615309422394,1,0,1,1.472737155745058
-0.5692463970897848,-0.3810682046767931,-0.3331719591639204,0.17806843957471294,0,0,0,-1.6615279879343259
0.9531233645937454,0.06756874805432005,0.5203870965374754,-1.0626798751465363,1,1,0,1.298604364244686
-0.591922236394356,0.05842923514603597,-0.35298758137509834,1.2227565815801564,1,0,0,-0.4239571687367399
0.32170709316250024,-0.37948448192131207,-0.9203028335496815,-1.2266688324215573,0,1,0,0.3063911275284479
1.2700495026491652,0.12016659483910865,2.321612464879754,0.1804755528567652,0,1,0,-0.4250333693825578
-0.978857192655064,0.20562904548261823,-1.5948574431175588,0.5264863886327363,1,0,0,-0.488408035692401
-0.8990035244368196,0.9379717968527671,-1.1660265672703236,0.5930336712054058,0,0,0,-0.2678734679615463
0.05378427606179272,0.005944363906589315,2.2489272167138394,-0.7762764881315533,0,1,0,-0.5152551929264453
-0.5361667312075995,0.9673845518066994,-0.40321851993005803,-1.0234554349654725,1,0,1,1.1161357559072183
0.9887610554497823,1.087459138505393,-0.36342625318359134,-0.23513833791195962,0,1,1,1.9054138197098636
0.7984064011767767,-1.5016384517908488,0.49717340905740837,1.316530937475897,0,1,0,-1.3167812103553773
0.3278655559931603,0.30535050365961547,-0.48014398670200686,-1.4345995262529094,0,1,0,-0.5222767997182124
1.2085619292605552,-0.504226931780815,-0.08245667191030714,0.6723503468190921,0,1,1,1.0972838458576661
-0.27530722572014754,-0.4396738439755395,-0.5853177760189465,1.1023764686910846,1,0,0,-1.3557223309273603
0.12325521396673836,-2.222141011378306,0.5839657931847182,-0.6087670621582791,1,1,0,-1.1653379188168442
1.202157210195578,1.3838165104459954,-0.042683282901095736,1.4626974739460967,1,1,1,1.6023223595974883
2.4383022303547817,0.2830225778791155,0.6389148541721075,-1.2354723203726081,0,1,0,2.151451353447158
-0.382132617615642,0.11342094789140629,0.9175447037631587,-0.2913246607535976,0,0,0,-0.013850408573000184
-0.2894600693405129,0.4995420384820084,0.8824970494870573,0.01769045103185699,1,0,0,-0.4517614328112241
1.5942111958853724,0.6716146389424087,-0.7676542880543339,-1.017762737691063,1,1,1,3.057182221383272
0.10434970356372146,-0.0024204785356212147,-0.5889370209119987,0.880340837792032,1,1,1,0.08848447847767144
-1.4004616451880345,-1.119129814376375,0.04862037002376744,0.5113284979495167,0,0,0,-0.7619986950661606
0.4742653015486039,-0.34727248098051394,-0.30408906222785304,0.31700638850071605,0,1,1,1.7697118041966746
0.041583166323860665,-2.386310403400503,1.1952636916736148,-0.5911452630434507,1,1,0,-0.6055397237395421
0.19864127575336918,-2.045583461047035,-0.02422080030980263,-0.7761365708903479,1,1,0,-0.9154973992968098
0.9814450580829429,-0.4236787108453436,0.8347124718222939,-0.5351933534075639,0,1,1,1.765211229025545
-0.45114087286120524,0.7892464525516819,-0.23262249321954961,1.1018428843482648,0,0,1,0.30900824838961505
-0.5068466160672849,-1.1225010839048535,0.10145348499017041,-0.5514751148653496,0,0,1,-1.5382938176410064
-0.6687352136683228,-0.6177974405715222,0.2184867589928876,-1.7905435021181328,0,0,0,0.25707936208965526
1.2722356144505613,0.15547294064986122,-1.549856119554894,1.6132898861113119,1,1,1,-0.22624965213348902
0.3649595662664264,1.0316399706880337,1.168360474113866,0.6711185806164813,0,1,1,2.0369419000483315
-2.5645380644345392,0.7692180546442353,-0.5747297885635924,1.3915823292344092,1,0,0,-2.4373603538368283
1.002488940448861,0.5604736690684197,-0.7382386569691052,1.4736881106306263,0,1,1,0.752007873432671
0.47354899695428426,-0.027269805938119045,-1.1039209987480274,-2.2728294415238715,0,1,1,3.5972448623129525
-2.76822111076017,-0.54602975484214,-0.5668670403238002,-0.5597904909085385,1,0,0,-2.415940517600989
1.6837899118119104,0.6620567972008103,-0.9418043700943421,0.15397611018163587,0,1,1,2.6161274575645885
1.9038360845873183,2.615748950916269,-0.9223030339675695,-0.505542938427005,0,1,1,4.237253559556826
0.1566916928243113,-0.648051171319083,0.8274370480516233,-1.2472923419852042,0,1,0,0.23109403836292583
0.6969646237133477,0.7450343995669724,-0.5148173684383088,-1.17632320067329,0,1,1,3.750062484810804
-0.35047509472480914,0.3607447039525076,-0.07324729768451768,-2.300499894571303,1,0,0,-0.2616886077719899
-0.4404421884089549,-2.3690135400486634,-0.2131507930552337,0.7190621398259781,0,0,0,-0.8945579369683025
1.2083423898056345,-0.4632885235333561,1.4172599162785233,1.342811874737899,1,1,1,0.511329718998029
-0.39509807560471677,-1.1320740121126496,0.12342571436502266,1.2186542239326603,0,0,0,-1.3306492217911985
-0.42421902523538935,0.5652304294223061,0.9471188502660944,-0.6278726982647418,0,0,0,0.6171520941221568
0.5052696753192366,-1.2953810845397205,-1.5035268562504256,0.4251967557567076,1,1,1,0.9891204370610185
-1.3827910128508178,0.6134083559279828,-0.5795291819784812,1.158130895781076,0,0,1,-0.43131530155111464
-0.41452432120839094,-0.4097828899323226,-0.07538587472088261,-0.314336285600312,0,0,0,0.24496967835798134
0.8276046140314361,-0.1702792534913652,0.125596558559409,-0.5172513811753623,0,1,1,1.5624539327055758
-1.7771018863063297,1.5869962921772864,-0.7105282159011508,0.40649391983818073,0,0,0,0.3804800918391358
-0.13229277823192417,2.181820904316268,-1.4504900182249534,0.2596614145353786,1,0,1,1.963658077483334
-0.4190961997043164,-0.8850094514992094,0.5347421443206698,-1.442264524930147,0,0,0,0.6705117130549035
-0.7796755808474379,-1.3305727062086856,-0.1917240047966177,-0.6348761222475613,0,0,0,-0.08556623771183824
-1.251293650067662,0.02600160199581392,1.609660598193698,0.19535611092331456,0,0,0,-1.453757821049702
-0.9560220433997954,1.378381465136293,1.7966155303891906,1.071514863356913,0,0,0,-1.237904919320712
-0.7163406957404106,-0.7187009789442681,0.5181518683356798,-1.8902293419574878,0,0,0,-0.0675512270825027
-0.8456265001985048,0.6142172309580933,0.2048019529284437,-0.6226906934875408,0,0,0,-0.6993214391318867
-0.28107542909414135,-0.3679839594555576,0.7832567375770414,-0.983558131451038,0,0,1,0.11236579430809346
-0.43108288685083535,-1.4171234903426686,-0.5743785447588963,-0.9036164511813931,0,0,0,-1.0712187221913045
-1.054691445184508,0.3758469052155294,-0.6048470738584041,-0.8597938184657911,1,0,0,0.10075095888603058
0.3067432347291073,-1.5798195138737394,-0.5031989242449596,0.5524482475119998,0,1,0,0.08557446652682887
0.2405945668823521,-1.0170055051046427,0.09755774626390736,0.2771942497641534,1,1,1,0.22518889054967567
-1.4203213215716337,0.26640007423586465,0.1745458654256655,1.0028402933227498,1,0,0,-2.190160274842908
1.0074491495344637,-0.8325389726860927,0.5616570569183176,-1.1317234478009983,1,1,0,0.15826884637644223
-0.2128012595005392,0.2599597067708225,0.608433463261803,-0.08241849176337998,1,0,0,-1.0543765810540888
0.5559370001232679,-0.02371512435293912,-1.8304077054913894,0.4818039647691088,0,1,0,-1.4318050169848235
-0.7312960065491898,0.3599064814498529,-0.166452102668019,-0.5685014941002433,0,0,0,1.4796091168144117
-1.0713629245385508,0.10822526633242503,1.0566370404293932,0.978125612335114,1,0,0,-0.7571898452863586
0.016889920461205042,2.2612540863388015,-1.304351869046838,-1.1428838545833315,0,1,1,2.8225887971007904
-1.0044267104407612,1.244181242668357,-1.1206468787245167,-0.8766033971680774,0,0,1,0.750944786112991
0.9798022741329087,0.30825190923260337,-0.2023215735691889,-0.9986739325981498,1,1,1,2.1007262831182127
2.1075235177973695,0.6251253284134303,-1.2484317072473383,0.22037468086105222,0,1,1,2.9190847556882185
0.7394930133836196,0.20225908302787982,-1.2354052800528705,0.4102425835602985,0,1,0,1.7575065188356538
0.001821012939957722,-0.2613122456423797,-1.0595352435198049,0.6401868193587842,0,1,1,1.1047629376972892
-0.41572193995756596,0.26843608736472224,0.0550040306804758,-0.8149407415593263,0,0,0,-0.5231985322660029
-0.8370143937424501,0.42548678414193103,-0.19321859209551223,1.1827173017272663,1,0,1,-1.0168543646462975
-0.21656556999858106,-0.505067878485848,0.6091057374214953,0.023826070523348633,0,0,1,-0.015371935766172795
-0.8331196451196458,-0.6298150994639271,-1.475803026689228,0.2984702258434733,0,0,1,-0.5671093617911102
-0.616450903083147,0.5344729658538357,-0.2521508536553408,0.3824619380128915,0,0,0,-0.02603859456578178
1.2983345274187725,-0.5506762133754814,-1.8460316255087361,0.8593840969724338,0,1,1,1.2038575719133107
-0.36615783669498014,-0.7809644797557993,-0.0009941262672657468,0.5242115451655699,0,0,0,-1.2022221678462957
0.7457482057649961,-0.9321293106597978,-0.7976737715977206,-1.269083928079333,0,1,0,1.777088522866349
1.0313439322574518,0.3267255711042518,0.028265142296212974,0.560940457989234,0,1,1,1.309217670517301
0.14422202509721674,-0.4017144787890929,1.2151844172487776,0.13983642933109464,1,1,1,-1.245873371257269
0.377364139099199,-0.5489903171721604,1.4818744740280536,1.985612340550301,0,1,1,-1.266099811644118
0.17056275396522821,1.0589106712385632,-1.7991470603745932,0.8515953030050044,0,1,1,0.3918397319140624
-0.8099560507607896,-2.417522725074231,-0.8413482106398615,1.3469199517740897,0,0,0,-1.2195326303562628
-0.23449247574312918,-1.7632616704598714,0.30961596932637764,-0.3434794716441779,1,0,0,-0.25399011901313584
0.6706021359865718,0.4711003972712853,-0.8705211299395006,-0.5818690746105664,0,1,0,0.35727636801051377
-1.3113406869750308,-0.1982876328186909,0.6819779666734082,1.4616575151129787,0,0,0,-1.6727003275384762
-0.49580162679156076,0.15079459141303272,0.09130554058544975,-0.8505346086624842,0,0,0,-0.21843061331789743
0.41133504943088206,0.7824418190192357,0.3356476577383973,0.8110937618684774,0,1,1,1.8266275996490458
0.5614252753969574,-0.972307269979587,-0.0758820869575258,-1.097135963377683,0,1,0,0.5189782730854765
0.04532132720756844,0.0971665427306101,1.6478964864979677,0.37574444700823334,1,1,0,-0.08580734277835522
-0.3330396212768893,0.17364947317761706,1.1944142110132248,-0.08224279193523973,1,0,0,-0.23578027470604485
0.4158708235748358,-1.0018370900762092,-0.09946587932779646,1.2261328185246247,0,1,1,0.06747977440649831
0.28619269291349225,-0.9413230787715703,0.17121095135107536,1.6854620310182944,1,1,0,-1.3814247066572416
0.053198581670269925,-0.006368134409348934,-0.9934795572607391,-1.2399920652302274,0,1,1,2.0961305725001655
0.04607518935739351,0.804272693373016,-0.6357721742147063,-0.8441591062300434,1,1,0,1.3550209477016009
0.3415312834847299,0.955404416136411,0.05096885745949112,0.9924652359150143,1,1,1,-0.19759531135808928
-0.5855075404918942,0.2550070807714479,0.005638138385331539,0.6735736118598377,1,0,1,-1.4288166038499233
1.004756911674538,0.27923557648569636,-1.251939201378551,1.7056635778050302,0,1,0,0.4958627530434167
1.2816754177893757,-0.18926358856612058,-0.4678338074661622,1.8283614055660529,0,1,1,1.4810439372588966
-0.21027932584623743,-1.189026497755423,-0.7831535827021782,-0.9474140976902028,0,0,0,-0.7415097359439276
-2.3061840881081648,-0.7805119817672348,-0.31270410520786174,-0.24306945561145032,0,0,0,-1.678956881821265
-1.1808855533507383,-1.4766809768406366,-1.2373571769017175,-0.8167014266898381,0,0,0,-2.109166246925125
0.7169524490438993,1.0394465707399578,1.524696192483464,-0.5108996290938297,1,1,1,2.3565284130384474
-0.9647394604573478,0.0997846317987613,-2.1777702651875654,-0.33427381392789335,0,0,0,1.0207743975198034
0.4706508642775697,-1.264920449448825,0.5334386614396158,0.6847715089168221,1,1,0,-0.3520505114364081
-1.2429578813597364,0.7664087629898242,1.2160746363228092,0.5152799502857511,0,0,0,-1.3373829683938194
0.5657526188328929,-0.0007039470880427758,2.257549998251823,-1.0734220235198662,1,1,1,1.7704600810873483
0.11754483970603163,0.24365485532342054,-0.020339041350299892,1.7434704944604256,0,1,1,-0.048870571102144794
0.023944877089038145,1.3220642799470348,-0.7356114064433731,-0.9152888841656603,0,1,0,0.29407336797471406
-0.3960479899128417,1.082605061487979,0.29656416361652616,-0.7281018936266865,0,0,0,-0.6232695200969545
0.39855243828283393,-0.8521973719874864,1.1318452703771187,-0.061353799389639765,0,1,0,-1.100017791269872
-1.1445312990191985,0.6066009545254177,-0.2532059776154872,0.3879238467670182,1,0,1,-1.5861271064660931
0.31373097114763465,1.1108945212428005,0.19613672966834256,-0.10639871349806442,0,1,0,0.8601291417667204
-0.24254765400564268,1.5279580793599452,0.14734142444550982,0.26956959180019546,1,0,0,0.7582344955680479
1.624100472422341,-0.6433236716093647,-0.6187922165261404,0.3737927097635632,1,1,1,0.26701518681176895
-2.0160330258166628,0.37789045145179734,1.6975241248490027,1.0229121556814813,0,0,0,-1.3593081939404263
0.18919134347037778,-1.4305724821958328,-0.05879507818127279,-1.2112117449688706,1,1,0,-0.3217620990546246
-0.6963595809071781,0.6157889548540364,1.5030420303920455,0.6659854431550251,0,0,0,-1.4060664619473608
0.4942935680815344,-0.7365379734924625,0.6371669514620101,-0.29762503600447676,0,1,1,0.2781687024881392
0.9334097264030102,-1.0034464092722912,0.198494042003707,-0.0995525402453543,0,1,1,1.425444836660243
-1.3916419877334907,0.6420521314573251,-1.496657765869418,-0.5192644756194401,0,0,1,0.28216713859806936
1.3944440746875475,-1.2042456297358433,-0.0020399317882231504,-1.7965098291573187,0,1,0,1.350620815795908
-0.4497009091668494,2.0219120319638284,-1.4228608597437598,-0.16074353961956142,1,0,0,0.2206465610712952
-0.24807964862511445,0.4934816948683498,0.23526927559296695,0.9387415944997488,0,0,0,-0.9494125714501228
-0.7166892523384165,0.9595944537637727,1.3103671543646636,1.1487348367600283,0,0,0,-1.6497329676033818
-2.281573906890293,-0.981090612909497,0.9740976782508943,0.5560637625206849,1,0,0,-2.7764758648279315
-0.5185915389751989,-0.0775259901540649,-1.030219574196237,-0.6727730162828909,0,0,0,-0.8993256544385679
-1.283425657103393,3.194655390810299,1.8323423589530532,-0.3299584266530738,0,0,1,1.4672644351819173
-1.676367237868089,-0.7227259201491623,-2.152955860857633,-1.6669647840134039,1,0,0,-0.1757902000409519
1.1212750698630602,0.6468987813272498,-0.48262507094202334,0.01006493973655312,1,1,0,0.7037652226947368
1.0803886934956206,1.3496757586522266,-0.3903052012294006,0.1636484441015623,1,1,1,1.5392813764891515
0.2851216921892774,1.2675231975831776,1.139845297992238,0.9632145388226072,0,1,0,-1.3781331820379752
-0.9768688692474902,1.2468423858505777,-1.8230239370200838,-0.062010344114724364,0,0,1,0.3718467386854136
1.112966762154122,0.194453214955045,0.7747912479752989,0.9268946224052228,0,1,1,-0.2790501902404494
0.07953034207232264,-0.23178375381477986,-0.03406112532144015,1.2875379237724607,0,1,0,-0.1955763796322484
-0.27280624776229945,-1.0422063395121546,1.0981451478662207,0.8990155051803702,1,0,0,-1.099896237719919
-0.8415406933554704,1.470679319289769,0.6734372598100089,0.5327529653381349,0,0,0,-0.2931981856505716
0.09851743764734307,1.3499427189664266,-0.010082910211867453,-0.045178398452958346,1,1,1,0.08144660906614809
-0.24620501407756692,-0.4755459379842423,-0.9700351767111992,-1.69259783981067,0,0,0,0.876024548698777
-0.3679461986723941,-0.7447519456406464,-0.024611423158817494,-1.592459475944153,1,0,0,-0.49419700308948167
-0.3653437932774866,0.0017837374720074874,1.0501712544934794,-2.1633977958009165,0,0,0,0.751351884361229
0.6250914202677623,0.2893137366801877,-1.1833054813667157,0.18654106081847166,0,1,0,-0.29611710073954567
0.5322597937505279,-0.3948253767471491,-0.6365620537246259,-0.3212325228741727,0,1,1,1.4445321376888534
1.3217550886211462,0.9950197996275039,0.04182096507094034,1.1817027819766692,0,1,1,1.5838321451978468
-0.31121076957957206,-0.5918938181270808,2.3128601709801915,1.108212996875717,1,0,1,-1.3637875378416362
-1.2371067480125864,0.3893621870818906,-1.997244286579701,0.2960282161884082,1,0,0,-0.8139715934242433
0.14326582772477883,-0.6843940574501963,0.5754648988833583,-1.4309182506718607,0,1,0,-0.11511400465925153
-1.6574340383378783,-0.35987933105273323,0.1664364673526118,0.5315151581024603,0,0,1,-2.8069469503274846
-0.9337021771636196,-0.5426592056050993,1.7789922659362625,-2.0542503850213967,0,0,0,-2.1977283560537115
1.0162455540360995,1.2109788124658194,0.8617586983777387,-0.8368127442104167,0,1,0,-0.02941274739857036
1.5945819268539285,-1.5040152517538385,0.27272856015848707,0.5316507763818668,0,1,0,1.049633376699497
0.45734009710224743,0.7819004956907074,0.19351502305616508,0.7181216210779758,0,1,1,0.8724892922875171
0.15215108093043073,0.6252984635696631,0.3885387869941946,0.8095331357275263,0,1,1,0.13187335746504647
-0.3374678497298122,0.21747212837942703,-0.5833383319819923,0.4541636719157138,0,0,1,-0.49177349632719247
0.09679101678370691,0.19547889144586025,0.7525028481560447,-1.8114008617266548,0,1,0,-1.1229536615224551
0.025802137191655666,0.6253294228124637,0.3181028305441832,-0.7701514246121355,1,1,1,1.1703210392101255
0.29697941191838984,1.3088894227406884,-1.3985520388968298,-0.13729091724035436,0,1,1,2.6826455834725547
-0.8075312318492297,1.734139508860045,-0.29943465750154785,-1.733762310894726,0,0,0,-0.2987715476128885
0.18371874836518368,-2.244052891121584,1.645703164026009,0.17995316839200162,1,1,0,-0.7927081409978519
-1.409321612072358,-0.980441477656401,0.3837579337283108,-0.5854347671149482,0,0,0,-0.22236940987409182
-1.6069301088809669,0.8313590710886758,0.8081917846384616,1.1631833324239471,0,0,1,-1.628982729646055
1.1046429959223767,0.5692123107834771,0.9313226553129489,-0.3619189173757521,0,1,0,1.0451609641620108
2.9727141558481884,0.3226260527935948,0.21389681311384234,1.0307922293233236,0,1,1,2.2879638895954244
0.17647075942093196,0.21535055241814618,-0.42755885895632106,2.5124869016871796,0,1,0,0.421787452135006
0.03642858245391979,0.5055448116948136,-0.3212027205389148,-0.10434485809435308,0,1,0,0.5476670777434808
1.3437483524698393,-0.7632468411277639,0.28169281648067485,-0.02487536354907548,1,1,1,0.6499820100589313
-1.3419313206489605,0.7786295450396862,0.1963082460914771,1.081695710792366,0,0,0,-0.3491275822892739
-1.5795508519970898,0.3550817227688727,0.6407800954795638,-1.3076358189857125,0,0,0,-1.117588518544653
0.711566893693592,0.614237140478886,1.174527463267929,1.951219424785548,0,1,0,-0.6875915467401318
1.40916996268665,-0.6769931413206005,0.4285761002651803,-1.3349127929822668,1,1,0,-0.41664055164660196
0.5802021977374298,1.1655492756430477,1.2653435165095548,-0.5485129169535483,0,1,1,1.0828384983327268
-0.20367699126850583,1.3611249219152048,-1.10890070307511,0.42774912166801643,0,0,1,0.8027541929307953
1.768024788583681,-0.6100678779555884,1.8030095963036572,-0.8043687845331865,0,1,0,-0.6207042501358351
-0.5191355427775535,1.34758151406851,0.009115248119966998,0.6515522828889014,0,0,1,-0.03673743335940011
-0.137555285715157,0.12720837760651138,0.28137764066141435,1.047260037697478,1,0,1,-0.8011112724051088
-0.4569280944641512,0.6933945533788551,0.7740223233468523,0.2098602752545288,0,0,0,-0.6632995551026557
-1.1993484866918054,0.21205856876768375,1.188823775587556,0.7457803384517553,1,0,0,-2.36300802247374
-0.22634944361552722,0.4378299537487308,0.3566961960361796,0.03998616077955281,0,0,0,0.42860895920918224
-0.1309338984787223,-0.47564957581843126,0.18627182816422017,0.5959537316599589,0,0,1,-0.7883492799486742
-0.12108512495735727,-0.09773197685428596,-0.13406367440860217,-1.483441587907695,0,0,0,0.4762474130103904
0.5625557995621215,-0.2725712931699992,1.652298840904784,0.9578859603280068,1,1,0,-0.6235795685653799
-0.5956118215667314,0.8137786970380136,-0.19725964893143705,0.5783587647713465,0,0,1,-1.2345971390271828
1.2628181591381493,-0.29702108663244337,0.06320865101830361,-0.94542417253461,0,1,1,0.8567720772101652
-0.31590456868434413,-1.166250731624904,-1.2696689349985042,-2.1077529606095617,0,0,1,1.1766071354384233
-1.0623216736895624,-0.8055765063398839,-0.1352645946507228,-0.7853549016025224,0,0,0,0.5364971583219258
-1.1253080649903424,0.5767861429343917,1.3082534208828895,0.7339955792434467,1,0,0,-1.117200060333112
-0.4239438057796393,0.46110225246685405,-0.21351390703143197,-1.6495720581995261,1,0,0,1.3704222373286228
-0.21393076393721627,-1.2937757327776158,0.2816031363317535,-2.0898850130233813,0,0,0,-0.887952992418026
0.39866988242406665,-0.05071099566782045,-0.13316196198188646,-0.29227992157799015,0,1,0,0.7766955785032539
0.11912582839918,-2.2924487761649655,-0.09693020527433568,-1.4548138889168585,0,1,0,0.31660948286863433
1.095023456399102,0.7011756711478361,0.23906062993400637,-0.6300667861845828,1,1,1,1.208651639739408
-0.4769697326538231,1.9961454041219913,-1.1392607771333905,-0.43879664553458453,1,0,1,2.077805380862458
0.6604102262282021,1.1567207766758967,0.26647141662159796,-0.4084080785545752,1,1,0,1.1656521393168906
0.08963311196402508,0.8793578454858472,2.1253285636417063,-0.8236614511321032,1,1,0,-1.000362783256475
0.6338721080005151,0.00667797857733327,-0.3690966314786816,0.2248063335073204,0,1,0,0.6393810762660295
-0.7229484795003822,-1.5895437887405681,-0.4811314484281721,-0.5010452845765601,0,0,0,0.3439233756329374
0.8697019803034245,1.1445137767398108,-1.9638307229697622,-1.1706441673326622,0,1,1,3.2392488673220456
-1.0110498345533034,0.547741601846366,-2.1871631489472083,-0.9398762353175772,0,0,1,0.11223569149373902
2.1970910782548256,-0.38143855915056024,-0.619175353983193,0.6256772678406849,0,1,0,0.4201339912371066
-1.5500332209569487,-2.9023413452840567,0.6312159801635873,0.7810310094764382,0,0,0,-2.266133809036041
-0.46785170137628823,-1.2678534024755803,-1.0238003808559915,-0.311151568738363,1,0,0,-0.9824234276500297
-0.08402643195042075,-0.4591866209139117,-1.0498440171552696,1.0792330702291042,1,0,1,-1.1120170873338573
1.5068039266777047,0.07657078496273532,0.010700688054121048,0.5998397337632698,1,1,1,0.19074778008022808
1.7273648102411598,-0.5329644323900428,1.5741019509058707,0.3036562968735154,1,1,1,1.7474358640983487
-0.9939576894578457,-0.5563430845347155,-0.6498445609703718,0.5571148308440247,0,0,0,-1.0036175418274242
1.2004027533892097,-0.26921654502581743,-1.3359771701344505,0.39397836693446014,0,1,0,2.0405618172540674
-1.428617065349497,0.7605344853021578,0.35991743381113034,0.5436390876855137,0,0,1,-1.3161495903611278
1.8145398734889173,0.31728444119367893,-0.5727502615716427,-0.5295156386974158,1,1,1,2.17574702568954
-0.4820164490727947,-0.7174957312266852,0.9924767660446298,1.7666376255086955,0,0,0,-1.8630807344273381
0.5645748566515707,-0.41995169777874475,0.8032988324187643,-2.2201274534321422,0,1,0,0.867539040242603
0.23380846542598865,-0.10234331556538097,-0.3912132598589322,-0.15486323655558867,0,1,1,0.35324319843568863
-0.8501793042389492,0.6973651661115187,1.4253242737153433,-0.4026560077518385,0,0,0,-0.4652588467906826
0.06874147925957069,-0.5315453230857519,1.915328952270966,-0.3201444525447285,1,1,0,-0.41842947949879306
0.4196984243040982,2.91529985994482,0.44432424704346707,-0.30821890618591985,0,1,1,2.494682126515795
-1.1626304422878373,-0.5792492234194904,-1.8042087340279511,0.5696148320932964,1,0,0,-0.12798038791702648
0.3978361531712002,-1.1759305457774902,-1.3418794677022197,0.11647659778518778,0,1,0,-0.08441944023014972
-0.14029433106069236,-0.29235649389096496,0.5114211343753915,0.5022235327294491,1,0,0,-0.027100415681879486
-0.766753052629948,-0.000107906616067218,1.7831184690584447,2.3076264944053784,0,0,1,-2.2643487663944386
1.0510697368721902,0.9595175497351868,-0.25461940586333887,0.7044960717506289,1,1,1,0.10033811733011144
-0.7008512956945567,0.39536613894144607,-0.25610277523841085,0.2539939979270751,1,0,0,0.28618575727472817
-1.6350297594257586,0.1614068143703218,1.0656703218441292,0.4880239320718788,1,0,0,-0.9026552561961544
0.7090923658805027,-1.0032740784162664,1.2146776462389208,0.11862507206512354,1,1,1,0.04185261858604372
-0.9678133923130721,-0.7513591728633503,0.7069491027889002,0.07520557923920101,1,0,0,0.33018897096518574
0.10284277864489902,0.5405021723415556,0.5984490503631767,-0.6230231323064566,0,1,0,-0.03833548016977234
-0.9572170981157555,1.2919988903451178,0.05491434640429467,0.16498690221629644,0,0,0,0.05114485275594416
1.3003267888537575,-1.75204951883671,-1.5820585442206343,1.013693211056098,0,1,0,1.2692175849021141
0.17873551460103126,-0.5131856800755713,-0.24598640818027573,1.773498154555492,0,1,0,0.3499068418929273
0.7103616375504556,0.2953806963030332,1.0267093432423784,-0.4417586253699097,0,1,0,0.11640188564748954
-0.594077001198301,0.07921652470022998,1.9146874993969591,0.12007377730166163,0,0,0,-1.4311547551383232
-0.9596568320524715,-0.6591156296528725,-1.2983196602781257,-0.1500728908928347,1,0,1,-1.1362465525750671
-0.0829278588242693,0.10336247616421278,-1.2017973815833287,-0.6381472273327466,1,0,1,0.7142751783947889
0.6143701101159946,-1.6096558350778163,0.8823379500895722,1.1114113504718985,0,1,0,-1.4563405524566575
0.6300540075433666,-0.6111100441140045,0.13568935196128462,-2.598595940137696,0,1,1,2.030171602375038
1.551492315002542,2.4416806837667915,-0.9192011778192676,-0.3789829563762313,1,1,1,2.7308427433175932
0.3063678004470963,-2.034577460875761,1.9599247871093664,0.25074769361210125,1,1,1,-1.8820051934641897
1.5904933342917837,-0.6948947963628538,-0.9986437932808035,0.38845592248042704,1,1,0,0.19164790209117433
-1.097571205243632,0.5552761184669143,0.4291657502865011,-0.8773990978641895,1,0,0,-0.34979784545157333
-0.3446922306112593,1.1341242418099458,0.6321057241466292,-0.5608021916933973,0,0,1,0.15084670278041135
-0.975382650331499,2.1913205170278554,1.3563605631912485,-0.019116194416274098,0,0,0,-1.0195311065880288
0.1655013979214438,1.5423968268535424,-0.6284661208661609,0.23216008010690992,0,1,1,0.9239179904352864
-0.9317694520131821,1.2043967117022496,-0.06819887927208783,0.46384741547279174,0,0,0,-1.449166609404996
0.5127383671843067,-1.045752592411371,0.18421580319430553,-0.35126092080691795,1,1,1,0.6799930118379504
0.006722519118605312,2.0189339005670544,-1.4195425681606966,1.5505194751469575,1,1,1,0.5339579080533842
0.25592524961816354,0.8126729851495985,-0.12742992820032237,1.517465120650126,0,1,1,-0.4626530160658952
0.3071403559316936,-0.917544748766939,-0.16470707529935266,0.8494060332800325,1,1,1,0.3071646665292232
-0.29492125464120605,-0.6491858975025702,1.2071919999577,-1.6944130003693407,0,0,0,-0.2868170376236948
1.069297904826111,1.4891033513135434,0.7446978700727565,0.23076880715244638,0,1,1,1.73025241514253
2.105828845514257,-0.1219411375909056,-0.26819402281505705,0.3962440818497481,0,1,1,2.0671674498131347
0.5407499588829535,0.3640988930384381,-0.3596540506346888,0.9660297366180408,0,1,1,1.241388558810888
0.19493711136037403,-1.489976554859931,-0.17763305367027718,-1.2258027214337976,0,1,0,-0.6359239398266043
0.5683510952055261,-0.659141651713742,-1.3022148198278536,1.5039805917848383,1,1,1,0.5046346267531441
-0.5711369044597788,0.8388503401665297,-0.5327382694657963,-0.15951297085938934,0,0,0,1.2621693022385487
-0.8110297061650575,-0.16013679245102036,1.133697751152616,-0.1636872332359863,0,0,0,-0.9030484605964748
-0.6286603042474015,-1.83455680734017,0.4869856371729126,0.9726701061878938,1,0,1,-1.4786345105714767
0.49254349116958146,-1.2004123330528476,0.6260045505594566,-0.03836691946646789,0,1,0,0.8721829226613899
0.340334008449277,-0.29210323659697673,-0.9119080337759312,0.512889027554291,1,1,1,0.5675480591422489
1.5893344116847625,-0.8733256836196445,0.561224295818323,0.27630757719922633,0,1,1,1.3790781853480538
-1.3715734818437237,-0.6289518460168878,0.019364958922411336,0.06450267258457089,0,0,0,-1.8485698527330356
0.5693183362864755,0.029455235032063633,-0.241216726174992,-0.015455979858294597,1,1,0,-0.2120442098229801
1.4221921471534311,0.05577885399051517,0.2795395676051405,-0.09797570799145179,0,1,1,2.31896246357057
-1.1684766198350118,1.4340272312220221,-0.09463717086265251,-1.1279586460413211,1,0,1,1.169405817070004
0.8918467291766929,1.2563905431785005,-0.6449196208964705,-0.9191912806687303,0,1,1,2.814239233914172
0.5932052785816962,1.0839661963711011,2.064241711264467,0.7151793032245459,0,1,1,1.5288130056103881
0.04257336783886338,-0.8011414149017241,-0.3471540409184532,-0.9632283115120541,1,1,0,-0.07285553660854972
-1.5001686653973636,0.41713917839645515,0.4561982739490671,0.014504188182926918,0,0,0,-0.7688028134775694
-0.6914094807057973,-0.5359344471453698,-2.186004785373542,1.0090480440447938,0,0,0,0.42816150217007803
0.8386966771991925,1.808050113213066,1.8130060954613993,-1.074473111726173,0,1,1,3.951113101198032
1.0150377138298678,-0.7969807811633646,-0.319088764818015,-1.4119395364055227,0,1,0,1.2251178566735104
-0.11402330311781725,-0.15209135038529403,-1.554601982773542,-0.3572418206046446,0,0,0,1.1065224720024815
-0.20485944694863284,0.7093359873898585,-0.9703075124322296,0.2258132308440709,0,0,1,0.7555113380491256
1.3113762746667512,-0.14424697360038852,-0.2708296963353135,-0.020962136659709196,1,1,0,2.2818941228170395
0.20916731251333928,-1.2458733927723842,0.1571085229518446,-0.5482480304249332,1,1,1,0.9349671890838323
0.6036052933611127,-0.6296954299817318,-0.17415309493834374,-1.5438520226111756,1,1,0,0.3983717859563226
0.766148000848558,1.9445136689729046,-0.40972900928428835,0.5434340529978284,1,1,1,1.7776559764085258
-1.7865569495022373,0.48612222590130105,-0.10351886945659657,0.2328671873565743,0,0,0,-2.1532892506519996
3.103765647740247,0.45918368094101397,1.8281964377924589,-0.5619540847831785,0,1,0,2.352824486787342
0.6308424921034129,1.0067710001856285,0.2622564689992878,-0.732101009706715,0,1,1,1.1310534307660696
1.9578980982423695,0.694237980788856,-0.9874775152060363,2.582160082459647,1,1,1,0.34040136922583153
-0.6689805766159497,-1.8705826140470727,-1.284405269400256,0.38341436467379053,0,0,0,-1.388027441541302
-1.5579203138820337,0.3686674884568224,0.8092889305468316,0.1266510495587244,0,0,0,-0.8991748873376264
0.6163659314289012,-1.5268040397441196,-0.36300442610729683,-0.5594226394845214,0,1,1,-0.3177252067474663
-1.5657248409318736,1.437761806861485,0.09707729643869871,2.5917187352663107,0,0,1,-2.101714531662423
-0.6141186246549828,0.7509259048989534,-0.0050910908039846995,0.31340239902878925,1,0,0,-0.3721138674033029
-0.030260653159380823,-0.4654539232789987,0.18925881064488645,-1.08659980620964,0,0,0,-0.22101203711039571
