baseline_need,prior_engagement,friction_score,content_affinity,price_sensitivity,capacity_score,account_tenure,region_risk,high_capacity_segment,treatment_intensity,outcome,true_marginal_effect,true_effect_0_to_1,true_effect_0_to_2
0.23101708265265877,-1.124913299052811,0.23052806259125247,-0.138457147942007,0.7186114983542284,-1.6035166641867207,20.039041448627707,0,0,0.7916114461909367,0.7470942371726059,0.15657956313809288,0.15657956313809288,0.31315912627618575
0.13391000900146244,1.097815234019493,-1.2598953124091155,0.08447217937512431,0.5239226072948453,-0.025353638692062624,54.49204873921029,1,0,2.056313987846935,3.690249914059954,0.40413533778717436,0.40413533778717436,0.8082706755743487
0.11979093816650302,-0.6732436741578219,-1.5961947892002593,2.2488983509419933,0.28574626450239093,-0.38123744819971994,63.66426392203322,0,0,1.978979428749982,5.5464816796224055,1.0609269159996628,1.0609269159996628,2.1218538319993256
-0.8701170535008935,0.008349888399683685,0.1366611901872707,-0.47491482195749085,0.2299554122766296,-0.3520238074183104,27.54756366886789,0,0,0.9772516920763469,0.4025114911531199,-0.0743722037201892,-0.0743722037201892,-0.1487444074403784
0.18183158838663088,0.6458248009640623,1.4986425591969899,1.4646738203950265,0.18186351520198718,0.3307407759684515,52.486606726120456,0,0,2.0776685554133345,1.7235722139901268,0.28120552574754665,0.28120552574754665,0.5624110514950933
1.8062756363602304,-0.1446971525888048,-0.2930910949758134,0.7913946128494176,0.6982552442852612,-1.5771283286607718,131.79937906373976,0,0,1.0227009003537546,3.5001401367222216,0.885106990759976,0.885106990759976,1.770213981519952
-0.62068800450736,-0.8432639631734897,0.40619061341026524,-1.1479549276776269,0.51671661763404,0.27874021337135874,29.43527393310584,1,0,0.6454427560075143,1.0648076998070806,-0.3937984514264616,-0.3937984514264616,-0.7875969028529232
1.2392591652324736,1.130484763672517,0.05464911745350713,-0.6422879607819861,0.182464689715033,-0.03616716592021174,27.705652275930465,1,0,1.91967964074513,3.5273204167089838,0.37556640195295565,0.37556640195295565,0.7511328039059113
-0.24996733350054354,0.4903576671891377,-0.6851796763681688,-0.7440777446480095,0.5300628527108909,0.3175463113173796,56.61038297913859,1,0,2.0812977107560267,2.6291801579623257,0.019599596733589464,0.019599596733589464,0.03919919346717893
1.790719248220849,-1.0114354608987264,0.12083813234491599,-0.7879760671737922,0.3506955236275226,0.5332137029186614,28.126755291939453,1,1,2.5668271729665992,3.7054905560501714,0.6088143826240682,0.6088143826240682,1.2176287652481363
0.855407020725646,-0.3948752211907427,0.6681594884213036,1.635035277958157,0.3509110848115669,2.406119226899024,34.20558528210906,0,1,2.3910163949312238,4.647501081098557,0.8026065680281864,0.8026065680281864,1.6052131360563728
-0.07601214797871346,-0.7320176711186612,-0.03953495092779689,-1.2514628269332537,0.3098827424403873,0.5417029118098707,63.810843549915404,0,1,0.7926632488873895,1.1826831817286654,0.18777912073639696,0.18777912073639696,0.37555824147279393
-0.2365626037568569,0.5843215812443049,0.716641681555264,-1.4974799437906863,0.578064983719497,-0.27028882188626524,74.66346292491967,1,0,-0.4958899069430276,0.7889667699406004,-0.4321806849690808,-0.4321806849690808,-0.8643613699381616
0.4074587005579092,0.7934127663457322,-1.5296871566981705,2.0578176403268253,0.5881262902834896,-0.7894842624031994,26.20607520639809,0,0,1.779950691099608,4.285640886629822,1.0198764762206032,1.0198764762206032,2.0397529524412064
-0.10174203421751768,1.7123964591894105,0.47655313122230847,-0.24719092235333592,0.0541486010978864,-0.24010254241838164,13.394896518792423,1,0,1.763463362994041,-0.3443484017676943,0.009180511263093993,0.009180511263093993,0.018361022526187987
-0.3715906659208496,-0.6685767281319667,0.17806764609583345,0.4651035561405816,0.3970185286734139,0.08693303303165534,109.08441542971485,0,0,1.6043086972638574,1.7044223752050698,0.1852139246247641,0.1852139246247641,0.3704278492495282
0.8683109728428169,-0.43730714688486066,0.5559144408628715,1.0499558604638453,0.3222587486650267,-3.114079329204412,29.911853206546155,0,0,-0.032487876952263184,2.927720758033284,0.5724758506100428,0.5724758506100428,1.1449517012200856
0.972585641253611,-1.1812096263493788,-0.49089884204600037,-0.4963295118629664,0.5864831173924003,-1.9957466935284047,16.27932870880157,0,0,1.3991384484750211,1.6612440128522068,0.49022646449162116,0.49022646449162116,0.9804529289832423
-3.147179092130294,-0.760173060794336,1.4938661166465557,-0.5369187353551031,0.3098759023261473,0.6297231666135635,58.979391027892746,1,1,-0.1679882302784207,-2.5851232450274106,-1.0208762803809186,-1.0208762803809186,-2.041752560761837
-3.376785906597875,-1.0521380532683546,0.22705637411783416,-1.2920180509642896,0.23469107993997698,0.8841329539178934,40.090694124480635,0,1,-0.2361349329035013,-0.7941364973288872,-0.7843415645124951,-0.7843415645124951,-1.5686831290249903
-0.22134786406671175,0.6840824835829185,-0.9303422430972617,1.1062538042815928,0.5983449573277068,0.6766540541759138,75.39313857081005,0,1,1.9972519486189404,3.9767868339244696,0.6982207865547555,0.6982207865547555,1.396441573109511
-0.1946728997067684,1.2280051212663405,0.1919110190697274,1.7136629563994485,0.7238529159802356,0.8309643256640514,36.1629460214726,0,1,3.2597124243893463,3.991534543387232,0.5380057962034092,0.5380057962034092,1.0760115924068183
-0.29101374593667656,-1.8382722032873342,1.2692258422246565,1.1011146673389776,0.2510319899605797,-1.855614509858343,53.665530679423675,0,0,-0.5715014667573217,-0.9405156911846738,0.11723942837878298,0.11723942837878298,0.23447885675756597
0.3775867429233085,-0.7631347386542566,-0.21969348819238574,0.03184472899815745,0.24503004618637525,1.188813181944674,91.67509329463931,1,1,2.6351649360874756,2.4826078433318286,0.4609816955557896,0.4609816955557896,0.9219633911115792
0.18437982274538114,-0.41612269816203945,0.4729126977608534,-0.701657864553846,0.06490006633108661,1.0237987011960719,16.29910175007259,0,1,1.0921777094476952,1.067101421808911,0.30571112532216593,0.30571112532216593,0.6114222506443319
-0.035719929335964094,1.1890355002853268,0.2658131584131833,2.2383539264218912,0.3018578976029743,0.8690163860595614,30.53392180951949,0,1,2.668141092102629,3.9156895990277083,0.7619773362662564,0.7619773362662564,1.5239546725325128
-0.9339193914384298,3.0401282812306296,0.4804858785934927,-1.4888252133063495,0.08411583127368859,0.013206874490237476,59.44027859846112,0,0,0.021405330119102395,1.8992974563125253,-0.31538066079415694,-0.31538066079415694,-0.6307613215883139
1.4890130203684893,-1.2625052156871843,1.1309674350349885,0.4162806742562971,0.5183470684827736,0.8204522095262574,26.988720805517623,1,1,2.361967846085765,1.5934112531416014,0.4786380349257473,0.4786380349257473,0.9572760698514946
1.3763773732776563,-0.572273971486121,-0.9320385417771642,-0.3080311867200199,0.33603121787692586,0.09115184669382796,27.0778277067001,1,0,1.5217938877879291,3.3760561669621727,0.6543410378086543,0.6543410378086543,1.3086820756173085
0.370454786728446,-0.4149359420479589,1.5869148838334954,-1.3023638754591984,0.22527763713382498,0.8392190733317924,55.78896879682897,0,1,-0.4979760685942235,0.22092329689985185,-0.03388606465417776,-0.03388606465417776,-0.06777212930835552
0.201629962875822,2.3992881873381946,0.243010392336797,1.8155300370201806,0.16410470205513625,-0.7264574354294799,88.12463681333023,0,0,3.108680530177886,4.771946245475984,0.6304043814615347,0.6304043814615347,1.2608087629230693
-0.7193099528689575,-1.6650669106929301,-1.967221152710036,0.09819966551080403,0.07445709148992784,-1.0287078431154393,22.687672267761478,1,0,1.7166823076804572,1.0634061264291388,0.431188104627262,0.431188104627262,0.862376209254524
0.3724734693532569,-0.24779278080972023,-0.7045291947944036,-0.9521176701650931,0.18812358947234376,-0.24176084457442829,47.8840836743547,0,0,0.5031047761728923,1.9660515108842467,0.3827581521706015,0.3827581521706015,0.765516304341203
0.7956925594781781,1.9300631446864145,0.01042360006905447,-0.4868925304260473,0.46377850474130305,-0.49540399004209884,169.74324787731499,1,0,0.850480627041321,4.170966893153352,0.22155322802409666,0.22155322802409666,0.4431064560481933
-1.487475639026974,-0.8617116354884679,1.789884615838329,1.9303769144366827,0.7512374478749778,-0.11654377211350062,50.23020873942557,0,0,-0.11057008748641226,-1.0750907571912238,-0.30309693730337695,-0.30309693730337695,-0.6061938746067539
-0.22293212371534332,0.49708780367756783,0.9221508060854962,-0.7575277390118017,0.335880073447747,0.5638141390264936,23.151296469000936,0,1,1.1201771841075139,1.3700462677127296,0.017739617371311106,0.017739617371311106,0.03547923474262221
-1.287647210497953,-0.7903318224917936,1.495261530724397,-0.8051190041870567,0.5357847375958806,-0.1505385889216632,20.136090778156937,0,0,0.19776035997492447,-1.3272167088213505,-0.6230085134754757,-0.6230085134754757,-1.2460170269509514
1.209343054903114,0.3025524954225971,0.2383925176308969,1.2638733204847032,0.567411732266544,-0.23846336074597382,64.86473573601572,0,0,2.3787518144121593,4.309683620584622,0.7174880834373507,0.7174880834373507,1.4349761668747014
-1.0192292925025588,-0.7261663544234725,0.4084283235760559,-0.4567944614608337,0.5768367205890612,2.5099459318967425,59.457467331994344,0,1,0.8825027952551963,0.23082495018841115,-0.09590224909177356,-0.09590224909177356,-0.1918044981835471
0.42229147480871504,-1.1880821340909553,0.2632436632446997,-0.21725365008018677,0.4033327258229224,-0.9186003536208388,31.69280304924085,0,0,0.7751577723487042,1.4210469938885242,0.26442249582067134,0.26442249582067134,0.5288449916413427
-0.015645700647484575,-1.4965069793836132,-1.4744819511823355,-0.044593339392823665,0.7081665033484493,-0.493684801045611,9.85725620260256,1,0,0.5327058084641878,0.9148102493070763,0.34201847118448203,0.34201847118448203,0.6840369423689641
0.4145276627407884,-1.2936872390955543,-1.3468200762012283,0.3071477282727158,0.28484520533907104,-2.7052335220405563,111.85614783301625,0,0,1.5453704788277687,3.259675922462981,0.7392919041394028,0.7392919041394028,1.4785838082788056
0.828475527364707,0.2874818253040539,-1.646189093499082,0.27137436032482665,0.20963255464024477,3.0558588479990503,52.40909028003012,1,1,1.8848943308499915,4.621425716154619,0.952670319976726,0.952670319976726,1.905340639953452
0.18350219109665636,0.25799537613054513,0.6169669590339966,0.8658220115761793,0.7909689952208042,0.7602491997224825,28.699144238227156,0,1,0.8802430241116477,1.667742703580201,0.38166328575030384,0.38166328575030384,0.7633265715006077
-1.3659935396000333,0.2505115813140902,0.09210010276988374,1.132063686974998,0.5660322706156029,0.725231814376937,45.532192682696724,1,1,2.266749444177153,-0.03037010237979665,0.0251835050103712,0.0251835050103712,0.0503670100207424
-0.19362406360957868,-1.1263723080411858,-1.2928650948536031,1.2962040585041534,0.4340058669244892,0.8252681138357094,17.872316044447363,0,1,1.2395672598293255,2.64870915672724,0.8593709055259808,0.8593709055259808,1.7187418110519617
0.03397092118332438,-1.0352790201842683,-2.703523891773821,0.26103227969443665,0.3034586413108552,0.23345596856414375,88.93152836860644,0,0,1.732701421331759,2.30524663834242,0.9184428505519648,0.9184428505519648,1.8368857011039297
0.05698509563847903,0.4299320841645698,0.6272200822510471,0.7188973603259579,0.424384964208181,-0.3491053069601291,28.344978816114796,0,0,0.7704889417912314,1.7434748614754314,0.24551654213225277,0.24551654213225277,0.49103308426450554
-0.20211755578615473,0.7783178335402505,-1.4364800918529346,-1.025141523386858,0.4336368056970857,0.09810387721515083,32.79321094413475,1,0,1.6425680980067288,1.5977909890223259,0.17083439701058734,0.17083439701058734,0.34166879402117467
-1.5841891652828912,-0.30876616959589265,-0.33876058056110214,-0.5003635137702495,0.6850555838692917,0.3776649398085505,23.34047140459034,0,1,-0.9426303919501875,0.25858374424339003,-0.12352441116304194,-0.12352441116304194,-0.24704882232608388
0.564878229859817,0.14975375382764614,-0.08992466729484136,-0.19785427767164038,0.1725528944950932,-0.23128020357608853,22.503629249713423,0,0,1.2020367192875463,1.4390745901569955,0.4409228665058963,0.4409228665058963,0.8818457330117926
1.1573973128111275,1.5222942029702011,0.3357362917227109,1.6576686784782173,0.39332548579079996,1.5170074433776333,5.830490186342189,1,1,1.919818490230364,4.499319080161866,0.8141915089444065,0.8141915089444065,1.628383017888813
-0.22159484331594803,-0.5083274310814353,-1.3498688287042198,2.2358269874935943,0.5944288512564674,0.7692602857176205,18.47993178220264,0,1,1.9334706663322128,3.538076550968967,0.9947105196337578,0.9947105196337578,1.9894210392675156
0.29670865865080265,2.4895029177812162,-0.059314300006385885,-1.0132833219884327,0.320918352518707,1.6322417382629693,65.0243198163898,1,1,1.1530907841354585,1.7891126189075148,0.19671616786122215,0.19671616786122215,0.3934323357224443
0.6545876379403532,-0.4725990637772148,1.033003612465709,-1.2697690804750839,0.766854942797815,-1.5139303072251502,117.84470354267816,0,0,0.7263827931110173,3.0688959515862475,-0.11657987687614768,-0.11657987687614768,-0.23315975375229536
-0.5673148458245617,-0.43993571648246155,-0.28146013876287224,-0.7232271094556195,0.33347790915045455,0.6154447865850978,63.833041844470806,0,1,0.9681084710629508,1.002284064912231,0.19285749579883402,0.19285749579883402,0.38571499159766803
-2.031342724906761,2.5019433185254414,-0.5766871913981544,0.741467508372301,0.18215638209677795,0.6897473139583187,24.42299367718069,1,1,1.5955875837115663,1.1610729512431393,0.007841838937488355,0.007841838937488355,0.01568367787497671
-0.02938364657387867,0.453024377607627,0.6516219187659309,-0.5406792975122976,0.7387634558682704,-0.3274538472378216,19.86136417360066,0,0,-0.1274222849379123,0.008941606405647118,-0.08620974612978924,-0.08620974612978924,-0.17241949225957848
0.2592511452752563,-0.6553900315841756,-1.4341523507019578,-0.36894256642364387,0.1697696112088998,-0.44602607043643205,86.88995128434975,0,0,0.9939428509894082,2.7663745406408276,0.6209494691851106,0.6209494691851106,1.2418989383702213
-0.6084439355608365,-0.08652882331282385,-0.02097385675175659,1.1704573507906282,0.020704674707835356,1.7126925915785012,91.4144975253987,0,1,1.9296966788008258,1.6625196528225428,0.5399631477407848,0.5399631477407848,1.0799262954815696
0.11802231037836595,-1.028896573573268,0.533898848475332,-1.0975061765925092,0.47843749939125746,-0.179531961054844,72.77063717871582,1,0,0.6701509935522361,1.440356812307483,-0.19678761139918394,-0.19678761139918394,-0.3935752227983679
0.6897762176299255,0.7031694982706328,-1.5787150275240613,-0.6118771687125765,0.40125052331650546,0.2733034236673209,112.04152554225996,1,0,1.358127022005391,2.480961465141262,0.5340166310274476,0.5340166310274476,1.0680332620548951
1.5121112958673415,0.07903483850463833,-1.0049282742234857,-0.9619269596187415,0.2847997833139974,-0.6783542624113187,57.487539083066274,0,0,1.3608343553065825,2.3836598080784173,0.7429765824452897,0.7429765824452897,1.4859531648905795
-0.18426278453756806,0.3951864907330277,-0.9660927768648923,-0.013046189689736304,0.44500027695839084,1.0744423948731179,40.20441650440308,0,1,1.2411485010693286,2.1824256036512053,0.5517984506255909,0.5517984506255909,1.1035969012511817
0.1364824129198065,-0.687595291051504,-0.1094226923729061,0.1468685360190579,0.25862750323766787,-2.101813192125661,48.74511042655632,1,0,0.654147417838159,0.7728749786471,0.22665380364597532,0.22665380364597532,0.45330760729195063
0.7495748428521204,1.198623092102805,-1.5338472809330295,0.660549812190867,0.43959422224737477,-0.3044278416958275,68.93937109499518,0,0,3.1645295343104345,4.768099221285461,0.9007237106588464,0.9007237106588464,1.8014474213176928
0.7374741269318881,-0.12175938271332193,0.33808861149898817,-0.221489168446425,0.8090870820450535,0.9154723796846234,33.17075220471485,0,1,2.7021055852583347,2.511834083364191,0.398064310999982,0.398064310999982,0.796128621999964
0.9835938909452147,0.49677530782741813,0.8989610267495306,-1.5619303448805342,0.7634145410842057,1.3525808569831193,78.29406692682154,1,1,1.6429350178054132,2.320126204411241,-0.026732088358942085,-0.026732088358942085,-0.05346417671788417
0.826585100214698,-0.1541219352013052,-0.26451273288564137,-0.310586359184169,0.47643992057389,-0.6179573241751859,37.26622450297629,1,0,0.8182665893476057,2.0832308321464237,0.3193855037040725,0.3193855037040725,0.638771007408145
-1.213053237517036,-0.21512841334647356,-1.0179112899836706,-0.8526506559348481,0.3648917420390131,0.625904186630252,47.89624648020515,0,1,0.8619714580744963,0.44823672401928655,0.1432344411340017,0.1432344411340017,0.2864688822680034
0.42722252812750966,-0.43421034435521894,2.1168110062970698,-0.14899786121804057,0.5555501143142393,1.5036380836750711,74.79738201755036,0,1,0.2635831621821844,0.20639629665149528,-0.006227755964317294,-0.006227755964317294,-0.012455511928634588
1.1187185427570174,1.1609292700639413,-0.4506389167369389,0.694357780347225,0.35218185061459567,-2.5115028199250395,42.65359534945143,0,0,1.4831220866959134,4.4682120310395845,0.792842509969089,0.792842509969089,1.585685019938178
-0.4347419322624615,-0.5755146173671365,-0.1711548055900158,-0.5168790770681789,0.31572850615185344,-1.0826094261733148,63.26995145729219,0,0,1.111360639153124,1.0510939315965577,0.08711324084759726,0.08711324084759726,0.17422648169519453
-1.3519880231471975,-1.3133909589204067,-1.4312507988898577,-0.4108950662869613,0.6038736692500053,-1.754643541709131,60.426936388506356,1,0,0.21108160490123729,-0.17101909994982323,-0.08257226327710096,-0.08257226327710096,-0.16514452655420192
1.7267183528449734,0.807599356688056,1.3235892677820997,0.16904682447856803,0.16946887986617945,0.2989121510123941,61.515522698211605,0,0,0.21577577085489152,2.9318140101842727,0.5220473971227898,0.5220473971227898,1.0440947942455796
0.47166456190286765,0.3232816683342172,0.7956321749848455,-0.1906444398632281,0.358287516240813,0.6361574679607109,25.864697985644483,0,1,0.4525452274752312,1.1862977187519623,0.3367219957629608,0.3367219957629608,0.6734439915259216
0.12210468135212157,0.16974591671359024,0.2915094773943969,-0.24548269213131163,0.6197297874414758,-0.3736898637886373,45.75949337917,0,0,1.1232301917709135,2.3278185767954707,0.1171351921822365,0.1171351921822365,0.234270384364473
-1.5503511752313721,-0.20372943641400026,0.8639339997465846,0.07601071815835884,0.03902709456726755,-0.6761595862096808,44.19968756711108,0,0,-0.13551614523356656,0.038177439826533155,-0.2798483824366724,-0.2798483824366724,-0.5596967648733449
-1.482388988623188,0.12494765975505945,0.6581542089136652,-1.1752382272479667,0.2180781610503597,1.0340007618546359,106.24545806872777,0,1,0.04812008886351371,0.6566322448331541,-0.3237444823322194,-0.3237444823322194,-0.6474889646644388
-0.5984147828953312,-0.31281821390155856,-0.2762173967655089,-1.1389650859165352,0.09397511069998414,-0.8627965007004131,41.451537597000694,0,0,0.20334637689826396,0.6140011092364541,0.005643946044746707,0.005643946044746707,0.011287892089493413
-1.3140457670973302,1.1768461105314794,-0.43509827011203783,-1.2133039412666216,0.5769285549182962,0.9861355735245622,15.6847646223625,0,1,0.22896261524022643,1.5746142795463052,-0.12906875797098707,-0.12906875797098707,-0.25813751594197415
1.2256984778188038,0.7267569596497785,-1.7961724893949478,0.44475906175076707,0.4095364987204684,-2.4299071002173784,30.394430067288972,0,0,2.5638057169398687,6.449728201425177,1.060121392878379,1.060121392878379,2.120242785756758
0.060114234035106975,0.40883950696752575,0.4048905649118261,0.08231065909071164,0.30202781529705497,0.6589931390381705,25.638589765762028,1,1,2.4532725091106973,2.9095477243425996,0.2300853042142631,0.2300853042142631,0.4601706084285262
-0.7522861562353013,0.3724176047109629,-0.8188004756018191,0.048858042816126164,0.7549599487262981,0.27699462583314916,39.141024208789,0,0,-0.4790427092273637,1.47312126580068,0.13710004089910707,0.13710004089910707,0.27420008179821415
-0.8919766791602335,0.6280551688736933,0.8459236622305004,1.872226972480061,0.6194866462933811,-0.8424339274989993,33.91778473461352,0,0,1.1622121506255785,0.14438837447510355,0.09246738408042401,0.09246738408042401,0.18493476816084803
-0.16502000707973258,0.3758124939218576,-1.0833454275307042,-0.8502340568136046,0.2738902670152195,0.8942145753352164,66.77980067803001,0,1,1.831413821545956,1.8755626817590896,0.4733545977643284,0.4733545977643284,0.9467091955286568
-0.16226907346745859,-1.0080992536962703,0.858876111654581,0.4561547959189872,0.2828020966838761,1.41495330661115,21.80838185399205,0,1,-0.39978350851459443,1.2596816672695177,0.27984727492639117,0.27984727492639117,0.5596945498527823
-0.39272238445109026,1.0676355146063818,1.9354766113987072,1.7313826060022932,0.16325140609585542,0.5657708381253123,66.20970863584144,1,1,1.1257285737751674,2.7593684241969667,0.0967014094633866,0.0967014094633866,0.1934028189267732
-1.076848112582215,-2.2893232214109367,-0.36118854792864463,1.464960471924919,0.6678380664951106,0.278852426266994,32.94105473045829,0,0,-0.05323488191351941,-0.6346694084005281,0.22135575800894047,0.22135575800894047,0.44271151601788095
0.1709318978562387,0.7071940073093433,-1.7214365756647796,1.2656096228620006,0.15094664049078566,0.8025149960035758,51.3811214955939,0,1,3.5,6.267931348297973,1.11815951644337,1.11815951644337,2.23631903288674
1.935158222754215,0.58913522146832,0.20458845898550446,-0.4030072903955142,0.1482492835480107,-0.5851165550493626,13.740917720958238,1,0,2.1895661465389833,3.5550511064696324,0.5887137010716542,0.5887137010716542,1.1774274021433084
-0.9839253079462937,0.6055374434667429,-1.7623982799131563,1.272861261674465,0.24165089058832856,0.3492242986241739,57.65637396332607,0,0,2.1165442834183628,2.9383484399493476,0.623347348716137,0.623347348716137,1.246694697432274
1.9955509635732984,-1.362710002482526,0.41700835864671093,-0.14323655488192277,0.8478805981104113,1.4113785803617567,36.394739957115796,0,1,1.3541519334749215,1.9258116135932042,0.7377385074730024,0.7377385074730024,1.4754770149460048
1.1942158909364262,0.8351334968540045,1.7397422701884313,0.04309316280674556,0.8556748710758056,1.2305904204093074,20.642471015311678,0,1,1.2516962685273907,2.5287280364271423,0.25403195026776537,0.25403195026776537,0.5080639005355307
0.49714851134926513,0.2920389161269169,1.2307262236837437,-0.38432561241919344,0.5997564565540106,-1.8765356376148055,57.437598037830405,1,0,0.1776269374444562,-0.3587812827324315,-0.1446783458410467,-0.1446783458410467,-0.2893566916820934
0.6862587698023052,-0.4661246285734197,0.8177784445917408,-1.3862222592924758,0.28510361156738817,0.4250181263169339,41.450755551856204,0,1,0.9908529413954807,2.3444148534955356,0.19429632428564378,0.19429632428564378,0.38859264857128756
-0.7316084800680426,-0.27137238039819583,-0.07655257532343844,-2.5052577156847873,0.4398637875681735,-1.2310153171538745,75.17694889353011,0,0,1.488049219759884,-0.38728600226189125,-0.40452250568751885,-0.40452250568751885,-0.8090450113750377
0.6163186715543546,1.0069675477346616,0.259496385249477,0.6335010475087135,0.3917893887177099,1.220247016719508,43.93896017962846,0,1,1.483082832779635,3.9479520642602353,0.6354807585396525,0.6354807585396525,1.270961517079305
-0.5277035662144033,0.23128741504680667,-0.876492682021769,-1.6009159501121828,0.5605037677564294,0.06379210196293289,31.975174966135867,0,0,0.8044602291545652,0.2125200855427407,-0.037614383776979676,-0.037614383776979676,-0.07522876755395935
0.5314840499402762,-1.9435249966047883,-0.00510479351665226,0.9488036631161988,0.5736362032733912,0.8527984857252168,14.016038828268742,0,1,2.343410985033574,2.7913072923150093,0.6830505591322428,0.6830505591322428,1.3661011182644855
0.16755583451579564,-1.2473635019294886,-0.13368769865293528,-1.1455661583286332,0.3413436203298765,-0.3726059587653889,18.822914490251407,0,0,0.1612323531550151,1.0310041344773788,0.12820254998974429,0.12820254998974429,0.25640509997948857
-0.5954593147879196,-0.06031361411021526,-1.294439552288727,-1.2702044134348582,0.060542578689398364,0.13129568539672498,19.719350599806162,1,0,2.201527714895734,1.0432815292428443,0.0748810800591724,0.0748810800591724,0.1497621601183448
-1.0380696240243268,-1.2696367419238244,-0.6128828281281141,0.4271379341895638,0.46338000855334466,-0.49094974388760604,15.683165388131695,0,0,-0.0008014647620838145,0.8787165279918121,0.14984835356269238,0.14984835356269238,0.29969670712538476
-1.1942692179301384,0.4332712378679087,0.6260102060155647,-0.21139178781171414,0.49709908754829596,0.6490317568129966,50.80672867415858,1,1,1.3623494698069316,-0.8135626488185392,-0.2694719291615626,-0.2694719291615626,-0.5389438583231252
-1.640599496416518,0.8778556034181751,-0.7446298934849795,1.3911609069566173,0.330878564861369,-0.7521055535287263,46.14950377609656,0,0,0.6974162001614199,0.8021439063248001,0.215448825255533,0.215448825255533,0.430897650511066
-0.3547661235620196,-1.4264683731135157,-0.4282830849736932,-1.8535733114140556,0.3965710690646623,2.1434311062343014,43.464670015110045,0,1,0.24714360141121705,0.6107851788895622,0.06606751146679815,0.06606751146679815,0.1321350229335963
-0.651740201861075,-0.1405996294884675,2.090611715282749,-0.04697281527573628,0.26825287401245845,1.292378072792066,84.06997917172411,0,1,0.19586652058728898,1.1690929435958446,-0.2152576303959283,-0.2152576303959283,-0.4305152607918566
1.221930241765537,-0.772958261076368,0.7188238844821147,0.29038522008591455,0.5078003855850461,1.6425826342481868,24.456477870266397,0,1,1.479940065229572,2.507169084517681,0.6143964601833388,0.6143964601833388,1.2287929203666776
1.004990450889481,-1.7158504329201723,0.8829072032749492,-1.411038157731866,0.5569435953885244,0.2752204429534747,40.81965775133532,0,0,1.042530447991333,1.433926184113163,0.03950441024358406,0.03950441024358406,0.07900882048716812
0.30240149067970734,0.5654472371479242,-0.49859387628203,1.3519367506899016,0.16493221677957223,0.14537622260008445,32.05447465468295,0,0,2.080450163232706,3.6242357749319343,0.7381279532694497,0.7381279532694497,1.4762559065388994
0.06797887473258099,-0.7255058569878456,-0.7745025267906653,-0.32592269243654154,0.7053765405856611,-1.3941405629431332,42.13193735508646,0,0,1.3366798002706313,1.129479408397624,0.3014681864399329,0.3014681864399329,0.6029363728798658
0.4509445470073679,0.0502435377658999,-0.4472334383522897,0.8961108539596173,0.26469809623583757,-0.10707030349757125,49.320397843354826,0,0,1.5760237990162258,3.0740373086213744,0.6624282402156969,0.6624282402156969,1.3248564804313938
-1.045572271375409,1.6895797976554614,-2.5654891765809884,0.8839731604818508,0.6072775338930516,-0.3160287298007557,102.10648350742282,0,0,1.9368790272995802,3.2134465046863925,0.6250159436151037,0.6250159436151037,1.2500318872302074
1.2171970465477846,-0.6171298302824058,-1.0436429581526168,0.6116259385945156,0.3115461187419806,0.036533957783987506,82.59044171484337,0,0,1.268256456254282,3.8806482519392644,0.9457382242758929,0.9457382242758929,1.8914764485517859
0.2635459896129574,-1.292231097342288,0.7405287031508021,-1.7108643687772669,0.48966355263206607,-0.472761456749572,13.458123081263778,0,0,-0.03253289183365356,-0.46643775598232895,-0.17459827661315228,-0.17459827661315228,-0.34919655322630455
-0.07038670309830658,-1.2343266773541004,-0.14832675039039042,0.9670257529194861,0.17938281239947287,-1.5359873419166994,42.655376912934194,1,0,0.04547133691698341,1.5710490741072851,0.34393636876799405,0.34393636876799405,0.6878727375359881
-0.47721357230056793,-0.2890081830008437,0.7698771583728876,-0.47508783186926073,0.2685686554559786,-0.8646498227442015,39.97043806140584,0,0,-1.0558334614763192,-0.06874227470478722,-0.11296506213209608,-0.11296506213209608,-0.22593012426419215
0.8611556277745857,0.9638897448073033,-0.023034031771276043,0.8510271757715385,0.5372475083312909,-0.9374839762219522,61.73574953962023,1,0,3.080437882780825,3.568280039500481,0.47043655240593185,0.47043655240593185,0.9408731048118637
-0.29290422821784867,0.8620850204626115,-0.611383902668546,-0.028562491741073778,0.3476658160119212,0.8433433449557705,24.956539433283467,0,1,1.5114145960931227,2.1631867821378146,0.46391023032982814,0.46391023032982814,0.9278204606596563
-1.6471798473346504,1.1411853887904555,0.6234653725624534,-1.8683109076951547,0.4186489468490743,0.6325128214105107,44.371233869317884,1,1,-0.37306219694364046,1.27717412861548,-0.6751444498463475,-0.6751444498463475,-1.350288899692695
-1.5645186488712857,0.16233181250664405,-0.5891534483671124,2.076469530313784,0.10085575091714172,1.8860383115214243,35.169909541048355,0,1,1.6276125060843345,2.046377874405205,0.5411076721931718,0.5411076721931718,1.0822153443863436
-0.7609381186857493,0.48930718975623977,0.4739546210986154,0.10845806382133927,0.3859553157585766,-0.19498742179727108,72.96419078465496,0,0,1.1137538962745572,0.04877450393317195,-0.05043951416792253,-0.05043951416792253,-0.10087902833584506
0.08996016582457647,-0.030174588614407895,-1.2451325454339077,-0.27528048438180397,0.4758381362620447,1.5591008500711208,64.26852876174141,0,1,3.1230806910402746,4.639785816132861,0.6353663665347257,0.6353663665347257,1.2707327330694513
0.21791681230257098,0.5144068867293667,-1.456985175015039,0.0865999641843361,0.42295469057811824,-0.8922422891921693,38.28575621575447,0,0,1.5240507771164922,2.1580732298318814,0.6356323137624607,0.6356323137624607,1.2712646275249213
0.2059137063629353,0.9733968889611725,0.30394234924952346,-0.12081465908782069,0.42148161603601597,-1.039273254273958,27.033486496793905,0,0,2.206339760839093,2.5087635913385973,0.2078862944622752,0.2078862944622752,0.4157725889245504
0.9946574084037602,0.7687611076696919,-0.3872904941435019,0.17354328698157162,0.7550956790196,-0.6423197390518313,55.05642998783229,0,0,1.255475990994461,3.463579156726108,0.5537228117566023,0.5537228117566023,1.1074456235132046
-0.9758330847535192,1.5047847176369158,-1.1995509098339612,1.4870601486662662,0.5748540663873704,-2.1148534709253624,55.253730157972086,0,0,1.8791739365678588,3.6182450703389963,0.4603737872594451,0.4603737872594451,0.9207475745188902
0.08996925530339629,-0.5256955425294597,1.9631360540280072,-0.038922893031570586,0.4870896407372569,-0.9793022429422094,28.70782927929994,1,0,0.5744082793668471,0.6262272627955108,-0.33060617492383493,-0.33060617492383493,-0.6612123498476699
0.23536456511113854,1.2685635300699039,-1.9068303632589145,0.38378496850290056,0.41454695826118876,-0.40762460649051135,9.588703791559912,1,0,2.9980119231541966,5.578314479886663,0.6549947824959168,0.6549947824959168,1.3099895649918336
0.3282738856978525,1.0355137497062668,0.9051018890722946,-0.2781348155647294,0.4755388296368354,-0.5070271417382091,40.653748980627284,0,0,-0.1154108605106019,1.3934594568087708,0.06860068648500214,0.06860068648500214,0.1372013729700043
-0.44295248560190326,-0.18423650665003427,0.6535722355410423,0.4989302384740923,0.35327208515131336,-0.5020879703223414,27.127732335835194,1,0,0.5443418627070153,1.8206403738557113,-0.06279044529854082,-0.06279044529854082,-0.12558089059708163
-0.8771480874108234,0.5843598948992165,-0.11229080185698315,-0.6478522684220877,0.4043156988775089,0.2958075381559471,28.1051620312867,1,0,1.8402769983147587,0.7387001595629124,-0.23454666411307218,-0.23454666411307218,-0.46909332822614436
-0.9475453701844616,0.82888882723171,1.1645972308160637,0.03648545795822415,0.31324464653465545,-0.1430300017283487,18.083684391953337,0,0,0.9715420382669594,0.8681660652998013,-0.25013542716702025,-0.25013542716702025,-0.5002708543340405
-1.4917115508724315,0.6120571504712221,-0.8088463275424466,0.6840967951829242,0.41803960884658875,1.26568664857395,45.406304800217406,0,1,1.196559236236379,-0.9005105648415959,0.2830748748248025,0.2830748748248025,0.566149749649605
0.3822482927868774,0.8312980199371953,-0.17974964759428952,0.9964949497817094,0.7326502076644952,-0.31933360363247665,61.075159586455655,0,0,1.1752261062116525,2.916969809551417,0.4901074855722982,0.4901074855722982,0.9802149711445964
0.08188918522342266,-1.2004263475310426,1.1528073804036592,-1.024537621815068,0.45904047190772435,-1.4825601315419756,19.615966714114695,0,0,-1.006438408703939,-0.21951195170176452,-0.18527513701081272,-0.18527513701081272,-0.37055027402162544
2.016325769165583,0.005575067142944607,-0.6255572569434241,-0.9737042260579468,0.4393693835168326,-0.6822229329397315,20.952025842694027,0,0,2.97453145874197,5.567879401141441,0.7614783991594463,0.7614783991594463,1.5229567983188925
-0.20162505700965272,-1.2327067451170473,1.5777409625284342,0.8780703306066733,0.1292637245695432,-1.1743159398455747,38.185867097679925,0,0,0.6051250937973426,0.4715515874994437,0.06347133789355255,0.06347133789355255,0.1269426757871051
-0.4250389785012495,-0.42873939504108205,-0.08601166579733635,1.25237335379105,0.3050417320309974,-0.5187818536215376,10.10516835810318,0,0,0.2045942350459814,3.8599005304952128,0.39212884049001384,0.39212884049001384,0.7842576809800277
-1.7513532819264088,1.344971731116391,0.07162810757411865,1.711956007049315,0.2544704636331919,1.6862205783372066,31.666304227866608,1,1,2.0528366857001963,1.6666303517189185,0.10094206739121,0.10094206739121,0.20188413478242
-0.09790691395506393,-0.22184203996900742,-0.4183601667659212,1.557662427947534,0.42475434364619724,-2.3137423190986572,41.907005552959866,0,0,0.39057733361459807,2.2472935920309403,0.5830634953365534,0.5830634953365534,1.1661269906731069
1.1242993149476497,0.8951575190813778,-0.4453161264484333,-0.8973358640449004,0.29937675600030317,0.18272165984859617,52.125707285881674,1,0,1.5524428969950368,3.5268499934100177,0.37940247903584245,0.37940247903584245,0.7588049580716849
-0.6902592521141141,-0.0874699474387366,-0.7793178574454085,0.9247059865148043,0.5331513047248804,-0.6545573940327928,53.481800036154695,0,0,0.5833516370437453,1.0290091223473596,0.35666810248473135,0.35666810248473135,0.7133362049694627
-0.15188194509923852,-0.7685171973608538,0.08081327170686958,-0.45159298204141984,0.030958971491557685,-0.30357002255532656,74.1821281342712,0,0,0.1075194423132183,0.8955207106297084,0.19097724567127253,0.19097724567127253,0.38195449134254505
1.7795643908462604,-2.2419465928424387,-0.11145965527376224,-0.48998427208206147,0.2691492988203501,-1.0400283115147229,23.956437936996984,0,0,0.9454703497998074,1.78984017455447,0.7100061529055256,0.7100061529055256,1.4200123058110512
0.16969604275497396,-0.0005739795866261723,-0.10804928941068669,1.3051557856337963,0.2627055224158891,1.6243277128834717,40.23498023071474,0,1,2.7161690292626552,4.00792447216773,0.7431644516760137,0.7431644516760137,1.4863289033520275
-0.8753535341872329,1.3748008170862118,-0.04492848845070076,0.07887764459297655,0.5423153926698635,0.6750558430495738,28.158545439875525,0,1,1.4198857696402118,1.4455968589055248,0.1488275596726975,0.1488275596726975,0.297655119345395
-0.043398906499257164,2.0022766598984383,-2.1818829664386494,0.7041886720534775,0.311455182043079,-0.26467302038709073,27.61190870598388,0,0,1.0538472603434044,5.086837948801762,0.8598672760759978,0.8598672760759978,1.7197345521519956
-0.7373896671534662,0.8199623630247471,0.8752495817342687,-0.20236861302779913,0.21709558669826728,1.5019491626999952,32.51778547790494,1,1,-0.10383055590963797,0.9847770117034654,-0.12755330593709766,-0.12755330593709766,-0.2551066118741953
0.039387045506086384,-0.6295982871537531,0.6880731595277544,-2.4057186281836236,0.41235277635232426,1.4234688371109336,9.536236778577843,0,1,1.2744480270576113,0.06823912751797519,-0.1723417417520118,-0.1723417417520118,-0.3446834835040236
-0.9585165641096957,-1.15200419091853,-0.37290158465050943,-1.9966226811070018,0.594272178221345,0.37167443068414163,19.993104204978003,0,1,0.7332839173203803,0.13782278671384943,-0.18836369469998585,-0.18836369469998585,-0.3767273893999717
2.3218363920596556,-0.4624820130381896,2.2577994920086315,0.9419447598704188,0.4218365789007117,-0.22388484759731203,36.80782404342498,1,0,2.5059436154314008,2.0244943212192728,0.42170757937530934,0.42170757937530934,0.8434151587506187
-0.9175325361075035,-0.1377067438416011,1.3824865850949193,-0.19606909715124887,0.7625137559497829,-2.702093534326671,41.59513687226999,0,0,-1.5,0.5835608848047933,-0.4393518977461559,-0.4393518977461559,-0.8787037954923118
-0.6119708999007618,0.484108829154748,0.421300252108643,-0.10468049582532946,0.1663059507079874,1.1045088811246744,99.91032654172223,0,1,2.0011316637073553,1.9295093807000465,0.17720617514540896,0.17720617514540896,0.3544123502908179
0.949689413458469,0.06961509085363955,1.5111567090585074,-0.8583197933505413,0.4113724508389231,0.6095402319759372,5.6143767493983034,0,1,0.9558578745319193,2.0027916681769544,0.18023160877106065,0.18023160877106065,0.3604632175421213
2.4513463983817,1.766002113511383,0.8953426642482425,-1.2199310371760714,0.11841092364872201,1.5478806406168368,51.583265820164684,1,1,2.497151137743915,3.195988324627871,0.6013953970448765,0.6013953970448765,1.202790794089753
-0.8554316958582076,-0.3901860502047514,0.037566389903164354,1.0848308399268098,0.3042782329388195,-0.5154194167925801,56.36687928580605,1,0,0.6213680163422931,0.02839574753598384,0.07445729466251483,0.07445729466251483,0.14891458932502966
-1.6598370011948371,-1.1306233904714151,0.06516699696220335,0.24824920832939737,0.5405753487770759,-1.1251759446355545,33.603547303573485,0,0,-1.0646545643200325,-0.09532771183942823,-0.22414432587344585,-0.22414432587344585,-0.4482886517468917
-0.056589734888491054,1.5848746881977274,0.49443633142013244,0.7612087536474987,0.05921380044762595,-1.3985736492217327,41.48282804219348,0,0,2.0231507158366338,2.303663011184544,0.33818514486791296,0.33818514486791296,0.6763702897358259
-0.22819866829017083,0.3355696564894848,0.658283669843562,0.2823106751228948,0.6600173735086653,-0.8793043735263121,49.31548897715423,0,0,1.110873920920251,0.7455608342375795,0.023693717393209912,0.023693717393209912,0.047387434786419824
-1.525095397678821,0.3833452494245876,0.5860037614931727,0.06319177204579277,0.5513247816623339,-0.03236781854723616,33.43921826752157,0,0,0.6757805032717342,-0.1929229437120074,-0.33689096750928527,-0.33689096750928527,-0.6737819350185705
0.7020263185884319,-1.272382425311251,-0.7162618684108963,-1.2207171832987402,0.6960647776274621,1.0533305498335501,39.823791614383396,0,1,1.1558934730429296,2.5008115385583505,0.467360340630794,0.467360340630794,0.934720681261588
-1.341822923476819,0.21327977451050908,1.0000153218334997,-0.09216319735141522,0.47198988338021175,-0.562409378186111,38.45623359068099,0,0,0.25239902604353764,1.2116262814749432,-0.3855807369113849,-0.3855807369113849,-0.7711614738227698
-1.858399724858467,-0.5910494275198017,0.756317019215277,-1.2937063515049485,0.5814155722415111,0.10503047559210034,106.1318757932371,1,0,-0.5705694230240372,0.39299021634654324,-0.8591485477965851,-0.8591485477965851,-1.7182970955931702
-2.0601268820259118,0.7368166526357471,1.3050478756383121,0.9910723251609628,0.3490948581566764,-0.25934160026415726,50.12627120124045,0,0,-0.4945066375297486,0.7603051774871232,-0.42933580703631313,-0.42933580703631313,-0.8586716140726263
0.26628034040497534,-1.684927115942841,0.0620953221382631,0.6095368033579542,0.3164721518236934,-0.02045405248268698,26.97004289220019,0,0,-0.18256971985091452,0.48536908253431194,0.43466083260972055,0.43466083260972055,0.8693216652194411
-0.3373550506483245,0.7129753882422104,0.14802908806937434,-0.7328220082146223,0.22534603944001916,-0.43023260455087603,111.00014335912809,0,0,1.0396953758332486,1.6140872348777124,0.02698317549897019,0.02698317549897019,0.05396635099794038
-0.20974606496348275,0.07664971242786003,0.9718757621137144,0.532549829790942,0.6979876234044234,0.6799873228170732,110.06729172615111,0,1,0.9596397755509296,1.7301429033210365,0.15580037389051563,0.15580037389051563,0.31160074778103125
-0.7875473594931317,-0.9173510930415092,-0.7487861796522798,0.12892614750882228,0.16532756775076254,-0.6095659857200079,26.39607505497813,0,0,0.5926995186835086,2.288525992831979,0.26774778915682973,0.26774778915682973,0.5354955783136595
0.34225009255757904,-0.31103020056891434,0.4053855844358518,0.8959497654838369,0.5997756590370614,2.6347554123737176,19.722997972490926,1,1,1.791969703670382,1.5590166977714983,0.3839699969584307,0.3839699969584307,0.7679399939168614
0.923545684547803,-0.8981133209722263,-1.027652077004139,-1.5072815395224142,0.33262587325421367,-1.096977175332928,21.475214537854075,0,0,-0.018737090213341356,0.38279755827662,0.4735353619192496,0.4735353619192496,0.9470707238384992
0.7779896573719407,1.1301057489182662,-0.4037707600788965,-0.789490053054013,0.14924379917909025,0.5780826133244035,18.657280106650276,0,1,2.649898670804383,2.678978756076747,0.6287399499287967,0.6287399499287967,1.2574798998575933
0.232680756971827,0.15928659617411445,-0.29991925276972553,-0.8971849347206121,0.21636264771265695,0.5195769029010169,79.75623185324909,1,1,0.6861981538637827,1.9104002250891587,0.27771252386070333,0.27771252386070333,0.5554250477214067
-1.3963725705761996,0.48280812018889335,-0.2743131212125048,-0.8877175366850075,0.3445870034746918,1.5491633543036194,12.044505538246252,0,1,0.02621374616716643,1.1890703447036401,-0.0731254705318122,-0.0731254705318122,-0.1462509410636244
-0.7769858191182634,-0.09782690054306475,0.68805483332712,0.06728052196273993,0.042528272169401374,-0.8552803491934836,27.60888402666491,0,0,-0.47168030814127954,1.288515598627339,-0.027024384052443284,-0.027024384052443284,-0.05404876810488657
-1.2082938440729214,0.16210568968000508,1.2465299429150856,1.0508390200421376,0.6668648009339084,2.2842622829622603,23.66660860371106,0,1,0.46521684026517574,1.37581981408114,-0.08345539239829008,-0.08345539239829008,-0.16691078479658017
1.5932745782374476,1.0954506716952728,-0.4391193231140215,-1.0338975849602363,0.5386989822798097,0.4627710561798922,62.81215370090428,0,1,1.7569754811620193,3.919953414060269,0.7273338119515733,0.7273338119515733,1.4546676239031466
-0.8863142013628629,-1.055536766243979,0.8990032260893848,0.419133947295902,0.5835734019392137,-1.2599803021704412,60.869245382663436,1,0,0.038859465472464855,0.9401227486784132,-0.3105621920734152,-0.3105621920734152,-0.6211243841468304
0.5329694891970631,0.7562139136251623,-1.4809801131809752,2.0957849779472855,0.8000769310813368,0.5940373824690613,12.08112876508575,0,1,0.5054338146972353,2.6557129101990355,1.1602699144459827,1.1602699144459827,2.3205398288919654
0.21984057143828867,-0.21361082525046365,-0.14753858777518708,0.3429308372458614,0.5166675802782376,-0.5981923916093146,28.98788547719905,1,0,1.982596122694667,2.824456000942563,0.23174118075074007,0.23174118075074007,0.46348236150148014
-0.8862422033676787,1.095880695589501,1.1220894226325482,-0.14923924018366125,0.31187655092147737,2.2533259371456515,24.524832787924666,0,1,0.6439257018928838,1.3928654903059807,-0.09672092537632418,-0.09672092537632418,-0.19344185075264836
-0.4577597681670453,1.0690138861417817,-0.2031171654961251,-1.0930518623244356,0.22948891691253778,0.6489194245594009,31.46535034315218,0,1,1.7318261050395356,0.32555165433283206,0.1646863660449674,0.1646863660449674,0.3293727320899348
-0.3764911178019666,-0.5512726003530255,-0.8776060625571681,2.312355518804994,0.243157341409853,0.0059573712753251675,51.41250452913297,0,0,0.6289083488797889,2.82818462213932,0.7855220522245604,0.7855220522245604,1.5710441044491208
1.4195567909119142,0.2846460215667069,-0.39845927961846594,-1.1286683404007387,0.43082436918780065,-0.3040450534050436,94.71010062101074,0,0,2.1292022446241594,4.151496038882739,0.5185787930941933,0.5185787930941933,1.0371575861883866
0.008140331975382534,0.8682885363515915,-0.3759677275180327,0.6639449787219286,0.6404880510582018,0.37999179439159697,39.95444621338591,0,1,1.3115414332928454,3.273672984593059,0.5507851569230531,0.5507851569230531,1.1015703138461062
-1.3169234261553164,-0.6331672608694252,0.3852728929140339,0.9399140921569972,0.12614091207048764,-0.16980885742821822,69.30628835121448,0,0,0.5363669849432928,0.5419820269299304,0.025412121926766385,0.025412121926766385,0.05082424385353277
0.4655458788898008,-0.6049739115686668,0.8772434172873663,-0.08287587360905649,0.3962153129227375,-0.356133413585927,35.430983613907244,0,0,0.877759154529283,1.0732490460572859,0.16734996193483653,0.16734996193483653,0.33469992386967307
-0.7037395559023211,1.8290857755874994,0.6514281354474186,0.9109871343926589,0.21293374446114954,-0.4168403207851157,12.328336298370793,0,0,2.002647024747664,1.2977641189991447,0.11251232006892067,0.11251232006892067,0.22502464013784135
-3.0923864682948836,0.5965569714010156,1.6577993247935556,1.4971446831491886,0.19622480485894966,0.4522534817285645,47.50623211800544,0,1,-0.7605033540497068,0.734474981841784,-0.5081919727764437,-0.5081919727764437,-1.0163839455528874
-1.8069960326658145,1.0076644919256341,-0.5024362810767374,1.171419008482644,0.29963104403418794,-0.49403559412825077,153.47603402293797,0,0,0.7138327859963651,1.3673136800021246,0.08352106364912487,0.08352106364912487,0.16704212729824974
0.37758116197547675,-0.7505212021524981,0.04986878491446214,-0.37928646496342305,0.28625592757337687,0.005111073405207774,25.995757376848005,0,0,1.365390369567894,0.8619833529819706,0.29777860636092524,0.29777860636092524,0.5955572127218505
0.1454985688156791,1.9425312904230712,-1.0438889472487227,0.5114670324302689,0.6122263399823672,0.21834586238983528,23.11138374155701,0,0,2.4774409726036737,4.492781386468434,0.5555249119047895,0.5555249119047895,1.111049823809579
-0.7545695963705705,-1.6925610189997642,1.9958734973703276,-0.6063328165054076,0.19516890908498055,0.9263999998985062,59.275254360098295,0,1,-0.632178110060211,-0.24853776411025996,-0.30635210155660053,-0.30635210155660053,-0.6127042031132011
-0.8259728350876419,-0.40609694767750276,2.6327592595058684,0.3559813708672685,0.17374783253005466,-2.0975310269714895,39.770800544319194,0,0,0.5892474740662899,-0.016915782097544955,-0.44810226396693553,-0.44810226396693553,-0.8962045279338711
1.8632014817489084,1.109261576304054,-2.0895178210817167,-2.4776867690290714,0.15571531922110557,0.31171180126438586,26.878957342290065,1,0,3.3470921212422664,4.298145092372953,0.6980350404893739,0.6980350404893739,1.3960700809787479
0.7538273498525163,-0.36978211379280607,-1.1645534938447166,0.9875199644911354,0.258640494262796,-0.20704433135401348,51.2019947305373,0,0,2.315848840943278,5.765148151910831,0.9229533015898757,0.9229533015898757,1.8459066031797513
1.1709305568910457,0.7138408191941168,-0.82697867833457,1.3321505431546576,0.5243330907426718,-0.45590586961170443,137.25661973586764,0,0,2.706336742872034,4.2995568028068645,0.9637430211526954,0.9637430211526954,1.9274860423053908
-0.3041173922031589,-2.304055200976854,-0.11130153996301327,0.7204480137587417,0.06193650488560775,-0.20308742449507178,76.81023612916593,0,0,-0.3648971579881567,-0.05384266754757916,0.394149350279006,0.394149350279006,0.788298700558012
0.9376509958887752,1.829356471412828,0.5085721753822893,0.3548077064134699,0.15642357588611047,-0.6129643440573269,12.752469323312415,0,0,2.581012394455482,3.1840703709047444,0.5169801292065115,0.5169801292065115,1.033960258413023
-1.2311620589432182,-0.8329864276217518,0.6706197922185397,-0.8339167812775738,0.4952046491100387,-1.1187374978610714,35.106978427675166,0,0,-0.291572237742487,1.7732389884483828,-0.42121586720855236,-0.42121586720855236,-0.8424317344171047
-2.6967675517757845,1.0746689770283657,-0.8848035717600579,-0.5363052898265341,0.09985719472160723,0.08694822179480712,33.23956572372574,0,0,-0.12391508442028998,0.7919153389030124,-0.3409388076119689,-0.3409388076119689,-0.6818776152239377
1.7103590464042233,1.3853691036659026,-0.4493481819933066,1.4224420840290564,0.709755186229765,0.68910913392827,23.091662182545065,0,1,2.656386694006275,6.486633203709497,1.1634554634617964,1.1634554634617964,2.326910926923593
-0.6273913764750586,-0.6129556229069197,1.3373402906548544,-0.5632631147300475,0.411699127573356,0.8585698611372911,42.99611531532492,0,1,1.0117601798306097,0.003328877348877657,-0.17007960062609837,-0.17007960062609837,-0.34015920125219673
-0.5754900565056023,-0.3607588958655286,-0.3662427013966178,1.25165264618775,0.002346111663960058,-0.6075836439752202,41.43899982636503,1,0,1.3717353931570289,3.402465333366533,0.34417058800013184,0.34417058800013184,0.6883411760002637
-0.2098825311374092,-0.3071494981027072,-0.7451945321870551,-0.8592776520750313,0.6074238179478827,0.6776734311464885,62.41204512829158,0,1,1.4852764844605237,1.0806214558820466,0.3047239946816801,0.3047239946816801,0.6094479893633602
0.4274274731772298,0.7361391729242752,2.649350036242359,-0.7134612155810781,0.3017794294200417,-1.8285810676190564,31.44608829195724,1,0,-0.19052930776047536,0.996421406440137,-0.4640273973490987,-0.4640273973490987,-0.9280547946981974
-0.888323508830677,-0.708023917654686,0.7053781700244253,2.15370892186385,0.09892516772557364,1.2067347924730902,76.91762028787,0,1,0.452611104673018,1.3905181801530768,0.4600117858033922,0.4600117858033922,0.9200235716067844
-0.22829026098770777,0.7504229953113525,-0.6171369137736015,0.5498652797674468,0.2167194798831257,-0.5950366362987751,11.71428522822662,0,0,0.540124635736399,1.172834300007687,0.45881192313982433,0.45881192313982433,0.9176238462796487
2.9097729110939246,0.37935899295310826,0.5229295677560858,-0.03920149366582835,0.3064552462697102,0.28373273828124684,61.98787474854044,1,0,3.2924721802536023,6.053873191268572,0.8190863822353806,0.8190863822353806,1.638172764470761
1.6747408031110151,-0.10886565361153194,1.2118349469355323,-0.5598564019183262,0.10343443085661021,-0.841459606612824,47.43918508233002,0,0,0.8012011442844544,1.376772820456567,0.41672532079438196,0.41672532079438196,0.8334506415887639
-0.16285306111021638,0.9060836389558315,-2.1834500072280467,0.30503037007003414,0.3391045287264922,-2.246824882727902,66.60239857921358,0,0,1.1283406879735352,3.3269729873955844,0.7482805241975578,0.7482805241975578,1.4965610483951155
-2.3068193794793337,1.4062325140704854,0.3508247302309192,-1.6877734530443256,0.20654029337531754,-0.2206059004111136,89.89827718824398,0,0,-1.0933987416588895,1.4029293418161224,-0.7364597588630706,-0.7364597588630706,-1.4729195177261412
0.44925133652508753,0.5630643471427668,1.1257657536437318,-0.8105887527800811,0.4377338689319595,-1.2791606204495762,49.32415562756978,0,0,0.6842143040176583,0.2362191024988014,-0.03284019561868137,-0.03284019561868137,-0.06568039123736275
-2.009985153852402,-0.6326814796408995,-0.58724936906197,-1.1667236596510282,0.790088546844789,0.05688840265992365,7.696993115006969,1,0,-0.9840109891288633,0.3569719653231641,-0.6332324918649737,-0.6332324918649737,-1.2664649837299473
-1.8108565257181384,-0.7492704929625343,-0.10651078492704737,-0.5198365389464306,0.5329445994223636,-0.7076339555940592,69.60901503961783,0,0,-0.37521093872717637,0.8890179783873046,-0.36508473538885305,-0.36508473538885305,-0.7301694707777061
-0.08996125510336479,-1.739408649988885,0.03865883333128299,1.0974616851484948,0.6759695855853979,-1.114822408117107,70.75643011674944,0,0,0.17887506945426207,0.025224330449167387,0.3416163080244093,0.3416163080244093,0.6832326160488186
0.00435050137444745,-1.232922249350168,0.5807654806833097,-0.09909704936365032,0.38420278029755367,0.6350163854567135,15.449322859990414,1,1,1.065884570479355,0.22384410797415477,0.12340359847764726,0.12340359847764726,0.24680719695529452
0.6199678859684493,0.6782954068662757,0.4397259861659611,-0.2158314441598059,0.5316474198941684,0.905575563207473,40.83174970914909,0,1,0.2997497178908095,2.0937434875885335,0.410406250391289,0.410406250391289,0.820812500782578
0.3871685710983335,0.3525881394518437,-0.43292177028695356,-0.0026157861546127837,0.2401048315122038,-0.2230411781286139,42.22579823198402,1,0,1.2674922726714704,1.13908883224587,0.345553988299904,0.345553988299904,0.691107976599808
0.446347639721671,0.47259342639651636,-0.2941787475399078,-1.3098594447621568,0.32645726084238513,0.4843732802147447,18.620831641180708,1,1,0.5476022875355023,0.14288517698619363,0.235572220921487,0.235572220921487,0.471144441842974
-1.3090318163604484,0.505440384370097,-1.5972098009003828,-1.1994038013075883,0.47778135560878654,-1.4143621564033546,26.71816591266777,1,0,-0.2761808360322282,0.667197721797113,-0.14570296196431598,-0.14570296196431598,-0.29140592392863196
-0.03538279034707412,-0.5016938912159219,2.068805432626714,-0.29455282114464604,0.7953832642661268,-0.6637293023595237,46.90936295340939,0,0,-0.24311841919984992,-0.24968360633074937,-0.36895586770496447,-0.36895586770496447,-0.7379117354099289
0.0038309374075966196,1.3216788605095788,-0.13134560893236033,1.3157540598853277,0.5007526559781611,0.6002671847796472,24.22850267869056,0,1,2.2861844121783994,4.623707539945838,0.6466237897838467,0.6466237897838467,1.2932475795676934
-0.06347459933868946,0.5652131515285012,-0.10928098820625315,0.5162237167056591,0.21128865711187536,1.5730224355974651,33.85430916508353,0,1,0.8377793534857347,1.8307168411530221,0.5484799208907113,0.5484799208907113,1.0969598417814226
-1.751466098096256,0.669084289566105,-0.17285141143716293,0.9784649791200254,0.4291818184055987,-0.6788081527735278,69.21661187920928,0,0,2.3284667492334403,-0.2187329990414153,-0.03926313712651494,-0.03926313712651494,-0.07852627425302988
-1.1964543501546125,-0.534943861012541,-0.86605142136235,1.1488950937401758,0.8062276563677491,1.3454560204574364,32.14160544325683,1,1,0.9198029028093908,0.8653714238388064,0.2288305740013974,0.2288305740013974,0.4576611480027948
0.16639996097150253,2.6726572320635507,0.6604424450099965,-1.8616112309116022,0.23546010840794085,2.198522991848878,62.05636976617776,0,1,2.6659153452064173,1.804369033932966,0.009694203587827327,0.009694203587827327,0.019388407175654654
0.281406341672219,0.5432427127303505,0.16134743811780738,0.4736941688364947,0.5939004249741177,1.1352814366018795,23.32937785121,1,1,1.2112082977389451,1.186347859992867,0.34602618767908455,0.34602618767908455,0.6920523753581691
0.12359504085162029,-1.210534623474294,1.777338196908558,1.140025823979891,0.2936862278286851,-0.7085201991097186,45.269087566990734,0,0,0.2782916319247935,0.3322472974973937,0.11831216175606689,0.11831216175606689,0.23662432351213378
0.8354111768354558,-0.7316721201171438,1.415056877485274,0.6292196300301721,0.4642212815427772,0.2562643740059044,50.858818542766734,0,0,-0.1252361397740135,0.44014530221923465,0.2644490423023318,0.2644490423023318,0.5288980846046636
-3.48633959352501,1.4958370060622792,-0.07825314450319183,0.008083518808012972,0.47956037616060776,0.2925934629001713,73.17242191100488,0,0,0.7480723932832518,0.6799249406380816,-0.7325988512894043,-0.7325988512894043,-1.4651977025788085
0.533060998996334,-1.4244675937983249,0.3870809981019675,-1.2629758834314306,0.3991705417387362,-0.8068953293666336,57.885268490492905,0,0,-0.06355103150357322,1.1348512203964587,0.08096267110158654,0.08096267110158654,0.1619253422031731
-1.062981264499323,-0.1943500840773123,0.4935411505117658,-1.3415266420532388,0.7110470837846378,1.1328764074972033,76.02028025330137,0,1,-0.6471653644171087,0.9918752380133928,-0.318339902850295,-0.318339902850295,-0.63667980570059
-0.5685627301448818,1.7750151220420658,-1.2130608383841854,-0.5899236784617903,0.2884791096588471,0.2734469942119202,34.7238164164707,0,0,2.253911686623041,2.917225470796478,0.2722545715627083,0.2722545715627083,0.5445091431254167
-0.06345530500367923,-1.5668926552738192,1.7637582783296712,-1.7020166862460833,0.13890778528554862,-0.5973855394372022,49.22092602821202,1,0,0.27301498704429705,-0.44308764721932503,-0.5454951786263844,-0.5454951786263844,-1.0909903572527688
-0.02826344755136116,-2.0862671706590787,-0.1357512094714725,-0.1707008252340309,0.36908986654816694,0.3212417344250204,17.531721343784127,0,0,0.4588968769223513,-0.08871153065563475,0.2426437842556572,0.2426437842556572,0.4852875685113144
0.8959652011580951,1.7157800573759687,1.0329714915954102,1.1109470436519921,0.2251465127247891,1.35933277807761,9.103819258930054,0,1,2.246681689033921,3.5239726830707068,0.6695518329766856,0.6695518329766856,1.3391036659533713
0.22454542149897488,-0.1865538550865096,0.41194523869866206,-1.4915141288357439,0.2815393291051498,0.9265342654903044,82.17304308253655,0,1,0.5714414612094985,-0.3477879663574961,0.13620278333033753,0.13620278333033753,0.27240556666067506
-1.422804760076596,-0.6128662801413719,0.7453753457797031,-0.7555737291929152,0.2957897511188154,-1.7923031671420564,35.066792217011134,1,0,-0.8338511979741361,-0.40517343522073357,-0.569360720416222,-0.569360720416222,-1.138721440832444
1.1375464392869499,-1.255658093893395,0.3177242672158817,-0.860033969699377,0.3847405111337737,0.2151230946002502,18.996401669935924,0,0,1.0196350147239435,0.9674228597889385,0.3414698269948585,0.3414698269948585,0.682939653989717
-0.6531800445999902,0.8926958910550232,0.29834174717687817,-0.1699855221985953,0.33448415455840164,-1.1986696800575785,10.613261696778965,1,0,-0.40157304113890147,2.109403902438348,-0.15939918795667402,-0.15939918795667402,-0.31879837591334803
1.781655733286491,1.0875916512302828,2.0047385199071415,0.46923741068853786,0.4482365412823638,-0.5422845877010215,54.55933097606355,1,0,1.1805134492592284,2.110290236813361,0.23470709495681596,0.23470709495681596,0.46941418991363193
0.16755439229456584,0.9142926777423024,1.2243527220391486,0.33989349282802334,0.1788255592091962,1.2630177529179698,61.5819072345353,1,1,1.2453666512180206,1.955306343966738,0.1558203254927028,0.1558203254927028,0.3116406509854056
0.4646291473103029,0.2046000109385786,0.2009093573328656,1.3489841770797837,0.785519110763748,-1.1008165692635077,17.242476804448263,0,0,1.373793592645284,1.620197654958638,0.48018866792471604,0.48018866792471604,0.9603773358494321
-1.0780334876298459,-0.2635629881085471,0.5739962330356772,-0.08153152198690453,0.05680471756753847,-0.7670353734079256,39.36984381440883,0,0,1.1528544705583172,0.7321533949076474,-0.11643735397805784,-0.11643735397805784,-0.23287470795611567
-0.9244575281738993,1.4761116787062776,0.8137897473298813,-1.1433960246836798,0.6588803597080731,-0.5969418533553151,73.62163286812255,0,0,-0.7031063256585417,1.2136537689597253,-0.46182442307426563,-0.46182442307426563,-0.9236488461485313
-0.13216764395955732,-0.6695052838621632,0.7756470293428125,-0.6209694311902023,0.2579105329960834,-0.5703703078670888,42.93964894892091,0,0,-0.5799587791170444,0.1592810373902962,-0.04132231229739124,-0.04132231229739124,-0.08264462459478247
1.9924886511003883,1.5191790671834133,0.5638622413018216,-0.1731444534646439,0.6864406200829919,0.7058483688772607,38.019472452493034,1,1,2.704168490930662,3.8768192550353273,0.5979353787781541,0.5979353787781541,1.1958707575563081
-1.031917087123701,-0.5470799100106489,2.1071733696108073,-1.1127085945940316,0.8425185324182594,0.6548970452156476,25.735162638137027,0,1,-0.9358107002124801,1.4045355559861625,-0.6550069205163217,-0.6550069205163217,-1.3100138410326434
1.1416410173538556,1.4930167627170385,-2.104393229702747,-2.090591108534579,0.48325754290978834,-1.1866563022358783,41.86954881513769,1,0,1.872119135420046,4.358861155912598,0.49033778555911056,0.49033778555911056,0.9806755711182211
-0.018368460991435607,-0.10404936548156812,0.36471373668595886,-0.01957957964976427,0.10317097158425462,0.515060918254482,29.049352585545794,0,1,1.2299949346147623,1.5712496774297044,0.38633445133430844,0.38633445133430844,0.7726689026686169
-0.4303430146334111,-1.1617894367843458,-0.48445263905249514,1.0365764651376583,0.19064592723085386,1.649660301780784,50.32518292502766,0,1,0.8132101946234989,3.037226651112567,0.6269122776835674,0.6269122776835674,1.2538245553671348
-0.641523187713577,0.07627847806682635,-0.23482142259902958,0.16316022400980465,0.4141162806070053,-0.07075295526981079,49.09273442254457,0,0,0.4079120935274997,1.2445756601026945,0.14201515338806855,0.14201515338806855,0.2840303067761371
1.821621446222312,1.371019273180524,-0.30370956164924173,-0.227360882946212,0.3925082428857253,-1.1938932158630498,31.00994710110385,0,0,0.914208455603911,3.3309004776676536,0.7817431712821884,0.7817431712821884,1.5634863425643768
0.7131178267917728,-0.03908219880972366,-0.9825729799497829,-0.007411591094817036,0.13416349205467817,-0.3540528077636278,31.23699235680305,0,0,1.0795128005176433,1.3259942623597805,0.7223057226004589,0.7223057226004589,1.4446114452009178
-0.4256573573130963,-0.16226810602592825,-0.8456341008132284,1.235835909211483,0.7301162381513807,0.15579907392855227,70.74643163215615,0,0,1.476557323797814,2.8322729727273495,0.45407800863297887,0.45407800863297887,0.9081560172659577
1.002560041806808,0.8572276949981136,2.0416173295043283,-0.18161521725345792,0.46189690089415975,-0.720657766142161,47.82160376572739,1,0,0.21123147646375495,0.830101199434228,-0.11198499610526662,-0.11198499610526662,-0.22396999221053324
-1.9742927746314294,-0.7285404466341399,-1.6162788951030558,-0.9114920013270924,0.18195270388520277,-1.3673921596396685,62.69521531441061,1,0,1.071005031683263,1.1043773305086593,-0.2049578291454533,-0.2049578291454533,-0.4099156582909066
-1.1129814948587955,1.529832176287692,0.21763452808220835,-0.1539123847973325,0.21781839986156679,-0.5629112988227175,97.27809240515761,0,0,0.5516906892929849,1.4910418810679413,-0.09949505996884445,-0.09949505996884445,-0.1989901199376889
-0.5140185351682288,-0.263281252513668,-1.5493001661001193,0.7624092954727482,0.181724652804006,-0.010243829090343102,25.1258845490862,0,0,1.5275138342814245,2.9667871987231615,0.6305406032070554,0.6305406032070554,1.2610812064141108
1.393858397023511,-0.899615950825481,-1.9877836645766276,2.2843144114045804,0.8434865197690615,-0.9407897612882571,43.3871914033833,1,0,2.8060399888647334,6.102317517957892,1.2363325866816908,1.2363325866816908,2.4726651733633815
-1.1161837258813263,0.001603857437903446,0.33644962616421414,-1.0953028275799455,0.6385953439418822,-0.44707928552095144,26.09468214042466,0,0,0.13534248027890178,0.49173114873643675,-0.3969677525133404,-0.3969677525133404,-0.7939355050266808
-0.5608210396842234,0.7844384957672556,1.5869681931934634,-0.44539938558246944,0.6844359670190412,0.08866819665077211,40.08807330343218,0,0,0.468937580672318,0.03408693744119218,-0.41059941510355885,-0.41059941510355885,-0.8211988302071177
-1.4114424844728883,-0.327604925870412,-2.9202284771720937,-1.0137047615513513,0.4768281760930383,0.5734295393563477,26.786591294161138,0,1,1.1504860543863973,2.5160108711349114,0.4503407499838795,0.4503407499838795,0.900681499967759
-2.085028165454553,0.3882025098677695,-0.03319618465304982,-1.443907805999584,0.22222348731948546,0.1540857010489331,95.58815565714552,0,0,-1.0376718521434252,1.9974162282072703,-0.5497417677402054,-0.5497417677402054,-1.099483535480411
0.6671679394902632,-2.1115714460009576,1.5073606606023546,0.11221304326378076,0.2549599031674325,0.3156733518793385,21.39230535581389,0,0,0.6153498697313943,0.5141898667244684,0.15419564875205238,0.15419564875205238,0.30839129750410477
1.3497962946981419,0.21812675209409751,-0.6490784241216683,-0.8793974999110097,0.2551684978421969,0.3624202101171561,44.785204749865976,0,1,1.2378590851592282,3.1367168040072473,0.801208226356138,0.801208226356138,1.602416452712276
-2.9240858286602878,-0.9893295307332544,-2.14240916624738,-1.127135131836094,0.29041895521082967,1.8334461485885756,45.64059389579496,0,1,0.3073153644672671,0.09424718685774261,-0.11999888843155296,-0.11999888843155296,-0.23999777686310592
-0.17134845952322172,-0.8591006740149697,-1.038837117793449,-0.8985868565485601,0.4635226811728067,0.092349467301643,15.187570094882268,0,0,1.0353642598120132,0.9077540481877888,0.24757551958784227,0.24757551958784227,0.49515103917568454
0.21967145796955231,0.04072242651338482,0.28259729134665734,0.2886064943812773,0.5227418735726966,0.2747468593822824,88.15950284082973,1,0,0.8652375720381034,2.0700669032435552,0.12582772346639282,0.12582772346639282,0.25165544693278563
0.5567656065155561,-0.07324009445624087,0.21404391100130937,0.44038739424137535,0.5650205817967819,0.9345260647944238,40.576009621798676,0,1,2.3308325077847507,3.2850761269951625,0.5524695007362876,0.5524695007362876,1.1049390014725753
-1.4363994997588363,1.7319270736513943,-0.5282327922613811,-1.1345443332252447,0.31970756963847213,0.23228195377785257,23.615686837630136,1,0,-0.059889696064001186,-0.9326801713461401,-0.3669284423287478,-0.3669284423287478,-0.7338568846574955
0.3605550002099107,-0.9933184629151137,0.04572304661195079,-1.1901208959124274,0.6750107143154642,1.4121736368475086,67.62675969065157,0,1,0.9964852209347191,1.5647538001886023,0.21467199710419754,0.21467199710419754,0.4293439942083951
-0.31027788138943707,-0.7085813513141278,-0.05039487770010612,-0.633950572989355,0.4135813684659874,0.5124026652451383,22.662637934887503,0,1,1.9523591072858648,1.9041981712871248,0.2108384347350601,0.2108384347350601,0.4216768694701202
-1.762394982787728,1.2492059288889001,-1.2017795506819258,-0.12981164809770096,0.24603738895223937,0.06335078545910901,22.38390156378894,0,0,2.5082731575059976,1.7999492413680638,0.028505835963336175,0.028505835963336175,0.05701167192667235
-0.9701325496318044,1.0570977116713498,-0.723192560089084,1.5831853713185706,0.10124261159973726,0.39564860112391853,49.531391464174895,0,1,1.5605019083012464,2.808260659731839,0.648140389376099,0.648140389376099,1.296280778752198
0.5441041703837461,0.729357946851665,1.2488120548276846,0.4163901019200483,0.2452225120760203,1.358590997147657,17.536545822346746,1,1,1.8629867177314186,2.351985039008073,0.25370733109272214,0.25370733109272214,0.5074146621854443
-0.5105083606490123,0.7061448536096534,0.9089096633350002,1.9021796043569001,0.30382111913632903,0.3190657145970768,27.79530196415724,0,0,0.506136963913018,2.000539213514516,0.2665727932760996,0.2665727932760996,0.5331455865521992
-2.357145250286794,-0.5932985404542482,-0.998959947701645,-0.041515279223059406,0.2297444619171763,-0.03712128345071655,33.66734853689596,0,0,1.3408436183614747,-0.5438594679142803,-0.1628409027062135,-0.1628409027062135,-0.325681805412427
-0.3601703375006202,0.2821772261376021,-1.2911106590568129,-1.444139497643486,0.33850092618617106,0.9186665877191821,24.83669435479938,0,1,2.2566211838960673,2.5579191891787696,0.3420113186318166,0.3420113186318166,0.6840226372636332
1.3360225883557506,0.03506037674281945,-0.7680764626042736,0.48135161338834515,0.18407101744570736,0.9137774887544464,59.67475300596305,0,1,0.8996562076464614,3.2581670073280056,1.0855293927354828,1.0855293927354828,2.1710587854709655
1.5104666490896757,-0.7345140873519654,0.03108824746330998,1.2110326454542601,0.6100504914244619,0.08726797814739023,61.67334538096837,0,0,2.096724882065189,3.590301578567709,0.8276650055430771,0.8276650055430771,1.6553300110861542
-2.55624114467547,-0.019618239415099586,-1.392779416038335,-0.9809201735766064,0.35274443735913413,1.1607504497978145,58.53453697862497,0,1,0.23667526830908442,0.2669916910323401,-0.17056034519067917,-0.17056034519067917,-0.34112069038135834
1.7535355469399645,0.3741068216037729,-0.5501411301906328,0.7198434396438521,0.0539492375926209,0.142982173543309,50.60652730318021,1,0,2.981544943687161,4.526811462679868,0.9286450038987938,0.9286450038987938,1.8572900077975876
-0.06217340243760654,-0.21814246929649134,1.2351268800194302,1.3217935373409802,0.595251661778939,0.6664108451967735,52.23286501633062,0,1,2.280353830516372,1.5673475560959433,0.3059259716076267,0.3059259716076267,0.6118519432152534
-0.10851352979944724,-2.2340117484704693,-1.0007197411091575,-1.8105994844538456,0.1683170718764831,0.8852816538138891,29.378868904180223,0,1,-0.3915217632074127,-0.3035094138327624,0.32347055024812127,0.32347055024812127,0.6469411004962425
-0.27322346195742986,-0.9762974608871784,-0.9538380487281172,1.4952471206310123,0.2882167283024131,-1.1096414520222229,58.64967641895627,0,0,-0.21979344635778075,1.8544248092255957,0.6733142682931085,0.6733142682931085,1.346628536586217
0.7325819538669717,0.5274087768517423,-0.015994500381666332,0.1236219937069845,0.3278939624928507,0.6673347751652902,119.9149765786598,0,1,2.476024966023793,3.704779395172331,0.6521991450356918,0.6521991450356918,1.3043982900713835
-0.14283282066332145,-1.0118848102356786,-0.5274317249732646,1.1994992947759742,0.6306347261435435,1.1662986261618737,48.33286151783005,0,1,1.5981551085463845,0.8289836415391121,0.6405993284936131,0.6405993284936131,1.2811986569872262
1.073988863777445,-0.4389526054784198,0.3058515900631269,0.47259725055973784,0.19343985456046853,0.17701701999530775,53.26582538049974,0,0,1.4368306073409713,3.2477877743031223,0.6120714720500371,0.6120714720500371,1.2241429441000742
-0.23306718874100496,-0.6703558284401315,0.11543737834647609,0.19941120188388434,0.8162146527115841,-0.35573911142297815,99.71346819610086,0,0,0.06161531137362991,1.618105570475287,0.08934746360461285,0.08934746360461285,0.1786949272092257
-1.9192806706641579,0.007930668049647264,-0.7759031268890539,-0.4296691761616647,0.2000921284721371,-0.33044159704074627,55.80794850733786,0,0,-0.06087211328376918,0.7900978020316818,-0.15206246241278493,-0.15206246241278493,-0.30412492482556985
0.9565533882367796,0.014899445404209049,0.8422140550947194,0.5580995332585174,0.14059163685796078,0.44827506729846617,55.84717357631967,1,1,1.5765178313040635,1.2883518171139163,0.5092637797260826,0.5092637797260826,1.0185275594521652
0.22906703531110897,-0.05517376696824583,0.09578820256109494,0.1684648462946214,0.2445912769943975,-0.25835618062444554,48.685447935525175,1,0,1.831910641985643,1.8562465274001563,0.2146871311780461,0.2146871311780461,0.4293742623560922
-1.7515578893581534,-0.6525153927305787,-0.7262253433862714,1.1306288569196576,0.25985103899151707,-1.0943762891280266,48.67490875774443,0,0,0.8496684149515904,0.6755638982135288,0.15048231141227103,0.15048231141227103,0.30096462282454206
0.8601025424871582,-0.4083014628985323,-0.2588338026886632,0.6533451871744479,0.4573792440595618,0.6536647964181775,40.273763264605336,0,1,-0.19286947477669147,1.6075182053906993,0.8056032636050161,0.8056032636050161,1.6112065272100322
-0.1588842874125162,0.4399462157023285,-1.0995667159394806,-0.9492288147573686,0.21505401040000083,1.4275848645583198,146.4111495614889,0,1,3.1905786184993277,3.7595898498838913,0.4749429278788547,0.4749429278788547,0.9498858557577095
-1.4614817607868327,0.09356311640232243,0.01891005100094974,-0.9729903764316257,0.710019191713496,-0.35620058113660297,38.624310727095704,0,0,0.9260207938239651,0.7780048459676236,-0.41891797800945374,-0.41891797800945374,-0.8378359560189075
0.9525207117293626,-0.6022047587871943,0.6855781699797538,0.31665736162092223,0.2383863285601516,0.3553564139211847,22.413691858274554,1,1,0.7602776556598454,1.4240957900721887,0.4756642081260054,0.4756642081260054,0.9513284162520108
-0.5275534308719317,1.1726228106126357,-0.24912247743163707,-1.351579640667009,0.4575056607671641,-0.5719370221801177,22.370870132398675,1,0,2.5437559217387125,0.6377909193775302,-0.24599370951336175,-0.24599370951336175,-0.4919874190267235
1.067601967410293,0.8699091704058329,2.703288199862318,-2.1026180446878655,0.28739931746222597,0.18633242271478717,74.06669926770684,0,0,-1.1203126390029245,1.4983473677795331,-0.4032419373295778,-0.4032419373295778,-0.8064838746591556
-0.056565675997000894,-0.5072799945101131,1.7854650125949123,-0.3854505897873416,0.26123807256516535,0.5207210582218911,85.1546094426012,0,1,0.3019229870999987,1.4563346945984699,-0.040718935627402086,-0.040718935627402086,-0.08143787125480417
2.377574080981314,0.12768431904224098,0.8092926837286378,0.026971922721835552,0.36228955573954646,-0.718269108467558,35.28988563088811,1,0,1.9182108842965064,3.1203773684820337,0.605581804966907,0.605581804966907,1.211163609933814
0.2126683736701879,-0.5087385085968494,1.0039121768493742,0.6490279830564311,0.12782998253072242,-1.571087179724005,37.15540004373727,0,0,0.42104707328236946,2.7507070922473558,0.26483230686357445,0.26483230686357445,0.5296646137271489
1.0953967886879286,0.07308076438554177,-0.1341511370526147,-0.06090499553844558,0.6860379859898165,-0.26279294467718045,36.551203311477046,0,0,1.6024219752038347,1.7221235550203753,0.5006123351497191,0.5006123351497191,1.0012246702994383
0.551161031410806,1.0610997857641022,-0.03950051385455659,0.5453537728017412,0.6858765040360937,0.9408156355695464,80.41104329862618,0,1,2.79271689066245,4.538282616765843,0.5965685199786792,0.5965685199786792,1.1931370399573584
-0.40885218020066344,-0.3050484256010567,-0.9139200101075474,-0.1896349140624203,0.02975049910271795,0.9206504097202324,25.948265592852934,1,1,1.3040465720458165,1.5518914438403766,0.40530938745158673,0.40530938745158673,0.8106187749031735
1.898107254828911,-0.07164529121113654,-0.5458503625600148,0.09488972380867128,0.5480326249615809,0.971367801562427,18.41967490055061,0,1,3.4077923169223028,6.06956109384396,1.0371094314100797,1.0371094314100797,2.0742188628201594
-1.367383442038612,1.5636019261978755,0.20888539467347805,-0.8498882112423899,0.7376884968969794,0.7221387710501461,48.38245475164061,0,1,0.2393856463801125,-0.008045553308232867,-0.2588472678778817,-0.2588472678778817,-0.5176945357557634
-0.055967846549897504,0.7482940173496138,0.6237827046277443,-1.2445697162100862,0.5110505001761566,-0.17854501155457658,34.8988146569094,0,0,0.9779319832920401,1.0974870571216926,-0.1595778610121681,-0.1595778610121681,-0.3191557220243362
-0.2935794881647892,0.8636363662098415,-1.2255751308564802,-2.055819184055792,0.3917293129944344,-0.30554240418974826,57.97944986238991,0,0,1.2738273214969393,1.6428255758452,0.0633617838535779,0.0633617838535779,0.1267235677071558
0.42433389635129637,0.4217613438373734,-1.068582016204647,-1.165461630425988,0.3963871626386509,-1.2946024546962118,25.09237422445863,1,0,1.3136343314322303,1.2762290241791752,0.24898552203343127,0.24898552203343127,0.49797104406686254
-1.0251683306027262,-0.19588930705180813,0.07614243416030117,0.24292088605634043,0.3953702159710744,-0.22184001124863895,34.304211677056266,0,0,-0.6592253295373919,1.3468561693868752,-0.014961560426946158,-0.014961560426946158,-0.029923120853892315
1.3586588728737135,0.18343355931419883,1.5422357569894682,-0.8522149420434542,0.4323650476910684,-1.4358126721811322,66.79919744594265,0,0,1.5001865716933218,1.5448361676082678,0.12396631685327872,0.12396631685327872,0.24793263370655744
-0.7265783413530755,-0.596410724546797,1.8046169750846541,-0.5562645516128569,0.32818918796789665,0.8239011260425858,69.79934806135245,0,1,-0.23199487588293694,0.025184555219113225,-0.27935069450009453,-0.27935069450009453,-0.5587013890001891
-0.2218948698515694,0.12796467311017204,0.03512555896369531,-1.6727393815142846,0.491766229366329,-0.17197719856505242,34.95664583463472,0,0,0.35167677605476194,0.3254078881649355,-0.14897517025094256,-0.14897517025094256,-0.2979503405018851
-0.6610088636641605,-0.605644100655141,-0.47125558037516363,2.0564418447833943,0.1738643567822272,-1.7297072348435558,32.85430291878428,0,0,-0.4942670653166408,0.45827107963466807,0.5870258322898475,0.5870258322898475,1.174051664579695
0.2782525944562059,-2.033598441293747,1.1752319751981137,0.5463612750171885,0.3555440451795987,-0.8863718975890105,56.705345937030366,0,0,-0.3586332738813667,0.8730695180320094,0.1723741505641429,0.1723741505641429,0.3447483011282858
0.7239092438590099,0.19210495496407032,-1.3458277516412487,1.2859504101249184,0.28197147566111924,-1.8347186172615502,32.80823956554997,0,0,1.2891401483564038,4.291905641333648,1.002574613305414,1.002574613305414,2.005149226610828
-0.5768014369979252,-0.5030556317126189,1.2450134522964347,-0.14845429216486525,0.17964148681023004,0.4029162411378791,32.86482593448258,0,1,0.7046115032187952,0.1586844976955244,-0.0052430912887656556,-0.0052430912887656556,-0.010486182577531311
0.16945769063463215,1.4315068907378428,-0.8660299184519896,0.6103594420049808,0.14411079626842827,2.247119777460675,42.34641100221721,0,1,2.735659307982386,4.5556152592614945,0.8132528438936085,0.8132528438936085,1.626505687787217
-0.9229302478777017,1.6539664430999061,-1.0637385382178859,-0.8920533117553018,0.3281090390903038,-0.699410792220332,75.75923739901434,0,0,2.1891133850062885,0.6254337119931903,0.07628624350455117,0.07628624350455117,0.15257248700910234
0.8100737008594856,-0.23788546889956907,-0.8750015317624794,0.007774439089503591,0.506778765889363,0.2997870645188746,48.54349264374347,0,0,0.5772195604733996,2.1638600486319732,0.6390934684510651,0.6390934684510651,1.2781869369021301
-0.13674938565199293,0.0694809721175078,0.8781988810217503,-1.724089481256378,0.4353089488639771,-1.5001957867438058,87.3428765467816,0,0,-0.22369619960858522,0.964043518955945,-0.30630383616084556,-0.30630383616084556,-0.6126076723216911
-0.24865133905770834,1.2143728149736441,0.06579268781204775,-1.2127708998516393,0.6121051557160812,0.7535259159405205,95.51107257478603,1,1,0.5523305206018291,-0.20457929302476074,-0.08930076559996339,-0.08930076559996339,-0.17860153119992678
-0.25844186335129365,-1.1741709025755416,-0.6648463217705827,-1.4930884340427089,0.22976902172997335,-0.5217453285673952,17.048475503318453,0,0,0.9777999742211951,1.0195962694681442,0.09000198570828485,0.09000198570828485,0.1800039714165697
1.9537623154381583,-0.1661408483242371,0.1992956077504549,0.7350075312768095,0.09581187176908638,1.1947241901731083,19.27412147063858,1,1,2.7548607788182062,4.363320102601484,0.9725149210228293,0.9725149210228293,1.9450298420456587
0.03211875913339433,0.6184277230906575,0.07211417222785912,0.46484753299791587,0.6938885542090836,-1.6312987890041384,76.34031535133234,0,0,0.5164396538268772,1.265454026562442,0.25026743759666625,0.25026743759666625,0.5005348751933325
-0.1749048979469265,-1.6734055093609865,-0.2638876677544577,0.9669949383881543,0.24356241833563907,0.8044919261503007,13.74632271202439,0,1,-0.44751208778994966,0.8657971995110982,0.6246860239901557,0.6246860239901557,1.2493720479803114
-0.5686527310999946,-0.8248613342784403,0.6975762888663078,0.3857206936393066,0.30217904779099425,0.4276407287043222,23.912116830489442,0,1,-0.07350842579984607,2.0710925058445318,0.18421720512665035,0.18421720512665035,0.3684344102533007
0.2442310361976664,-1.0030032606934902,0.9472662916634381,-0.6923423626987425,0.18066235154371355,1.276613260168812,70.24082282843762,0,1,1.1613695604262648,1.986576478324924,0.19200551631312535,0.19200551631312535,0.3840110326262507
0.07370531913375956,-0.6585927610579803,-1.596839760787567,0.07526058191826437,0.7651784502711807,1.0941897823034346,84.7072382372593,1,1,1.6314812155263647,1.8953552897973447,0.5618463134109217,0.5618463134109217,1.1236926268218435
1.194760815068831,-1.1984529493818148,-0.36559347029701506,-1.2305470766792523,0.19998911659021854,0.030161688848635987,32.657447371363205,0,0,1.0043533786772172,1.842382718991714,0.4854677299006982,0.4854677299006982,0.9709354598013964
-0.9493450133767247,0.7044324539627062,-0.4742380912313355,0.27660495791318074,0.2841327112052506,-0.18604133072752288,10.788728021882147,0,0,1.505860548973854,2.518601192448523,0.1601128180605233,0.1601128180605233,0.3202256361210466
-1.4514842595121518,1.219988211943265,-0.23269041133349797,-2.0062824952287155,0.4018515875292873,-0.468404794551765,78.76448350015326,1,0,0.22591744307240985,1.0749372439557805,-0.6127989323182308,-0.6127989323182308,-1.2255978646364616
-0.3676844502151396,-0.9080651395798064,1.5736175044029062,-0.29696143326758984,0.4500207471768424,-0.7177772277455635,117.95159991175895,0,0,0.1704296813157159,0.3900858092240119,-0.27060553433948675,-0.27060553433948675,-0.5412110686789735
0.29376590713372575,-0.5611398033034333,-1.7920360285369907,0.018371203299893325,0.3205257332562754,-0.18704720764216815,28.04884218614817,1,0,0.8912827121385778,1.8843298260820744,0.6028830208880559,0.6028830208880559,1.2057660417761118
-0.06412071090057518,-0.12291855922278372,-0.7504650663343626,-1.5968704993816518,0.07354092752606238,-0.14836590945604128,39.59652584439453,0,0,0.9284527212316922,1.7681909111197618,0.18206200304644649,0.18206200304644649,0.36412400609289297
0.8637718014487985,-2.269545338615631,-0.9109574935436345,0.7011866317910972,0.4095212181558507,-0.10175540257950937,73.18698359088991,0,0,1.8459656641212558,3.338606141630219,0.8101952543502565,0.8101952543502565,1.620390508700513
0.16634306901700446,0.12133156556176226,0.31395731205770194,1.2600496963311405,0.4058123723582326,0.2755824247801623,22.90926431957437,0,0,1.7581024124807647,2.3696757179623,0.4469194266456963,0.4469194266456963,0.8938388532913926
-0.5380124895699978,-2.606913943213491,0.7334815868306381,-0.578249522884264,0.1455307180592987,-0.10692533866539582,27.947236356623005,1,0,0.04087305357069443,0.019712085992559025,-0.251021732635739,-0.251021732635739,-0.502043465271478
-0.5816398705073215,2.536398613643999,0.9888365722277396,-0.21559955847422313,0.25329074133804885,1.664573765948917,34.96154953325942,1,1,1.9315589555447639,0.5813505122143754,-0.12000090807864461,-0.12000090807864461,-0.24000181615728922
0.4341758540093485,0.42673842713567917,0.7674388625227389,-0.8799271367182955,0.6232183338414624,1.064861399673264,29.120245571904963,0,1,0.4041243771240238,1.1097524619219539,0.14477340463637092,0.14477340463637092,0.28954680927274185
-0.6017489784839005,-0.32424425574455007,-0.3612425641513745,-1.3872218113720747,0.5437465935517217,-0.2618689707706769,43.470012512302716,0,0,-0.18978172138658345,1.1621171658847438,-0.12921545836157639,-0.12921545836157639,-0.25843091672315277
-0.5784165582261467,-0.22317839104950069,0.8426556691889154,0.7691749489926625,0.4040647706325512,-0.005399017505211221,45.19069838164902,1,0,1.8924651454753718,1.2128585476576317,-0.10586493765801551,-0.10586493765801551,-0.21172987531603102
-0.014054126116268495,-1.3795054634849682,-0.5113912663585237,1.7917323751901149,0.20680427915392047,0.058426069331198094,46.371778662306426,0,0,0.9548354544194037,1.781099081308405,0.7214497238235997,0.7214497238235997,1.4428994476471995
-0.6941741857547759,-0.02269433946359979,-1.1382194731459319,0.428467400609734,0.3928562660305745,1.4255130653944585,85.81357183240667,0,1,2.216692323255183,3.032170558936792,0.538878140343182,0.538878140343182,1.077756280686364
0.2795306433699071,-0.6208026642686172,0.4424457148450827,0.04539014644254039,0.1679438620568009,0.3884330123479879,14.183360573550637,0,1,0.6115364784591114,1.111431665154712,0.4487942223436808,0.4487942223436808,0.8975884446873617
-1.2154438258933993,-0.9594335736074792,-0.4698742991244813,0.03637752221409759,0.5799182198916255,0.4586499266330064,24.51135433447446,0,1,0.11834352100347334,-0.849529805566315,0.1304156557817815,0.1304156557817815,0.260831311563563
-0.36052726612346414,2.6868146287439054,0.961016074784843,0.8087852584775612,0.6233972237192829,-0.6744590722796024,100.16636362960062,1,0,1.3776291943016867,1.4207320721155954,-0.11640515813390229,-0.11640515813390229,-0.23281031626780457
-2.1351286276485673,1.670810130026492,-1.996401740119544,-0.22460909291453532,0.6377342413770044,-0.5402349690750206,32.56531326249514,0,0,1.599534059559884,2.140089218933951,-0.01211348757039657,-0.01211348757039657,-0.02422697514079314
-0.2851464128195429,1.2630436370699156,-0.3030501220533014,0.06410959393463185,0.246643189126048,1.562518047435473,23.829788278899468,0,1,2.661727933459512,2.974999310194576,0.43917539278023654,0.43917539278023654,0.8783507855604731
1.087105139607016,-1.2351817754976344,-0.7235480617669915,0.31454374749027086,0.5077633959991277,0.19365688244609042,7.507411146365818,0,0,1.0932129498698782,3.370378723160804,0.7383246721871608,0.7383246721871608,1.4766493443743216
1.636398422165219,-0.7873715550905998,1.553353105771767,-0.5064438789509985,0.6419217552511776,-1.31660473872994,33.11605489329075,0,0,-1.5,0.9847392361725816,0.2112327554650103,0.2112327554650103,0.4224655109300206
0.6951251308811671,0.3339400036125285,1.500966249140906,-0.27528188217929705,0.46364760774960495,-1.1135791507868704,46.580429942666804,0,0,0.9444450813681726,1.948193233079366,0.043596297183548904,0.043596297183548904,0.08719259436709781
-0.936965998241673,1.547760137226644,-1.2715258702116075,-1.1897284981154967,0.2501018033948402,1.687757574249841,28.619706459797253,0,1,3.484252476377665,3.0552410814103697,0.24320964946333412,0.24320964946333412,0.48641929892666824
1.0619682665943606,0.3282432576165314,-0.313723907344788,-0.9922571051625779,0.5875127655785384,-0.5358822125944023,55.31239338430662,0,0,-0.30900735505596355,1.9180128974803692,0.3867610315941612,0.3867610315941612,0.7735220631883224
0.26861286667053247,-0.3077467703637966,-0.3461917809348901,-0.3679785185726888,0.18520274494187838,-2.887784715778012,74.33946801821796,0,0,1.2850676990355672,2.816337307836806,0.3806890023442902,0.3806890023442902,0.7613780046885804
0.12024179844540933,0.24065805584350805,-0.32166090251044455,0.9069899403958873,0.4196630355998458,-0.17803627328417254,17.080012641709896,1,0,2.118022432567401,1.7802056118376735,0.3669721628443091,0.3669721628443091,0.7339443256886182
1.4406714209765106,0.6948763555147943,-0.20476320013849736,0.2524035359745928,0.5748790478572113,0.33345372867174233,53.81588500187811,0,0,1.7803288632564738,2.979919572469869,0.6958975668935885,0.6958975668935885,1.391795133787177
0.9933540734180271,-0.23865659449482357,1.0756154148391188,-0.8726835092720137,0.41851057084741516,0.0872565887185576,58.00105711398668,0,0,-0.3445750356545829,1.067325271386618,0.12397818062009934,0.12397818062009934,0.24795636124019868
0.9308709015523329,-0.7457703001525412,0.20754472008464278,0.9875425408863657,0.5250820423023487,0.43548873526698023,28.938205153916712,0,1,-0.30012119880993193,2.3459756420305706,0.766721981223014,0.766721981223014,1.533443962446028
-0.1712722744799187,0.6369362475091005,-0.8502610585130597,0.2335683541781764,0.10813136880800951,-1.686095516580279,61.70057096315822,0,0,2.2634454538213875,4.541002891691589,0.49519197125664544,0.49519197125664544,0.9903839425132909
-0.30688503808135886,0.5065816153135395,0.21150949475613445,0.07400402917038082,0.07903423470067253,0.018160341778409163,54.4584950548034,0,0,1.49146938097069,0.975328221700688,0.20189260941337708,0.20189260941337708,0.40378521882675417
0.48360464923001606,0.48650695512461506,0.3541514007213905,1.5491907094866626,0.274979439631693,-0.125644106893456,19.898903154108872,0,0,2.2148355455698874,2.6300756336037017,0.6103552558216916,0.6103552558216916,1.2207105116433832
0.4457533286870313,-0.40725886028774466,0.22422950274097278,1.14131277965327,0.39330962712484735,0.3299333475028256,39.48635686092631,1,0,0.24824439038532242,-0.16131699066915628,0.38652243125698005,0.38652243125698005,0.7730448625139601
-1.661647738368898,0.15217896708786136,-0.08055232397950494,-0.49422477890210553,0.795091705816022,-1.0492819987743967,43.153549819772415,0,0,-0.6478272408792983,1.014092898528723,-0.3873223250660246,-0.3873223250660246,-0.7746446501320492
0.3136611425068245,-0.29586500269707106,1.6157498740852803,0.24929943147102884,0.11364873586867417,-0.5784359698567128,49.65817432688327,0,0,0.09189568914423002,2.5902882205481568,0.08995834865945254,0.08995834865945254,0.17991669731890508
-0.8266572066916478,0.169726966447092,-0.4600651461982898,-0.7797601953577402,0.06822431454075943,0.8832904131806649,23.19854157505296,0,1,1.683200844488073,0.4850180161019505,0.2130196436357869,0.2130196436357869,0.4260392872715738
0.9493693075908849,0.9100730786827752,-0.12257675040754318,0.5713096786865425,0.28828199868480997,0.5673877205941829,42.8377998848262,0,1,2.03140913601056,4.027997769347927,0.8264383536943306,0.8264383536943306,1.6528767073886612
-0.7597513547008803,0.5697381198002162,-0.13214945729514807,0.013693227075137027,0.05578480826086077,-0.6866207131895813,41.74112215569649,0,0,0.18939225410712057,0.5574707401657449,0.1454189281796042,0.1454189281796042,0.2908378563592084
0.655568661312254,-0.2101641224027124,1.4292829092445583,0.07950294335618134,0.38221218159150705,-0.964031377475492,36.574807686485585,0,0,-0.7232390374230174,0.9350376853627395,0.13169659135577924,0.13169659135577924,0.2633931827115585
0.34665245111642423,-0.1799687553667845,0.4128536618974466,-1.0309910007941214,0.5797946108679924,1.3570016465765005,42.39452262179931,0,1,1.2408140411726927,1.2714606436463596,0.18150579394390057,0.18150579394390057,0.36301158788780113
-0.539144692042674,-1.7373452537430778,0.8705262240506165,0.8369609854187379,0.36234002597293496,-0.28962316513858277,26.44161564252248,1,0,-0.7991679159491398,0.7418307953364345,-0.07878491192121596,-0.07878491192121596,-0.15756982384243193
0.8371161604410389,0.46233179943236213,-0.746536780182781,0.4130785940641728,0.7522624726430537,1.067164558543096,41.909199722327806,1,1,1.2841840558148778,2.5391078226421495,0.652441770060921,0.652441770060921,1.304883540121842
1.3851148690694932,0.05560727540692731,0.48696432557770686,-0.312031025701529,0.5180826569610721,1.231575383039008,23.41380722269365,0,1,1.4809324767228684,3.4076545727001064,0.6001945894154301,0.6001945894154301,1.2003891788308603
1.2878270717825808,-0.8405537376550299,0.8839033285804915,-0.7231931311711832,0.3786584914065741,0.015368803647518352,43.54283354492491,0,0,1.5873513285912344,1.780519679282461,0.28508004626302375,0.28508004626302375,0.5701600925260475
-1.7999151994250648,1.771631240796809,0.9220953751495655,0.008221292542580234,0.5260618794708456,-0.7195468487327369,97.77421770593449,0,0,1.2407821986368759,1.3576687840943866,-0.49161225678726106,-0.49161225678726106,-0.9832245135745221
1.0825744472206256,0.9793453130292727,0.38957565511915043,-0.7962262977621024,0.16978760129650294,-0.05356801613040513,57.47786003261173,0,0,0.9001214864968661,2.1615871260578623,0.37334444318722293,0.37334444318722293,0.7466888863744459
0.7435709207362715,-0.8106954523420833,-0.9478533735497965,-0.19324307730610346,0.5338111410727578,1.9766547718783318,37.55835672790833,0,1,1.065974950951878,3.9903299715182996,0.7538291722145509,0.7538291722145509,1.5076583444291018
1.030196431754965,-0.07976536032648024,0.45243550165809615,-0.059791025411913494,0.06695416015133233,0.9313687440796367,14.125338065240966,1,1,1.948278079757219,2.6710429862917433,0.5220878075161448,0.5220878075161448,1.0441756150322896
0.1735454307678092,-1.2024105108808363,-1.156613820550693,0.7453777549930785,0.5168520141956169,0.3256600889474886,69.52387899988045,0,0,0.8929160744976938,1.9861244394484456,0.6531712736279451,0.6531712736279451,1.3063425472558903
-0.5155393750403099,-0.7033994315052825,0.31668953506673553,-0.27874814613911597,0.5650804973193153,-1.6847623114525296,32.53758765645355,0,0,-0.23295784023616506,0.41031040369384386,-0.05981670838764511,-0.05981670838764511,-0.11963341677529021
0.2915973378276854,-0.6023024523298698,0.21287422337657086,-1.0107498032239597,0.37062271916367506,-0.027912010276374768,86.26615505590166,1,0,0.7485611769027167,1.0800810928834714,-0.03606949173068842,-0.03606949173068842,-0.07213898346137684
0.33633732145726675,-1.3000857248798519,-0.8473223672616207,0.6238012002460671,0.40926675954325714,1.4327487160447703,9.234129366990901,1,1,0.7301140110281571,0.3056572732627294,0.6546455645595016,0.6546455645595016,1.3092911291190032
0.008032066177989806,0.8374609957003467,1.694608198051195,-1.9085115977921308,0.6620058001290178,1.7038818674354204,6.654727733359714,0,1,0.5836832943935476,-0.5307754143832056,-0.3729783046749735,-0.3729783046749735,-0.745956609349947
1.1975965547119987,-1.1719140095574392,0.24263703288652702,-0.8448443631660744,0.146425123393249,0.2903394418680949,77.06261576733353,1,0,2.2734704696746793,1.834946228977409,0.2947328731000506,0.2947328731000506,0.5894657462001012
0.5605230681365925,1.0056425763574683,0.5485866796512744,-0.7604291837442628,0.3514539550905201,0.12394207210701436,28.000640863019076,0,0,2.268204433594548,1.2938374235564707,0.1550311872592735,0.1550311872592735,0.310062374518547
0.7057707578608493,0.07138766226394105,-1.0028360147285076,0.7658272952152222,0.7789373977607421,-0.9134412444785281,40.93641694508398,0,0,1.177078606444193,2.327179024525446,0.7091436731174714,0.7091436731174714,1.4182873462349428
-0.5970009950055906,1.424558684605724,-0.40262182280623127,-0.2294169883696211,0.8188175623949109,1.0394164721478767,72.82312465304422,1,1,1.0770152844019294,1.298112283872349,0.0436052495344951,0.0436052495344951,0.0872104990689902
-0.4561985190464327,-1.2251524165226266,1.005246557968369,0.47546668334778674,0.31320476570468836,0.03786147994058057,98.5466592273577,0,0,-0.5257026513946432,0.5329919672684813,0.0015250311474341027,0.0015250311474341027,0.0030500622948682055
0.5407658857243632,-0.6615433049290891,-0.0008915083969144031,-0.3391300942123039,0.42041762665827825,-0.2264909036006069,11.876807781370152,0,0,1.6208781119347186,2.146050117055688,0.3296669324939414,0.3296669324939414,0.6593338649878828
-0.7040178477615163,1.2092954297731269,-0.12344577235424252,-1.608452251824938,0.11140436656050023,0.14696711176530003,99.47931367390926,0,0,1.0939958398539855,0.28268960046412694,-0.14622538075830013,-0.14622538075830013,-0.29245076151660027
0.5437521984667644,0.8370424209550067,0.2984007152518609,1.633806801598624,0.4375676488853514,0.5679479464492704,86.41417842469606,0,1,2.5234002043593855,4.55712716859752,0.7756714467705527,0.7756714467705527,1.5513428935411053
0.1736348359992927,-0.29072841399160676,-0.5689109724369285,-0.5773166466282179,0.5652943985146727,-0.6402975983451978,34.78327691103269,0,0,1.0167467398479404,1.5555193626656045,0.2741905159793256,0.2741905159793256,0.5483810319586512
0.8512284267159936,-1.4406092099119259,-1.298760054841194,-0.37844309955266303,0.3102624662387671,0.9889489567312605,47.620159398771065,0,1,1.427414264019432,2.564515159858613,0.8814884217287575,0.8814884217287575,1.762976843457515
0.09968025226697613,0.0905133933884769,1.348424119095067,-1.2392161135675746,0.5442831354719742,1.0816685600619311,19.090587958107584,0,1,0.822092893263465,-0.1245122303682451,-0.1224296885215986,-0.1224296885215986,-0.2448593770431972
0.925710284738247,-0.7862411118701927,0.42657069535200337,0.6164185168608859,0.5545125839586303,-0.7061444160126923,38.58254470206036,0,0,1.2258673852710884,1.6641726490203592,0.4832256396341565,0.4832256396341565,0.966451279268313
0.8050917439674375,0.906262669188655,1.829840869680883,-1.2447245223095096,0.36293579841921375,-1.0314120081326545,76.33593069608662,0,0,0.4446975031792115,1.6019137882991679,-0.14829430865523469,-0.14829430865523469,-0.29658861731046937
0.7199830394630856,-0.9322093074579434,0.13571937867488684,-0.9098817687511442,0.47338697496914456,-0.3752834831698441,62.331645584380105,0,0,2.3062881115344465,1.2535898209466094,0.23434539537338822,0.23434539537338822,0.46869079074677644
0.25191403070579593,-0.6397409528001998,0.05466824647269152,-0.23199864681820245,0.17139090750646832,0.7354063491884245,50.35349655079375,1,1,1.3659312291468975,2.798010742164205,0.3356153401448019,0.3356153401448019,0.6712306802896038
0.37938371048473674,-0.558674087215767,-0.20920215556460647,0.44210556024180814,0.08955698250501012,0.18647648332423453,14.478733612213272,0,0,1.4754335107251204,3.004988714271181,0.5503372382022628,0.5503372382022628,1.1006744764045255
1.1041749214110799,-0.3275138994330895,1.61571075391446,0.1039909983273145,0.41420551383815724,-0.8600215380545175,26.76757272374305,0,0,0.6228259141822292,1.368354939273701,0.21302166851168017,0.21302166851168017,0.42604333702336034
0.36910569324915704,1.2533052923376242,-0.07245102790281249,0.7243426095928659,0.16139387515484757,1.401831376276571,15.86700404427543,0,1,1.409347796984075,3.36469435669775,0.7109359599379352,0.7109359599379352,1.4218719198758705
1.210320240070547,-0.7419685833404623,1.0919965110629362,0.3678309412930004,0.14964708605079982,0.3617051376140273,28.93919916139921,0,1,1.8506380393861714,3.4057513976302873,0.6289447035664555,0.6289447035664555,1.257889407132911
-0.9451233187947344,0.28779152288366205,0.33873819398673227,0.35887420109806534,0.1085809997735843,-0.17659647632253747,82.14327057218048,0,0,1.4898259475222064,1.5881034458169756,0.03938098431238479,0.03938098431238479,0.07876196862476958
-1.0605932285869508,-0.42012476403590915,-0.03321142107603031,-0.965275444058942,0.9364414453865946,-0.20333394234582827,43.64716029189009,1,0,0.407540344284242,0.49777470109245037,-0.4881551181910118,-0.4881551181910118,-0.9763102363820236
-0.0959651290601908,1.6719602899186747,-0.5036515035885012,0.6703697843040508,0.312651441715199,-2.231545286952959,81.68897019324444,0,0,0.9244512199289922,2.2694687239591618,0.46956330981569827,0.46956330981569827,0.9391266196313965
0.008753145668435056,1.7517099996313972,-0.3182782762096931,1.1947323196540929,0.40245873410430133,0.7801245039299377,31.81861702166964,0,1,1.8699926101706552,4.350743874463682,0.6909338229059987,0.6909338229059987,1.3818676458119974
-0.026268767534083907,2.5472631766887015,0.029931421599841773,-0.487197668639673,0.3034223408185133,-1.108993443166229,43.34411258884022,0,0,0.3520371836692058,3.067602530468515,0.16554289018690704,0.16554289018690704,0.3310857803738141
-0.5252067696596099,0.26083633346890756,-0.2941949236529959,1.7305042174237248,0.43982966363797793,-0.1279384650037415,38.93676774071624,0,0,0.11224053682081925,1.1182274051221097,0.46359662756212416,0.46359662756212416,0.9271932551242483
-0.546813998466938,2.404982221656232,-1.8321460987131708,-0.03826281429501101,0.0631752552667389,1.8862387269022585,44.846724699710514,0,1,1.956489349778718,5.281021343829001,0.7279148543090357,0.7279148543090357,1.4558297086180714
0.16668194097973638,-1.0270800970010183,-0.6455169172886799,-0.603945701115679,0.17664468794130642,0.6279908662477782,14.325259957969282,0,1,0.26291186888752605,1.5546599869426578,0.5375797139711,0.5375797139711,1.0751594279422
1.0508187057564586,-1.215865922600352,1.5443351893264465,-0.31413250048231217,0.5381327509470922,0.23714770045174552,29.872064937881504,1,0,1.4629772166972437,0.6042863285526688,-0.031220214354128084,-0.031220214354128084,-0.06244042870825617
0.5538378407258332,0.07936673039077169,-0.25490921879149037,1.2354993582111937,0.39641228536284356,-0.08514661246137387,16.92635254471618,0,0,0.40908512829977206,1.3601579905297605,0.6784055595282935,0.6784055595282935,1.356811119056587
0.26516180400234834,-1.8944359634713959,1.6569707347077915,1.8461522421752117,0.8090329365866108,-1.865672354361644,70.31591406747839,0,0,1.7036900914123654,0.16303645952275114,0.18785124229569497,0.18785124229569497,0.37570248459138994
0.5331305763848772,-0.4172148193674636,0.4399384882821843,0.441833474262702,0.29361864978807656,-1.095108125728481,59.766499180006434,0,0,0.5869450460869011,1.3388164718335047,0.40155164338383315,0.40155164338383315,0.8031032867676663
0.2727309057628308,1.3031039464837204,0.5708240238424585,0.16197919413345838,0.467097564009772,0.7707074699660877,27.059759130632727,0,1,0.6681181709118358,1.9653986870838704,0.36783620794992905,0.36783620794992905,0.7356724158998581
-1.0478939010078607,0.06744709605540818,-0.8795545211616547,0.8611863195797667,0.18667229259587578,-0.4541377450627106,72.75846601019647,0,0,0.9779274596489619,0.44400448407401094,0.35030388967471077,0.35030388967471077,0.7006077793494215
1.055360283377114,-0.8674484697961996,0.7351706115596324,-0.8457755068819099,0.3940427532717546,1.729229762941736,55.88766985486014,0,1,0.995212857719274,2.8444718566259444,0.3869534927785081,0.3869534927785081,0.7739069855570162
0.42843056830673376,1.2198119751113556,1.6050107503522288,0.06137474521614628,0.4233692386645375,-0.06253378025022527,30.67695783441536,0,0,0.9619459260518429,1.4902420928640754,0.016297030907812537,0.016297030907812537,0.032594061815625075
1.346350279720339,0.8731343108888739,-1.2055978577074304,-1.1050634091253746,0.46474820153762636,-0.3616313777246959,31.692296930682314,0,0,2.5161403511015297,3.244330503744825,0.671758625005732,0.671758625005732,1.343517250011464
-0.34934408624009156,0.5167519622788812,0.839006664722758,-0.3278978193112061,0.42418731595238446,-0.9901238720849764,55.521722814784454,0,0,0.6601337718208233,0.39502703266067374,-0.10322437369082174,-0.10322437369082174,-0.20644874738164348
0.4495812620335001,-0.8691492395951367,-0.366828383317983,0.662190434682348,0.24816414179412633,-1.8391942473991096,34.639170125829324,0,0,2.0171744085922443,2.8879434668729016,0.6062198819115687,0.6062198819115687,1.2124397638231375
0.5575454045217243,0.7627854836516811,0.5258798537337268,-0.28160277564431707,0.18226690877344326,-1.0398376271668865,74.82099087897956,1,0,1.614749972095297,0.8280521660835691,0.14598658772305945,0.14598658772305945,0.2919731754461189
-1.1168424484522885,-0.007781318752635424,0.41509579624191095,-1.1998401861058658,0.24099348561475198,-0.8376063970429887,10.541137611927578,1,0,-0.9016850938263758,0.8543329807569298,-0.4778466307864575,-0.4778466307864575,-0.955693261572915
-0.20242946439849327,-1.8561287709155585,-1.711546016510769,-0.10254900025250191,0.11118643657738896,0.3079026557639145,12.908263521708195,0,0,0.3617313897617669,1.1874418300417855,0.6147163087767674,0.6147163087767674,1.2294326175535348
1.2866875747266762,-0.31032835008193727,-0.6059613003990678,-0.929846164046727,0.46800767735274673,0.20991651737793637,43.30308301037908,0,0,2.466913358313892,3.525990299666971,0.5538898549181941,0.5538898549181941,1.1077797098363882
-0.0862613098945294,-0.197121462012437,-1.1635604611362624,0.507812794497067,0.3924132714684255,2.2733407287693503,11.29798069293835,0,1,2.292175787810994,4.221231425554917,0.7290572525365595,0.7290572525365595,1.458114505073119
-2.821084513484907,-2.340376500265444,0.8035913650689628,-0.01101594498886634,0.22934656299399442,0.14442944495897037,62.33996690260184,0,0,-1.2994199103293047,-0.15532081686974433,-0.6837198093075003,-0.6837198093075003,-1.3674396186150006
-1.1931793735052916,0.6630014804356447,-0.710309482305507,-1.2273715445446618,0.3371063153661642,-0.6558245031806482,56.51883966275766,0,0,1.8488035982860715,0.6804969137609486,-0.13965453218018867,-0.13965453218018867,-0.27930906436037733
-0.09245537851158737,-0.9632372420031361,-0.1071980499197113,0.39502837687934167,0.2005581890542342,1.3788710275861538,44.55772763165582,0,1,2.2338666256033166,2.008980470222805,0.5206672074643574,0.5206672074643574,1.0413344149287147
-0.6249202852944413,-1.1683888815534833,-0.8144137064563362,-0.395652678043107,0.3345493748962143,1.6827058648014708,24.85991550849919,0,1,1.1931781429319772,1.347424362194495,0.35268400351509976,0.35268400351509976,0.7053680070301995
0.22797147125575465,0.1025216276558928,-2.1169157970995847,-1.3425537746173095,0.46930012250557135,1.2524311416232294,27.77688687060899,0,1,3.2500288260004835,3.176121828831445,0.6752617784810672,0.6752617784810672,1.3505235569621343
1.8495459857176122,-0.6185782225818974,1.8933838510857235,-0.11064460203910967,0.24271763292246268,2.0617277986460354,95.98515183319499,0,1,1.18750866439903,1.5998760296034575,0.5231601684936416,0.5231601684936416,1.046320336987283
0.9443499577194913,-0.07789498683555895,-0.4702713761741311,0.7003472078182476,0.08887978369118175,0.5834279631758684,46.544017697957386,0,1,2.141619322074049,4.345246769472413,0.9726090402411673,0.9726090402411673,1.9452180804823347
-0.40353604258066156,0.09448598507929609,-1.0838342689537084,-0.7763477209233307,0.6487938318548393,2.5241595117395517,10.45848230145618,0,1,2.329689153824593,2.1759528499556073,0.3300003378358697,0.3300003378358697,0.6600006756717394
-1.6017649499673514,1.9920424517098583,1.0050292346598146,-0.9363266238533833,0.49082849961262054,1.0029517944168451,18.303983110229694,0,1,0.7607242148565369,0.8896157616545671,-0.4559382498166554,-0.4559382498166554,-0.9118764996333109
-2.236505110269416,0.6633425564806064,-0.32346856599262247,0.4167611045221671,0.8038614682361366,-0.21627533085489822,17.611820910781578,0,0,0.2155896405887888,0.6845088838204824,-0.3329680999197423,-0.3329680999197423,-0.6659361998394846
0.715527851304635,0.21146534600857955,1.0026967119884969,-1.606047401064971,0.39669043598549253,-2.169205286698033,74.99171592670055,1,0,0.637663914451047,0.47435346566696474,-0.2045397151003844,-0.2045397151003844,-0.4090794302007688
2.4352485588739614,-0.2924721459312494,1.7164118931552081,0.5863561796110905,0.3730369080689225,-0.9872029012609235,63.90167696394371,0,0,1.0472505058833241,2.7209146296950477,0.6602742343840184,0.6602742343840184,1.3205484687680369
-0.2999109852140243,1.317224074555203,0.7405702375034083,1.4020568374231615,0.6350318584572288,0.8039019853243528,55.262845705968594,0,1,1.7652471490249801,2.2141660009261854,0.3530620565957575,0.3530620565957575,0.706124113191515
-0.3441209605028639,1.4778226064977797,-0.5003014991800534,-1.275243844596413,0.28611478363766546,1.7232471703647083,22.25627269493638,1,1,2.2259761861211573,2.2332733663556055,0.07550102077841586,0.07550102077841586,0.15100204155683172
-0.6557076798967937,-1.1145280031827562,1.8558279995736715,-0.12534680197325537,0.4344504743565761,0.5186827629888159,27.964480995787476,0,1,0.42086547910357996,0.5296347178451932,-0.21871084847807418,-0.21871084847807418,-0.43742169695614835
-1.9940865592449035,-1.3939782458987138,-2.208544052304337,0.4573614656823071,0.6563352237963614,-0.2725012849710501,22.438332542822753,0,0,0.38526585949363035,1.1604243684027402,0.1923400650300697,0.1923400650300697,0.3846801300601394
-0.16696753123865982,0.4310940798990037,-0.5536044421931097,-0.025892087046746927,0.7453855206030897,-1.5946121977604062,60.045490850564235,1,0,1.6113003701852155,0.8948815307673583,0.09148896792250341,0.09148896792250341,0.18297793584500682
-1.7219528411212484,-0.7595384373931621,0.9738055948675558,1.3244964264179757,0.20685324798766905,-1.4832035441870106,38.909673943987166,0,0,-0.46955793923812805,1.2283773382615064,-0.16761944914661678,-0.16761944914661678,-0.33523889829323356
-0.15569514588747263,-0.9846346578673288,0.2294436836466144,-1.3582023161986525,0.45000412811356455,-1.2677209397875346,22.78297751566037,0,0,0.3107936280664779,0.8675040535826501,-0.10654965891376042,-0.10654965891376042,-0.21309931782752084
-0.7319117885353963,-0.48714549643300803,-0.48315868201329093,-1.096893244839648,0.16346560371770877,-0.10075511345409685,24.928102875598107,0,0,0.7008351994450057,0.5522317057518477,0.004687080289626305,0.004687080289626305,0.00937416057925261
0.18137501345637913,1.4698338810476386,-0.820280861409612,-1.251304475963907,0.2612696043414408,1.0863419158148178,37.21439184738676,0,1,2.281802479000001,3.4142038149780545,0.4433072825624518,0.4433072825624518,0.8866145651249036
0.31930643784337837,0.6866775903482794,0.5551773370644535,-0.7418268986625066,0.3742111598280428,-0.6004921752786285,82.5142898934129,0,0,0.27399118990995885,1.4946837219786293,0.0839272683239847,0.0839272683239847,0.1678545366479694
2.02841024277576,-1.3175457604847587,0.33331540126866555,0.13725404474143224,0.09077198737925445,-0.3662752235496616,42.269110646128794,0,0,0.960699605273422,2.3556784418520373,0.8375459307805433,0.8375459307805433,1.6750918615610866
-0.16704963878613108,0.02619261706649095,1.5536336072378034,-1.9216431895452637,0.4991962253278412,0.7096231394678134,48.9890108698199,0,1,0.051563175251515714,0.31365878261612806,-0.3542761606492627,-0.3542761606492627,-0.7085523212985254
0.14003066888702373,-1.640266016724125,0.3816338105343857,0.6271847034440712,0.34024253564189627,-0.9797421140581808,51.6250984590084,0,0,-0.7913514327236206,-0.16864210416342218,0.3264841870366795,0.3264841870366795,0.652968374073359
0.8313053218465574,-0.9449228732667897,-1.0948308514128222,0.7993955851196177,0.6370581937189668,0.22895475996400627,29.81458208938279,0,0,1.7643326237147585,2.755736354827717,0.8046255162568362,0.8046255162568362,1.6092510325136724
1.185789342903665,0.6128121238401082,-0.16215952139976186,0.8663125415009472,0.35830707168161274,1.3364426588505776,44.62076852077882,1,1,3.5,6.512724232068253,0.7976386709875573,0.7976386709875573,1.5952773419751145
0.21021325225057352,-0.1439402452150849,-0.2294689233245641,0.6301278446891091,0.3094651136359872,0.2955501736151206,127.40015304765016,0,0,2.4267678681074605,3.043108946749757,0.48849425853296746,0.48849425853296746,0.9769885170659349
-0.28811041900290735,0.09271219999160907,1.3332854978297346,-1.480467673194526,0.5686544738928955,0.045012362034216775,51.915211337302274,0,0,0.5814690054597085,-1.0839262350244416,-0.4369549817526653,-0.4369549817526653,-0.8739099635053306
-0.6473525150302303,1.0089254212444487,-1.4813216230951407,-0.3337157928171098,0.402126102023653,-0.5547377320070465,139.07802176768985,0,0,1.1246302236044903,2.9235713388895004,0.32805294567971,0.32805294567971,0.65610589135942
-0.07470339622425354,1.3633802999481506,0.08053335289715867,1.61580493558368,0.3053176069923511,-0.23630351891513549,63.57133506957979,1,0,1.9260332282704875,1.4117494953678789,0.37893437414673226,0.37893437414673226,0.7578687482934645
0.41574996526651187,-0.5818092716096523,-0.2737835142488478,-0.13572606297415077,0.38682974197106745,0.9142916530245904,70.49388084111749,0,1,1.5903129445254591,3.380095923985593,0.5593725340009665,0.5593725340009665,1.118745068001933
1.0986928728479208,0.8483345436993853,0.3810459857376471,0.0614227838274226,0.69958128971783,-0.18743617123377174,90.16740034188338,0,0,1.6830529668344567,3.1476032837223356,0.40696047909179234,0.40696047909179234,0.8139209581835847
-1.0062658507384228,0.0019077491027994626,-0.527533638957126,1.4564697400703253,0.4921270888657391,-0.03361872127552493,48.984883733364,0,0,-0.17696817186493163,1.4013729760685247,0.3183570142486905,0.3183570142486905,0.636714028497381
1.0865443423149534,1.1627706564152287,-0.4077217208606602,0.4928224879069482,0.2352361778924821,0.028817028181371284,36.62039016600791,1,0,1.5416389648803874,3.7823503632753654,0.6261825595665873,0.6261825595665873,1.2523651191331746
-0.4500334791524273,-0.6971355142952712,0.7791030575114245,0.5453921139451732,0.5039281772709977,-0.23422411874110774,90.5402679089638,1,0,0.8007959378331163,1.6651665312912618,-0.1201842288501013,-0.1201842288501013,-0.2403684577002026
0.3893713475370415,0.13963540808706493,0.7478468707834478,-1.313083276189007,0.19132849735712762,1.1853605495069095,60.45021379662461,0,1,0.46522968835733347,0.02187731142151783,0.16222383665828125,0.16222383665828125,0.3244476733165625
-1.07064403548303,-0.3133175310843668,0.5837974485280201,1.577944561434988,0.264520972686393,0.6974384811120755,32.34718242345767,0,1,0.6731356637174256,1.3840255794781036,0.2923292190021507,0.2923292190021507,0.5846584380043014
-2.1402872389561978,-1.3112813336537974,-1.4193424656411935,-0.3849234835858597,0.2934820919767704,0.5537777107141623,27.375659523862474,0,1,-0.2811665788086787,0.14625003548621507,0.07325298641344756,0.07325298641344756,0.14650597282689512
2.086769408092647,-1.6721843975140611,1.9527914504268238,-0.8916253676606954,0.4381059369922427,1.6606852638988938,19.922385564769083,1,1,0.39528824993970035,1.2728108458772467,0.24904332411497665,0.24904332411497665,0.4980866482299533
1.330987008953951,0.031537317174622936,-0.8776516846792816,0.1441126946935902,0.14144371300630806,-2.162102557646118,45.32559626208113,0,0,1.3280950076004918,2.2797332716432583,0.8977535270598807,0.8977535270598807,1.7955070541197613
-0.1312093637057494,-0.06989343095089635,-0.16960130334949272,1.0077992026400708,0.39675901818199494,0.7876637625524744,60.35808497428319,0,1,1.2856389590091881,1.0482835780532813,0.5867553570108125,0.5867553570108125,1.173510714021625
-0.6609801322163911,0.046269859241690366,0.1432736637980262,-1.1741426655383689,0.15643270768334097,-0.2956162806530514,41.22811968512601,0,0,0.8858387929362406,0.8399126680594298,-0.12548417269706347,-0.12548417269706347,-0.25096834539412693
-0.14712835919047382,1.7212925621981616,0.028751462581853685,0.4183459514247149,0.3209820809767149,1.4176419965888027,9.100825900091365,1,1,1.5368749010989387,1.746377683264285,0.31074530948069656,0.31074530948069656,0.6214906189613931
-0.28448783335281896,-1.262632012073982,1.4343356117101353,0.33453961625485606,0.20835358511461088,0.5933807896654026,31.335486111309145,0,1,0.2860318396238377,0.6356398296230665,0.11500184258334843,0.11500184258334843,0.23000368516669686
0.5763731660595788,1.1598794707873135,-0.9459883968586648,0.2718855270722178,0.13841024809829924,0.44548042830896384,55.922073566134216,0,1,2.488243678126131,3.83813098201423,0.8852228691349958,0.8852228691349958,1.7704457382699916
1.0716147400572253,0.023345676108283066,0.16672149911918,0.3764411425399584,0.3815949155886969,1.124003946703332,67.63469338735115,1,1,2.3691943047576443,2.348443304667157,0.5995500233257088,0.5995500233257088,1.1991000466514177
-0.4609575153917867,-0.5104597544432085,-0.1439199083390916,-0.7373138941001104,0.3525599479173517,0.08892947764836487,51.65747030545865,0,0,0.5758228978874229,0.653796957406417,0.025263387086715633,0.025263387086715633,0.050526774173431266
0.686257486081732,0.7566223201896761,0.8673115213733392,-0.14760179303192214,0.6170712241018669,-0.1556029033996259,50.79706057513871,1,0,0.9450668277613585,1.0989170730025604,0.02667814487055628,0.02667814487055628,0.05335628974111256
1.5533356353298813,-2.0300853593930293,-1.2183050571346183,-0.8634960022798084,0.5614090002258069,0.1292049675279966,25.209517825508435,0,0,0.9174626470900575,1.2617738554443452,0.7527936499974237,0.7527936499974237,1.5055872999948474
1.2451694597512086,1.1472632474595537,-0.5891706736553177,-0.28730433598669664,0.03945450434795117,0.4082663790686028,10.970835491547705,0,1,1.8901473024954605,4.354858826245846,0.9170811354133948,0.9170811354133948,1.8341622708267895
0.24019012812571547,-0.8884266110379336,-0.41662300054475865,0.057717292515647944,0.539038658253713,-2.2869226574769206,39.64968565452967,1,0,0.2862110570766729,0.3714927993880147,0.23993013066697266,0.23993013066697266,0.4798602613339453
-0.09859334637799357,2.0851947975607232,-0.22249775934781457,-1.9955590688919806,0.33406735833239587,2.106505927896527,61.48178382271692,0,1,1.9442846358125236,1.8273532428577173,0.08196657167034954,0.08196657167034954,0.16393314334069908
-1.57674703790622,0.9278904661611305,0.40766850711291297,0.16449650430214743,0.1535271509740351,0.20251432426483354,29.82539316882001,0,0,1.530862441984426,2.156040631291318,-0.19841338763796437,-0.19841338763796437,-0.39682677527592874
-0.45437252955272006,-0.7727680970857994,1.6761374829147242,0.22626064176074917,0.31478484046102556,-0.47865781309359,45.99402643061258,0,0,0.9320926299584872,0.5636864625492954,-0.19079600070971223,-0.19079600070971223,-0.38159200141942445
-0.43941298548555,0.9109974655673096,1.4050555487657117,1.382281794576659,0.5020974957983877,-0.44567033459050737,19.843452923699544,0,0,0.45983931296561187,0.7009119144718793,0.03615946736777505,0.03615946736777505,0.0723189347355501
1.4457966003709875,0.46688849317007874,2.1158417967301584,-0.8159330125900169,0.6345260185900885,1.9132477843870515,51.05871655868441,0,1,0.7509956053692454,0.8762057032574819,0.14018366609541744,0.14018366609541744,0.2803673321908349
-1.2140696660240298,1.6155650058502213,0.652501320501484,1.086121863631566,0.306949712379131,0.8204771782337561,20.052247945193468,0,1,1.9638082754924313,1.0592515693564917,0.13834420748563558,0.13834420748563558,0.27668841497127117
1.1652275537199328,-1.6443600295364487,-0.36621395252254113,-1.3189609259542512,0.7636316720597313,-0.08177589718885583,18.36317093062157,0,0,0.19190870791911419,0.32226936631908076,0.3261462166304395,0.3261462166304395,0.652292433260879
-0.40049953645304487,0.4441264258990905,-0.683809550292819,-1.2287037065436779,0.32920673251895644,-0.7551653325075491,41.633968730848785,0,0,1.5543233624283601,1.2729690570646748,0.07812194787515608,0.07812194787515608,0.15624389575031217
-0.8807864858238146,-0.8850218627542402,-0.47658794610974675,0.48897702595804826,0.4522129431719705,1.093724141431444,88.33070972252507,1,1,-0.11766104415216427,0.6104091491776262,0.19771389042465193,0.19771389042465193,0.39542778084930386
0.4114476448626562,-0.04439740351220456,1.557385735398253,-1.3884216166208696,0.17798590353278027,-1.1392987594464616,22.193914500950132,1,0,0.7659518716982594,-0.37308581818469766,-0.32005202906569563,-0.32005202906569563,-0.6401040581313913
1.4768003749881342,0.2892523552540502,-0.9456884965442448,-1.1259530750642905,0.26197207433133646,-1.2834006787808259,8.525604906283693,0,0,1.961448043609915,3.5066807941855234,0.6960107228853184,0.6960107228853184,1.3920214457706368
-0.7874472725648908,0.09027862518608633,0.4355794689657916,1.4501695475195548,0.1771086402456214,-0.6374230271310997,33.95954667372986,0,0,0.9941137367804218,0.6543346965159084,0.24221172540392716,0.24221172540392716,0.4844234508078543
0.6437947081301127,0.6044355262394372,-0.7050194710206388,-1.1470490346930526,0.27503708214684347,-2.324857969897223,41.383506874230534,0,0,0.17722248346338265,2.2207187422659023,0.40288907594098017,0.40288907594098017,0.8057781518819603
-0.4361402772196072,0.1927292400107628,-1.0385710241248987,-1.6990489870756136,0.3074801870578582,-0.5500110686701437,18.34962287739129,0,0,0.16981544057768827,0.6543631648398214,0.06674228511849133,0.06674228511849133,0.13348457023698265
-0.576416580042197,-0.47756301032872644,1.5975348512483738,0.9714339663654897,0.35909963684777546,-0.25371006777533706,19.042437021845302,0,0,-0.097903112059194,1.072472989938243,-0.08418010858413533,-0.08418010858413533,-0.16836021716827065
-1.9241377049447304,0.32075290723309263,1.0402643825872113,-2.942450561274626,0.3632131712940889,1.1885206002064,33.46694625412054,1,1,-0.4153697165949326,0.6557391307863337,-1.024428983693725,-1.024428983693725,-2.04885796738745
-0.21498526143183494,0.5286485659827188,0.4417259318835323,-0.9276574799834048,0.17735787023895475,-1.6302173083063578,33.12119747577502,0,0,1.0021967051435392,1.0134814113630684,-0.026919813469652866,-0.026919813469652866,-0.05383962693930573
1.1119909952880502,0.49516551768627426,-0.20450905916717813,0.08054017331284535,0.304396330014162,1.3709462685028602,77.91282898406415,0,1,0.8767657347568998,2.744896429863148,0.7977915836903466,0.7977915836903466,1.5955831673806933
0.35813662568458127,1.4585701699683113,0.732940692965552,0.7049048932413529,0.24833270733848806,-2.019320219839194,32.66653783729716,0,0,0.4211720367402204,1.8352179370913309,0.34631433376146775,0.34631433376146775,0.6926286675229355
0.3271759649825847,0.03167531849073865,-0.6759167261146632,0.05348347369415111,0.38114188242666386,-2.8241243420440356,50.57372039873345,0,0,-0.04378719326899161,2.0617049392508346,0.4984639234228976,0.4984639234228976,0.9969278468457952
0.6085262919589807,0.14048767465074471,0.6838587105818276,0.2875772969721596,0.09325212790354417,-1.0059686799660807,38.97714167229368,0,0,1.2625850542999177,2.646941831066085,0.38932184817865073,0.38932184817865073,0.7786436963573015
0.8114537141812118,1.0241515832225943,1.183604294493415,-1.4717489486898083,0.26311749098843795,0.3043175080947941,109.27388302737026,0,0,1.1572708044450601,2.3982767786976007,-0.021248913419202514,-0.021248913419202514,-0.04249782683840503
-0.1357983061358235,0.6019931816251818,0.4632786204358275,-0.8311274989108013,0.47209168810266305,-0.5532036235627963,38.361380800374185,0,0,1.5093187188813557,0.7118405749663337,-0.06284977716249597,-0.06284977716249597,-0.12569955432499194
0.07664083479393456,0.6069220132979002,-0.1361440257369409,-1.891740070272279,0.4838447154548772,-0.8037470815161666,65.60424338174252,0,0,1.647985979654127,-0.3081130981296414,-0.06522482495375205,-0.06522482495375205,-0.1304496499075041
-1.1449024764332698,1.5388151028970072,-0.2728643927130434,-0.044861446763133375,0.38910158616541707,-0.89615778422983,37.368830708828035,1,0,1.2698667322957262,0.6102541525164915,-0.16200196810151007,-0.16200196810151007,-0.32400393620302015
2.891765167158003,-0.6676915358030138,0.5897469031009754,0.035486789465390266,0.4091644344637638,-0.07913380706069995,14.360736875418281,0,0,0.9550776034936824,2.6846891307465346,0.928138085954493,0.928138085954493,1.856276171908986
-1.064762859496257,0.16116614882443037,1.778024451872387,-1.3911035007651036,0.4981834529380461,1.2802340309857732,37.87038876657114,1,1,-0.959423804048231,-1.7526849037528325,-0.6992616389137268,-0.6992616389137268,-1.3985232778274537
2.270254562737752,1.0847669888711136,1.282511961004584,-0.5942849162737437,0.18623067353098788,-0.12643770159174253,58.52001026783676,0,0,2.269558321841647,3.3896559065635015,0.5418519995688511,0.5418519995688511,1.0837039991377022
-0.4178613322244632,-0.23468227673055586,1.6029193801672041,-0.6989181452619688,0.34031410565158976,-0.6034635153581973,50.671536081315494,1,0,0.5805102621506635,0.45524436498245435,-0.47712408816317053,-0.47712408816317053,-0.9542481763263411
0.5052960599221491,0.11272129505234757,1.467635392105417,-0.37772755460881813,0.20573116768541144,0.7367377233641654,55.492332657159544,0,1,1.2073834736608076,0.9772583605242348,0.20123667044092403,0.20123667044092403,0.40247334088184805
-0.32418483930207337,-1.2529873118475892,-0.6564300591380969,0.6561851453380984,0.25433890815776083,-0.6120301854452512,10.64658768707224,0,0,0.4550576589685128,1.626083795390133,0.45071484620879587,0.45071484620879587,0.9014296924175917
0.22993426363874386,0.0013824620949080017,-0.2671383177035521,-0.6856602578640969,0.20972056273014014,-0.16190683042296503,9.357248882000379,1,0,1.4513100181590062,2.4496917239030296,0.1494002422428587,0.1494002422428587,0.2988004844857174
0.24244378971247035,-1.7373058658186509,0.1795282489339918,-0.8322023642249666,0.44680295335556863,-0.6289552539557546,65.43094862242584,0,0,-0.4383195006266398,0.0893255748395142,0.11135891198818304,0.11135891198818304,0.22271782397636608
-0.39630603370218553,0.9535356044725672,1.681115287338967,-0.01872855253119429,0.4205774901099654,-1.1825024291596662,33.7021874832673,0,0,1.6458485335537671,0.5673047384825282,-0.24512078973319135,-0.24512078973319135,-0.4902415794663827
0.45338021236937565,-0.7000654205118185,0.33212798805090726,-0.7369234622186053,0.25103577191421106,-0.4492491545552692,20.20369861630937,0,0,2.0569074545054753,0.27766454027847653,0.20098349363346604,0.20098349363346604,0.4019669872669321
-0.0894937094887429,-0.7726004347344498,-0.8750658022602075,0.6185916281665103,0.19865272310141954,0.410615095900916,5.7729853908600095,0,1,0.8049205885430379,0.7032604097241923,0.7311260773660289,0.7311260773660289,1.4622521547320577
-2.325246584650628,0.35633730633940425,1.3108402291257288,0.12393627526413105,0.3562521163242454,1.3704821873343798,45.92217852846162,1,1,0.5569472998364247,-0.6955254129252879,-0.6426458724801115,-0.6426458724801115,-1.285291744960223
-1.3626263883462333,-0.38738396559132227,-0.41042525258761775,0.6451456863815253,0.24350295859296653,-0.9028863710308639,105.71080046050851,0,0,1.068070932913951,0.24986952910216087,0.10644368031869314,0.10644368031869314,0.21288736063738628
-0.29732865319616475,-0.5909760044808099,-0.9480833256290004,-1.0121680321272088,0.2892782959235967,0.1827253818398022,12.694529951200186,0,0,0.9469926704895882,0.6550399107349392,0.21370927193889322,0.21370927193889322,0.42741854387778644
-0.17343566278279646,0.5681723632135809,0.858942795457952,0.9372073519796678,0.5540720589317656,-0.015505179609511975,27.643157639374994,0,0,0.8009592441178908,0.7775437664728915,0.13819062863278403,0.13819062863278403,0.27638125726556806
-1.6200356073344542,-1.1123701164981579,1.5664570072554125,0.43410989220676627,0.36501922183651436,2.102747821130292,16.038146365137493,0,1,0.5132512449625592,0.10112446655913743,-0.3076953442933835,-0.3076953442933835,-0.615390688586767
0.6343561041129875,0.2227955168087304,0.21317381066454585,0.33367709364572956,0.2517905312872756,-1.00689692245681,14.078912985504322,0,0,0.23573850425755183,1.3784758225636038,0.47035362015272164,0.47035362015272164,0.9407072403054433
0.5571727009510692,-0.8052586586563252,-0.8310531932790536,0.07845732293660918,0.48370666179383287,0.5345790610740577,25.564890387370404,1,1,0.8637302520638603,2.4969718226958975,0.596872778085761,0.596872778085761,1.193745556171522
-0.6653559225795695,-0.031059095657495917,1.897745186493012,0.10156997241898046,0.5417682564896877,2.0284222069295135,26.129400698392928,0,1,0.04689329219479743,0.9033255259299114,-0.21554538587285063,-0.21554538587285063,-0.43109077174570126
-0.6930075791157757,2.3256308174760494,0.2543644167526966,-0.6713673899098541,0.3302556868756164,-1.5926617056539518,49.137858826345244,0,0,1.3439518778207704,1.6748250176774386,-0.11010978887193214,-0.11010978887193214,-0.22021957774386428
-1.1406009314916423,0.632055070471346,-0.13684035280068818,0.8586688266674356,0.23414802160640347,0.7268448056780837,52.75386814121676,0,1,1.0099189063338885,2.1276174796714757,0.3091014804130931,0.3091014804130931,0.6182029608261862
-0.10907938409574539,0.5285097318527426,-0.5808294383430067,-0.8865088112916519,0.778369915222588,0.5453969135985381,74.96135971681163,0,1,1.1572841608622573,2.354891641811756,0.25085988320273434,0.25085988320273434,0.5017197664054687
-0.8230812268763162,0.8043232170895539,0.842328626802615,0.4864210907684489,0.31353335691155226,1.6695055316830565,29.359924653904926,1,1,-0.6157645078281069,0.3486132158087445,-0.0434672507423956,-0.0434672507423956,-0.0869345014847912
1.8887677086348682,-0.21625445547640992,1.2513593565034473,2.0266461767407398,0.3934318708890714,1.5832716286453088,20.51658617539022,0,1,1.905918953363899,2.977606837647592,1.0239285627869605,1.0239285627869605,2.047857125573921
-0.5446830676679195,0.15233407273553132,0.6124212993011777,-1.4171746038617776,0.4866331227165908,0.6116468763225569,47.66539153378461,0,1,0.4508390282733944,0.9257522283910895,-0.15912732294037832,-0.15912732294037832,-0.31825464588075664
-0.22436939074724058,-0.706593716028562,0.7118312065091258,-0.9721671271123902,0.20443785906193912,0.5939570723264803,99.70241762662484,1,1,-0.4487763169313218,0.7363267855710312,-0.08348146389633063,-0.08348146389633063,-0.16696292779266125
-0.6979830475987354,0.3731251540829887,1.0341777666083085,-2.211877651183951,0.6247723167487096,-1.5357794669410796,53.06302366097747,0,0,0.9351179780613155,-0.42472769629148116,-0.6310376952142752,-0.6310376952142752,-1.2620753904285504
-0.0536183017351421,-1.1525622932214683,-0.008819304703641688,-0.24673351936718943,0.05809309764840379,0.29742325150039606,49.95430474984072,0,0,0.8907136003852414,1.0697154164233071,0.2685727456272504,0.2685727456272504,0.5371454912545008
-0.1886331032624729,1.8236460056034167,1.865155044809424,-0.3889972047499041,0.7091892400820381,0.04315125489455463,20.866410171800815,0,0,2.535610042308836,-1.875865663870048,-0.36337629324623755,-0.36337629324623755,-0.7267525864924751
1.1123177250882623,-0.3803639135939394,-0.14290842249998675,-0.7098479556302902,0.5488245913644174,-0.044363715340043415,52.264628528149395,0,0,1.382399877687355,1.8321518980694607,0.42339828203379826,0.42339828203379826,0.8467965640675965
-0.07530658074290418,-0.40471305199737834,-0.7475025508396526,0.9366666171566498,0.3965219352958111,1.0890109145978308,20.636196135169172,0,1,2.0825870253136283,3.5724832580198953,0.7167994451939127,0.7167994451939127,1.4335988903878254
-0.7711916133851209,0.5773757854103128,0.5357168770348627,1.3618678691473594,0.2703983242905091,-0.12059992958669528,12.236314038213594,1,0,1.5291096076326829,1.2602331636848094,0.046449253921298866,0.046449253921298866,0.09289850784259773
0.45749094767322196,-1.928162907871378,-0.36240914524193896,1.210714052565128,0.3153687907084814,1.387473511724705,14.903959548681817,0,1,0.8543342282832346,2.56069914329104,0.8500674969934163,0.8500674969934163,1.7001349939868327
-0.5458163833600314,0.32573615234493297,1.2678037956945827,1.5586557167506228,0.49018748748545654,1.4060618504962274,16.730908960799983,1,1,0.5116435546193289,0.29763526058500256,0.09116760962498555,0.09116760962498555,0.1823352192499711
0.016651938108378086,-0.5036612110182779,0.3763606953762368,-1.2353733976490862,0.6097116862656388,0.41916752739976565,36.72523916073646,0,1,0.26464299542006975,1.014566399026352,0.053165173406985025,0.053165173406985025,0.10633034681397005
-1.3552371056636034,-0.3261310043490573,-1.2857596654637065,-1.1512242274256186,0.24231495281309848,-1.1021719465127,25.460786494035,0,0,0.3221492289818321,0.19281613076160464,-0.021975212795548524,-0.021975212795548524,-0.04395042559109705
-1.090938561867551,-0.09515545981761883,0.2830256841429829,-0.47382772561489883,0.367835720844158,-0.5476847927257413,43.21765411687356,0,0,-0.33224914898320157,0.5222200620157408,-0.2012980114476502,-0.2012980114476502,-0.4025960228953004
-0.009351692271341114,0.824646873700653,1.0507880794551763,-0.6910983143706593,0.41649568340326304,-1.5102898788015542,61.960007898450854,1,0,0.7177185850622312,1.2683383031532791,-0.2581485119196161,-0.2581485119196161,-0.5162970238392321
0.9975620018939664,1.940294777512439,-0.399879842426315,0.8203940048641382,0.30216872559341146,-0.5073471705361609,36.18711956839464,0,0,3.3503256558977688,3.966895252286702,0.782441352597226,0.782441352597226,1.564882705194452
3.3520987638333115,-0.8413587487942251,-0.6138547171068833,-0.31078676583781784,0.35952268610830057,-1.3319025680317687,26.58872150309597,1,0,0.08761515671398201,2.308944770161997,1.1314086291200423,1.1314086291200423,2.2628172582400845
0.9710172579364748,-0.5207047745472485,0.3073180241896442,0.2172626350731922,0.6965341216058155,1.0250169388563943,44.06272887845065,0,1,1.5203257914563395,2.1696651364015107,0.5762139520282702,0.5762139520282702,1.1524279040565404
-1.3003468534009612,0.4345067548693907,-1.5927661587478725,-1.4981528911639816,0.2900217138040846,-0.4139236135767026,11.600066990928182,1,0,0.7795428881634128,0.27872582104010296,-0.15296129575023426,-0.15296129575023426,-0.3059225915004685
-1.3675213095824823,0.35154049253310593,1.1780548250876774,-1.0066457774931474,0.47425709200019606,-0.4524242603923118,21.601436615532293,0,0,-0.08515802354386634,0.25501077465493194,-0.5970959702311976,-0.5970959702311976,-1.1941919404623953
0.3396930265041517,-0.7442263908798536,-1.740186869329316,-0.17952926331087513,0.4653839182868537,0.00043640495081577246,54.11951681222338,1,0,2.3154167194586424,2.5330797398930875,0.5339477508888096,0.5339477508888096,1.0678955017776193
0.6366519423086742,-1.1856959182778786,-0.7347756920318638,-0.3448200140297258,0.09827066950385756,-0.3722616879522795,13.614061253471597,0,0,1.410510000655934,1.373101659440405,0.5942606328871624,0.5942606328871624,1.1885212657743247
0.9698624795216046,-0.577413606084172,0.28941685092385433,1.710533871800002,0.29184933859360596,-0.4569798706170281,72.93135865733764,1,0,2.6246869149131213,3.4491590769633715,0.6457420427243363,0.6457420427243363,1.2914840854486727
0.4015098848074504,-1.4375157608543452,-0.8017183112676353,-0.2665661900629301,0.5134755939597142,0.08259049081766077,9.889784432917764,0,0,0.6014645626601776,0.5893661911692858,0.45758473946330713,0.45758473946330713,0.9151694789266143
0.3269401538992535,0.4189150645733469,0.6733523955164344,1.093918276848953,0.4376221888794293,0.24473574957975297,44.28598143792784,0,0,1.3423931229862964,2.97328870333658,0.37528168057992395,0.37528168057992395,0.7505633611598479
0.3882451009429597,-0.2544285705904163,0.2894573559381691,0.20929429328793014,0.4781549555494497,-0.33353912384574486,24.164363407613674,0,0,2.205321984718449,2.5951664310653513,0.30794379341759104,0.30794379341759104,0.6158875868351821
-0.425813413553521,0.7586847029776455,-0.9089668468484904,-0.9483174664371065,0.5977255345562237,1.4465587006653762,21.211163579393503,0,1,1.9812114397949896,2.865662808370561,0.2665936782595092,0.2665936782595092,0.5331873565190184
-0.8209075756624229,-1.08980066146551,-1.173865178033058,-0.7764517804597495,0.13090671456581465,-0.7772306645936036,94.06712529492597,0,0,0.3722047250895536,-0.7846450648522473,0.1972172860032439,0.1972172860032439,0.3944345720064878
-0.3773573066042154,-0.849866232124036,-1.2550865436838021,-1.0041843232548877,0.4561246962305803,-1.1542604971822465,24.36066077210095,0,0,0.7011305112230677,1.262451189547754,0.22023588848003717,0.22023588848003717,0.44047177696007433
-0.9463469040180362,0.07394617713274072,0.2780972372472328,0.21668695610057967,0.23137804049853614,1.6419218100131652,14.403216070277768,0,1,0.8279325757397286,0.8333171308000201,0.15731439705901432,0.15731439705901432,0.31462879411802863
0.21174358939817733,-0.15735045384282126,-0.9588601687672001,0.25791019273359267,0.22699112856383388,-0.30473292900228033,65.86340454205586,0,0,1.735598316687787,3.139622657392456,0.6021834059970004,0.6021834059970004,1.2043668119940008
-0.4892325732685324,0.44011525669393,-0.6985699901717379,-0.3537370406113938,0.18698543403516496,-2.134119782867552,205.33826223215934,0,0,-0.6839710624844866,1.175571357560327,0.24815110584410283,0.24815110584410283,0.49630221168820565
-0.35178713353428664,-0.23082859195683675,-0.2937510071388945,-0.4699566085029961,0.44245086353933644,0.36277041531776455,13.62498701804877,1,1,1.7922774045271395,1.9507533152220258,0.13534442740097652,0.13534442740097652,0.27068885480195304
-0.8279109339892675,-1.5369461776475037,0.1538276269190712,-0.01827301045028306,0.5743695907420954,-0.0076964405649440045,29.016576584499404,0,0,-0.22986074606766085,-0.28673035403433095,-0.0667949830983444,-0.0667949830983444,-0.1335899661966888
1.6698139508403322,0.9618521848146377,0.46688519696243996,1.0383478178927952,0.5087766272995444,-0.7885603926836536,67.84737297622156,0,0,2.0606979916112587,5.4640896910778425,0.7696293795723688,0.7696293795723688,1.5392587591447375
-0.22018874203463235,-0.3687373082191011,-0.36217514787359434,0.6248349106371376,0.28015873079477194,-0.1507769226895373,60.38424029858227,0,0,0.6569456040795785,2.1927612604859776,0.40325787328643325,0.40325787328643325,0.8065157465728665
1.102847894812181,0.4339244777240294,0.48059747615722376,-0.6134644221024969,0.1850555010278103,0.31841186722169473,60.43954764446244,0,0,1.5435979685593946,3.0546867721223685,0.38822904956769755,0.38822904956769755,0.7764580991353951
0.18786302470418073,-0.9920847459543273,-0.30717710904618706,0.21525153661476892,0.6639350213019872,-0.9888192976379563,80.43496572460009,1,0,0.7416640684663942,1.6778140119702178,0.19958148238551326,0.19958148238551326,0.39916296477102653
1.0660851830388736,-1.2322637895990458,-1.7928626238485301,0.510753380178574,0.6970898206345191,-0.7171694580708792,54.26921811315222,0,0,0.9616854782618763,3.22551985533622,0.9575676799774201,0.9575676799774201,1.9151353599548402
0.31615856553702665,-0.40149212349353613,-2.0200514101767766,-0.9013231807048881,0.6361846055512255,-0.5920600633775395,54.495388389633014,0,0,1.017599016152526,1.593716916971692,0.5580132307300842,0.5580132307300842,1.1160264614601685
-0.4948417590324739,-0.17375561410781779,-0.22242051114650702,1.1470426766178325,0.3035124781525077,-0.30249238487679303,55.22962898644696,1,0,0.45374111085206636,1.3522220335783794,0.24400150695774692,0.24400150695774692,0.48800301391549383
-0.4942381188742212,0.3568994337371845,0.7863654791940423,-0.4658310099161742,0.4207120940274043,-0.7633186252754056,17.06801194652857,0,0,0.18528244067205868,0.38977134426977833,-0.1562075630589596,-0.1562075630589596,-0.3124151261179192
0.2646944711918421,-0.879187358664837,-1.3171467121793479,-0.7287753833164826,0.05997642267017112,-1.527898433888261,24.469514999866867,0,0,2.991464987705588,3.2336807818823603,0.5583128181753644,0.5583128181753644,1.1166256363507288
-1.1629246974503176,-0.6257379127393876,-1.6092879854178705,0.21102952384649168,0.4913949573954265,-0.8238085922335651,28.134300814510578,1,0,0.9106250144949322,-0.038533461092502885,0.14847496602330873,0.14847496602330873,0.29694993204661746
0.4563221672369587,0.8219785732008433,-0.5354484923477537,1.3415550869543793,0.20418808600011476,0.31341667500589465,35.508092251278086,1,0,0.5138646849441886,3.4421936321063034,0.6380436501546148,0.6380436501546148,1.2760873003092297
-0.35192362799434074,-0.4869778820383603,1.338505489990925,1.7502333406294688,0.27490400511131047,-0.8435083510452068,18.650523746679855,0,0,0.4999772719615561,1.3617131316080386,0.19605521645017096,0.19605521645017096,0.3921104329003419
-0.631315832916693,1.1004713118512237,-0.6192218567640738,0.6050844098603736,0.5270199714053444,0.17869915484173626,35.5671346049393,0,0,1.7693793842638914,1.3169562355311224,0.2818907759090068,0.2818907759090068,0.5637815518180136
-0.9446720998707581,1.0213109849343964,-2.685285791114903,-1.035421235945735,0.06829395401109283,0.35410582510447774,41.729143611671695,1,1,1.886740449280242,2.14128435858755,0.4834883146485718,0.4834883146485718,0.9669766292971436
1.30639188459323,0.0878125125528713,-2.401750146643442,0.4529792044865765,0.46223077425678116,-0.9008741399817616,22.137305993388974,0,0,1.6536903691989613,5.34396019190583,1.204775630933618,1.204775630933618,2.409551261867236
1.5883233457846968,0.912734267916898,1.4586269069781606,-0.026530594753996127,0.23969025291193893,0.6600198390698221,23.219712592158054,1,1,1.385605213968868,1.957044856678778,0.42153144952993526,0.42153144952993526,0.8430628990598705
-1.2850432592650305,0.4296667580904487,-1.8828163638855908,0.08500456099199592,0.33448718217389023,-2.045744390016556,59.64752823361381,0,0,0.4866005312163992,1.745568979851547,0.32943138471744704,0.32943138471744704,0.6588627694348941
-1.25519675320788,1.00741099286787,-0.43919430220325073,-0.5041313579226145,0.3493830097687792,-1.7070183096263505,28.66100431217236,0,0,0.7674449915591899,1.052709483440073,-0.08942791118406884,-0.08942791118406884,-0.17885582236813768
0.17457227019720595,-0.531382957300205,0.08606927052319698,-0.48576407867393395,0.5911455516742607,1.0798525013524627,44.6936028988859,0,1,1.8816359798496616,2.102652768391886,0.3006325295769836,0.3006325295769836,0.6012650591539672
-0.30591847204548017,0.3365811606121269,1.5124673883268942,0.5468341425936586,0.5878314421807675,1.38949498995553,54.33444646508879,0,1,0.7774407743615498,0.7849524284697316,0.03895060193882316,0.03895060193882316,0.07790120387764632
-0.3718011222905415,0.6605900334252726,-0.8944719292374569,-0.5842192683619728,0.14743509818787068,-0.21948484417517078,40.222937367749324,0,0,1.3245534638842569,0.6705297462977253,0.29213561832064483,0.29213561832064483,0.5842712366412897
0.824710048063131,1.0744641449276937,-0.5167603595507261,-0.336718148776541,0.3695254801625754,0.09219940223890695,69.98720975844634,1,0,0.7956379345056217,2.3314501942436037,0.39531071054004097,0.39531071054004097,0.7906214210800819
1.4519270723321076,-0.8860880570156707,-1.5801120593545908,-1.0394784635247365,0.35823107124190984,-1.2963738751311071,119.49116924404032,0,0,1.3073537283747125,2.4487249580413852,0.8210826527784892,0.8210826527784892,1.6421653055569785
-0.4630447903755702,-1.490254608482429,0.6262136991643625,0.5193557184103694,0.2456382116019416,-0.050971083848295476,47.13058971023818,0,0,1.2648346889688329,0.8840435664145948,0.10711130340808109,0.10711130340808109,0.21422260681616218
-1.036407923601468,-1.6514062797632265,-1.0850489462997592,-0.403076826642482,0.0951571250227949,-2.314811215047348,106.66841353393544,0,0,-0.6974321463343376,0.9836958435938339,0.19312501077641842,0.19312501077641842,0.38625002155283683
1.3041952492789928,0.9603024001333508,-0.3341503272877166,0.4350417093996396,0.49519141939921457,0.7665991959346696,30.820315426635734,1,1,3.4006989460857815,5.23311540360155,0.7581493088375393,0.7581493088375393,1.5162986176750786
-1.5730620174458223,-0.9492070212091543,1.9221391106896064,0.4585093069721378,0.28157755054785205,-0.949442248464008,128.69819979733367,0,0,-1.438543669619492,2.1803984168110317,-0.5083749061130434,-0.5083749061130434,-1.0167498122260867
-1.49226606208487,-0.12089147460608198,1.0326125616074373,0.26236805987606093,0.25691767811333016,0.09120829706468113,45.844803814465166,1,0,1.0739194121842612,-0.5396886445682815,-0.45944325290690813,-0.45944325290690813,-0.9188865058138163
-0.17882383912338895,0.5520513594305868,0.5814005354460158,-0.5860877925973161,0.3091246009360331,-2.193602171304195,8.650100735871343,0,0,0.6384850406845552,0.19968554332355848,-0.01766449964483721,-0.01766449964483721,-0.03532899928967442
1.6259443294069862,-0.5211934070429096,2.031635319266389,-0.8213148994949224,0.13388419555695238,-0.31416670280327647,34.88664006977106,0,0,1.051890477600374,1.5263054724690241,0.16833575315259608,0.16833575315259608,0.33667150630519216
-1.2500779478788255,-0.11890347632352667,-0.5549518149731627,-1.567657975602522,0.7264645956412984,1.1053542583278302,28.77477505860032,0,1,0.6893852344019405,-1.3261744037583694,-0.18446236467434093,-0.18446236467434093,-0.36892472934868187
-0.08017940587714978,-0.06540955000027512,1.1895462271448147,-1.5693893894027278,0.4766445935133108,-0.2712251395844301,36.07047422054585,0,0,-0.2820780859614332,1.1904049437590543,-0.3410351961531467,-0.3410351961531467,-0.6820703923062934
-0.20625426310263487,1.696065515575048,0.6156618484650991,0.5430628587216533,0.5383607445390647,0.1763234778269031,20.18484716640708,0,0,2.1100418983394515,2.3484789461034468,0.11534793554946254,0.11534793554946254,0.2306958710989251
0.5309550141393418,-0.037562203968503224,-0.8553317347490014,-1.0445206084660164,0.06418722907787429,-2.3972099999479366,44.05154970992092,0,0,-0.040091371102402906,1.5468147378699322,0.47342174110122326,0.47342174110122326,0.9468434822024465
-1.4641007319948842,0.3496169391283892,-0.011657666681402008,0.7461186668664644,0.4522754875129026,-1.0619376205700046,68.20956585519247,0,0,0.6223382817961892,0.5907190728175351,-0.041628275255792144,-0.041628275255792144,-0.08325655051158429
-1.636896998571268,0.46782281864356307,0.3585205503234552,0.8059947503418506,0.31082541737788083,0.3468460827962774,58.314385928882054,1,0,0.1646676792924796,0.8164756911137444,-0.2667247257802735,-0.2667247257802735,-0.533449451560547
0.26233126811211055,-0.3760283984480268,-0.002393643569566902,-0.09055881128303223,0.34007516122775056,-0.44914511957289116,69.49430354683994,1,0,1.602004011269938,2.1170002452914596,0.1760607319310898,0.1760607319310898,0.3521214638621796
1.3356895704276646,0.3758160498557508,-0.5431726228371477,-0.8091954086324814,0.4565692073300978,2.102416085360795,17.19249396903094,0,1,2.3150894763452015,3.65766799840921,0.7382592734308486,0.7382592734308486,1.4765185468616973
0.4287352522761648,0.6653925703827475,1.1318055091164367,0.8894171482303782,0.2854225973700677,-0.9970444924846139,23.616070956157966,1,0,1.048916785789309,1.5827784925976478,0.1626423219443619,0.1626423219443619,0.3252846438887238
0.9492816488337481,-0.4611293309657003,-0.02926454175019433,-1.1936514227520483,0.7112040163996285,0.3109391219783242,54.92949890757602,1,0,1.6019153040928806,1.2458800147405251,0.08669084082721279,0.08669084082721279,0.17338168165442558
1.4187820652610794,1.0963031215477566,0.07048324319873302,3.2817796029119704,0.18345275116261614,0.15236746674500373,48.30680313801649,0,0,2.0553611814484385,5.528355440373511,1.2684443330145079,1.2684443330145079,2.5368886660290157
1.1405567653067388,-0.2347358824926841,-0.8160169298094572,-0.1694892904618105,0.6450109866816138,1.2550497838606618,15.298983824882601,0,1,1.38453347979513,4.074745847323058,0.8135689097572544,0.8135689097572544,1.6271378195145088
0.36745992253543874,-0.23171305136891276,1.6139862233846596,2.1317919866626114,0.45188593517378484,-0.24975028454271736,37.35499562496541,1,0,0.39632582094827595,1.9296016998573542,0.22308174232285938,0.22308174232285938,0.44616348464571876
1.049333766203392,-0.5408955470039621,-1.4467824523136021,0.2909967776880757,0.7819073911485738,-1.3097003765617554,10.099676847367693,0,0,1.3852514978633803,3.4322713008383277,0.8168272401541381,0.8168272401541381,1.6336544803082762
-0.5861049596471182,0.24995700860924083,1.3735091302435973,0.581757003271288,0.5214954290137188,0.05338368201271069,51.97154092406828,0,0,0.5116799429298311,0.7915847000748752,-0.14672403972924514,-0.14672403972924514,-0.2934480794584903
-0.501843456754263,0.4062735644899509,0.7332569292991375,0.2170130172925253,0.6203826108726651,-0.005464825818349352,74.93970656534799,0,0,0.3042154304788461,0.9198827312109359,-0.07166217583378895,-0.07166217583378895,-0.1433243516675779
-1.430727896425971,-0.10367457422064394,-0.5537933556987187,0.8200206940438138,0.3583093245456726,-0.4555201636077412,94.72450717141538,0,0,0.7282673288124707,0.4218564243737073,0.12284021429137124,0.12284021429137124,0.24568042858274247
-0.4796337263289088,-0.3717554241783961,0.4365692223729666,1.0939299578911768,0.334370955918065,-0.16189393214501543,27.10817867173979,0,0,0.7584155315636161,0.4263900404579909,0.22631569070592913,0.22631569070592913,0.45263138141185827
-0.2254211618472162,-0.4934465269435595,1.2893521429312813,-0.005879413733500418,0.4686263867537253,-1.2990783227257312,56.280360806087174,0,0,0.3173387841675469,-0.02662219848283376,-0.12030402405502659,-0.12030402405502659,-0.24060804811005318
0.6697138899138974,0.3974495582787119,1.7223347292085802,-0.3950253088934886,0.1856039371721001,-0.6015994806807082,45.31114423044139,1,0,2.3331227288717953,0.5200841597002072,-0.10704325177212833,-0.10704325177212833,-0.21408650354425665
0.4132933766570246,-0.9876025417312848,-0.7108500339830844,0.015131539659880334,0.28353552673262505,0.9938162606746342,11.635359787571117,0,1,1.9564411159382495,2.1752172240949394,0.706784303663194,0.706784303663194,1.413568607326388
0.16652682598143992,0.05819509969854358,-1.6198035482956086,-1.3648932144728085,0.15041601738478208,-0.0586726815139224,48.25202503519823,0,0,1.539810190473632,2.9791492446704955,0.46120366912238386,0.46120366912238386,0.9224073382447677
-0.8301100824953395,-0.10935275619012408,0.05618204215854775,2.0369123468293053,0.2752030566869489,0.6124009276131172,22.475694379741572,0,1,0.8918865269320346,2.295338348508818,0.5558046164508317,0.5558046164508317,1.1116092329016634
-0.4596498703609226,1.588111461169558,-0.05223176432124716,-0.8471869545124937,0.13468704677866403,-0.5878857554966808,25.432963175671166,0,0,2.1787021775164552,1.3254063586257787,0.037970481410487845,0.037970481410487845,0.07594096282097569
-0.9870176051751065,2.3106924090224976,-0.6309878289172548,2.0570924678507363,0.31683341326107256,0.6323565153267978,60.664505736930316,1,1,2.870285178112021,4.001817803405771,0.5166890179432413,0.5166890179432413,1.0333780358864826
-1.5430862642511223,0.415041458454131,0.18852362159818015,0.27446752748708836,0.2566983662927843,-0.9408828738497592,36.89937007009539,0,0,-0.1869028420485207,0.531169572063283,-0.1457428037045062,-0.1457428037045062,-0.2914856074090124
1.097642270485439,0.5613256528536092,1.9967736504845364,1.780772652918884,0.2596364691401672,0.8577201113575088,18.37787773028404,0,1,0.9458071928357743,2.5877204437636268,0.6262759575610841,0.6262759575610841,1.2525519151221682
1.1244387494525534,-1.4371423579814064,0.46188792878040413,-0.933960930089283,0.15189688701723736,0.7533497491291784,55.97012808328638,0,1,1.307975283739507,0.7367826598659101,0.5086592852148181,0.5086592852148181,1.0173185704296361
1.8524042853909197,-0.5729655825288159,0.3781601565699047,-1.2309846687558614,0.29795888844460466,2.5488748989327146,40.56407284959609,0,1,2.058932688721252,2.3987311260379425,0.6423905918613184,0.6423905918613184,1.2847811837226368
1.1413259931993383,0.40444785027876584,1.0897546201875479,-1.7955396257144463,0.21648280006725154,0.5543044741761872,45.46890155111272,0,1,1.003335014511476,1.7730661256358586,0.2046722570098135,0.2046722570098135,0.409344514019627
-0.056419797884837024,-0.6445686426120815,-1.2149231326510743,-0.5302878198794504,0.10500045814497823,-1.0146292891816453,8.648096512183564,0,0,0.9261236902832934,1.6596357106096755,0.47083362824238617,0.47083362824238617,0.9416672564847723
0.5640370776942366,-0.01982499930516612,-0.7884244450049205,-0.7001925968918474,0.1602378689797915,-0.5622821803582431,47.00521077969507,1,0,0.890696945614022,1.886616189765921,0.36689200365978625,0.36689200365978625,0.7337840073195725
0.47372075022933935,0.21864399092387196,-0.23877082368507882,0.014577256407219498,0.2867337792964647,-1.0018394659256888,36.47102884185458,0,0,1.573277594920053,2.5144868958667366,0.4589791903970803,0.4589791903970803,0.9179583807941606
1.3280375362194008,-1.3510264311839726,1.2157237558758711,-0.9883234459221809,0.25098531599926716,-1.4662999731839101,20.15494497177548,0,0,0.960057019429287,0.32044181072026556,0.206256587742924,0.206256587742924,0.412513175485848
-1.181635486473213,0.7641113976812155,-0.5655489286062565,1.3092622840069543,0.19484521192267765,0.49255928840443947,34.115885554948804,0,1,2.619709341343102,3.1372646026947595,0.4824671883406859,0.4824671883406859,0.9649343766813718
0.20939435227208114,0.04469497524149623,0.1865745791402755,0.5057607596356728,0.3024152913248675,1.4290192362467005,29.888520958714054,0,1,1.721043205439462,2.299478623729591,0.536041278041775,0.536041278041775,1.07208255608355
0.3071334828394189,-0.37810466518337194,0.5074458173163139,1.7717984006309677,0.5125173492848846,-2.3759241770902286,38.41712151763531,0,0,-0.5561447783315911,0.9538393056210455,0.5102788436706501,0.5102788436706501,1.0205576873413003
1.2557763439904144,-1.2020420402171175,-0.5173457306123319,0.5399353718252567,0.17095376474173613,0.5364839401260827,12.946463078446742,0,1,3.118605173126954,5.519239796205087,1.0215929004425588,1.0215929004425588,2.0431858008851176
0.7125661928704056,-0.4543059899925042,0.44341663204437687,-1.2536715463499628,0.8986995664230717,-1.0465940793307367,69.46294293785786,0,0,1.5437412839993256,0.8409520776420563,0.0006181006694201963,0.0006181006694201963,0.0012362013388403925
-0.780214998630666,-0.1913098860818294,0.3833295447290166,-1.2456000001581649,0.7191294578430827,-2.484180960817701,7.825185723331576,1,0,0.1535004752040916,0.31378888618005985,-0.4995917693677796,-0.4995917693677796,-0.9991835387355592
0.837777773983004,-1.2373393168185125,0.7237139253928959,0.17112745732055792,0.8253567977607623,-1.9418790218157869,9.334004659780996,1,0,-0.1641153028980921,0.14479637892129638,0.10807802398392147,0.10807802398392147,0.21615604796784293
0.294375125477622,-0.6074568729174286,-1.2476828659673824,0.6127320000988944,0.45579405984304094,-0.3412834214731322,26.464793611271915,0,0,0.4622955765470508,3.0045862942859554,0.6978164513020295,0.6978164513020295,1.395632902604059
-1.539838567237366,0.22896731657507974,-1.5131551391606988,1.1040113354289185,0.521249564095563,-1.1087490732579746,33.95047867789221,0,0,0.6998658098745789,1.871282481142446,0.3153614767831614,0.3153614767831614,0.6307229535663228
-0.5550359178041674,0.4280484718086013,-0.11803969465256771,-0.44649086852648157,0.4991613896510243,0.3844258895746921,13.870440578740972,0,1,0.7832596938157919,0.8583964788974277,0.17039158598738552,0.17039158598738552,0.34078317197477104
1.1319946269096315,-0.20904017687266016,-0.6780051359214517,-0.07266554183887279,0.6426433051175048,-0.21271674425772558,48.62030878590482,0,0,2.1191270045845374,3.329840781422091,0.6388054346782179,0.6388054346782179,1.2776108693564359
0.7622615853691481,-0.35097001234905584,-1.3602528157771914,-1.0369094310381541,0.5081793536293535,1.0339158983455679,57.37954992844332,1,1,2.0611906285771586,3.661401725725291,0.5640821209164312,0.5640821209164312,1.1281642418328623
-1.1500098788369084,-1.2614813733216022,-0.7257997256800933,0.8478398757445053,0.022199755017431693,-0.4936790915342791,24.869116098319903,0,0,2.4675854596678533,1.7307541374318967,0.3249564100051135,0.3249564100051135,0.649912820010227
-1.0347012464883114,-1.0736996736263151,0.2133800516050733,0.36200334580537596,0.33590585666400424,0.8898021999420193,43.555630554687106,0,1,1.6117081513691889,-0.38066525205805024,0.14788323627576333,0.14788323627576333,0.29576647255152666
0.24250631190727778,-0.5775296453049716,-1.4369907024811903,0.2976263783116166,0.2936095192498408,0.03931215683133151,39.82410743495647,0,0,1.3083451403030284,2.976508501847493,0.7071461853560288,0.7071461853560288,1.4142923707120576
-0.8212813940081322,-0.6569286445295784,0.5236530990798995,0.09211994817253057,0.31432451029862896,0.2553582539620335,119.2210585724181,0,0,1.2222114837074283,0.8736859074888677,-0.06401876392047036,-0.06401876392047036,-0.12803752784094072
-0.9931714127771841,-1.7729209037376839,0.07658019765994152,0.13387392050059077,0.03691584378862297,-0.22276862178535137,34.02314335258026,0,0,-0.31181143083008733,0.7734718051489061,0.06030186411803812,0.06030186411803812,0.12060372823607624
-0.6810033968272178,-1.283858609284348,1.3849029801396355,1.1619367964302407,0.6887057643394353,0.3803808454004497,84.32110128716663,0,1,0.5125951752489964,0.9205197544574883,0.048499633173638035,0.048499633173638035,0.09699926634727607
0.9458312345210889,0.5569230317826448,1.903093294435366,0.23900540706831822,0.4150861091338938,-0.32654293518107214,24.134401904029875,0,0,-0.5403494722795912,1.6303408504440282,0.12955252797028716,0.12955252797028716,0.2591050559405743
0.4534991249096383,0.6160946834941121,-0.4234581518113886,1.800267451638136,0.13718768055801986,-0.9744159625681138,20.531942899865346,0,0,1.8912420382821014,3.5113650858473435,0.851263646334144,0.851263646334144,1.702527292668288
1.08393692658082,0.41905604136421415,-2.1072623853588848,-1.468613254557399,0.16128635830736981,1.0396286732667273,32.87023998992302,0,1,3.5,6.555819419214932,0.9640409524074838,0.9640409524074838,1.9280819048149676
-0.1692161485204185,1.4576053611916997,1.009329806791017,-0.10429845028419865,0.3001782654508781,-1.103609499484746,81.001749086211,0,0,0.7397268605194631,0.41051288583698753,-0.020249583839107438,-0.020249583839107438,-0.040499167678214876
0.3389206646094222,-0.6617449207872688,2.8356349367312617,-1.7502722679583416,0.3324240435606024,0.43786445448514333,15.979543422999352,1,1,-1.5,-0.2434369090788122,-0.5637726786772854,-0.5637726786772854,-1.1275453573545708
-0.2502157963621981,-0.8367117159643445,0.5214687273155166,0.39403201684057804,0.67731693048477,1.288725656651034,70.8055253304765,0,1,1.389791947502778,0.49739822555035706,0.22358615672413015,0.22358615672413015,0.4471723134482603
-0.33831747658724143,-0.08170718418537937,-1.9499489096207028,0.23511730534644376,0.367162454260581,-1.8563145587686702,122.57030362357084,0,0,1.186508829512321,3.092882819008156,0.6284619926119475,0.6284619926119475,1.256923985223895
0.8498664852399359,-0.4174050705785174,1.3668787774114268,0.3545638672250678,0.3884285632263175,-0.3063259805710879,26.80198974780064,0,0,0.6826256305675995,2.1483801828698996,0.24784792576286424,0.24784792576286424,0.4956958515257285
-0.3091789381803452,1.0009185427967167,1.5671678354324532,0.003406581229290427,0.3300868636974991,0.10582577538406153,55.912537414748364,1,0,0.008711451604856868,-0.9241815798742452,-0.30995468915176383,-0.30995468915176383,-0.6199093783035277
0.696942178732131,-1.1951257683185839,-0.9826022197703896,-1.3915855279910232,0.5837283678371146,0.3108461780848096,52.94775596825171,0,0,1.948092590593662,1.5572375468268196,0.3607360950751908,0.3607360950751908,0.7214721901503816
-1.2394654908015201,0.6131933590177476,-0.2863283755704708,2.0564027231162534,0.11385458802288066,0.9142402718180251,23.97520234641362,0,1,2.5972983510310934,3.790282389130719,0.5587692942365122,0.5587692942365122,1.1175385884730245
-1.0548950745522983,0.18416729851767763,-0.5663892106710556,-0.590041124875256,0.19773067667171598,-0.38436381813122766,60.11721253118246,0,0,0.6970009276226602,1.3087633885005543,0.015572240594230811,0.015572240594230811,0.031144481188461623
-1.941079513770474,-0.4909758523090747,0.7541822722547057,0.6451772184337277,0.5448591653205901,-0.9362143559352509,49.93461557878876,0,0,-1.5,1.351683946797984,-0.38405666411063866,-0.38405666411063866,-0.7681133282212773
-0.7847093362349647,0.32807670902194064,1.0697039630391674,1.2658150420916032,0.19424042330944125,0.09009439555497391,47.704652255614434,0,0,-0.05483886974310603,0.7672085183082951,0.06617551996781568,0.06617551996781568,0.13235103993563135
0.30197886962031595,0.015443249279961739,1.0225741346357036,-0.15732190176986466,0.20188391097014383,0.5168481570405234,36.6729449227599,0,1,-0.281082712474394,0.004835220736792989,0.28281769292242354,0.28281769292242354,0.5656353858448471
-0.11003179432813162,-0.4827066720461251,0.17509152899338876,-0.0952409559631056,0.2117952959125607,1.1413779110220956,112.14955448922396,1,1,2.1180128627520087,1.9894742150074565,0.22269671811720404,0.22269671811720404,0.4453934362344081
0.6764833949024756,-0.024488542176997898,0.15872312761701599,0.029813302936755444,0.5167442285157678,0.7807584020611693,43.54131783319581,0,1,0.6943438316242385,2.5998664804745286,0.5358440421817814,0.5358440421817814,1.0716880843635628
-0.8731123391866605,-1.186237686508281,-1.1935928064995829,-1.411824292151381,0.38876730261297043,-0.9259639410571078,9.276624434035606,1,0,-0.9293139535647363,1.3693797070719436,-0.12931356275671818,-0.12931356275671818,-0.25862712551343636
1.0810080944702125,-2.04300673756278,0.5280458995994459,0.21480235525724892,0.49936614078250197,0.14567935958217212,95.19645615921053,0,0,0.10645242948293143,1.7403009744675186,0.44532871869828583,0.44532871869828583,0.8906574373965717
0.9258145409655111,0.9013026121938773,-0.015515463947813826,0.10926947747986283,0.6150018947744487,-0.6172171959542304,17.583017005190072,0,0,1.9172622746642631,2.8784131235220807,0.47470952473936967,0.47470952473936967,0.9494190494787393
-0.9777547961362861,-0.43892376349607787,-0.27720237224520095,0.44261415548835265,0.5730489935440469,-0.019192785632520738,21.311579750446388,0,0,-0.1582635003598758,0.6513156074470854,0.06935196851311631,0.06935196851311631,0.13870393702623263
-0.2656541571422535,0.18071042266595425,-0.6292832715660429,0.632604830201402,0.4440981912791773,-0.6329026069737115,51.246525752996526,0,0,0.9699501007800364,1.165957059307309,0.41134445927394825,0.41134445927394825,0.8226889185478965
-1.6575114983011878,-0.9518659464389814,1.2682231621689275,1.1407963664622784,0.45956504737046733,0.265339391027556,68.78509712226546,0,0,-0.5864224621380891,0.4960400830846906,-0.3080645806071987,-0.3080645806071987,-0.6161291612143974
-0.1327658553719469,0.2797728026028181,-0.1857687582455281,0.19481640960001168,0.3081903678546384,1.1262055241958298,58.053324914365064,0,1,2.32619282962684,2.9721820702066655,0.46479595275276,0.46479595275276,0.92959190550552
-1.8376434154758092,0.510896675583181,-1.390595104996394,0.7507409660028592,0.13282988573331928,0.17387509622145575,53.36196131283597,0,0,1.6226978224511308,1.468141109324629,0.2346449680704982,0.2346449680704982,0.4692899361409964
0.37805445442370755,0.6313817717156758,-1.1451092502868112,-1.070955254162626,0.4116047076660477,-0.3649140303499232,22.826738797594565,1,0,0.12040049525758967,2.123203769419214,0.26622220671261243,0.26622220671261243,0.5324444134252249
-0.5965799314704551,-0.20872863651045492,-0.5668101110858785,0.5747255362529645,0.15164444794480478,1.127797519110436,29.615728834207424,1,1,1.4591541027328079,0.24581549664816227,0.38471177264594636,0.38471177264594636,0.7694235452918927
2.23446423442599,-0.17579318355538173,1.0293056774315008,-1.1758415891144114,0.1332603808079793,-0.9687525273510939,14.442171094192526,0,0,0.8901878465719131,2.466544538325399,0.49556875916983806,0.49556875916983806,0.9911375183396761
-0.14132754670863598,-0.453846191719251,0.4673050979839493,2.4240015464297766,0.6375782687969351,-0.025502115325287088,55.83457283876073,0,0,0.5217896337259703,0.48474829464976565,0.4809226592112084,0.4809226592112084,0.9618453184224168
0.4630205352407397,0.04939592651924311,1.5456420314905084,-0.6806524650595576,0.17654865178403945,1.3506403669022005,28.94360463488385,0,1,0.6211100531503219,1.2913045591537888,0.12471538280060548,0.12471538280060548,0.24943076560121097
0.09029499498849242,-0.8132983785352853,0.32879540626857845,-0.12734727282728941,0.36608544660515946,-0.8678208283377581,52.55180909746895,0,0,0.49553063172488565,1.485456903858647,0.18216459292354029,0.18216459292354029,0.36432918584708057
-0.9097864315517792,0.27261062405431247,-0.284422591733687,1.314121296488904,0.3782150461154683,-1.1951163512843266,44.893181832116134,0,0,0.3058343285597892,0.8237570060508924,0.29360299164720327,0.29360299164720327,0.5872059832944065
-1.148164959291938,2.0122235409374083,-0.9453140708738674,-1.6385378707369904,0.5221918394176498,0.6316644547476226,24.832890999987047,1,1,2.3555076144120504,-0.4119965682281379,-0.1737799512023861,-0.1737799512023861,-0.3475599024047722
1.836231921372207,-0.4255770669768805,-0.5752987129853027,-1.2724604690189874,0.5535018827035139,-0.945591268105837,44.70220125921009,0,0,0.6272626046265989,1.3239116523334868,0.6188273185687236,0.6188273185687236,1.2376546371374473
-0.563872471055116,-2.195490183884076,0.03706872550167184,-0.7103325961386121,0.11386282996929854,-0.36868216788837793,29.282423817375413,1,0,1.1865542681893606,0.8193243374393917,-0.1212263580033821,-0.1212263580033821,-0.2424527160067642
-0.5908030148687418,-0.7176142030603964,0.7141099918024506,-1.0682562372170716,0.4903196985518672,-1.0661174177155501,11.108392036955657,1,0,0.5819236712752192,-0.09763587393283438,-0.43249189271130783,-0.43249189271130783,-0.8649837854226157
1.374226365135539,-0.7276316020809702,-0.545021355930242,-0.8179664515181545,0.3537667078042104,0.262339587467018,36.87162336609279,0,0,1.4239185704626356,2.0828018159588826,0.6125501093963259,0.6125501093963259,1.2251002187926519
0.0006498001152741708,0.22827221011211465,0.973947153284589,0.814679973867932,0.4928436385242774,0.7506300069397137,15.797122503997498,1,1,1.0797946896774788,0.9828393721114264,0.1742734923600684,0.1742734923600684,0.3485469847201368
0.1262737829600496,0.3164495680944603,-0.09546359828252066,-1.5448637276197514,0.5909846287365482,-1.4457636478015492,55.90755334381197,0,0,0.8375024616066856,1.9569300756291748,-0.023553131017358397,-0.023553131017358397,-0.047106262034716795
-0.8559516775596598,0.8023275620675587,-0.5491651275204812,-0.32401662205258236,0.6575341503460236,0.7257680072865998,28.448404018512278,0,1,2.3377430973987474,2.8494220142436966,0.16501867028529063,0.16501867028529063,0.33003734057058126
-0.7353754854990235,-0.20978701819189097,0.928231097617539,0.20178444292896555,0.43705656733963516,1.2617355041831515,18.23438348499715,0,1,1.1067137875817197,0.45983531667071986,0.021311646150116187,0.021311646150116187,0.042623292300232374
0.1939151506888382,-2.2036649159923534,0.7816983637087956,0.07787608917707806,0.24748991161014866,-0.003812680127487512,51.363786736364176,1,0,1.391522522400533,0.8853155503856983,0.036942719442378036,0.036942719442378036,0.07388543888475607
0.1943609894819973,-1.127988648113435,0.8546693233470372,0.11221319229735263,0.28648967065793124,-0.3479581035461634,46.82033138818341,0,0,1.036147601433429,1.4930912316650975,0.15783467957423106,0.15783467957423106,0.3156693591484621
-0.010982572101689663,-0.5977634173528793,0.07963045066986311,0.3897044999109332,0.07663589205446947,-0.41965604298765313,53.69982149893616,0,0,1.2408923881703304,2.260410618530576,0.37116037655505235,0.37116037655505235,0.7423207531101047
-0.45637532953557935,-0.5713524571643515,1.6594019827923536,0.4635170522950208,0.3226459107121271,0.42892660856260967,68.45220922427818,1,1,0.01503380034678381,0.39325902924789874,-0.1268554776420868,-0.1268554776420868,-0.2537109552841736
-1.4588227295626788,-0.674981359084339,-0.39676100622311655,-0.3952995866352566,0.6647166886514001,1.0732166227030155,24.984272407174902,0,1,0.7426299697750975,-0.14853508431878892,-0.051868873779146646,-0.051868873779146646,-0.10373774755829329
1.6492744368248429,0.9911205046480549,0.17120848928265903,-0.13026443070250798,0.22300745168516678,-0.8058857699451044,7.374961436452989,0,0,3.4931492855065844,4.957823575983219,0.6871615887378797,0.6871615887378797,1.3743231774757594
0.3622855780375321,-1.2240474333711309,-0.388655423138489,0.21739375291041108,0.3286714981986915,0.7121086638823605,27.558658994292426,0,1,1.197787063531027,1.8777620346606674,0.6471938708971647,0.6471938708971647,1.2943877417943295
0.6913567426929995,0.10960820870448736,0.7670485534747858,-0.0049649600021819205,0.596927666256507,1.6895503054440628,38.90143492507439,1,1,1.2483702392110816,2.8673683415754874,0.2406728734876326,0.2406728734876326,0.4813457469752652
-0.594071453839219,0.12571197887196495,1.205345830925036,-1.2751884280906742,0.06648088393951913,0.32657774360361114,21.23103218958508,0,0,0.1917190435973795,0.7341967774098992,-0.33700541908029513,-0.33700541908029513,-0.6740108381605903
0.7099454395467586,0.22645073517408004,-1.7603237516610992,-0.13382456937247839,0.11142523945301501,-0.6339548957107339,123.64716407749106,0,0,0.7534005146276399,2.203168756743779,0.8752254684827645,0.8752254684827645,1.750450936965529
0.03864756752884051,1.8959279939193077,-0.21539500437818637,-0.06477606839292344,0.7783467728220381,-0.19517098432498578,21.83196590757109,0,0,0.6521885087724901,2.599403482650567,0.199745302083261,0.199745302083261,0.399490604166522
1.2787977621304951,0.15157455711851137,-0.09548115533916116,0.7144351071797963,0.26031195061984497,0.5456554225289122,19.507660931027978,1,1,3.390344907116048,4.829638791323344,0.8051926787147546,0.8051926787147546,1.6103853574295093
1.129126863084302,0.618871461785455,0.6414426053811098,1.1117351173982744,0.024640379797846806,-0.45582064240795694,26.459058801082193,0,0,2.2387860131524118,4.070615007108336,0.7092367784599665,0.7092367784599665,1.418473556919933
0.154012025136699,-0.15065489422959705,2.6726513295290277,-0.690385844862066,0.2398671232055639,0.29529430096353093,100.20481211555344,0,0,1.003558469868275,0.5023883447500767,-0.3866974871026176,-0.3866974871026176,-0.7733949742052352
-0.3165700880968453,0.5289027046204791,0.05672003927085476,0.2948724509222952,0.7118898660971797,0.3578510631755075,15.64634251784138,1,1,2.7800814309658524,0.9183374768265591,0.14110543999598535,0.14110543999598535,0.2822108799919707
0.15259814424414916,-0.034654098583413666,-0.5039856875291094,0.9039519907969126,0.603060998620161,1.184451831706281,24.031273813123654,0,1,-0.48085365454895834,1.604270813799852,0.6715810503193717,0.6715810503193717,1.3431621006387433
-0.04644364244884124,-0.826476184993124,-1.9823717952620932,-1.4784401276723378,0.21300804107702456,1.6038327164608168,19.25412306529916,0,1,0.8748688032008776,2.940641975813925,0.6058764222324783,0.6058764222324783,1.2117528444649566
0.3878922778619532,0.7632006127538463,1.3109763409545856,-0.5818733584868144,0.5357342005564653,-0.5742828488909583,13.845657483073841,0,0,0.13324662711789148,0.24505842064437822,-0.07311836986984013,-0.07311836986984013,-0.14623673973968027
-1.035189720890086,-0.5949916096996526,0.541753895004981,-1.0954765524516243,0.46671205573336105,0.06893762723568254,49.513618380014584,0,0,0.6479425348683111,0.37641308976816756,-0.37823565156761896,-0.37823565156761896,-0.7564713031352379
0.33608374177748734,-0.059422819287900004,1.4222044004351544,0.7251352595094678,0.2564801448032414,-0.33838280236222346,35.20564747061606,0,0,1.1899188775430682,2.0272634235666116,0.1901875915608888,0.1901875915608888,0.3803751831217776
0.293918175687132,-0.028890536228603856,-1.7269822361266556,0.4595385678932514,0.3648867601309566,0.4682709647148602,92.7718178112669,1,1,1.314957386485991,3.397158280725113,0.8173773009296168,0.8173773009296168,1.6347546018592336
0.6709503380884527,-1.6238408243964861,-0.1502843924333428,1.1228738950050574,0.41754628783034864,1.0887715825837976,34.45656476523337,0,1,0.6728438115305719,2.8273672562431518,0.822834853021729,0.822834853021729,1.645669706043458
1.160903529997453,-1.223294611234038,0.1360282412378375,-1.1911081092461857,0.23685916891011874,2.144295518357615,50.36246942163449,0,1,0.981374426227485,2.4212854420161762,0.5238811151242208,0.5238811151242208,1.0477622302484415
2.346880045194407,0.9978569653761359,1.8994871736821886,-1.4189605000312,0.3150154145603965,-1.1906092115752926,15.60243513245614,1,0,0.510976573318321,3.503978645832234,0.10822264494424141,0.10822264494424141,0.21644528988848283
-1.4361204396011222,-0.056139852065480625,-1.1879306137090127,0.6902027293064226,0.2365274727095618,0.04135656324496682,28.67431508189521,0,0,1.7549526069305719,0.9256969886257009,0.26670090975252975,0.26670090975252975,0.5334018195050595
-1.1850293778351781,-1.244438256204746,0.8406702993949454,0.6101717327908649,0.3668178737796138,-0.5078790920278622,22.06198136304734,0,0,-0.14069174464363154,-0.3555604087181105,-0.1549610694654895,-0.1549610694654895,-0.309922138930979
1.498034715433026,-0.6636476985017458,0.6079658991995235,-0.008090730918905569,0.33125838124416335,-0.1823292597119877,43.01157819912995,0,0,0.975511634308867,1.1661151930279026,0.5447388794333499,0.5447388794333499,1.0894777588666997
-0.8558795684732146,0.9502884884556634,-1.340630107230232,1.6250897707509842,0.48374680582709484,-1.5255662025268313,17.714004231774677,1,0,1.0968613382126926,2.4228451787445615,0.4317092697548254,0.4317092697548254,0.8634185395096508
0.741140664242627,0.9038712522408491,0.8197636512716825,-0.26878881443662234,0.06555945529135143,0.027512872659649627,53.9518386067349,1,0,1.391206685144674,2.1110082124425213,0.16305512683964912,0.16305512683964912,0.32611025367929825
0.6593872255115181,0.05871190286180095,0.48166311899524494,0.021392794047961156,0.5979351291593965,0.6673035029980104,33.89948616071858,1,1,1.303213110405723,1.1063521418099371,0.2990088088946491,0.2990088088946491,0.5980176177892982
-0.3242098316631155,-0.23655750428125902,0.2584907019956495,-0.14160788506765262,0.2571139094276293,-2.092403174273212,17.614657905315166,0,0,0.4891663324295298,0.8710816203010825,0.10515653512047629,0.10515653512047629,0.21031307024095258
-0.14390832636209827,-0.3651497489082123,-0.38052182937730783,1.2928745845098712,0.5100961508502674,0.18133198031522757,52.819990888463,0,0,1.7028532087143007,2.106855213047499,0.4937148200893328,0.4937148200893328,0.9874296401786656
0.5098110223394912,1.7921690527305123,0.5677785767694313,2.3374619081626147,0.6598575398256167,0.6583988117080678,45.31980489394451,1,1,2.21639896242109,4.845698221245456,0.6402131332769052,0.6402131332769052,1.2804262665538104
-0.06266726764918894,-0.08853772869031887,0.8025989212603488,0.3259499513111802,0.6737215492420288,-0.8584631144650171,128.80923175004517,1,0,-0.019798102901546155,1.563783701257795,-0.09714077820112407,-0.09714077820112407,-0.19428155640224815
-0.9702970815683135,-1.2304978926532686,-0.47057612826682843,-0.003538974632962762,0.5110089610709511,-0.9122403699059625,11.589214603223438,0,0,0.7917925411982376,1.10543575848079,0.04856439928861293,0.04856439928861293,0.09712879857722587
-0.2313525809853864,0.08636694551331685,-0.6254435588522136,0.8487725866717025,0.43110363099911597,-0.020563078781447145,7.150186501468033,0,0,2.173092286147186,1.9885646386520517,0.46213305443269753,0.46213305443269753,0.9242661088653951
1.1170465807880687,-1.097608381783698,0.29249751512905026,0.24749136614041822,0.1963438003751627,-1.2739874670163618,16.16945188506886,0,0,0.3577367582175335,1.8380691321506122,0.5858495231075045,0.5858495231075045,1.171699046215009
-0.3241069783134426,-0.9628799277194559,-0.987481560141738,-1.4628800881716995,0.32313180845743056,-0.009392133784350085,13.293777667206749,0,0,1.2974045089929622,-0.36627824265674624,0.12562593940272926,0.12562593940272926,0.2512518788054585
3.127557558375235,0.8756641686109973,-1.7652672029804375,0.2137807939795146,0.6902345497765794,0.34982323304963975,26.756642447193716,0,0,2.7815789053324633,8.151553594469247,1.4768991519706955,1.4768991519706955,2.953798303941391
-1.5636800102042783,-1.4540868093462622,0.07143683415011579,0.08507274104845512,0.49696696853473793,0.7854661798662862,10.17888135916331,0,1,0.5638161854925953,0.21693825147049586,-0.05750548542983855,-0.05750548542983855,-0.1150109708596771
-0.5993643909207332,-0.20851762655865522,0.4097779879473727,1.3743513933123006,0.2860421743039035,3.1122671069826833,104.50391202029229,0,1,2.0011936876560155,2.4692924318022826,0.4207599421570499,0.4207599421570499,0.8415198843140999
0.41364120684438016,1.1656296381201083,0.11869497739861413,-0.15742903339742081,0.576193279304804,0.4488649518555604,46.55428179040678,0,1,2.6257084858833117,3.2232941458995614,0.42308302984404267,0.42308302984404267,0.8461660596880853
-0.35380794653897324,-0.29439503089939684,0.5667955978786358,1.2159168249627692,0.31927584518192953,-1.0965441860249283,20.933846066317322,1,0,1.444263574106467,0.5350819431116197,0.11847756908542306,0.11847756908542306,0.23695513817084612
0.9508718140132161,-1.0562494092658616,0.931551802260043,0.6227959872540961,0.5423508017865352,1.5084366233789759,39.69134524418202,1,1,0.749962225985244,1.337773256628534,0.40324179670345994,0.40324179670345994,0.8064835934069199
-0.17775784525529253,0.30238841953407275,0.8009811721251366,0.08828825571800632,0.23733606766971757,-0.18933458988925794,75.42734119917041,0,0,0.641337773466914,1.2185205039296723,0.07294317524949698,0.07294317524949698,0.14588635049899396
0.7481122456252012,0.4301109747351836,1.1204374129453152,-0.2517948912183312,0.560880478040044,0.3464829792013142,32.555338868645705,1,0,2.39624266480598,1.0229534893069576,-0.016959197221823208,-0.016959197221823208,-0.033918394443646416
-0.8261031978266274,0.8490320235944977,-0.39303446151892646,-1.9740317913325551,0.5782531376567098,-1.84845460997325,22.814832340246113,0,0,1.6036998286968585,1.987115018500694,-0.2989477893347622,-0.2989477893347622,-0.5978955786695244
0.7770160173587333,0.45180342787482564,-2.452762555681462,-1.1625579014848872,0.498252342803684,-0.2999456248442393,36.42246834015042,0,0,1.9274770414232056,4.005017962751445,0.7683312625702031,0.7683312625702031,1.5366625251404062
0.5332311957557083,0.18787010484642588,0.6067865900984801,0.43070480686182944,0.10186892614111628,-0.39708430996664823,16.412110054870247,0,0,1.4428669956964393,2.610318011558932,0.40889000795119407,0.40889000795119407,0.8177800159023881
0.27958337497762226,1.3244644580175582,0.9305340709803972,0.37912633821194447,0.12299808884672372,1.8961247678144935,70.5014325441507,0,1,1.069305964863481,0.1105386062582161,0.4122890489329831,0.4122890489329831,0.8245780978659663
0.30462866932983745,1.0532613327130043,0.41706735616001894,0.970528755528719,0.22610254886969594,0.9488102363459064,28.140767410836723,0,1,2.1181458947435794,3.0243077902253774,0.6139717733235927,0.6139717733235927,1.2279435466471853
-0.5267741799255967,0.6844003336692779,0.041681827168239635,-0.018211149506153997,0.2383589767338169,-0.18784744460973388,18.34061586632845,0,0,1.781103071253072,1.8344116732721285,0.12284906631659644,0.12284906631659644,0.24569813263319287
1.4551572541865367,0.12743911186273948,-0.7052171460174803,-0.5367469412041339,0.45112625271813894,0.8047518185128826,100.67040978884403,0,1,2.1016112061842382,3.6839517125179437,0.8577070532269786,0.8577070532269786,1.7154141064539572
1.3894584576861104,-1.4510203892873106,0.2961276134525236,-1.5249977017605731,0.4373929522016247,-0.6080608557626328,27.87950142079151,1,0,0.7731777953390248,0.6726513394238514,0.14442639834726267,0.14442639834726267,0.28885279669452535
0.6357720358558683,-0.5839426368987228,-0.12156257326682267,0.16144483223836875,0.0610834402440458,-0.8991531938148541,57.9994489188735,0,0,1.7060014619096164,2.288999887088081,0.5591599803026795,0.5591599803026795,1.118319960605359
0.7889353959412371,0.3598314469008173,-1.8761646507714187,1.3757264818338844,0.2469419305176991,-0.13271736218165103,90.27568153763025,1,0,1.6598027369173443,5.027319693442218,1.0220228374391098,1.0220228374391098,2.0440456748782196
-0.42243800171804474,1.4998874192703153,-0.21506970871099737,-0.31508395761816765,0.2894485661146002,0.6977057814727112,31.989630704567666,0,1,2.757748162291494,2.561766689379226,0.30284992719659276,0.30284992719659276,0.6056998543931855
-0.08925594632626747,1.1051440767847385,1.1183921155311733,-0.2561833286623156,0.062118492131447905,0.001317073332374187,64.53145573216129,1,0,0.9050548317350093,0.1495577872913083,-0.13205936765897733,-0.13205936765897733,-0.26411873531795466
-0.4051057229822805,-0.36268238336004355,-0.6473510449735973,0.6023550003100515,0.5943392382283258,0.9342624008047241,53.734686351640775,0,1,0.7701064047295932,1.4927844767377236,0.49477011034016394,0.49477011034016394,0.9895402206803279
-0.5891029296951175,-0.09062823192227538,0.6704406248936737,0.5548243043659585,0.19923050998360828,2.5583095808199805,44.29630278738853,0,1,1.6344282918831632,0.11556652704251902,0.23960729459856547,0.23960729459856547,0.47921458919713095
-1.3768539244885007,-1.4869486715668494,0.9543101043761505,-0.05724125945108391,0.18661773640453244,-1.3146953956876726,65.70677060086032,0,0,0.5914286632575046,0.4871365628783485,-0.31055900525781627,-0.31055900525781627,-0.6211180105156325
0.1811735384069639,1.0199611246946407,1.1140124459341365,0.5571774705702508,0.7213947468360069,0.8666051303659399,48.695002799456816,0,1,1.8558350047506995,1.9256311263701353,0.23280305811044338,0.23280305811044338,0.46560611622088677
0.1362050363747182,0.3011991713634514,0.15019540860112718,-0.15568118700598815,0.054931564923593905,-0.558678514386783,46.52040210426218,0,0,0.20043623354361184,2.061857135957882,0.30388823104993273,0.30388823104993273,0.6077764620998655
-0.24185582220853932,-0.7469328897306506,-0.9549505374695708,-0.4692855755042488,0.40195363231885334,0.07431708553109337,45.05267721307613,1,0,0.7696227039898218,1.6993553582119334,0.16142921267762506,0.16142921267762506,0.3228584253552501
-0.5152280821726358,0.1897594202422764,-1.9376275138639913,-0.24809922600709683,0.41262038501131637,-0.6377389171665356,3.7239709045166967,0,0,1.1303521485487555,1.6288292184263133,0.4783274369577467,0.4783274369577467,0.9566548739154934
-0.5338726546208304,0.9016430142921071,-2.24231791781897,0.4043543395133734,0.22990385838168467,-0.1932005768189219,50.698979180358315,0,0,1.4340364983280844,2.2650921338524466,0.7014324537271438,0.7014324537271438,1.4028649074542876
-2.062108621360674,0.5807387906665221,0.40176098469539234,0.9702679656641467,0.0987896863392082,0.6432509694746037,72.89508248347902,0,1,-0.36372413676893345,1.0208156520454417,-0.014839121515838632,-0.014839121515838632,-0.029678243031677265
-0.29678223594702813,0.9502599850503131,0.11518534096609874,-1.0195450134667765,0.38112744142860244,1.5437518281619946,24.82508361245788,1,1,1.8222288184310043,1.5525782855668242,-0.023428489444593942,-0.023428489444593942,-0.046856978889187884
0.5924994391747231,0.11539120703299126,-1.0030601408418276,-0.9616332509706713,0.09141505984405747,-1.6557323121968457,39.256406499765085,0,0,1.9025500707542258,2.763624667140379,0.53153947441683,0.53153947441683,1.06307894883366
1.012481753629494,1.404308153426893,-1.0127056911974743,-0.4225076373849489,0.6007624073327995,1.3144122839648005,10.454671170217845,0,1,1.6783250348469658,3.894059756879888,0.7860557905905401,0.7860557905905401,1.5721115811810802
0.3046076438329671,-0.21825557044411717,0.0700129748260325,0.3423652915568933,0.6231068798306749,0.739584592277528,32.27746941376261,0,1,1.2778466346174613,1.8637520748039171,0.4819673871323824,0.4819673871323824,0.9639347742647648
-0.5212700182150275,-0.23736092627820518,-0.4627977513730904,1.3219282791024947,0.24814750724893503,-2.168966833275648,25.768316495827904,1,0,-0.16418611961124774,2.515012154722716,0.3342515887005769,0.3342515887005769,0.6685031774011538
-0.698873514799813,-0.12216047379146129,-1.4859737472722343,0.16168022733443732,0.2827150482482424,-0.08241219203619662,12.303434612726246,1,0,2.656594076315644,0.7277870615983486,0.2924804695965645,0.2924804695965645,0.584960939193129
-1.0607597929899781,-1.6122896181427802,-0.10641572611864224,0.9725566611878611,0.4546632628097991,0.8119236115810909,74.19148020275526,0,1,0.012691055630123627,-0.08841749974560165,0.2923397336483706,0.2923397336483706,0.5846794672967413
0.00594459637714152,0.7438603064760021,0.6403042727001994,-0.02986656660377394,0.2451113300844571,1.2771917444764023,18.259581993625538,0,1,2.062711969791935,2.1434409612497713,0.29659484578260675,0.29659484578260675,0.5931896915652135
0.7655021767136528,-0.006787649082462225,-1.4697967649815176,-0.19666579916493543,0.3759130074115197,-0.08550313464836808,42.578614943192036,0,0,0.9052847057611858,3.7764111393617643,0.7520769321473036,0.7520769321473036,1.5041538642946073
-0.40395676496798005,0.6398663085570107,0.353722290306584,-1.0771821309643337,0.3126352180235679,-0.2583460158480067,45.297688699709404,0,0,2.3106039297259438,1.5550134971676548,-0.11985203395771922,-0.11985203395771922,-0.23970406791543844
-0.027573682925194538,-1.7089812085709115,-0.188767789368169,2.154993973791152,0.22409977413144605,-1.3679646947633146,16.307308059216705,1,0,-0.8693232260933972,0.8003857797957863,0.5679232519328029,0.5679232519328029,1.1358465038656058
-0.8366296258049197,1.6209989529288475,3.1577135076825127,-0.6398350926204661,0.5047799668184703,-1.0009855310823543,45.7844950554417,0,0,-0.017112961765803417,0.6620086930768634,-0.825270775623647,-0.825270775623647,-1.650541551247294
-0.9475591317823246,1.538373496847414,0.7567805858179173,-0.4297248848716954,0.203257952864619,-0.3159636431609405,47.53025242537112,0,0,0.8034359862033774,2.1034866954664135,-0.21794067374340645,-0.21794067374340645,-0.4358813474868129
-0.8481289196302428,0.28518484284160656,1.3852539332464644,0.644801200923135,0.3148507621720792,-1.4261897775188974,39.82771405607243,0,0,0.9035392933460357,0.4591065708665651,-0.16173192956582488,-0.16173192956582488,-0.32346385913164977
-0.06509794064643043,0.7209056525117301,0.11002228221759684,0.1178907499211999,0.31129921982396935,0.3065543490287596,29.09717926716951,1,0,-0.18660718042055557,2.3975710551479734,0.10407619675919155,0.10407619675919155,0.2081523935183831
-0.9443125252855361,-0.2887974607456979,1.441720517490641,0.8053627972720886,0.13417889717450185,0.057329617492278405,93.47101976804095,1,0,0.292886869009698,0.329744949356495,-0.2688236527407956,-0.2688236527407956,-0.5376473054815912
-0.8130907877971995,1.1019541166709723,-0.5940431117785269,1.1138035399171762,0.4162441598407542,-0.51820354785751,45.67725876677224,1,0,1.8295840666847811,1.6800041094033993,0.20361010283137077,0.20361010283137077,0.40722020566274153
-0.6442262601084602,1.6644240190083721,-0.9665765664088884,-0.03737585982779381,0.29171540209202224,0.5419331891871636,73.23560158542611,0,1,2.037413604824908,4.425980015015613,0.45552414050849843,0.45552414050849843,0.9110482810169969
0.2940316432499455,0.10966717013999686,-0.4110978889334956,0.9964572475495879,0.6941256017179241,-1.445694229037706,39.45701518234607,1,0,1.3913202456850737,3.02877426886165,0.38554255582197783,0.38554255582197783,0.7710851116439557
-0.747250028575963,1.4980574189766076,0.8042489948122656,-0.3070391138473776,0.06169233535076279,0.49576909608695857,62.19483801950559,0,1,1.1196365347546242,0.3033321292520208,0.04376201216332089,0.04376201216332089,0.08752402432664178
0.26615996158496985,-1.5823779491163101,1.1340863505635423,-0.07018060881998511,0.257924650900301,0.4654525387591912,6.27117907093796,0,1,0.6038044936121811,1.5245855016890726,0.2504913663161427,0.2504913663161427,0.5009827326322854
-0.8274559958058627,0.3230309888035529,-0.4485819156319411,-0.3690534246818251,0.2306226962241168,-1.2768175533214843,42.957938830113804,0,0,0.4298470002857716,0.8895592945989534,0.08522127907686894,0.08522127907686894,0.17044255815373788
0.8111702330046612,1.4609937966102402,0.24808349045279884,0.861710783371754,0.022787278648879004,0.2664419228566208,17.8219182698262,0,0,0.5421369530060318,1.4764892330289585,0.6621882914728742,0.6621882914728742,1.3243765829457483
1.6974887722352827,0.5728280539467994,-0.9279147497330689,-0.12906468628761117,0.5009972224101844,-1.0022891685810926,28.47569562487289,1,0,1.9122651917939495,4.990614637964664,0.7359671242569401,0.7359671242569401,1.4719342485138802
1.5942557891718618,0.23133280126840866,-0.8099305533806509,1.3222410242888405,0.1774876271678043,-0.31451501264430165,30.057807863082743,1,0,1.9889823426739253,3.8039235065367234,1.019982696563583,1.019982696563583,2.039965393127166
0.6966097728564832,-1.2609875225931768,0.018817996629947115,0.7204978062960773,0.41944916245158187,0.02405670647414679,47.51695497405932,0,0,0.461602922979517,1.3447795307324462,0.5599325832861413,0.5599325832861413,1.1198651665722825
-0.30113513471092596,0.25572049004123176,-0.8519037311026905,0.23079338790713227,0.5948510644382843,-0.8080826380161513,18.616216231223433,0,0,2.210170564734498,2.393282735616583,0.34187953748162825,0.34187953748162825,0.6837590749632565
-0.6026553207038486,1.501566807215785,-0.1925315754912124,-0.46218020188693565,0.31396065617909436,-0.5559778175910443,54.667306833406414,0,0,0.5471807823048243,2.6255587044243875,0.055070462988358077,0.055070462988358077,0.11014092597671615
-1.9484975005874565,-0.1017533545808743,-0.671579392507321,-0.2198411523236367,0.128493985036745,-0.2508069373241328,52.75698084402715,0,0,0.23805648080598374,1.581907608670773,-0.1282417976399506,-0.1282417976399506,-0.2564835952799012
1.535045678417401,-0.49199285666047743,0.44562007112374175,0.5376724257339357,0.3929578041700435,-2.1993788116974353,12.891985970747669,0,0,1.5920552468968157,3.111233619150638,0.6742475379409472,0.6742475379409472,1.3484950758818943
0.5713749702104359,-0.5422317733290141,1.33609758813691,0.07949675098596995,0.1967672153097628,1.1288422395125852,38.74860715531566,0,1,0.03488688738705559,0.1851238570119791,0.3331288057719335,0.3331288057719335,0.666257611543867
0.3134210377486063,0.08678630478002142,-0.21026963153261163,0.8252189193841672,0.22465927193353472,0.5159233199581041,37.43996821071774,1,1,1.1818913825801474,3.3476589078815726,0.5886383897318862,0.5886383897318862,1.1772767794637724
-2.515034058015361,1.2052993659027358,0.6288167930902611,0.7596486600070413,0.3476487225237143,0.3515668545004794,72.4742675451788,0,1,-1.3511891529358275,1.5797183592686588,-0.28924816532858255,-0.28924816532858255,-0.5784963306571651
-0.597197278589766,1.1449631573132408,-0.6534925284655255,-1.5392489719680067,0.35546777461170137,-0.8393086774517229,24.42990761506771,0,0,0.12348754751278235,1.714894392222053,-0.045823962603768364,-0.045823962603768364,-0.09164792520753673
-0.2249409095467727,0.8807621945682201,-1.3129344776317289,0.9532426127036686,0.586748720721851,0.269776830393407,62.06411589732599,0,0,1.249848132287143,3.190707559185845,0.5966261077193001,0.5966261077193001,1.1932522154386003
0.12682996988670633,1.4810630190153453,2.268370961037084,-0.4455985125710321,0.3266466714990341,-0.6340144726339472,11.12101242467603,0,0,0.47567191984268814,1.0628011754254012,-0.28213215328243463,-0.28213215328243463,-0.5642643065648693
0.9889043629153915,-0.8012808810547286,-0.20078846574707296,0.20134051183702292,0.26002338171791806,0.7743228434534778,24.566059176066528,0,1,-0.22395716379418174,0.8690870521537369,0.7949023645990295,0.7949023645990295,1.589804729198059
-0.12172283020984774,0.17302289080082509,2.245217664428037,1.9680039007712467,0.3338880446737411,-0.7207489108473009,38.258549541980024,0,0,0.3574041535921857,1.3146201626670178,0.08607729278420095,0.08607729278420095,0.1721545855684019
1.0660387206854935,-0.01334613608487863,2.1838163172636595,-1.008501200146241,0.12969058717680756,0.8964715744819511,131.19622331541257,0,1,-0.8700266098011119,1.515431953563238,0.105395295045176,0.105395295045176,0.210790590090352
2.1546637531904724,0.6049367187628767,-0.40641006826557713,0.7645222161463208,0.6518316511621053,-0.09994641117732174,102.47659686157056,0,0,3.5,6.800994833572892,1.0138904685391916,1.0138904685391916,2.0277809370783832
0.9047275434695062,0.4296874460535043,2.028621991074733,0.5132078991657779,0.09292288387827008,-0.0023344147598141716,81.2483059693466,1,0,1.2296219330018012,2.3746595588737676,0.0771028038540757,0.0771028038540757,0.1542056077081514
-0.8574015290545126,-0.7655994751351628,0.855065579854379,0.35710509039375266,0.36131054761154624,0.6528954155161178,22.73737584879199,0,1,-0.43721448969106746,-0.6263705484092523,0.049377529140877466,0.049377529140877466,0.09875505828175493
-0.08349209595981369,-0.7408413078125036,1.0446527192555952,-1.3799686050220275,0.11729695790223793,-0.05401528864429776,48.27586897212326,0,0,1.154076599037318,0.4636073020106507,-0.18974700390548083,-0.18974700390548083,-0.37949400781096165
-0.456611082604935,0.17839408260128223,-0.2821679125511041,-0.4139003786827007,0.4542263004192474,-1.1506593376102552,22.403602919645568,0,0,0.16860492777103653,0.8091088381489921,0.09070945736835563,0.09070945736835563,0.18141891473671126
-1.1042453509214172,-0.6369489015204375,0.059057374889651244,-0.7996198076690797,0.1990737969635705,0.16404073199557223,57.76744333065718,0,0,1.1680602379884573,0.7623220161244146,-0.17389059738541135,-0.17389059738541135,-0.3477811947708227
0.4829164494141502,0.8550624422217626,0.5202555738233676,0.7216047930685026,0.3366440202517212,-0.4375868878199651,36.055695471403446,1,0,1.280569428590815,0.9882411147984282,0.26985467748673864,0.26985467748673864,0.5397093549734773
-0.8852213345297132,0.5136667347915412,-0.3154619476567536,-2.409102715032724,0.24348176441860983,-1.3925728568937263,72.1002709607524,0,0,0.4297180264633985,1.1154476658305403,-0.33053445735019055,-0.33053445735019055,-0.6610689147003811
0.8813500260604434,0.29830832193068335,1.3027179615537967,0.7819845295838029,0.31708239202780486,-1.7862180782854848,9.32092215549004,0,0,0.3350215453732627,2.082387398531359,0.3648374969935003,0.3648374969935003,0.7296749939870006
1.0096581402136404,0.3841511153322988,-0.5578579790392098,1.0262646881054684,0.16746958493384473,-0.15048416675573947,49.211687725432945,0,0,2.1004109284235404,4.221627194457469,0.8899679781233072,0.8899679781233072,1.7799359562466144
-0.05269766721425642,-0.5471226457064249,-0.9046141099332816,-1.4337798869385672,0.4794903831927536,-0.45609130380251706,41.07064328671009,1,0,0.18803654015239046,0.6478762062425155,0.011101685750127238,0.011101685750127238,0.022203371500254476
-1.8140204721106041,-1.5171936258596446,0.8382207092696765,0.41818625467016274,0.0818513019644908,-1.5860774884988886,61.300540409461384,0,0,-0.9819977903962894,0.19340960214746455,-0.2967050748611466,-0.2967050748611466,-0.5934101497222932
0.8623000109272294,-0.3043565926697576,0.5919745816278936,-1.4614235425484938,0.3589541480520924,0.7115261144356101,92.25334074454612,0,1,0.897823632133882,0.6477398906466619,0.26200436191025667,0.26200436191025667,0.5240087238205133
0.5453095704783986,0.993454217032689,2.312404635154663,0.4377984626725147,0.6188274464473634,0.45672067948943246,66.54028748558648,0,1,1.8128948440391626,0.43926232777805985,0.07424279613361126,0.07424279613361126,0.14848559226722252
1.4842244926880406,0.04792446058667462,-0.060292237587959575,-0.2260855309969094,0.390057850685237,1.7371673005651693,34.921338163987166,1,1,2.0171392438695945,2.4548176065006597,0.6545378704781019,0.6545378704781019,1.3090757409562037
0.6471858297138323,-0.44693973125604364,-0.27743942709919567,0.216480992686004,0.2572377917393597,-0.18589410814885085,12.60596143163807,0,0,0.8537722459398279,2.5566203429501604,0.5594782149477305,0.5594782149477305,1.118956429895461
0.3485840767241561,-0.377042420071706,-0.020253843239188947,0.8476109477365642,0.2178509709419622,1.80723739274914,41.419380249659746,0,1,1.7642447412290057,2.8771034635015402,0.702345124561896,0.702345124561896,1.404690249123792
1.2785416136066783,0.015747816035383746,0.6849860007288134,-2.5994761689474615,0.2791188132445079,-0.7003381646527513,15.511765680552775,0,0,0.45362877217844444,0.7645074584086797,0.012400506060306085,0.012400506060306085,0.02480101212061217
-0.09670877531598938,-1.1878836166088358,0.2890283665227209,1.1571145718046298,0.14223639765980062,0.3509512010888855,117.65600954616006,0,1,1.8646576912769137,2.3554217600205036,0.5834791897630056,0.5834791897630056,1.1669583795260112
-0.15936854966106906,0.3013992959217108,1.222108461374599,-1.1248266296211697,0.4186686501896292,-0.5443531348783924,63.31887755910706,0,0,-0.13582370292537294,0.3229235165573948,-0.2764363247848326,-0.2764363247848326,-0.5528726495696652
0.5174085132260127,-2.130218198387854,1.2675296728847816,-0.19562044816817953,0.12023805597416325,-0.18828681820604926,61.890497020358914,1,0,-0.2277298384776547,0.8233055447246237,0.0019490415645601888,0.0019490415645601888,0.0038980831291203777
-1.2949725965984644,-0.6263979787001432,-0.4879168256389423,1.9075177917698203,0.22180515377603124,-0.13905151665308066,18.840703801367003,1,0,0.3362182658530124,-1.2836727127202239,0.23486934020531747,0.23486934020531747,0.46973868041063493
-2.3638603674706418,0.4797846637285246,0.632026838473453,-0.5665881966157232,0.06745955029948496,0.8671974186444431,79.62921457400594,1,1,0.07802130452752307,0.16073350989102678,-0.559102974818646,-0.559102974818646,-1.118205949637292
0.8272809786917257,0.5969039072731849,-0.48172933502105564,1.9494995930361014,0.19518155452928979,-0.44199039286929726,46.00106130658199,1,0,3.444027106999756,5.400213682515863,0.841685481397784,0.841685481397784,1.683370962795568
0.2897057104285554,-0.4076300497443991,1.795492251460434,0.4516909000474395,0.1404174294960469,0.3061508519921857,42.433926696584884,0,0,0.6566761814016688,1.6312704510466698,0.07371348252818793,0.07371348252818793,0.14742696505637587
-2.408992052378134,-0.275099356534978,0.334564350929071,-0.9529526192503898,0.7481989814140216,0.7791853833946328,95.32537288234091,0,1,-1.3198029723552527,0.6784016592803657,-0.5992211588747085,-0.5992211588747085,-1.198442317749417
-0.04934865653073744,1.687924464276597,0.8183776667245225,-0.26715250542582536,0.59548232514558,0.45233573775906283,62.247145776884174,0,1,1.268802107080079,3.1443677576568287,0.11513608048041085,0.11513608048041085,0.2302721609608217
-0.2469050320093265,-0.85011434852608,0.7063465164603655,0.6704956316158751,0.356196367997733,1.5284737825082133,48.439439598436145,1,1,1.8879888566098417,1.843033082702226,0.1706724427875097,0.1706724427875097,0.3413448855750194
-0.05082716584058145,-1.3344052728796318,0.3466442133174646,-1.5290473725214035,0.17035303243071764,-0.7278907698748991,62.58429820264097,0,0,0.7735817724776817,-0.07789774518206566,-0.06660658820242987,-0.06660658820242987,-0.13321317640485975
1.528079136383472,-0.5950616345672942,-0.7503752171545901,-1.7100225742661384,0.37382157569232705,0.14266460090124597,26.315125278565013,1,0,1.2630084049200414,0.7215514136554046,0.39542346442731857,0.39542346442731857,0.7908469288546371
-0.38005404257143954,0.4877532388151657,0.14264460449837096,-0.6007083961696268,0.6390872544276975,1.0995003394238554,60.138868220186914,1,1,1.8069206337961807,0.9683921140262232,-0.03930539728282491,-0.03930539728282491,-0.07861079456564982
-1.1410299312353231,0.7057052642851045,0.6601076184561657,0.26781862839474213,0.20397746362154356,-1.2360849321565315,65.51801065718622,0,0,1.4280562412326279,2.0806141707612635,-0.12545929496436384,-0.12545929496436384,-0.2509185899287277
-1.6559750827719444,2.1164805344374127,-0.8721057281604446,-0.5375142870779595,0.6563464836959811,-0.7552694045270907,16.65716355163837,0,0,0.8345786338184541,1.4742137160083542,-0.18608549074191477,-0.18608549074191477,-0.37217098148382954
0.6299819292232299,0.3717952900435579,-0.4201288831129658,-2.644632966982857,0.37987841191421945,0.5765634791532694,45.614660170104024,0,1,2.4190131610672836,2.4560545752418212,0.20161854155102998,0.20161854155102998,0.40323708310205997
0.14403707036042865,1.0433193984672693,1.0640891704295354,-0.9786696264942748,0.10950486823805651,-0.24614621179515042,17.313079794548482,0,0,1.0389008142726683,-0.18072343925256962,-0.05621093893968076,-0.05621093893968076,-0.11242187787936152
-0.8632214832550245,0.1199667035427566,3.2314632456928645,-0.024051367361997887,0.6357289850451093,-1.5849961562020325,19.555216061155804,1,0,-0.5065552852396831,0.8326942821029502,-0.9095281318998228,-0.9095281318998228,-1.8190562637996457
-0.8723567677415098,0.36696245541440325,0.34533185689315254,0.24531776671034844,0.19187272915758283,-2.1224112046512804,72.7980471222345,0,0,-0.3286846432000338,0.6452895029386319,0.017874839525926535,0.017874839525926535,0.03574967905185307
-0.7447150960281257,-1.0496134664269665,-0.8151171770312533,-1.275397431599666,0.605597968490575,-1.1609236115933943,30.09051142095383,0,0,-0.5297789270788673,0.40854391548103686,-0.06410949806667732,-0.06410949806667732,-0.12821899613335463
-0.5837231430199884,-0.2879251017134367,-0.21866617292549248,3.0098373046183142,0.20332259325185736,0.48856409974980003,33.94268558598648,0,1,2.2066996691756264,4.3096336130271276,0.8776373704488624,0.8776373704488624,1.7552747408977247
-0.16416095201147804,-1.1368532119004278,-0.15574922277485406,0.9620365422657228,0.5801855559327771,-0.9665226079486076,43.26613304843725,1,0,1.1855963672840173,2.1228628887456296,0.22222180663121766,0.22222180663121766,0.4444436132624353
-0.09891864501548157,0.9664970645517789,2.022997196995688,-0.43444254883644506,0.0778584219206662,0.000915132432534337,52.498147102221466,1,0,0.15263356741520095,1.9839596124967394,-0.3696422839949062,-0.3696422839949062,-0.7392845679898123
-0.5820160919883375,0.22694519042433642,-0.4483214234545658,0.44477172314728425,0.45402999371728003,0.9365929492512903,26.168100342952922,1,1,0.20731809887047126,2.0983490113299847,0.2667579190776339,0.2667579190776339,0.5335158381552678
-0.9609834992156874,0.19039144092417784,0.08057930099983723,2.601829281186016,0.22649612451656767,-2.0479341062493224,38.36597174197572,0,0,0.950760020168948,2.0774675189566087,0.46716737472915,0.46716737472915,0.9343347494583
1.5872769504049613,-0.5582059949120005,-0.9080961594936358,-0.6073133788682896,0.5001123329888558,-1.0950195351210874,9.581786877602072,0,0,1.1552534727477064,2.9762707146000453,0.7548753330883716,0.7548753330883716,1.5097506661767433
-0.4002640616840875,0.6392462803478294,0.20072336745656028,-2.4124876295216064,0.4561529988895738,-1.696183412741417,70.28408504845879,0,0,0.7772229418996537,0.47421395064829275,-0.3599575711593746,-0.3599575711593746,-0.7199151423187492
0.07533987133782555,0.5482348496725495,-1.3846114364825441,-0.1380450054907897,0.485427022070733,0.6823171351954617,38.14125109541927,0,1,2.8838290892966354,4.550242644966806,0.6843590937154328,0.6843590937154328,1.3687181874308656
-1.3107627647130242,0.004946803034376085,-1.1206609477698493,-0.2123471365815964,0.2033439120785449,-0.6398343999455093,18.001536502071307,1,0,1.1642702286592481,0.9106885643799842,-0.007493189093818076,-0.007493189093818076,-0.014986378187636151
-0.5820694090121907,-0.7770845921613331,-1.7244326645989578,0.9359256093008735,0.1495814556647974,0.18106243675332265,50.52080396155699,0,0,1.0439363465777205,2.0262584065773153,0.688962812002963,0.688962812002963,1.377925624005926
1.019416073796836,1.2219955825460893,-0.7645697561412571,2.1336625189790293,0.4056682423698626,-0.3772637752967667,7.160676371160194,0,0,1.6731331570607004,5.8706981337756785,1.080340722261649,1.080340722261649,2.160681444523298
0.5520300101395281,0.5521202904148925,-1.6066574999623184,1.874254338807393,0.5475743917347523,1.9561689018361923,23.93174914516944,1,1,2.441394125220529,3.0556697289135912,1.0739809797997681,1.0739809797997681,2.1479619595995363
-0.303697265650116,-0.35929797512428296,-0.8975783464725652,1.6534799738133326,0.030652115196883878,1.0637948075959802,57.81704690201555,0,1,2.13192949132376,3.567068753334248,0.9027018894810797,0.9027018894810797,1.8054037789621593
-2.365299462444842,-0.7572042306361323,2.4566632237078476,0.8802686914466618,0.46763453270890776,0.152381976238437,27.149293414108747,1,0,-1.4468956952791996,1.15263454201712,-0.9565336820900209,-0.9565336820900209,-1.9130673641800418
0.916746351312035,0.3719246032928721,0.2940614051364935,1.5779825305472694,0.3999030553272893,0.6075016745461879,56.681901782339764,1,1,2.434565733347121,3.458837113269443,0.7400555914573004,0.7400555914573004,1.4801111829146008
-1.715012858429358,0.9616794700845622,0.17731594048449661,0.5385395441170303,0.6486689262486797,0.06860631621436936,66.68924488440136,0,0,0.0780454493463133,0.6879721062360988,-0.2379565316254272,-0.2379565316254272,-0.4759130632508544
-0.030599162765752978,1.4243909239434007,-0.15380553855759332,0.4872288753757312,0.13728175308511062,1.2262903630199877,26.05474176138306,0,1,3.5,2.526514295248353,0.5800230297354647,0.5800230297354647,1.1600460594709294
1.1803158680865824,1.6123176074165968,-0.17061481274304538,-0.48435576461849505,0.5176191234869983,-0.149550606222449,22.54481516050816,1,0,1.993543721567896,3.098081984053906,0.3566110745995043,0.3566110745995043,0.7132221491990086
-1.4089556774525294,-0.4682521731823682,-0.7847762742860515,-2.877582572773661,0.8255287385224602,0.5219272492498847,62.54252292530658,0,1,-0.47961986499829246,1.1253281224818696,-0.4379485696884262,-0.4379485696884262,-0.8758971393768524
-2.3512177185253904,-1.8762443099409085,0.6100802627179391,1.0298708732353237,0.1903900237684415,-0.7216957647811396,20.398468114500716,0,0,-1.0173336568522917,-1.524925390449572,-0.3128754675071237,-0.3128754675071237,-0.6257509350142474
1.0029844426145917,-0.3197293473004885,-0.8310654049178159,-0.02476967145324781,0.6185512299312408,-0.9013774304511329,33.23081875164885,0,0,1.44787662423483,2.803700972810252,0.6507591969689228,0.6507591969689228,1.3015183939378456
-1.4689246895922345,-1.9975018225840004,-0.3638323633520011,0.8596273379094725,0.4243024119588314,1.7105431076945685,11.831858761402879,0,1,-0.4512670813910682,-1.37049020456156,0.22164454880520007,0.22164454880520007,0.44328909761040014
0.09583791420446104,0.027214032917795023,-0.16864011983656846,-0.2582669996489217,0.1893260214123273,0.9249150128914928,19.00974409936893,0,1,-0.035096532235012745,0.7086466227734498,0.47200913726552973,0.47200913726552973,0.9440182745310595
0.17031184674937136,1.0285213744442696,0.20818647219394154,0.24003840968174064,0.7590283754223569,-1.5597423352512652,80.42204808066987,0,0,-0.9315251202071728,2.2588854552761566,0.2029263968485045,0.2029263968485045,0.405852793697009
0.6197923092049727,0.23431511875293712,0.8540455533814199,0.1962928475825989,0.48600757512192866,1.9365913031732482,43.182472245634415,1,1,2.4190829261061197,1.6680915723531393,0.26434271936908504,0.26434271936908504,0.5286854387381701
0.3283639108419513,-1.050575537309668,2.168095091353011,-0.580163151326159,0.18315296378489754,0.08771163456574645,21.499624698052532,1,0,1.453273017584835,0.42603369922821466,-0.333425103609,-0.333425103609,-0.666850207218
0.3991424768956901,-1.4131592949896423,0.35851142786138246,-0.18923504255392862,0.16468444018963602,0.6414199718080961,91.11726556585437,0,1,0.6120692291841666,1.2549434690954329,0.4593008060960694,0.4593008060960694,0.9186016121921388
-1.1631390040157314,-2.023562394381423,-2.429832617398447,-0.08889035320496025,0.4278537096244249,-0.9251870480868097,23.471690843957838,0,0,-0.3505524883805122,0.6694771883278832,0.43019910081649865,0.43019910081649865,0.8603982016329973
-0.69068333289083,-0.6231246515438158,0.5993434744020111,-0.6554110961582209,0.35353656878093387,1.1453711477144481,19.59454467611871,0,1,0.43823568075852654,0.289449827258812,-0.028069671393778722,-0.028069671393778722,-0.056139342787557445
-0.9099037444788838,0.1587679821586855,0.30607610559195825,-0.7670483892173312,0.6284755199097597,3.0856309133484623,22.498226515795803,0,1,2.496235917647957,-0.29536437354471157,-0.1110126265217802,-0.1110126265217802,-0.2220252530435604
0.39789459289335133,-0.27720275868694016,1.296326075637495,-1.3091630120943376,0.5534941525125427,-1.3211065120120247,26.219177113357055,0,0,-0.02193459641933601,0.49888475213487227,-0.2022691894101015,-0.2022691894101015,-0.404538378820203
0.891413432858571,-1.075896533202743,0.45803000510746156,0.242376111650014,0.6072603061763103,0.5918363209632602,20.598566539132385,0,1,0.28266525853996516,1.1232903600565056,0.5467143866914465,0.5467143866914465,1.093428773382893
-1.0010961026561471,0.06504945572476607,-0.8915592150883821,1.2082802751873138,0.16482956291027576,-0.15920521909574542,58.890380050513265,0,0,1.8809381369406557,1.3947711382830343,0.4337674730109732,0.4337674730109732,0.8675349460219464
-0.6873527188154931,-0.38611078809434585,0.05005627170990815,1.26966256099022,0.13476634027987047,-1.4619098023680284,58.05775927126193,0,0,-1.188549009527513,1.419045093655271,0.3327241982665528,0.3327241982665528,0.6654483965331056
0.9290863680663601,-0.6004504134127228,1.3381303371908535,-0.264526174522364,0.3013981969649464,0.608508430157914,40.78521996719474,0,1,1.5080869325805395,2.9995398651306746,0.3458052301909804,0.3458052301909804,0.6916104603819608
0.8539571396942681,-1.0273953626126284,0.02756142741175492,-1.4645506537941697,0.504933873008822,1.275354186996452,106.3533527835421,1,1,1.1969376568278671,1.6166259844466468,0.20824123787874127,0.20824123787874127,0.41648247575748254
-0.45563097908334527,-0.4202035324387853,-0.16964168060524332,0.19247480230995825,0.37996508369484827,0.6419873455123059,64.00543730506415,1,1,0.11034572785088514,0.3473249377870916,0.21319833991884574,0.21319833991884574,0.4263966798376915
0.295903475937037,0.9386197288683398,0.847967971163674,-0.8258753019016557,0.21184094421712768,-2.3574442487607423,17.1690653261359,0,0,-0.47782975829858076,0.8516178008423214,0.03680063865195347,0.03680063865195347,0.07360127730390693
0.8352744421117838,1.4407438882588974,0.5026966083215904,-0.3506851766309506,0.7023785612455172,0.3317931685763442,74.27700853899627,0,0,2.093831769543475,4.353366658738178,0.23158940346805446,0.23158940346805446,0.4631788069361089
-0.8156980838793794,-0.7083945649610189,0.2694301901873505,-0.9350222951382364,0.6219445577250585,1.5025508383224375,62.632430098179476,1,1,1.7543635008353515,-1.0025739677379137,-0.2452408123063399,-0.2452408123063399,-0.4904816246126798
-1.487315735226876,0.325340796186367,-0.7238126456267061,-1.7812081376967785,0.3202356173881715,-0.19061452309561858,69.20638739305187,0,0,0.09549438161983803,1.1218422889491582,-0.3146836367842313,-0.3146836367842313,-0.6293672735684626
0.6116119048833976,-0.05827552206003706,-0.20415314919793054,-0.5629870915450659,0.15953268782700505,-0.20049489270903992,14.541013565237854,0,0,1.0096152819053377,2.682040972872263,0.41653950463430306,0.41653950463430306,0.8330790092686061
-1.5103585650110185,-0.4115723820232627,-0.8439115442445722,1.2311424855906985,0.25266012265178284,1.0006213608732595,64.41144699734795,1,1,1.0331691390921367,1.9734621597173236,0.28372735950061845,0.28372735950061845,0.5674547190012369
0.40091097644358237,0.1298285528893956,-0.5341790536942814,0.12091648557614253,0.583316929647864,-0.1725499759210807,98.34840967110105,0,0,0.7985359810109295,1.3403273400286755,0.45154336950516333,0.45154336950516333,0.9030867390103267
0.7342363728400194,-0.3349738968459596,-1.505583907713133,-0.3283462511199271,0.6311057357955929,-0.543328677391894,67.27701793188284,0,0,2.819817332526237,4.669066412000791,0.6662469422995655,0.6662469422995655,1.332493884599131
1.199922926963128,-0.28832394413024615,0.4370688958322778,1.073016456936987,0.11978712828937976,-1.027589477019071,40.02000446150623,1,0,2.1634478463728026,3.1633691382988767,0.6042173139257813,0.6042173139257813,1.2084346278515625
0.10291363222628065,0.4865549955587135,0.5870559869035604,0.5563447350642508,0.5598200151714683,-1.5547770298994679,40.157484107240926,1,0,0.9728251709720791,2.4044745048898264,0.06544874857498811,0.06544874857498811,0.13089749714997623
-0.9700040650065629,-0.2336449284302805,0.4595440300284809,1.526157234062079,0.16240490791063916,-0.5823819880699623,34.00590431032366,0,0,-0.37169146452121593,0.5346532225185727,0.20303029942451742,0.20303029942451742,0.40606059884903484
0.9797942278747042,-0.47626598055659575,0.04711882087973176,-1.7378124328503655,0.3155880178631275,1.8768798773808466,36.903594406958184,1,1,2.315251045755915,2.181026883622978,0.23542888101115989,0.23542888101115989,0.47085776202231977
-0.27072240107871526,1.376913100108521,-2.0415982794270624,-1.3829396736073494,0.2524052486264785,1.7158263016836532,35.29715466006265,0,1,2.0371353475416925,3.1355160565481786,0.5638429482522357,0.5638429482522357,1.1276858965044714
0.9205771663447525,-0.20877911497795038,0.056897844715869006,0.5833577882076524,0.19071228749009775,-1.5427657630213403,6.6145958888371865,0,0,1.8610736386153879,2.94119341540785,0.6444775336187936,0.6444775336187936,1.2889550672375871
-0.38200349001665507,-1.4358538023557632,0.4062313009302878,0.90530623156407,0.49742701985963544,1.7706657139927633,21.306788426896986,0,1,0.6445793010713161,0.8622011804948523,0.3472407735058934,0.3472407735058934,0.6944815470117868
-0.4033296736838992,0.3536054293022061,0.152808199897914,0.09925480800120405,0.42143536856446134,-0.5298346017539894,6.273375175213546,1,0,1.9784656537993235,0.4481464511847031,-0.02982873562428684,-0.02982873562428684,-0.05965747124857368
-1.5466342269527156,-0.851143650439835,1.3610039378375107,0.3382093102214128,0.7374928683144147,-0.8293097203093751,35.542617541772834,0,0,-0.59417619091412,0.3144792280110513,-0.5085990624266179,-0.5085990624266179,-1.0171981248532358
1.0165767995447146,-0.13566158821761506,0.11977653030707897,-0.3801275234948075,0.3238383725784401,-0.49665528790747315,58.12301593099446,0,0,0.3381610183849051,1.806485054039161,0.45214650355707187,0.45214650355707187,0.9042930071141437
-0.9359813274961191,1.4096121699097137,2.7377225320306207,-0.7687474043510892,0.4110491020749198,-0.8237675006418258,15.782589550320669,0,0,-0.5567361278671448,1.2856348144874645,-0.7614000460268266,-0.7614000460268266,-1.5228000920536533
-0.8725274911452663,-0.22787504093272698,0.7863200494810333,-1.0324550318458556,0.42947753829833,0.3907667795757249,21.731169417314927,0,1,-0.7485419479042481,0.6615504941909074,-0.2062146233303551,-0.2062146233303551,-0.4124292466607102
1.2838795982914037,-0.3592586349948302,0.5866477866537135,-0.11648446309473968,0.23609663371297704,1.8728261391980172,48.833361688169106,0,1,2.772090565740732,3.0754325012795323,0.6527933790096084,0.6527933790096084,1.3055867580192169
-0.6688332987952894,-0.36421436069410834,-0.5570579706672505,0.24192518111393815,0.2558338291350635,-0.0989506832482674,34.38969025623787,0,0,1.3343529606659852,0.9205825440471811,0.25742584349220776,0.25742584349220776,0.5148516869844155
-0.5273214217045722,-0.8446227358464519,0.8763329886872608,-0.01890590991995855,0.4218755386304054,1.5807875891633656,40.153791427091534,0,1,1.0906695093737329,1.3612446544860621,0.054903551354632596,0.054903551354632596,0.10980710270926519
-0.990310184838366,-1.3220084675922317,0.34878639431345393,0.20423747918832938,0.29368584243390855,1.5690378722156126,111.8259851898894,0,1,0.4076189137046555,0.5918793232346335,0.11225828556605892,0.11225828556605892,0.22451657113211784
1.6627167949373252,0.29632836947495633,0.3778176556896109,-0.29175891080918853,0.5650950909726452,-1.0059678965570444,25.079246100298388,1,0,0.762412545617202,2.4428948274094995,0.39430139255164787,0.39430139255164787,0.7886027851032957
-1.1645836658248079,-0.89646448987935,-1.3098092491965188,1.798574093658494,0.7312681639047258,0.5834960453499002,25.48454715753341,0,1,1.835709723763772,1.7534677964443517,0.6103135859136827,0.6103135859136827,1.2206271718273654
1.7287689356907563,-1.3985579999798,2.0471861251149743,0.3799834207262962,0.8145590093616256,1.3689843462201714,10.161288091142724,0,1,1.1830258356310375,2.8950172161719685,0.40657720795206065,0.40657720795206065,0.8131544159041213
1.3885660019656159,1.2515883041323546,-0.9655570775040877,-0.950101762659775,0.4707093750303221,-0.5664270174143147,9.808596409668635,0,0,2.419222066288129,3.913021743922055,0.6572324703152349,0.6572324703152349,1.3144649406304698
0.38801455867465995,-1.4408876511049469,-0.8465261074902616,-0.8798173198230687,0.8690915176347755,-0.05109544323424913,78.72759126496457,1,0,-0.01756346501487105,1.812873964553368,0.1279307382762639,0.1279307382762639,0.2558614765525278
2.673578016039046,-0.7420814680278185,-0.9637632205788037,1.0657169981523014,0.7371622956717987,0.11330179853861684,30.895614575953623,0,0,1.9244478842690065,5.452337628786892,1.3155398617244525,1.3155398617244525,2.631079723448905
-0.6696948637341256,-0.5947023426256436,0.5597415001238422,0.8354102853524814,0.41160388540520915,0.3463721987488279,13.417701235890187,0,0,1.6794186781387364,1.534938053733837,0.08093122699339601,0.08093122699339601,0.16186245398679203
-0.7625716168518882,1.3411964521740287,0.33025847680487214,-0.5337184073342335,0.27597420031393044,-1.1842487142148865,72.90591972975814,0,0,1.4054774680012159,1.6203854579736068,-0.10848003901110591,-0.10848003901110591,-0.21696007802221182
0.3599742485375265,1.621815169193136,0.654546717994791,-0.9705723960921492,0.4835375436580457,-1.1243293740217026,81.66775454024453,0,0,1.1124821867551598,1.3646489091457976,0.006040469857135564,0.006040469857135564,0.012080939714271127
0.08929743711123217,-0.8251938213422012,0.6573459164099915,-0.6949822248165813,0.24832746096374247,-0.4905891913922546,30.10946418014448,0,0,1.59642855272089,0.97365567537307,0.035691789682664087,0.035691789682664087,0.07138357936532817
0.07640389400700442,-0.0013799027575322734,-0.5664501060949216,0.8333146542147907,0.21146438714891985,1.4226438591426833,28.230783332424235,0,1,1.4424116637822606,3.7097421163692634,0.7452572985057655,0.7452572985057655,1.490514597011531
0.602631579585828,1.2531055590399403,-0.8879437546958876,-0.75323376758844,0.4141309052318718,-1.4942802073495844,16.18122610555408,1,0,0.46660479768416674,0.25541841763165407,0.32911097289555885,0.32911097289555885,0.6582219457911177
-1.3135740331249735,0.7639588906498346,-0.6163020142334856,0.7267362866467156,0.6458799247347294,-0.053487289937445864,7.3950842166108535,0,0,1.362003679213741,1.4902725307706337,0.08358706351644804,0.08358706351644804,0.16717412703289608
0.7140916631169177,0.495760545423678,1.400675210411533,0.6857040037246458,0.5305019645194377,-0.010196379839805376,22.75694750899395,0,0,2.43649549499309,1.5811189085744561,0.227903368567971,0.227903368567971,0.455806737135942
-0.19953525489678559,-0.13319041908908463,0.9003079475052126,-0.8718979402905587,0.1704666018989176,-0.2845094523602887,112.77936402499667,0,0,0.4734265018872936,1.2126118964256871,-0.11179123353028748,-0.11179123353028748,-0.22358246706057497
0.36761498997107467,0.3479949789156624,-0.5764473916386567,1.0641635082243948,0.5351232584314732,1.4631568554001502,12.752534538225124,0,1,2.4688363091176195,4.19487857268297,0.7928704728092428,0.7928704728092428,1.5857409456184857
1.5476459364148472,-0.06886482959153366,1.3160911857677122,-1.5834332292385849,0.5254448328169123,-0.003066433689578082,41.306261118898725,0,0,1.6094756361121765,0.33097892272684537,0.0726760601882564,0.0726760601882564,0.1453521203765128
-0.5567906515404736,0.1351978964838442,-2.4217593931416377,-0.8194206126700025,0.42123653247912723,1.227398379860246,13.22073232015372,1,1,0.4527999192615637,0.2684575910201985,0.48829320598423664,0.48829320598423664,0.9765864119684733
-0.2960167440850144,-1.5313289916050825,-1.3175097961382507,0.7653766216633916,0.23717573609121811,-0.25918575233793256,35.002238938341605,0,0,-0.06633317455865795,1.4979648156571068,0.6278130820441293,0.6278130820441293,1.2556261640882587
-0.12982761329737533,-1.8016193681929176,0.11831986471340926,-2.5590373680993923,0.06314801597982174,0.7092611384333023,23.417988769322932,1,1,0.5556679786064469,-0.8539636903521646,-0.17816435205326295,-0.17816435205326295,-0.3563287041065259
-0.17770303832022324,0.5596124624599929,-0.32961837222353374,1.6436857263659337,0.38979268313823,1.8723522612052335,22.997586305290085,0,1,1.7466160938270066,3.2433333294141087,0.7250723779522078,0.7250723779522078,1.4501447559044156
1.263991321111336,-0.970770107824256,-0.565082131352756,2.4430753745198377,0.43934216603250065,-0.6901747437444957,14.509064404396955,0,0,1.6151008876659945,4.8754578769395875,1.152547086374551,1.152547086374551,2.305094172749102
-1.115383852646355,-2.611938300397247,0.5455370292432088,-0.9232299326949291,0.46734585164088727,0.49246339394120525,35.543380617313915,0,1,-0.21799274361511756,-0.18255252076359657,-0.21067001745338557,-0.21067001745338557,-0.42134003490677113
1.1415833134374336,0.23305312576473336,-0.2990935005406763,-0.8639019059441853,0.4179012186116557,-0.659416837999007,37.46720746267346,0,0,2.2215274098687354,3.045892229107997,0.4696452623446795,0.4696452623446795,0.939290524689359
-0.9940249287463923,0.045930957991946984,-0.42031428503875834,0.5517534522654288,0.18507716673339547,-1.4308010036600207,40.63901223790145,1,0,1.3229498449567039,0.6961884703367398,0.06903926405129923,0.06903926405129923,0.13807852810259846
1.351689104132114,-0.27153335776589976,0.46198616904639556,-1.9834149825694878,0.545520158587132,-1.2276159586755495,17.448666070210127,1,0,-0.4540606582642217,1.2393069750696672,-0.011103542956634599,-0.011103542956634599,-0.022207085913269198
1.485803955270223,-0.07985082831845311,-0.5749847384274681,0.9386780490954701,0.11252945494991565,1.2289827621210554,30.19617658954361,0,1,2.5241317454612235,6.0189493231458355,1.1844767295789103,1.1844767295789103,2.3689534591578205
-0.38405819756009346,-0.736067826226843,1.39340248936589,0.16110768433138223,0.5086143088402616,-0.35356856532186126,34.94966361335652,1,0,-0.3434673220536467,0.28354899098881337,-0.307152893919336,-0.307152893919336,-0.614305787838672
-0.9264142932788163,-0.16506947017061652,-2.9350079106055578,-1.4803186847509935,0.35263729529186594,1.5531974881773816,49.290077080168885,0,1,1.4082967864558087,1.5659887012801892,0.5352154240899275,0.5352154240899275,1.070430848179855
-1.599258592960576,-1.2291089979333463,1.035556968424989,-1.4667542374381064,0.38078261313024725,-0.49556519130111637,105.18808014590238,1,0,-1.5,0.5581006271105399,-0.8310185289725774,-0.8310185289725774,-1.6620370579451549
0.4672735960227843,-0.2516417426530776,-1.3328206975047825,0.17858117501031823,0.09909293014645235,-2.1708611005985703,56.20001626035833,0,0,0.9321038460796134,3.7073113953713395,0.7724194686041406,0.7724194686041406,1.5448389372082811
0.39047548966657014,-1.007016845113062,0.7555492236492458,0.37536359233465433,0.7548438183462772,-0.09755645555997285,15.597468337727214,0,0,0.6083615755482422,1.154395163085147,0.16951523812093686,0.16951523812093686,0.3390304762418737
-0.6268668782357422,-2.198750954258205,0.19376076691782032,-1.0179888620815531,0.5014595126972374,1.4941262627185996,10.478076805146907,0,1,0.4258995865950681,-0.8506141743327404,-0.021738372849944815,-0.021738372849944815,-0.04347674569988963
0.8544645056205484,1.773283871267629,-1.1726461404325468,0.9461405907337591,0.2977424717958307,1.0076376990222968,35.61406685180392,0,1,2.6485960859146855,7.037193287784104,1.0960793255699912,1.0960793255699912,2.1921586511399824
0.033940134803095094,0.38701764998684574,-0.14631303077888225,0.7431503803539191,0.41447821778664495,0.5336571559147743,53.94561396801383,1,1,1.3723710598638477,1.6853844030872245,0.4359844007111314,0.4359844007111314,0.8719688014222629
1.565175543928221,-0.973887469233847,0.35561779288105455,0.6618836819821704,0.5066089104113606,-0.06993534184505093,13.981626025411282,0,0,1.2030763978386885,1.6420717598332777,0.697566162124134,0.697566162124134,1.395132324248268
0.031872691705910124,-1.1464129976748898,0.9925045966731297,0.987369363955044,0.3617675576595399,-0.5963732442498201,15.062833737280394,0,0,1.0674421584954628,1.0498202947053705,0.22147561408318467,0.22147561408318467,0.44295122816636934
-0.065551130921218,0.34610161057444183,0.35392356937717373,0.701181923251618,0.384155420585265,-1.4020382124393453,48.75339365281083,0,0,1.3662770099285502,2.326920671079571,0.27779794332390845,0.27779794332390845,0.5555958866478169
-1.3035381982277081,-0.31912593816674745,-0.9258507794244606,-0.18171459880683957,0.6602093877105926,0.4216817164310145,54.838879664613344,0,1,0.2986449986942305,1.1557882321299473,0.14753759513384973,0.14753759513384973,0.29507519026769946
0.32783953488681605,-0.48145028088659236,0.32835134415639344,0.479455895121371,0.028970710343589813,-2.8404531766812227,24.118849533046532,0,0,-0.5700903081969979,0.9289754165567972,0.43890686469328716,0.43890686469328716,0.8778137293865743
-0.46688368447811013,-0.5431172719215474,1.3388647436489434,-0.2544501460724199,0.3362503015836309,0.4821912904511864,92.36869049822002,0,1,1.4300048410248942,1.3962712624447629,-0.051778773929745364,-0.051778773929745364,-0.10355754785949073
0.3160542954121427,-1.124818725360483,1.9886320333201124,-0.9375270560943829,0.051869755866866894,-0.36636438196389276,34.28653457434272,0,0,-0.28593470551824207,-0.8531622696385809,-0.1902074561200617,-0.1902074561200617,-0.3804149122401234
2.300609201670007,1.3030881528815343,0.1282654921472829,0.22038104183094087,0.2197487746317617,-1.016609871025068,24.84530936790215,0,0,1.4992425563985772,5.259538523831966,0.9428810498131464,0.9428810498131464,1.8857620996262927
-0.9663456691437909,1.667578157209973,0.3170143279523137,0.11632005033117218,0.32151399675734343,-0.8291699185119755,72.1422530013547,0,0,0.7005756368742818,1.6087328354866668,-0.05654568967192189,-0.05654568967192189,-0.11309137934384378
-0.19104669705837377,1.8874520081194492,-1.9880263182728248,0.17697307526040507,0.6778560565851831,0.24821575922736952,72.10766877586904,0,0,2.348077058326936,4.258592677384056,0.5930424148101058,0.5930424148101058,1.1860848296202116
-1.5574236541867261,-1.7229010474862125,-3.426785217169421,-0.4686826022168503,0.42398638032534897,0.05529526126514779,67.33392141507449,0,0,1.0658620396573604,0.3945336435867446,0.4716945249278724,0.4716945249278724,0.9433890498557448
0.6234503762619261,-0.8245565574813809,0.19767550006024356,-1.810391522470266,0.5178603262591626,1.0451893723793535,45.07817434648976,0,1,0.550204458613879,1.002254469660221,0.1809205429932389,0.1809205429932389,0.3618410859864778
0.17949381409735699,0.16909313233908288,0.544575748901039,1.6000454031407525,0.24635455076640345,1.1133724124100424,72.87419015828067,0,1,2.7994857840260092,3.9284062680627794,0.6593346835704301,0.6593346835704301,1.3186693671408602
-0.2998165435928388,-0.1342455862908946,-0.5123930302264295,1.4211611874439474,0.8443975542331438,0.5659336733259519,35.572546353088704,0,1,1.7686854903122686,3.391562687603224,0.5819314351677757,0.5819314351677757,1.1638628703355514
0.5167783907692991,-0.41238392306597565,-1.3999678645910343,1.1949147472878308,0.8143622619872943,0.008641869397419283,29.69371011568503,0,0,1.2708457805944646,3.0193816553288695,0.8123285912602901,0.8123285912602901,1.6246571825205802
2.46631631336225,1.0032954795383149,-0.41051301227207415,0.3354431416925536,0.2401250516502926,0.6603382198083679,44.722029302339706,0,1,3.5,8.767027593563224,1.2836311835498757,1.2836311835498757,2.5672623670997514
0.10992036427959334,-0.8813233423357465,-1.9491054417439297,-0.5834912191026873,0.10073954294846427,-0.7187981662996822,16.413798774320917,0,0,1.3723310801349478,2.8415074954839645,0.6703749894358356,0.6703749894358356,1.3407499788716712
-1.0921034227875137,-0.6353924419634494,-0.17703720739594336,-0.8146244687984068,0.3945915791822275,0.0445546352117822,145.3112285035775,0,0,-0.71636180730514,1.0220683833731972,-0.1681751561408441,-0.1681751561408441,-0.3363503122816882
-0.1959851284911194,-0.6644783506297987,-0.2181494871156257,-0.1707052297235661,0.5381283897806222,-1.5685448071662345,41.146292273716156,0,0,1.0675394719382958,0.05042620027491318,0.17323929629033302,0.17323929629033302,0.34647859258066604
1.8936559125305605,0.6133523230868478,-1.490377675221767,-0.1269463048117144,0.028681327321539267,-0.12838684985124657,22.34361710267427,0,0,2.4697636904718907,4.024468235379891,1.1683728906340678,1.1683728906340678,2.3367457812681356
-0.4151346628336877,-1.1078023552440386,1.225799082046001,-0.30342714547155064,0.423557061616562,-0.40265629105289497,39.39501575249191,0,0,0.5264710879014998,0.04974913339785267,-0.20218408461640675,-0.20218408461640675,-0.4043681692328135
0.0627794401819004,-0.6214875196870545,0.33664171527498615,-1.1944577810228936,0.2027552893129496,0.43616767324113337,28.080454240105958,1,1,-0.4767883359003897,-0.1294392254683996,0.0398533958712064,0.0398533958712064,0.0797067917424128
-0.8951183728070939,-0.41187963866168165,-0.25173183531279586,-0.23868292310701733,0.5474721892220277,-1.1641829835936843,46.84811918115085,0,0,0.591964681208798,0.49207260130104663,-0.029608392189720972,-0.029608392189720972,-0.059216784379441945
1.360334050320016,-1.253843888391766,1.2877742228278106,-0.6745952809856418,0.234757760874705,1.1111304559993984,88.69654219332854,0,1,0.5905485174344589,0.9930674452362213,0.4198141918801416,0.4198141918801416,0.8396283837602831
-0.6149533889585814,1.699343371033559,1.646476301304766,-0.9316172596864213,0.711828753090389,0.5495212996155125,34.26358049102305,1,1,1.6297142862022114,-0.9511623241265973,-0.5129417426807004,-0.5129417426807004,-1.0258834853614007
0.992603145656341,1.4211918988317715,-2.3416606331606418,0.8654145707262888,0.25368675617941217,1.3723955207745648,57.19327142380223,1,1,3.4074635855542788,6.52920295461592,1.2479840213267894,1.2479840213267894,2.495968042653579
0.5507616674695242,-0.4555962486025033,0.09072729419324199,0.9574574042289838,0.3915360033730892,-0.2018898517829393,94.50546895241351,1,0,1.8545674439111681,2.253472090114506,0.41262695412062933,0.41262695412062933,0.8252539082412587
-1.6429158530270884,1.8178602780812354,1.113239803350101,-0.3796864586534736,0.16828440972664985,0.5636089161890293,50.41913650532463,0,1,-0.0869698017198256,1.2384192199008428,-0.31366101647662814,-0.31366101647662814,-0.6273220329532563
-0.3690652458550903,0.6771465529742835,0.3245258155057385,-0.5236969787404515,0.7812141535191716,0.8603605210696464,17.021924338841483,0,1,1.9875301510320904,0.7618390274391458,0.04350919873142979,0.04350919873142979,0.08701839746285958
1.9283780035372073,-0.6767085667030355,1.4444035365044428,-0.2880010632330904,0.4277382963847967,0.8290846754340957,44.72901902463578,0,1,0.6438154073746785,0.9680117155972925,0.5676796804451333,0.5676796804451333,1.1353593608902666
-0.7284197736817771,-1.3085225470561068,-0.9819776589228218,-0.5035613910869292,0.23565744118528598,-0.1882528155206904,88.97628370401756,1,0,1.005987490973432,-0.14506202357730058,0.06487871205200735,0.06487871205200735,0.1297574241040147
1.8552166541656905,1.0472259462456186,0.3373278996053707,-0.4877679800222072,0.546699499894704,1.7082978416485612,29.85470996029873,0,1,2.70717720353676,3.9584807976730763,0.7262424088744857,0.7262424088744857,1.4524848177489713
-1.515639590042213,-0.26203378079590545,0.7361247090602713,-0.8843173809100656,0.19836738027630182,0.6494855683238754,47.053859872946894,1,1,-0.3476755311605302,0.6745977680715757,-0.4331118210352036,-0.4331118210352036,-0.8662236420704073
0.8231816948448024,-0.5026065437434604,0.4748797440076417,0.3626883890737687,0.49313215110335135,1.3674267262380966,31.571870921222953,0,1,2.5790032503755436,2.990100716808999,0.5729495246433376,0.5729495246433376,1.1458990492866752
-1.8364697372054641,0.3918657957305111,0.45690741563045784,-0.7048400750373723,0.603972005890168,-1.9451501747774338,72.22757186246781,0,0,-0.06737980310732605,0.7500205491857594,-0.546555652776598,-0.546555652776598,-1.093111305553196
-0.18367780121639393,-0.6485405570471232,0.5692165257287187,-0.5248880657939919,0.6002447031947866,0.1553619135277358,109.66326156993682,0,0,0.10197574135677662,-0.37386254470472824,-0.07519600061057571,-0.07519600061057571,-0.15039200122115143
0.21354598408256317,1.5823715574819066,0.19214808225331387,-0.7813890011938274,0.5188523416986225,1.230740036056929,38.683099765449455,1,1,1.4040318992342542,2.7221095100204074,0.11234571522483033,0.11234571522483033,0.22469143044966067
1.4262973724611812,0.5905719075351115,-0.18869082752402502,1.5486877861931976,0.5723114254215327,-0.6205712269078518,65.99552512623758,1,0,1.971389436509658,5.360383053022071,0.7822843057580241,0.7822843057580241,1.5645686115160482
0.2617410283815745,-2.6238422874646257,-0.1044673178581636,-1.595011722562481,0.10203034486680376,-2.640673387935138,55.57800908986649,0,0,-1.0368220890376496,-1.063017166540028,0.12468090504635744,0.12468090504635744,0.24936181009271488
0.18945729578470957,1.118875157389463,1.6866746211370294,-1.0032612117065438,0.0965520748626225,-0.7403370419201518,64.55998202961977,0,0,1.0291703865082171,0.7821379769402514,-0.181779889904635,-0.181779889904635,-0.36355977980927
-0.4730959269694497,-0.5820410009033234,-0.9657663266973714,-0.5210850274609483,0.21379245239939287,-1.1668556794064138,12.860235645927897,0,0,0.1047764757663262,1.5424525979843555,0.2748962388031508,0.2748962388031508,0.5497924776063016
-0.9176026967612912,0.9150458653162806,-0.7909272494764492,-0.12646018626403466,0.27573332551769586,1.6149244914300351,28.282089101218574,0,1,2.2114057209639766,0.8955086120293059,0.328136408139884,0.328136408139884,0.656272816279768
-0.835985211431205,-1.45221726844645,1.3906138925474603,0.22253450091747215,0.5044124567442758,-0.06444820707754981,43.66195652824306,0,0,0.4536899348976198,-0.14333400025366938,-0.2810136950146599,-0.2810136950146599,-0.5620273900293198
0.7996872321600206,0.3499766160275286,-0.8371283779209212,-0.5020169869333849,0.4682784537662089,0.9130163017231568,64.84798701958913,0,1,3.028866520895023,3.81301133069788,0.705330781595509,0.705330781595509,1.410661563191018
0.8619349857399919,-1.2412978279624163,1.622145103889201,-0.2225901380537593,0.14478379331859229,-1.5950742937122282,100.38296650688069,0,0,0.4585145882785311,0.8622393106322239,0.1496555379054348,0.1496555379054348,0.2993110758108696
0.8895800263584454,1.3491138656323287,0.6354308930337871,-1.2352435107213349,0.11796384104043967,-0.4322270213821434,29.980939219722963,0,0,2.541673837410645,2.0964165414613634,0.1986324571333858,0.1986324571333858,0.3972649142667716
-0.9250475234693621,-0.37627151456840086,1.257810964611364,0.5292408461352821,0.5409896539412488,1.2249539726172685,126.21312086043632,0,1,0.0976966670096443,-0.31340108542801404,-0.07030588342747035,-0.07030588342747035,-0.1406117668549407
-0.015737827089019853,0.20614505568651573,-0.22343635284202226,0.7995649271322941,0.4991802571804277,-0.2298719199574334,44.81214592834666,1,0,0.7509766469381243,1.2748646465030362,0.26886783120082963,0.26886783120082963,0.5377356624016593
1.0930035155413012,-1.231891504333497,-0.2122654416323146,-2.4727236207716374,0.30389828116184064,-0.9745713930799231,28.724153094259545,0,0,0.4469002653670608,0.32221126348939866,0.17471354229293717,0.17471354229293717,0.34942708458587435
-0.9441429821883051,2.1324604708992605,-2.029039542382883,1.0245455732913327,0.5583372873428336,-0.49064129716474864,51.06280015713948,1,0,3.068931477008392,4.372732311181183,0.4324459185416687,0.4324459185416687,0.8648918370833374
0.49627049487833036,-1.6223705278537959,1.309491084942598,1.4906052631129472,0.3284536015764817,1.1846435002202136,19.88776820184016,0,1,0.7290829022149147,1.5091658570158353,0.5403477828605359,0.5403477828605359,1.0806955657210717
-2.0404115987968616,-0.7494819259887853,-1.6306563636414104,0.10317474675847728,0.37814249141111445,0.8013751404838994,31.408113232524787,0,1,1.5558446453184271,0.7327710559541822,0.21524640881584742,0.21524640881584742,0.43049281763169484
-0.7724688658131404,0.39797455580605917,1.1890524968271143,2.1715980647057216,0.3936256220551656,0.7136607318089724,17.59791477144754,0,1,1.8814403633558905,1.6866482476141837,0.3185346706241457,0.3185346706241457,0.6370693412482914
0.6100438765419454,0.047747219118933426,-1.5307382711413264,-0.3114298988338234,0.0812772890098159,1.4387554551354196,23.465021890839974,0,1,1.9227509013863524,4.243537706336003,0.9320107739303926,0.9320107739303926,1.864021547860785
-1.9570328721813366,-1.968375211909638,-0.5596531173878226,-0.176909224654962,0.4959292065812587,-2.0414977573913275,34.130206481974895,0,0,-0.9472841611006978,1.118375933879688,-0.23571218840284858,-0.23571218840284858,-0.47142437680569715
-1.3029814693141402,-0.0690964229841292,-0.07255683767231226,1.0763893435553609,0.25582392954398486,-0.43911811976064485,44.52074207729539,1,0,1.185930874258219,0.7330702613755626,-0.016519968370641985,-0.016519968370641985,-0.03303993674128397
0.30670820598441917,0.00263137387591563,-0.40521282792569085,-0.40322553617762585,0.5736319565794032,-0.1812328732138855,36.236809507773195,0,0,0.5267775281276262,1.0346204429609642,0.30477285372826,0.30477285372826,0.60954570745652
0.5362353879735476,1.0358697233870109,-0.802109640079789,1.966935622272646,0.4349140914829099,1.9743883663975494,20.846964647954938,0,1,2.958982790771461,5.973390293129748,1.076279059503325,1.076279059503325,2.15255811900665
2.9572753055924896,1.211126343317833,0.8403034318767296,0.15680479610504897,0.6332303251491597,1.0817900476426172,106.67429176498923,0,1,3.5,6.42633550541422,1.019419915816127,1.019419915816127,2.038839831632254
1.1718071576701086,0.6860002937388782,0.023124576548482684,1.738482355820564,0.36671296113983043,0.13103507718981075,26.15805230175521,0,0,1.4228572359281624,3.6484553131081756,0.8879343106811065,0.8879343106811065,1.775868621362213
1.624025227271054,1.115841024305625,-0.5164591873458064,0.610683077159425,0.31034552338091426,0.4627173066273464,17.30138871838037,0,1,2.265498262375453,5.562112403871551,1.1037881131292495,1.1037881131292495,2.207576226258499
0.4607447644420826,1.14955511457153,2.6874725993223314,0.7748738800109447,0.45502060532677,-1.1822672794606235,53.63194471632794,1,0,0.9229712099779187,-0.2822107839311785,-0.23196308468358456,-0.23196308468358456,-0.46392616936716913
-1.6665683936969642,0.9992507889222033,2.520612490010524,-0.20483901380193595,0.19896600149069632,0.6844418802747835,46.18037345349048,0,1,-0.7443588947140337,1.3232294396440205,-0.6057967608795809,-0.6057967608795809,-1.2115935217591618
-1.1326737907438498,1.8173024198394765,-2.7338119056550663,-0.14895454903775512,0.1491460427188841,-1.0824901205293003,22.790159865965226,1,0,1.3654529906704391,1.9222830798889006,0.4216830887565085,0.4216830887565085,0.843366177513017
1.063693108173215,-0.3562240239376108,0.036894564361198444,-2.3189475832424375,0.15084990997565606,0.8591797100591958,77.81834980730389,0,1,0.33318447272782725,0.35064217929989594,0.33610272275124037,0.33610272275124037,0.6722054455024807
-0.7894170991344099,0.02197896230821739,1.6765202281468772,0.45740036821064706,0.4304216785675361,0.49327066841629913,106.8099954747039,0,1,0.21309610372720014,0.21885813157790757,-0.11084037452823994,-0.11084037452823994,-0.2216807490564799
0.81048315617572,-0.0018853659346682928,0.21749739466241547,-0.12552619914268054,0.6353777799503213,-0.8935417406102866,16.615026245251812,0,0,0.846221315916683,2.2235337880562973,0.34400047386971067,0.34400047386971067,0.6880009477394213
-1.5373337313982671,-0.6925262487657977,0.1651794203615481,-1.5786347305115656,0.05030557976568469,-0.0129281620591378,20.46550766821327,0,0,0.20849180288334632,-0.09133811396916937,-0.4230205079069015,-0.4230205079069015,-0.846041015813803
0.7497220818302096,-0.14809024997108614,-0.3720226385943238,0.2631698907089834,0.3326010007622395,0.03310969837405116,37.302837560058464,0,0,2.4155249091885374,2.9129635389506143,0.5993135035478896,0.5993135035478896,1.1986270070957792
-0.5856356616647977,0.3301860531667133,0.6222590605469825,0.5684352886031245,0.077038508221823,1.6285003896620187,17.45106179078415,0,1,1.2927126511957092,1.7749799161475008,0.2829541313888454,0.2829541313888454,0.5659082627776908
-0.18576285913390161,-1.3384809790544232,1.1028736207077945,0.013184998150073788,0.6567788121567256,-0.02627458720368826,67.09770299475558,0,0,0.7638340885315148,1.8651272925127031,-0.10989941236380807,-0.10989941236380807,-0.21979882472761614
-1.4227525568326371,0.20063351864396722,0.8994497215655451,1.838669131952537,0.7398492258080592,0.3655621078985224,25.106983827530204,0,1,1.4813782546652698,1.4082112394410318,0.05714697489996409,0.05714697489996409,0.11429394979992819
-1.1480678036106031,0.16002292581043956,-1.848769859041776,0.744892025238347,0.517622112113665,0.4692889292675991,35.5064387543388,0,1,1.0267218344707993,2.1560306633382154,0.5951216416138447,0.5951216416138447,1.1902432832276895
1.3510337615186263,-0.5366101297178577,-0.05190757369195333,-0.87615534600809,0.615615061874725,0.22048837416308145,15.811108118479689,0,0,1.383619343501851,2.0165005322457925,0.42425354230605494,0.42425354230605494,0.8485070846121099
-0.019932263999214665,-1.1722210107998128,1.8903970803367687,0.2423006019684829,0.5300440446950813,0.43282614105147155,25.688984386016326,0,1,0.6321300765103062,1.2589394671803702,-0.005064853966361749,-0.005064853966361749,-0.010129707932723497
1.2069120022268838,-0.9714618887992231,-1.2582193103814587,-0.06716360477143746,0.7289531568058848,1.0297971669308497,40.98722290943796,0,1,2.7522925983464006,3.737779403580037,0.9277054024151773,0.9277054024151773,1.8554108048303546
-1.1230527297898132,0.6434668063564305,0.5804964078355618,0.3658568571006368,0.30959985360116266,0.424367081319087,22.59024210805147,1,1,1.440613721520672,0.7819109216307898,-0.09061370465113572,-0.09061370465113572,-0.18122740930227144
-0.23234123774578375,0.45679222690066673,-0.0680703214305707,-0.31053861059315657,0.4474315906739292,0.9989512901721479,36.690843894799286,1,1,1.2435545428645614,1.8567213078561322,0.14663939247739488,0.14663939247739488,0.29327878495478976
0.24655513617878455,-0.46888583067082296,0.6911559126510237,1.2078326569115967,0.2611806688149713,1.272399683424926,19.40258533841518,0,1,1.7185511064710988,4.031888285006152,0.5717076550753288,0.5717076550753288,1.1434153101506577
-1.8215222922897614,1.7887186609997554,0.15814094943783952,0.2385809649235957,0.6420657737231168,1.1284963703449045,29.966378471022246,0,1,1.5874305636456263,0.8421978086289119,-0.1559684627247587,-0.1559684627247587,-0.3119369254495174
-0.5041223331859521,1.219426090999295,-0.15004056613717184,2.484840260089673,0.247727698703582,0.07159709492252576,27.59068758142849,0,0,2.149767712288052,4.061208139799435,0.6196712703853926,0.6196712703853926,1.2393425407707852
0.4749675084059017,-0.39014683011146567,-1.0152635493972864,0.4022392828433599,0.4010500395736264,0.6659791299437305,61.061326504658865,0,1,0.9106597766604139,2.5792139441470865,0.83249994463519,0.83249994463519,1.66499988927038
-0.32680901987380084,0.8372998452832304,1.418051295085293,1.3500937510120719,0.25196840052580965,0.4735454949900436,7.680026318959493,0,1,1.0919796868229887,1.7958532968161824,0.2790666485725499,0.2790666485725499,0.5581332971450998
-1.266505125365764,-0.6758480499750841,-0.8636161741751729,0.44120138681865556,0.48534724422784725,0.9593699649402918,45.490770599582724,0,1,1.1084229813449844,1.5902512124285708,0.2983070342287988,0.2983070342287988,0.5966140684575976
-0.3642308918536403,0.7330964037926936,0.06801636090702896,0.2638750624836994,0.5667107704122339,0.48064326197454843,30.20825277061139,0,1,0.9404652665538789,2.757052070315679,0.29453867722956406,0.29453867722956406,0.5890773544591281
-2.3713476152811612,-0.23610336291007092,0.6544655391599882,-2.069061496121601,0.5674239661035128,0.8776243688479459,37.11458923566063,0,1,-1.0380113266959334,1.2974027260448344,-0.8165725720606538,-0.8165725720606538,-1.6331451441213076
1.1125450825366427,0.18029596141988868,-0.3424381325705081,0.44174984405539025,0.17218914360773582,-0.5316033444584182,41.74200249684748,0,0,2.1376034181714423,4.270214048418735,0.7650385897398855,0.7650385897398855,1.530077179479771
-0.6597882177845732,-0.41199667723040356,-0.020712341798786088,0.8631506332428507,0.5639658697815042,0.37501192416511225,8.609023298671344,0,1,0.9528602675043786,0.2518586144553997,0.3398313194522045,0.3398313194522045,0.679662638904409
0.46429327967091905,0.40897707399184274,-0.3902383860228808,-0.288087509683612,0.6288440713180028,-0.014114532661785417,34.15472781349329,0,0,1.441734413179293,2.426491951704832,0.35307623437352026,0.35307623437352026,0.7061524687470405
-0.14897266382717328,0.6831907675991398,-1.2400044750540558,-0.7192257295458317,0.056754750364137116,1.5404583722262009,68.57528644882568,1,1,2.4914357768005297,2.670464551806281,0.4480068672346412,0.4480068672346412,0.8960137344692825
-1.8717639327280822,-0.0714698097134433,-0.4320325151744152,-0.1014227830958521,0.2252162774682873,0.15890262023662977,27.09374549677115,0,0,1.9219934312424822,0.8598362768560768,-0.16135475537513397,-0.16135475537513397,-0.32270951075026794
0.06750261049900524,-1.0640237451209866,-0.29739515627141033,-1.9648914695581559,0.17567649645894023,0.18534279105388335,55.89980450777189,0,0,1.8535326997123511,1.5259187600131878,0.028484841648818107,0.028484841648818107,0.056969683297636214
0.7855737953735414,-1.0082795394624497,0.5396068497769414,0.5007151339691674,0.127467671345541,-0.43943931651579426,7.749915246468893,0,0,0.7734483220339504,1.6316395809314383,0.500783638745185,0.500783638745185,1.00156727749037
-0.37733911909525175,-1.2427288431676147,-0.9377977188819143,-1.3347524097994405,0.5325048959944029,0.8851654526964167,11.937543839811555,0,1,0.9662938001944892,0.4197032954107524,0.2326039360047947,0.2326039360047947,0.4652078720095894
0.9482845845866674,0.5394448414518241,0.3983666518636222,-1.281347635993918,0.08396161339370978,0.2529365223507964,83.00141168445232,1,0,1.2583549565493826,0.9477062096905827,0.1270856585808744,0.1270856585808744,0.2541713171617488
0.30938098329491215,-1.249829990253638,-0.9714064190402144,0.2620354967301144,0.3030245874252452,-0.2754228594477726,44.66449154584418,0,0,1.7701606801903216,2.763513813281278,0.6147765759407843,0.6147765759407843,1.2295531518815686
1.0356971292608426,0.49678865668665084,-0.5208949906871547,0.5763923366526398,0.4771507237574519,-0.23780924853775304,27.109850244710778,0,0,0.6347031627632542,2.4402795600452625,0.7338265410398966,0.7338265410398966,1.4676530820797933
0.05839208971150111,-0.5361480583169824,-0.9901961459252238,-1.2224131574701393,0.15332563688876785,-0.02666179570545931,46.714495104098006,1,0,0.36671634531780783,0.4983799393157443,0.17736041602484015,0.17736041602484015,0.3547208320496803
-0.09989261704378435,0.6048613625407521,0.2727482112271183,-1.3654855612136811,0.42973095397087,-0.48397478445188497,64.63949066108812,1,0,0.7894821864450186,0.05281480160115015,-0.23689736921369703,-0.23689736921369703,-0.47379473842739406
-0.9037969552269345,1.132908239226471,1.1591450174453826,-0.6115172013380388,0.5121001193066338,-1.2390456855873577,29.214921375470144,0,0,-0.8374365236786732,0.9883863662537984,-0.40105217617596495,-0.40105217617596495,-0.8021043523519299
-0.6531744875018762,-0.7907981314772423,-0.3144586469667939,0.34778165391051485,0.32349811117589,-1.0021057710352816,19.942506188127922,0,0,1.456217647115015,1.0415245238443036,0.21125319685384839,0.21125319685384839,0.42250639370769677
-1.3466703344830298,-0.5236801128561619,0.6471566696099664,-1.236547960951522,0.389707254696924,1.308974856147273,25.28382723253162,0,1,0.3525688070504709,-0.34441001322166215,-0.3355505350679767,-0.3355505350679767,-0.6711010701359534
0.23530629204184944,-0.5414444212629039,0.4921403155190154,0.3761554180495808,0.5068089899271571,1.0767025931771352,85.439612087667,0,1,0.051113202388632706,0.030278962229812523,0.4036887100239413,0.4036887100239413,0.8073774200478826
1.4036375627651565,0.5892288170842902,-1.039210034033597,-0.2979786184870891,0.1965863729988845,-0.04285692543892789,40.655697679003865,1,0,1.0859151212896387,4.076437970311372,0.7208278442142269,0.7208278442142269,1.4416556884284537
0.29096416959510474,0.591131412314423,0.6775089052844394,0.4852097704236394,0.6143910967531384,-0.010955483832283692,41.39796453175242,1,0,1.7272911344884818,2.1044137905725453,0.07230190377955453,0.07230190377955453,0.14460380755910907
-2.0435432625395666,1.4461033041912084,0.2565082738158,1.2983155595272873,0.39884067069002366,-1.2685737103786794,53.48392260405765,0,0,-0.14931948982767396,1.2068162420255981,-0.15064889400124862,-0.15064889400124862,-0.30129778800249724
0.8076162681292685,0.3495192440570114,-0.38070003622942733,-0.7948980745650251,0.6570835295984908,1.237052045303518,83.6856858405923,0,1,2.0072617169192704,2.970057532362298,0.5091048625213269,0.5091048625213269,1.0182097250426538
1.6395604360619123,-0.9413686717436072,2.01235230079381,0.5399143721515859,0.5839448552909688,-1.5278113196655172,57.53784698533173,0,0,0.9541807225848817,1.5439829050161358,0.31339723764015026,0.31339723764015026,0.6267944752803005
0.42479916301324977,0.06967392091700925,-0.26794786343587323,0.5864454159788377,0.2569689595988964,-0.24154212279710696,35.61852353646063,0,0,1.8597146494836545,3.8904826476434144,0.5617799201720578,0.5617799201720578,1.1235598403441156
0.33395717474512565,-0.8536972295703269,-0.41255849008288203,-0.7096150318443968,0.25905105763671915,0.4129623673724786,19.06359404645637,0,1,1.5860029955807193,2.4211394448115455,0.4943679171820653,0.4943679171820653,0.9887358343641306
0.7982111027761003,-0.7640591257724682,0.9021004939407438,0.7717276288316809,0.3364432356437176,0.8848424398007749,58.541774495045345,0,1,0.18332891929103012,2.189707177947547,0.5832015967455549,0.5832015967455549,1.1664031934911099
-0.5388179334593752,-1.9193835363104046,-0.06487666671633155,-1.5707199544429524,0.2242410658101423,-2.0191843252940775,17.986183877482134,0,0,-0.1798579697432024,-0.3276168662169864,-0.1331436022851977,-0.1331436022851977,-0.2662872045703954
-0.9773216594853698,-0.8782807322394905,0.7147016817320834,-1.7348668181088711,0.32667854097021914,-2.8276242735774,60.695242776640335,0,0,-0.842167495084612,1.7031408738151619,-0.48156331172941125,-0.48156331172941125,-0.9631266234588225
0.5510835021225027,-0.5991032455144184,0.5444258858997248,1.2109301106000032,0.7180914193684623,0.38153677144432385,82.49712383605566,1,1,1.3669241883414471,2.194542806580988,0.4401551649559309,0.4401551649559309,0.8803103299118618
1.034440366868903,-0.5826580681869398,-1.492258604495998,-0.6476996924453216,0.2455179839966899,0.038616548700449865,20.758493150212182,0,0,2.2475378268818256,4.36734606612835,0.782429934913049,0.782429934913049,1.564859869826098
-1.2453840825313467,-0.6234831518332845,-0.019785730906254254,1.1854895187454553,0.4427403551753063,1.23885430833228,21.014598860328718,0,1,1.254679933048918,1.4852322070353297,0.2627757458227073,0.2627757458227073,0.5255514916454146
0.7880385835231949,-1.0559600831431,-2.31155048052497,-0.24498255793581325,0.48364828437732305,1.1701771180285403,36.17531062262151,0,1,2.4164444323462644,3.932730310074778,1.069019460422984,1.069019460422984,2.138038920845968
-1.1273861580059725,0.35718022559367224,-1.9290712321106485,0.123813396351109,0.08830080368202502,-0.19170044170409697,2.5888695555805668,1,0,0.9270905763029924,2.353189178786464,0.30982176528218397,0.30982176528218397,0.6196435305643679
-1.5967067134237303,0.05263100766831935,0.9780284212599589,-0.6905539852112673,0.6265023103163427,-0.8829239089147458,21.534688424187184,0,0,0.08543520431185342,-0.6098837720937882,-0.5969044042497857,-0.5969044042497857,-1.1938088084995715
-1.8223916660387747,0.8766822992085588,1.233348592863728,0.5548129034954538,0.3154674157753238,0.6255727561073804,45.254545383242565,0,1,-0.8589257156055621,-0.13081033788977958,-0.2574522140777731,-0.2574522140777731,-0.5149044281555462
-0.7412898533692458,-0.6398786844526922,-1.6203022252791666,0.206498294361489,0.546785747971878,0.04299828594956252,57.456085373148206,1,0,0.1877506478410269,1.5769982117993084,0.254846444089845,0.254846444089845,0.50969288817969
-1.7224793617481078,0.3713070337429451,-0.4134942932907976,0.4280921780230988,0.22676505622478782,2.2546138459465674,18.435861863973262,0,1,2.122810498339226,0.9838569216968176,0.13130750178471395,0.13130750178471395,0.2626150035694279
0.8484604387576872,-1.122918116063551,-1.729201448619356,1.0470875555215107,0.8665227646352889,0.2135464093847994,18.267324278379068,0,0,1.029016814837104,3.1811013696831036,0.9385035380298133,0.9385035380298133,1.8770070760596267
1.0758365939624952,-1.3791152042808732,0.06445107672374635,-1.0863436564557074,0.526726920076348,-0.6428416223394201,47.133224497749765,0,0,-0.20334614303554066,0.7437943566119358,0.30509869044992366,0.30509869044992366,0.6101973808998473
1.0778804621559173,-1.0330643878354784,-0.6189326409994643,0.5159818961899405,0.2630540661106178,-0.3170858314060164,36.2497635308339,0,0,3.039686594374749,4.207980837443527,0.8077154758711801,0.8077154758711801,1.6154309517423602
-0.38696104307679,-0.634931404809541,0.24792729471274383,0.21601095470960147,0.41602528241887227,-1.4125970379318662,52.506864090929824,0,0,1.6054713882767309,2.073599772489732,0.11614280716889411,0.11614280716889411,0.23228561433778822
0.24827797599610987,-1.7427935392757596,-0.4184205292379675,0.2568144319632016,0.5808096536150853,0.22969350067880037,25.546267382440227,0,0,1.1528022301082432,0.18858212953001718,0.4084026305970194,0.4084026305970194,0.8168052611940388
0.44467363532156634,1.4367885263354654,0.8818704522802702,-0.4857992578823356,0.2655481389967911,1.2953098449909644,8.652513580566557,1,1,1.989978366212109,1.3918746986730006,0.1393216986103289,0.1393216986103289,0.2786433972206578
0.6591705359885603,0.49507435932909766,-0.7032254935437309,-1.371566221507515,0.36652614256213095,0.5313782712349874,46.60223463425791,1,1,0.4812196738647856,2.317704343579164,0.3644291645701536,0.3644291645701536,0.7288583291403072
1.2755929850677048,0.48220278749868045,-1.0217626229307135,-0.272328939788995,0.8036468154056478,1.7384098121486136,9.348059300279107,1,1,1.7041664568691293,3.547095506688846,0.7000593680043399,0.7000593680043399,1.4001187360086798
0.29245233749213106,0.2098473156578571,-1.9835351667853784,-3.4738546770900953,0.6178310140031769,-2.5178187719549916,9.62805124875106,1,0,0.9095209921596482,0.9364701168175132,-0.05530889404639966,-0.05530889404639966,-0.11061778809279932
0.24060729721833993,-0.2740288935327911,0.009311125410683867,-0.22818497258854134,0.1891304885809506,-1.423996233040642,103.1004666273716,1,0,0.33340054935419033,1.8089714477254972,0.17885698330541921,0.17885698330541921,0.35771396661083843
0.5063320647247691,0.49523368443856386,1.3236786304105599,-0.41579502747118524,0.28195714725679544,0.05243943720266897,55.59753317491487,1,0,0.5168524611866233,0.8188426423306625,-0.09194914085383203,-0.09194914085383203,-0.18389828170766406
-0.33713712745433666,-0.365256006597796,0.6078884896854246,0.05629830448421033,0.2252215699892224,0.41573946776981735,51.519123502761914,1,1,0.9800404984243603,0.7611360914707822,0.08794665459173684,0.08794665459173684,0.17589330918347368
-0.36871429511058984,-0.9692924417707011,0.4070430205743123,-0.538203017201466,0.5817610987104751,-2.3406188733127213,42.10279752415741,1,0,-0.058017866090524034,0.042387688649757116,-0.22928867394409175,-0.22928867394409175,-0.4585773478881835
-0.38260306233728314,0.34880502839414645,-0.6244755048033903,-0.7641219889025348,0.7418871892271757,-0.9302684911046679,60.992204359410216,0,0,0.2458266913392929,1.689024787524005,0.0546608701853282,0.0546608701853282,0.1093217403706564
-0.014396897072079544,1.4450151540516654,0.4940084202150297,0.43704578624110413,0.2844568210174522,-0.7655767648117592,81.27203462118355,1,0,2.9769742312190104,1.9990917430087627,0.09768562085172139,0.09768562085172139,0.19537124170344278
-0.9365172497708132,-0.15217225907462484,-1.6899645397794194,-0.018492488176658547,0.38870935705570436,0.3883881742771327,52.08259941821258,0,1,2.3936525472748182,1.5479121041710873,0.512948475250477,0.512948475250477,1.025896950500954
-0.29100662521912957,-1.6597997212117135,-0.7267258527883105,0.09981440914495962,0.38726625370818585,-0.4520562592965114,7.242040930082826,0,0,0.9370288233347444,-0.26955793855037724,0.3434205253082001,0.3434205253082001,0.6868410506164002
-2.524736677025156,-0.7971902687027321,-0.9869375062835295,-0.5656005529808069,0.0020656308355250165,-0.8542125799464834,40.87532161783516,0,0,-0.9667299398171109,-1.2057786908148551,-0.2521038691217385,-0.2521038691217385,-0.504207738243477
-0.5011599192994907,1.7127972040520711,-0.18179503844564104,1.1030738193977485,0.5011973485692643,-0.06271319337161721,55.78359184274263,0,0,2.2207524419555185,0.6196494154035652,0.31793605488915494,0.31793605488915494,0.6358721097783099
-0.09121250460276877,-0.19526563866479055,0.7863330745132743,-1.2966457086969587,0.3786792599083551,-1.161301671250731,18.478865648910777,1,0,0.4332848561396937,-1.083577861161638,-0.3228120276251534,-0.3228120276251534,-0.6456240552503067
1.3829761165637973,-0.9084583598261207,1.0466511382918018,0.4940560350515449,0.3571603848179979,-0.6082180478281018,92.20739410339058,0,0,0.6606626528885164,1.688269594445136,0.5001816561666256,0.5001816561666256,1.0003633123332512
0.3363378060275011,2.2885418266863713,2.2611926169522634,0.7905790363363356,0.3992976700225003,1.199811946767707,23.95680505393117,0,1,2.061160206623867,1.9030792709544198,0.14318499569334275,0.14318499569334275,0.2863699913866855
-1.0021551526056844,0.2211451550992914,-0.0718474508912378,-0.18529905080267528,0.11878951480010895,-0.28012391917221197,59.00127023351637,0,0,-0.6350927165473567,1.4765350572964255,0.013339683769973004,0.013339683769973004,0.026679367539946007
0.22270614638962097,-0.7507272898352767,1.1069134910236993,0.47246720588360236,0.2721601768218153,0.3729226449799366,28.392328866081108,1,1,0.16875454269312762,1.8546219232271026,0.19856240758569277,0.19856240758569277,0.39712481517138554
0.17209725384536922,1.123427053290616,-1.4197193700747632,0.589397973591426,0.27994382281264824,0.503066271305455,16.676729718674576,0,1,3.1818669486905566,3.148543586329064,0.8994306102645725,0.8994306102645725,1.798861220529145
0.7324387902458301,-1.4452816617654067,-0.7768847259399733,0.42750414045919904,0.527897858450093,1.1262320069270098,30.767984246524364,0,1,1.3957659384484067,1.4996752921713543,0.8262527602302603,0.8262527602302603,1.6525055204605206
1.011339165377047,0.6326905947043775,-0.4380295898833027,0.23751006048690296,0.5222410648718805,1.393502589305909,41.280765455183676,1,1,1.469723567121761,4.631539637188036,0.656955431398291,0.656955431398291,1.313910862796582
0.9084919237038249,-0.3507634118450661,-1.0533099271377562,0.12424221231905176,0.24163485888232406,-0.18916922970793265,32.29675975354946,0,0,1.1841465745273039,5.837430300175752,0.7904771546930489,0.7904771546930489,1.5809543093860978
1.111136551795517,0.15433592997769613,0.06802457770304064,-0.8142586097571145,0.2766525142127904,-0.7287699345875677,25.972957290165162,1,0,1.622055437030965,0.9014001507815934,0.28318967424072566,0.28318967424072566,0.5663793484814513
-0.9546722935007677,0.9047145614283266,0.9733431086824377,-0.9787872596176426,0.3911741056057866,-0.630558937856333,50.691307657639776,0,0,0.41539494794393506,0.44662586968783624,-0.41150721816691566,-0.41150721816691566,-0.8230144363338313
-1.6202954712574777,0.9522789485030057,-1.5486779050129942,-1.178024142498898,0.4298950693625499,0.3115953824054621,22.42572879619901,1,0,0.43495089769441286,2.7279246433491386,-0.22819275514604867,-0.22819275514604867,-0.45638551029209734
0.5545447167499292,-0.23644956504975437,-0.3707619560281359,0.504077495756348,0.7180938142696903,0.2920774441903436,64.7113168970757,0,0,1.9715693151469766,1.758336780868723,0.495231584827587,0.495231584827587,0.990463169655174
0.9371826551318934,-1.918271200070759,0.9848406077355856,-0.022208693834410428,0.38193384327382895,-0.5783668413403136,16.39699639819669,0,0,-0.2960203730683342,-0.07538032327906696,0.2900845224591885,0.2900845224591885,0.580169044918377
1.3158809519623025,1.725485095019847,1.0086232525342642,-0.19674981377823375,0.36119723967096323,-1.1978371248584583,14.984293210075489,0,0,1.14075964338133,2.8610956180819436,0.36444724699079345,0.36444724699079345,0.7288944939815869
2.407869379378098,0.4999812808160747,-2.271618717177838,0.09206662332289023,0.20972824187118785,-0.4607443734662865,44.2889889139696,0,0,2.817039114645866,8.358257157850037,1.480196758154027,1.480196758154027,2.960393516308054
-0.1979699605435832,1.6320383273274264,0.5476522933005507,0.3593508383782061,0.30668153202191906,1.183419209147384,30.65554394104857,0,1,0.23449263493370465,2.0751599160221703,0.31516448974449207,0.31516448974449207,0.6303289794889841
1.0034889178916722,2.235018870339226,-0.12196347172665559,0.22276656342040224,0.10438827738460536,0.08506672527181504,61.06386620319978,1,0,2.1098653084137187,4.667043307572062,0.5228536556328996,0.5228536556328996,1.0457073112657993
0.3637794609414125,-0.84064009804855,0.6335214601495164,-0.8229797775487618,0.08525416666685377,0.020707656638752694,38.48966350516656,0,0,1.0972262592245428,1.273091437271059,0.13388616787187993,0.13388616787187993,0.26777233574375986
-0.9377619962390684,-0.18594005015998635,0.7977102590544312,0.521156704643664,0.5793444936007559,1.2838379041310721,34.66481845126208,1,1,0.5540458133496905,-0.2287538528338754,-0.1233040875672359,-0.1233040875672359,-0.2466081751344718
0.8520247923768064,0.7249761805290931,1.8744864832025965,-0.7128903595671691,0.20661436554372806,-1.5279719414934936,17.766965954368754,0,0,0.3431984045866482,0.9165521868876587,-0.011727796891650606,-0.011727796891650606,-0.023455593783301212
0.6522685610487423,0.8705932907704231,-0.2785609598001672,-0.8265199855495483,0.48298942043401116,2.275885417881545,44.18455078129091,0,1,0.9506965828796838,1.3493393757595515,0.4792275499466033,0.4792275499466033,0.9584550998932067
-1.2750620200458325,1.4447694950482222,1.5484637776013193,-1.6881338843011504,0.17757447954513342,0.8956414978771018,10.867405363049595,0,1,-0.4111130502154702,-0.44304388467844025,-0.5441613709501625,-0.5441613709501625,-1.088322741900325
0.5482497023550363,-0.29089511051206596,0.6608238859735592,-1.5144836102358374,0.7357963696783731,0.25437571255689573,39.333285239972085,0,0,1.9766359478230118,0.005060888499513472,-0.10106951682003304,-0.10106951682003304,-0.20213903364006608
-2.533373556728719,-0.4772678777355258,1.0170348818719364,1.0446265338035488,0.42821484098173324,0.652658277203321,39.28418330987908,0,1,-0.38371882563010307,0.04826638354717547,-0.34783105564684447,-0.34783105564684447,-0.6956621112936889
-1.4315731264355536,0.1855070396993852,-1.2330628759214965,-1.5174494373845242,0.5447271581631706,0.8570464094778117,57.87108506591297,1,1,1.2152399136561605,0.8915462477918157,-0.17344205938760104,-0.17344205938760104,-0.3468841187752021
0.2668270160770898,0.2743423972606069,-0.6066036126381696,-1.507043213107519,0.6172870357484861,-0.20293796625413385,5.687272292197307,0,0,0.2867226533172783,0.8722544323696984,0.12874769234299238,0.12874769234299238,0.25749538468598476
-0.3511921981916609,0.9965082765297717,-1.0230545855879305,0.5948912677326833,0.26140053795653506,-2.189470155637862,40.81435107665348,0,0,1.481371202046309,2.3554543694660355,0.5110824924179943,0.5110824924179943,1.0221649848359886
-0.12931614672522884,1.6623569428132576,0.3588506986093163,-0.4817214914971348,0.5262466231456229,-0.9561302350606322,48.01780541881723,0,0,0.7525891247948192,1.2330919931635544,0.011835267198452598,0.011835267198452598,0.023670534396905196
0.586675089406351,1.2266668681243662,-1.0695882236427572,-1.807679786839468,0.33566326149942927,-0.7831629985036402,55.79482085543234,0,0,2.0994915223075075,3.869331698206899,0.3336368898442177,0.3336368898442177,0.6672737796884354
1.7037337891966364,0.5696718964868825,-0.9178173179853546,-0.7932743221247459,0.18210573635220892,-0.6546737188299937,98.5570921113597,0,0,1.9340770021996752,4.339353457937764,0.8324705162248519,0.8324705162248519,1.6649410324497038
-0.7315210540521487,1.253536467809173,0.41670403799665795,-0.4827207012691888,0.31911685090513625,-0.9631365300449889,89.468691583852,1,0,0.46437894785571493,1.7539873103891161,-0.2599785539395531,-0.2599785539395531,-0.5199571078791062
-0.5921324937971875,-1.3443493174112373,-0.7652432960054011,0.5238722954042657,0.5851887000917586,0.3076389553033068,29.911456258644943,0,0,1.8236722857985406,0.6917799240578835,0.2964081520087215,0.2964081520087215,0.592816304017443
1.4353852164153873,-1.380167017291699,0.40350955410803474,0.5132890279163165,0.5125041041661925,-2.047502438859122,50.64205968332728,0,0,0.6959535845808076,1.1494546410300357,0.6225267987175916,0.6225267987175916,1.2450535974351833
0.4784822257152157,-0.5543387946112024,0.07792819524620027,-0.37062427591401714,0.30598007880165756,-0.6494593340395284,37.93736071461198,0,0,1.3703374184211343,1.6784997991680863,0.31668323166917545,0.31668323166917545,0.6333664633383509
0.48939608868480616,0.28345397079676105,2.6109446950115984,0.6250238702624716,0.6223526495039722,0.37783463019940244,26.293240592375387,1,1,0.4601492156241221,1.1305723839426718,-0.11423726730451439,-0.11423726730451439,-0.22847453460902878
2.003956217335926,-0.1726574274136087,-1.3306941112698598,0.6724694392515409,0.45775674657524956,-1.4792191585900096,13.67976865550323,0,0,2.6315101416420457,5.835078552517893,1.2050433252206458,1.2050433252206458,2.4100866504412917
-0.8456992145817045,0.04908031654480395,1.0321334974849106,0.08201732116595138,0.2313847106505489,-0.19859529602032613,33.42702437920267,0,0,1.2981206146638153,0.5809447814048168,-0.16463436227581807,-0.16463436227581807,-0.32926872455163614
-1.9522508895411468,-0.21543041142905525,0.6084660988290604,-1.1595666507627416,0.4052067264138728,-0.6757371394259454,16.639156225831652,0,0,-1.3773601371002238,-0.2526393551766599,-0.6464644022905374,-0.6464644022905374,-1.2929288045810747
-1.2932918674416718,0.32266336257357403,-1.1636351694835956,0.41626215459622906,0.519335137107489,0.7910765277339489,12.715325180229858,0,1,1.987129006263387,2.8228988079267774,0.3441647693242468,0.3441647693242468,0.6883295386484936
-0.2965343501864116,-0.812020823248508,0.38144108653190306,-1.3390294464245929,0.213723587518984,0.5926981239588868,87.53089403595422,0,1,-0.27799167344048514,0.5652478976284024,0.04073438154980319,0.04073438154980319,0.08146876309960638
-0.11618320914795502,1.7781215031437079,1.168753403916736,-0.032364392660083265,0.46504150209190526,0.45321592120364335,73.184440299717,0,1,1.5454521486299038,2.1708229263111547,0.09290740139601845,0.09290740139601845,0.1858148027920369
-0.8425715491289436,-0.7148365068206022,-0.7638647103255998,-1.1682323044081886,0.23426019547186636,0.12282472865077342,92.22838715509728,0,0,0.8484650667939458,1.563903108642662,0.005625940808805886,0.005625940808805886,0.011251881617611773
-0.17779485598966568,0.07018710154234424,-0.5134663804936468,0.900492014123556,0.4009387852353324,0.3938828192630856,47.97011761469376,0,1,0.9664832300897465,1.8553071274929667,0.6290432981172562,0.6290432981172562,1.2580865962345125
-1.0515529669202404,-0.9280949129142065,-0.6945306474212428,1.1722362929299,0.18496863624148568,0.28827768892832667,108.38038969067406,1,0,1.585245007482327,0.13034150605749528,0.2249719717244315,0.2249719717244315,0.449943943448863
1.1912627193794916,1.8904840523647888,-0.4487306016776006,0.5937185440985361,0.15930098726605627,0.772505153869512,31.882778522359878,0,1,2.9949192599102687,7.4046603155263995,1.0009113947892128,1.0009113947892128,2.0018227895784255
2.063541532291976,0.246240550521191,-1.1995764475376673,1.1356365896125757,0.2629114952537754,0.392018416622728,50.897623200330074,1,1,3.5,8.19810855100186,1.3430142747693976,1.3430142747693976,2.686028549538795
2.273327917165734,1.014874686251642,0.8111229502732755,-0.8922226133075338,0.2757300191836997,-0.19615809900810277,55.5831546473566,0,0,0.5803196230827177,4.665277157232513,0.571309492746841,0.571309492746841,1.142618985493682
-0.07583611077226193,-1.3509651873592288,-1.2379775595999725,-1.344077408719607,0.055958159347403766,0.3952201246988734,32.21299463088389,0,1,1.1687556548145683,1.6316546672143253,0.4957570602828545,0.4957570602828545,0.991514120565709
-0.9209857767818389,0.04233767369739612,0.5606018289215462,0.5207385271647164,0.6474191707983531,1.5329192756496708,71.36861643440076,0,1,0.6210155527155359,0.9694786491201457,0.057143914036389146,0.057143914036389146,0.11428782807277829
-1.9604487356438995,1.2223211832024383,-0.6129489356769848,-1.0911284640421068,0.1860809840251978,-0.7348673875217566,56.6095164917371,0,0,0.1192029317263707,1.2635499890783186,-0.3151394398249819,-0.3151394398249819,-0.6302788796499638
-1.0342722885665019,-0.49911758808629575,0.6400005109035893,-0.3319690488465703,0.40370972780924047,-0.7402115943604834,20.80012282386236,1,0,0.3458007552235887,0.42448434659277473,-0.38704111666401053,-0.38704111666401053,-0.7740822333280211
-0.755695116405553,1.10307185314245,0.06919421877456157,0.6543053199634432,0.39532338325096245,0.5914787668790331,116.8798718433109,1,1,1.7732030971330293,1.4854304533237137,0.15607998488923042,0.15607998488923042,0.31215996977846083
2.2319602321292114,0.5905121993567188,0.895196053822979,-0.10414793323337633,0.39978497146851094,-0.7643700984503743,18.84431910725109,0,0,0.7367138119866595,2.0252830297422224,0.6533107120206735,0.6533107120206735,1.306621424041347
1.4663997565511742,-0.5683420839875927,-1.8285412628845001,1.1468872110366348,0.7440720498974829,-1.2781890040749706,72.32478421292436,0,0,1.3032470314853954,3.6281668920251127,1.1807334156801172,1.1807334156801172,2.3614668313602345
0.06301125253724528,-0.8156765590337175,-1.0354804156042878,0.7965513103573121,0.11111024117651233,0.17324396118493626,45.00317422420539,0,0,2.673304370029106,3.1723125840465447,0.7021616201253251,0.7021616201253251,1.4043232402506503
0.847246036493739,1.1074846050615161,-0.09717276657004961,0.4452030582771271,0.3727515288583768,0.0957586094018882,76.95436247231996,0,0,2.506209540149041,4.3820420972036755,0.5892830824275304,0.5892830824275304,1.1785661648550607
0.4241996937380943,0.2497756821490612,0.4249955003896635,1.8162914539430621,0.4877888003248219,0.7119535415280972,39.25015656955137,1,1,2.0767825502762447,3.6451705093334494,0.5951400537927344,0.5951400537927344,1.1902801075854688
-0.014875016159543121,0.39050768337827163,-0.4419756666337469,-0.22134579940713708,0.3409844180335122,0.45453105783006625,91.38020836560102,0,1,0.6572714695207932,1.4481684480273773,0.4713911379134247,0.4713911379134247,0.9427822758268494
-0.9009236780125285,2.4824783192751636,-1.100146725806988,0.29227091743388334,0.28814405386936254,0.4259426564732248,38.052522446140934,0,1,2.7527776653733076,3.655849174879868,0.47322784204348134,0.47322784204348134,0.9464556840869627
-2.1151004759248537,0.1582144739957895,1.3406404314673497,1.9280796997839893,0.07141537564163938,-1.0356099179731395,49.63966679054931,1,0,0.40813013403557735,-0.6643580169285918,-0.3572543723746514,-0.3572543723746514,-0.7145087447493028
-1.0523381183489355,0.6770323267948051,0.17096664675968906,-0.7500288935755574,0.2213737175768494,-0.8908177398011609,13.000578487639595,0,0,-0.5088122191123324,0.2550695745563718,-0.18040222848687773,-0.18040222848687773,-0.36080445697375546
-1.3165536210292441,-0.7096813716809418,-1.8710279776412628,-1.1683332313585668,0.37391531404310135,-0.4001918421871939,46.14929215966722,1,0,0.2594721016878175,0.3312754810727203,-0.057048515821996895,-0.057048515821996895,-0.11409703164399379
1.1946118648776451,0.3681552148486055,-0.3239410679661356,1.075025620774303,0.21161013989038302,-0.5534525729578048,29.10026880625652,1,0,3.3732510765549284,5.904637869808637,0.7484765352839731,0.7484765352839731,1.4969530705679461
-1.0205889719390036,-0.7732211609251406,1.171381993261459,-0.2166934340785796,0.4920314795298148,-0.5180270638720029,11.264280267919911,0,0,0.5679240666439743,-0.12086473281721039,-0.3605613238817419,-0.3605613238817419,-0.7211226477634838
-0.9508000059692199,0.5012690568271151,0.09711105055664863,-0.9824069080423516,0.25136092331789367,1.4176829873073016,54.58075501252422,1,1,0.7610274483234383,0.3738179402969947,-0.16474829783776207,-0.16474829783776207,-0.32949659567552414
1.4830603654106407,1.0650429682941442,-0.5910962796731964,0.7988255305112764,0.2060325712238072,-0.15516777035952198,40.49298979291349,1,0,2.5703710392742187,4.972610542492135,0.8396388622413986,0.8396388622413986,1.6792777244827972
0.2710767178082851,-1.6632713480680126,-2.126658968575712,-1.012469832090862,0.4120870999036771,1.0038118355026304,90.52419302716257,0,1,0.5571961586033127,1.6981110584697385,0.7626209803197389,0.7626209803197389,1.5252419606394778
0.4274480171825672,-0.15821455800589174,0.6456885218671138,0.2564904190195178,0.4137510384319857,-0.2346627932831201,28.631724930806495,1,0,1.276529689074957,2.7355900873669237,0.12450199620019042,0.12450199620019042,0.24900399240038085
-0.4463605606213563,-0.4594116145667592,-0.013526841007283137,-0.7665497719805218,0.2632998021397942,0.13670844539596924,15.238818548175718,0,0,-0.5393647161911042,1.1482963821961152,0.016824036577578028,0.016824036577578028,0.033648073155156055
-1.6056285305181204,0.7240247114506774,1.4731050834756543,-0.7623888618671297,0.8381107707806896,-1.116585155192117,38.03844200637722,1,0,-1.5,1.5893158951606332,-0.9120356870331665,-0.9120356870331665,-1.824071374066333
0.42787140234955656,0.9410427544346157,-0.5820453597183326,-1.0377571141929847,0.09136896908067647,-0.67616350698574,87.09826539911043,0,0,1.417438457519708,1.8483908506713058,0.3791291386618094,0.3791291386618094,0.7582582773236188
1.0808787292606163,2.1978530035740076,0.06730230144682058,-0.5940555418898555,0.1561070702896525,0.8673546570447238,11.076740317478594,1,1,2.097412610517173,1.9999390385714833,0.5034438434649816,0.5034438434649816,1.0068876869299632
1.003817475516552,-0.19702041888703736,0.5347055961544898,0.5422902812217208,0.3912581830976723,0.650959585063416,31.476504258087388,0,1,3.023815602110731,3.43941511365482,0.6671439486671153,0.6671439486671153,1.3342878973342307
1.0735437982307576,-0.3381872514497414,-0.1028653483514546,-0.1712322339014517,0.3968595280854083,0.577000973247815,49.12101567310136,0,1,0.3921559669162804,0.8743106148232653,0.697154551299173,0.697154551299173,1.394309102598346
0.9997350106115583,-1.3606374477291245,-3.1989308272388293,-0.3217274056736184,0.2523634676682732,0.5665038260571931,51.24914132227326,0,1,1.9591906443585834,3.4748463848210633,1.365212419702142,1.365212419702142,2.730424839404284
-1.0164926416987758,-0.5722656568348329,0.9698318393784806,-2.9873235701191416,0.32835931206084495,-2.017836840839579,60.95767726491634,0,0,-1.39288803639799,0.27228963815980656,-0.7745054218549713,-0.7745054218549713,-1.5490108437099426
-1.4689529669435952,1.4573266654697392,-0.8495352052847992,-0.8873508164083618,0.6981074487429769,-1.1463013952734766,51.16098749058431,0,0,0.4710654469525103,0.4826862523981107,-0.21167802023337043,-0.21167802023337043,-0.42335604046674086
0.4321295706146445,1.2601938821832777,0.741343422454784,-0.6584050599790965,0.28123296812458987,1.63415951042867,30.585716642452418,0,1,0.515486382000991,2.145406447933088,0.2718919036859091,0.2718919036859091,0.5437838073718182
-1.7883510608768378,-1.7529260564583948,-0.8585913334204635,0.6674660472308762,0.3468948537958205,-0.2939647113868472,38.44958756843616,0,0,1.2884439260303138,0.9532038181948395,0.06504091989754812,0.06504091989754812,0.13008183979509624
1.273916424562602,-0.7394284460526275,-1.2296292044104307,-0.5939432457443802,0.35555308003073516,-0.20906431715581786,52.93401637177098,0,0,1.3612123778080476,4.346632105626079,0.7749725004064585,0.7749725004064585,1.549945000812917
1.9305832736842974,0.022518808411982984,1.292077668543633,1.5073187297808848,0.32535609841620566,-0.6804067507160704,62.69342883964654,0,0,1.6091239121938596,5.349170476811928,0.789538137292674,0.789538137292674,1.579076274585348
1.8225590364606008,0.2787359169740367,-1.047781827148003,-1.375035825218227,0.12336357671394046,-0.9388052421728685,53.0956805041227,0,0,1.2978512585352564,3.308180661041219,0.8037148252309024,0.8037148252309024,1.6074296504618049
-0.9756801724933429,2.32740945562267,-0.3186720001440725,0.09880376673367111,0.168314732243835,1.728343247034013,34.83226133958074,0,1,1.742114627375007,3.278181871322579,0.27430653400710037,0.27430653400710037,0.5486130680142007
0.595618868611727,-0.8600318028249864,-0.21910308406539036,0.36102525224600324,0.6280672477129341,-0.8963070969209495,58.09605061220765,0,0,-0.18161727466751743,2.7490027726809885,0.4692243676588458,0.4692243676588458,0.9384487353176916
-0.018949190515756345,-1.3048168769525716,2.5414924018224405,-0.1769844793716525,0.4315384311471234,0.10481816845966739,31.20838984030629,0,0,1.0719226250724947,0.7527637594408352,-0.3598605315075558,-0.3598605315075558,-0.7197210630151116
-0.22045035026240384,-0.19094008575046403,0.01169581380757533,0.36512839188445206,0.5560966415624974,0.23200330976333264,7.876906707129911,1,0,0.06562895173256866,1.5559832472435473,0.06796073945306239,0.06796073945306239,0.13592147890612477
1.3412048217212642,-1.5091153989981574,2.5590869383732775,-0.13172368188411865,0.2259853156128824,-0.3398012938418273,18.80882947555404,1,0,-0.3433015794265268,0.723505686131255,-0.0654085148464002,-0.0654085148464002,-0.1308170296928004
-0.6257038485967062,0.11249685356719376,1.464058537072488,0.21414185997212068,0.7476797233156779,-1.191469998969356,29.749278139125025,1,0,1.35078696672098,-1.4198962761945895,-0.4381875545638061,-0.4381875545638061,-0.8763751091276122
0.32265771562434536,-0.35812453409757405,-1.5831538137604615,0.2795142537237861,0.593767357829811,0.08015218737494394,11.662839979821342,0,0,1.2766079504392376,1.8532727527630999,0.686446399193245,0.686446399193245,1.37289279838649
-0.9639742863499444,0.27502620293762986,-0.4756186468684082,0.18330704493890213,0.34258632720405546,-0.34511473901386736,31.346514234104255,0,0,1.0164716635455675,1.5830142719249696,0.12549785169309444,0.12549785169309444,0.2509957033861889
2.0813699979621,1.1621541077520385,-0.05636799962807609,1.8790948070032973,0.5601203869666983,-0.1271780686253672,20.195940960285316,1,0,2.2384599831619107,5.815423501976059,0.9989927317361506,0.9989927317361506,1.997985463472301
-0.20836675686349926,0.7121696133342142,-0.007127854149079922,-1.5293993914218167,0.34882607364713203,0.36986365346142835,35.57997654667879,0,1,1.714764695108086,1.0117124924194352,0.08421528785977911,0.08421528785977911,0.16843057571955822
0.02337655058493155,-1.922679384553753,-0.6890074425831278,-0.6551500454598408,0.5233153610176426,0.9400955687140945,21.048456445418466,0,1,-1.0482493880296115,0.4155802459223347,0.41460437670506345,0.41460437670506345,0.8292087534101269
-1.7278921942115715,0.4773041702199454,0.14309586074941635,-0.033566228579868906,0.108169262174184,0.24977269872940142,42.478378548213925,0,0,-0.14778667929236144,1.514532045358985,-0.20729344781029216,-0.20729344781029216,-0.4145868956205843
-0.5847978382389862,1.1821509522849387,-0.4528242909147254,-1.1924901135963604,0.13913090845931125,0.9332481072437133,36.33000796093716,0,1,0.3014430694470207,0.5227607124782438,0.1878383108167439,0.1878383108167439,0.3756766216334878
1.908279752423611,-0.9492771961874407,-1.21601738957711,-0.3802189195313883,0.49385780418486014,-0.5477973977726902,11.259778316636028,0,0,1.8196762296094051,2.269150461751999,0.9548768778655591,0.9548768778655591,1.9097537557311182
-0.11809485148663315,0.641871054670088,0.8383731526594354,-1.7900717954229979,0.45941874836725954,-0.3834677730114351,35.56922911375635,1,0,0.29844215061440954,0.9283541904900903,-0.4499820747856149,-0.4499820747856149,-0.8999641495712298
-0.47949905556487316,-0.5525595986123019,-0.7112063382041527,0.7634739000762595,0.2849415958394054,0.17316269065483567,31.57798830650668,1,0,1.6981282755946527,2.1999306306622577,0.2912449778590185,0.2912449778590185,0.582489955718037
0.678737758293944,-0.11116710189392316,0.4000073735597396,-1.4603799128719348,0.499426310419854,1.4042576488868457,133.41784841534684,1,1,0.4193185125923282,2.5701819470519585,0.0793142513214484,0.0793142513214484,0.1586285026428968
1.8545526435956456,0.08086984502442945,-0.8126597767499381,0.3786567562839452,0.4256478610152568,0.4035722490362251,50.626826832669416,0,1,1.6346171409045556,4.855453494107544,1.1640626205792157,1.1640626205792157,2.3281252411584314
-0.4028254464150613,1.5301594292216685,-0.17471251977887758,1.8884228402878043,0.6491835137864549,0.1196804383056783,49.17268847960096,1,0,2.3345028097279306,2.2459208383939226,0.30975769729819147,0.30975769729819147,0.6195153945963829
-1.2362962522345127,-0.7399741032966819,-1.0006393532615385,-1.0016973394152582,0.2013621255240904,-0.031552540760906043,114.20904151018804,0,0,0.2424943893884094,1.2759736593862332,-0.01465472412865327,-0.01465472412865327,-0.02930944825730654
-1.3970154555609744,1.416106776417215,0.23486441072040742,-0.5165516299873687,0.40373637428187903,-2.3602440020559152,45.37338081733447,0,0,-1.1755805202325664,2.431851359605047,-0.2927105211409398,-0.2927105211409398,-0.5854210422818796
0.2469810361916329,-0.706233843901071,0.632422666587306,0.9066547427043534,0.3454478922988812,0.08108743614808922,98.54700551899606,0,0,0.4753627456057808,1.0549135868587727,0.3503120630195021,0.3503120630195021,0.7006241260390041
0.5353365388000085,-0.9687577886727596,-0.6858561021748888,0.109585349658093,0.13565972581708075,-0.8945636603499375,9.404118891824908,0,0,0.991044905125423,3.000891602574723,0.6279496020848354,0.6279496020848354,1.2558992041696708
-1.2696361770812326,-0.7034889553657571,2.7345208219283297,-0.7995776536666134,0.1898580644391431,-0.09304121042841994,30.738697282271602,0,0,-0.22465393824354013,0.6019797337920773,-0.8065826235323624,-0.8065826235323624,-1.6131652470647249
0.9162975427598204,0.0960494604908234,0.6701651634449125,0.33165036003774834,0.26202497413829984,-0.7715990785218901,36.66759489082489,0,0,1.8979839800045464,2.391431964344918,0.44593804702847184,0.44593804702847184,0.8918760940569437
-0.7979902207132334,0.1431268977490502,0.38193481410263597,1.2920685781712482,0.12211582182783207,-0.20146916594031414,45.91576836923574,0,0,0.70427571461871,0.9254518643200739,0.23580162592985973,0.23580162592985973,0.47160325185971946
-0.821676296619758,-0.274172212678886,-0.3345238746707043,0.5408000769798197,0.07228567934320958,-0.602729130172246,87.65893575161577,0,0,0.8952177870669842,0.8055205101373514,0.2635213401880199,0.2635213401880199,0.5270426803760399
0.06503287973945159,-0.436404533241541,0.9467093783770497,-0.8145071123461571,0.5383245084774513,-0.9155916591491575,41.70747716003058,0,0,0.934732645068735,1.1788063710323642,-0.12587601917280106,-0.12587601917280106,-0.2517520383456021
0.603694218118765,0.8354130687944057,0.7961080397095188,-3.1121013416921905,0.1287932519630622,-1.1427593824723015,76.35870003144697,0,0,0.3864826008601223,1.4985553027451504,-0.2571980096385691,-0.2571980096385691,-0.5143960192771382
0.23466735153830223,-0.36332712360311065,-2.235788744897602,0.12404975455665679,0.5240740562881566,-0.9408806625817673,59.511252286094354,1,0,3.005618918482112,3.9287381912744914,0.6541315646192377,0.6541315646192377,1.3082631292384754
-0.7068190492518496,-0.6820994358236447,0.6134859461911278,0.26993742508471363,0.29144919476345243,-1.24704116800963,93.77061695036119,0,0,-0.49848794323771267,0.230715592659257,-0.01423531218054612,-0.01423531218054612,-0.02847062436109224
2.006965536475733,0.5014030197504822,0.019500368746888916,1.5769390974075046,0.18954476646952037,-1.1869238467569092,55.96639790749662,0,0,2.7764179731177228,5.59408894133605,1.1360185626695558,1.1360185626695558,2.2720371253391116
0.4460230627658795,-0.3561330481781186,1.0475933082412991,-0.11775612549925099,0.49025863128769137,0.7210978855661851,28.00793427121516,0,1,1.0211851512726005,1.0599165603119947,0.25555775566244937,0.25555775566244937,0.5111155113248987
-0.39093791739478867,-0.7464464796755038,-0.4727657510728656,0.9861844845801361,0.8135346983228113,0.12498613429809495,63.72574246125401,0,0,0.43302658771754854,2.27585108148568,0.3168107279924395,0.3168107279924395,0.633621455984879
0.6821470680682763,-0.8728904914594765,1.808867485411373,0.7927175701273396,0.4101303650920298,-1.3453643037569376,128.46741587437796,0,0,-0.04636282617926224,1.333904924110489,0.17730820726944924,0.17730820726944924,0.3546164145388985
-0.7005304277375283,-0.46864036425058664,-1.063708995858229,-0.4312519079828883,0.27758180784707676,-0.2215022503419739,52.35620225585752,0,0,1.1149628035333266,2.6535423319434885,0.23362248200208416,0.23362248200208416,0.4672449640041683
-0.5451309345622147,0.33860958757076093,1.0779131205594865,-0.7576197786054353,0.07738526793891891,0.6585067188830361,64.92686773297916,1,1,0.043563541383101256,-0.2636684945773682,-0.18472157265482603,-0.18472157265482603,-0.36944314530965205
-0.8916723961586184,0.4140017961408151,0.7335902410410972,0.2611338361142117,0.17448272711190002,0.6588746449030868,82.11864674653124,1,1,0.08121302566803945,0.5900625086831066,-0.045929887959752405,-0.045929887959752405,-0.09185977591950481
0.41023007521267574,0.6907503740358426,0.386591250485282,0.2769272178861327,0.6582606342651294,0.07374621447116965,37.85482620659423,0,0,2.2976389007612097,1.8724895932546106,0.2616786929486601,0.2616786929486601,0.5233573858973202
0.002553862718661937,1.9539426315294668,1.6184093003051723,0.8036659421757626,0.5599847143188706,-0.8201755017702508,30.513583361982832,0,0,-0.4615335299605754,1.7175919706522964,-0.005071426350804209,-0.005071426350804209,-0.010142852701608418
0.8246364042371425,0.7165979088048041,0.29868829431154137,1.1235454335078505,0.2225127006896064,-0.6533596614055903,22.783323847729328,0,0,1.6067818107160583,4.207910714955789,0.6540218983037683,0.6540218983037683,1.3080437966075367
-0.026723585896623325,0.5779222839687286,-1.1124876414329279,1.6435761349031266,0.21783987027549112,-0.7844219933687355,21.679896670531136,0,0,1.813291041198688,2.9817057964286504,0.8208268124806345,0.8208268124806345,1.641653624961269
0.6225163417051541,-0.5059710055832615,0.15261664417305218,-0.5557592532115285,0.6286601759855921,0.6768622062178372,37.61354085571322,0,1,0.8610084522067336,0.9250581829310155,0.38981380614475447,0.38981380614475447,0.7796276122895089
0.8313431338139448,-0.19029741560242192,-1.8911375634256986,-0.1703324060362726,0.37771752295739697,-1.764277917799433,22.657119587474366,1,0,1.020231979474672,2.730581993188952,0.727514302825254,0.727514302825254,1.455028605650508
-0.11412329266235689,0.5620167256107679,0.518866567073641,2.0467837677240666,0.55003703172689,1.1784992655608848,92.9223449027098,0,1,2.058547932257758,2.476975391188975,0.5903070238742175,0.5903070238742175,1.180614047748435
-0.26210378824203606,-1.0843522991888803,-0.3445400844993351,1.3749952662559761,0.13694270129800656,1.515236926650979,88.9238291123928,0,1,0.9892723753016412,2.0429864179533754,0.7170426574966376,0.7170426574966376,1.4340853149932753
0.5256480645929489,0.23055598274622255,-1.1073457283070038,1.1259479894697366,0.6611015433665066,0.27388151865612437,81.16160433089883,1,0,2.863376657523574,4.2723874044975565,0.6348037860101575,0.6348037860101575,1.269607572020315
0.7287047433118631,-0.28777325843259316,-1.0769679433186852,0.6312102492275897,0.22745248815890542,0.171562289136391,37.44926849838767,0,0,1.8001122880238838,4.059913806670228,0.8399995233602613,0.8399995233602613,1.6799990467205226
0.3991213666778097,0.30705221205316696,-0.8953831767432237,0.30474864250667844,0.48450804189211455,1.8727337717117893,50.0194295802153,0,1,0.7459742081047829,3.0356307826888957,0.7473111071503906,0.7473111071503906,1.4946222143007812
1.9624328150693993,-0.9476184926474843,2.1941363794907565,2.1386127701217097,0.2729513063359072,0.08725483958144961,59.818658322987346,0,0,0.6253798426448753,2.4827807736744787,0.7262131698327554,0.7262131698327554,1.4524263396655108
-0.9540373040522463,0.6510928781020967,2.1836014338914045,0.9151877330474744,0.07042295477010078,0.5257092769453932,62.54100537222815,1,1,1.0607564550928201,-0.05694605154368593,-0.23969047778701677,-0.23969047778701677,-0.47938095557403354
-2.1538377685366665,0.10749273932794805,0.045017392198920175,-0.020506082259430153,0.2988787308524373,-0.43280817475048544,44.56175103226249,0,0,-0.3543916407671984,2.5900778006150067,-0.34840039168531145,-0.34840039168531145,-0.6968007833706229
0.48131307967022935,1.0446279570973065,0.22966922160385153,-2.792550726483916,0.3837290037113468,0.9836749091302517,53.437269888914464,0,1,-0.32981736837906905,1.8340680376503185,-0.01051365810301122,-0.01051365810301122,-0.02102731620602244
-0.35465305952593656,-0.26010273957448254,1.66589011766447,0.5638645988072217,0.28340957273739315,-0.18089288102260648,20.94354651843939,0,0,0.3493967494937801,-0.40372528761845217,-0.09232135222512006,-0.09232135222512006,-0.1846427044502401
-0.7957812233223048,1.6416208348215628,-0.8658811948750894,-1.595733239686937,0.289232821533253,-0.4726628717941617,66.74360018305141,0,0,0.9165262548235844,1.5793936580998311,-0.048972739969355056,-0.048972739969355056,-0.09794547993871011
0.7217403275376691,-1.3098288014086483,-0.9579043097096372,-0.28490410402024935,0.1588674654256383,-1.4170158649083362,14.349619500261348,0,0,1.800532545604411,2.410353749906742,0.6634153094208695,0.6634153094208695,1.326830618841739
0.08375862544773326,-0.39049327977174053,-0.6285094241858241,0.3303275288685047,0.27284133217229944,-0.3878798829779442,33.614593588210965,0,0,2.1403168589962434,2.8009267892936847,0.4957015239212257,0.4957015239212257,0.9914030478424514
-1.4688675807390588,-0.6696812427877127,-0.41490581204896926,0.6728920050328742,0.35942075705327187,-0.38727756048878575,39.85966625464387,1,0,1.1450431835687183,-0.3147861529965146,-0.08514406474303117,-0.08514406474303117,-0.17028812948606234
1.1305663724107342,-0.9687451377971816,-0.921715536112022,0.6620168818343358,0.7027158877795722,0.17282282339680016,47.07867903376984,0,0,1.3343524222717498,3.2813936314235024,0.8098472278827336,0.8098472278827336,1.6196944557654671
-1.3416338603217977,-1.1993614865183229,-2.808073226747646,-0.26294440737311764,0.4358248328016786,0.6365435929957426,93.39011659887899,0,1,1.536883016594662,2.1129515360527606,0.5901906757948148,0.5901906757948148,1.1803813515896295
0.430207785688252,1.188637473362695,-1.0709173191253534,0.2531094363873093,0.6232450628473346,2.441996125312139,47.24628436147696,0,1,2.441405134221126,4.854967199611503,0.7520408736666438,0.7520408736666438,1.5040817473332877
0.7974450367078815,0.13370629687403326,0.5736739545617007,1.1687951471001896,0.2605188699129124,-1.4115702978408033,87.61112970189627,0,0,2.107573580614044,4.580770416510344,0.5849349379735679,0.5849349379735679,1.1698698759471358
-0.3927614267572043,0.7711920349599837,0.7389271250587286,-1.07926807937495,0.49895127073168394,-0.09228162171549867,26.207323002726238,0,0,1.6140982967566355,-0.6626423918670792,-0.24655372626803262,-0.24655372626803262,-0.49310745253606525
0.11417298304948965,0.9257150027187583,0.5228195042731312,0.7471853969732425,0.17651500905481776,1.4626612092255873,19.420426843202304,1,1,2.7051873167283276,1.9199789193671866,0.36907791359579556,0.36907791359579556,0.7381558271915911
0.7463487086573043,1.1827777124550727,2.2603339755088987,0.43481942220206743,0.331112434728469,-1.8475741116394666,82.79415611108003,0,0,1.5423327925782921,1.8413091019776773,0.05050467547362715,0.05050467547362715,0.1010093509472543
-0.02615751019771271,-0.9028823941744235,0.7597201682372128,2.5141224243627094,0.6518906163374482,1.2624282073976754,29.023321853743564,0,1,1.50402240668322,1.9074464848928299,0.6216257485967538,0.6216257485967538,1.2432514971935076
1.0835848309463443,-1.5696773282929206,-0.9723290048660653,-0.8284725009123598,0.25230433448303946,0.10292540364626954,60.1512309801216,0,0,1.5784033459420632,2.841368087957393,0.6476380432953567,0.6476380432953567,1.2952760865907134
0.45736448128850454,-1.4107215674383748,-1.9120293011218095,-0.49932140956356924,0.31939199064234625,0.9781983851669853,32.18827345408242,0,1,1.9380886885384059,3.767375635016588,0.8821765695319739,0.8821765695319739,1.7643531390639478
1.2085532667999013,0.3141314000404535,0.4964138493768674,-0.4405824940027751,0.586034610530443,0.6429014081292701,114.40041506339884,0,1,2.9394650311393633,3.039996581825342,0.5092307123932558,0.5092307123932558,1.0184614247865116
-0.9223982920512591,-0.26605057549987027,-0.4558963054461574,0.5481391811963199,0.5505218861685245,0.6728712823341667,32.2852920057246,1,1,1.8452758739483905,1.8779635390188152,0.16856546535869377,0.16856546535869377,0.33713093071738753
1.3095545209848938,0.0068450369246654845,0.8692739120863414,-0.30901349277881723,0.12401143749420185,1.3675850084964463,29.792209877252567,0,1,1.0274200681497814,3.1943448543841644,0.5900498315179797,0.5900498315179797,1.1800996630359595
-0.38198846972858386,1.1344608162671868,1.0406039645237488,0.8387852228659388,0.3804578112938105,0.5987571589575722,34.344020232798705,0,1,-0.6753671746805852,0.7279541704303168,0.22378182168612626,0.22378182168612626,0.4475636433722525
-0.8768589465263225,0.5111712411168307,0.6195188761219985,1.0415287031141933,0.3489426503010511,0.016934769939890224,37.347840643572454,0,0,1.9072445163099374,0.7893556756771668,0.061914272714092555,0.061914272714092555,0.12382854542818511
-1.3503348226187477,-0.32447161975980926,0.5301591323475203,-1.0657143884555837,0.6190838999157403,-2.08256223739862,75.0453905513198,1,0,1.9373360059124938,-1.858697759116989,-0.6351374853514866,-0.6351374853514866,-1.2702749707029732
0.2052818892718748,0.11790431835597616,-2.589217576543402,-0.8784196911858397,0.3632371368731922,0.5061082845255157,18.056246191742236,0,1,1.6605021929008008,3.6557584084018893,0.8818143385726562,0.8818143385726562,1.7636286771453125
1.2645084081477158,0.020968107831069033,1.1902109933876135,0.688132747132118,0.37384548328103046,0.10024227662180098,30.800639648817643,0,0,1.613418102499271,2.2195377288739397,0.4663569142324193,0.4663569142324193,0.9327138284648386
0.040968382274479444,1.3596607585505684,-0.694658445883642,-0.9537892622786378,0.6520913099136133,0.8755891533655586,54.75829725475477,1,1,2.5349502153888723,1.8182305355788033,0.19611202354183355,0.19611202354183355,0.3922240470836671
-0.08643461755600461,-0.2641714430699539,0.7164179063621807,-1.3113462412321306,0.3351898690372679,-0.3888674810428891,77.92147642421497,0,0,-0.5648601198193199,1.6400080330022984,-0.15830152430608885,-0.15830152430608885,-0.3166030486121777
0.3695860510503362,-1.111246332711106,-1.1684055848760617,-1.0517446753693807,0.3688842573039371,-0.050034671400405815,81.44376058884434,0,0,0.9612640677804376,1.648514480530519,0.42268705964739434,0.42268705964739434,0.8453741192947887
1.0445775421889878,-0.09801434716605287,0.003923364293804963,0.8560868729796759,0.16274681779076675,-0.28715723509418944,22.645396023055316,0,0,0.9131460279256232,2.824369853798587,0.7466549725348373,0.7466549725348373,1.4933099450696745
0.9691555797979564,0.18858634796389423,0.38454981832749446,-0.1448384406514731,0.5611279023913541,0.6884086612603944,103.1921208318117,0,1,2.086748579848723,3.858446063190937,0.526020986420189,0.526020986420189,1.052041972840378
-0.14204428487176962,-0.26293080117614653,0.7596597425558838,-0.08085089375483491,0.17490597507069544,-2.1654772210772766,52.60311841497261,0,0,-0.28792976793682135,0.3349205241653218,0.07657186198077295,0.07657186198077295,0.1531437239615459
-0.8091595991361519,-0.21666988904528803,-1.4846503643673876,-0.7871748332583193,0.6433752522038988,0.4300894012461563,17.093155772665355,0,1,1.6681617853516182,1.066032926285063,0.30395686188726956,0.30395686188726956,0.6079137237745391
0.16321636965428943,0.005029611924835824,1.4304483651522037,0.2114485570711784,0.27441006521769856,0.2979060336618122,27.147313483876808,0,0,0.39301004750686525,1.327314974775032,0.04320426779028069,0.04320426779028069,0.08640853558056139
-1.091048830366244,0.8057477974049319,0.06280953688866273,0.21443714940524514,0.605456807068279,-1.1592362940098948,39.1228781530899,0,0,1.3176404712112761,0.7970682346202906,-0.08602271742149692,-0.08602271742149692,-0.17204543484299384
-0.7303607660185428,0.025285075604758796,1.8663576500596522,-1.2870573827354386,0.2299146210309801,-0.35087120687893786,61.19554476838833,1,0,-0.7359691853495016,2.062060594722215,-0.7019495354381295,-0.7019495354381295,-1.403899070876259
-1.2513306148264074,0.9129491957009099,0.8198130558058863,0.0035007017870595167,0.18034438098331718,0.4628185259821373,44.052629411481036,1,1,0.2473704604193918,2.1481337752055265,-0.2133839695430145,-0.2133839695430145,-0.426767939086029
-1.8662828688115165,0.4557403225660461,-0.6155009869837484,0.844125514896789,0.19645196516461888,-0.28583681936656474,39.534113590342905,0,0,0.12769399247759827,0.2005482994178308,0.05764513491111345,0.05764513491111345,0.1152902698222269
0.5778271998539568,-1.3110764992837554,0.5464896781588133,-0.23423695925656335,0.6395888394530438,0.13881170367318654,49.10227643579984,0,0,0.177818319071382,0.5720318939859024,0.18589991262925712,0.18589991262925712,0.37179982525851424
-1.2756478831001858,-0.8320384360142293,2.346026803635622,0.664533869601972,0.28527201553684084,0.27188526767906596,23.272970604200808,0,0,-0.5069342384821754,-0.22360785705216932,-0.4821564912683758,-0.4821564912683758,-0.9643129825367516
2.192418153863501,0.9448913969597772,1.4745700181718064,0.5446210107401848,0.22401294571699523,-1.3638941034295995,58.461165762828465,1,0,3.0472977543479995,4.68682292214131,0.5337403540451373,0.5337403540451373,1.0674807080902746
0.5273892247685206,-0.037122112903685445,-0.0954569827301797,0.9527278869060551,0.21264965597817184,0.6960187488964591,14.113564540941821,0,1,2.0964153311419595,3.6282204806675513,0.7891246213441541,0.7891246213441541,1.5782492426883081
0.17993144518171633,0.45223584600461975,-0.0997916144908062,0.2267340893814488,0.31214421695754724,1.8589839111567719,95.21827104146594,1,1,1.3683211245393383,3.09631386464107,0.3982324838577075,0.3982324838577075,0.796464967715415
-0.5742784508164325,-0.1984781581333595,-1.3216618443565098,1.0014027315085807,0.10791768240716995,-1.2890728073231341,43.649023771485176,0,0,1.5939007647670826,2.097781782500732,0.6243198874236547,0.6243198874236547,1.2486397748473095
2.180548220371788,-1.797663875134425,0.7085960029002397,0.3203185471865722,0.3735321464468751,-2.625762071480586,64.9644809537312,0,0,0.1561854136801446,1.424572749157867,0.7626720044123809,0.7626720044123809,1.5253440088247618
0.0545591685080265,-2.061183890635219,-0.016231588665677314,0.44456684532650165,0.28165996190469234,-0.13542499247134132,23.324786122783266,0,0,0.17572244935735049,1.455668870829589,0.37127115799034055,0.37127115799034055,0.7425423159806811
-0.4110134175154488,-0.25967444826243297,0.49175163689249807,0.8480212542645195,0.10100904210015407,-0.4253086689868767,14.130148126728105,0,0,1.7805842970502914,1.4422499576140224,0.24513253864290127,0.24513253864290127,0.49026507728580254
1.5803643124522382,1.1764619713448343,-0.9237500487426086,-0.8605978663315457,0.4037817550428666,0.391141384691331,60.04950538141035,0,1,3.5,5.264482898245342,0.8939117810600344,0.8939117810600344,1.7878235621200689
-0.7520798169150561,-0.9697928869154435,0.17040621531352063,-1.2167529343315575,0.4266332857317746,1.0153880104347253,89.66806007441468,0,1,0.6735437950235567,0.5947663362029254,-0.06947923286049648,-0.06947923286049648,-0.13895846572099296
0.16720652591454666,-0.6873858646480274,0.49842243970646216,0.6317795604468318,0.4005270518109527,0.20532363800037343,26.660683565678617,0,0,0.5287115019606976,2.0170899071968167,0.29475871896645245,0.29475871896645245,0.5895174379329049
1.0422404496692985,-0.3994124561557063,-0.259131682810698,1.4328072718361264,0.3343903190311646,-0.3138125981647042,20.039749280788545,0,0,1.5273324334738005,4.1084433194445555,0.8664879284887805,0.8664879284887805,1.732975856977561
-0.7605693581589706,-0.4529646408985738,2.1426324823508005,-1.103930688239818,0.5951221569038876,-1.1331012538050111,40.58359484839292,0,0,-1.5,0.6619039162456961,-0.6858754079417881,-0.6858754079417881,-1.3717508158835763
0.26916926112185796,-0.6560949823029328,1.194025126805679,-1.0590301977417769,0.38658489399512436,-0.9798371437998041,23.105325372517036,1,0,0.40308074013714157,0.600386666375428,-0.2707239449354788,-0.2707239449354788,-0.5414478898709576
0.5613754020835754,-1.6499439353477106,1.1446759468797032,-0.8255575103287474,0.5620516974595587,-1.1064954929282165,17.877112317573815,0,0,-0.21852155384242655,1.004495949354331,-0.03813635497960219,-0.03813635497960219,-0.07627270995920438
-1.1666219487616203,-0.528206373236275,-1.767022073086429,-0.4067145785028623,0.21041155858661537,-0.5439470239251921,44.60084994150091,1,0,-0.3928101554256893,0.00035879311502362565,0.13838331223445777,0.13838331223445777,0.27676662446891553
-0.4146705705306273,-0.9642057180438663,2.1786900784028997,0.1365585681387649,0.11051200825321618,1.202787953059882,42.634529874262824,1,1,0.38659033273821264,-0.2706362448094541,-0.2373619167130078,-0.2373619167130078,-0.4747238334260156
0.8656769099694472,1.6240469413582084,-0.9114018657391477,-0.22052254541836083,0.3603212572274926,0.014511870945982691,5.617009796390163,0,0,3.2963099187212705,4.586000605728563,0.6567267853441546,0.6567267853441546,1.3134535706883093
1.769095806106036,-0.47507687514667396,0.1399126562426072,-0.14445614682892946,0.35569189403993723,0.9050336666578077,32.63293741714372,0,1,2.143014131384676,4.128175807675991,0.8531978803375243,0.8531978803375243,1.7063957606750486
-0.4780027638613483,0.9520132007681861,0.2524390834931219,-0.7073861653309085,0.5791738452992569,-2.511451102974419,48.29530029432337,0,0,1.9149379312659014,2.872108079393614,-0.1157086048810495,-0.1157086048810495,-0.231417209762099
0.3782582918702382,-2.4625960425965423,0.4761512774741519,1.2454346007525108,0.0767972034393775,0.14812474711421195,11.118532055809984,0,0,0.5162981809620888,2.3700140160693777,0.5469059399893547,0.5469059399893547,1.0938118799787093
-2.1328763094961047,-0.06329482376988685,1.1200817893362205,-0.6335222985946859,0.24652262732432959,-0.5319871594305129,82.15963555519225,1,0,0.3548282821428934,-1.1427545802017756,-0.8168228046177604,-0.8168228046177604,-1.6336456092355207
-0.06750052233999596,-0.7205360778750435,-0.26947846653890584,0.8321888982990256,0.45635811938492954,-1.0201068425262942,26.018535438103005,1,0,1.122318456874965,1.4666314453733702,0.280653169424802,0.280653169424802,0.561306338849604
1.3835075086926505,-0.09806153494341144,0.6942313668015515,-0.22189283660069112,0.38169935991185,0.3096301315104499,157.99191820792342,0,0,2.557546479787879,2.1488627192257868,0.44310264477063244,0.44310264477063244,0.8862052895412649
0.08626960611388672,0.46961007030610785,-1.2282767274884372,1.0487007850036638,0.5639630726304862,-0.1645770381442415,60.81140233779863,1,0,1.7228899066858399,2.283069372114658,0.5477913736286872,0.5477913736286872,1.0955827472573745
0.9770759300014243,0.9276201205238188,-0.46427756367345047,-0.1802502927966662,0.4975086937333801,1.5926128945528495,108.89853655003841,0,1,2.502714620220601,3.332376595648225,0.7238751852091468,0.7238751852091468,1.4477503704182937
-0.3135137519841897,-0.6247262759911122,-1.1630038664736195,-0.17513277085334028,0.3566472755907671,-0.273876120480262,44.16227708420501,0,0,1.168386895085728,0.8521315119281112,0.39095775517323783,0.39095775517323783,0.7819155103464757
-1.8751403320896864,-0.4605027763555146,0.36313114633723176,0.029188204516603224,0.6212207314064586,1.4064186322801502,39.12788910678316,1,1,-0.2669386227935015,0.2473043144807094,-0.38876724390386463,-0.38876724390386463,-0.7775344878077293
-1.150382554969381,-0.19225134191358068,0.789282255816832,-1.4486921484342261,0.1381223345906862,0.6151394244130666,11.330396650701186,0,1,-0.5194990898774723,-0.0951890531076674,-0.2896631586910551,-0.2896631586910551,-0.5793263173821102
2.1014324415246035,-0.42192507289318765,-0.10878352929638693,-0.09001718284871285,0.6214220984856212,-0.28645796122949074,61.90711188303758,1,0,0.8244600655223523,2.3053395437683255,0.6469890635227766,0.6469890635227766,1.2939781270455533
1.0547450792701676,0.6226325343398027,-0.47149876229691784,-0.2999543282656818,0.4107709338856996,-1.7190071656535482,37.57650238466879,1,0,1.7463373178639747,2.0953182919275037,0.44648154668057827,0.44648154668057827,0.8929630933611565
-0.31083218806241875,0.12451696506874652,0.12518099797997898,-0.15748628121041677,0.19551335517803065,0.3637570263054612,21.32518905767921,0,1,1.6072554819798082,1.1289969452217354,0.310156431926325,0.310156431926325,0.62031286385265
0.49648863269176174,0.01737997408586453,1.0520116154639219,0.5173336737119496,0.6524521317063721,0.13449299314083318,24.774186577239846,1,0,0.625071240020771,1.575463719021971,0.044105811410252105,0.044105811410252105,0.08821162282050421
0.2923892475789166,-1.572681351688681,-1.3057232993210102,0.35224201229616203,0.21392649181947107,0.03790987328877501,79.94863301400397,1,0,0.31842371506409073,1.625063152942859,0.581189319349355,0.581189319349355,1.16237863869871
0.6311521088928588,0.8959203858762489,1.0934146191470766,-0.5828414815000095,0.10688219040287016,1.7099866377306723,18.363114370207974,1,1,1.26009182577452,1.5016361280904496,0.16560818191095306,0.16560818191095306,0.3312163638219061
0.1713640705575041,1.0193017367499961,-0.47305147124762736,-0.5179037363951065,0.5082635423583963,-0.9931295436819745,18.143456220535736,1,0,1.7188321592889464,1.6968156826432326,0.1368473407134449,0.1368473407134449,0.2736946814268898
0.6056947106927107,-0.42451991159789126,-0.6648106248606966,0.35465436520709454,0.2466239975555306,-0.3098403186775992,15.711910977389218,1,0,0.3887213606077815,1.0727491798352329,0.5205008827872619,0.5205008827872619,1.0410017655745238
-1.6285724010524618,0.006839300131982281,-0.696448038835615,0.7038507795092248,0.3479828822192655,1.8427226765132496,47.85462999978226,0,1,2.18199598714102,1.981557359856903,0.2403955448281827,0.2403955448281827,0.4807910896563654
-1.1931946304856687,-1.5023368829820836,-0.5978813420014799,0.9468414611943794,0.33360030137648,1.171196616563886,57.41177969878776,0,1,1.312715880282322,1.1745018604294588,0.38780678938897145,0.38780678938897145,0.7756135787779429
-0.2739090439679373,-0.2682096464675748,1.3392510994728795,1.008446848415595,0.4890506432439752,-0.7954146267888293,79.95593725281107,0,0,0.4782838508342432,0.7342525287472066,0.03281850414119712,0.03281850414119712,0.06563700828239424
-0.5136706551578928,0.508337465574554,-1.7830012231682875,1.1106875850527904,0.265726349079937,-0.34288628336645577,30.610637081125567,1,0,3.356366331508391,3.7363254103045325,0.5845819271831305,0.5845819271831305,1.169163854366261
0.5036115093542282,-0.3603884648506346,0.4406811914841084,1.2462497267963053,0.4306739120346026,1.3163982673961439,45.32700616896823,0,1,2.213887427266556,3.0381670175740485,0.6650245724277105,0.6650245724277105,1.330049144855421
-0.5660616860412828,0.3660414351876461,1.8470580306984712,-3.0087319291333094,0.6215995638423323,0.34135451150504803,21.848796737474444,1,0,-0.6369739021721625,-1.0407938590394195,-1.0556056814113783,-1.0556056814113783,-2.1112113628227567
0.2350567356855459,0.9008014850355458,0.7051585019897383,0.07622918337265025,0.670041511438257,-0.14479669796332378,22.874128277606676,0,0,0.38930370290596217,1.7511654108319434,0.10359230581610585,0.10359230581610585,0.2071846116322117
-0.46103242159873314,0.28820350577752346,0.9247787483356665,-0.1966842503037858,0.18732559763875983,0.1895471816623461,47.79878119393355,0,0,0.33942477321889614,1.2693601020638332,-0.0729017111694757,-0.0729017111694757,-0.1458034223389514
-0.3371518343514149,0.23927244997613692,-1.0601490270130536,0.1547640962106909,0.35967569827287693,-1.0365827422169147,48.16280290034658,0,0,0.8941057913685779,0.9558412573678403,0.4203656420569094,0.4203656420569094,0.8407312841138188
1.0533097289642974,0.6336110409383852,1.036930406575231,0.4577642680496061,0.25241297024188875,0.06400751986797253,47.76752347939047,1,0,2.319200640471413,1.9875728218643158,0.2886204900543283,0.2886204900543283,0.5772409801086567
1.7962905085564485,0.7534679959586159,0.318153840394102,0.8499683501045591,0.4603856147116545,-0.15595656650020465,68.63307031442753,0,0,1.095550523330701,3.3972125199880034,0.8154692529971267,0.8154692529971267,1.6309385059942534
1.4863907310091624,-0.0776023434139792,-1.5525030123982022,0.19978573261485955,0.11127462313802589,-0.4950584212784964,44.62662195977052,1,0,1.9382510592308415,5.134242353430449,0.9669955897277184,0.9669955897277184,1.9339911794554367
0.3807967287811314,-0.571497879566574,1.4060402665021583,2.175791892029997,0.22693453979157105,-1.0495895565201656,21.899659333207843,0,0,1.710810809846322,1.7165412320676372,0.4744724764436644,0.4744724764436644,0.9489449528873288
0.40210864597950824,0.28438847744256834,0.10222366870442036,-0.13265514847317014,0.6554303739784155,0.23893698764715288,77.89204124844679,0,0,1.0883202093752675,1.3207522056915808,0.24891999727929948,0.24891999727929948,0.49783999455859895
0.5095490625471005,-0.1376652255592632,0.697704032356842,0.5064813769647473,0.07366315145580897,0.4711502781922278,56.947498051870944,1,1,-0.2031126448269296,1.9999958575565508,0.42266634189894325,0.42266634189894325,0.8453326837978865
-0.5612018039545495,-0.41536958020408143,-0.5736207484543887,1.5869966859447753,0.4441488540473832,0.3209021840357803,22.238429965697488,0,0,0.3680615153961502,0.3568480053715517,0.4881237380513792,0.4881237380513792,0.9762474761027584
0.10152486132696459,-1.3683370911262358,-0.6548578154298477,0.055807084825410004,0.1672041824249797,-0.8551326429088999,74.66819465702139,0,0,0.835626361658665,1.7911762834158547,0.48241195205269527,0.48241195205269527,0.9648239041053905
-0.07080024188574281,0.3501357588514545,-1.5465110900861345,-1.1083438642067167,0.5764761954258242,0.9424488879861556,58.141256629671325,1,1,1.478414060582162,1.4722919842161746,0.3425521896315348,0.3425521896315348,0.6851043792630696
-1.3385431275525055,-1.0701094093573864,-0.2579544112851602,0.7033775596184102,0.5166503840285398,-0.01953220424082955,36.774643219225695,0,0,0.10253213735592004,0.741478931145689,0.024569763332497982,0.024569763332497982,0.049139526664995964
0.3575683111785599,1.5498840675244154,-0.2648741648663499,-1.1598581536315398,0.4891209090523469,-1.5892962484823538,36.17909274174973,0,0,0.9185313574116671,2.9566294714981565,0.17222795757435333,0.17222795757435333,0.34445591514870666
-1.087368407349106,0.3252077190120649,-0.00422376923010343,-1.3616524637353644,0.14368126394163322,-0.5606579560524059,30.184476067242475,0,0,-0.6103325316881314,0.22876714915416174,-0.24311487164548445,-0.24311487164548445,-0.4862297432909689
0.01958973225991538,0.876167197900642,-0.4034975583830002,-1.640362453320447,0.37360560828297756,-0.31553874727298314,28.587176161255467,0,0,1.7974826465683964,1.7575833071489113,0.049324000291441294,0.049324000291441294,0.09864800058288259
-0.17249378525457945,0.2867626167302902,1.266273068957897,-1.4066386000911295,0.5129319393844275,2.3777459795204225,129.47104430210325,0,1,1.1044099259238802,-0.22078049616873285,-0.2031769485106855,-0.2031769485106855,-0.406353897021371
2.9673753314981233,0.03266362552445444,2.658494272613786,2.047596082746547,0.5281604997338524,1.2535102401281062,50.88543407607266,0,1,2.4474333173569573,4.661780148308596,0.9878051278026958,0.9878051278026958,1.9756102556053916
-0.7891172034464865,0.4782610609626956,0.4418048074757843,-0.29605213015723003,0.657688766200383,0.1202401681491592,10.147754477096957,0,0,0.6677885928767587,-0.18291796716781183,-0.18928456192608206,-0.18928456192608206,-0.3785691238521641
0.5083594181664243,-0.7874824514969607,0.20679219908062768,-1.3600500072902233,0.7293117000488741,-1.05923133834162,71.88586947879261,0,0,0.8042475124741579,0.13144990388050715,0.01700254396489073,0.01700254396489073,0.03400508792978146
-0.1875078904905569,0.12867243019122604,-0.35304528960286413,1.9706634639429847,0.1849637741649723,-0.06153108785030033,33.42612761341483,0,0,1.580369878191497,3.0444152369913335,0.6754958720854181,0.6754958720854181,1.3509917441708361
0.9823161050687057,0.2951211341552492,-0.5122560445727268,1.2986791518036338,0.15661462195627707,-0.7949528445811779,52.63652643468083,1,0,0.6579820962012866,3.1075981280259053,0.7839195772803852,0.7839195772803852,1.5678391545607704
0.7124168686534338,0.2995987912543387,-0.2626762286093264,-0.9328692262084322,0.2303546516830322,-0.06327379889765614,24.31871734808511,0,0,0.3550552686932653,3.424367836419891,0.3740639163955678,0.3740639163955678,0.7481278327911356
1.7283874509221453,0.741979597747188,0.45958359530665627,-1.99811687472092,0.34629429869114287,-1.0066359590519394,90.92208671644926,0,0,2.2103712564215403,2.76217866890189,0.2800684261550965,0.2800684261550965,0.560136852310193
0.449192410469121,0.29756825550298843,0.5456629237892456,0.9148229519944409,0.248365636041467,-0.8421253964672898,34.26602207484268,0,0,1.1872866725673725,2.225594733508038,0.4507884104067672,0.4507884104067672,0.9015768208135344
1.0362615006162306,0.740761533282248,1.1783023662968435,1.7569155228529671,0.6668293285329022,1.2931020247748168,19.714312336632418,1,1,2.2987289287422445,2.769777062566655,0.5471324548528766,0.5471324548528766,1.0942649097057533
-0.7053097650052128,-0.1984387424403396,0.9315955418579268,0.577915970986976,0.6448652483662699,-0.17671122881828522,70.32959491448939,0,0,0.5565545088498755,1.949565236797274,-0.11318053824045257,-0.11318053824045257,-0.22636107648090514
-1.3065099368730484,-0.22617172877648495,-0.6427005131331598,-0.2822307406334482,0.45977105248786126,0.7673637239222928,48.57779840756504,0,1,0.37314100003935724,1.4709414072000933,0.11442474465373421,0.11442474465373421,0.22884948930746843
-0.9850203692095656,2.631446625383591,1.484760838264568,-0.43075563660374094,0.30393616841109805,0.022982084734151156,89.18228828869835,1,0,1.809544918091,-0.07413600826878142,-0.5529337828042202,-0.5529337828042202,-1.1058675656084405
-1.2710056519633914,1.507121556437367,-2.1188374156676697,1.2774919673156528,0.47613642009148033,0.7874101486322576,10.23224163148457,0,1,1.8679736835706582,3.46278086185097,0.725938462192,0.725938462192,1.451876924384
0.8469171792226835,0.47356413126445507,-1.684115503020163,-0.06397185484381566,0.13867916407373385,-1.5192274425955299,29.94933880433649,0,0,1.2403494353023592,3.6980922814844064,0.9028442875972044,0.9028442875972044,1.8056885751944087
0.3212453251045849,-0.26092531070801805,1.489645338795168,-0.20786650083048305,0.14072973309093004,-1.1347025528329526,82.61697809226304,0,0,0.8731038966298098,1.9099247321716515,0.031035610403036686,0.031035610403036686,0.06207122080607337
1.1257124891083186,-0.04663975171266192,-0.3325355435544281,-2.563206865169765,0.3432412096186078,0.7184196444101489,117.93486222472845,0,1,1.6201942100684459,2.7591981911852885,0.3446021904932799,0.3446021904932799,0.6892043809865598
-1.4232764336872714,-1.4432581908904738,1.225299273655819,0.5820470904968964,0.13921680384978816,1.6587135042908652,57.63964339444191,0,1,-0.9561705972924435,0.38858509872606106,-0.09672679827122402,-0.09672679827122402,-0.19345359654244804
-1.3859490938949313,-2.4902407520176943,-1.1280806011069475,-0.2664214829877391,0.34871843669597125,-0.7739456346161625,25.90247372864086,0,0,-1.0685563680963723,-0.2924834530284746,0.0684636942081216,0.0684636942081216,0.1369273884162432
0.16563560131303465,0.23122447420107117,1.6544847870176762,-0.9892111597676051,0.3779260884977059,1.102252551259092,29.743007634094088,0,1,1.100660795953933,0.8987910381628221,-0.08636895477385739,-0.08636895477385739,-0.17273790954771479
-0.6230257101311868,1.1169316393568838,-1.1806440617171543,-0.30495044293443646,0.28356420572221996,-0.2921460392432174,50.22102676917015,0,0,2.0638295356088863,2.380461806886612,0.30234800563951025,0.30234800563951025,0.6046960112790205
0.9147905039745539,-0.6774460856061193,0.06560823539022619,0.24428294057623165,0.3267638009683495,-1.4899136467723424,25.985323218221698,0,0,0.40730291025741755,1.964069471199844,0.5472551463983432,0.5472551463983432,1.0945102927966863
0.7976739719952965,-1.0897334153018436,-0.08901894386654852,0.2360370226405224,0.4294687460254872,1.6701939722105217,44.38185974904346,1,1,1.6400778865499022,2.095460882224717,0.5423470448385008,0.5423470448385008,1.0846940896770016
-1.5518002782020344,2.3989078547098432,0.7251186365794353,-1.9225555191124253,0.17020489862021235,-1.1344873151419554,84.66348122893538,0,0,-0.8996708035256725,1.6454434095447228,-0.6409393470531328,-0.6409393470531328,-1.2818786941062656
1.8147559206773074,-0.2737882355517263,0.030248015036295643,-0.3193546599563599,0.4824110256266774,-0.19844957595293655,28.334212224187308,1,0,0.5310465145635928,2.601873204310528,0.5282146095391136,0.5282146095391136,1.0564292190782272
-0.34922584191691913,0.29885630912391353,-0.8385829929585203,-1.3015077589536455,0.39984966846757564,-0.1513195950885557,25.01315276520604,0,0,0.8877567188985905,1.2191303446296442,0.09646970567026282,0.09646970567026282,0.19293941134052564
-0.6362655232010397,0.9343830881042675,0.9252734950186302,-1.967072648789107,0.4452829071221292,1.58897195166813,68.55433149340203,0,1,1.206331323712225,0.6386261350963952,-0.34265548989174,-0.34265548989174,-0.68531097978348
0.9656845079917578,1.1520094867946116,0.8598567999106501,0.6862379253566588,0.17750451008725415,1.0343609820385775,55.097698912657606,0,1,0.31066269516848055,2.549597681742772,0.6621449104006067,0.6621449104006067,1.3242898208012135
0.9364599918483764,-0.7422968686683383,1.1011046074672421,-2.545932688115917,0.5838250075806497,0.09579472259582911,26.700471354465396,0,0,0.1301715868865022,1.2643785624788517,-0.23842010160546886,-0.23842010160546886,-0.47684020321093773
-0.6990941507153853,-0.5728600188719675,0.4356077813378051,0.5790224870728061,0.524866128480408,0.9201350179344032,89.467027696923,0,1,0.5443607165132083,1.305744682932355,0.18667610274318222,0.18667610274318222,0.37335220548636444
-0.5321596595896203,0.46387212632365815,1.6275289876694794,-1.7432059149078987,0.44319218199382776,0.13225140430846702,60.58414825834039,1,0,0.7188899743226542,-0.2298152174521992,-0.7272042703343196,-0.7272042703343196,-1.4544085406686391
0.4479739461324668,-0.21982128022821712,-1.4515552462465566,1.4929228180919416,0.20416438438611556,-0.7954812700125445,62.72546395749653,1,0,1.284658135808003,4.3649399461823295,0.8645015140952149,0.8645015140952149,1.7290030281904298
0.047979425671472314,0.09107744801029374,-0.9726419950298671,-0.05469840212255658,0.07670115892127569,1.0573012823583392,38.14208602912537,0,1,0.7885456176178531,2.0146752363179616,0.6991614875714168,0.6991614875714168,1.3983229751428337
0.9034624479946431,-0.14739326632609417,-1.045185312702721,1.7944498684774473,0.39310133136319886,-0.37465601490950384,43.96688996338416,1,0,1.5918928067757636,5.348385400916295,0.9115669110318715,0.9115669110318715,1.823133822063743
1.0239486313768658,-0.3614887325368667,-1.246059268334364,0.23517253174284544,0.5663922211230376,0.3637219634123486,20.31252192421374,0,1,2.193980785634398,4.704875561212577,0.9672355784632659,0.9672355784632659,1.9344711569265318
-0.8512724000861869,1.171379690940024,-1.1237185363873268,-0.12686481999222704,0.4879622641738046,0.4236173638313384,52.091792011914094,0,1,1.246228926989204,2.2431567304368283,0.36891519498076564,0.36891519498076564,0.7378303899615313
0.767376713722232,-2.185167531574052,1.3842928833626733,2.2154811948035262,0.1482170275455039,-0.28989023789884644,48.13928633629001,0,0,0.32967023360081754,0.80968585457507,0.6135355739561507,0.6135355739561507,1.2270711479123013
-0.5964409242335772,-0.28814922849075103,-2.5881869616713433,0.6313928695476687,0.5413932408312832,0.1811949803431365,45.88530622030839,0,0,2.1399531740155755,3.248093224795573,0.7261140115013665,0.7261140115013665,1.452228023002733
-0.38268628458188625,-0.6859238047239882,-0.08886156995139952,-0.6874444681103117,0.12207684612407084,-1.4812127847732557,41.739194472225144,0,0,-0.7907615469717326,-0.0675627431622281,0.09935893837674667,0.09935893837674667,0.19871787675349334
-0.5828416674178182,1.512835221815729,0.2626249385348146,0.30809333930596783,0.6407518206058725,1.1695465155611062,62.732232458692565,0,1,1.5166678704495862,0.6841321142760699,0.1807032107750165,0.1807032107750165,0.361406421550033
0.73550590939804,-1.444909947330457,-2.1212875008043612,0.23969470607655757,0.39801550332246427,2.2188602828933903,38.042535329815486,0,1,1.6481372211033527,4.542336641851701,1.1202462311047998,1.1202462311047998,2.2404924622095996
1.0073669527870657,0.44107472777011475,-0.888045573089368,2.007031888210217,0.13905944975092796,0.2862301598073153,48.149846970739574,1,0,3.5,6.100844951540952,1.0053242447976558,1.0053242447976558,2.0106484895953116
0.4926298513600831,-1.5984579677050743,0.0018189042077980254,0.10531770652972468,0.22861844604255635,0.8046518403848886,93.67798852707436,0,1,0.6198393058474392,3.127072896359851,0.6016249595802446,0.6016249595802446,1.2032499191604893
-0.3103104270898488,-0.7460516049365483,0.12637594303257535,-0.07644184908913257,0.5341631343749248,-1.1061638185004512,28.086134857052496,1,0,0.07475098398032709,-0.21497776699406734,-0.056648312138350004,-0.056648312138350004,-0.11329662427670001
0.018172874336271305,-0.29323834560950734,-0.11367557963913914,0.514364043151981,0.365416701719716,1.9731918892085958,31.98279754983004,0,1,0.2040523942432948,1.1421647548376967,0.5349825516893914,0.5349825516893914,1.0699651033787827
0.19598986188648324,0.6357260855044566,0.6214890721628922,-0.8657191943174374,0.6473985297994023,-1.4227078593963964,86.95872148364654,0,0,0.9612448666797457,1.5870560517457366,-0.053055536676616194,-0.053055536676616194,-0.10611107335323239
-1.5620730526209694,-0.48555702967115966,-1.1205154613453208,1.4713644172899558,0.5442196932797595,-0.39940253818190785,51.88833792293509,1,0,-0.5802061774526812,-0.08485562787505341,0.14336581548714883,0.14336581548714883,0.28673163097429766
0.4046683950473362,0.568200041607764,-0.5164051027187714,-1.3859105768173805,0.6043411026301524,-0.884073788756728,128.998216574283,0,0,-0.006138073061235261,1.5890878246063687,0.1724105047530188,0.1724105047530188,0.3448210095060376
-1.2529185664007085,0.0616269515761347,-0.33313085730440606,1.7287417846276414,0.3442957482605067,-1.2903118364984127,47.755108908680135,1,0,0.47226767945689563,2.4134589426254163,0.1510141316652247,0.1510141316652247,0.3020282633304494
-0.09656448583332848,1.3517045839496336,-1.7910404220694693,-0.32925125064037775,0.4875214326572877,-0.7070701212279824,150.70103426618417,0,0,2.0100583053544043,2.428886574697559,0.5307204678689342,0.5307204678689342,1.0614409357378685
-0.13116754898954067,1.189542732760956,-1.6688663207764949,0.9630595200965097,0.7646710727083498,-0.27368455380809864,10.129113494295595,0,0,2.466910623511253,3.3655898586531334,0.6602533330211253,0.6602533330211253,1.3205066660422506
-2.1276206268024307,1.4750672682072865,0.8424386241900058,0.41474362242749185,0.208566210499272,-0.6701384823704929,22.644635232795594,0,0,-0.05635180687453556,1.463320426003476,-0.4164723113093587,-0.4164723113093587,-0.8329446226187174
-1.1998279582288465,1.3444677130763754,0.25166969800848354,0.10985083169838475,0.7697594927742767,0.3244052506381661,51.010740721149645,0,0,0.9780163477670588,0.6343521668989898,-0.21628829042606054,-0.21628829042606054,-0.4325765808521211
-1.7509919943675314,0.13057179953227516,0.598201894812168,0.4871822637706123,0.5752357663305706,-1.043589463203312,82.57387980655183,0,0,-0.21347747835652736,0.8936090919533174,-0.3322459517222125,-0.3322459517222125,-0.664491903444425
1.6027925734660882,-2.08664545046113,0.1252983175323708,0.6178914550767276,0.4572985787651042,-0.1450091570390591,32.8110197665661,0,0,1.3934405563743075,2.5219935820285246,0.7626850937235691,0.7626850937235691,1.5253701874471381
-0.8735819543069884,1.457436232440806,1.0285237954906878,0.07424350021318352,0.7177791809920163,-0.7448465949122209,28.926030656121206,0,0,2.4106693374056523,0.12280852058591674,-0.28978135561361895,-0.28978135561361895,-0.5795627112272379
0.8785278349464274,0.05902414752128759,-1.516438799885426,1.2746648232032103,0.45514994299293965,0.8266099311527818,72.06282472381348,0,1,1.8773193353446787,5.004632159528159,1.1998080116180658,1.1998080116180658,2.3996160232361317
1.6252021785383157,0.05249195517739432,-2.6921044192660246,-1.575384484854934,0.5203732707648778,0.6052984373788406,74.82338403968036,0,1,1.9898000407095289,6.039287539819079,1.1388607899717949,1.1388607899717949,2.2777215799435897
-2.148189648580042,-0.49010194090829684,0.2809175855501616,0.9892477287765556,0.245629131293143,0.017413936234128527,30.278689460837324,0,0,0.2031882060933879,-0.2908201679962216,-0.2041813707540217,-0.2041813707540217,-0.4083627415080434
0.6227541516124466,-0.597403705044759,0.9654398030975909,0.6039830154313429,0.747857450804772,-0.18257799322424142,17.017146180584355,0,0,-1.4090121210563298,1.3495593972845592,0.23120556035451156,0.23120556035451156,0.4624111207090231
0.9439561138755199,-0.19901859233629196,1.5181469483648347,0.7652111942431878,0.21230506531535295,-1.7878141517408488,98.97870898065345,0,0,0.7211792038908769,3.3528094405030178,0.3571001825329711,0.3571001825329711,0.7142003650659422
-2.470130879397265,-1.1985187443493168,-0.29121421271475534,0.04271054421983839,0.17601379475110443,-1.3153173542279826,33.729368113730175,0,0,0.11530107114240229,-1.09600277850997,-0.32212493221468214,-0.32212493221468214,-0.6442498644293643
-1.8375942877667948,0.6937410484185427,0.7499971602583942,-1.2629471952073306,0.39631654801633337,0.7459418028626948,29.65189713863551,0,1,-0.6577573408336549,-0.6396882443421391,-0.5019722424927887,-0.5019722424927887,-1.0039444849855774
0.6408624980230648,0.3054431552273312,0.4306679158716512,-0.7899019830764535,0.36703234582484745,0.3092156881359473,72.20357188857429,0,0,2.3843348721606366,2.239705414910483,0.19442443800296993,0.19442443800296993,0.38884887600593987
-0.1725766959519875,1.008711308786215,0.6922252171632728,0.7500824830851252,0.17195466865271233,0.306898232207233,57.649012722193056,0,0,1.2120085513213488,2.4537771686151757,0.23313470383619503,0.23313470383619503,0.46626940767239006
-2.0366611340590812,-1.2367422898378369,0.878536199476079,-0.5173840966704264,0.3935660640067683,1.1274613095046202,57.79995592735544,1,1,-0.5762097668133543,0.9615696241932757,-0.5911280741835812,-0.5911280741835812,-1.1822561483671623
0.3232193228393507,0.18066927576452682,-0.5682686442156653,-1.5285785843427193,0.46300984729211664,0.7057714576876809,82.08596319699383,1,1,0.7790110414945954,1.4599335910254043,0.18925400359066713,0.18925400359066713,0.37850800718133426
0.8372546612337025,0.8575423306464189,0.38617298054613225,0.5586800725604392,0.03502801289925924,-1.7395488082045787,28.69941848800358,0,0,0.47612629254126027,2.4353022363289623,0.5816289393903443,0.5816289393903443,1.1632578787806886
1.0712710001435959,1.1134341775358403,-1.3579940730960771,0.7192764501414786,0.0460150061279936,-0.2201021113695572,34.16269681016493,0,0,3.236499950982781,6.750925747895396,1.0571407356760916,1.0571407356760916,2.114281471352183
-0.2670056262638948,0.8332333115407032,1.9539280112938147,-0.005204251100286342,0.27282574007933824,0.5257210935076695,43.52183142988184,0,1,0.9020203432633995,2.0943145875773537,-0.07104068065562244,-0.07104068065562244,-0.14208136131124488
-0.8511942845254483,0.40072506050470297,-0.5495214870608269,1.7548995467562618,0.3326419860198037,-0.09524123722182196,8.916888873130807,0,0,1.2346535169606918,2.5724274104136815,0.45860816925763065,0.45860816925763065,0.9172163385152613
-0.22234724052567173,-2.022696027770022,2.074226842600234,-2.081534283535323,0.5350414228930023,-1.338895557889758,39.40370331221842,0,0,-0.6367774016219185,0.09510512366068424,-0.6816732452499181,-0.6816732452499181,-1.3633464904998362
0.9083819022949366,-1.6724394134236853,-0.05260427374280191,-0.5110959480394572,0.5268941770822622,2.188267960648391,37.751556406705596,1,1,0.29887258142484496,1.5750944846969832,0.4074679997191535,0.4074679997191535,0.814935999438307
0.7929294674793423,1.593702600841556,-0.6115398094227575,0.19359444471698056,0.49133415943635955,0.7888113884956677,67.28146397063523,1,1,2.1104988245333267,4.203799789029936,0.6334858107515527,0.6334858107515527,1.2669716215031055
-0.7148189821776477,0.25306979579599326,-1.137100159721731,-0.4763483318550426,0.7251770227927743,-1.4746358078455468,27.279087342245603,0,0,0.9511428828564281,0.5809868716847487,0.13022753492486602,0.13022753492486602,0.26045506984973205
0.13300050408818137,-1.0574304126952656,0.7012605744095235,-0.6768282993171636,0.20388370590985555,-1.2920352564767137,57.159578419762,1,0,-0.07451092213694743,0.9127676106790998,-0.08779836852085918,-0.08779836852085918,-0.17559673704171835
0.8931507331717539,0.8471424351652708,2.062602153368343,-1.079332367516388,0.09209228525121764,0.5982089954806417,52.4221590803036,1,1,2.0544312821916093,1.3023417314929853,-0.06007224306618633,-0.06007224306618633,-0.12014448613237266
-0.8186296605556591,2.9167076900891202,-0.9119430332039891,0.994762436459708,0.274939859291725,-1.1432413210334207,56.15668534912115,0,0,1.7769354585045443,3.964857735868694,0.42448283468202647,0.42448283468202647,0.8489656693640529
0.8698957358732482,-0.6653783348938328,0.5522044700977352,1.223701857102191,0.5128627900433753,-0.752809782084506,53.450165605251044,0,0,0.2650366676198923,1.2183509583414167,0.5592650872909921,0.5592650872909921,1.1185301745819842
0.9657690716942084,0.778619182696219,0.33940491150648355,1.4828045055525385,0.3284887188701328,-0.9818210714768753,27.251870496628545,0,0,1.330835868592355,3.813395639792612,0.723813778013577,0.723813778013577,1.447627556027154
-0.636202742635038,-0.4657165115849329,-0.0024181261151725534,0.017386441876544565,0.2313223788339046,0.384281471315546,54.23555095551915,0,1,1.0634591244659386,1.6083754049099113,0.2700074084251683,0.2700074084251683,0.5400148168503366
-0.9608312192377892,0.6976918118766421,1.041412243794006,-1.288366443932399,0.22563509082056582,-0.6077646138875833,15.58713586624549,1,0,1.3197557093350758,-1.5227251420174954,-0.5842018167260299,-0.5842018167260299,-1.1684036334520598
0.8996312470056638,0.17046786027880792,-0.42357032805927164,-1.2886599498608282,0.27399375635096096,-0.49197222597670554,18.30824031163346,0,0,3.086471752253689,3.587360690681375,0.3873649288354459,0.3873649288354459,0.7747298576708918
0.95228527187058,1.6372707296013411,0.8166583594046902,0.9277617783892244,0.3417349849389406,0.6279001305992273,30.445611748719546,0,1,2.192357334329989,4.474149852460052,0.6719557607794453,0.6719557607794453,1.3439115215588906
-0.0922690220932752,1.9668474559304332,2.080919694323431,1.0097048380236733,0.42823051601174084,0.4450932280802986,12.764544661088937,0,1,0.8400631400225744,1.508540514085544,0.09533388806417155,0.09533388806417155,0.1906677761283431
-0.26543821829233516,0.7577406004666137,-0.25847980805596193,1.7807080105595603,0.4456565210911054,-0.6168138835695574,12.691642441469794,0,0,0.7650711018030293,0.32693816328251946,0.5361127334893134,0.5361127334893134,1.0722254669786269
-0.6297851692493965,0.11105661807604894,1.0118315237658166,-1.2248879659752863,0.21471011633496553,-1.761673538027376,42.34310699028138,0,0,0.4847731650494419,0.7068360716348029,-0.3309530444142539,-0.3309530444142539,-0.6619060888285078
1.4031153873584268,-0.9163794837283263,-0.1287042660171783,-0.28650266144294106,0.04661050102844377,-0.3635466281229021,21.96732169244679,0,0,1.8657712722816373,4.015737085106364,0.6984302476775828,0.6984302476775828,1.3968604953551655
-1.5256315543779706,1.4814726711838768,-1.807478863054959,1.4910378713266486,0.36014999488724414,0.26755081580300516,83.31882368313744,1,0,0.5523869848386269,2.077858471650026,0.35241933271211734,0.35241933271211734,0.7048386654242347
0.1144750607495253,0.5372957623522349,1.1874444918710847,-0.8057367688693822,0.20124745712823383,-0.7909658061015787,74.34655182580528,1,0,1.4150599035150575,1.5124550232149698,-0.22251677930903646,-0.22251677930903646,-0.4450335586180729
0.34646506605583277,0.03119604142023702,0.8384502559522184,0.7324806256206627,0.34206835433691346,0.6013630631741125,48.025648751225674,0,1,0.7439960089560642,1.6318284598028596,0.46230126975700514,0.46230126975700514,0.9246025395140103
-0.7561742032600622,0.11070797287862853,-0.274126172411007,0.5582045648384523,0.5519543456104541,0.652255854559153,33.01818419695587,0,1,0.001281765111944111,1.5293525556028993,0.31658675974201655,0.31658675974201655,0.6331735194840331
-0.895398707317763,-0.2804901962466131,-0.11232699932390253,-1.9312652500288252,0.12486121689537664,1.2070280088206975,24.959925042987987,1,1,2.1211661526279184,-0.7289112096886674,-0.24359413525779403,-0.24359413525779403,-0.48718827051558805
-0.16265864116287435,-0.6860291161495566,-1.4324561409498224,0.05175913453592969,0.41213262086249525,0.4456273871962549,33.034866900359546,0,1,1.6012154841095294,2.69900098025578,0.6800007466928247,0.6800007466928247,1.3600014933856495
-1.5306273590173987,0.8512326257646049,-0.195987008593198,1.9167049135310232,0.14514299192580818,0.9103591125369415,34.55879984630817,0,1,0.8978620094730572,1.5796672617342489,0.4247140477390222,0.4247140477390222,0.8494280954780444
-0.4631761221068421,-0.6371137149056004,1.2311447393520898,-2.1376453192215457,0.43151507881414014,-0.7357219504570255,120.65053826984493,0,0,-1.0110470626644918,1.702775603954382,-0.5488809332226474,-0.5488809332226474,-1.0977618664452948
-0.7885722870184808,-0.09582785684430889,-0.023533394614939588,0.615575091554224,0.41636477453688053,-0.6535616403467137,44.73451162009896,0,0,0.759419094286802,-0.42085823562484004,0.13525307704102107,0.13525307704102107,0.27050615408204215
0.18942097629795138,1.1125871801025131,-1.3122232517088686,2.308063612608584,0.20260188551716443,0.6253781626304072,61.1644047128903,0,1,2.669901691715053,7.30088500885719,1.208553986484803,1.208553986484803,2.417107972969606
0.42204265859740586,-3.3806473055248376,-0.18958372094853732,-0.34427691229410823,0.5869960947222796,1.3197389376173514,71.0233574480024,1,1,1.3948444051735125,-0.7489927722994859,0.3170314560696652,0.3170314560696652,0.6340629121393304
1.8270007177397918,-0.5203988380310626,1.2286529489571032,1.1999289817518395,0.3782207476554745,1.7025441223166031,53.56833447805783,0,1,2.4519776615413837,4.902219864831028,0.8664707894745962,0.8664707894745962,1.7329415789491924
0.08587615219304223,0.7500456800845874,1.690752890072489,0.26950384946524164,0.13275702796241795,-0.9123118811487725,40.21581429654371,1,0,0.7075805935058196,0.9542699068422914,-0.13127130700913256,-0.13127130700913256,-0.2625426140182651
-0.443502200630385,0.4634524515121609,0.441293861477754,-0.4195477671620163,0.26351106811857766,0.47171519777335524,66.83781851520101,0,1,0.9322972446855707,2.4440418096815053,0.1399734798607648,0.1399734798607648,0.2799469597215296
0.2788913952487433,0.4671184200405585,-0.6392351283978571,-0.25406745006720627,0.621518360728577,0.09070770123699153,18.041198952572994,0,0,1.5372579881122657,1.8589130309154698,0.36382477133022106,0.36382477133022106,0.7276495426604421
-1.2456664834861446,0.4933352927092416,-0.24861665431259658,-0.9643772133293325,0.40759178149168535,-0.023563154287827032,38.525615816051285,0,0,0.08262982038764533,1.6267224061005061,-0.22550087738463362,-0.22550087738463362,-0.45100175476926724
-1.22208241446886,1.574495342444784,-1.7055769722421905,1.6497556008803271,0.3524480490915515,-0.6455448643984275,21.727508318145848,0,0,1.8214530818354036,3.3604490562103146,0.5854123342184877,0.5854123342184877,1.1708246684369754
2.5297463962583286,-2.1983949973714187,-1.5446131906062972,-2.471686879843626,0.13464122665250905,-0.014564133211856293,25.24016964570132,0,0,2.003468176560796,3.750068236681838,0.9109263601172627,0.9109263601172627,1.8218527202345254
1.0841844003443752,1.1742099333483311,-1.0790078400862169,-0.03245296852052949,0.20697516233420782,-1.6771156545967634,58.09214322549512,0,0,2.3214784533102297,3.4248860465006787,0.8254377836214877,0.8254377836214877,1.6508755672429754
-0.1457691528872304,-0.038857414237407996,0.017123985629615354,-0.615909102149798,0.5984910674365527,-0.9778589085903561,10.651796072228366,0,0,1.0576115952647687,1.8193863782565567,0.04091586578132389,0.04091586578132389,0.08183173156264778
-0.2289708492780978,-1.6771633921103268,0.26305820298990484,0.34465303295054817,0.22032855630158388,1.0940071363439032,36.576444706078505,1,1,0.3367110802098541,1.9232446223883888,0.24717404996307213,0.24717404996307213,0.49434809992614426
0.19660583594578798,0.5156318718437454,-0.6482799114801143,0.2159725696512457,0.5308621059703367,0.04077935569699466,19.895924535318635,0,0,2.7885395200001257,3.2033811700766908,0.44913937169478924,0.44913937169478924,0.8982787433895785
0.5070508972026235,-1.3513384502674828,0.8881246319321662,-0.612147200480913,0.2802536925539783,-0.3249458022032266,31.489559327228577,0,0,0.05529549875209544,0.8245557294450513,0.10913944989213897,0.10913944989213897,0.21827889978427795
-0.1374969465129496,0.372996918907845,0.8872212680957002,0.36729442488465713,0.25403532540026674,-2.383051747462862,39.681583744363095,0,0,1.8994505523772225,2.395160359846728,0.11145669437849437,0.11145669437849437,0.22291338875698874
0.8111673924975661,0.9419750537187731,0.4335719606475605,-0.4981893213298452,0.6830254107533109,0.6965690604211939,94.33028490428738,0,1,0.7842967857438615,2.185148923986779,0.3781408621366885,0.3781408621366885,0.756281724273377
-0.4651469035428168,0.16248948844678185,0.021458830135480646,-1.4278223571377613,0.1711423834954979,0.45630071266398803,21.586739019978992,0,1,0.7639976047421735,0.4807228704736155,0.06695572805448904,0.06695572805448904,0.1339114561089781
-1.1873793671058503,0.5487000855048761,0.125064243191545,0.6062191932475515,0.8120185098149367,-1.2464732045509097,21.336172228951234,0,0,0.006883131086303229,0.7184246518966848,-0.10574534386280353,-0.10574534386280353,-0.21149068772560706
1.0560499976977238,0.817172912172129,0.018090124094706082,-0.9003218484993731,0.435382856213185,-0.869222003389238,19.788487427793132,1,0,1.5833870029378356,0.5474309826166792,0.22516435383347583,0.22516435383347583,0.45032870766695166
0.724365092223447,0.4693548975717927,1.2048181685630677,-0.10194247265708622,0.3919340264260942,-1.262454301993403,69.04453992494484,1,0,-0.1751028086734816,0.3822184229375858,0.025348417318152183,0.025348417318152183,0.050696834636304366
-0.3598415991238417,-0.16253959386440142,-0.9048622939159502,0.6988363563614609,0.3753262631489562,-1.1885141757373945,59.17662998663496,0,0,1.3274270514351025,3.5591080382825773,0.4740262978961469,0.4740262978961469,0.9480525957922938
1.4154279171300614,0.6106173982585448,-0.13677836417215752,-0.48225708687512114,0.2735158492979682,0.8474689331536474,68.13429867429544,1,1,1.7082449431250093,3.5056116916927125,0.6339609774452578,0.6339609774452578,1.2679219548905156
-0.17444005343228192,2.3844822245504576,0.007055653930523543,-1.0128352676467305,0.2684859846292295,-0.6879064829493986,27.358213926013214,0,0,1.3163871924345327,1.7304209238837944,0.04285755668681934,0.04285755668681934,0.08571511337363868
0.7051259699113549,-1.3180347654206563,-0.3564335670398613,0.6581524785292124,0.29426477576667576,0.15165347762258904,43.50666233864971,0,0,0.9252736284465746,1.9598255940320615,0.663694556275205,0.663694556275205,1.32738911255041
-0.5998197304342675,-0.7241430967627682,-0.9632752832502259,0.8807953788715519,0.34481435303957936,-0.5888074142126386,21.29129478244517,0,0,1.6363142681512794,0.854023643014203,0.45975876126083515,0.45975876126083515,0.9195175225216703
-1.0547090218718227,-1.0469765641207656,-0.07895051237740916,-1.3356217050003456,0.6979825540708641,-1.0741621248341628,29.324066710724427,1,0,1.2447027920830707,-1.0092303933473077,-0.4858771332781499,-0.4858771332781499,-0.9717542665562998
-0.21079841183522202,-0.4355707960509174,0.2570265321016039,0.4413160420736534,0.18500432510938142,1.2030536356904855,34.708942175412695,1,1,0.9083896441075499,1.0823854507129893,0.279466457170791,0.279466457170791,0.558932914341582
-0.023362990964834223,-0.7398715955215872,1.449801936331496,1.548446271672316,0.11951077343914109,0.16687091904640336,58.04299561523929,0,0,1.9295906683420498,1.251953743999391,0.26453967981254034,0.26453967981254034,0.5290793596250807
-0.12094931123661266,-1.998547240326521,-1.5104291806543704,0.8246256081144737,0.49702493730915914,0.7433912955416567,72.04914892901002,0,1,1.4671540034481123,2.5646323675715075,0.8275752371041172,0.8275752371041172,1.6551504742082344
1.4045254612182299,0.4692163072047645,-0.7308889381004217,0.12013579933304268,0.5757439180846411,-1.0540007053804608,51.02727813948603,0,0,1.0740938977212386,3.669839951615411,0.777508599062831,0.777508599062831,1.555017198125662
2.413260089506297,-1.9011051428832972,-0.06376772704594821,1.4504565177285165,0.37276398455995396,0.08206866922896384,19.329839227533103,0,0,2.2558653377122826,5.804504366015186,1.2013605419086157,1.2013605419086157,2.4027210838172315
1.7155975589691759,0.048511005653144,0.04489381832614235,1.94137788651128,0.16873763726326013,-0.7584942280331327,99.12143689640563,0,0,1.8787886495463109,4.5871061981607655,1.1194416631084658,1.1194416631084658,2.2388833262169316
0.9231601784809442,1.045703866506268,1.79175481626332,-0.7840000413145344,0.2713069106293176,0.29411409984544384,62.69107175640064,0,0,0.5922646248225649,0.9281792541771636,-0.0019348755909183585,-0.0019348755909183585,-0.003869751181836717
1.3921756891422288,-0.20401683025476605,0.13425936392398088,-1.5809908685726257,0.06073541848899635,1.210529749362992,22.436753663074704,0,1,1.6542995430007743,3.0008185065207806,0.5611172761161165,0.5611172761161165,1.122234552232233
-1.3870143659083511,1.1780821224899851,0.5371703991982743,0.9577040099410813,0.41795924236524823,-1.6595031811514267,65.75245735474236,0,0,-0.38302137316607027,1.4681518289335083,-0.09446500665622364,-0.09446500665622364,-0.18893001331244727
0.3973569752098789,-1.117435935361781,-2.0903776921907857,0.10696980778183153,0.5701872755574868,0.457712265984821,25.398763177999722,1,1,1.7264131133505312,3.235996110029362,0.8135526646076718,0.8135526646076718,1.6271053292153437
0.6300989091167736,0.14615248232366926,0.17272155967586783,-1.2819112690696572,0.566048309960535,1.714612608656271,78.38834153442038,0,1,1.927058729215056,1.5493445745506085,0.27183332860093906,0.27183332860093906,0.5436666572018781
-1.261081566017762,1.0630981764403973,0.9840965036988292,0.5131679884169018,0.2960272393042832,-0.298235767483827,5.920582194125125,0,0,0.8019842400042677,2.3491832531103736,-0.20828036881670142,-0.20828036881670142,-0.41656073763340284
1.235155603890434,1.9706141566689197,0.0378843791319792,-0.2585421538884243,0.1809445626391861,-3.0674441721952177,12.246442507939657,0,0,1.5032855031183556,2.96589365268399,0.5875447229469652,0.5875447229469652,1.1750894458939305
-0.7027531405723063,0.7087033717264654,0.7144913817849308,0.6104763844643637,0.04900577069034195,-0.09220301549571755,100.3960977310033,0,0,0.6978807472397641,0.6401538241473341,0.08416538088497287,0.08416538088497287,0.16833076176994574
0.4727593858268961,-0.9530880215515674,-3.642690157451073,2.3447178807653866,0.5296743947882943,0.6988826930270208,68.29158954804362,0,1,2.6981036642681637,7.881084518625378,1.7286918264593458,1.7286918264593458,3.4573836529186917
0.022573332770502046,0.5336442806062126,1.0254817760866495,0.2414510839929619,0.22632301637205618,-0.2853863353594166,66.31591614334997,0,0,1.2644664558917633,1.4387701835823465,0.10985821362611736,0.10985821362611736,0.21971642725223473
0.09731260955257064,-1.5555832109683687,-1.1127074201905398,-0.3924104678523138,0.08801475813256014,-0.35280221782001914,48.19767271876907,0,0,2.723338879603208,2.873852750008217,0.5202857369514077,0.5202857369514077,1.0405714739028153
-2.8970184017835625,0.79719670428023,-0.7884686995593494,-0.5809460226185801,0.08521560174819096,0.2650481443509769,30.78546841351787,1,0,2.0135885243809546,-1.7154513363227686,-0.5627240670872509,-0.5627240670872509,-1.1254481341745017
-0.23917725430350226,0.6626959335376431,-0.42943635472959474,-1.9341843643754213,0.35877247718556043,-0.27314151226761674,50.385917517537024,0,0,1.3318272006695027,-0.0754833251280822,-0.06675221327658006,-0.06675221327658006,-0.1335044265531601
-0.13053420504599128,0.1820784114057275,1.3514736581234992,-0.47973245316429547,0.35515262027231853,-0.9517017039411616,14.43501453901607,1,0,-0.38397841598814897,1.0378477616420105,-0.305462252634977,-0.305462252634977,-0.610924505269954
0.6420524080666211,-1.9105957196602232,1.0328810556349073,-1.1308748410438199,0.4027156273509487,1.1225907485853481,108.09120494255913,1,1,0.7082371089968811,1.4043946736327007,0.01233162006685909,0.01233162006685909,0.02466324013371818
-1.510041066072483,-0.5678515606152998,0.15916074629162935,-1.203818714159772,0.17457253868589545,0.20926033138644495,90.4472197713851,1,0,0.6848866919981663,-1.0004254656192695,-0.5164116405178275,-0.5164116405178275,-1.032823281035655
1.3306399139366911,-0.11748165731833247,1.0811510675541633,2.0623571658244853,0.2856132834042885,-2.079946651991504,24.103543148152625,0,0,0.47613566005091845,3.2828296714860077,0.7774030428717359,0.7774030428717359,1.5548060857434718
-0.5571432666362421,1.3991345821272616,1.7088848957008134,0.947140190410187,0.21158923564365467,-0.9813071408066664,54.38086567394251,0,0,0.8571622879779879,1.4392419286379279,-0.07225097399297023,-0.07225097399297023,-0.14450194798594046
-1.5039050260083173,0.8818257015304772,0.25489910618277595,0.3971086927571457,0.42065230733635844,-0.28667419756470064,48.33476596808927,0,0,0.9266545965606192,1.848138907641187,-0.16664819970697942,-0.16664819970697942,-0.33329639941395883
-0.15350431602040357,0.30180268950471517,0.4937125967523018,0.21722935972661878,0.2448370055631133,-0.8582178822143506,34.48464306862408,0,0,1.4335234260340723,2.378053899696769,0.16874242364442482,0.16874242364442482,0.33748484728884964
2.6273759509283345,0.07585879307800722,-0.08087769117184046,-0.22611636124444923,0.6051788101428117,-0.3342959223878162,91.81499585849573,0,0,2.0704408020222114,5.496256764413186,0.907514498859463,0.907514498859463,1.815028997718926
-0.24954986862350834,1.3961107812180003,0.8792427227080198,0.7497830840790782,0.5193062216679885,-1.6442648594462694,38.53623308599044,0,0,1.1288990827828482,2.2930617425250976,0.08702009972357022,0.08702009972357022,0.17404019944714044
-0.41933128599371416,1.0587821534291413,0.19514973025980065,-0.06862987875990681,0.5992248286672093,0.47845882467845835,66.81201018358904,0,1,0.0746931001698905,1.3228120240827523,0.18348696220769048,0.18348696220769048,0.36697392441538096
0.1389337861059276,-0.11908593227340299,-0.3601505018504841,1.4818834496663629,0.5327452494630379,-0.4864378448246855,34.00894295647128,0,0,1.6625472876276932,2.4714464337076785,0.5970147315855824,0.5970147315855824,1.1940294631711648
-0.6405579587498629,-1.3046172464119867,-1.1897123391358353,0.8592865777433577,0.09723029921704007,-1.0254673903663594,67.74263111036825,1,0,-0.2220136843219198,1.5591401044762585,0.4137167983416369,0.4137167983416369,0.8274335966832738
-0.23791954471805024,-0.14959759999199307,-1.3492868957277029,0.8053424225916641,0.6922795864148812,1.3382236253966757,62.21982742183586,0,1,1.1585384864688901,1.6916647019984807,0.7090401798659687,0.7090401798659687,1.4180803597319374
-1.203502611750445,0.852353833685724,0.7325239951852363,-0.6665822007568283,0.5312741661100113,0.4139803244423521,21.11134812354052,0,1,0.616974626616457,0.5660880937657353,-0.24562660623350838,-0.24562660623350838,-0.49125321246701675
-0.5380094264353285,0.44110253377511016,-0.39874415951981623,-0.5672215535957151,0.14638361015478596,0.8110837399143239,9.869801596864642,0,1,1.7340557160744412,0.7616236819167721,0.2998491296080903,0.2998491296080903,0.5996982592161806
-1.125858751998877,1.1909899631899312,0.571211814233924,-0.17971124001992933,0.0180891055835078,-0.766005942417187,47.83062847010883,0,0,-0.19902448067265233,1.5681545626539606,-0.13759645823477795,-0.13759645823477795,-0.2751929164695559
0.459206712644376,0.47932874698312644,-1.6019253407027831,0.0815443187349862,0.4255302462937612,0.01856838724517339,39.40276657846696,0,0,1.33518910707586,1.9792949448276391,0.7335521727568324,0.7335521727568324,1.4671043455136648
1.1839515875790818,-0.9432335708833585,-0.04980522075997507,0.655062113808857,0.30992883493607076,0.20102788344469152,28.81220916035819,0,0,1.5085227209216712,4.5424318358426845,0.7259918531902748,0.7259918531902748,1.4519837063805496
0.022918750124891953,0.8015857957206008,1.1915140691822157,0.6374496230150827,0.42869501717486475,-1.6232966305229848,75.69563908994381,0,0,0.4789663970761165,1.2493761603017366,0.09613828283562965,0.09613828283562965,0.1922765656712593
-1.5181626075323644,0.44359649069522505,0.6545945949157854,0.7632283671526682,0.5713228924005421,-1.2876016858195667,15.499889666367691,0,0,0.9946052543137252,0.007337622840993319,-0.2288327290791847,-0.2288327290791847,-0.4576654581583694
-1.5520573426110513,-0.6191689067922027,-0.4572573175637148,0.8966112396921042,0.3534201719106609,1.096054256457804,18.282268997455837,0,1,1.7065775466571398,-0.7114635979915391,0.242589735818943,0.242589735818943,0.485179471637886
-0.07680901562707879,-1.2337221076812719,-1.3559941406788947,0.259926094241461,0.571699401939505,2.1448691128268877,94.04946160314508,0,1,1.5856326267479766,2.530578771802159,0.6863910270717567,0.6863910270717567,1.3727820541435134
0.5989360682577013,0.4853429964733092,-0.9346335710951557,1.0739591910904869,0.1249805806988421,0.716493337844517,27.812770062181492,0,1,2.3662740398476148,2.9448894359436535,1.036638799781656,1.036638799781656,2.073277599563312
-0.21550541754803576,1.6215921200447807,0.0993389444706781,1.1503040716459425,0.42137228243807473,-0.8358703529476615,99.59733406688446,0,0,2.900618536291029,4.154170017765269,0.36372930041413254,0.36372930041413254,0.7274586008282651
0.7006100231493069,1.9662556762686672,-0.13674383328237655,1.547277191652603,0.4171777524974458,0.04862378345064386,58.056426170160414,0,0,2.5668525973547274,5.124264234100343,0.7446416837020103,0.7446416837020103,1.4892833674040207
-0.28114007610549896,-1.830248425606919,0.8015291766436117,-0.039423540869506515,0.39459235988949415,-1.2512306134457039,34.20291247496326,1,0,0.37989605347089267,-0.4215065812357045,-0.15685404390112404,-0.15685404390112404,-0.31370808780224807
-1.2722638567044078,-0.1461532827588273,-0.37352678067522405,1.3237777153791412,0.5936290867426897,-0.6587434003866388,99.22498631663304,0,0,1.3829126434233623,1.579203596922649,0.16175101982131498,0.16175101982131498,0.32350203964262997
-1.4533401549925824,0.3961808021995046,-0.7672895797985775,0.38343152732102154,0.13327672082126923,-0.4186758329984023,48.12796565149533,0,0,0.7064327876215977,1.992838027062954,0.13889972607844325,0.13889972607844325,0.2777994521568865
0.8427410941460164,0.6446161231734545,-0.6022751026230805,-0.09401614700313991,0.21281136318668378,0.03691213616256439,51.30423528459734,0,0,1.781711865016454,3.1182535014704897,0.6404703953125931,0.6404703953125931,1.2809407906251862
-1.2415689225008246,1.6419129285908363,-0.37460405216190273,0.3676757702112019,0.119026830885829,-0.2669283270772984,67.45061413859506,0,0,0.7071356733643029,1.412598221155129,0.11238879240080507,0.11238879240080507,0.22477758480161014
-0.8457723106692768,0.7942176328937272,0.9196039991400337,0.3626906132137138,0.21195453826226687,-0.9437116106472088,56.77921866029799,0,0,1.1207691242520577,1.7323193199600226,-0.08471390560268047,-0.08471390560268047,-0.16942781120536093
0.4089250844245855,0.8148981668478404,1.4298683270464267,-0.2398544690509955,0.3212489970494342,0.1467093563016326,55.25495578822008,0,0,0.24165490999847417,1.9359569866436919,0.019654427967626717,0.019654427967626717,0.039308855935253434
0.03311378863072711,0.9991012647718198,-0.010508678676175215,0.6764019633468594,0.20335172355563802,-0.294636507551379,35.13530150751088,0,0,1.3703124887897475,4.102657743803888,0.4245317098744437,0.4245317098744437,0.8490634197488874
0.12348999000945951,2.4361664243043433,0.14316550236181183,-0.7912204411551942,0.8332846506552762,0.032228612233300695,57.373295409963674,1,0,1.5196361700428853,2.4924084265462416,-0.13932720888215114,-0.13932720888215114,-0.2786544177643023
0.07384779311399776,-1.633810538320458,1.9585228727716053,-0.26656107972481463,0.4138977209854415,-1.3308913409698557,45.31989886580066,0,0,0.6243061483388254,0.26769173224756815,-0.2175140973248064,-0.2175140973248064,-0.4350281946496128
-1.6598108536330258,2.219870904212625,0.780121097998171,0.2845325141071648,0.5063592494442963,-0.9499368477276646,30.365077321778465,0,0,-0.5516113937707372,1.9999463971466138,-0.3666840479041863,-0.3666840479041863,-0.7333680958083726
1.3224179991751508,-0.02898291977541698,-0.5238385063418733,-0.09122392638661682,0.4470258747435316,0.22582882111489638,30.52081829547326,0,0,2.8039084217892647,3.43704941157511,0.7018149944762158,0.7018149944762158,1.4036299889524315
0.8846721098650693,-1.0962107791634625,-1.2371705204898014,0.592034294465658,0.3057462342000894,1.4249148076416254,35.81358188282727,0,1,1.7540673093757746,3.141462494668464,1.0530727820657728,1.0530727820657728,2.1061455641315456
-0.37728448629571776,0.1714865848823099,-0.6131060886185713,0.4315895359646733,0.6784969454160961,-1.0629055080944398,39.66144410521518,0,0,0.036607638573850854,2.514707543764381,0.2840905329070629,0.2840905329070629,0.5681810658141258
-0.65137306621792,-0.5645045559365935,0.0992194465932601,0.16538432850319706,0.3930537601231493,-0.7566361241081946,9.689611417138519,0,0,0.4816203567989066,0.15083118766712666,0.07122353990948482,0.07122353990948482,0.14244707981896965
-1.7632309293113237,-0.9715227153220987,1.68869976056133,-0.8492240815130833,0.16624162355698585,-0.17621047366326745,67.59030804966167,0,0,-0.6676431758001093,-0.8651033354599386,-0.7179769318566949,-0.7179769318566949,-1.4359538637133897
-0.2148748736803896,0.11936276273266873,-0.49396343065928866,-1.2511670699024446,0.32514855951621063,-0.18566318289897404,35.57350428950524,0,0,1.0106035019593458,2.599387666388004,0.08526126324820386,0.08526126324820386,0.17052252649640773
0.19542677007478837,1.035159055124122,-0.4205281361557151,-0.2092139465348746,0.645522410655449,-0.3990994651712554,15.06421921066085,0,0,1.4736499857833112,1.5075459097530235,0.2946517966416129,0.2946517966416129,0.5893035932832258
0.06970591026642921,-2.28940268718467,1.5137177350261801,1.1980300703357276,0.600758689894012,-0.8185359605661333,110.73178781198351,0,0,0.0753544657691782,-0.7943306594204422,0.0979630802547087,0.0979630802547087,0.1959261605094174
0.980272399863531,-1.5792743486969065,0.13294997481201434,-0.22686156569445143,0.3767519808783834,-1.8559901439965678,18.373482279564627,0,0,-0.29139256391094004,0.8522083026739091,0.45397172026733223,0.45397172026733223,0.9079434405346645
0.7585270451352041,-0.6113435972935094,-0.03183380003620494,-1.331637520396422,0.2923775729276631,0.6108979629041908,31.252539054047666,0,1,0.9506456320325373,1.0543258706425571,0.40952563747182724,0.40952563747182724,0.8190512749436545
0.7374956015952338,0.1869682595272247,0.4631620661755956,-0.09762959029860664,0.28943433069540386,0.3989391520880245,41.06015453597817,0,1,1.963644833286906,2.8956694100788343,0.5175655482673884,0.5175655482673884,1.0351310965347769
-0.7429121518838355,-0.5058085451371779,-0.5768729263079388,1.801023394400465,0.517872539527312,1.8658045091474038,52.83082574447345,0,1,3.103985172167672,3.589952172965764,0.6187914427658014,0.6187914427658014,1.237582885531603
-0.8185047297863596,-0.708042035602313,0.15783474218564206,0.6508694780959898,0.16364150973294989,0.09484757134792661,55.058377721298946,0,0,1.773548628931451,0.963558794581871,0.15397757610034823,0.15397757610034823,0.30795515220069647
0.702478605184997,-1.539570470546007,1.9833816327931093,0.18264366202006085,0.32522579489954784,1.9474023195782992,48.011024349097205,0,1,1.5486537471172768,1.797176481660192,0.21517171862503465,0.21517171862503465,0.4303434372500693
0.617447710713031,1.057891797548719,0.7650198868250301,1.8894618378843808,0.34650639464132416,0.7596826818411492,34.63480685840266,0,1,2.4623211200643236,4.058532256989648,0.7615225800034128,0.7615225800034128,1.5230451600068255
-0.9909392510978615,0.4004134600792475,1.4716454958493947,-0.1764315286223583,0.46214015201328296,1.458935543046049,29.739316151449536,1,1,2.002815089619772,-0.26405017194105873,-0.3838963110294805,-0.3838963110294805,-0.767792622058961
1.321744762508267,0.9565045916323835,-1.6842893936197307,-0.8797956723850049,0.15429127892337072,0.725007859458296,23.009388619342182,0,1,2.2719578466885118,4.42813611966892,1.0452390721277456,1.0452390721277456,2.090478144255491
0.5358543573620241,-0.636164467022976,-2.0555054034359133,-1.0504601025699805,0.6102923880869366,-0.8361789574213578,24.256011957038638,0,0,1.09442443948394,2.026475430450544,0.6066974172138064,0.6066974172138064,1.2133948344276129
-2.363674229574651,0.7690288927533291,0.5448741543100794,0.47912142590495965,0.1317994142744234,-0.46929150726111063,28.779326020140495,1,0,0.35210561505508864,-0.6392621922964289,-0.5270911009920887,-0.5270911009920887,-1.0541822019841773
-2.3063337045377126,-0.6568803266866621,1.1832876685075797,0.22737948051069293,0.6854385413003196,-1.4110260107635846,9.591023519148997,1,0,-0.3635456580999389,-1.6356404643092057,-0.829673667762379,-0.829673667762379,-1.659347335524758
-0.5934051933287424,0.7052207062311111,-1.2570059625009893,-1.70590834455785,0.42550226730595536,-0.13096101128564583,67.1890076004269,0,0,1.2483249977276434,0.9194642038419643,0.04120381144432747,0.04120381144432747,0.08240762288865494
0.6742793854424515,-0.16030798837284352,0.29173476848424035,0.40765575818159133,0.2570327726873653,1.9243903108125373,16.042028351317274,0,1,1.1307217887160887,1.8089740145155264,0.6363067498850723,0.6363067498850723,1.2726134997701446
-0.745915365826664,-1.1346236004133519,-0.33442205358998933,-1.4878023803039582,0.4464354764887843,-0.9945367352092428,68.69646243202907,0,0,-0.23993101384032356,0.27268283947903227,-0.17023239345368896,-0.17023239345368896,-0.3404647869073779
-0.4909346230881306,-0.2552189602710413,-1.4553947971920573,0.3221562471154436,0.5649549768068995,-0.4678290196790028,49.741302221198175,1,0,1.802849109086231,0.7409391474797209,0.30512409096469995,0.30512409096469995,0.6102481819293999
-2.083833582893173,-0.0064240821739503335,-0.34928675984195684,0.4711224081978455,0.3163384632237256,1.1618357703242752,54.928418134627975,0,1,1.3358951730385176,1.5125752074540588,0.002250486257060008,0.002250486257060008,0.004500972514120016
-1.1491363185876549,-0.6965500704815055,-1.353641976758954,-0.35240359864308324,0.27725321232554095,-0.2770296396938541,35.59136064218014,1,0,0.6636987771333941,-0.15419973108513618,0.046069646968541766,0.046069646968541766,0.09213929393708353
0.6150353972327555,0.9181555136583713,-0.28999067268962353,-0.7123930193738481,0.8156209626746468,-0.3456725197205251,64.77157215398938,0,0,1.5809748161582662,2.6407412667000294,0.25202808468768084,0.25202808468768084,0.5040561693753617
-2.361855545189921,1.3974989257909403,0.5939622896909025,-0.168796224822527,0.1518875409544801,-0.009588295033860108,20.321618590528267,0,0,1.4871667319588862,0.2574679865955579,-0.5188275866823066,-0.5188275866823066,-1.037655173364613
0.6100478822866796,-1.7979731319247638,-0.3900851336503848,0.05380987198500101,0.09840999488750485,0.08619981876280741,80.78296674188233,0,0,0.3266690564318756,2.256721259648072,0.582699514627654,0.582699514627654,1.165399029255308
0.25241612695365717,-0.226399253398175,0.4238201929790855,-2.314823015859876,0.13740136360257224,0.02621189535393339,44.174242319566,0,0,0.7432113410633858,1.6605293279941182,-0.1322083970277698,-0.1322083970277698,-0.2644167940555396
-2.3688873741668424,2.826654495436209,-1.088640032646996,-0.24462032042554654,0.5221882047342471,0.02139150737518157,69.78868129677647,0,0,1.7948429253119789,2.4299964905965883,-0.2531444843971944,-0.2531444843971944,-0.5062889687943888
0.09424041582340102,0.10836515583703313,-0.7058226426897628,2.1750697335325215,0.40050150338604,-1.271674989630094,26.998977463933475,0,0,1.0955330831114873,4.100137534861341,0.8170604890455044,0.8170604890455044,1.6341209780910089
0.5758906019916478,-0.5723413862701323,-0.5228435437038401,-0.7267602044587412,0.6198561684343487,1.002375812138057,55.155694822410894,1,1,1.5189292785822381,1.4655729532383892,0.35669263094568926,0.35669263094568926,0.7133852618913785
0.05615691429260944,0.8216905306037274,-0.8767920600932801,1.632676589245118,0.2979336601461957,0.09365693287747029,60.69720715935275,0,0,1.859661982683306,3.6966373358893443,0.7709958968514865,0.7709958968514865,1.541991793702973
-0.48213251016981606,-0.738733348063265,0.6545983845649058,0.18725189209534476,0.5773061138468224,1.0198200878204278,26.309625983856858,1,1,0.6796471145800178,0.9711793600359586,-0.023856874197903083,-0.023856874197903083,-0.047713748395806166
0.023055525010297118,-0.4989105881117565,1.2056469244683343,1.394963313312009,0.24424107804893214,-1.0465399755796423,64.47742522717984,1,0,2.019276842143205,1.3507223421144274,0.1336887612842676,0.1336887612842676,0.2673775225685352
0.4423279496244944,1.0204296341536732,-1.5458386172669933,-1.5364092491020334,0.11410128129988976,0.3643288033720421,16.385532990656177,0,1,2.9947877045649305,4.082709467289044,0.6599983493432575,0.6599983493432575,1.319996698686515
-2.861107600755601,0.07104383223324623,1.0848717250544753,-0.7350541515602407,0.5090777039924805,-0.019390125978158448,29.624688822412026,0,0,-0.6598171996027813,0.2944740104127018,-0.9542703039625915,-0.9542703039625915,-1.908540607925183
-1.2793224342383571,-0.416384992077363,-0.8217384839343712,-0.34239631964363487,0.4214814909494352,-1.5489757867027112,39.95672143594873,0,0,-0.04348091850781244,0.6156040954593258,-0.00021471048489703215,-0.00021471048489703215,-0.0004294209697940643
0.6896773109431845,-0.6660941145521116,-0.401878318320673,-0.6134180556475988,0.43387274008915727,-0.7268429526828294,43.616964028099765,0,0,0.36656912689312815,1.8163986229420883,0.40697816945667425,0.40697816945667425,0.8139563389133485
0.16919228505805434,1.4172094082680355,2.3061451409654556,1.7702447001610664,0.05428624657598259,0.565323469159516,30.35817619293187,0,1,0.7654252603261394,1.5173855642914118,0.34563725565461106,0.34563725565461106,0.6912745113092221
0.2286104622068329,-1.396123050221895,0.24662418058427818,0.9565205833188146,0.14385622605949178,0.17760182964195403,71.59648204657819,1,0,1.439093113549537,2.5236837024408487,0.34740182043248063,0.34740182043248063,0.6948036408649613
-0.5264159903762209,0.5627709893081866,0.5050179430122846,-0.629341629395379,0.35923513318560857,-0.7471647572259876,51.06416988761039,0,0,0.41772848624581915,1.2759585824238613,-0.11799835002375872,-0.11799835002375872,-0.23599670004751744
0.5585858866200506,-2.0144361799497474,-0.3466606595340453,0.3287731287053404,0.46452493057952426,-1.0091047501476065,70.16776907665117,0,0,0.5160258448441074,1.6040571587376864,0.5203625731789796,0.5203625731789796,1.0407251463579592
-0.6370920637606625,1.6282364578352944,-0.5292477684858539,0.25337948671611477,0.37504509434106126,0.7178732060082044,66.35336159783807,1,1,1.9068674441541926,1.8008241653255312,0.2536462161809483,0.2536462161809483,0.5072924323618966
-1.747634948532479,-1.711674182791064,-0.4295235483403121,-0.5582328174767014,0.47832389688307064,-0.8732418206551162,67.65036558380524,0,0,-0.9043517888201671,-0.005513027736089998,-0.27012224735196866,-0.27012224735196866,-0.5402444947039373
0.02047271023403358,-1.7044972501543108,0.7907068343498316,1.4392599005376583,0.2368224559771745,-0.2583436933964191,53.77817559854121,0,0,-0.945164676347652,-0.6057569230897935,0.37400624797082305,0.37400624797082305,0.7480124959416461
-0.35915263778154843,0.12753839002058115,0.7550122618433392,0.8237516400075332,0.351475901620135,0.005894207306052728,33.31176391297278,0,0,1.233354641125805,0.8560916144785653,0.13725564262815537,0.13725564262815537,0.27451128525631074
-1.0941774240229427,-1.3779310891893286,2.4627675888420906,1.0765138884962948,0.15373006004529724,-1.6727408463196338,19.2939907152256,0,0,0.5064377957725917,0.3265489160164563,-0.3513012627532222,-0.3513012627532222,-0.7026025255064444
0.7875630981438471,0.793717588986318,1.0015326903302946,0.40568627780801186,0.49593664057315506,0.8739447964293988,14.721518637037674,0,1,2.1166774231157155,2.84460308901566,0.45417921187549737,0.45417921187549737,0.9083584237509947
1.1296928544331157,2.2654812579423456,-0.08350509344129796,0.23923229471538704,0.15829285330455048,0.387888633928816,36.64774664361015,0,1,3.5,4.949430715255195,0.8397566480540357,0.8397566480540357,1.6795132961080714
0.40829610890727713,-0.9091559865390287,0.3048835564437961,1.005940885977448,0.6628498702016433,-0.16702884148117392,31.831173075708804,0,0,0.6046030487063738,2.7034057751706735,0.40923391870394865,0.40923391870394865,0.8184678374078973
-0.46445869660306327,0.7503142955155246,-0.7181184745083604,0.3397869146297873,0.3821487636030158,0.2114412305676503,18.497719937850743,0,0,1.7814917957332317,2.6237854595760246,0.3373835707116195,0.3373835707116195,0.674767141423239
-0.1452855525250554,-0.6076050373026958,1.2778167561678102,-3.031815371263465,0.3783100369315507,0.1731120643914342,42.76106213880452,0,0,0.37483950098898483,0.8076197722142606,-0.6183208167549294,-0.6183208167549294,-1.236641633509859
-0.5669229942944884,-0.08753712356792541,0.3901299897222266,-0.31087606484055386,0.23086439918987745,0.5965399641725367,59.2595141117649,0,1,1.1478372825889982,0.12456900924015035,0.14406781638178312,0.14406781638178312,0.28813563276356624
-0.524736781480067,-1.2521335832100453,-1.1789162155143478,0.6904195101995516,0.2662821858942155,0.7699397943232147,211.12776605914584,0,1,1.3048250015252112,3.0796252763441103,0.6728030558200454,0.6728030558200454,1.3456061116400908
1.6778291321825487,0.6579943068292399,1.6291128343594972,-1.4684523425071776,0.22297787175604283,0.22575177101887478,69.19688047940495,1,0,1.4860147800660224,1.4415986787012671,-0.006448777420717838,-0.006448777420717838,-0.012897554841435677
-0.7856326851073299,2.6727250848032567,1.1723432250572436,0.2948054188749154,0.3603845007131738,0.723177317891453,45.21298650229538,0,1,2.968568724309489,1.3428857392508537,-0.01131996611632291,-0.01131996611632291,-0.02263993223264582
1.175708367907148,-1.1566506022395937,0.15577522706586447,0.020611653820940063,0.0895240304644881,-0.1828167923592043,15.669714734564925,0,0,2.6336639109449362,3.5834180308433057,0.6171521234358034,0.6171521234358034,1.2343042468716068
-0.688729042087039,-1.2764685464186047,-0.9212239689876764,0.526112764038846,0.6523490719024405,0.9172507611825458,56.16909766012536,1,1,-0.5978103218659692,1.5210999341426588,0.3079616616633244,0.3079616616633244,0.6159233233266488
1.1862662944309192,0.2643598040874094,0.16305659596459776,-0.48445904100307524,0.24801599506816752,-0.9167667058953927,24.72629826093159,0,0,1.0169206019589936,1.299285777040847,0.4895556451315323,0.4895556451315323,0.9791112902630646
0.31737805593768154,-0.3218947645230189,1.4015439385377844,-1.5951913757223612,0.330814688139154,1.6385767495326844,34.53212750719974,0,1,0.6099536625063224,1.0188392915034137,-0.08600378359918365,-0.08600378359918365,-0.1720075671983673
-1.6512213622951364,0.8620088841765393,-2.434072591653434,1.2442405747967769,0.6048808699689612,-0.1955968342380868,37.414716345640876,0,0,1.6900580935276095,3.2900862120276417,0.4919458833919865,0.4919458833919865,0.983891766783973
-1.55912549914973,2.2451490455168264,-0.0560285070269337,1.0528050504516022,0.49223737325220707,0.16387876512138108,67.26732003801386,0,0,2.0443491609595674,1.942745629594266,-0.012860928715240305,-0.012860928715240305,-0.02572185743048061
1.1627302594568651,-0.1275000663840734,0.4070982602076852,1.6050161054226804,0.1650527280331433,-2.0802255370018434,58.49757973898497,0,0,1.3603792601272215,5.007214888841914,0.8252930996503596,0.8252930996503596,1.6505861993007191
0.3806781053963314,-0.17334629118079722,-1.0272067434059584,-0.21471298196447838,0.2672454939423568,2.0261095956479345,29.017533187766013,0,1,1.4962343749617486,4.27660495879872,0.7297880977605119,0.7297880977605119,1.4595761955210238
0.9004353892898009,0.5522682082063166,-1.347377165332035,-1.0833220277879672,0.17082782858055393,2.2655946586199645,27.9163190110608,0,1,1.8960497982532996,3.7251466472022168,0.812548241513025,0.812548241513025,1.62509648302605
0.1343833052193607,0.21074832701536897,-0.6185969548317893,1.182132815145569,0.156115701659098,0.5628316938824733,28.73631957380563,0,1,2.039665736853529,4.007489992107544,0.8490347938524336,0.8490347938524336,1.6980695877048673
0.24999910622680457,-1.0987485489759414,-0.026015901864165185,-0.3700801443435582,0.4573563762457869,-1.0671237837617604,65.95700179382088,0,0,-0.2522976208049979,1.065850305888743,0.2393432918727923,0.2393432918727923,0.4786865837455846
-0.5136741543818824,-2.538014049451628,-0.16471531283471072,-1.6014750862406237,0.21936973025335882,1.3279964682267533,73.52957381708842,0,1,1.8304274601014057,-0.7084486460604904,0.05149435481259096,0.05149435481259096,0.10298870962518192
-0.9926525662836297,-1.1862198771522316,1.0649835688469633,0.2512114753615143,0.09890906701697526,-1.4862950066875733,64.59262315064356,0,0,0.6613145937727648,0.735026975379521,-0.15075921422474978,-0.15075921422474978,-0.30151842844949955
-0.14138434903684877,1.2574440269891072,-0.7047597433948648,-0.5534376023650773,0.3553652356667108,0.6881596193960436,14.23578226776603,0,1,0.9176271183209385,2.7320836229608836,0.4305531008308281,0.4305531008308281,0.8611062016616562
-0.06238336955465274,0.06727975705263844,-1.12663130423708,1.2551432720974496,0.1005269674484744,-1.2535666659097198,22.414042505558378,0,0,1.850918101402753,1.8910882588460631,0.7721908602467619,0.7721908602467619,1.5443817204935237
1.7493288690868931,-0.8148883771597611,0.9623789842567789,-0.28244733944939415,0.5532767669787756,0.9111765246856707,74.65959987439972,0,1,0.30045661724288153,0.8801084649945021,0.5944617616320417,0.5944617616320417,1.1889235232640833
0.8055502533038975,0.26897409325738614,-1.5864115785949255,0.7320349886523452,0.541181397848141,-1.446978276113274,108.78668495210488,0,0,2.7558300026645908,4.286001925436934,0.9164473806898433,0.9164473806898433,1.8328947613796867
-1.0694807717432728,0.8228571666580149,-1.2539195359316493,0.23767566637836673,0.38397195869026396,0.2804720697829691,4.30884311669433,1,0,1.7009780194419117,2.060439539315168,0.12703603167928912,0.12703603167928912,0.25407206335857824
0.31842640109022624,0.4858665820432071,-0.3394627027511857,-0.6941158096430173,0.623193333008969,-0.6174197562555936,51.799713761494395,0,0,2.2209632149209617,1.4308218050987067,0.22933394125262863,0.22933394125262863,0.45866788250525725
0.19440010663649396,-1.6589784038356559,-1.3736013144896098,-0.7329252152030254,0.6341513182139185,0.20701086523912648,32.081148446977345,0,0,0.9007155939935683,1.0961819129557464,0.41250146393804743,0.41250146393804743,0.8250029278760949
1.1599975634156972,1.0106311569126005,-0.6453280770347741,0.4560041165697706,0.8015873556430262,0.5665912555294556,39.23043273998276,0,1,1.4923010420032068,4.036710990483224,0.8564712703322781,0.8564712703322781,1.7129425406645562
-2.0954801962700875,-0.025866156977609,0.41010219112798846,0.055956327109586354,0.07787478739046134,-1.1627328058659172,28.76514542733485,0,0,-1.445582811666907,1.3709029258447456,-0.3455747470977672,-0.3455747470977672,-0.6911494941955344
1.3515981513864803,1.6194000864719762,1.0945299648548594,-1.0362035652381016,0.3498756075725688,-1.0954801494032422,35.048462987427435,0,0,1.4331816620563427,1.7856228945591917,0.20716410255987067,0.20716410255987067,0.41432820511974133
0.46556011925901064,0.6378722383982283,1.5786126976254222,0.9614278442906716,0.7313243801007395,-1.5755294110939788,61.69320310222912,1,0,-0.5176481680622018,1.9824163183368713,-0.01939879933692648,-0.01939879933692648,-0.03879759867385296
0.016808956101775997,0.17856569421692534,0.5797807598139146,-0.7528547138175202,0.7129706143331029,-0.5736121956854613,23.773468089375147,0,0,0.10839500992988588,1.1983992195297895,-0.08947205537766226,-0.08947205537766226,-0.17894411075532451
-2.1732435133781878,-0.33846200741021126,0.2176022473106684,0.34293142286368034,0.4135639573234684,-0.46593369781422234,56.25343217521416,0,0,0.17261912778369873,0.929710820451596,-0.3539083717964096,-0.3539083717964096,-0.7078167435928192
0.8782429507383964,1.1869570181091875,0.11254784088852751,-1.2712937617903932,0.6349453828169933,0.47742681852961555,36.558499608651395,1,1,0.6999284813129466,0.3642523639738806,0.19992773221292592,0.19992773221292592,0.39985546442585185
0.059010992344887846,-1.8084036224135414,1.0196649552154036,-0.46177926625723204,0.15046439534852163,0.01857683050725182,31.757788514443792,0,0,-0.33164665294922635,0.3305201307854988,0.01296506489923286,0.01296506489923286,0.02593012979846572
-0.8709379159102006,-0.5515725972618043,0.16654175240989952,-0.472343797574556,0.37269005516068715,1.69077303877916,66.62978317918379,0,1,0.07101833827681636,0.39903441944948237,0.04503070121298093,0.04503070121298093,0.09006140242596186
0.8380348861276686,0.2494349946281652,-0.016467126658939596,1.300156009365682,0.41570643981237476,-0.5183269845176991,18.19288818150582,0,0,1.810521200150548,2.805789650496706,0.7125310721115667,0.7125310721115667,1.4250621442231335
-0.5267140090679564,-0.270823726843464,-1.3981665731299167,0.4353514669928331,0.3735591382309419,-0.8971452474524595,24.14532817728279,0,0,1.1295903459559578,1.7957418032892534,0.48882579443283775,0.48882579443283775,0.9776515888656755
-0.48004247659961413,0.15794537495022767,-0.3010490770357577,-1.3034975098541017,0.6079057278730144,-0.13296612875807626,28.528687298043167,0,0,1.9538495223399936,-0.3380771071067359,-0.10870802296328705,-0.10870802296328705,-0.2174160459265741
-0.2284890995978585,-0.2008494130419652,-0.39812606884648394,0.7035392609833775,0.40289906534090203,1.5930640326736014,26.65240339827575,0,1,1.5576119122429544,2.0303474852847,0.5535520785540176,0.5535520785540176,1.1071041571080351
0.03533083704607281,0.6469034190232604,0.0923363454540925,0.7371082275976865,0.38813032206346904,-1.743693837175994,38.52345960105396,1,0,1.416922749066776,2.7723422941909077,0.22910684204535103,0.22910684204535103,0.45821368409070207
-1.0854779536811758,-1.4654635858808402,0.6024471144082906,0.2925284815026799,0.5464211278775444,0.3294537177425136,10.142352442455918,0,0,-0.05806346864223546,-0.4491061222356749,-0.1749581362206814,-0.1749581362206814,-0.3499162724413628
-1.551820381753898,0.2990228876964676,0.8017959329726314,0.8050195278628934,0.3094451598357399,0.8933112803781548,45.33972402371446,0,1,0.2328547646759968,0.4029654324581436,-0.04026813549032712,-0.04026813549032712,-0.08053627098065425
-0.106798856831268,0.9617695092424317,-0.2178494429973466,-0.2964832133652996,0.1305118574096607,1.8102353967866571,52.443829175990864,1,1,1.8659503379254467,2.2490872470703014,0.2933333733625887,0.2933333733625887,0.5866667467251774
-0.581354123420746,-0.30495089011992155,-2.451435214358675,-0.09376630652887025,0.7303653982913261,0.08068310434351032,34.58948088547127,0,0,1.225358824720569,2.1138838662793367,0.5243709618359846,0.5243709618359846,1.0487419236719693
-0.0612391611613782,-0.14106019055253105,-1.1918425407207347,-1.8200293043940945,0.1820918591334843,-1.385113768047374,57.324307638584,1,0,0.8100648088903646,1.6994831917494269,0.07375107285040255,0.07375107285040255,0.1475021457008051
1.7391129618311196,-0.8746610914718711,0.6020125430367985,1.3005168642196494,0.16251610600443317,0.7437461084829131,43.39886075690265,1,1,0.6132841126526205,3.00418794435338,0.9095980399630909,0.9095980399630909,1.8191960799261817
0.6270380050361308,0.9407781573908072,-0.6030639576824061,2.1080438590548436,0.44719906729735,0.8907418867938677,21.407786144193928,1,1,1.793921503094483,4.938634749270491,0.9403648305787536,0.9403648305787536,1.8807296611575073
-1.690002643906763,-1.683312012710329,1.5460824463154286,2.338645797647729,0.19413501808330336,0.9719349744366171,52.14045641560469,0,1,0.024016976838426476,0.9495760235883105,0.06102496075331039,0.06102496075331039,0.12204992150662078
-0.8355942902615114,0.1844303135104371,2.5173873178989123,0.16636951274538586,0.5921285702496467,0.26712098638596515,61.35517709667339,0,0,2.2982247976546146,-0.02291009522125209,-0.5599559557767297,-0.5599559557767297,-1.1199119115534595
-1.8973316388885642,0.3480959761539471,0.37296881658760417,-0.7971938598511865,0.7421748435677564,-0.4686081367439064,31.240792706241532,0,0,-0.34006494416075184,0.4760731662234836,-0.594922855767546,-0.594922855767546,-1.189845711535092
-0.25614042318201957,-0.05488771478626313,-0.4795945488194967,0.37569955949564277,0.25610348607534206,0.5001346583953304,78.96312809408604,0,1,0.0740146634836274,2.5310302831501055,0.5399525663004574,0.5399525663004574,1.0799051326009148
-0.45503718104134366,-0.31223424196487665,0.45116330499100493,0.7054527702144829,0.2559529290103489,-0.255242980578669,21.555089999666258,1,0,1.4606552649622624,1.1497569038236424,0.038886457886525894,0.038886457886525894,0.07777291577305179
0.3628546271675874,0.39599793785152865,-1.3191993366587134,0.5304641175738692,0.20259027251021416,-2.4308725792985753,31.255045025371125,0,0,1.7952828562308494,2.811180305136317,0.7786850254326865,0.7786850254326865,1.557370050865373
-0.19440484399263408,0.2562562395754002,0.3689303112347599,1.3592607718019272,0.6883946001423887,0.7139217793401949,34.126681856706426,1,1,0.3255465030759077,1.9498192324494326,0.3038542101005889,0.3038542101005889,0.6077084202011778
-1.00348288643544,0.30794190142886796,-0.09754195249669637,-1.3002972741594339,0.4274000398676259,-0.18292999650659442,23.88694853773904,0,0,1.2042235052639467,-0.02668049939882733,-0.25614549756957833,-0.25614549756957833,-0.5122909951391567
-1.1099540071562326,1.387248076229191,-1.032560310850333,-0.8078249602745445,0.3099919112302169,0.18737534550952678,39.35638435638671,0,0,-0.08310633493881747,1.107437249700879,0.036569594838658084,0.036569594838658084,0.07313918967731617
0.20920404760582786,0.9206082754003064,-2.4140274711855465,1.5952357527574537,0.7201571463392964,0.8555620960858631,42.93782744189767,0,1,3.4543833702149342,6.276437726148172,1.2039678973653625,1.2039678973653625,2.407935794730725
-1.5157432348824151,-1.0635284479746,0.7504743769456487,-0.9870990636248117,0.19318002586030944,0.9866680437601841,55.54018661240617,0,1,0.7180250135262882,-0.7043062603939315,-0.3135535063540593,-0.3135535063540593,-0.6271070127081186
0.23323914522555259,-2.03003997678274,-0.022697483655838933,1.002653640440599,0.21193663767506937,0.07162889130731295,74.82893234207998,0,0,2.1363926658341237,2.7348803998325706,0.5399132693047305,0.5399132693047305,1.079826538609461
-0.9262089549488373,1.2130714535201648,0.26666718576644843,0.19967905757441357,0.47368242074940436,-0.9229111384218478,81.19453660093777,0,0,1.614578760401462,1.8803700064480613,-0.05574683887075566,-0.05574683887075566,-0.11149367774151132
0.24910978132869108,-2.009043430497567,-1.3535055139127057,0.5114973663677693,0.8527798298011469,1.3531564967371978,53.875276781415174,0,1,0.9223422899832782,2.549913015412585,0.7549243186267521,0.7549243186267521,1.5098486372535043
-1.0278169394493377,-1.7040374391606898,1.49148136424246,0.9062053945394408,0.40383391895579185,1.596901709395106,11.775066145533607,0,1,-0.07079171995707179,-0.12374481880984743,-0.04971781271144646,-0.04971781271144646,-0.09943562542289291
-0.33432540023078083,-0.563256322289697,-0.7666480912266234,0.9217254425446239,0.18985978536032425,1.3509765278657824,74.5885864979527,0,1,1.3787473894101423,2.8162417443309478,0.6953956991767931,0.6953956991767931,1.3907913983535862
-1.4050659965369068,-0.19707530513866725,1.8292785573408612,-1.0929200977433298,0.7107817009885865,-0.6432283218084779,6.296797320029631,1,0,0.009346887188384279,-0.6884568792704713,-0.9631729874763836,-0.9631729874763836,-1.9263459749527672
1.219218282935351,-1.4888689328381233,-0.9793807815095794,-1.0631551959428853,0.2639882850778252,0.4166965858505347,36.88656010627754,1,1,2.0900303610351973,1.5284449390806363,0.6621197674656085,0.6621197674656085,1.324239534931217
-0.9419468152661171,0.42524075140177897,-2.104994173689783,-1.6515189533942447,0.5364886218907385,-0.16142196590586502,46.68270728721304,1,0,2.419197063924408,0.32396134927117437,-0.02667707092750185,-0.02667707092750185,-0.0533541418550037
1.8422645045568855,-0.5612549907829472,-0.9822218802668222,1.731611325529013,0.38668511254611115,0.7605547518697476,47.823903396958364,0,1,1.6675374991329348,6.069120616979577,1.4508084865187847,1.4508084865187847,2.9016169730375694
2.057113172634311,0.0013108454003132428,-0.9236762953190913,-0.2947175787513071,0.15725394516261276,0.1595847317119457,40.71567326056132,0,0,1.297032388483898,3.711516127948891,1.0284103622935448,1.0284103622935448,2.0568207245870895
-1.3274408736341445,0.26298063762844437,1.6913097050961163,0.052301721460663045,0.2027367145288798,0.14682661456435284,25.036205736440852,0,0,-0.3644506604711063,0.6058314742255636,-0.4430140813627179,-0.4430140813627179,-0.8860281627254358
-0.055849121956156364,-0.4891313777775297,0.22272593092927434,-0.5443361066672882,0.5218078601097499,-1.1443311350788314,21.93413627565941,1,0,0.2168288493464665,-0.2433679312587077,-0.08785184457861597,-0.08785184457861597,-0.17570368915723195
0.6991201020994134,0.5781430438996104,-0.9726636137742378,0.15598066976333208,0.2751404957760587,-0.6506234490695645,14.175872913538711,0,0,1.1282418805510255,2.6330595376745536,0.7117824251893138,0.7117824251893138,1.4235648503786276
-0.39767941011697844,-1.0424559097211998,-1.4643000391653263,0.45459783351552535,0.25484188644119377,1.7719493388687662,46.663184592212566,1,1,2.427518913315104,2.7101562898283955,0.5914613310705259,0.5914613310705259,1.1829226621410518
1.1733208394622767,0.9292219933303265,-1.0047039493462566,-0.9983044310447672,0.08336091956530149,-0.026378913019351812,8.290761792502956,0,0,1.922377849767375,1.9265604928490894,0.6898632856218836,0.6898632856218836,1.3797265712437672
-0.89921560422033,-1.6094098533191257,0.7908341685526725,0.19817527696144338,0.45790458502436016,-0.3423226214340171,50.134259615950626,0,0,-0.1952361865467771,-0.4181455356559401,-0.159989436816067,-0.159989436816067,-0.319978873632134
0.9231047967845395,-0.12589073764748165,-0.8228301641640539,-1.229600533637366,0.5112689832844903,0.015462249296797796,47.181915822503356,0,0,0.3953574046275481,1.4666317415125516,0.43545932717275926,0.43545932717275926,0.8709186543455185
-0.6216433688475235,0.28612923073708574,2.881885896111591,-0.8106212911316918,0.4064939671893136,1.0032803704110023,44.13982215306955,1,1,1.0486015731059426,-0.29310615894441505,-0.6915454249509964,-0.6915454249509964,-1.3830908499019927
-1.1026037373767223,-0.7004200292879308,-0.8267117894338772,0.10775299866937078,0.5305352265241932,0.863544560974327,32.226086514195046,0,1,1.014186890999603,2.049905481446948,0.26521463260465117,0.26521463260465117,0.5304292652093023
1.0404635274588345,1.7906194440849381,-0.3854690135376129,-0.6726542331244457,0.46647267681978605,-0.03324152688585079,31.034994677819462,1,0,1.5501979183009833,1.5649889864457844,0.3431017662675996,0.3431017662675996,0.6862035325351992
-1.594829267916979,-1.662817341040436,-0.17211753996722542,-0.3179536928579488,0.25681271873817185,-0.5333826218164722,22.684811889433508,1,0,0.49529432547604624,-0.13482155588627287,-0.32755305343555663,-0.32755305343555663,-0.6551061068711133
0.5382515922479219,0.32034483020316423,-0.9589915385192396,0.9606167556333582,0.013556063902336988,0.17903703872011517,19.451113152457925,0,0,2.3937739945474603,3.4820930522792013,0.8713461449810945,0.8713461449810945,1.742692289962189
-1.3055548513054416,0.042834987585226796,-0.4217259880619595,0.41064036762078443,0.3773720672401296,-0.9397164971170664,39.30987494396471,0,0,0.20277800400367207,1.51711595359331,0.05057032904221752,0.05057032904221752,0.10114065808443504
-0.1673242675830373,0.5225566934035076,-0.1065938693381237,-0.9194635107307378,0.36118139820739625,-0.2948351471346526,30.074349845875552,1,0,1.6695704582025859,0.3626618046283385,-0.07558711117017111,-0.07558711117017111,-0.15117422234034222
0.598342862650004,0.6187040133606408,-0.13952513488956927,1.5577426138364197,0.33332476030502495,1.9576844655693522,37.41896120977509,1,1,1.55377197247526,2.8396840196732693,0.7586272592350559,0.7586272592350559,1.5172545184701118
-0.15505054661383869,0.25730375621942664,-1.8228249768497118,1.2227811834981488,0.4359129321710939,-1.5804012269031458,91.86167000192447,1,0,0.9615011238844587,3.319576625697324,0.673088851163666,0.673088851163666,1.346177702327332
0.417058061743536,0.04663687290119841,0.3766791851939746,0.1392427157533285,0.18556631195706158,-0.4943140170411151,23.79956118278879,1,0,0.8706449998357946,1.289856152505934,0.21443461051142004,0.21443461051142004,0.4288692210228401
-0.3617405093446544,-0.4413108178802279,-0.05394359418990649,0.4885735446607347,0.1593549545702755,-0.06364832623762202,20.064527401975752,0,0,2.0451841380185805,1.05457397014977,0.3002782970473423,0.3002782970473423,0.6005565940946846
0.30119169366541815,2.415005720451231,0.23862159817441786,1.152480006194614,0.6922866186170493,0.8647618880307457,26.820852370095256,1,1,1.9096791063637988,2.058747942447819,0.43313453527488377,0.43313453527488377,0.8662690705497675
0.4819567829323615,0.030648341302529525,-0.3527981056687545,-0.8647808394853592,0.14007386141414435,0.8069988704008144,64.6632033035356,0,1,0.5950772198025008,0.9476672379501597,0.523285204621428,0.523285204621428,1.046570409242856
0.41355483386406505,-0.015361726652512989,0.8360796674242864,-0.6768113715990474,0.620675693486464,0.9073019264661651,39.786519307835746,0,1,1.3829265941712379,0.6597257373934431,0.16106961332401534,0.16106961332401534,0.3221392266480307
0.31925202572624023,0.872014098364,1.281217409878887,-1.4547240539091602,0.820896182080634,-0.5617531638061979,56.76625523342322,0,0,1.666358647793138,0.11440950365430214,-0.31134267637300883,-0.31134267637300883,-0.6226853527460177
0.8677257206904609,0.026347533495984198,-1.1621608057565667,1.7855926653078709,0.1761412056647012,-0.6696885646699218,39.14761338773146,0,0,2.3168286577493626,4.475005212804799,1.1177713694556621,1.1177713694556621,2.2355427389113243
0.02507958894650164,0.3266302381287626,2.2079744016238734,-1.431536747411612,0.6942273331368516,0.9057981510000199,49.660520437189405,1,1,0.7800534890983363,0.6354611710418601,-0.5430232579391663,-0.5430232579391663,-1.0860465158783326
0.30738099739110736,-0.0796960158433609,0.21823575274436888,0.04963787445649668,0.587752475766185,-0.23578091225563508,8.855623737518902,1,0,1.7294858889285618,1.1169879686438398,0.10592903688403393,0.10592903688403393,0.21185807376806787
0.8047057751418496,-0.8453825745873857,-0.03127639256592111,-0.042615090719530166,0.6881017186492469,0.9883739328114539,52.15231701422827,0,1,2.814372263939216,3.2531045432081074,0.5593832945988859,0.5593832945988859,1.1187665891977718
-1.3311937046167943,-1.7363655937894469,-0.3254246843446396,0.537534002120436,0.3352697206329131,0.40350647278058194,20.96859026348952,1,1,1.3697267656467063,0.6180337232197413,0.07515058069289765,0.07515058069289765,0.1503011613857953
-0.16381232527710135,-1.310339370937746,2.1153122635873185,-1.3544410814293482,0.46097027722508827,0.18022253883752617,5.9363308572897155,0,0,1.0585337453617438,-0.7090498902491675,-0.5256684102581022,-0.5256684102581022,-1.0513368205162044
1.2383814248727736,-0.2319306800171547,0.7224496015686195,0.816681138301922,0.1728600021998561,-0.5090968924745408,13.94649294537314,1,0,1.9996544402585352,1.9881293531568618,0.493324090985661,0.493324090985661,0.986648181971322
-2.7236781206883163,0.6340530211551025,1.3432502922633265,0.3865440316410939,0.21314413509903718,1.855068201085597,43.47426774641096,0,1,-0.17037631265712272,0.04681545093514755,-0.5397216048190325,-0.5397216048190325,-1.079443209638065
-2.182915398377518,-0.8905296153043115,0.40145530429577236,0.08785417451814057,0.6264075540587131,0.30598421720000496,18.842084779908763,0,0,-0.2357609665196901,-0.730123545866417,-0.4940605400516008,-0.4940605400516008,-0.9881210801032017
1.8565677882393923,-1.0241541679158102,-0.04004360249868481,1.3151725131293894,0.5888377369044325,1.0374507529377173,49.455116172745164,1,1,1.4248055368776433,2.9001031396815073,0.9840585687629669,0.9840585687629669,1.9681171375259339
0.049325629963169304,-0.7309197348380487,-0.6211799189878683,-0.26308757052736764,0.5047802408149177,1.6261373624558804,44.165106749598685,0,1,0.8935386071985392,1.0058762762473115,0.48196773807651205,0.48196773807651205,0.9639354761530241
0.10422678985608655,1.7819638280132888,-0.012772078305434496,-1.0738677162063657,0.1638234009431019,-0.16335958394232394,16.7551347930525,0,0,1.930111376491159,2.565859897544864,0.13937955324340962,0.13937955324340962,0.27875910648681923
-0.06476261381210975,-0.32894150894824037,0.263703812898899,0.30046057243138313,0.39974349760397176,0.5190968484037773,29.34502447676,1,1,0.7541310999321742,2.2832931412506765,0.2419960929075472,0.2419960929075472,0.4839921858150944
-1.0497131870478247,-0.1106187583020494,0.5608544095170749,0.4537831995053371,0.38806035571910263,0.19809286611509133,80.81050334749396,1,0,0.5252578119403808,1.1215876426298115,-0.22876117192877135,-0.22876117192877135,-0.4575223438575427
1.8812115957312467,-1.4193669497906156,-0.35542231308966415,0.5467919995093988,0.24036133541834057,-2.098832359000193,54.60801741401714,0,0,2.459656053747789,4.548480776205529,0.9856679950957654,0.9856679950957654,1.9713359901915308
-0.5595831978403957,-0.9720141204644434,-1.401943608828689,0.2920121050234936,0.5025867700665296,-0.1290254029135205,26.507992718888246,0,0,0.8894592815174214,0.05281293244519647,0.42368565263526253,0.42368565263526253,0.8473713052705251
-0.2882050458096802,-0.6678302517220125,-1.619189854288111,-1.1357975805307774,0.33717466358284054,-0.20378666470279483,28.75187767620629,0,0,1.8234469181194557,1.647127984563005,0.33015887136125227,0.33015887136125227,0.6603177427225045
2.1454061784362444,-0.07280507759708697,-0.499978968332555,-0.188898036063721,0.6278720431718923,-1.2989621723623204,38.094465998787534,0,0,0.758156516509968,3.448741709117268,0.8660181661425866,0.8660181661425866,1.7320363322851733
1.4430083390264183,0.28938258589431404,-1.3468584430152757,-0.6368236524423386,0.32161089304190493,-0.8765102283658538,31.45189456141699,0,0,1.0376315871623059,3.5663060481476885,0.8485363206210799,0.8485363206210799,1.6970726412421597
-1.2714630770015571,0.6264304263557727,-0.4544005847827145,0.42750722544785486,0.5863912674464291,0.5446792512745562,11.246812333450588,0,1,0.08930131653230144,0.8398528495980753,0.1801758634852321,0.1801758634852321,0.3603517269704642
-0.3507531882530793,0.3857095588032856,0.3510728373418127,-0.48313285540460843,0.5519895256710184,0.05012620564691371,64.61494329535418,0,0,1.0007434049076824,2.452816743644914,-0.054888317059934924,-0.054888317059934924,-0.10977663411986985
0.8101911984155249,1.3332898914748252,0.013994742117391573,-0.9857004704392431,0.7722548908045027,-0.6882834371242765,73.05874271735108,0,0,0.22846149012968553,1.1554243499431567,0.20100743381837646,0.20100743381837646,0.4020148676367529
-1.7642282527424895,-0.6819907386289797,-0.43728907808835843,0.49376747139233024,0.19051009838788813,-0.2581362971634594,54.568652089684804,0,0,0.724101533504649,0.11390701961327726,-0.014624592350931935,-0.014624592350931935,-0.02924918470186387
-1.8547389879339364,0.23767471670010595,0.26802075075041315,0.655548986204945,0.41693796829572155,-0.30753842531750475,19.934988275720894,0,0,0.028797774204750437,0.11053657751702795,-0.22035777666067616,-0.22035777666067616,-0.4407155533213523
-0.21431394273589244,-0.15160936989036317,0.3359961066531964,-0.061034691746329604,0.4160525624948697,1.2122181305677808,70.15767205314451,0,1,1.203658220665548,1.7430075507303355,0.2552340930571389,0.2552340930571389,0.5104681861142778
0.42247611619081565,1.4552203868417055,-1.7070043272546986,-0.1225351796581672,0.6626760965103634,0.9038265578966771,78.02998252787319,0,1,2.2628016298795623,4.744455194958141,0.8127356690285049,0.8127356690285049,1.6254713380570098
1.0555860564339592,1.5668483588570874,1.9229861129755943,-2.0375751452437263,0.3912530363181638,-0.013056246574727091,82.06138199857145,1,0,0.6293150667334864,-0.6255445959967882,-0.3881571039133521,-0.3881571039133521,-0.7763142078267042
0.6448904373767805,1.7642465822268831,0.3466214644941035,-0.17041601782161178,0.28326202352377633,-0.6779139573006584,37.387119983744135,1,0,1.1380901664766951,2.3465891511664414,0.20565483142319935,0.20565483142319935,0.4113096628463987
-0.05452489804295347,0.9559773556551943,-0.006122014111468893,1.1776767169781623,0.11597363302139954,-0.0576915428516276,23.065490679109356,0,0,0.5524251864360503,2.2271863468951123,0.5102280087834296,0.5102280087834296,1.020456017566859
0.6933199254668876,1.0273022472511342,-0.48578244648169205,-0.6443033238079607,0.19980737062184545,-1.6241250705881167,16.852147898494376,1,0,0.6146179439927738,1.4424211202144375,0.33707335012202494,0.33707335012202494,0.6741467002440499
0.1528123243553269,-0.5160773943401716,-3.6059727747336567,0.6197096557471734,0.5904662839281168,-1.1285063513015694,63.43763324149188,0,0,1.0958355182439123,3.7709249950287043,1.1459372911526393,1.1459372911526393,2.2918745823052786
-0.9496641062779769,-0.023278254805760047,-0.8726681983826458,0.04036854005983015,0.16756281851065044,0.0778406424188985,41.007038228922646,0,0,0.830692277889403,0.7083824269739588,0.23313231465456186,0.23313231465456186,0.4662646293091237
1.208766935236964,0.5947602402711457,0.06005052324804763,-1.3403454653784,0.6140438268680933,-0.10600569140621555,11.138423529810222,1,0,1.634323499831095,1.5962450198801197,0.1366109245353252,0.1366109245353252,0.2732218490706504
0.506258965182555,-0.5908538540057169,-1.6999574992294324,-0.9635350631369877,0.5205505379297126,-0.35299742337184475,47.11567274204611,0,0,1.4533649151514112,2.7262607154939653,0.5573747196138018,0.5573747196138018,1.1147494392276036
0.02455975980733354,0.7631197658626185,0.7183359189519246,0.4159860307274168,0.23071340451509603,-0.19399655797238685,20.898317984399196,1,0,0.29166117831049454,1.8037451279524734,0.06834909902394196,0.06834909902394196,0.1366981980478839
-1.6155564362884454,0.3848991787897195,-0.14176564162630154,0.7189813381643877,0.3570294069937553,1.0798278898238585,36.231463973696336,0,1,0.6380661032623125,0.9405503190046045,0.12256222218811012,0.12256222218811012,0.24512444437622025
0.06681396435514711,0.4768570179049652,-0.5307419449601625,-0.44980108581694,0.42524855084426105,-0.8360218666772348,52.86743750443014,1,0,0.8859137744735703,1.8002236868988177,0.15244729026100517,0.15244729026100517,0.30489458052201035
1.1773514805159697,-0.5785680724800675,-0.8558359993495365,-1.9245833467564648,0.4148449056096817,0.32043193621118404,82.31242661165837,0,0,0.40122760380757216,1.6673634512870563,0.4119545546388823,0.4119545546388823,0.8239091092777646
0.34003202681550126,1.201002023083501,-0.41375192550277123,-1.173313428330265,0.4911453549311603,-2.566163579216109,26.87816692082267,0,0,0.5546498731488096,2.105351951824784,0.19716308883602388,0.19716308883602388,0.39432617767204775
0.7493352116615957,0.41356762222438775,0.23539782020223432,0.125408961681681,0.18713513593575448,1.7847165959372178,51.67628929121039,0,1,1.5599887779176709,3.2876349202258197,0.6356875192988768,0.6356875192988768,1.2713750385977536
0.3535524634087329,-1.2457180856133776,0.9252790631696401,0.03883511840440756,0.5591999981461206,0.1865096592217374,17.707137496215985,0,0,0.09974396285769604,1.2777715438955184,0.1082156176148488,0.1082156176148488,0.2164312352296976
-0.6588816637711681,0.7082949467178505,-0.36238999391956594,0.30614157672258985,0.17579199756783706,-0.11555085915254915,50.45492113852847,1,0,0.8088331358346489,1.8400776571860535,0.10815433720016271,0.10815433720016271,0.21630867440032542
0.07147728710118438,0.35914720861345883,-1.609849870202793,-1.4353034577059867,0.0714469168376245,-0.43612308649834663,13.816542642463238,0,0,1.352282813916319,2.31933427523272,0.43867872940483865,0.43867872940483865,0.8773574588096773
0.23395647490862445,-1.3737968639299534,-1.1429130086326562,0.8700368416760303,0.6006245383638334,0.7385401646491837,53.57931756877217,0,1,0.9171440483540565,2.5297573674077256,0.8294054171679647,0.8294054171679647,1.6588108343359294
0.7003060446339456,-0.008764195988154009,-0.3003744391450919,-0.8439617188377713,0.43362438676181836,2.2035840010982994,32.60700365844954,1,1,0.921669275200165,2.1657433013242176,0.36618510689578976,0.36618510689578976,0.7323702137915795
1.2240186141926699,-0.027347166577640965,1.4460712838203362,0.37952510962279334,0.6364485344389939,-1.7443555776489528,27.35471110016777,0,0,-0.06893274593745446,0.9157426604859241,0.28015640100021794,0.28015640100021794,0.5603128020004359
-1.3849912637880055,0.05841378268652247,0.6841365526336343,0.07519779981859698,0.27158081191823635,-0.6550984992433765,15.934520065350915,0,0,-0.12633137580129586,0.19383263369306492,-0.24995138633307035,-0.24995138633307035,-0.4999027726661407
0.6878798472535683,-1.846911587320432,-0.6275031344619236,0.2818393281274392,0.22905344453662896,-1.3173008632856913,112.25920279823367,0,0,0.5351524723657879,1.2392630382406657,0.6664152991867704,0.6664152991867704,1.332830598373541
-0.7351796126990097,-0.1504684550461899,-0.1548885375895555,0.12292186100484018,0.20842842933363268,-0.9335662135994186,57.637805510970935,1,0,0.9506317365924306,0.6497375554088567,0.0003282986547789024,0.0003282986547789024,0.0006565973095578048
-0.517515559504003,0.5470513069667207,-0.7452236171410485,1.252682841625832,0.36403354193831217,2.2057831056767965,52.72779512925271,0,1,1.8732042548969785,3.7827890865153333,0.6571597005373646,0.6571597005373646,1.3143194010747292
-1.1228340875774774,0.9792944580223454,-1.4022605516931115,1.1203482064506434,0.3786214559600687,-0.26940709272907704,35.95545351494725,0,0,1.346985655928376,2.569385449799949,0.44489730458149024,0.44489730458149024,0.8897946091629805
1.615515600868806,-1.9468836118358317,-0.35414259248719726,1.3423868110821708,0.6482113895978783,-0.5736163974841967,38.95934667464453,0,0,0.6215450646917089,1.9053668314782262,0.9563146310817492,0.9563146310817492,1.9126292621634984
0.43164753695278696,-2.1142751857512048,-0.1455751929784365,-1.1089428207758514,0.31708624447011996,-0.09346367162388076,20.561065662768822,0,0,-0.07397751081355286,0.21514383590977665,0.21717744638955436,0.21717744638955436,0.4343548927791087
-1.6047033279774046,-0.8820717091398853,0.06950044484914776,-0.4649193721839839,0.1083184513944778,0.010670489041756206,46.789445321730845,1,0,0.7767416956231562,-0.11898920248089864,-0.3742889450282776,-0.3742889450282776,-0.7485778900565552
-2.0771365447413146,-0.054508343315946776,-0.4239450009516882,-1.7433011275176489,0.41879353983457285,0.4232338227087674,63.57991674130689,0,1,0.07690068371560713,-1.365636983080729,-0.40263498483167093,-0.40263498483167093,-0.8052699696633419
-0.6173962322013274,-0.7946163034927908,-0.841343829972361,1.0362661250209366,0.38345056345766987,0.3775739319079609,48.87042629999263,1,1,1.0229442719363087,0.13512990841992223,0.46672446485147556,0.46672446485147556,0.9334489297029511
0.7371612256047234,0.1696598692178493,0.21771498455715224,1.8583653245990526,0.5339081583571239,0.026873513793052,55.52792484274099,0,0,1.6855927561490114,3.827022447946981,0.704875646988869,0.704875646988869,1.409751293977738
0.40292256133328974,-0.16462906222883644,0.062228562211467525,-0.24570039167040048,0.5737140399543651,1.2330021900583827,43.642814445906986,1,1,0.5302729096774371,1.682540579339741,0.27721059339707865,0.27721059339707865,0.5544211867941573
-1.0806035954708335,-1.145080954763976,0.04803872313867916,0.5804394946221749,0.7961869311323072,-3.330207320420987,57.133238407518164,0,0,-1.5,0.5129428726469061,-0.059743280262105014,-0.059743280262105014,-0.11948656052421003
-0.6299106784239782,-0.4381908533738171,-1.9078700162257716,0.31202101269162974,0.4336762203793953,-0.8920141754282324,22.536814028564006,0,0,1.7587921062392466,3.0889085589346363,0.5354379030043944,0.5354379030043944,1.0708758060087888
1.213371387838603,-0.5946653558026979,-0.8188435875533051,-0.8301089104167424,0.14709543332927683,1.2380523485086272,13.182600234397915,0,1,1.6323021013794217,4.540097782827165,0.8351670699824959,0.8351670699824959,1.6703341399649918
-1.5579534355177544,-0.513622614579688,-1.884177119991355,0.9178434593343219,0.47692113678160136,-0.20834709277659108,46.692223460412606,0,0,1.4629798095957498,2.581965344410394,0.3690427543057204,0.3690427543057204,0.7380855086114408
0.1450813930390882,-1.1901565562492091,-1.017500624924275,-0.04389987276797095,0.6462750700429701,-1.6561758201706334,54.067347041721064,1,0,0.6136156405261999,1.117367962470911,0.3014649336257376,0.3014649336257376,0.6029298672514752
0.8699226566950347,-1.2529406496215587,0.02213378107967812,0.4169824616035477,0.29038677447433303,-0.36835726455803414,17.803692797256602,0,0,1.2182866576134146,2.4406761805916957,0.5840729292518791,0.5840729292518791,1.1681458585037583
-1.0075436774912854,1.003248424848707,-0.3269006002057204,0.1468077343440914,0.4320162760534288,1.6514378901293476,28.97393862881927,0,1,1.162596476594222,1.9326614831207154,0.21254738827681213,0.21254738827681213,0.42509477655362427
-1.0654609050186423,-1.9160057542699156,0.21245227194779526,0.3072685219605123,0.5517938627832613,-0.0437561930423512,33.26013823850349,1,0,1.350130718155691,-0.09223024405754376,-0.2221907463488253,-0.2221907463488253,-0.4443814926976506
0.0022344738500592954,0.3005687593399224,-0.690928625127773,1.4105858990609366,0.1813359003829292,-2.0540774210850987,95.94067031699699,0,0,2.00392218393723,3.4119607654834194,0.7030147959451922,0.7030147959451922,1.4060295918903845
1.386511349035888,-0.2230023866810337,-1.6199279024650513,-0.06709975293363933,0.44017861046408724,0.4037261954651968,34.26398694340219,0,1,2.0090668983135194,4.9801141158261215,1.126886494232924,1.126886494232924,2.253772988465848
0.11025729653406025,-0.02980034171328063,-1.0339177823521704,0.6083325093379098,0.5056534613392726,1.3920261571082884,30.95271917438053,0,1,0.5819708645205108,2.3227597162308324,0.7464769761064127,0.7464769761064127,1.4929539522128255
0.9589221883391257,1.3551846225611828,-0.23067940091985303,-2.044124622858116,0.40301726578447933,1.1423804777114495,26.300589669275073,0,1,1.4951152853370309,1.1741734466665263,0.35458110503458695,0.35458110503458695,0.7091622100691739
0.9763100481055385,1.3980502358742135,-0.014515777587454308,0.4570053049812429,0.18702473382635615,-0.3708499891836415,54.63061716317419,0,0,2.0960511954161323,4.7362012207542925,0.6539353033170889,0.6539353033170889,1.3078706066341779
2.803203479995571,0.6702424136390481,-0.14183627191623754,-0.7504721780695792,0.6784923427111504,-0.07198099025830701,148.92465729422537,0,0,1.2270103198850935,3.742310988107291,0.8581777999171321,0.8581777999171321,1.7163555998342641
-0.3129955701541429,-0.46928066121304934,2.2324285902186607,0.7703292667020267,0.28293005592086623,-2.241335842858547,30.830757243608392,0,0,0.4117439184407588,-0.47309730825527285,-0.1680169949059085,-0.1680169949059085,-0.336033989811817
1.020125811353554,-1.018784001212292,0.460908580782427,1.6525060501730993,0.6777554026621938,0.28777528610437103,47.700780179158826,0,0,1.4833980815466037,2.4868179241234625,0.6590251317990926,0.6590251317990926,1.3180502635981852
1.0767296000236743,-0.9386812318068841,2.0905407583590345,0.8166297431891146,0.4634194277491164,-0.2641994841669935,26.241070101822388,0,0,-0.3241599982269078,1.6354462822889393,0.2173380122818941,0.2173380122818941,0.4346760245637882
0.5691732533291616,-0.17079077156361752,0.022118830062432017,1.333987432625081,0.4599392351689417,-0.7980829903184845,12.26297358694346,0,0,1.2963083198740295,2.015835271904326,0.6242346897503988,0.6242346897503988,1.2484693795007975
0.3461909057797357,-0.06226227844846934,0.8658604074806915,-0.9814080936434042,0.7566838022760449,0.8561641556327053,6.72504153585202,0,1,1.6351337991376185,1.6088597785412144,0.04818659457051039,0.04818659457051039,0.09637318914102078
0.16854063188306256,-2.5551589198044184,-0.3856805140786196,0.6296710120896949,0.01219095768387664,-0.13625146840712468,17.11807946418183,0,0,-1.0383098563633961,0.39230726794132686,0.5824560423565686,0.5824560423565686,1.1649120847131371
-0.5301197714993768,-0.7408800232555484,-0.3413482878511301,-0.9925054091787179,0.352489419544281,-1.237463474138664,26.842353753140394,0,0,0.8232492961984007,1.3614124940434835,0.00341465296462648,0.00341465296462648,0.00682930592925296
-1.0351482788018702,-0.3484238894523413,-0.37688726199527267,0.6027115348850088,0.6103802050963704,1.2598644635758172,62.04869121988778,1,1,1.5126288820400673,1.0459890406872987,0.11507050663060903,0.11507050663060903,0.23014101326121805
-1.0713507443732142,0.6749165519667879,0.4237221546420164,-0.20845315290609567,0.14270323433161808,0.0437187484798129,6.135751661871177,0,0,0.4544729046631134,0.5829389232880224,-0.12496742620842916,-0.12496742620842916,-0.2499348524168583
0.05682787244372295,-1.0201505679733713,0.3727484314166593,-0.31141490560830193,0.8471129324924346,0.11264487570845323,35.44753764087633,0,0,-0.30739459585198703,-0.27533197564491174,0.0145453625648988,0.0145453625648988,0.0290907251297976
0.964376893983073,2.076198257412013,-1.2215827709796203,0.3320115700111038,0.4071913748432209,0.23306113893222616,65.073937866249,0,0,1.8747762093102263,3.445422471513769,0.8408098925704026,0.8408098925704026,1.6816197851408052
0.13537158705282018,-1.003698763790261,1.13946337212257,-0.545294677433867,0.6127058442935638,-0.5381996617635343,12.800651576353957,0,0,-0.05998125451806677,1.1562575702992985,-0.11798034206072705,-0.11798034206072705,-0.2359606841214541
-0.3724512941649166,-0.5749751661818056,-1.140336122161794,-1.227217405757807,0.5117467212494148,-1.6313209646231683,32.35041595510876,1,0,0.2038228648548915,1.4773512799086137,0.0028692383731532267,0.0028692383731532267,0.0057384767463064534
-0.4897537119888423,-0.893105328247267,0.5084761268758463,-0.5341001909427876,0.6267253761513578,-0.11011836563002499,70.62389137048966,1,0,0.9118416764727783,0.5217799504722545,-0.2955479119155897,-0.2955479119155897,-0.5910958238311794
0.24311571121093078,0.9556012548017172,-0.16871537361639763,1.019728879807256,0.5273296095529217,1.2676326990059053,31.565075260031406,0,1,2.4450895545216094,3.582089402171068,0.6621818734072731,0.6621818734072731,1.3243637468145462
-0.06099111326906875,0.5766117081387029,-1.1619030113755282,1.7882023821464363,0.7763316482968557,0.4805849905196251,19.902728923938618,0,1,1.7214342821316349,3.9060466653382533,0.8740979839823902,0.8740979839823902,1.7481959679647805
-0.6307012927576799,-0.31753052097056433,1.3848143850428738,-0.709591088046452,0.4104613805975327,-1.1575320693323805,101.50243839181235,0,0,0.15816168598125166,1.4608656892402214,-0.3674926538733517,-0.3674926538733517,-0.7349853077467035
0.5949319979996036,-0.045911114937962905,-0.6111513663892237,-0.15053612505897548,0.43651264297332726,1.277671685823486,38.88617887133461,0,1,1.6078847705451573,2.8013641678490147,0.6691747232213041,0.6691747232213041,1.3383494464426082
-0.3831894078556563,-1.7243080521095013,-0.42887885553478033,0.6853264357882505,0.8952979598608231,1.4387493199269206,49.3429173608323,0,1,0.46516913624256906,2.291517840591279,0.3955475620933555,0.3955475620933555,0.791095124186711
0.09591787710259458,0.7013593687886568,-0.22392029100135985,2.8603892051030346,0.47302118332110826,0.24393069282019186,65.87009355011772,0,0,1.4171846831644395,4.147191494887828,0.8174644425305061,0.8174644425305061,1.6349288850610122
2.5722907071153305,-0.6376203208185502,0.2410096537754151,-1.1792505412844019,0.3760962380902365,-0.282534845065689,12.018720788982831,0,0,1.3395103675257656,2.6158538704909073,0.7046910795888521,0.7046910795888521,1.4093821591777043
1.5918049668697745,-0.7287798333806632,-0.6817396680514523,-1.1706156525737728,0.5110483856382023,0.3298874107774855,40.96698046012776,0,0,2.4715003557036503,2.99168788508214,0.6023256876784089,0.6023256876784089,1.2046513753568178
0.3128283954888692,0.6046214054054283,0.2948574331592067,0.908385533137867,0.22584724879162277,1.137204741732913,61.23054239373439,0,1,1.7747304108024657,2.2891940319728503,0.6320293716966845,0.6320293716966845,1.264058743393369
1.5010617001065094,0.42061958123985704,1.0094367841925642,-1.4394686783099266,0.14262440135138857,-0.2582488888061141,91.37226241220156,1,0,3.2276321001910286,1.956187172324404,0.10488696508733855,0.10488696508733855,0.2097739301746771
1.892469686827609,0.40069746104933224,0.21351115768191947,-0.3298738164911004,0.3570987233675595,2.3340954127928843,88.69063816544235,1,1,3.3795839420928804,4.809180372796249,0.6978380770450959,0.6978380770450959,1.3956761540901919
-0.4425389720170912,0.5423510720186915,-2.034454543913512,-0.4263059874758384,0.6651415250039201,1.2319807545704986,48.328973370711424,0,1,2.324824967802099,3.915154083648631,0.5873000437495954,0.5873000437495954,1.1746000874991909
-0.437542888708727,0.9790848265272022,-0.9999691174017544,0.8722775908596893,0.5043280504666782,1.7163445073445263,19.967161846759012,1,1,2.862247746817184,3.6660998742709525,0.4934524312326838,0.4934524312326838,0.9869048624653676
-1.9471823208298409,0.5191830319282318,0.801602391814784,0.029898330083604485,0.21732534372088613,-0.066966094167839,52.280417306473275,0,0,0.820419037219347,-0.053423351913515216,-0.4283399591095718,-0.4283399591095718,-0.8566799182191436
1.2170627060168202,-0.2145823471341409,-1.6183323910166256,-1.8977832975609772,0.1444313248834628,1.6025691624428477,31.897105737619157,0,1,1.2822628805610716,2.9715401876550085,0.8205461721753604,0.8205461721753604,1.6410923443507208
-1.584199304189561,-0.6371490886202021,-0.9857306952049981,0.4613174952492257,0.14080741023391355,0.3616873032748526,26.471158846809587,1,1,0.9888656598477805,-0.6357242662260014,0.1825283184607439,0.1825283184607439,0.3650566369214878
1.2355401693974122,-0.1386118169200709,-0.44634412244171384,0.22512512088113365,0.31654487521645,0.2775190415828919,59.049822238380195,0,0,1.3697300659363383,3.758963073544108,0.7486987060751086,0.7486987060751086,1.4973974121502172
2.5645005297135914,-0.9934988579861566,-0.5622859210965716,-0.013454827023522856,0.1408355165612249,2.9473938817042336,47.711314506096656,1,1,3.0339934020565718,5.341255282403124,1.1655406581221235,1.1655406581221235,2.331081316244247
0.37811998339185066,1.3138575811268032,-0.7362832431244526,1.2990887883641646,0.6192309491377895,-0.6351631982526394,11.135300375193093,0,0,0.8381333143981202,3.0434984953801463,0.6930764629495779,0.6930764629495779,1.3861529258991558
1.4157836224084255,1.6000745194974741,1.2718357452204836,0.7206266577294563,0.27775018406261426,-0.3757408740051553,108.44582703519053,0,0,1.7820155387993057,5.006562273617479,0.5196683045421274,0.5196683045421274,1.0393366090842548
-0.2864664776509997,-0.22618600267012348,0.32105677552548134,0.4698025402382242,0.30217968831915054,-1.0433889307373767,61.349622248005446,0,0,-0.38385861541830457,1.4502351890427798,0.20119822768839843,0.20119822768839843,0.40239645537679686
-0.11837159408693312,-0.5371674687983091,0.03226255783797266,0.010892449983559021,0.24589378797368974,-1.0178083188341371,20.869062249632226,0,0,0.7027265620209157,1.2097000764266983,0.2427043228146599,0.2427043228146599,0.4854086456293198
0.010821181237121577,-0.01850859111975865,-1.1636098183556784,0.9396733408727304,0.2059312564053946,-0.39950823426541393,60.69134261641577,0,0,-0.41132335604675063,1.227070741740981,0.7187417906044401,0.7187417906044401,1.4374835812088802
0.9401872087107243,0.3978598711881389,1.7676651128313008,0.29674038016051596,0.24253223763142398,1.713529146003869,19.798992584874572,0,1,1.1256550077350453,2.356772402335991,0.36957162501346785,0.36957162501346785,0.7391432500269357
-1.3329331734891576,1.177786798724113,0.9501041935387539,1.4572208504938162,0.01318281205587092,-1.2089533975073312,24.39187301495113,1,0,-0.1943379800275159,2.533231054592108,-0.12310833296001211,-0.12310833296001211,-0.24621666592002422
0.8284336512489586,-0.9674757992374547,0.984675415182074,-2.116341922576378,0.3638213416111796,-0.14858862459086664,101.39352842010949,1,0,-0.4144396468876238,-0.7053016703899432,-0.25292583704077903,-0.25292583704077903,-0.5058516740815581
-1.104143345064302,0.455322454737751,-0.6529450203071443,2.265147289811743,0.4690355809638657,-2.064735396469344,31.646319957887076,0,0,0.8199383771607618,2.1460083501562814,0.4696457405843531,0.4696457405843531,0.9392914811687062
-1.2361628775375166,1.6385856204706508,-0.940307301312967,1.079705728443737,0.35836118512058973,0.17137983888439373,13.009462797250595,0,0,1.5181629739908304,2.8730345016948355,0.3090823472692792,0.3090823472692792,0.6181646945385584
-0.03125884733723965,-1.4351034301633345,-0.3934479663176081,1.6248861893456903,0.16263534071303046,-0.248185139177923,71.80573369844895,0,0,0.9524970409578873,1.1747576446369297,0.6712531076465437,0.6712531076465437,1.3425062152930873
0.4344735026304599,-0.591374297851035,-0.5110503829392293,0.42008877452823745,0.42567716934294725,-0.20984289854141175,43.549725770946814,0,0,0.08443464685350244,0.9030050197154094,0.5475371237559346,0.5475371237559346,1.095074247511869
0.9504495071424407,-0.7149253199688981,0.191293074908751,1.2648221040675898,0.10864196202318427,0.26390801274389997,21.42441693071739,0,0,3.2302610532686717,4.474349844583626,0.7656352933665602,0.7656352933665602,1.5312705867331204
0.7748588341432385,0.30405860992634803,0.21552937529922986,1.0111978080877726,0.46661779978932283,0.575650475709984,105.8737463056526,0,1,1.5991870912562571,4.122809903027418,0.7395713445006379,0.7395713445006379,1.4791426890012758
0.5539934044689063,2.350754769065591,-0.4116242868953376,1.2112189150515726,0.5704133595740358,-1.2243286914999199,23.681899954024452,1,0,2.497465525744343,4.189628428667572,0.5267956947797826,0.5267956947797826,1.0535913895595652
0.029420467192672533,-0.36833318848370816,-0.7311671837509347,1.6488920576901782,0.08146905076517676,-0.5080392108246846,80.0760172162224,0,0,0.544442310138173,1.990877360618302,0.7863425094397437,0.7863425094397437,1.5726850188794874
-0.5638254573426869,-0.4739958840762265,-0.6707439082318376,0.9863948032939093,0.1448075157701591,0.7688149075153565,47.104073474444924,0,1,0.936163062335871,2.7687575871299073,0.6324897925631174,0.6324897925631174,1.2649795851262349
1.2193283653914921,1.2933374355275171,-0.7170136754327121,-0.1853696638960999,0.5700432523958172,1.0913926282612243,98.13856316937657,1,1,2.580035680053909,4.82255458125443,0.6889780308285205,0.6889780308285205,1.377956061657041
1.5138267670100232,0.32311181109112935,0.787000193002276,0.8119709131420391,0.13840675994183108,-2.7772861438549676,12.060021563440731,0,0,1.17649114653907,3.3604974795566545,0.7036685942818333,0.7036685942818333,1.4073371885636665
-0.09702148494425943,0.6031678663449257,0.4895603549791353,-0.9381747285771916,0.5373403950163201,0.9122270641068756,13.862516313932908,0,1,0.7492159105138003,1.8973496786487218,0.06729756017238629,0.06729756017238629,0.13459512034477258
-2.2037818673779705,0.45729949510196843,-1.0635522036060503,-0.8849228016732248,0.48540195955621673,-0.8629768123911894,63.74511849282395,0,0,0.2900660016170504,1.601436918990811,-0.31886001266717323,-0.31886001266717323,-0.6377200253343465
0.5095082382937974,0.39592246892749566,-0.4344024288421996,-0.43758801520427865,0.06282791800369489,-1.755621675498615,27.38040679565825,0,0,1.2974386410392484,2.1158671703723875,0.4843862980098903,0.4843862980098903,0.9687725960197806
0.11171902403236018,-0.36005431609056937,-0.7451009701173014,0.3909196596810882,0.3107490558850125,-0.03679425316170509,46.9308694788332,1,0,1.7286484078001794,1.8368806719071253,0.39098930548506006,0.39098930548506006,0.7819786109701201
1.006991116137934,0.27224749970388423,-0.11574950376215268,-0.4570776919059376,0.7577483534748815,0.6313112960062841,64.26027151386532,0,1,1.9934851098405268,3.1968255807304664,0.5432888139692548,0.5432888139692548,1.0865776279385095
0.11800335578499156,-1.0374139787957941,-0.6221603931860886,0.8640436309820958,0.4872612173596547,1.3061351454332817,53.818490992971704,0,1,1.3722170836529706,2.1161310448154063,0.7085013875311973,0.7085013875311973,1.4170027750623946
-1.241611606374958,1.7903881305808984,-2.1638795242562527,1.3900133935193968,0.22758152183201366,1.4470264509473505,22.867237499776884,0,1,2.248263993213946,3.377541598935281,0.8239850911451955,0.8239850911451955,1.647970182290391
0.6192089489962892,-1.6002792956642047,-0.43400766595683243,2.1813513982095865,0.34999100116714094,0.3160401657420453,102.89423854066196,1,0,1.8944473597360636,3.2402967543995,0.7775056036270759,0.7775056036270759,1.5550112072541518
0.9422638805471013,2.1532172698422407,-0.929977325699661,0.14915594914969688,0.20015873459133401,0.13808785068031965,32.82663913733574,0,0,3.2526355288029523,5.195020040785678,0.7872388727521392,0.7872388727521392,1.5744777455042784
-0.3934483692652077,3.8844013263507384,-0.3453781142102183,-1.202828444756578,0.660561427366326,2.26361009345528,11.63763468041694,0,1,2.8296458741671917,3.7482961568365143,0.09077377910788764,0.09077377910788764,0.18154755821577528
0.2592282925506934,0.3218287018460801,-0.2865483328071603,-0.09343569940914975,0.22235360650574587,-0.3999654904706238,70.09919282345736,1,0,0.04760806647187987,1.5661360643398043,0.2654412636767435,0.2654412636767435,0.530882527353487
-0.121135512784174,0.013275047890325483,-0.6919992840739565,-0.5723384294890286,0.5826667988418684,-1.2881247838345642,11.054645129667112,0,0,0.6344842907694316,1.6140520581739863,0.21546094988662814,0.21546094988662814,0.4309218997732563
-1.8020018790273267,-0.16976310743158257,-0.5584175840971823,-0.8216154769875785,0.36300326628997304,0.169094693233083,45.59106384365039,0,0,0.46172042564445825,1.6186004960323075,-0.276720227393629,-0.276720227393629,-0.553440454787258
-1.6840222493481547,-0.26808736151182305,0.34502030099541603,-0.750451693213166,0.21447400965610353,0.04302859562418952,14.833602496059468,0,0,-0.15757210267497337,-0.5589485640925774,-0.39398576313230954,-0.39398576313230954,-0.7879715262646191
0.21915001547915125,-1.271658269858101,-0.3373241164189997,-0.0008900635991262343,0.793514702813528,0.5868306897573232,25.16284545384127,0,1,1.6294094055212243,1.9743218813104946,0.44496956982325286,0.44496956982325286,0.8899391396465057
1.5015043291025085,1.866564785607615,-1.2567397286238198,-0.2977912573958037,0.3267291007724654,-0.3875621235858451,50.961116241646565,0,0,3.1160906150586247,5.797464269637051,0.9048865419293063,0.9048865419293063,1.8097730838586126
-1.6646183482133359,-0.20182602534634214,0.7945660505477483,1.1780471594107669,0.09031999095868934,-0.5438763340560756,56.00310402231357,0,0,0.021801643826530298,-0.5646271530510861,-0.11052597775638609,-0.11052597775638609,-0.22105195551277218
0.04290588561029498,-0.9351841855951384,1.6420358430196593,-0.144885712009545,0.6333598670001811,-0.6576536432756928,55.190071223151676,0,0,-0.3593452872542732,0.9325569218102701,-0.18732003373520398,-0.18732003373520398,-0.37464006747040796
1.2433538902592047,-0.06421465704590539,-1.866552941860978,1.0191340423319797,0.10421121631558523,1.0917951528498073,22.975520129812235,0,1,3.1184344764317147,7.093402603809724,1.4172141721860085,1.4172141721860085,2.834428344372017
0.20114750405813422,1.4332984080317894,1.4275881692205825,0.6247581203195909,0.3763960087350952,1.1175656382498995,43.745483117957846,1,1,1.8280739771068797,2.808631092017029,0.12437332346885288,0.12437332346885288,0.24874664693770576
-0.4343448474744558,0.3829577101357701,2.325681400268743,0.15436610047209248,0.3897116820900263,-0.37649689829294525,34.606237586956254,0,0,1.2556094713152002,0.39776337221695296,-0.35901137096860075,-0.35901137096860075,-0.7180227419372015
-0.06769516502878153,-1.6546075896610912,0.49512669365789463,1.6394031643460034,0.1946619979345105,2.1322582403545893,47.66514475736369,0,1,0.19382659442628158,1.0079882885739864,0.6204911712652025,0.6204911712652025,1.240982342530405
1.6139213047388323,-0.1842973487498697,-1.1820885249877604,0.4433018218418246,0.273454417433359,2.023969843200442,41.25714991466055,0,1,3.384509276424997,5.4799546907955605,1.2261227085717026,1.2261227085717026,2.452245417143405
-1.4089762819106009,0.16827890900161446,1.7553863645419487,0.9704226017487896,0.4404180194231441,-1.2747514200592034,59.659191947418535,1,0,-1.5,2.099598919890826,-0.5117226154809695,-0.5117226154809695,-1.023445230961939
-0.5297160395295514,0.22877304277494065,-0.9102918354992192,0.2244537556205836,0.38070087486627785,-0.33810996882786076,70.08667599480158,0,0,1.236199694427818,2.851409910306356,0.3409771787853522,0.3409771787853522,0.6819543575707044
0.7824001358617519,1.05337920694437,0.3390363987305818,0.7940244240999248,0.324531765962285,-0.7692408182435356,44.51036077991695,0,0,1.1866671127698514,2.7950688008835614,0.5495208028276007,0.5495208028276007,1.0990416056552015
-0.2509258924890932,-1.4892890817988265,0.018862731473528755,0.5018937801106315,0.010106747760969792,-0.7699059033790784,14.97733064954967,0,0,1.2187884480451778,1.1809973322662197,0.3535062101361585,0.3535062101361585,0.707012420272317
-0.47128149726023066,-1.9595315350127336,0.1608307020556465,0.2913232585948666,0.30709041450214875,-0.3101304677175813,89.0210120031969,0,0,-0.19717197102986356,0.9594149927756175,0.15139491338145347,0.15139491338145347,0.30278982676290694
-0.9769997255033376,-0.6541097086209151,-0.1371019375435663,-1.6518688173675857,0.5111081324204372,-0.9049443033549869,31.803048012027855,1,0,0.32718702152411394,-0.01578373763498485,-0.46339983578842026,-0.46339983578842026,-0.9267996715768405
0.9247088269682807,1.5563105162406943,0.8920094614832312,0.5393515341245968,0.421213983468194,-0.006713162306944978,16.8818942364043,0,0,1.1196416666509799,1.8348175462142995,0.39866831013486864,0.39866831013486864,0.7973366202697373
-0.3992984076014376,0.0805864095989673,-0.766505713635813,0.9215259912541958,0.6280385532643086,-1.2790361134184012,27.578667469236684,1,0,1.981120350956208,1.2998874007704186,0.2719731285137975,0.2719731285137975,0.543946257027595
0.7904731126450707,-0.42699031662037684,-2.0931525885679685,1.2921285743904227,0.35993706189026364,0.636671981176731,13.657521119882015,1,1,3.5,6.057960611753,1.1880242895621858,1.1880242895621858,2.3760485791243715
1.0618458168041263,0.016262609805445805,0.29959827054719973,-1.8105559177805883,0.634645515224807,-0.5972128608642202,82.36967714201236,1,0,1.252506162373014,-0.1710262512909384,-0.04680977966968816,-0.04680977966968816,-0.09361955933937632
-0.5327437823856582,-1.3406427099150164,-0.08408584258480611,1.4573338019395232,0.21563224850299256,-0.6098485471720396,26.363243468889397,0,0,1.0966537241054906,2.9271952340710126,0.41989897100906903,0.41989897100906903,0.8397979420181381
-1.4649559292811543,1.365609437136372,0.1394257386008006,-1.1286429665383675,0.018146164468975986,-0.2110229156891222,77.93563858431646,0,0,0.24964214802722362,-0.001370158910338204,-0.30837213614035974,-0.30837213614035974,-0.6167442722807195
-0.5804388687129289,0.810960313372967,0.6052092268859162,-0.5767103012891882,0.5914440478829289,0.4872073747634581,33.96862231849556,1,1,0.58471849951695,1.6687795305749713,-0.18142333887847847,-0.18142333887847847,-0.36284667775695695
-0.8705483862258652,1.4703103583717614,-1.2670137398839083,-0.9589901695916067,0.5026542867877931,-0.9520304319223012,19.40126163600086,0,0,0.6118211740491749,1.5344307662870234,0.08173421527565805,0.08173421527565805,0.1634684305513161
0.9061270471044149,-0.7918567564275684,0.035771765303308875,-0.8103889558657204,0.6016987208502624,-1.4722168301820713,37.21198332538663,0,0,0.40088756993581565,0.20769165345642016,0.2955680797626157,0.2955680797626157,0.5911361595252314
-0.4945860492528462,1.025726145132364,-0.002548738604579443,-1.0519705353842643,0.23963734141317788,-0.8008864915923297,11.988653743928031,0,0,0.33786823284135425,1.821077347436447,-0.04479102960611972,-0.04479102960611972,-0.08958205921223944
-0.2928232074349979,-0.2536538183430137,-0.43074145447965695,1.9617519432332153,0.5047376213772689,0.4846152563733421,35.87924827610413,1,1,0.9701633166436576,1.5863276577451453,0.6047509425551594,0.6047509425551594,1.2095018851103188
-0.04405724619346965,-0.5570638705531584,0.4297006068596965,0.7098743226112019,0.13445204195145188,0.5033496334207463,85.79498505736277,0,1,1.6124601982454223,2.4288577538043086,0.4886387255583632,0.4886387255583632,0.9772774511167264
-0.6505705390523473,-1.4355446062766264,0.6786913938231981,0.4968833217781179,0.3974773784001182,-0.32657326684166416,57.66339899261784,0,0,-0.6202697363842264,0.5984564676132554,0.002572569528272034,0.002572569528272034,0.005145139056544068
0.5162731659388621,0.2717413284800237,1.4426625966185964,0.8860448987049566,0.26681060069017787,1.1330282730855665,38.072076240292006,0,1,0.9013382904945506,2.796075884320615,0.4226242528080397,0.4226242528080397,0.8452485056160794
-0.4562774541191131,0.7095036678390616,-0.42894384851290757,0.9124878920420016,0.43390679247775943,0.2605401797525405,82.53236760028989,0,0,2.9043554987167597,2.1449223223619867,0.36672014989238605,0.36672014989238605,0.7334402997847721
2.284522677562911,0.875905661234296,-1.648982864133294,-1.0576671072824704,0.3192474652441848,-1.1800209664398362,69.93152786103656,0,0,1.716463541573193,4.562411553177484,1.0754431088574907,1.0754431088574907,2.1508862177149815
1.2965319480519537,-0.8411098976624429,1.2210470639373687,0.531694110745253,0.6874572284651639,-0.8007064972359431,16.966280283798234,0,0,0.15902851454301603,0.5678965911284289,0.3651137964908322,0.3651137964908322,0.7302275929816644
1.2777911250730736,0.09768908202009108,-0.9485369517819963,1.632803879602943,0.21779937344272046,-0.2836201758083792,19.615490852929515,1,0,0.9674792485567363,3.7724948222429098,1.0080924931147766,1.0080924931147766,2.016184986229553
0.6676293446257359,-0.8946075833047248,-0.3183848091986714,-1.2997415312299054,0.14959431329899456,-0.8251797321823044,43.31682827895938,0,0,1.1127616693455407,0.30062894401745877,0.3271247637057721,0.3271247637057721,0.6542495274115442
0.5413371902645048,1.1454125214568853,-1.1496426039828227,-0.8579279571652334,0.3699505538050003,1.6959985120724335,34.725495670454386,0,1,1.9338841662835125,2.5210291847381865,0.6612806209473404,0.6612806209473404,1.3225612418946808
0.6790655645540544,0.22344505633448003,0.24859317664029265,-0.3519150731043219,0.15503850311505515,1.8839104519747578,28.094892310854437,0,1,1.8577161830620448,2.362099166858339,0.5348939053078798,0.5348939053078798,1.0697878106157597
1.3198624501257865,-1.6816783933923327,0.9351768975336839,0.2707599036936787,0.4656892317007183,0.8378949969390194,34.544540228533585,0,1,0.6504355191505162,1.24978711593607,0.6007939356344996,0.6007939356344996,1.2015878712689991
-1.0418602380880138,0.026863131026610143,-0.14304585509291753,-0.9485528165563438,0.28290904480837786,2.0446331360195535,37.22951717880287,0,1,-0.19823220798485575,0.7326050861423303,0.001111543721645486,0.001111543721645486,0.002223087443290972
-0.4361411015774582,0.3521351535126325,-1.4103807942383126,0.13320794822494775,0.2085713455351454,-0.882793096728247,44.26734424098919,0,0,0.7627111993358614,3.327867550120984,0.5020845740427963,0.5020845740427963,1.0041691480855925
0.6772478548413148,-0.32403602852982377,0.16276566314899965,0.7456583525614698,0.6023939135449887,0.9135548063001245,56.84987893260099,0,1,2.1468510417438234,3.075474064849407,0.6434649176730556,0.6434649176730556,1.2869298353461112
1.3115384971039814,0.5234140236195259,0.6897892656442338,-0.19434348493706413,0.2868469880143524,2.000345498071958,32.50639671884278,0,1,1.635297554914918,3.123716374399881,0.6116520363352672,0.6116520363352672,1.2233040726705344
-1.2729286074700499,-0.2910042705946714,-0.7212942379995629,0.6713645988524788,0.2697448822153223,-0.40825234715487835,65.21482352223214,1,0,1.665112725048485,0.7717959264272438,0.05837157833005868,0.05837157833005868,0.11674315666011736
-0.9626333959548449,1.9373487551521706,0.2120198767404297,0.235313545332582,0.47676512972538376,1.3278078322398343,23.336376142711693,1,1,0.8328270063238578,1.5046416253821977,-0.02824891672447845,-0.02824891672447845,-0.0564978334489569
0.04567540477196186,0.5759366461262538,-1.35949097801185,-0.787315356766137,0.4452452271637924,-0.10598527305277015,25.16919303801129,0,0,1.9655974676093555,2.749863865798283,0.4033015097615416,0.4033015097615416,0.8066030195230832
-0.35771600180739765,0.19952659892623295,1.4494687095318186,0.816500517331532,0.4638183611291606,-0.05913204349849583,94.48034823989637,0,0,0.7796284843197089,2.309711296673713,-0.04338991015439422,-0.04338991015439422,-0.08677982030878845
-0.6109280733864033,0.9903281993313403,0.3011683352265,-1.4479963050371192,0.1144275438481541,-0.33446794052051,8.066270710870073,0,0,1.0912523544254853,0.983290127946626,-0.18541883972826134,-0.18541883972826134,-0.3708376794565227
-0.3547883655676892,-0.2942825639061879,0.23912643687602503,1.2251586613445102,0.14790870452581065,0.8298492773387414,36.03258934961063,0,1,1.4959363361987272,2.184046067925721,0.5330819114841387,0.5330819114841387,1.0661638229682775
-0.249376914083227,0.21989066174484287,2.1825274453561687,0.4161174682822082,0.3608501486337738,-0.8613161508252457,22.56032719237587,1,0,-0.07434537894373738,0.14759015467492392,-0.36168446530296894,-0.36168446530296894,-0.7233689306059379
1.1744930519967045,-0.6715397295165495,-0.4208221865617756,0.8231371678757656,0.4863077941037507,-0.6596854958078661,48.13188241356768,1,0,0.5019767878720416,2.1221728581548196,0.6528897552354056,0.6528897552354056,1.3057795104708112
-1.4757756284586583,0.8014253050657701,0.7566961622678361,1.6525369085503203,0.19322070680405917,0.3950580319242363,58.285972627019156,0,1,0.9571779392035047,0.6901038509184403,0.1713933422387352,0.1713933422387352,0.3427866844774704
-1.009883162499532,0.518162882484343,-0.041426322438243214,0.22337898649545937,0.4928978327064488,-0.7988950408657023,50.45975716645208,0,0,-0.16974995031452145,1.9783582455101334,-0.011740756843820449,-0.011740756843820449,-0.023481513687640898
-0.9850236127110261,0.1988847303440033,0.6636468642428405,0.32289771094450614,0.6625257540375384,0.7206505218930256,39.152349270410404,1,1,0.1568036162234797,1.1263369741882268,-0.1626935146915104,-0.1626935146915104,-0.3253870293830208
-1.3661440045565296,-0.47053956746270437,0.9870419608856154,0.8218287340386483,0.48190995482140725,-1.065119121667088,64.99615445094433,0,0,0.08853251403205761,0.19381113235234637,-0.22739876970084477,-0.22739876970084477,-0.45479753940168954
-0.9359599448853739,-0.1868516959171274,-0.06534041436529126,-0.424357402466218,0.46008547900766056,-0.7640472242849484,43.515478049306694,1,0,0.3153792670983501,1.250111801260544,-0.2344987408132984,-0.2344987408132984,-0.4689974816265968
-1.3229793707575477,-0.6052103497362366,-0.501022634052837,-1.2220523044044236,0.07343582422480756,-0.2320954981693465,61.665268105947455,0,0,0.9183815553645591,0.7880983228060092,-0.1578032569272393,-0.1578032569272393,-0.3156065138544786
0.3880222573982145,-1.5936350001226718,0.23123449638459567,1.0576665549808764,0.4697725434542672,-1.0764179474511353,91.26730289239222,0,0,-0.28495404969658433,1.6734663311380258,0.47540921233442274,0.47540921233442274,0.9508184246688455
0.4621170992922562,-0.464605071554051,0.048838985668337685,0.13495914039168397,0.7314144851559475,-0.5138469147842288,20.523807743154347,0,0,0.8259243283872022,1.9245323615965062,0.30740137978787324,0.30740137978787324,0.6148027595757465
-0.2806224744105137,-1.2317153046961602,0.4065471661009712,0.4840111029525175,0.6513497769888595,-2.35338540671318,20.73711187303455,0,0,-0.5145486702112541,-0.033665381302646735,0.1027833826769694,0.1027833826769694,0.2055667653539388
0.14529892984414405,0.6706669666832644,-0.9235593016508958,-0.6247390733333079,0.37096187966979766,0.6167744205181942,86.06928838281743,1,1,2.594974458034578,3.833797857623075,0.4023828623988105,0.4023828623988105,0.804765724797621
-1.5519467182480071,0.4082869600149088,0.07935621254877251,1.2390368019728097,0.25914226656199824,2.249948585833223,120.19904243963343,1,1,1.6806440829404539,2.15832652522753,0.06882903251005423,0.06882903251005423,0.13765806502010847
-0.5920633535030075,0.30418290290375405,-0.33510425601132066,0.6854871883737885,0.5682770586444175,1.6455501746346135,35.204729015493584,1,1,1.3897131153793993,0.21305501841051933,0.25494639717427015,0.25494639717427015,0.5098927943485403
0.6664156178430034,-0.5466580078589567,-0.6419680718460974,1.714450419404866,0.3430342321419461,-0.6234071545592628,58.7609725298912,0,0,1.8679387166527301,3.7845119500319115,0.8941022085809913,0.8941022085809913,1.7882044171619826
1.5039620882086928,-1.0805800536696286,0.11519868587251553,1.3103129340760202,0.5765284888353602,-0.2723357236684399,79.19727794203433,0,0,0.6063815208559662,1.6563568612304809,0.8332551646196777,0.8332551646196777,1.6665103292393555
-0.624194999143815,-1.829393294169547,-0.988174063214217,1.4104605461748885,0.38303707441076346,0.04108961093270438,65.38682882585985,1,0,1.2075044185754182,0.8973039702796087,0.4045776945997561,0.4045776945997561,0.8091553891995122
-0.7041697358282254,-0.03404153868097722,1.0457070873807681,-0.9996895317720166,0.12087562062479712,-0.4142927760824045,19.927252623364907,0,0,0.5529715709939561,1.1728726049227625,-0.2961773499245864,-0.2961773499245864,-0.5923546998491728
1.5424609885030656,0.5971902991392372,1.8814916653000378,-0.03588407822895039,0.3911514919076821,-0.9206490752210055,61.35415576952698,0,0,0.184602234709358,0.8807846073016328,0.2576254182757953,0.2576254182757953,0.5152508365515907
0.32785518996665075,1.592676841854056,-1.0247279140647814,0.22409427993272515,0.6460337573923355,-0.07591360657611136,33.69653271319863,1,0,0.21035845298805977,2.058850358476723,0.4025284628986442,0.4025284628986442,0.8050569257972884
-0.4453870903850796,2.0317825464676122,-1.2849906103875393,-0.9134599927362415,0.4506805251028127,-1.7761442437491557,59.555511083354816,0,0,1.303013120873353,2.841915005302817,0.22540342426023785,0.22540342426023785,0.4508068485204757
-0.31762127238644017,1.5138693623083221,0.8267783022305693,1.027769439414622,0.5495243108370084,1.9202473108402336,48.90685855533927,0,1,2.4615007123955546,2.458209042819211,0.28228748173482154,0.28228748173482154,0.5645749634696431
-2.0214845686177965,-0.5729190904779756,-0.5624442325091744,-0.2559096372296428,0.057014169077692196,-0.651376754279004,23.686334985474648,1,0,0.06018177545511016,0.8523893695799653,-0.30202508334094647,-0.30202508334094647,-0.6040501666818929
-0.006157715177287779,0.985728976414088,0.1603432611665814,1.3761206158462624,0.3957032229548816,-0.644487384094702,19.692134848058767,1,0,2.0274733111567285,1.9223011745022602,0.31573325963686727,0.31573325963686727,0.6314665192737345
-0.9050124556387598,-0.9387506882725503,-1.2019882741884138,-0.8941421465437577,0.1346907930509189,-0.7518018515836379,130.25495843159104,0,0,0.5909753746905034,1.1778674676393317,0.1577625560325014,0.1577625560325014,0.3155251120650028
0.7444773111213205,-1.1923970352357747,-0.38369025818152824,-0.9599681887266723,0.0445949880574734,-1.0734324174414773,54.95604696442797,1,0,2.008926528699817,2.180480580237346,0.30936843280931137,0.30936843280931137,0.6187368656186227
-0.352543237601308,1.87500845566254,0.4739689195501847,0.23210840196999774,0.17573582669246296,-0.741760748758847,28.757845627222206,0,0,2.4836502798543476,3.408353225468832,0.1366176451190016,0.1366176451190016,0.2732352902380032
0.28854104582780965,-0.782748935851099,1.0287329829597223,-0.4457141188312334,0.7086643293932419,0.21347416305008657,47.963989626376176,1,0,2.1757174609741563,0.2565794078163774,-0.19583774386335218,-0.19583774386335218,-0.39167548772670435
1.8038899441182392,-0.08218830489156606,-0.20254660970095145,0.8288304736495983,0.507362067346399,1.442344874252154,39.466645106259705,1,1,1.7113183864980792,3.3389923611929646,0.9370720275811081,0.9370720275811081,1.8741440551622162
0.6073052662561541,0.8118501397715704,-0.4584384952342403,-2.5943002448772607,0.7353123435257637,-0.3203495373342759,101.9933824353741,0,0,-0.17317201964543116,1.443271143487379,-0.0325470630208341,-0.0325470630208341,-0.0650941260416682
-2.328053474625715,-0.3496734466101783,-0.19880686851573837,1.770026625701813,0.25379032393623974,-0.08626652042241825,78.8759926124267,0,0,-0.8993944340090785,0.27960692310224844,-0.010422346940108997,-0.010422346940108997,-0.020844693880217993
-0.3379095025485761,1.3295655174222083,-0.9557642630699983,1.1157179528853158,0.43196490211970107,-0.3665535584709157,42.96779318707085,1,0,2.2206923742765423,2.7687229510152784,0.41281113217242693,0.41281113217242693,0.8256222643448539
-0.2616262557522307,-0.1807422833064657,0.6218424288959559,-1.9569267640915526,0.6566669726339708,0.4353187789601813,61.959037243478,1,1,0.6753663703962449,0.08300634696892709,-0.3599075769363673,-0.3599075769363673,-0.7198151538727346
-1.1137919501961837,-0.9648028740715378,-0.8041528429727113,-1.1464685490681732,0.7311286320492087,-0.3448032184457855,30.60637658716308,0,0,-0.036473497432174845,-0.18713818618835948,-0.1767833311250162,-0.1767833311250162,-0.3535666622500324
-0.6021331422277831,2.2662811854362483,-0.1425519131563128,-0.26284022248131383,0.4068552425492577,-0.7697195326259723,24.37462007319238,0,0,2.339057236285572,2.260017989689687,0.05780764281215123,0.05780764281215123,0.11561528562430246
-0.24690251855832052,1.1310624596419678,0.6464482576151594,-1.4644954771873744,0.27393082981726685,0.6935704328281299,20.095506165135824,0,1,0.6444477310570729,0.16858420250907646,-0.04070390692153622,-0.04070390692153622,-0.08140781384307244
-0.0513889422602399,0.9122744650636215,1.1171993897827783,1.002743599073087,0.12337967297556528,0.8323468816973618,59.83879657695079,0,1,2.4359571494439187,3.0214286360261338,0.3907099567339416,0.3907099567339416,0.7814199134678832
-1.0435642976300017,-0.5330834283300941,-1.0288109941572725,0.6768298660611838,0.03205846573752319,0.22878642297924676,50.24539842059284,0,0,1.363952057457654,1.0387286972484402,0.38827575949220694,0.38827575949220694,0.7765515189844139
-0.8599583667628841,0.7735159042002759,1.8852427329548747,0.6535100824468643,0.21825683079297034,0.7621272830738612,36.176049358600764,0,1,0.5249027634290829,0.40351978263515587,-0.09029156849355727,-0.09029156849355727,-0.18058313698711453
-0.491895824992742,0.3673660689031021,0.5765574102749126,0.12203239608355264,0.5294396922937836,-1.1363386361659669,46.63124556596184,1,0,1.4324892168137986,1.0441363311728085,-0.1696731561139171,-0.1696731561139171,-0.3393463122278342
0.3919565372504748,0.7827480304506467,1.0784418627336416,-2.434119733080753,0.1137991611777115,-0.9147112785940633,33.05224873984918,0,0,-0.5060657086927138,1.8270607714307507,-0.25296273000845443,-0.25296273000845443,-0.5059254600169089
0.11703665679109963,0.8868977045316871,-1.0241195971265418,1.7090707392237374,0.5187811263586605,-0.31641654729880125,18.36117559602846,0,0,3.128918697029461,4.624481752416101,0.7812018380035413,0.7812018380035413,1.5624036760070825
-0.6814079784790943,1.9715636040333695,-0.10713899877141733,-0.6993050755052117,0.261325545356103,0.4130977775009168,8.444350129873829,0,1,0.6652224206769066,0.5454336539878439,0.14418330127916262,0.14418330127916262,0.28836660255832525
2.1744391159329997,-1.1290187467896877,1.75824353931603,-0.44031773826472026,0.2855203591401626,-0.5092114182586019,36.90357486807417,0,0,0.4902496030415625,2.539073445475877,0.41424729473042476,0.41424729473042476,0.8284945894608495
1.4087948908741375,0.7229697028211007,-1.1926653134765386,0.44899018779373856,0.04420724832470707,-0.031159948513230232,10.579526550322054,0,0,2.0721595279951015,4.723684892497422,1.0670574326145403,1.0670574326145403,2.1341148652290807
0.774407823165808,0.864378406769565,0.3029547655502382,0.963618243879129,0.6157239630883129,-1.9222733454648044,19.626523109990536,0,0,1.250408622279447,3.0430883635681085,0.515861674822422,0.515861674822422,1.031723349644844
0.8852621754047932,0.9543690842226481,0.2153565609341047,-1.3404461862602035,0.3271065443272013,0.528071285323778,32.583830200340316,0,1,2.097521309283433,3.084272082389429,0.3807090815424742,0.3807090815424742,0.7614181630849484
-0.2997389816897137,1.8797141372774682,1.1237893070741207,0.2745895769611174,0.1015380077209023,-0.20994195618126255,87.28836224590376,1,0,1.2476399851958595,2.9375003665041755,-0.10610356042944176,-0.10610356042944176,-0.21220712085888352
-1.1273434996487788,1.6356877531310563,1.1485482623422856,-0.8140765475100267,0.8151936754032909,2.1554622014677878,40.9169140920811,1,1,0.5594883571333499,-0.38837813626041223,-0.5505170582655554,-0.5505170582655554,-1.1010341165311108
-1.146516461285617,-0.9107973870120956,-0.5132218220399293,-0.7709200237760967,0.4611398259426348,-0.14528247717393372,24.289025761217637,1,0,-0.13528031509407906,0.2446538522334594,-0.2575549708171181,-0.2575549708171181,-0.5151099416342362
1.5418359351890762,-0.09359565379459009,1.4529051840760654,-1.1934136449913282,0.28844584153281083,1.5583820037171492,45.43533411432925,0,1,2.0665281982045256,2.692216605934127,0.3280334632898934,0.3280334632898934,0.6560669265797868
-0.5823398677151628,0.20629713665396596,0.7588147767782426,-0.3232930832158388,0.7268162467983811,-0.8699594978088946,17.5653053912993,0,0,1.034538260016754,-0.08477791125299672,-0.22262306806192136,-0.22262306806192136,-0.44524613612384273
-1.1672485431507111,-1.1585417931118722,-0.5794391578350571,-1.068483136943531,0.3024503078146973,-1.4800162348505206,29.820472372266632,0,0,-0.24020156827105066,-0.2490633187819581,-0.1242680158838495,-0.1242680158838495,-0.248536031767699
-1.01547602812507,1.1933614012011642,0.6045915947204399,0.42191813259524247,0.6811116425052298,-1.2160795139516642,112.71807071777559,0,0,1.657056517118438,0.16027280881036143,-0.1648649690476279,-0.1648649690476279,-0.3297299380952558
0.9131252684973877,0.28375238521693846,-1.0941931106365437,-1.1452962488627174,0.4243226351848555,-1.2205242330415234,23.73470962103557,0,0,2.0273600979071964,2.7257881229812795,0.5284068022796538,0.5284068022796538,1.0568136045593075
0.9090349589464737,-0.5427625073646166,-0.8756255708372064,-0.33812739833741345,0.3903985370700523,2.67182185921401,36.800859455620966,0,1,2.094012617217493,3.6249109941016164,0.7926088334916511,0.7926088334916511,1.5852176669833022
-0.3742460312876995,-0.31011244422271717,-0.18891016074847922,1.6390173971080437,0.031834812902887186,-0.43786927648119783,80.22798082441825,0,0,1.0114168269996462,2.8697975464021948,0.5641541229868645,0.5641541229868645,1.128308245973729
-0.17895440867490262,-0.7886047749111816,-0.525040556817606,0.9509133649836029,0.4069163821114835,1.4292968574076803,45.045235384531146,0,1,1.3562405127471997,0.5822143852639372,0.6389061620611931,0.6389061620611931,1.2778123241223862
0.2669274405073891,-0.2558103214095174,2.5942787468548993,-0.4412981116926418,0.1567342708293852,-1.218860567446314,67.07341974776381,0,0,-1.3127606769966624,1.2011394680663232,-0.2730515260697368,-0.2730515260697368,-0.5461030521394736
0.671692280282391,0.32493639261638446,1.7402528716462307,1.0644934717884602,0.4649397619142872,-0.8304766009215444,7.871548215940979,1,0,0.9110827440672886,2.1251480010522767,0.08524148877939261,0.08524148877939261,0.17048297755878522
-0.5687012243101851,0.0335991868220371,1.3071649768276785,-0.4394441622701018,0.7054291302584061,-0.5830012110567618,34.370746810308795,1,0,0.22998262289149693,0.21315108768424768,-0.49521557817957695,-0.49521557817957695,-0.9904311563591539
0.4125551372600784,0.5743744906793015,1.2774501468613653,0.7409045936522962,0.5220956415749277,-0.34785936918623284,24.08898367918865,1,0,2.200807622758715,2.5139676343914132,0.042536279002752364,0.042536279002752364,0.08507255800550473
0.25019368579981577,0.6402554325290227,0.5348212617870689,-0.2517472964917461,0.45059459913340455,0.13951890151408727,65.53859532508177,1,0,0.856848869853905,1.7555140821483555,-0.001063662729738124,-0.001063662729738124,-0.002127325459476248
0.4791720491885931,-1.2061995072525526,-0.14996647620219566,0.6823319681728504,0.5192145576677022,-0.5762396099436569,38.380144018875285,1,0,-0.7155602728226217,1.9143311733686066,0.36536905896815364,0.36536905896815364,0.7307381179363073
1.0730802102409398,1.0226710212780317,-1.5967265822605787,1.1634438809867689,0.5974360984527218,0.8147969345705037,25.81425743268482,1,1,3.5,7.148760778193679,1.0777775419137554,1.0777775419137554,2.155555083827511
-0.17716815069051567,-1.8237225923591287,0.9084731703771841,-2.197454202140732,0.5508471286588207,-1.082750240873784,79.64399108843845,0,0,0.23758752903188496,0.9469512188612923,-0.43721624693977357,-0.43721624693977357,-0.8744324938795471
-2.8861740164702505,0.1478653873159422,-0.7078825664625896,1.681368795906847,0.5094908171107326,0.8116073862334576,50.38249961326828,0,1,0.40640694655841453,0.0369809789685378,0.027974027166756205,0.027974027166756205,0.05594805433351241
-1.5878430272406743,-0.9994570697466756,1.5286463362449365,1.5871140524205174,0.2831665536447512,0.44049651743512086,30.19209109019484,0,1,0.6450522134426765,-0.44214555897205754,-0.06317768504032206,-0.06317768504032206,-0.12635537008064412
-0.4605948592251829,-1.1413652815567705,0.020138471336157454,-0.2724175733596281,0.5476568892965242,-0.6582437415230199,25.910540144474943,0,0,-0.3308614943501704,-0.026914712038972444,0.02613015908709529,0.02613015908709529,0.05226031817419058
0.1955398234992355,2.3388529236190347,-0.937080785239828,-0.9856998073114589,0.4228648416509822,-0.41101199752036793,37.37943286002175,0,0,1.6162432845516403,2.83315129078933,0.3219953960202498,0.3219953960202498,0.6439907920404996
1.0800496902141967,-2.0613931128537124,0.21856542753837535,0.8721952101997797,0.35534524003683,0.6837016146707168,22.26847877788198,1,1,2.148193364233361,3.1830620235746654,0.6860417994286536,0.6860417994286536,1.3720835988573072
-0.08727885622808185,0.0769901438503282,0.6238894106706449,-0.7063998808121312,0.7383191331869317,0.13283042232422698,32.83007886442545,1,0,0.27199438382769875,2.0213780332770064,-0.26604232060245203,-0.26604232060245203,-0.5320846412049041
1.5073185241120668,0.9955276823921951,0.9318473094670043,-0.947993241035433,0.20273713674798782,-0.7105318253500862,80.78524023634208,0,0,1.467656534120096,3.0062280242102424,0.3377470824627428,0.3377470824627428,0.6754941649254856
0.11767432780920971,-0.5311501643880767,-0.7898593735127365,0.06577381225938797,0.32305918017981244,0.7349115624065976,26.60428937121427,0,1,1.155989327536519,2.5652337407229195,0.6410229569229157,0.6410229569229157,1.2820459138458313
-0.5722376832741133,0.02801283305328405,-0.9825515050245305,-0.2664348729583426,0.16910115738332085,0.6707347237894813,70.44740005812626,0,1,1.2426591769709499,1.1837571180839443,0.46739222488414633,0.46739222488414633,0.9347844497682927
0.8154768238295271,0.6982193606809759,-0.028690209717643106,-0.3218160744323194,0.1975993271474461,-0.23180694594749113,93.40883646195987,0,0,1.2694273195618764,3.320678695680627,0.46929462489694457,0.46929462489694457,0.9385892497938891
0.29227110050489885,0.3314648575340828,0.022428733708499026,-2.994847254007832,0.4861555219836967,0.23945915423659464,57.284497143313295,0,0,0.2926435173935418,1.8991916610392603,-0.23884824427199502,-0.23884824427199502,-0.47769648854399005
1.1848807642742787,0.6718521856914155,-0.6064439861923889,-0.7849316034861158,0.21184475638497746,0.08262268731919058,22.077256592306462,1,0,1.2923304985298287,3.5643318333228375,0.4730538607992283,0.4730538607992283,0.9461077215984566
-0.11628603397398843,-1.0423074111600497,0.7775825889158277,-1.3526469484126993,0.10302790703157796,0.6937621477493096,72.27562370066612,0,1,0.32064289862510875,0.48090349245821923,0.02816859252393661,0.02816859252393661,0.05633718504787322
1.1252271343581695,0.9285092016297657,1.6912789229637033,0.09067578182150222,0.6249839513359685,-0.22629990120104176,41.29264610501742,1,0,1.5734819983014774,1.9984396936255104,0.009307726975510605,0.009307726975510605,0.01861545395102121
0.19760819531082938,1.9967402190140362,-0.787455445574139,-0.870150260405779,0.1928517497775803,-1.3516401301155232,12.36387733389014,1,0,1.836187637545818,2.699813106664577,0.22565902589368336,0.22565902589368336,0.4513180517873667
0.6264683148040423,-0.11868579295132611,-0.2346826222226339,1.5943795730016364,0.4557323294217304,-0.40227192335005363,15.749822702281671,0,0,1.4035017948932325,2.8497366907936494,0.7446538691131905,0.7446538691131905,1.489307738226381
-0.5274869281637417,0.31465722135483265,-0.7494051077237859,0.011954344416098956,0.6231897698970599,-2.0165224447085865,99.32581160522459,0,0,0.21861940829451537,0.5515858449642352,0.20975902103298874,0.20975902103298874,0.4195180420659775
-0.23576782576521832,0.8273654539315278,-1.1323844732061434,-0.28224635333458087,0.6618244067355467,-1.2305996556869871,16.42601309256773,0,0,1.6960493610162628,2.355748278694327,0.31346739167433474,0.31346739167433474,0.6269347833486695
-0.34990189307086816,0.9928415395359178,0.7828855121065603,-0.23259609603853565,0.4904824571138308,-0.8026957985980677,61.240977601164474,0,0,-0.972466518955378,2.5609077324350054,-0.08979042971754211,-0.08979042971754211,-0.17958085943508423
-0.055825847171753484,0.03943305858608715,1.6215363865324386,0.33727933737429067,0.3476886112682438,-0.9809299804721848,22.26369729859999,0,0,1.3010439575734776,-0.17717613202130889,-0.055104228222233584,-0.055104228222233584,-0.11020845644446717
-1.2261544902900796,1.1982253807249077,-0.3530728815164504,0.6512797996308319,0.5094829678720751,-0.7430105405662568,31.261002743475007,1,0,0.5499534103153363,0.3522368368384986,-0.07069277170335149,-0.07069277170335149,-0.14138554340670298
0.6959346225865287,-1.6192931212627386,-0.9575362593312091,-1.40776195695153,0.31418655073409374,-1.0561179970470878,42.93481029355813,0,0,0.7720776797734037,2.9341844753487463,0.41671774694963626,0.41671774694963626,0.8334354938992725
0.310410932505118,0.33744661779234786,0.5386785408142952,0.9911340482882277,0.6971447292707071,0.8888084592359152,36.214131833091294,0,1,1.9211348008877378,2.561142461179643,0.4794951757891994,0.4794951757891994,0.9589903515783988
-0.3034615502173138,-0.5547306893398292,0.3959702200722684,0.5259159806949136,0.09223621915650917,0.34284513004725126,64.01910841672466,0,0,1.9405888168563528,2.5556103538966086,0.24044550145077528,0.24044550145077528,0.48089100290155057
0.8687718638062844,-0.16649045532301435,-0.651969509073301,0.688232711081606,0.6999953993378015,0.29971581453684126,44.38005186971222,0,0,1.6040804083915416,3.4962608074236443,0.6825724060155025,0.6825724060155025,1.365144812031005
-0.9278066394292884,-1.491828066211395,1.0109432747971325,0.43270073806769854,0.4983327103771115,0.5853518871088663,81.41440438137008,0,1,0.1457260273061251,0.7976195102014219,-0.023907097133890942,-0.023907097133890942,-0.047814194267781884
1.2114216955642692,0.046511158876204474,-0.7730700571689454,1.7575826220040007,0.7512605798442983,-1.1137953184171947,25.014773489172043,0,0,2.322934520387057,3.477525366182232,0.9853358201332518,0.9853358201332518,1.9706716402665037
-2.19866359233523,0.22583543783814486,0.9808481666068917,-0.16999929986676854,0.14827368173289104,-0.7819111081291016,134.90514841972882,0,0,-0.09300574075594714,0.06015668091595938,-0.5575979600992929,-0.5575979600992929,-1.1151959201985857
0.7990973010751528,1.366493767809397,-2.2521000251580086,0.22674979144494617,0.10130615062182606,0.8834282698133141,43.0230763683627,1,1,2.968552915144254,5.392985248218473,1.0957107361466565,1.0957107361466565,2.191421472293313
0.8921315783785202,0.9686932452659112,1.8584529383721402,-0.774063124062918,0.6022116404962197,0.32607780255467517,33.80034907499965,0,0,1.7439759343608991,-0.07222693951367898,-0.10292496054630312,-0.10292496054630312,-0.20584992109260625
-0.5182392512881623,-1.893823845206286,-0.42385029940686153,-1.1860259519507097,0.3272623924887244,-0.15066050004853238,57.895693046826345,0,0,-0.2533971974302799,-0.12223743106080631,-0.003887570039597457,-0.003887570039597457,-0.007775140079194914
-0.5632957947579397,1.127891797315883,0.4884706260777194,-2.2235008590828427,0.3122223103113188,-0.20015535643516053,37.17676755222299,0,0,1.3364402366430668,0.8772370285396225,-0.40034986937894956,-0.40034986937894956,-0.8006997387578991
-0.7872622941181467,0.2629285207187856,-1.221762452104773,-0.30559878498484394,0.1949900095914687,2.0342184305663342,18.819251466615142,0,1,1.8687008864972106,2.3649333826082457,0.44654891351074466,0.44654891351074466,0.8930978270214893
-0.7978851881056734,0.3798589870883793,-0.3073527112512755,1.5830788654139203,0.35410383883985713,-0.08197055402078712,35.47666871820534,1,0,2.421399341955749,3.18998643224139,0.24417901825863197,0.24417901825863197,0.48835803651726395
-0.3359097364526299,0.01601303092041598,1.4191548380499712,-1.3153305785477094,0.6086410059353199,1.6230973845986068,23.18324358546737,1,1,0.6020840180980912,-0.05987638271916924,-0.4291021361407945,-0.4291021361407945,-0.858204272281589
0.9590011640106159,-0.8004757722601653,-1.0064421095697815,-0.7344944063438915,0.18915832739248314,-0.22152756726591322,27.287674418600744,0,0,0.9958366345551135,2.774635117576873,0.6523305983122281,0.6523305983122281,1.3046611966244561
-0.7605016898204481,0.20280835593320104,-0.4516975893101373,1.2905080361878196,0.34738800359585215,1.6443530381848277,49.34785798460767,0,1,2.12810813318451,3.1290821088586322,0.5353513221493078,0.5353513221493078,1.0707026442986156
-0.5417307587361245,-0.8067199863045785,-0.33994230193917446,-1.0201131756188118,0.4660542560126617,0.2873672019017118,43.529785657064245,1,0,0.7908001421735199,0.5679569044082052,-0.17237069907392144,-0.17237069907392144,-0.3447413981478429
-0.4700246259477753,0.8144690749624511,0.48759173746138085,-0.7742078690399544,0.7053752978236671,1.9995460812585752,32.2459777980328,1,1,1.392807423798684,1.6452591216164605,-0.18752456541175275,-0.18752456541175275,-0.3750491308235055
-1.22643806912099,1.0820142339901382,1.7850612495937634,2.306473309820333,0.3514374545166723,-1.3251400768058486,27.750972608495353,1,0,1.125767241485009,0.40582236406605693,-0.20529592758084658,-0.20529592758084658,-0.41059185516169316
0.4873460179671038,-0.7087854081615529,2.1842379459600596,0.4362943862808179,0.2465131827629416,-0.5207221006914724,34.10739185455681,0,0,0.7278030801929023,0.7422413257209085,0.015294362587017232,0.015294362587017232,0.030588725174034465
-1.155294346413969,-0.6496856979515577,-0.6654993959445428,1.0071861553694719,0.20576531091387448,0.11315640196775115,29.411142801258244,0,0,0.7556319899821045,1.798752839615037,0.29483728345906307,0.29483728345906307,0.5896745669181261
1.2982487887914005,0.5637220438156311,0.8959747167657831,1.4086678562486135,0.6048865231571,-0.7588143233835913,49.16765486254177,0,0,2.1137192467282038,4.253107467380069,0.6147826717401664,0.6147826717401664,1.2295653434803329
0.08058662167492507,0.100427415414452,-0.6397084322536791,0.3769513713874117,0.5045271972848091,1.8699683473005975,32.67858174055116,0,1,1.1156481566932093,2.0245477109032377,0.6100648286661684,0.6100648286661684,1.2201296573323368
-0.32648412300601554,0.5882025910365024,-1.5220377367234208,-0.8187535199633017,0.4135596060400072,-1.6410491618344483,56.11737088234206,1,0,1.018810060796478,1.7110585708058594,0.19680280859447213,0.19680280859447213,0.39360561718894427
1.0553753910978916,0.6052105208552471,0.6415870737103072,-0.10845321141193967,0.2449271251093227,2.012566410494517,37.14158677218277,0,1,1.8475994281806924,3.191605748992545,0.5760518652107556,0.5760518652107556,1.1521037304215112
1.0678228337865465,0.3728549513488243,-0.6465646460653084,-1.051092305339844,0.10820210230526055,0.14652013668002437,58.565849923606805,1,0,2.48544407853545,3.753668879522537,0.4260694960801664,0.4260694960801664,0.8521389921603328
-0.4584668535251414,0.9890433955235618,-0.5540761494413469,-0.18834848176586255,0.19782499220965186,1.3389779114572813,17.87417719534477,1,1,1.2667954598625855,2.27268263373975,0.27214530904188494,0.27214530904188494,0.5442906180837699
-1.2954546947026164,1.0215220772797686,0.958146861593954,0.41945979419599766,0.6460127028884122,-1.1815082519627431,55.972555965711656,0,0,-0.201846606463447,0.9318175944453793,-0.3130599098053418,-0.3130599098053418,-0.6261198196106836
-0.4026745140318223,-0.6686559827641378,-1.6716681454198221,0.5801516740338185,0.489456016827128,0.5890837809657838,40.11034756637998,1,1,0.3221055163648132,1.4389457873959743,0.6019759853510271,0.6019759853510271,1.2039519707020543
-1.5584804913001538,0.9063588966549324,-0.8142794734512802,0.12759272618613807,0.3540491836620343,0.7446305444778764,30.714147411374547,0,1,0.8204459553442325,0.2697459658556127,0.18076183322985517,0.18076183322985517,0.36152366645971035
0.5411472836001489,-2.2348042306483444,-0.4329720325077112,-0.14613083616862338,0.15931228280664436,-0.7495659956187204,50.12082046111193,0,0,-0.3319568354922203,1.1014781022066096,0.5222365881757913,0.5222365881757913,1.0444731763515827
-0.06966561049085479,-0.06945570022732189,-0.5702147287596789,0.29569461346657544,0.45227019247538186,0.9297753325869199,26.12174967336753,1,1,2.436248706983141,2.7065186638813787,0.410621053619582,0.410621053619582,0.821242107239164
0.14387391175605277,0.22590843763530696,-1.1784988956820315,0.4318752512235294,0.24074643719156336,1.9736099584043851,10.14432473349043,0,1,2.374443553105683,2.73117221570668,0.8195128526360017,0.8195128526360017,1.6390257052720034
0.45281560708655905,0.7427599402907915,-0.39195924810489696,0.4722369110238811,0.31004007647068116,-0.08377451353834775,84.89817884413645,0,0,1.513445995458158,2.725931310978277,0.563612430198649,0.563612430198649,1.127224860397298
-0.9185901467865746,0.38710749715334375,0.7975919887713774,-0.19725511230261814,0.40614240541732055,0.7331558277426561,23.393646055429016,0,1,0.6833873457405532,0.6491747436749908,-0.0656555761445721,-0.0656555761445721,-0.1313111522891442
-1.3363683461351108,-0.020232231433987728,-0.2713885090774254,0.25089325155753334,0.2770792367809473,-0.4994225035291212,92.45159408151248,0,0,0.8216871888283255,0.3684192140628696,0.004184103532131195,0.004184103532131195,0.00836820706426239
1.5306586418235513,-1.935944096096826,-1.566100454102718,0.62542321264058,0.15894433839643266,0.34037618152274085,127.03320987350234,0,0,1.582714070719434,2.867615089937128,1.187556056673353,1.187556056673353,2.375112113346706
-0.3203873986456826,0.8920495818894654,0.33138216864507175,-1.3936338492262481,0.3660226854868238,0.28221680261772875,43.11034694193271,0,0,0.8830280945702531,0.7724436760399961,-0.16131208610026926,-0.16131208610026926,-0.3226241722005385
0.9096032319669578,-0.26385659753565116,0.3158053558413553,0.12307368299186411,0.6583927644416755,-1.1309258082354954,98.50569711126029,0,0,-0.1132051985841861,0.5451321632497232,0.38935072613818356,0.38935072613818356,0.7787014522763671
1.4866248085969724,1.1682461085749287,0.7907168151799665,0.20663472517291193,0.39500754416881895,-0.7187686481513327,7.705574042363384,0,0,2.4542408093832826,3.3117365143989415,0.5246896869981674,0.5246896869981674,1.0493793739963349
-0.8741434756039425,-3.5276523574128915,-1.3530208756751745,-0.14946960983029564,0.22936384301426327,0.01815637530749815,26.32585221989431,0,0,-0.3612803742376663,0.37763112599082566,0.31095256738655813,0.31095256738655813,0.6219051347731163
0.37823003040716485,0.28603884237862104,0.4167138707398721,1.4762759192843815,0.29806399569381853,-2.274992699605134,45.58572603180601,1,0,0.11852436481972894,0.3782734569202071,0.4084216634559066,0.4084216634559066,0.8168433269118132
0.7221251045190531,-0.13433947333970309,-1.329566515680482,0.3495802376425073,0.09914857966847537,-0.6088766750464292,27.00097256716439,0,0,3.106632194921618,4.6409519898014056,0.8738284463702581,0.8738284463702581,1.7476568927405163
0.9905335059798458,-1.0885389574166782,-0.2335104140105409,2.5870186739046988,0.22313921943981702,-1.3168300606494665,70.08103278662077,0,0,2.162630318566664,4.082201306027707,1.0808316213939657,1.0808316213939657,2.1616632427879314
0.18042743184449514,0.32618663919254204,-0.6672567650384361,0.40220535913129146,0.3537505273242223,0.8479365549795522,53.90013168199549,0,1,1.9891157113115108,3.1222194408347477,0.6848130073107338,0.6848130073107338,1.3696260146214676
-0.36351979066653195,-0.666462186459158,0.7500339603187379,-1.0535232354861475,0.16275432111058988,-0.9910895093271528,12.763832398163098,0,0,-0.7849146619103288,-0.07496737844201651,-0.1554882321107994,-0.1554882321107994,-0.3109764642215988
0.2761201530440149,-0.35240916809504397,0.22169237650773474,-0.936127358888146,0.311165787009861,-0.3577645175746048,37.99582696503934,0,0,0.3863635505438604,0.4657689876552791,0.12535860653838965,0.12535860653838965,0.2507172130767793
0.4514702237845888,0.10124849096672911,1.4000904710176367,-1.0002273857596329,0.35414618802825204,-0.44290197557245803,37.692131761218036,0,0,0.9136961978292764,0.6194678867935949,-0.10664425552770955,-0.10664425552770955,-0.2132885110554191
0.13790445063093382,-0.0306894898222324,0.7317569687228244,2.0984048183014448,0.45823960338438174,-1.4817008324457266,21.534887948053317,0,0,0.7565434477628897,2.0828364802940103,0.48536207553964866,0.48536207553964866,0.9707241510792973
-0.01446969412029423,0.6121744503140311,0.5526731084210691,-1.4703156483433872,0.08953688723738366,-1.2821450062536952,26.458577033130915,0,0,-0.8303536777900042,2.0603310669442134,-0.07178526784509934,-0.07178526784509934,-0.14357053569019868
-0.18655680512089173,-0.313481433763542,-1.4111278585073255,-0.7393765928284688,0.5173444367923186,1.0832003393424814,37.368877169215,0,1,1.2134362344488,2.937215013220703,0.5009617718984811,0.5009617718984811,1.0019235437969622
1.051114114539545,-0.17536794595459762,0.8764871585258617,1.1728961661639825,0.26093217686454534,-0.24172340360895045,36.97192528171615,0,0,1.658032230153047,2.951700878505002,0.589982364657409,0.589982364657409,1.179964729314818
-1.577523371997956,0.9613330026177338,0.09425282647666569,0.45449264550098234,0.26890430683985045,-0.15421959928782028,40.40896898033962,0,0,0.43543212340953813,1.902987502164068,-0.10517052343568144,-0.10517052343568144,-0.21034104687136287
-1.0507717721630065,-1.5256457355067587,-0.4479981998286508,-1.1131576561406056,0.6065358004755864,0.8181887325339823,69.02997643902377,0,1,1.072909342446692,-0.4858130220926127,-0.04159346246278839,-0.04159346246278839,-0.08318692492557678
0.9371132570559365,0.2611060014568304,-0.5968679712895892,-0.803701744046843,0.5887865741752015,0.7280498318774781,26.89689023701617,0,1,2.3375756853186207,3.6986466524926884,0.6077275739288918,0.6077275739288918,1.2154551478577835
1.0765063241495139,-1.1611396834251109,-0.6816480997242257,0.20539682839600074,0.2577904457264298,-0.9867969642566764,37.19427247600385,0,0,0.4836941637129175,0.09557158978196179,0.7664860748381306,0.7664860748381306,1.5329721496762612
0.10665383605048613,-1.4986087842725604,-0.23602477544772282,0.7246954999516484,0.30758653397360936,0.5193691901870472,23.71826903552987,1,1,0.60698380307268,2.049949127422932,0.4984129465302657,0.4984129465302657,0.9968258930605314
1.0249844500382537,0.3335482465744454,-0.8377477012626151,0.23023494996607247,0.4327151769889014,0.1922568054407167,9.476185616566582,0,0,1.5408622242710717,2.9781257478735697,0.7488907888050431,0.7488907888050431,1.4977815776100862
1.329693134557552,2.878517100227177,0.6224788653994294,-1.4083376601710256,0.6076466464914657,1.2354903826375314,17.252148540440004,0,1,3.5,4.125852752670575,0.3360327532995037,0.3360327532995037,0.6720655065990074
-0.7372404016614073,0.2439810493763523,1.6842909393980092,0.2063152305964316,0.2856624655176794,0.22925479829076506,51.44378474787864,1,0,1.1359348953395894,-0.7693086491204373,-0.40839356934964144,-0.40839356934964144,-0.8167871386992829
-0.7098289051012283,-1.3522749911898688,0.24728155014323425,-0.30476980303693985,0.5233278675704156,1.1486952518922022,25.326023131139433,0,1,0.5066110161573596,-0.9984601545108154,0.06638871277659567,0.06638871277659567,0.13277742555319133
-0.04933079802179823,1.8925672854185775,0.35016771012004044,0.376427778074201,0.32799037487499066,-1.127605935250959,27.33312513059259,0,0,2.208847940970947,3.7462219458446073,0.238189790410846,0.238189790410846,0.476379580821692
0.16765436316172855,0.6826005803388093,-1.0794657959749674,1.5832408941380955,0.22609614780708726,-0.27605784429190194,23.94908986984025,0,0,2.9872918552670447,5.1885969432898715,0.8551459822709332,0.8551459822709332,1.7102919645418664
2.139161326589949,0.03678000497733957,1.175899317639694,0.7222114163708284,0.5372248177576945,0.22594058017689822,32.54892445242223,0,0,1.8580851618713892,2.780266310344931,0.6813314202493558,0.6813314202493558,1.3626628404987116
-0.4265615225329861,-0.2477181662629493,0.2765681978620301,-0.10713872577816688,0.17936115437140782,-1.8900062291693964,28.297788763410047,1,0,-1.1284797898002852,1.6004869665245125,-0.04261387752809065,-0.04261387752809065,-0.0852277550561813
2.4444844731998336,0.28594476391508666,2.0179273091840155,-0.5870208467362193,0.2593397190018894,-1.2999448689993067,18.829721786821636,0,0,1.0348162794314328,2.265179629375737,0.4126063595024973,0.4126063595024973,0.8252127190049946
0.969169629870437,-1.503651359002012,-0.16113871057232976,-0.7933685680442231,0.029904957627893754,0.6209249287115801,56.25872738915206,0,1,1.2754283658011085,1.9495795474358446,0.6568344806109803,0.6568344806109803,1.3136689612219605
0.6565048906528888,-0.4852509998422468,-1.4313274136786718,0.5143008797415938,0.26262481092075957,-0.7942542286640644,27.702278113379798,0,0,1.3405562991479039,3.608595522726976,0.8682576041246213,0.8682576041246213,1.7365152082492425
-1.890341797229539,1.0750904851912926,0.296569269243562,-0.49558415576820436,0.45719560848277324,-1.6490996341130804,47.82830940954205,0,0,-1.5,1.0278799207021294,-0.45347303653199694,-0.45347303653199694,-0.9069460730639939
-1.0155248869640379,0.33122656039080073,1.316230579286621,-0.2691308247104586,0.25172374579936474,-0.8521182641732774,63.997381955270654,0,0,-0.47507103783614196,1.363591879764121,-0.3427749432327173,-0.3427749432327173,-0.6855498864654346
0.6555607607614756,-1.112948395410892,1.1867867803863594,0.17693313922140674,0.44129465410512053,-0.5443877424943603,1.1857159577899308,0,0,0.6126335526848987,1.5480342779386178,0.18840116940283846,0.18840116940283846,0.37680233880567693
-2.272096511306545,-0.5792780734367617,1.6979894238960238,1.0858289530211496,0.25891115185987534,-0.33783370631435045,31.13079907626576,1,0,-0.01954337170935244,-0.738733066312734,-0.676434161325521,-0.676434161325521,-1.352868322651042
-0.6191184059864907,1.5032833150673008,-2.0819663116904357,1.3547691899593601,0.1187944403986877,2.376355598993469,38.696918962346366,1,1,2.139568001844583,3.93230620020063,0.8600272233926781,0.8600272233926781,1.7200544467853562
-0.07426794292726686,0.0644930322081572,1.1085302634663445,0.831738202105578,0.6043642495145629,-0.6297785592307625,79.95388228216515,0,0,0.8060185736481692,1.7496854743058532,0.07999377451327844,0.07999377451327844,0.15998754902655687
-1.0642266123037198,-1.3040882476524949,0.34686429558236065,0.3521121064833678,0.46529819298286124,0.5541433870716979,25.418282121191837,0,1,0.6587255062760955,1.4268193040248454,0.07741501637795863,0.07741501637795863,0.15483003275591725
-0.30409203015248015,-1.2823383935901536,-1.0293998943642075,-0.9484179817960193,0.5664069587694026,0.8994891033551301,11.2286272303426,0,1,0.9607210116467488,-0.23629722980641987,0.33466930148949114,0.33466930148949114,0.6693386029789823
0.16874779667297818,0.9335211620648095,1.6985154443553587,-0.9857773676591836,0.05076806911734672,-0.030107733167382165,38.96195815833888,1,0,1.1448657501195643,0.6759882494952374,-0.3160482774565613,-0.3160482774565613,-0.6320965549131226
2.0001852056413623,0.44103707355798594,-0.8508226025661411,-2.810617147866959,0.34889761556852533,0.3815306484739885,68.59849677425389,0,1,3.152728182845885,4.696307617242243,0.657586315791634,0.657586315791634,1.315172631583268
-1.014391539096165,-0.06306722388255366,1.078038034979336,-0.10341911725094297,0.7271549176543022,-1.1230951440416335,34.28938864995822,1,0,1.0515097323809284,-0.61100569663571,-0.5143306199845824,-0.5143306199845824,-1.0286612399691648
-1.7033001671549564,-1.3693576105450238,-0.6450722162783995,-0.5773604334027683,0.20493804960078754,1.0495716242565,63.51769132670517,1,1,-0.2672333213844847,0.7890030523153428,-0.1281181691388272,-0.1281181691388272,-0.2562363382776544
0.0865853278060146,0.46061108458520306,0.2815976786307385,0.2658313143921197,0.1907628231903264,0.308776983594424,62.03780743130055,0,0,1.6311585130014143,2.023077325963132,0.30435896151182484,0.30435896151182484,0.6087179230236497
-1.710271603469676,1.7066291728563905,-0.4849765473380568,1.3459184704030598,0.40561013788044703,-0.6833176155232389,69.96130247568999,0,0,0.6129734314810217,2.4252532782575686,0.11273768302410661,0.11273768302410661,0.22547536604821322
-0.007518076047187229,0.07531758286530094,0.1657282428654976,-1.3666673995794696,0.4789734917224137,-0.3313937029736952,31.408175264727536,0,0,-0.21843506570058668,1.530631034455405,-0.05951904466130565,-0.05951904466130565,-0.1190380893226113
0.4805917052473452,0.12721900335812872,1.5406298756662464,-0.48766749507091817,0.6948800814823912,0.2149339506917262,29.47319432047351,0,0,0.6695764373916941,0.42378320811376635,-0.11892426384585669,-0.11892426384585669,-0.23784852769171339
-0.9897216675806151,-0.47010443635437216,1.0275818121669191,-0.22866093349330854,0.08632507233265448,0.14264527854820586,53.36418553902352,0,0,-0.9358485402496074,0.3276601153181931,-0.22506705098792704,-0.22506705098792704,-0.4501341019758541
1.458136868028212,1.6865648007383327,-2.9327446993210837,-2.2964660560899928,0.344371037003016,-1.049873240583902,5.600401322816052,1,0,2.051227913181402,4.055627053041924,0.7574692179216153,0.7574692179216153,1.5149384358432305
0.4277137765944115,-0.12506037098731365,-0.1092253223857896,-1.0984494218056189,0.12238854004586387,0.6589591349382024,49.8423681924029,0,1,1.358020544164467,2.621911216673488,0.41669528283529034,0.41669528283529034,0.8333905656705807
-0.08880315672010418,-0.7289792845520585,-0.2081108082684185,-1.3620417452951314,0.6647636026112139,-1.0821988637214353,26.569669903360747,0,0,-0.41952448812268095,0.5072196032299536,-0.04379128484239206,-0.04379128484239206,-0.08758256968478412
0.06824817310248062,0.5135698146880412,-0.20977939691853784,1.280342907014468,0.6213374052283419,-1.3033176784658767,33.02424231067955,1,0,1.9888320316733028,3.360378907922751,0.34660170179857513,0.34660170179857513,0.6932034035971503
-0.03557362802683627,-0.7580141311534989,-0.8585323897684759,-1.1372976385749163,0.5183825394745982,-0.473366170395391,57.74419173585039,1,0,-0.44038194430482,0.6386795918552088,0.049791125484162035,0.049791125484162035,0.09958225096832407
-0.012574628329464566,-0.29428280255482836,1.357996255644536,-0.4365122304888923,0.0809530425130604,-0.016373945852816672,47.74215411763855,0,0,0.6228226672649311,0.5306793637186722,-0.06028100386518308,-0.06028100386518308,-0.12056200773036616
-0.04109020280349978,-0.12154834774923136,0.020791447789767152,-0.1813725142830463,0.34190723687963637,0.6406920358205588,84.04759868452429,0,1,2.5646812341466596,1.8719518378846778,0.3692158352792102,0.3692158352792102,0.7384316705584204
0.20082035300793166,0.5460157761808314,-0.7102612659457194,-0.4987036485689332,0.43151068275898,-0.7202851753553985,78.54020198892462,0,0,2.122710233377317,2.007766780925442,0.35915795674571604,0.35915795674571604,0.7183159134914321
0.4874944822390946,-3.045439109274033,-0.5006566723282868,-0.20909251692366898,0.2134126804216688,0.1559516023803342,59.135001410222245,0,0,0.06903424999710583,0.40592836556384515,0.4977872265917087,0.4977872265917087,0.9955744531834174
0.14060604821630554,-0.8143340496957975,0.7063192600606868,0.4873371082664056,0.3873266935626306,0.8677769159886403,33.33952860163873,0,1,-0.009556050046437337,1.1487961185494224,0.37874172932013617,0.37874172932013617,0.7574834586402723
0.5444113215204981,2.861488394154743,0.4620578424098331,2.293309762935326,0.4222334819193397,-0.012846475249098599,94.4207362971555,0,0,2.4924509691400454,5.091909522224304,0.7022421663632933,0.7022421663632933,1.4044843327265866
2.0059849503208467,-0.24781468221554437,-0.0635514450897806,-0.47382191549072394,0.5616932863718254,0.9983567431100707,38.0918399365427,0,1,0.9847071616159456,3.679488582052687,0.8555627704920206,0.8555627704920206,1.7111255409840411
0.3102903327813913,0.5099343350915446,-0.946043496144666,-0.2732946339891897,0.25888381248731523,1.3739434401194432,29.94878885683026,1,1,0.7631795366225296,3.1747971416105596,0.5436857132156062,0.5436857132156062,1.0873714264312124
0.7306800363716933,0.27499620691670007,-2.82554407149159,0.33857317058916775,0.705262633357661,1.1155625940931582,32.14541130997454,0,1,2.070303163566575,5.855130688531154,1.2178902446124353,1.2178902446124353,2.4357804892248707
-1.015830660095581,-0.07913705146815206,0.41399915220240346,1.770302093587797,0.31046907231497844,-0.47649415208226925,24.59799921629204,0,0,2.1502965745676272,1.373161178260081,0.20862940117891712,0.20862940117891712,0.41725880235783425
-1.018433124930504,1.0154630299533582,-0.5391633329735115,-0.32416034209963596,0.2832071305017452,1.19214483922228,34.57896824196966,0,1,0.7273377822558298,1.3110750225782213,0.20713608537527806,0.20713608537527806,0.4142721707505561
0.36820415894064085,0.19833705419880046,-0.07413631328160404,-1.168102209373578,0.2942609165841249,0.8821122406193741,8.942181694132257,0,1,0.9432301421192104,0.36580875075866626,0.33852613575789836,0.33852613575789836,0.6770522715157967
0.5825849345198458,1.5234792349168507,2.474281983558006,-0.8082770563921344,0.18388838100030713,0.4463480026199538,17.22170664192066,1,1,1.9347886180208036,0.5877779965815254,-0.21084133630786236,-0.21084133630786236,-0.42168267261572473
0.3099339941021413,2.4743271676328584,0.09102441998707303,0.13151648811294125,0.2630522296112033,0.6239840586828654,14.01575758204055,0,1,1.570309434513863,2.5855797013416986,0.5272965787050842,0.5272965787050842,1.0545931574101683
0.7929114538904742,0.364679807062376,0.34340671510087034,-0.009261529864117164,0.7930457698516993,-0.3664967433252287,8.771724993264836,1,0,0.08040578193947279,1.7235250528077994,0.15446766962719238,0.15446766962719238,0.30893533925438477
-0.8064456513910515,-1.3731208841133626,0.4763579800688301,-0.47652703644989447,0.4674702913403591,-0.6871192694052375,55.192419265429656,0,0,0.37581217655341276,-0.3128828313477478,-0.18857127448730424,-0.18857127448730424,-0.37714254897460847
1.1479454501186457,0.01988438563418306,-1.8736190614058528,1.2865653339314174,0.17962671719613577,-0.619065576866209,13.514878581904895,1,0,2.428013124965916,6.262406384757981,1.122092267523091,1.122092267523091,2.244184535046182
-0.04342592418454444,-1.9596231920880056,-0.45596968405896193,0.03374133148819431,0.4007199146385151,1.0699140446656983,19.207283611800218,0,1,0.46001141816058316,0.5854563137437057,0.49805473187593063,0.49805473187593063,0.9961094637518613
1.1748752065962524,1.403345844202846,-0.5421323534007244,0.3542391110527998,0.09797751006176511,-1.438632401799757,26.487749928567684,0,0,2.4187963217715853,5.1985944216645255,0.8284826131697905,0.8284826131697905,1.656965226339581
-0.012936372313377235,-1.9238203852282274,0.5358508261340329,-1.1221819727708784,0.18873707824712868,0.34064695606226775,48.64880600692084,0,0,-0.6138168393960526,0.05600994135540463,-0.02879901987530184,-0.02879901987530184,-0.05759803975060368
-1.7373355061163802,-3.4815223794879047,1.6029680009266338,-0.4462018390398967,0.20912083744025026,0.12328030891837363,79.00855073474985,1,0,-1.3166539715864034,-0.3274935264747556,-0.7696122339292873,-0.7696122339292873,-1.5392244678585747
-0.5674923107231747,-1.337726104422144,-1.519801164403284,-0.056479609914708344,0.8008773890189665,1.022869591244387,49.48886061263632,0,1,1.4874292532848374,1.6900615899313625,0.47308150601703414,0.47308150601703414,0.9461630120340683
1.8160485995094784,-1.8559126413349814,-0.3178074592529082,0.3581309510821162,0.7731801621330554,0.09175186584562663,67.88806387746854,0,0,1.0697116009303338,2.142596603547969,0.7973115811811414,0.7973115811811414,1.5946231623622829
0.45658484705448443,0.6487748525860574,1.1244436696914852,0.6505874268048296,0.38984340900903863,-0.3575159374089974,40.9726919385487,0,0,0.6698612256992825,2.4166319124493487,0.24400946850582894,0.24400946850582894,0.4880189370116579
-0.7391882636914091,1.4711223789822285,0.7017261832032401,-1.3124989592180794,0.6947238805743038,0.7866963710568644,78.22882710480158,0,1,0.85616771686417,0.09662452330806814,-0.2643360181353944,-0.2643360181353944,-0.5286720362707888
-0.5756730156007724,0.0051958376165124,-0.26920596796692126,0.4441082974276748,0.04480527006597628,0.4100383350120008,109.67508335409175,0,1,1.0916023000288615,2.0582474675004843,0.4672230973056535,0.4672230973056535,0.934446194611307
-0.16392510459121906,-0.7871316649673993,0.605456094138696,-0.7081606953490414,0.11670342764153768,-0.3917516788652358,64.02366704583135,1,0,1.064890749357915,0.7022948794104784,-0.13457711779285092,-0.13457711779285092,-0.26915423558570184
1.552267318905433,-0.4803359338428608,-0.6498667972204614,-0.7213416828837279,0.7674983196792793,0.10631227923031795,76.32983806122539,0,0,2.072987518273461,2.6248837010334407,0.6035644450399248,0.6035644450399248,1.2071288900798496
-0.8792550438774807,-1.1441065711679834,-0.9447409966314321,-0.8080416774545331,0.28437667575963854,0.13549207072334646,34.79894492262493,0,0,1.3503420930616556,-0.27090910081958663,0.08795370284909125,0.08795370284909125,0.1759074056981825
-0.6272586006568937,0.4896471115927272,0.9054909136804775,1.674085584812777,0.1199590193847766,1.1460957996829235,12.891828488780321,0,1,0.9951129840663522,1.7814802664739884,0.3977048314203182,0.3977048314203182,0.7954096628406364
-0.8848651169194769,-0.4911735263930303,-0.7477682828659967,1.1535408828996545,0.45949921633427376,0.006041298220457584,29.22790666556176,0,0,0.10796185686698945,1.763120474103542,0.3541043364947779,0.3541043364947779,0.7082086729895558
-1.7288765175888055,-0.22440206292622206,-1.2078169452917824,-0.015199055257721972,0.398274535591608,-0.7454387010773629,89.32527341397608,0,0,0.013609121372546273,1.0938160132438413,0.023312584550950713,0.023312584550950713,0.046625169101901426
2.0773368870964553,1.562808916209924,0.48703540202166873,1.684305040863907,0.49705417868361074,0.7754417327629809,64.02903466563384,0,1,2.2529283371679796,5.629926073516884,1.158388444413677,1.158388444413677,2.316776888827354
-0.8005023722173772,0.18371025867828245,-0.664268348333741,0.27343648150071015,0.6762740248574912,0.2341722193902858,34.54199901883703,1,0,0.3591083109808043,1.3613716054611387,0.008911173116887383,0.008911173116887383,0.017822346233774766
-0.9684479321949347,0.5363636627971359,0.31602292515211966,-0.9770649670101882,0.551778724585404,-0.6525204421163628,31.098594032324797,0,0,1.5863774610173744,-0.9835359142850146,-0.30898905251037884,-0.30898905251037884,-0.6179781050207577
0.1397532375660708,-0.9996267600448637,-0.08118936371237084,-0.08281872320021676,0.5096899470739875,1.4555784448107272,63.97253102119887,0,1,0.6774206504829555,0.6548870729176013,0.4197596090614254,0.4197596090614254,0.8395192181228508
-2.277381619865464,-1.113004154033204,-0.2784586729047393,-1.2507469251669099,0.3999025393587375,2.525749768560666,25.43233460196127,0,1,0.03799242469575953,-0.6581776450192166,-0.39751700149942804,-0.39751700149942804,-0.7950340029988561
-0.39624218362476443,1.8550946852317483,-0.21442610000262952,-0.13104563847071643,0.3724428936248621,-0.6232704006484321,44.75796923479636,0,0,1.3793226552091393,2.5993952040035997,0.16325142119094863,0.16325142119094863,0.32650284238189725
-0.6554234842201615,0.5450946489652881,-1.5044830068298802,-0.793799411445506,0.274109636102855,0.1475234664145886,32.2605857913476,0,0,2.2123049720163497,3.0826722163503146,0.27879747919605213,0.27879747919605213,0.5575949583921043
0.7994213254104895,-1.048082198164207,0.39539379283896586,-0.07017531685394393,0.39983770309516115,-0.29415725394888587,22.838882491306805,1,0,2.3433375137268806,1.029857580156678,0.228258730913816,0.228258730913816,0.456517461827632
1.368469467509158,-1.2953504173049757,-1.1601749393514198,0.396861216813762,0.39681514450501804,-0.9565664003471387,48.54101902028012,0,0,2.578536740638608,3.2142587278763983,0.9546093219051496,0.9546093219051496,1.9092186438102992
0.5762952526522579,0.13556066968065228,-0.03818601316877924,2.232418073240067,0.30617715371404475,-0.46713191838002577,66.35624438607415,0,0,1.9082711315518612,4.065707249898658,0.8381163299316049,0.8381163299316049,1.6762326598632098
-0.9022682733522581,-0.045791327565013334,-1.4418592716112197,-0.3211867994851645,0.36451706901209247,1.1252052052873285,43.19057265939258,0,1,1.9452048516319458,2.2366540066171607,0.4192762027456043,0.4192762027456043,0.8385524054912086
0.28632758726471585,1.2905538805996284,1.3367784603620843,0.05887957495629749,0.41407453266858824,0.11635291846001018,29.617424537056415,0,0,0.8435974012174008,1.5145537724721108,0.037300898806134325,0.037300898806134325,0.07460179761226865
-0.8755573588775897,-0.8057426958693452,-1.2080722563150346,0.14755120213505693,0.44478860012983107,0.29915041715426893,17.107495536246383,0,0,1.2521769539326901,1.5350410947025461,0.28042978825673326,0.28042978825673326,0.5608595765134665
-1.6216967488039722,-0.3610217290383335,1.2521027981135093,-0.8682504879226449,0.13019514261814769,-1.2927430121625865,73.35570723311214,0,0,-0.08331476158699519,0.47501828354272546,-0.5770696273045157,-0.5770696273045157,-1.1541392546090314
-1.4810267239761539,1.4879095405270575,-0.007931171951271443,1.2169069922202198,0.3723483317456348,0.07479962187268259,15.379239559476021,1,0,1.0625570999108884,1.5048875819176082,-0.08326296590335619,-0.08326296590335619,-0.16652593180671238
0.6285423222332891,-0.3896842633338003,0.687503221390566,0.589656042358117,0.14641054724942562,-1.862650034294602,35.54395537557597,0,0,0.7548394018089942,1.8053659609763923,0.43574069780399544,0.43574069780399544,0.8714813956079909
0.08747104278455176,0.25515824492942696,-0.12164253642414408,0.5648630706279093,0.3937922417918446,-0.5133137454892767,91.09443144920847,0,0,2.078011387883747,3.152514674338644,0.3984184646759672,0.3984184646759672,0.7968369293519344
1.0939300657955942,1.933527514455749,0.37541297172229915,0.9828573589959712,0.5911873546742281,-0.10331496381024712,78.14063740847752,0,0,2.9303017826968465,3.798906884182256,0.5987389241413206,0.5987389241413206,1.1974778482826411
0.013375039219301024,-1.0141483846219628,0.059789526051183664,-1.1567670559763168,0.2281509742855971,0.6998104509137948,60.11271925684575,0,1,-0.11591832553750636,1.331141708462691,0.2276170113458636,0.2276170113458636,0.4552340226917272
-0.17058740140165546,-0.3415037917452074,-1.049910216216993,0.38589105300756305,0.3751270204713878,-0.26425460798685146,10.881903866734314,0,0,2.6444169625806655,3.0376528722108618,0.5026456798035033,0.5026456798035033,1.0052913596070066
0.8472076368396797,-0.4999191434459857,0.9413797222529012,1.828908291165141,0.523330295587098,0.8238652933951331,28.51309582950352,1,1,2.073309428210777,2.4543621018632975,0.5937188208882941,0.5937188208882941,1.1874376417765882
-1.8101654687049373,0.7695349101810272,0.348375373300855,-0.5696468242848695,0.7133763792544187,2.0604704862249057,65.00119855966724,0,1,-0.04968075301665109,0.4392296923715396,-0.3572356727559075,-0.3572356727559075,-0.714471345511815
1.9342252743339565,-0.26773805793359373,-1.8484802468849586,-1.0801351788021427,0.6577401975690409,-1.7228914245060187,19.78965994327802,1,0,3.3015224880043545,4.458928513667821,0.7959667515272434,0.7959667515272434,1.5919335030544868
-0.5310965981109432,-0.4609338826361078,0.9570962029914115,-0.1107549681624537,0.3724169098322678,0.6385512546314115,70.64092374371728,0,1,0.36812962653786724,1.2395535060191123,0.03141583524183947,0.03141583524183947,0.06283167048367894
0.387955368911902,-0.33666006673020527,1.5066677294566118,1.26103198452518,0.5094668298829887,0.6990236391752452,97.19851633668092,0,1,0.6215675921667154,1.1786451067634265,0.3818743208574932,0.3818743208574932,0.7637486417149864
1.7146114799039782,-0.7247511996069879,-0.6506781708130885,-0.8796090487827845,0.592431814820238,0.6157822243819198,13.620730098323161,1,1,1.496737869588788,3.1615249659150297,0.6827271476142353,0.6827271476142353,1.3654542952284705
-0.6177520981977189,2.212830118795681,0.28951088182899637,0.6106986696900762,0.6146822611534193,-0.5061558122516063,33.15541610267243,0,0,1.2238234113415496,3.19560354519257,0.06573903636965261,0.06573903636965261,0.13147807273930523
-1.267452779993546,-0.21142924143153383,1.2622677369617517,-1.0462272132409167,0.7219010471263795,-0.4426846283599722,47.75272448256905,1,0,-0.5022876238060177,0.2574343488000228,-0.7941628302234743,-0.7941628302234743,-1.5883256604469487
0.0812040682932836,-0.04255704926955101,-1.0328451159149763,-0.03132721274577091,0.3372146931653245,1.528277920201005,50.415683587169255,0,1,1.2449976145362593,2.322087647746434,0.6633926399694975,0.6633926399694975,1.326785279938995
-0.686782153421006,-1.6273133472865071,0.8985909462382752,0.38872084123394973,0.6017297314504666,0.5809281241178149,40.90226097216613,0,1,0.31513593772252446,1.0695949263703732,0.035565604743696744,0.035565604743696744,0.07113120948739349
-0.3890877204186464,0.29154418242162794,-0.27898235988303377,-0.20370844891566353,0.7331329061303667,1.1815771085073985,23.978034752914596,0,1,-0.31169691910793595,1.72752346894571,0.23981213918093902,0.23981213918093902,0.47962427836187804
0.13310875958732138,-2.1952426266435263,0.5362229832759711,-1.5145064142936937,0.12748569674629504,-0.06478825307586701,43.80244314445909,1,0,-0.5103383992819825,0.028467709085991232,-0.18390632542823926,-0.18390632542823926,-0.3678126508564785
0.35189367629801577,-0.24782489377816044,-2.2320587025306726,-1.3106139627095121,0.36752178517623046,0.21273887714194564,117.40420153148607,1,0,1.331398120086086,3.10496818969784,0.465467402190185,0.465467402190185,0.93093480438037
1.6712997315881521,-1.7144531913252836,0.09927364393152943,1.365037160076437,0.7117735339522437,-0.37371677785131807,121.47195591677247,1,0,-0.5821578737538207,1.1563378134635796,0.7210047638449664,0.7210047638449664,1.4420095276899327
-1.186736274836535,-1.2340913639041908,-0.35975810152999343,-0.7994958478300508,0.2180334721048023,-1.422735444812541,81.55745843559959,0,0,0.8754872838644006,-0.4494188240319156,-0.10937666053219298,-0.10937666053219298,-0.21875332106438597
-0.3762374394596011,0.060641722122772676,-0.39122569099925014,-0.22979540474978388,0.4612565451765464,-0.5160079086554242,35.19355122357169,1,0,0.07120044059273378,0.8144584865418266,0.02865842527381446,0.02865842527381446,0.05731685054762892
1.455562395755846,-1.222722691065726,-0.4552903999204365,-0.7472396143632546,0.29423795937175967,0.2789564598136572,69.41622034625948,0,0,1.0929767701981796,2.6171762913990295,0.6426011179595248,0.6426011179595248,1.2852022359190496
-1.5953917158905648,0.7838417061756662,1.1236163961562946,-0.2969074311411612,0.5017764882495642,0.7805846517540059,14.970162338353239,1,1,-0.33275834665095766,0.9601151130571236,-0.5077749823890474,-0.5077749823890474,-1.0155499647780948
-0.7128087462120883,0.17506899815023308,0.5323948951537939,1.8193029023198966,0.3309024955475581,0.6649476367467203,62.058294074351885,1,1,0.34168073468629656,0.9898314462807485,0.29134459761294795,0.29134459761294795,0.5826891952258959
-1.35769939454934,-0.45318775683743834,-0.9538411659158912,0.3723379369332807,0.381419356385323,-0.11180252766041604,30.12110015611523,0,0,1.0678435469745102,0.6777557128840687,0.14516940914319387,0.14516940914319387,0.29033881828638775
-0.050795063262155146,1.318523921604794,0.631252288140171,-1.4610153421976229,0.3898273186227124,-0.13367240306870104,67.03490273068084,0,0,0.23717065992093866,2.261927643094912,-0.1696394391692641,-0.1696394391692641,-0.3392788783385282
-0.19857397381714462,-0.9391738689518652,0.489628957602741,-0.747376372484001,0.37000707741033545,-0.39117855497580817,22.556501683413526,0,0,0.7718614005769676,-0.4205058793823017,-0.04664852896700418,-0.04664852896700418,-0.09329705793400836
-1.2189388409195379,1.071644604948646,-0.6967675655891591,0.5148913079907683,0.30394538938640037,-2.176432479818014,13.132825870603261,0,0,1.2203238570382084,2.0633483729773845,0.1717195309577466,0.1717195309577466,0.3434390619154932
-0.5521793986602548,-0.42282394685445585,1.2089579692749979,0.6553222225313531,0.6127483521067165,0.45656802385422607,63.510929610735815,1,1,0.769395299776443,-0.053275879341713406,-0.08968258931533926,-0.08968258931533926,-0.17936517863067852
0.31253785175042176,-1.220496172269398,1.503450917599229,1.8085626625923532,0.26398272781314336,1.26749148037729,37.13626415884694,0,1,1.1160861703832754,1.757948323163393,0.5189368212097568,0.5189368212097568,1.0378736424195136
1.1809082313212822,1.7586644693254798,-1.9392777414398856,0.18456776667073677,0.4365117589600675,0.44144765006916353,50.00594632490636,0,1,2.7402900494397566,6.605118710275202,1.1857547837370503,1.1857547837370503,2.3715095674741007
-1.1684771797273352,0.1794393461965266,-1.0646593118110765,-0.2427089415603479,0.2751720204019355,-1.9720087515848113,21.765625321457822,0,0,0.8161594838101562,1.0268921923580603,0.13732254389745585,0.13732254389745585,0.2746450877949117
-1.1788411773343528,0.9893490265837555,1.074543992072157,0.09184568764419335,0.5008884141414448,0.06775245607225518,23.23321473674297,0,0,0.534070358384171,0.6205007394009131,-0.3301562035274852,-0.3301562035274852,-0.6603124070549704
0.22919879387393385,-1.7339491980926487,1.14377246013006,0.9103978158793018,0.05551686647113104,1.2940464099212277,34.1245167438511,1,1,1.4026908294907936,0.7068919806529658,0.3230932799612911,0.3230932799612911,0.6461865599225822
0.5693166299772012,1.1374960184398133,-1.8636109072175033,-0.03299483709611796,0.12754813304281717,0.12626709359147043,33.64567101939581,0,0,1.7897272508679873,4.432306956365423,0.8728524333738898,0.8728524333738898,1.7457048667477797
-2.0948127772981464,0.34067229490512096,1.3002706344979549,-0.12685367904471737,0.1465322742444346,-1.6719272807977494,74.98046236715558,1,0,-0.2264102537189686,-1.1174748494488167,-0.7306085252797446,-0.7306085252797446,-1.4612170505594893
0.3936311321588527,0.7715496225697562,0.9947105566180537,-1.4612419806426349,0.31242165211101064,1.2034315954208614,58.88044242861871,0,1,1.2922660845120932,1.952195658656512,0.05337564152619016,0.05337564152619016,0.10675128305238032
0.9899219783497744,0.4072804957897443,-0.7184935481568736,-1.709139811602384,0.4662973504375273,1.5413541994967912,40.42988829140842,1,1,1.7008227762105141,2.4216670185676943,0.37569020433901334,0.37569020433901334,0.7513804086780267
0.41925199119368606,0.5974880308925011,1.2305119808920915,0.6585381934220418,0.47741215873408016,-0.7760253996936869,58.100129565061465,0,0,1.1748325409138825,1.4383044807331056,0.19063587845776023,0.19063587845776023,0.38127175691552045
1.8448191974630994,0.1655040048661469,0.8014812749865001,0.3281181115985084,0.6906255631065956,-0.6454630127034763,27.09273831611663,0,0,2.924767619162389,4.442361163882958,0.5735346197347866,0.5735346197347866,1.1470692394695732
0.07562300226009817,0.06906977296740394,-0.9402296704791098,0.6799479737263957,0.18454412382895521,-0.2803416017251676,83.22121414869127,0,0,0.9838132828044204,1.9405465490104343,0.6461250136900336,0.6461250136900336,1.2922500273800672
1.4745054817129886,0.4680026123682717,-0.3642198065878891,0.2766814365115866,0.20958521707201272,0.8620621125309406,34.960252365452604,0,1,2.488006960069499,3.4084112866725844,0.9924920988037749,0.9924920988037749,1.9849841976075497
1.1751864050060035,0.388099789601883,0.41188992407649044,-1.5879876666850696,0.46700665473433367,0.9763988324389214,20.3520115387059,0,1,0.6939531539068328,1.5382100456495855,0.3405170329653006,0.3405170329653006,0.6810340659306012
-0.11437906588346586,1.1303083263832463,-0.20705354907855328,0.6615732376193241,0.6674639847617135,-0.1443074394981788,28.182359781676617,1,0,1.23465484588291,0.6921273966502586,0.1724174687785784,0.1724174687785784,0.3448349375571568
-0.020221564798720806,-1.6714703655052885,0.7537337848480554,1.1341765198221325,0.1632696109755139,-0.9711177077911733,93.10733330958543,1,0,-0.17062385128608504,0.27023998337587213,0.19348359612364652,0.19348359612364652,0.38696719224729303
0.6639207832823691,-1.4062026209428615,-0.6585541511942999,-0.05408348642978768,0.2720744045947468,0.2503936540486185,15.46659512356431,1,0,1.6871554961558295,2.551789002681332,0.4557468479217084,0.4557468479217084,0.9114936958434168
0.10598021416508055,0.06024558434942558,-0.4558519739294436,0.47105080084312473,0.584479405800319,1.2663039652672117,51.73751420614117,1,1,1.2527881063570965,1.714444063421634,0.4344759809903861,0.4344759809903861,0.8689519619807722
0.09587364504507162,0.2001491431142651,-1.1220268298629892,-0.7537574583671246,0.5667088898400152,1.60366387493546,37.401742114907265,0,1,1.4490581487585201,1.7911440166491133,0.5020040471147916,0.5020040471147916,1.0040080942295833
-0.17389591754282496,-0.20995705774733467,-1.0531980888701573,-0.6164087462689888,0.7095063082919117,-0.058561027640553306,67.7805222039046,0,0,1.2558820345089612,3.401386351795385,0.24177763432096688,0.24177763432096688,0.48355526864193377
-0.5244476102012957,-1.2327941203444348,-0.08826633474796625,0.6717918444546129,0.4381911563978674,0.3050018927370308,35.55292401833852,0,0,1.6216949089621226,1.712845652183273,0.22832991725453194,0.22832991725453194,0.4566598345090639
1.9414451248609972,-1.181535645060844,1.7658797460927367,-0.438684250653702,0.12279919527036519,0.35714233529396056,54.59000934132178,0,1,1.7655369443870153,2.8226210689099718,0.5466761188381233,0.5466761188381233,1.0933522376762466
0.8842700029110334,-0.7204035945715471,0.6340053456800211,-0.5522681492600737,0.40619148136527355,-0.8225345138655656,57.15337191208196,1,0,-1.4564309184605166,-0.6769217766396486,0.11122020237100588,0.11122020237100588,0.22244040474201177
0.3583277328731581,-1.22844684784432,0.548064965371232,0.46294697413628266,0.353660786106794,-0.15915263562482113,71.50198593819916,1,0,0.5346683747954091,0.9219395286723455,0.17820933950171347,0.17820933950171347,0.35641867900342694
0.2181693523906777,-0.5379645969164579,1.1877200304323876,-0.7046895022312076,0.3783282391729449,-0.818724451692991,68.93237234818649,0,0,0.5646445684880137,0.8255925975375402,-0.07785387582885961,-0.07785387582885961,-0.15570775165771922
0.08158150297789052,0.6085967461522382,-0.2185444796314801,0.11971952389292738,0.3687532819561552,-0.33498523898111426,39.504702221368504,0,0,1.2052053883395566,2.429042227193538,0.34397133298398463,0.34397133298398463,0.6879426659679693
-1.3717173602496409,0.95074694046029,-3.1955891983780136,-0.9824596721427021,0.09275251162103544,-2.2595738054999397,17.44385928897145,0,0,2.370992604463969,2.5652318795223428,0.4598454189985287,0.4598454189985287,0.9196908379970574
0.5108809545055719,1.462789058481835,-1.3831532498427659,-1.7682240534197993,0.6564227924438879,-0.17252607436409617,36.401616875623695,0,0,2.210478593384038,1.7773553792669954,0.3115185824248718,0.3115185824248718,0.6230371648497436
-0.6228915051450238,0.4096211963121857,-1.1281880374651378,0.4980787338181196,0.3496326653350709,0.1243376503400221,69.29362312553215,0,0,2.551477046928248,4.339759744496222,0.4195340792085681,0.4195340792085681,0.8390681584171362
-0.3463692120648563,0.5689740900939908,0.41173584570223065,0.17362819244090755,0.34752190199429633,0.8777200365486049,54.48535015633225,0,1,0.6092506297272435,1.6468807293264063,0.26028255272808176,0.26028255272808176,0.5205651054561635
0.5255527595262209,0.6321965628818315,0.004443131304555109,-1.8976162591270171,0.25427750178710984,0.740299887037226,69.08923631672805,0,1,0.7237420507288141,2.8957354433920983,0.24357975670857027,0.24357975670857027,0.48715951341714053
2.245856569973413,-0.12183338389557999,-0.6195442359313714,-0.3943940902352559,0.49561103837145204,-0.47404501971478225,81.42277578292476,1,0,1.838740990405337,4.146684817343849,0.7752019860459628,0.7752019860459628,1.5504039720919256
0.23216558091744285,-0.3014182774199558,1.0514124632409556,-0.14941619881673726,0.10626737387480772,0.4158522798208702,58.12153025848247,0,1,0.8535577775750058,2.9390829152198545,0.2812965352269073,0.2812965352269073,0.5625930704538146
-1.016097484185397,-1.201071057061954,0.6956903972608077,-0.255518467020738,0.2811291348839474,-0.14879840951928117,92.30332985961655,0,0,0.5066837332871414,-0.38675980192271686,-0.21102349940516907,-0.21102349940516907,-0.42204699881033814
-1.365920787952027,-0.27081745904606475,0.4640891921408652,-1.617598958774583,0.24917409022539005,-1.6495690937946181,59.10425238183822,0,0,0.4369877034278029,0.39310976686135923,-0.49552703713107643,-0.49552703713107643,-0.9910540742621529
-0.2009587204615183,0.5415974029121037,0.5506667105600924,0.8155327329554191,0.1371672891397411,-0.3244004355832563,93.69043059083023,0,0,0.9049581393936088,2.6938217571650482,0.27646062448599207,0.27646062448599207,0.5529212489719841
-0.18705475148725326,0.311793264110518,-0.9924287891003871,1.8437656788096137,0.14996503884323134,0.7988365078616105,41.252708204685945,0,1,1.2017886170190983,4.971039616076194,0.9618452160490093,0.9618452160490093,1.9236904320980186
-0.10365477173166958,-1.2891016043563326,-0.3849049111192037,0.04904444587678635,0.27910678482305473,0.8585181148479258,9.548834918869298,0,1,0.21586744208658704,0.03274515782967846,0.49749811626164575,0.49749811626164575,0.9949962325232915
-1.031342380997636,-0.32774976407182843,-0.20821374952961189,-1.3204678136573036,0.29304932914101484,-0.9688328926050295,62.30246277661025,0,0,0.7280752161405143,-0.39721682491460375,-0.2109848872349817,-0.2109848872349817,-0.4219697744699634
-0.7042365182960989,-0.8672349200369299,-1.5621765363074882,0.22474995511175305,0.4489704573926898,-0.33755293677354614,14.497249348636629,0,0,1.2476784108689343,2.2162195424767375,0.4191946950106098,0.4191946950106098,0.8383893900212196
2.3418612207432687,0.5654786308464892,0.16772945260920993,0.03604233185543377,0.45988887946402446,-0.6918024246973046,26.954531443720597,0,0,2.784664848843243,3.707618014406589,0.8549349508967014,0.8549349508967014,1.7098699017934027
2.840148622054742,-0.6472617117593648,1.0500989909549912,-1.2255528424384146,0.6553639441263214,-0.04181051983599774,51.83322367145046,1,0,1.323631040203282,2.067545028283842,0.3863329779359982,0.3863329779359982,0.7726659558719964
-0.22918092675244783,0.10851477940941207,-1.1485384661714912,0.751373254318997,0.4522515986959137,-0.41758317335119993,57.352290866319656,0,0,1.6991999076451703,3.1308556233057714,0.5552146051574429,0.5552146051574429,1.1104292103148858
1.2563162928495455,-1.6254057828385826,-0.7635461038649017,1.9338647995345086,0.6157312691881716,0.09735330373648751,27.349504023353013,1,0,0.8325903117994127,2.5077093235220143,0.9200688641592015,0.9200688641592015,1.840137728318403
0.2224464694949873,-0.4835106969053875,0.9669763120290578,2.497643094819611,0.392010776415213,-1.1368571028910008,41.33685472110619,0,0,0.9228610125241986,2.625069725621,0.5450433935400825,0.5450433935400825,1.090086787080165
-1.4287945864617004,0.44408149437599637,0.9228201018373537,0.14627508716438103,0.5236438151341068,-1.3675933147194548,57.679974567670975,0,0,-1.1794030900217924,-0.005145865305790087,-0.36242790655609103,-0.36242790655609103,-0.7248558131121821
-0.027496823509621307,1.104581128338951,0.30486361961394615,0.9504766785380646,0.3449135197655283,-1.263551345906954,49.90762418550332,0,0,2.423381512153283,3.8858782530085785,0.3535374504953628,0.3535374504953628,0.7070749009907256
0.6728962156237273,0.7696498823685386,2.724502460187124,-1.3808351649583404,0.4133265721719141,-0.06820892772353161,86.44802169994777,1,0,-0.3936757821233786,0.6244581696135425,-0.5587283078802843,-0.5587283078802843,-1.1174566157605685
-0.2635436036358549,-0.3488226923129647,-0.9662925934781134,0.11190353649870112,0.5048923621527286,-1.4672522590851955,21.952500037523468,0,0,0.9658592687809551,1.779291488004405,0.37776063120025705,0.37776063120025705,0.7555212624005141
-0.7610772039718277,-0.22188099712212792,0.45553725518691923,1.1288393936769985,0.3912934692468389,0.5611559877642164,17.555382631314526,1,1,0.2842691795085859,1.0208153963597852,0.15596084498938434,0.15596084498938434,0.3119216899787687
0.8218351091076869,-0.5957231201750564,-0.3611569172756482,1.0278307587201525,0.16971288511818228,-1.1565912210702596,88.32618180312726,0,0,1.2561304485939102,3.466170189334022,0.7938467964920586,0.7938467964920586,1.5876935929841172
-0.4059838709675137,0.7500578441690382,-0.45404674826960817,-0.09156314797384452,0.3964569527724912,1.335895729139412,67.74307606652759,0,1,1.4892538200389087,2.129367471548302,0.3745837654477201,0.3745837654477201,0.7491675308954402
-0.3255975168901456,0.01638509337881637,0.19197851529623067,-1.514232482063107,0.3462583642145922,-1.2427083317718681,52.444735023681076,0,0,-0.27032607420021365,0.8788673252824967,-0.1490664322772729,-0.1490664322772729,-0.2981328645545458
2.6172377814558208,0.06664776551968923,0.6199504889468652,-1.7785593679171146,0.3722825302782769,1.33741355144453,54.70047788101143,0,1,2.1533107236879796,3.1870195706670135,0.6869489777474524,0.6869489777474524,1.373897955494905
0.0574896068587995,1.1263513423604739,-0.42406686628948687,-0.5383754690581263,0.4520795251901202,-0.3918467053804264,28.688671937069948,0,0,0.7703358536479765,1.8847817482655693,0.24398513002805944,0.24398513002805944,0.4879702600561189
0.0786310102370865,0.5377880216802996,-0.9694826440659042,-0.038214214684378425,0.2815652828403229,-1.003176190818982,45.63304873454317,0,0,2.6090978675339307,2.2261151350731634,0.5008486380360175,0.5008486380360175,1.001697276072035
-0.3551396404148901,0.538658455781583,-1.0954803219763418,-0.9858942619898512,0.6085207192871358,-0.5183523584940413,27.211887395626807,0,0,2.402972863897155,1.0645485808367625,0.15806063173154017,0.15806063173154017,0.31612126346308034
-0.8926079701602296,1.6762375268515017,-1.7609811525271242,-0.7001316009010418,0.6430997874799939,-2.463435422132365,41.699643008596915,0,0,1.8043713259332532,1.6836533435873409,0.19711798475371697,0.19711798475371697,0.39423596950743395
1.0525757274951277,-1.2210724079652289,-1.0561929439410536,0.9856396368579373,0.09733318661712141,-0.6091710638708755,29.367529872521324,0,0,-0.14371241570635873,1.0907190905247555,1.0211388212119872,1.0211388212119872,2.0422776424239744
-0.30532132251096317,-0.5567370105422077,-0.4767812559147294,-0.08081348581277238,0.19948340001838863,1.2179122916781573,39.665279628600004,1,1,0.8855990170675943,1.9549445485317785,0.31697946254745846,0.31697946254745846,0.6339589250949169
-0.6284308885858496,-0.45875234821605015,2.3475308306792377,0.15017312327084498,0.48352720167371366,0.7100785846473867,53.719012486687504,0,1,0.7702057442160583,0.5970827292207862,-0.2814327977664094,-0.2814327977664094,-0.5628655955328188
0.5498228944736389,0.10797123686909092,0.09903197884390537,-0.09318592580162062,0.5148534001039912,0.3032161708560845,27.525962310482424,0,0,1.85200071243921,2.3054895440260337,0.33182509243771013,0.33182509243771013,0.6636501848754203
1.4993010808172842,0.2838473983668193,0.45727502300993794,2.3508382941016883,0.4276935165314965,0.11651196329010566,14.082344517421127,0,0,2.7812426430755997,5.349915040799189,0.9797082465373981,0.9797082465373981,1.9594164930747962
0.22451965403507645,0.15541110700038452,-0.03187098542230894,1.2918906380096655,0.3319060108493353,0.275051116929206,18.66982720183418,0,0,1.7576274832707584,2.1830705541244875,0.5627599921606288,0.5627599921606288,1.1255199843212575
0.9476057688009711,0.18131962077009145,-1.1199677940684687,0.9457079395192026,0.4442108163676433,0.30923022867843,34.675481093809324,0,0,2.3901045168971304,4.461302910128718,0.9153393631445572,0.9153393631445572,1.8306787262891144
0.582332847180425,0.3066463808407093,1.1099765255995835,-1.9139561561479939,0.4201599138311933,0.1475054020664247,89.0657292523204,0,0,0.40256668908769283,0.8252954116631535,-0.18649212584751465,-0.18649212584751465,-0.3729842516950293
0.9601845595544503,1.4044535770123752,-0.29565747380563906,1.363301032702679,0.2444403096297563,-0.4921706940782305,54.020735427671084,0,0,2.305855200121821,5.665454678725974,0.8606248324878273,0.8606248324878273,1.7212496649756546
-0.32312276313797494,0.07813626945642936,1.0013181363485775,-0.8178457673329884,0.17447382577370152,1.9021149514566955,26.16430214101735,1,1,0.4582635227128423,0.016855094266657433,-0.1398503199809463,-0.1398503199809463,-0.2797006399618926
0.5948871682157614,0.373224586747682,1.0773425579657065,0.6762143405298715,0.26545728445111455,-6.559667457315901e-05,8.182597458016962,1,0,2.4867817574929276,2.728818987164821,0.1875618773750672,0.1875618773750672,0.3751237547501344
-0.09845931198718234,0.23246137105033762,-0.3534775615333962,0.5650143559999409,0.21849781251329126,-0.21885017936325563,42.760886154767576,1,0,1.4557459909577906,1.0986443448300425,0.29945956525773554,0.29945956525773554,0.5989191305154711
-0.5974426710562992,1.1487067877341282,1.0114374544491216,1.3013216382551038,0.5846790140188722,-0.8309481772508707,57.35527535729604,0,0,0.9691646463222428,2.613450057922345,0.04411474364681883,0.04411474364681883,0.08822948729363767
-0.5482772812935541,-0.6866504873548409,-0.46936876134340544,0.28995627800223944,0.766613882330502,-0.6934294872753711,31.962740242642226,0,0,0.3185571014735463,0.7897571363225189,0.15794828701443664,0.15794828701443664,0.3158965740288733
-0.4219176943693168,-0.9749455957694957,-0.39020333827034953,3.076052710872915,0.4935688281115204,0.12527056074222273,9.319426746200929,0,0,1.5505252486074546,2.7941724747973575,0.742940749206428,0.742940749206428,1.485881498412856
-0.03979930782864855,0.7762702393324422,0.5835766411213044,1.238747803225567,0.519728083281977,-1.1437075051885646,82.24389219147025,0,0,1.1840788486805427,2.542455597161124,0.2987091973542191,0.2987091973542191,0.5974183947084382
-0.9248716912729174,0.6590678848835949,-1.0252161985137906,-0.6918792656632362,0.7451779991702969,-1.2229111962380352,45.79172578610334,0,0,0.5007529910412333,1.4330043330322741,0.0032025024963633353,0.0032025024963633353,0.0064050049927266706
-2.430973046552885,-1.3050845980718924,-1.5751521322871105,-1.9490588393253296,0.6349621418451219,1.5399620091342612,18.16996061600442,1,1,-1.0182196826769627,0.6200163157200025,-0.4773604890530321,-0.4773604890530321,-0.9547209781060642
2.0030314561427396,0.20836508954194025,0.37951047842807056,-0.5473917858642272,0.054179667780171276,0.7159708858154948,19.480525109289236,0,1,3.0942543342076276,6.38709490502017,0.8658228607429898,0.8658228607429898,1.7316457214859795
0.2103489817183911,1.128002665999145,1.507246816492667,1.492655249411556,0.38512228746617344,0.5713509332207976,77.30651178383216,1,1,2.284514899913992,2.7660039750356273,0.26355201115496124,0.26355201115496124,0.5271040223099225
-0.20974773756397563,0.03529513283485455,-0.48334423691997375,-0.9831933996339145,0.38308172520850037,0.9988961071652765,29.013387400727314,1,1,0.2815623428823444,0.10368714541666535,0.13869193962033638,0.13869193962033638,0.27738387924067276
-1.128202677702618,-2.3293964534609053,0.13526048186970394,1.832459037551295,0.4828203742771993,0.3171861998018469,29.418636652478096,0,0,0.48979121334932507,-0.4874761111755869,0.20831168116463739,0.20831168116463739,0.41662336232927477
0.17287562561760136,0.04014719741793527,2.4431227064712813,0.45329711635279785,0.7343122159356971,1.186217877185444,45.36097792930751,1,1,-0.06882523215555558,0.9260032760737316,-0.22372327113181714,-0.22372327113181714,-0.4474465422636343
0.18357972783572646,-0.23952955199959755,0.20741998984705837,-0.37323644128963585,0.5046272100602632,1.0020394680767661,32.908268395657245,0,1,0.09117515720938063,0.5610647827548099,0.31747683618105293,0.31747683618105293,0.6349536723621059
2.015137052993064,0.5453337175377587,-0.3222263819901192,-0.32840848004995415,0.2424453399948073,0.798917043327024,57.04161046330405,0,1,2.1838485293539613,6.1382973425950285,1.0178277708681387,1.0178277708681387,2.0356555417362774
0.23222527040898167,0.8449696969609202,-0.4346094032765336,-0.2735223338985266,0.29514114026841876,-0.08484254378723793,50.7449861112875,1,0,1.3010843094770628,2.935763311433727,0.240569250669197,0.240569250669197,0.481138501338394
-0.6621508587983534,1.117946509176533,-1.6420205582564178,-0.42649641398379085,0.35203261269738323,-0.2815107205392037,79.46925884690796,0,0,1.419051740266737,3.3424802418318027,0.35458510078841865,0.35458510078841865,0.7091702015768373
0.21685770849723024,0.13360147036884218,-0.17188477715670822,-2.1963054036223566,0.2272355952208386,1.0728252377286924,28.78335910328975,0,1,1.0180209522965153,1.151229464575091,0.14866329384867485,0.14866329384867485,0.2973265876973497
-0.8665775538853666,-0.9047224140580512,0.30349389644897634,-0.22992564369052063,0.07561353064565486,0.4935858466294555,50.06120330610299,1,1,0.3903655838945636,2.27707634374053,-0.008944235525928323,-0.008944235525928323,-0.017888471051856647
-0.41950381422329996,0.15776756425164187,-1.12244427180498,-0.3232373106661653,0.4693064735347342,-1.3029714771702026,72.29759059738586,0,0,2.083875743278509,1.9398081240644334,0.2986604022463257,0.2986604022463257,0.5973208044926513
-0.29011907866684705,0.43931375004060746,1.4729420391682833,0.11577121258799108,0.09699351854472431,-0.9115652738540462,47.25938439114559,0,0,0.7124371254740882,-0.33207345773526153,-0.06772021682863492,-0.06772021682863492,-0.13544043365726985
2.8097151773307623,-0.07185885877499308,1.3246374415119568,0.32997884982250897,0.3482646524925585,-0.2697066395237606,56.84607280542749,1,0,1.9023319070610645,2.727637079793802,0.6711126888898207,0.6711126888898207,1.3422253777796413
0.7180410635471484,-0.6109085999448162,-0.2344943560585051,-0.6629663615937802,0.09812162391361369,-0.21883387609874427,78.50828140903064,0,0,1.7198588027044717,1.8251331118754894,0.449757121299925,0.449757121299925,0.89951424259985
-0.8027179700248278,-0.38427334540148056,-0.959734202065238,-0.1955189595589745,0.6179878985901638,-0.020776390285642175,54.795124148555345,0,0,0.4320049370121806,0.9400419121218344,0.14286998446514587,0.14286998446514587,0.28573996893029174
-0.36654989435087604,-0.8474231624035864,0.9028833714063104,0.2426216543611228,0.2782092181451999,1.6344048076504964,45.06484672883141,0,1,1.2081426870267034,0.3732356700038053,0.17563337330252055,0.17563337330252055,0.3512667466050411
0.5420682912337041,-0.3242006891715257,0.180424146440076,0.6978649816758193,0.6733070120574978,-0.8641951436055857,21.182444730177473,0,0,0.4647870666383387,1.7926154175974345,0.41610782313646855,0.41610782313646855,0.8322156462729371
1.864572942937846,0.6922984137698228,0.6712205152453745,0.48602400210273705,0.48400716064672766,1.0782176152860583,97.32622307956052,1,1,2.128479027861986,3.687150367957627,0.7057345124918926,0.7057345124918926,1.4114690249837851
0.08826148155858363,-2.8355047292287976,0.10993011632121591,-0.8855926108686477,0.17249302444781114,0.2614200426589435,65.99852903218834,1,0,0.9853963191608518,0.7070210852894963,-0.00027640657809530067,-0.00027640657809530067,-0.0005528131561906013
0.7317081112609455,-0.4689935863491807,-0.5579114838010829,0.632796975820099,0.29020800200988045,-2.209837955235916,31.064205495812224,0,0,0.16330523156876053,2.198184942774815,0.7118723327545495,0.7118723327545495,1.423744665509099
0.14055316619845112,-0.9346007745220146,0.019771555531283805,-0.09132897931656876,0.4721222868351195,0.41592854855462763,9.164723988714698,1,1,1.1905277184669423,0.33517977393947207,0.2652565792012729,0.2652565792012729,0.5305131584025458
1.1985518003921938,-0.43603792435729927,-1.93490451083737,-0.19146978408193666,0.3975182409397049,-0.3250206144575848,41.16970047750912,0,0,1.681458875856254,3.9312497536302597,0.971404557533758,0.971404557533758,1.942809115067516
0.7543818778183135,1.5334664221635523,1.0529499730258673,0.9363687948609138,0.3591597537741826,-1.0674517120013143,46.339475627029614,0,0,1.9864634351945445,2.7537830321314796,0.40192597389259765,0.40192597389259765,0.8038519477851953
-0.4810117210823301,0.5940189471823342,0.4071429230875198,-1.6996394306556533,0.16073050578742457,0.367599370697833,28.116726616660117,1,1,0.3180064903537908,1.5414931592348609,-0.20876514388930623,-0.20876514388930623,-0.41753028777861245
1.4323367495123112,-0.9461342131036217,-0.11960098102962166,-2.3867437654394688,0.4392859977941471,0.47630799198584745,56.94870683960105,0,1,0.6577370394539945,2.024231939999523,0.3923239884402642,0.3923239884402642,0.7846479768805285
-0.610713164738139,1.738535172743928,0.1714425425726093,0.6743356870705709,0.3658253544285555,0.10901076276907139,20.55132900284406,1,0,2.491045789874911,2.118604309974746,0.024865293117196485,0.024865293117196485,0.04973058623439297
-0.10002936052457227,-0.31848189601085897,-1.6654793867602116,0.06021832280601411,0.12012123419264745,0.5605390272384813,19.382139475070584,0,1,0.4996417412353171,2.1428092093984845,0.8204074460392136,0.8204074460392136,1.6408148920784271
0.8440179605852612,0.6665147260749488,0.4442509862370943,-0.270305532136798,0.1435079568683119,-1.1023806754671177,21.183914969585896,0,0,0.2237406796066841,0.8065530259095757,0.39549290655869396,0.39549290655869396,0.7909858131173879
2.4941888290980803,1.522273567792417,0.42640271466868823,0.4586573728729502,0.38543139065374515,-0.015460871678375319,38.35349398948678,0,0,2.0706888826793097,4.03396376243004,0.9346190682805834,0.9346190682805834,1.8692381365611668
0.9658615431281418,-0.7499206918809262,0.0801906972481228,-0.12818635706979967,0.11275946493392203,-1.0354770588442002,97.18204503361535,0,0,1.891881085118194,1.4619921843917925,0.5426634628245874,0.5426634628245874,1.0853269256491749
-0.8564932324871847,1.1379582535730604,-0.49883807843666605,-0.3988096912215007,0.2589661064711563,-0.12023089987431906,26.41926014631423,0,0,0.449526461037163,0.1478698051520524,0.07598866218670718,0.07598866218670718,0.15197732437341435
-0.6046626293256104,0.006895975927775508,2.3273012887576656,-1.0367261282119016,0.22952480639837017,-0.8635174984570961,50.48209587968423,0,0,0.4815255279772016,-0.9772262060403154,-0.5830084763516085,-0.5830084763516085,-1.166016952703217
-0.8844135794738665,-0.049310654318761575,0.8292688530386403,-1.08554352853724,0.10953148420082394,1.4081548369757309,102.33004089960022,0,1,1.9060932893904814,0.43510795731008334,-0.15176034126608437,-0.15176034126608437,-0.30352068253216874
1.0154980902088475,1.087529407421874,0.7980151255375264,0.15136024806836368,0.548951149893106,-0.18458780465455615,3.4488404890924125,0,0,1.1374648159530938,2.1177338624484863,0.3442727063181815,0.3442727063181815,0.688545412636363
0.05332219096096884,-1.1181347272825317,-0.06945141872621935,-0.7348997754060944,0.22541007121506124,0.27476408462796986,28.827478278779182,0,0,-0.6205585238669561,1.3391404123942652,0.18382914892412786,0.18382914892412786,0.3676582978482557
0.324508160654863,-0.04622932702975615,0.5247267916299598,1.3033246446842432,0.3928082206053982,0.059074701294178224,8.86694614464473,0,0,-0.3274823039570469,2.9128345528153607,0.4557468539226387,0.4557468539226387,0.9114937078452774
0.9819998102798538,1.0257054142530788,-1.1577560490008245,0.10195353981821081,0.4033443219117684,0.5353571855060021,78.0933566791105,1,1,2.1680468172402727,3.3802989908470096,0.8112152775669941,0.8112152775669941,1.6224305551339882
0.8290228691082623,0.4544874903191154,0.09331284253152314,0.49531557345894484,0.4996460909541294,-1.965979963785096,18.075545395269888,0,0,1.404188517102393,3.796936893798473,0.5208393193869975,0.5208393193869975,1.041678638773995
-0.837192472837012,-0.6160201288224092,0.6990437669469961,-0.4837160610723899,0.4533439405050869,-1.405535407652391,38.4943837931588,0,0,0.03157630443862325,-0.5770169568249367,-0.24407495783695357,-0.24407495783695357,-0.48814991567390714
1.1179651031898448,-0.9002949277929431,-1.4837219277283562,0.2567338920751811,0.2236917511927511,-1.6420117494872846,68.05914190529958,0,0,1.134068771628654,2.771426042691574,0.9719751332806673,0.9719751332806673,1.9439502665613346
-0.5969197138334988,0.1974171210704518,-0.8852890876250195,0.38890122592565196,0.3824844653167168,-0.8914842294236346,18.271566632689602,0,0,2.0314917062435613,2.355079291065952,0.34583202839472993,0.34583202839472993,0.6916640567894599
0.2887050186407074,-1.637510915081697,-0.732799686488578,0.25108792452685585,0.21789209150191277,1.8180433149067934,44.793269709294506,0,1,1.3237741171180293,1.204922131477864,0.7349550607012604,0.7349550607012604,1.4699101214025208
-1.1309919339213974,2.544668220094556,0.11071367937818093,0.283937894728998,0.5070933058968933,-0.8363953907081764,38.895701368655544,0,0,0.6833453407297859,2.1337085605165464,-0.07162832332522584,-0.07162832332522584,-0.14325664665045168
-1.2069093387668473,0.2663249506601599,-1.608895719409481,2.6491657890828226,0.1695174992262802,-1.150782949972898,58.72777757579585,0,0,1.7919309028912218,2.300083497347048,0.7921880856359693,0.7921880856359693,1.5843761712719386
0.05412717540023827,0.5948509759483981,-0.5380339119278911,2.402785415839555,0.5443395543637916,-3.1547738536804655,73.50939325638991,0,0,0.025654703969084647,2.427342029856235,0.7753829515400127,0.7753829515400127,1.5507659030800254
-0.6911906291977071,0.05870867184684118,0.059285509649546285,0.8727175188254626,0.2909071260829824,-1.2211304425435157,31.945998186223925,0,0,1.0682229302814719,1.87400800175192,0.22069525483040925,0.22069525483040925,0.4413905096608185
-1.4805269040592226,-0.561588945675009,1.0407202377553402,0.35991398031274996,0.17409199692618033,0.6053607986985027,23.986550963811876,1,1,1.0890062332587387,-1.2108352112487453,-0.26050354824874544,-0.26050354824874544,-0.5210070964974909
0.060558271387286505,-0.3261560972274879,-1.9850548237639287,-0.9298960436316805,0.5929255253953903,-0.43622787864524915,87.75686052011848,1,0,1.825251972666156,3.2944913502236917,0.3439849632679084,0.3439849632679084,0.6879699265358168
-0.6756668403431766,-1.255967602028692,0.8849884382844079,-1.2818338787569572,0.7560404557368376,-1.151289616414691,36.002728215308,1,0,0.27412172146068026,0.31927939147963236,-0.5960639792717525,-0.5960639792717525,-1.192127958543505
-0.1945897423868287,-2.352555214352686,-0.08045349514391835,0.6803706661092712,0.4685288412663079,1.5391254835796535,32.7592168456481,0,1,1.911457081693694,1.3689271169694535,0.4732344390591049,0.4732344390591049,0.9464688781182098
2.107014173982274,0.20942276312293642,1.3531152351533116,-0.9913626536444569,0.6937457558690195,-2.079651410506899,59.994889974698275,0,0,0.9639141264030192,1.7483827940632086,0.2873343579167412,0.2873343579167412,0.5746687158334824
0.08207080081197603,0.38197178208235494,0.5273096032125406,-2.0358428755498164,0.29238307199654395,0.12851190324965187,83.20425391985643,0,0,0.48526623263072033,1.315144050292706,-0.18965194335754312,-0.18965194335754312,-0.37930388671508625
-0.9402240272517106,-1.9537898957689934,-2.7760320814216493,0.6778194755944549,0.16276378234388114,0.8604073434233259,67.20428053654267,0,1,0.7420645536843418,3.7562675092175497,0.9304085281267543,0.9304085281267543,1.8608170562535087
-2.0153261430484153,-0.26431501868806884,-1.1105101363693535,-1.6160384011151887,0.4816704225719282,0.6596968372431555,89.49487419872264,0,1,0.00803469329940426,0.8309138513808587,-0.22646690367029523,-0.22646690367029523,-0.45293380734059047
0.5881281807356781,0.6373549319244691,-0.13320441763480542,0.703556786021816,0.32943174800308944,0.6911224940304996,82.10828599587137,0,1,0.88739427259292,3.179347234207265,0.7415574644488326,0.7415574644488326,1.4831149288976653
-2.120698705971424,-0.6408706794416411,-0.5948043820554566,-0.3152267870776834,0.360717086178433,1.2185158846595607,27.774879300227337,0,1,0.6713562470009462,-0.8003798126175375,-0.10625159597660519,-0.10625159597660519,-0.21250319195321038
0.9283905085485025,-0.09955853734727702,-1.2089501450184306,-1.466169629307262,0.39169642361133733,0.6389862014841243,36.67504524832468,0,1,1.962334845637192,1.6856884434932173,0.6680006993556074,0.6680006993556074,1.3360013987112147
-0.866551052438872,-2.151402105210375,0.14312805552845922,1.422690330003039,0.6259887220232001,1.7413526081302078,22.43863333903528,0,1,0.9854619366421477,-0.009867699396589269,0.3317244992158338,0.3317244992158338,0.6634489984316676
1.1391673583898485,-1.5881145363609555,1.6365692489059496,0.2691434476141201,0.7285536835170933,0.044961214821334826,23.170089898945626,0,0,-0.04409849117593134,2.0842654372878626,0.17251456211628796,0.17251456211628796,0.3450291242325759
0.16470716167566468,0.2729621122472892,0.2707690631135347,-0.4837413726903781,0.3475286504726344,-0.24071132326922212,13.196748385053683,0,0,0.9634701889299262,2.875512224899449,0.1560684881865082,0.1560684881865082,0.3121369763730164
-0.07185154273057595,1.0502281985734732,0.19727606586973256,-0.24789633908456526,0.36316754747665797,-0.3604269384436361,26.74615449373062,1,0,1.142099348944572,0.7417377234631889,0.004699281114477927,0.004699281114477927,0.009398562228955853
1.687620068873534,0.7460386197721854,-1.192929682615886,1.1416982094270538,0.38368490242631353,1.4502090689800926,19.768319239949587,0,1,3.5,6.897965215123587,1.348399450574639,1.348399450574639,2.696798901149278
0.35256341118845674,0.5042157913898363,-0.3916394103422493,-1.3182874821711061,0.08896746416526467,0.4521913434533858,50.413890875581345,0,1,0.7107143152737136,2.354524815216196,0.42623448721760016,0.42623448721760016,0.8524689744352003
1.6646121993285106,-1.508978272072842,-1.4931655701438815,0.10013728171451433,0.23523466570550805,0.1672958035482243,83.77233125902077,1,0,2.3830853626263666,5.117551039073249,0.9561562321829274,0.9561562321829274,1.912312464365855
-0.5033312747344031,0.028352260432294177,-0.7608407592995126,-0.7538941710634206,0.29553801243899214,1.2361728472583953,83.35775693381042,0,1,0.9193058302564594,0.8411117124409084,0.3198221363434861,0.3198221363434861,0.6396442726869722
1.2258019688568353,-1.0103598129118654,-2.6785861769986323,-0.07331371667507991,0.1545008969366109,0.6537817352241666,25.15065800921252,0,1,3.5,7.849761429323195,1.382236825953312,1.382236825953312,2.764473651906624
-0.9979980406088999,-0.27420361797178316,0.5279385242307738,0.3404877909447565,0.6078999656540174,0.6460125362022764,42.663794664553784,0,1,-0.04660492571931607,-0.5364201904199365,0.01980588391182983,0.01980588391182983,0.03961176782365966
-1.0141854533817156,0.9739818489337028,1.6792421578451426,-1.7922278817026298,0.21460967851655469,-1.7404488811567411,69.03825585896101,0,0,-0.313348291967653,-0.2567808266712126,-0.6875125432232583,-0.6875125432232583,-1.3750250864465166
-0.1802406261556151,1.825871987816913,2.0507612357373852,-0.7819820686771024,0.3643613505886488,1.8161744738938115,64.9411739575014,0,1,2.2787089104330978,1.093803172133315,-0.2298383436889511,-0.2298383436889511,-0.4596766873779022
0.4971479501769105,-0.590128478171933,0.4016802416927676,-0.483357154303178,0.08805308149181114,-0.432660443372014,37.42043740281213,1,0,1.9894448383357752,2.0319190010053476,0.14269474554451939,0.14269474554451939,0.28538949108903877
0.1909202801812819,2.208314439749963,-0.0044561345884254295,1.3499962146755167,0.4944051752322079,-0.6458128030499384,82.25134534969692,0,0,2.757060132400469,3.857148053102642,0.5187801046460756,0.5187801046460756,1.0375602092921512
0.21060535175116707,-0.6997749285788755,0.09734521936402996,-0.1726073832287249,0.5623121459579146,-0.5026019888940697,9.263158944605566,1,0,0.7129828854047047,0.35281417882921157,0.07152930621917025,0.07152930621917025,0.1430586124383405
-1.433243241436471,-1.4803870266495918,-0.8140972599574062,-1.1313118745791986,0.30690130366570995,0.0946428501584401,25.17748807727486,1,0,0.5139614731504238,-0.6765457565037586,-0.29949916071560867,-0.29949916071560867,-0.5989983214312173
0.3682457442710812,-0.9535239390236493,0.2285374815600931,1.0032004092189657,0.10996887883787713,-0.026537867909362044,123.01319734411626,0,0,1.4045930875121149,1.5711121148595006,0.5470141051910056,0.5470141051910056,1.0940282103820111
0.7123712916764433,0.02903310910809287,0.0574464493098842,0.24811568929573674,0.23898043122221138,0.5647333444698212,19.930455439498527,0,1,1.5277624437594195,2.559005532561585,0.6741312634011315,0.6741312634011315,1.348262526802263
0.5770349058095026,1.050040260481503,0.24872095434651983,0.39553974857029245,0.8860861856495837,-0.5222484532029796,82.66954556959529,1,0,0.27537965875125203,2.3196384166766966,0.16538763385717897,0.16538763385717897,0.33077526771435795
-0.2581344995894065,1.2670800550680204,0.7081259232957736,-0.627386110100074,0.28254137674702945,0.16734926239211423,78.90847251844224,0,0,1.2041350852684256,2.2244611717508276,-0.06880479324740438,-0.06880479324740438,-0.13760958649480876
0.0645447962207157,-0.21159439851449807,-0.17276824013983058,-0.9044986515768049,0.5540555110576799,1.8727982547121276,23.247604086212835,0,1,1.0229612443788463,2.004635576570699,0.26029847583489507,0.26029847583489507,0.5205969516697901
1.8849828424106834,-0.788517867915692,-0.0019399446956582533,-0.009525503010337007,0.391345535611389,-1.3230229404144287,15.986342449460606,1,0,1.16352653688397,2.7545999940157633,0.6325844646194423,0.6325844646194423,1.2651689292388846
-0.610801996593176,0.16534231875293715,-0.321492904799721,1.2091640148530305,0.45748690829261607,-0.294732841734424,67.77218411758307,0,0,1.092346732528188,1.1433269742299959,0.347556544693167,0.347556544693167,0.695113089386334
-1.5344845553768363,-0.5393200453739518,0.24136634158694076,-0.12209923630648466,0.07364727475465423,-1.694619273831665,41.57406855557384,0,0,0.05554473997834927,0.43341816991211063,-0.18240947913092537,-0.18240947913092537,-0.36481895826185073
-0.7537222580745989,-0.8640493117120195,0.4452081001530689,-1.0698009650460774,0.5318994388642643,-1.8362814634276456,72.25827632751462,0,0,-0.02481358636589559,1.1460856866102493,-0.2892080533302802,-0.2892080533302802,-0.5784161066605604
-0.2813214794643365,1.2326968048976072,0.18348673926423922,0.7738989378593674,0.170443536553067,0.26810557033423943,50.227563872409235,0,0,1.3514726243207926,3.287550847126137,0.31925826315380323,0.31925826315380323,0.6385165263076065
0.1361164191791918,-0.06460888792742016,-0.04215786858951876,-0.031519143187546915,0.22679782607261287,0.29284482170808035,31.514113363562764,0,0,2.228296441196468,2.0279850133979993,0.3272824044286823,0.3272824044286823,0.6545648088573646
0.19724445406689015,-0.007446992136009772,0.7714834471089896,-0.26139941960452207,0.3446751536998709,2.2209796658087693,62.64850276930102,0,1,2.967784834008129,2.250035084591091,0.2557281563579686,0.2557281563579686,0.5114563127159372
-0.11019109265594694,1.4038597831538489,1.1598882003650997,-0.5108597712146629,0.56018846617651,0.9499782811968491,30.549713013934113,0,1,1.7949346381336793,0.543109304948043,-0.0124289007249887,-0.0124289007249887,-0.0248578014499774
-0.48978835554840056,0.5896067358133079,0.1692823833297187,-0.5969264780257438,0.40193039815548154,-1.2885951907135893,13.801727699440749,0,0,1.9258116876809095,0.4726040168380057,-0.038292925488039704,-0.038292925488039704,-0.07658585097607941
-0.5925681849795505,2.5397592861971083,-0.8335481935628799,0.2069661231052544,0.591920870627539,-0.15118804756769935,23.591465219376897,0,0,1.4912370620508653,1.4511693538888595,0.25265440399789585,0.25265440399789585,0.5053088079957917
0.7872663454762182,1.6030246865107063,0.526618601997169,1.7409100253634977,0.4635680798409753,0.5935097424149897,21.89683618583493,0,1,2.0924011451215105,3.9910329560538,0.8066859496975595,0.8066859496975595,1.613371899395119
-1.0587618533628387,-0.9596135486774754,-2.097150747003717,-0.583146934122716,0.28225262963018577,-0.3144742466957425,40.17449615594187,0,0,1.0739511589613004,0.8889934081058914,0.33221276614588946,0.33221276614588946,0.6644255322917789
1.1896166230185525,0.6338939167410111,-0.3826202998412592,-1.1501838432396798,0.3440178175845366,-1.9489447278219754,32.455565264722296,1,0,0.46142660862874096,3.2123136364921088,0.3276717524068406,0.3276717524068406,0.6553435048136812
2.188518044538707,0.8210060440436493,0.7003565793353368,0.9470649435193996,0.5001300688278675,1.4165480699249637,22.613742428361704,0,1,3.125268555089081,5.290647511610857,1.0091470783318677,1.0091470783318677,2.0182941566637354
0.9914346809880189,0.17755664602267146,0.5536634026598517,-1.7703693022837172,0.18027356506663553,-0.015538910816894944,39.414358602170374,0,0,0.9084354053825779,1.5324272799372554,0.1338636320644164,0.1338636320644164,0.2677272641288328
1.1309136364056018,0.6713099840253265,0.5691630951522335,-0.2498790646795411,0.5090101311508575,-0.6726742178413121,61.68874738292418,0,0,2.619781658522979,2.958303068193038,0.36429927414155405,0.36429927414155405,0.7285985482831081
1.4487292232809164,1.2134611619325373,-0.07660895324117753,-1.116685390851895,0.3134767864114291,0.9889355254956749,113.3449585123926,0,1,2.3655785323475973,3.9370790279432994,0.6462603531396316,0.6462603531396316,1.2925207062792632
0.7995469386235893,0.35977570715577245,0.9856306942054855,-1.248088954393363,0.2840727586669407,-0.4749643102486385,23.699074615662784,0,0,0.4358948348263066,1.859589240516228,0.05420091621852714,0.05420091621852714,0.10840183243705429
-0.8640543733924321,0.4327360555307942,0.7696570739230112,1.503427811217213,0.670407740499978,0.39633629125653913,25.257788233812008,1,1,0.6468069603473667,-0.2039588644104109,0.05845936748616018,0.05845936748616018,0.11691873497232036
-0.47471313390752995,-0.9428404047909662,0.8358809646651411,0.3574271313357914,0.5394829146752035,0.06873760138513307,51.03146667996816,0,0,1.9315924463819765,1.258671588758851,-0.041952505602045775,-0.041952505602045775,-0.08390501120409155
-0.772629535739072,0.6609413544961047,-0.8110078241061355,-0.028964838991280332,0.45084113529618114,0.7068429985315956,23.951440711303327,0,1,0.3828349891522471,2.0283955476385436,0.34866990780689566,0.34866990780689566,0.6973398156137913
1.3993071189332438,-1.0206364986542449,-0.372649528443363,-0.7826768924653656,0.8360443400365697,0.03299796344285196,114.51589810568213,0,0,1.3814942847248162,2.469117521907916,0.47225640730630575,0.47225640730630575,0.9445128146126115
-0.4787155092546187,0.8966219564366626,1.124144895399312,0.6432610249707633,0.8266634281282993,1.1087965906442168,84.04714980458941,0,1,0.8046075578313945,1.6411278215051945,0.036035542164803674,0.036035542164803674,0.07207108432960735
0.30701007782611156,-0.4676704193176914,0.1417844264249113,0.1073296745994969,0.6687279496196559,-0.8692003508068354,70.99553307520564,0,0,0.2458296894892582,1.838311227651616,0.2535948814970228,0.2535948814970228,0.5071897629940456
1.3735519704490338,-0.3527557344112176,0.7637697344913562,-0.037966491455179975,0.6537596787639478,1.0131351089259748,34.46223479812181,1,1,1.7014144565067515,2.2354167566057237,0.4128289187723513,0.4128289187723513,0.8256578375447026
-0.11154130837283192,-0.20700328613052638,-0.7560293542468227,-2.042865974601355,0.2626170255474374,0.7051941308728442,38.27799727927393,1,1,0.9084427266886235,0.41991816008723176,0.0643509300302792,0.0643509300302792,0.1287018600605584
-1.1807958781042738,-0.4698090696716669,0.9287697949195126,1.5835556175835717,0.33163696576533636,-0.4339245866211062,37.94200721056241,0,0,-0.3285132272773671,1.2306781456740774,0.010494938629872705,0.010494938629872705,0.02098987725974541
1.3544432256958592,2.5459791766422946,1.5664883587190972,-1.4436104099001499,0.11241278144375277,-1.7859327938622747,9.681665448503868,1,0,1.594027611355387,1.0807463317944437,-0.05221227705188837,-0.05221227705188837,-0.10442455410377674
-1.9233578641442761,-1.3964445436285635,-0.5512115138411998,-1.1672181938560537,0.27184844112013884,-1.3983389703805662,64.17073895254093,0,0,-1.5,0.5024504761078835,-0.35261656967825633,-0.35261656967825633,-0.7052331393565127
0.7798587654334914,-0.5723446746860461,-0.8756081540009202,-1.3086740318572054,0.13731193111426568,-0.3432939721389066,56.79737426711996,1,0,1.0671369555486023,0.6777719979641961,0.3424780589998592,0.3424780589998592,0.6849561179997185
1.0528713393133706,-1.724914222184604,0.1843786016428528,0.6445186082181351,0.18857236414190176,1.0783856677556634,22.153698520118557,0,1,1.0450797073252336,2.2175226458184887,0.8249966647315242,0.8249966647315242,1.6499933294630484
-0.14523077321200853,0.15172801301840963,1.4031385189686154,-0.07990780446089689,0.6372999800676071,-0.18563962060166944,23.275472391854514,0,0,-0.4108507415766426,0.846911238378926,-0.17669049069164494,-0.17669049069164494,-0.3533809813832899
-0.5177059225198153,-0.21171912050913896,-2.085975972015555,0.9310719313375876,0.406023894504638,1.1377350903323427,24.70173287869579,0,1,1.8198929764922207,4.229415900648558,0.8841042684975265,0.8841042684975265,1.768208536995053
0.0157563506213723,-0.16934509319452998,-1.7734669231692468,-1.865808143662258,0.19681314341663822,0.46418823914441326,93.77368831348619,0,1,1.8715979760531678,1.9927626896973207,0.511493880992019,0.511493880992019,1.022987761984038
-1.5619448401424987,-0.5716643911122102,0.8426549069211489,-0.6393587906268878,0.5172023690311575,-1.6856612576565564,23.477120106393397,0,0,-1.0256713305120004,0.5330705678172462,-0.52194178564287,-0.52194178564287,-1.04388357128574
-0.6347789686015249,0.14101090735498956,0.7765498302923184,0.2613188111398473,0.1500186018181528,0.04963873634568469,8.524153332641472,1,0,0.1118244854665924,1.1030938419722103,-0.1375461523039212,-0.1375461523039212,-0.2750923046078424
0.042030600658831636,1.9758236805913068,0.33840028012273665,0.6929394556053207,0.5068107896362746,1.902149570079945,46.726947508413154,1,1,2.8105441021981403,2.65308295776038,0.3004150190537226,0.3004150190537226,0.6008300381074452
-1.4539846294024985,-2.1201338925657156,-0.12482501587556719,-0.752310504754129,0.6337980348906109,0.5479932542749473,93.31544987301929,1,1,0.4659990039476716,-0.8268457826925415,-0.3071816119695646,-0.3071816119695646,-0.6143632239391292
-1.4001984618786192,-1.5358313910775698,1.211736453809363,-1.2492957407649898,0.1962642945583347,-1.870989558994364,25.917638455738746,0,0,-1.5,-0.9560610729170815,-0.5906142531957718,-0.5906142531957718,-1.1812285063915435
-0.013122697058727251,-0.03530358184031998,-0.9863607989075532,-0.11941717960393863,0.1620913949811651,-0.622492474138426,21.30284509991922,1,0,1.2880170099029953,2.6096623713050726,0.35292799345902953,0.35292799345902953,0.7058559869180591
0.32650494283672543,-0.799950101224629,-0.9929131291796564,1.208461981336338,0.574956828192828,-1.3550261083768906,24.260152897501758,0,0,2.098839631979615,3.73702698563066,0.7293957902880697,0.7293957902880697,1.4587915805761393
0.5104421973058539,0.33046139960395066,0.6754355589429429,-1.4785877967860876,0.08032849206305562,-0.49974028816247484,40.18709050209923,0,0,1.066479206828564,1.410214568537329,0.04890335076156262,0.04890335076156262,0.09780670152312523
-1.2395066425045072,-0.49268749874060497,0.1322185680627919,0.2527904595295828,0.6286453686753244,0.2392125211798894,32.633516543730515,0,0,1.1731814990932223,0.02894280636017388,-0.14152255064182917,-0.14152255064182917,-0.28304510128365834
2.9277051013305053,-0.24255158022675688,-1.9441544913681463,-0.6544804571516527,0.236452329183411,0.48597554545658056,38.903600358489385,0,1,2.3132788610608044,7.131304252038246,1.5729163751822175,1.5729163751822175,3.145832750364435
1.2063228679791984,-1.3913573442606735,-0.2814216205859268,0.11848486194785009,0.808758293600698,-0.8438608516681656,31.413374623305668,0,0,2.3771355602804483,2.787527456132937,0.566908444249525,0.566908444249525,1.13381688849905
-1.6070903063277846,1.6591168107466847,-0.4284521626941269,-1.828393612942401,0.5083945697690418,0.11170947674121284,58.43011033614409,0,0,0.4756863374880431,1.6094270445538863,-0.46685135705327396,-0.46685135705327396,-0.9337027141065479
-0.2478606298041919,-0.15837443582114874,0.6942305440341506,-0.154191976769669,0.47976041725904917,-0.9007850987846043,21.526868306244072,1,0,1.0529631598120748,0.15385379731689314,-0.16502875199339906,-0.16502875199339906,-0.3300575039867981
1.1486394260434518,0.37464379427355443,-0.45737185896661037,-1.5535694787937129,0.39291681541608664,0.6457220422279112,12.176702291996344,0,1,3.116599437566291,4.729383577759829,0.5482983063820918,0.5482983063820918,1.0965966127641835
-0.7388552276106299,0.7619904316979571,-1.0129532515510447,-0.6816488077348665,0.3946751602286143,-0.5627864997533363,33.206229195019176,0,0,0.8874703914521626,0.5903855819761473,0.13855142776311005,0.13855142776311005,0.2771028555262201
-0.9776474007097913,0.7542112768206449,0.38793798055687134,-0.7336904419834753,0.3764951491584289,0.05905928294908321,29.062841034210184,0,0,0.6726162435276533,0.6235228876112502,-0.24151074327630173,-0.24151074327630173,-0.48302148655260346
1.1525255031188741,0.37564763344860336,-0.05977070828737327,-0.9334219087443302,0.5580298496884736,0.5445244034582951,50.998102902052274,0,1,1.546664269014956,2.5138004556577016,0.5339135891972938,0.5339135891972938,1.0678271783945876
1.323679170362125,-1.204276369753795,-1.4106812597208067,-0.650753542664713,0.5426891817939068,-0.15624862145649435,11.823872094578318,1,0,1.938397966233616,2.226860060349715,0.6335990035297866,0.6335990035297866,1.2671980070595732
1.4735462030181785,0.30628230822173075,-0.3106793971832182,-0.46205341692971547,0.4841920365511702,-1.4389152168885935,56.06565736002785,0,0,1.8718948521573102,3.731099593212517,0.6215667004057684,0.6215667004057684,1.243133400811537
-0.1524067698359869,0.5724659859458073,1.4037997382855416,0.6586414714787762,0.43199673833245167,0.42920014978163246,19.03368317349018,0,1,1.51693512767769,1.1258206447082302,0.16336640968949587,0.16336640968949587,0.32673281937899173
0.013320722179817222,-0.8046171980301425,-2.3378203697503905,-0.9532928075045887,0.66707863040394,-1.1941989157978505,60.82195751532525,0,0,1.0728241622971553,2.0546286198098493,0.5263587069076632,0.5263587069076632,1.0527174138153264
2.3294814539373263,-1.8477950563899415,0.6582655023910494,0.30219245034949677,0.5774323451831498,0.6568478914923005,33.962068279527074,0,1,2.487909255257383,3.3095846065172507,0.9232472747953743,0.9232472747953743,1.8464945495907485
0.021945705746072817,1.1896768975964616,1.3691097271965644,0.43146130505300007,0.33367016384372145,0.5511373253438262,77.46080177057803,0,1,1.3322493042494494,3.2265777403247773,0.20252285321270314,0.20252285321270314,0.40504570642540627
0.2315121312511224,-0.3354413331049934,1.384411229797294,-1.7235373283832274,0.32111833359888065,-0.563173091055072,85.27397872050643,0,0,-0.8499416011553775,1.0250329453735856,-0.2870521929778026,-0.2870521929778026,-0.5741043859556052
-0.4458039731135902,-0.611570543529942,-0.7290563919810563,-0.3875595149107919,0.4840333544574187,0.19650318021687666,26.713773439131955,1,0,1.5473591393329642,1.0916620655322093,0.049638576010304136,0.049638576010304136,0.09927715202060827
0.45892362282919597,0.07971263475360414,0.9693281202568029,-0.36274427287852795,0.5776349175616077,0.006302401225527862,31.321953919331065,0,0,0.21708115994499444,3.031568648843168,0.05132007860275739,0.05132007860275739,0.10264015720551478
0.03025703632336677,-0.17229657169583365,1.7836766149202208,-1.1586184996991773,0.49961829131293495,0.0176845952718132,70.18858057913232,1,0,-0.2575214002228514,-0.11204316671183001,-0.5123966049728621,-0.5123966049728621,-1.0247932099457242
-0.9473400242572916,-0.11961504994235242,-0.7785409448150672,1.5233608453477325,0.32534087696221414,-0.22134291827526,88.72312235638842,0,0,1.3514715218214008,2.5942780191929633,0.44214694275893357,0.44214694275893357,0.8842938855178671
-0.10980371176434357,1.464301226876893,0.11355886300730772,0.3839352817780064,0.4786599212131785,-2.016763275240354,17.262899121404306,0,0,1.9899345324150066,2.984264630234395,0.23850198047325444,0.23850198047325444,0.4770039609465089
0.10243535751609564,-1.2727992270769608,-1.136798671630915,0.015229065862616839,0.41243160959954467,0.5723682314171494,34.091992087850386,0,1,1.460596002542661,2.7396430408198884,0.6825352534146885,0.6825352534146885,1.365070506829377
-0.2331987574525954,0.4365150375889732,-0.09545377187338415,-0.07721873781041536,0.6331223583360357,0.5439626523548801,9.574886295493727,0,1,1.3827682419957326,1.3720799727983963,0.2898554389188944,0.2898554389188944,0.5797108778377889
0.628049419154405,-0.8421013559568947,0.7486082082926948,1.9064264317912518,0.5620691524630237,0.6301488766803551,32.29243269385728,0,1,1.042617811490578,3.2668946361307207,0.7194201926701403,0.7194201926701403,1.4388403853402807
-1.1477380172501324,1.3771157277291874,0.2132383230736013,0.8847002155009244,0.6083970724624705,-0.9018853249701709,47.296795279343144,0,0,0.16777878821617132,1.30187621560958,-0.015048334507055866,-0.015048334507055866,-0.030096669014111732
0.10801931246371436,-0.19603917654304617,-0.40840130717928474,1.3790272999032036,0.44538115073290485,1.3891865460237305,11.222574652608204,1,1,0.3517997909360402,1.5611000058669677,0.6214271328759622,0.6214271328759622,1.2428542657519244
1.7947941433385706,0.8179170453963083,1.322586630116197,0.33385132809383555,0.42147677419311047,-0.8035558295792697,64.84015813206126,0,0,1.6568534023182524,2.6945688377537644,0.5105121147597804,0.5105121147597804,1.0210242295195608
0.10748682156415738,0.7466112072589337,1.9882326863825917,-0.4783510532105359,0.4165630650725924,0.41720137416672937,10.580756164280361,0,1,0.9494746328159611,0.24338736016591633,-0.09339320616152466,-0.09339320616152466,-0.18678641232304932
-0.996826856740716,0.030475409091713992,-1.197247910299844,0.974572808202328,0.5755907204801946,1.3281033536957272,58.95282244322884,0,1,1.5724714773191384,2.582452813450095,0.5215643529397376,0.5215643529397376,1.0431287058794751
-0.801142645959967,0.26689648613808153,-0.20623928051415877,-0.5727987251479579,0.25798714911001724,1.1011584762418511,66.20254343995047,0,1,1.6679855364926,1.1646260783465607,0.1560320145312876,0.1560320145312876,0.3120640290625752
-0.32543240267011375,0.2427248751559631,-0.769670165102981,-0.7630132831505835,0.43976005121107836,0.9133765912238021,62.289855297743756,0,1,1.2466732452215679,2.027234910402644,0.3353215603172601,0.3353215603172601,0.6706431206345203
-0.5728866791403251,-0.13615671937918197,-2.01949865935451,0.257117245662171,0.1840614050655723,-1.1533617680676658,33.1494792142416,0,0,1.4775737914717377,1.718510654532015,0.6259878019021545,0.6259878019021545,1.251975603804309
-0.44509629030630227,-1.677256851162991,-0.2324563676798464,0.027577018762774973,0.14248564907304637,1.4462723961015744,25.612914347291664,1,1,1.7107929262394155,0.07994130988067605,0.25728074720356997,0.25728074720356997,0.5145614944071399
-1.3563018213970606,-1.0029706991956389,-0.26430900682353003,0.0966060750854241,0.4573012090709781,0.6701790508487621,27.090108273811854,1,1,0.06278157051654348,0.5085943316131649,-0.053979725151658775,-0.053979725151658775,-0.10795945030331755
0.6564701833277545,0.8505756915857553,-1.1528960063675617,0.926714390446477,0.3625089123971941,-0.5993331124624942,77.59426264540663,0,0,2.563127167927524,5.07982236482219,0.8572552240376742,0.8572552240376742,1.7145104480753484
-0.4906259171423127,0.6699705359637984,2.1427299918540808,1.3748253271162905,0.5055419372083709,-2.1553261469314173,56.62443744455993,0,0,-0.4193820030205426,0.5725304321484784,-0.14263736105682207,-0.14263736105682207,-0.28527472211364413
1.4491654956729956,0.5887663307255072,-0.5031331046454753,-2.7290248127118266,0.095643652010324,0.1914609839192499,31.67059968027837,0,0,3.1299082526785416,3.0137170786282086,0.34227667903983683,0.34227667903983683,0.6845533580796737
2.8627051150387612,-0.45181101311466465,0.25887830742815043,-0.47570982848405696,0.17312608365343213,0.14609525936037243,97.58891508764475,0,0,2.9694146268151,5.633955903624855,0.9574261753727061,0.9574261753727061,1.9148523507454123
0.47384992381707713,-0.019819196424468017,-1.0676837445342238,-0.3726135444836577,0.11461886474050365,1.35239512574048,11.784330950085574,1,1,3.0738247207621097,3.043030770773186,0.6329894369215316,0.6329894369215316,1.2659788738430633
-0.9700181956504799,2.108353257127241,-2.2112612449216638,1.592523921339316,0.3854736514599609,0.9809063168130494,36.37500640756871,1,1,1.5586490884948556,2.936502865046271,0.7690130085913178,0.7690130085913178,1.5380260171826357
0.05889661424123146,0.444393159611272,1.7779105750633752,1.2016625517958697,0.6353400393025612,0.3634935488188238,37.60727179845922,1,1,1.4530647644945343,2.077400084425042,0.04916837536424415,0.04916837536424415,0.0983367507284883
-0.08311464305990122,0.6247713911683078,0.027478130241244805,-0.5570497277309793,0.6481895307744405,1.022263254890597,74.89556276951365,1,1,1.370932629676569,1.7405654701697342,0.07484827291271184,0.07484827291271184,0.1496965458254237
-1.1165643971791748,0.6916722487881217,-0.20094621019149136,0.5770296580178862,0.41359516689393766,-0.8097752398966351,54.528648860366744,0,0,1.621138192104909,1.5296886951568403,0.07617263342063359,0.07617263342063359,0.15234526684126717
0.5117379432451116,-1.177375935931721,-0.6020197616904929,-2.321925843214625,0.5358701298215058,1.563980832818902,12.40977780187438,0,1,1.1555274131393776,1.5135449713198383,0.2291754887447458,0.2291754887447458,0.4583509774894916
0.5914784298863422,-0.16752322069221526,1.2184464743496537,-1.4959163296315776,0.1772697878385216,0.193304515233675,28.207194747205754,0,0,1.6258467370495535,0.4455474263684149,-0.07425395240367712,-0.07425395240367712,-0.14850790480735424
0.6770329373870295,0.039700650275483224,0.6475180004683887,-2.0498118114389228,0.459626444285256,-0.2522481362687097,64.48981733554828,0,0,-0.6005079112228304,-0.33518287558363946,-0.09216121032214468,-0.09216121032214468,-0.18432242064428936
-0.7733201705920394,0.9232492589172265,1.006701104346711,-0.3450599112509255,0.2648671880446341,-0.3652843215204282,37.84357022755729,1,0,-0.38191890870781575,0.5803076042953941,-0.36368279987792623,-0.36368279987792623,-0.7273655997558525
1.3637346089479663,-0.8452264699174593,-0.57782945847751,1.1211706030858306,0.43856315084429587,0.27823076281500037,17.73245902261171,1,0,2.511308631958938,3.840151568917291,0.8055237237233013,0.8055237237233013,1.6110474474466026
-0.8038659945650601,-1.2405952072058022,1.4874168185191854,1.5778298394351953,0.1510363053845577,0.2980392237810304,79.78113728359072,1,0,0.6361022904501663,0.9980428003628226,-0.1045535207463964,-0.1045535207463964,-0.2091070414927928
0.2931087216944589,0.2826395035727753,0.3670358210300345,0.4414387073073759,0.5653196276912213,-1.45193833578087,115.30734563080544,0,0,1.0678652389666397,3.1210742729542087,0.2851048181172755,0.2851048181172755,0.570209636234551
-1.2960567858903063,0.19652809358266873,1.576820690422594,0.10744813468998954,0.4857016626101238,-0.5049198641634578,38.23901895448416,1,0,0.24616055107694504,0.25476492630126124,-0.6070241867244881,-0.6070241867244881,-1.2140483734489762
-2.0208213111205864,0.019156015495863318,-0.2191166273479252,-0.5940796104297974,0.08524287422737264,0.5835661126536694,88.00107589513965,0,1,0.3211172146572089,0.29474464972341474,-0.1450169287891536,-0.1450169287891536,-0.2900338575783072
0.41580819497645366,-0.19687241873104566,1.680868219304641,0.8634086302224752,0.7434873761404796,-2.161964559877183,28.693429520941088,1,0,0.33898710642678515,1.3392807056713159,-0.07638813048728349,-0.07638813048728349,-0.15277626097456698
-2.9443926586692113,1.0083367955636713,-0.6131819893545296,-0.3549626286584167,0.24147596848215433,-0.385815934457239,22.73591088653444,0,0,-0.9717081004145041,2.5344757429375093,-0.47137741236361486,-0.47137741236361486,-0.9427548247272297
1.5254428232037929,0.21721707284446554,-0.2858107005708187,0.03475840141721677,0.3133243660140687,0.0434696401442585,55.39636252056216,0,0,2.5505447966258963,4.163574608847751,0.7610610090343648,0.7610610090343648,1.5221220180687296
-1.2833606925888004,-0.8563673885610736,-1.2972401583942865,-0.3565016380803542,0.5852304968382538,0.3026573546133029,44.58121423432275,0,0,1.2792697251705665,1.2772048521580146,0.061426226826234304,0.061426226826234304,0.12285245365246861
0.2054191189273382,-0.04525739267444645,-1.2501276318326922,0.426888184445728,0.40055671029098283,0.5964899002724856,22.221524041098277,0,1,1.9005283124717929,3.4128049700089016,0.8132516950332421,0.8132516950332421,1.6265033900664843
0.3446889074406845,0.32118224052933625,1.0876941442127184,0.9525836421550212,0.19182766410103694,0.9780200468063032,33.819540583325306,0,1,0.821913412910721,2.8691045127761576,0.4826465985602486,0.4826465985602486,0.9652931971204972
-0.2198497324178267,-1.553380783910438,0.9541759252066676,1.0759954236254632,0.1403517579325362,-0.40868973543534415,22.37630065345825,0,0,0.47404787792736014,0.10346074680474437,0.22851812572631633,0.22851812572631633,0.45703625145263266
0.07724377773467338,-0.28974679180057106,0.0523814312213212,-1.5655971995411426,0.14103090301847196,1.9942632091170476,76.3049720089253,1,1,1.0782074412241744,0.23210689294118658,0.054449430255178954,0.054449430255178954,0.10889886051035791
0.5064951146331987,1.3007488032418326,1.3137429139528003,1.6020179419696186,0.28313260931269807,2.1759914220805845,43.442107658708196,0,1,1.7707335752075761,2.6176843073778944,0.5732065943471634,0.5732065943471634,1.1464131886943267
-0.05589952474766514,1.4326773008572562,-1.6358762865631566,1.5285014722089076,0.261826593804413,-0.14196237691687982,77.01831431203284,0,0,2.5142981242976257,5.139881276343628,0.8965327985990926,0.8965327985990926,1.7930655971981853
-1.052162880655193,-1.1015438754910996,-0.5023476767362338,-0.10828940929387465,0.5128611227418224,-1.2766133514535374,72.10111707827636,0,0,-0.25074337434124694,0.935116433315742,0.013332119167582562,0.013332119167582562,0.026664238335165125
0.540737100539319,0.8302598993130218,0.3159485633781803,-0.5670036922629251,0.3571107987688584,0.03323983085282812,70.86623938822268,0,0,1.2231760304622077,3.2468998452768156,0.23413044789595716,0.23413044789595716,0.4682608957919143
-0.6516729963727153,-0.9410238752783224,1.9104450691438328,-1.0249717410169508,0.4167355341851325,-1.1627860316273155,13.734942499331215,0,0,-0.653706469088946,-0.15394646889803798,-0.5472777957834865,-0.5472777957834865,-1.094555591566973
0.18795782476730333,-0.9993552344796888,0.10784062090785744,-0.24016898241229478,0.8433404084459395,-0.6324093553610096,26.397442997036233,0,0,-0.23423405357093335,1.2230381972408453,0.12327113947387777,0.12327113947387777,0.24654227894775554
0.20969571209727383,-1.4009732764651461,-0.04989331956716841,-1.2406219344025982,0.1365721490069735,0.5069021210954973,41.756126558976106,0,1,1.1447691237718645,0.4245534232573004,0.3136020657378724,0.3136020657378724,0.6272041314757448
0.2277398965836037,1.379834182386189,-0.05596104732193824,-0.6591961735536896,0.33091062524164294,-0.35900900360642807,9.261334759473451,1,0,1.9708181943480914,0.7136700348840261,0.07800474015657705,0.07800474015657705,0.1560094803131541
0.230307836969544,0.5143390360851037,-0.05649387863804742,1.090016204053727,0.3455795359840554,-0.6884552724145376,13.878229556694157,0,0,1.4925830787506278,2.3115532714694047,0.5301786757453404,0.5301786757453404,1.0603573514906808
0.03441822465535673,0.07116524999720947,-0.3048282968559046,0.09896614089774024,0.19454386847628258,0.47959086892903835,16.059765131390453,0,1,0.5289264789006706,0.8603924270656159,0.5478227051390844,0.5478227051390844,1.0956454102781688
-0.191201097940697,0.8643146948690691,-0.6896918581755366,-0.5923050554723301,0.7193021303377722,0.18003018421972192,24.128101694183968,0,0,0.4398470782195463,1.376914358327196,0.15894848010913815,0.15894848010913815,0.3178969602182763
-1.4952607806646765,-1.540972503370412,-0.7834813853130798,1.2036518942645176,0.42831450385640496,0.5911825212146237,37.892270995939604,0,1,1.1488671902605283,1.7758908494665044,0.3675547462248441,0.3675547462248441,0.7351094924496882
-1.5523264561930592,2.3150675945934713,-0.12318349377444501,1.4146667943496674,0.3583690882877347,-0.24030927998311777,70.00882368098584,0,0,2.3851064377267512,1.3753502326512912,0.1010804026902051,0.1010804026902051,0.2021608053804102
-0.1887931870325876,0.7206080262716841,1.603200499372772,-0.8550571073645756,0.4788164305593404,1.210543604118942,40.47673241807179,0,1,1.0984943896206052,0.8317018685925158,-0.17439242489099963,-0.17439242489099963,-0.34878484978199925
-1.8436091192849475,-0.08475755090920999,0.5660724273195223,-1.6630852139001837,0.163231959115826,0.6190642258469585,40.3985435561261,0,1,-0.523539920799141,-0.3942090967475989,-0.47927749609991155,-0.47927749609991155,-0.9585549921998231
0.6655970357014523,-0.2148695097061245,-0.7395924248327348,1.333128291103972,0.11884815121434932,-1.4370720598964757,33.84301365909031,0,0,1.7019305777147409,4.686469869220438,0.9005170395668795,0.9005170395668795,1.801034079133759
0.11288107132106283,-0.9314420317589749,0.2702115734299222,-0.8335968607100828,0.49869888550228597,-0.17039884126508945,44.579535761704136,1,0,1.217767631270521,0.09927593095279774,-0.09757501363304882,-0.09757501363304882,-0.19515002726609765
-1.5497726297432968,1.0029237165177074,-0.5717849104880164,-0.08126663473371669,0.2811909311256275,-0.39034422861098245,89.86010439662522,1,0,1.2747758824281377,0.20429308268527913,-0.19025747374297913,-0.19025747374297913,-0.38051494748595827
-0.6051807414220147,0.812675180927606,-0.6850834990648846,-1.5628903425415006,0.7171347090022865,-0.5785424693191799,56.737732350763096,0,0,2.139844679009901,0.7343431811806158,-0.13216482962190834,-0.13216482962190834,-0.2643296592438167
-0.3926026030149815,-1.0296582866438833,0.3585173143692632,-0.870686184620464,0.21296759254888353,1.1582407892489939,78.68440737537402,0,1,0.5455648144359122,0.5283460700662518,0.10336172655115174,0.10336172655115174,0.20672345310230347
0.041202116248852866,0.6807936514197336,-0.14603154185471381,-1.6378205760352333,0.12330637553163876,-0.38142325404491884,48.25713002680511,0,0,0.3583368968462264,1.3811880076599923,0.05926229794378056,0.05926229794378056,0.11852459588756112
2.0865486676992986,0.6470763649053491,-0.171775852129287,-0.8839998947512661,0.5597932406701758,-0.45282685324875693,93.53977206470778,1,0,2.122213447793179,3.0191277252204176,0.5285539556081768,0.5285539556081768,1.0571079112163535
-1.1007806830462832,0.10545268686303476,0.7871204615912641,-0.4435722226365948,0.2898017412353286,-0.3710815939797662,13.032167798199561,1,0,-1.344492887535707,0.5579725539037341,-0.43078051077410334,-0.43078051077410334,-0.8615610215482067
-1.059746449311265,-0.15106051415610275,-0.549717921754173,0.4410350900801028,0.1800316474632062,-0.8074582251030695,34.00039717494132,1,0,0.6994117912269845,0.715614925316328,0.060387657802012884,0.060387657802012884,0.12077531560402577
1.3114578815395126,0.6870898459133337,0.6314431906703332,0.8521768965782219,0.38012747637936306,-0.46546289779732475,17.59236870887762,0,0,2.1010152239808635,3.9515732177164877,0.6304519519366232,0.6304519519366232,1.2609039038732464
0.3809064285666887,0.6100740481688094,0.36188200544652144,2.119267602392363,0.624559608120777,0.6719611161182811,42.60549544201564,1,1,1.439345960788399,3.788207870082438,0.6186136212820771,0.6186136212820771,1.2372272425641542
-0.06436771292398448,-0.6788662852659617,0.16968647122444122,-0.10377937726080823,0.5961527223751887,0.3291962034575078,40.41376035661534,0,0,1.5835467388051478,0.8899681053209167,0.12288907543491656,0.12288907543491656,0.24577815086983312
-0.8188742439266243,-0.47598908649144095,0.8707679195298972,0.0667824483368543,0.16440974443479917,-0.26107986324330973,61.69943095416683,1,0,0.03722589472864729,1.0026881833569066,-0.24829122855975025,-0.24829122855975025,-0.4965824571195005
-0.5775539301516806,-0.403786276686683,0.5565648969099952,0.11296362709584706,0.22311669582415178,-0.3053851901847366,76.16156036227196,0,0,1.8174252026340914,0.5256508014024632,0.022626068116786552,0.022626068116786552,0.045252136233573104
-0.9858959993401294,-2.1736021684142943,0.06149448638056097,-0.595882251979442,0.3461664573160335,1.63748674949332,77.51106194999379,1,1,0.3024153626726774,-0.7644216738930999,-0.11991842193110722,-0.11991842193110722,-0.23983684386221443
0.15671914031258288,-1.8345776345767097,-0.05781814747046211,-1.3050459578578462,0.13485755503274602,-0.972610051753639,97.97637679703105,0,0,-1.0062694752644654,0.7311105598819462,0.1293272661087535,0.1293272661087535,0.258654532217507
0.7323303362485941,-0.7233417831738784,-1.4644759196834776,0.5651253782900587,0.1287908718968125,1.404606067095618,52.69601140402793,0,1,3.5,6.028713123482322,1.0980499553169472,1.0980499553169472,2.1960999106338943
-1.0663090136849753,1.5189760504301117,0.8935988173412895,1.0107967929287847,0.5413054126993196,-0.9735545679723966,42.480674961829195,0,0,1.830277572339495,1.5681534596669198,-0.10312813996753228,-0.10312813996753228,-0.20625627993506457
1.2409529582840457,0.28801763679000536,0.037355894286364384,0.4900414221095284,0.5970736865659381,0.27084099478025486,9.708820713489615,0,0,1.4662865339643862,3.4634853029717387,0.6241583027804227,0.6241583027804227,1.2483166055608454
-1.2869612460788797,-0.8326585377742415,1.3961293303121307,-0.23458922261758036,0.6274263532468544,-0.5074048684517702,48.09121661113027,1,0,-0.9547337683129352,0.31761866605545835,-0.6603059864211646,-0.6603059864211646,-1.3206119728423291
1.042669658615277,0.9688402878605484,-0.38607592135285485,0.41693794380571325,0.6031380802251577,-0.20263014167041837,27.60169639406854,0,0,1.5866239686414254,3.220491687041263,0.6471798977408962,0.6471798977408962,1.2943597954817925
1.3176276710027146,0.5817198973445357,-0.3141534581189475,-0.47315632572652644,0.6009324543755247,-0.2367763891223443,19.19992481713002,0,0,2.167557422320168,2.2861534446098974,0.5486575809860279,0.5486575809860279,1.0973151619720558
0.20245114991218938,-0.8850374594038134,-2.75999711710729,0.1839500482118727,0.597748406163897,0.96224101000422,24.03946432867602,0,1,2.291832395906088,4.994571291976013,1.0535370789378187,1.0535370789378187,2.1070741578756373
-1.380843912412734,0.9360771799841342,-0.3258847753310139,-1.3138466670596076,0.33397884594862304,1.0498209137538541,9.769660211830388,1,1,2.0452195183659434,0.0154527409015356,-0.2715889680011414,-0.2715889680011414,-0.5431779360022828
-0.27281527401032474,-0.31407780775237965,0.5006385338379282,-1.2775560156798296,0.49305860777082705,-0.8592936797848955,63.91734095113743,0,0,-0.0489812234469201,-1.0440530252285005,-0.19482290285460296,-0.19482290285460296,-0.38964580570920593
-0.9346344183680098,-0.49644314793272143,0.6982489313616224,0.05256155047799454,0.23381767255709301,-0.3329730255314488,24.232734704811996,0,0,1.0254127469558818,0.5166324470361777,-0.12196756437026297,-0.12196756437026297,-0.24393512874052595
-0.2504613846189297,0.4411497183887048,-0.9967101835130059,-0.41669679948844124,0.4425542642494831,1.2693484125059888,56.89620156528758,0,1,1.2510470995778,2.1104992494338775,0.4679286053517657,0.4679286053517657,0.9358572107035315
2.332380857345083,-1.0780805776096063,-0.4028857584562225,-1.032733324741326,0.2994931359065435,0.49596954605532073,11.455247411651836,0,1,1.4836052422970125,4.305661468601341,0.9839311558459831,0.9839311558459831,1.9678623116919662
0.007818778352271653,-1.4046372638921643,-0.3914096125425865,0.8042386920002503,0.46644867583330624,-0.19310396390556608,78.85080546781535,0,0,1.0622525192752343,2.02769775762492,0.4611146550580566,0.4611146550580566,0.9222293101161132
-1.371478256926508,0.1398626051666424,0.4704477354584831,-0.7823198586842521,0.7087531686594652,-1.5947503117940482,31.943898976156294,0,0,-1.0687174106802857,-0.5348033374943195,-0.45843074878172557,-0.45843074878172557,-0.9168614975634511
-1.0747635682760968,-0.6758953988768127,1.9206048854020745,-1.5953949228558184,0.4141277565366609,1.6884668658575677,30.2988022699015,0,1,0.23271101481427298,-1.2489965697232932,-0.6100286215886094,-0.6100286215886094,-1.2200572431772188
-2.0755997050109354,1.2940803768052338,-0.08160793257713142,-0.029545675697506886,0.2676852851453427,0.2568595910173343,22.652921739655213,1,0,-0.40940051674975475,0.5091258627983826,-0.4327768622965265,-0.4327768622965265,-0.865553724593053
-0.6201676945073097,-0.7487978065537727,-1.4287461333455675,1.5849927732690574,0.6432088819797731,-0.43962187257534346,54.89707678457143,1,0,2.110674696387453,2.3232811363228447,0.4716057623872628,0.4716057623872628,0.9432115247745256
0.14580942573471464,-2.2117460836862577,0.46025564760669274,-0.0994798799506952,0.3502158896709177,0.4875459786520031,70.36662059438198,0,1,1.1395999117048483,1.6331041170999083,0.33761220482010235,0.33761220482010235,0.6752244096402047
-0.7729838030305278,-1.687665609206022,-0.12069139209836362,-0.7509581339966894,0.3454121876105719,0.5598032296376548,56.704807728902765,0,1,0.24342227842305134,-1.0862055494244325,0.09204525226715086,0.09204525226715086,0.18409050453430173
0.402942830552394,0.37768887609315466,-0.31942003537928865,2.2942837507927734,0.5228975928757145,-0.24895937873035098,22.38455285561426,0,0,0.8340331813718481,3.059675991809886,0.8105720531906415,0.8105720531906415,1.621144106381283
0.0005767139633772901,0.7913093783133166,-3.0998388096985803,-1.4045870684020403,0.5458346604465677,0.35049171922072025,108.90945661188191,1,1,2.635294844944572,3.0892243679381295,0.6583000272238899,0.6583000272238899,1.3166000544477798
-3.6608293802219967,0.6411526823866861,-0.38591467406997476,-1.1097315745796892,0.19901424399789927,0.5054704417910362,35.75901484718676,0,1,0.971157174294267,-1.5997925684723342,-0.6876461001506045,-0.6876461001506045,-1.375292200301209
-0.6201827640249282,-0.2755422872315926,1.166206682629328,-0.3861566501300728,0.24084187017251468,1.6661902010208736,42.65266255385343,0,1,0.64203992831711,0.41820915205197495,-0.057526889970248685,-0.057526889970248685,-0.11505377994049737
0.2590269653211853,-1.5057394060934437,0.7670834763591011,-0.4523452183596643,0.36600756314323596,-0.9858876806139857,83.14477345969054,0,0,1.0895437799574477,0.1326876453937641,0.07450523103181349,0.07450523103181349,0.14901046206362697
-1.8549122261773294,-0.058848950391785934,-0.4528799839328193,1.1948781227756493,0.6707791261452547,-0.19707945743066316,15.838719196705567,0,0,1.2703294323773853,0.875791778457545,-0.02565075503967626,-0.02565075503967626,-0.05130151007935252
-0.786205770739449,-0.2792472619986822,1.771027316680809,0.443621558814454,0.087776200482472,-0.40056035506174126,19.07547741416281,0,0,0.5933769247490515,1.982962158582304,-0.21097803300601528,-0.21097803300601528,-0.42195606601203056
-1.6815840940342994,-0.12752428895557644,-1.3028166787074522,-0.22715136319431178,0.4249152819627784,-0.4596673468396398,32.00652811864968,0,0,1.602352438168662,0.9207195497240026,0.012909209939992672,0.012909209939992672,0.025818419879985344
-0.5878130285432622,0.055008485824541514,-1.8274602232901878,0.40015934294487454,0.764785876877953,-0.05690669462817595,18.43177494474737,0,0,1.4097578233432537,2.296197376831522,0.4659336724110966,0.4659336724110966,0.9318673448221932
-0.5726875934500893,-0.05864023458449598,-0.04099548733742856,1.1087966890136685,0.4972644855361081,0.2848977742527287,40.036347538478125,0,0,0.48109808905840556,1.257323104697889,0.2689064085420036,0.2689064085420036,0.5378128170840072
-0.20426177259069378,-0.9807090433527597,2.852648817570357,0.5044445482593268,0.2463936211898873,-0.6016230927228488,87.33321800572296,0,0,0.9352891884428418,-1.3344762298401145,-0.3131104865897669,-0.3131104865897669,-0.6262209731795338
1.7464257126405376,-2.1755891063783968,-0.3519994846187614,-0.09540508645643106,0.9318163461866219,0.40689237112435234,63.43793136287794,1,1,1.055155449431465,1.3258380542751902,0.6856302475085314,0.6856302475085314,1.3712604950170628
1.186941856383197,-1.7943633723373598,1.5504788409283443,0.7577769450551409,0.4481020339147864,-1.9919137169821353,77.10393480069915,0,0,0.5745932012114788,1.2459165826308582,0.36009373675343614,0.36009373675343614,0.7201874735068723
-0.2649327333997269,0.6492587818516269,1.0328911002232157,-1.4868581689497247,0.38973002441981275,0.03968756524907029,41.766352242479456,0,0,-0.41296502731316953,1.0955138608749044,-0.32258688367273647,-0.32258688367273647,-0.6451737673454729
0.3757205871868859,0.35348281138099685,0.22870857184607715,0.3194195615253008,0.7568072813368649,-1.35253859406398,32.54421908102912,1,0,0.3731497805908073,1.1345941874320244,0.1307476521598976,0.1307476521598976,0.2614953043197952
1.3096463666750346,1.1080664781519631,0.5792134296714266,-0.4070332051016193,0.4318523347926668,-0.18211358283676632,81.50404079218424,0,0,2.090742610773676,3.1386243320281233,0.40236349087276446,0.40236349087276446,0.8047269817455289
-1.0841921311521328,0.7827047576301452,0.532946943482139,0.16137328248856692,0.3048208486835499,0.1959831870836043,47.26562859875337,0,0,2.4746813208366887,-0.26843042213793744,-0.1249319371247777,-0.1249319371247777,-0.2498638742495554
-0.1337547763526677,-0.2783262845636562,-0.37237658409257435,-2.6282017059323546,0.3035039022068436,-0.9378501724994035,43.980652312165155,1,0,-0.439137755481344,0.14702315797315568,-0.3014457324758469,-0.3014457324758469,-0.6028914649516938
0.492421122812115,1.0372047405945717,-0.6755216352405902,0.3470836439962196,0.4073797546795,-1.7103026834760242,77.74898033190621,1,0,0.6724954241822017,3.1710994003165984,0.45119658893656156,0.45119658893656156,0.9023931778731231
-0.9334033471669957,-0.28508260328072826,-0.30624202183706584,-1.0468810693779516,0.09103685375023114,-0.37197816286074853,19.665966220532365,0,0,0.5085915846043133,1.6904631138789603,-0.06426712979069107,-0.06426712979069107,-0.12853425958138215
1.1614496338529643,0.22238747574081902,0.010873473375649095,-0.8574894321017755,0.5443276603381847,-0.6372754959702828,15.959390304748416,0,0,1.6279246765922957,2.966972324304927,0.3778269970767034,0.3778269970767034,0.7556539941534068
0.18432325411307562,-1.0210190576420013,1.7786768745539285,0.2801880288959314,0.19862536303221837,-0.5395805162121794,20.761666832248686,0,0,-0.36200471076235063,-0.5299205249489886,0.0030653568233321993,0.0030653568233321993,0.0061307136466643986
-0.14138429610822725,0.4014178431651775,1.034763866737375,-1.3276398647388437,0.33703234159189305,-0.31659056106898453,43.66233257685796,0,0,-1.1228448517409055,1.1863667921775831,-0.24709859122757233,-0.24709859122757233,-0.49419718245514466
-0.018170050427282872,0.07763377569496664,-0.35135174544334713,-0.5150158664938876,0.36744339118569774,-0.7435334874912034,25.119713447723377,0,0,1.3074829677589208,0.860216684765279,0.23132050002443,0.23132050002443,0.46264100004886
0.3300022573263557,-1.2486512203317799,0.9259380570391497,0.8999141235020574,0.2921882736425183,0.8577412937521766,23.336987309157486,1,1,1.116313877263968,1.4444658429061243,0.34055361605893264,0.34055361605893264,0.6811072321178653
-0.172219720620236,-0.724117220226248,-0.3062721584273016,0.3711614920173529,0.46892502505366657,0.6570497541226298,74.80567432273456,0,1,1.398325752275592,1.3065528284708319,0.47342541563058393,0.47342541563058393,0.9468508312611679
-0.03775871344503473,1.1950231509898819,-0.2902956945958258,-0.250479086911988,0.4764508547869588,-0.6072690293686651,67.57490530180702,0,0,1.4131591889800446,2.1044767184593636,0.23385817225344407,0.23385817225344407,0.46771634450688815
-0.9253659803440791,0.010404054867156119,0.5879097446497398,1.3286937646654493,0.8588845840925545,-0.5463345264424296,38.43296710108475,0,0,0.8557420750251353,0.7415091703040857,-0.015410040861717128,-0.015410040861717128,-0.030820081723434256
0.6418572469247598,-0.3616399885268261,-0.7579537296904754,-0.5205800327872049,0.6869675059628073,-0.27994611059574864,28.028561501517835,0,0,1.6677940001586744,2.6316999178589997,0.4278932423380668,0.4278932423380668,0.8557864846761336
-0.2690037342742815,0.06060894562349379,1.4650808751749451,-0.09111852093949063,0.15253002514334077,-0.9857130941759271,38.23634175388351,1,0,1.9614348646927786,-1.2861378299124362,-0.2506473779387968,-0.2506473779387968,-0.5012947558775936
-1.0403771602340333,-0.4335912225801231,1.1797207701752737,0.13148577188006802,0.3513224817588964,0.32274187878986177,28.34062643678683,0,0,-0.07089648170358878,0.4585683344576521,-0.2714941309878124,-0.2714941309878124,-0.5429882619756248
0.4634654291505193,0.7561859057960041,-0.9067654036396665,-1.7695124432472797,0.18876949878900032,-0.3935443541358344,31.623815418325954,0,0,0.8973119295909128,1.7127983226653707,0.30544178946900175,0.30544178946900175,0.6108835789380035
-1.6277101183749991,1.0408909706032694,-0.1711932930427886,-0.7381487880242683,0.2348683357022099,-0.821334293727336,38.993638593932445,0,0,-0.2233428107370995,0.3337172690996044,-0.267331491088485,-0.267331491088485,-0.53466298217697
1.0088771478080922,1.251809692698228,-0.04858848115824959,-0.5859405435638271,0.10638240994886362,-1.6129595832274248,21.24436936463158,0,0,1.9846001372877224,3.3685721856007897,0.5021739910118647,0.5021739910118647,1.0043479820237293
-0.24448337951942709,-0.3432876266240324,0.5981063090617493,-0.14926249417847087,0.19986065542560866,-1.2985082353473443,88.54178979629192,0,0,-1.5,0.9564000640174413,0.06512745948670476,0.06512745948670476,0.13025491897340952
-1.0278030642011673,-0.7898284740621074,-0.9749941989920751,-0.5500750149168312,0.4277028343911523,-1.6882808064452264,45.44793321071173,0,0,0.021020735024430193,-0.35409838900631707,0.06505168286302351,0.06505168286302351,0.13010336572604703
0.511667162078561,0.17789429454424424,0.20109668812917822,0.7797281907915689,0.6699291083492837,-0.09858411936533598,34.852165442620525,0,0,1.2658873894689362,2.4282375949458883,0.41859362233223235,0.41859362233223235,0.8371872446644647
-0.6010805008913497,1.4783120322334533,0.5007182534515399,-0.006076082778069802,0.3651938519152941,0.4944803905187032,51.56217640980526,0,1,1.0689219476239482,1.746372731454039,0.1327992246313602,0.1327992246313602,0.2655984492627204
0.5842876476103026,0.2778201286522869,-0.05409954120677267,-1.3394946799767449,0.6227079564324278,1.5919225478050456,9.398004682640323,0,1,1.5316518140024933,1.9160702458097,0.2849434884567781,0.2849434884567781,0.5698869769135562
0.20218470893875135,-0.6954381835510954,-3.2593337875383384,0.7046627226138504,0.5042825368353815,-0.28099763438743086,74.04348522437432,0,0,2.425127382864777,5.0010824084854635,1.1194766329912864,1.1194766329912864,2.238953265982573
-0.14848582690633386,1.0411047464531227,0.2487165356689522,-1.0513647081599695,0.22047329743742275,0.20529220047312505,46.26495160987535,0,0,1.201004938215351,1.9992180800279944,0.001547091765281082,0.001547091765281082,0.003094183530562164
-0.04006580733375834,0.545642682868316,-0.2148007848524109,1.9407386971029144,0.22452965044493303,1.7039593730996345,17.47185782557758,1,1,2.5062712876105535,4.615665711859758,0.6914835959858188,0.6914835959858188,1.3829671919716375
-2.223379448728139,0.9944168918584054,-0.095820660136326,-1.1968588065131178,0.19437501029547186,0.740883895081258,42.34569580366132,1,1,0.024200591094155954,1.5220084437693944,-0.5035502880571616,-0.5035502880571616,-1.0071005761143232
1.4449029412230752,-0.27744964797343336,-0.19392784991533157,2.113265418176592,0.18639641736317136,1.1976099299296261,40.67758127237377,1,1,2.6417509996377686,5.52753583721534,1.1428895856284593,1.1428895856284593,2.2857791712569187
1.1142064882515175,0.5425717437436488,0.35913006076662474,0.10242340658755686,0.300084170480174,0.8188180873596808,78.02374218301304,0,1,1.2960191906980336,3.033545601610195,0.679385215612286,0.679385215612286,1.358770431224572
-0.2180852931003549,2.4832222765212806,0.4440153018067484,-0.9989427084696717,0.16144335207273314,1.7795255962103775,43.151588827249476,0,1,2.744204796630922,2.456462824328893,0.12269665951241915,0.12269665951241915,0.2453933190248383
-0.48577944283992136,-0.7090220120154777,0.8238147593292724,0.3162011713352601,0.22980037107346352,-0.4650852119592173,40.478622703913175,0,0,-0.12048501112969201,1.680950925996496,0.024506630735097686,0.024506630735097686,0.04901326147019537
-0.5742383302342293,-0.12732047209475825,-0.0022400788538800786,-0.7005049838391976,0.7840815725673456,-0.45539205629217056,25.786730076504305,0,0,1.8584626537791165,2.022377429865445,-0.13456438962494907,-0.13456438962494907,-0.26912877924989814
0.018153514754460285,0.35996686182215265,1.0926206639300169,1.3230602294418545,0.4950569544923829,-0.7331018452607152,8.367743161978858,0,0,1.021911636336341,2.136137429194073,0.22404361028800715,0.22404361028800715,0.4480872205760143
0.42251740651982356,2.5638382711751166,-0.1912379388484737,-1.4954896808417297,0.5466452126621906,-0.8810761832240939,17.255362175641427,0,0,1.8496992359331295,3.2555412846617253,0.09999422678177777,0.09999422678177777,0.19998845356355555
0.03840541291089753,-0.7063338498215942,0.37156587446589734,-1.2314593932774158,0.3994119947242035,1.9244889562170044,60.800258423412544,0,1,0.7973579008403823,-0.02776926388838674,0.11148745370881027,0.11148745370881027,0.22297490741762055
1.0756423672230002,-0.9065861538306644,0.4780437376534394,2.4985790077892203,0.28397405848792306,0.35303618644472495,30.87765747421542,0,1,2.5857663791523366,5.68925650070965,1.0776006879036413,1.0776006879036413,2.1552013758072825
0.0719370168688523,1.5664134119136666,0.6086920559774254,-1.3293669824627719,0.39929185442708937,1.2641704530399804,38.030740638664966,0,1,1.6739470713027265,1.0263193628951508,0.051114010502444684,0.051114010502444684,0.10222802100488937
0.06305698512697895,1.7787543243419859,-1.195238506403922,0.4505364878363484,0.35374546651701805,0.39663691634107995,47.78963743847044,0,1,3.1977558386001967,5.2886646217128614,0.7768060830908753,0.7768060830908753,1.5536121661817506
0.6479697726481822,-2.250672925277363,-1.2550990640265334,-1.1475281325184559,0.2662998939235013,-0.8427251961030959,27.06502515641886,0,0,1.086016397394928,1.7554129582907751,0.5270862920323661,0.5270862920323661,1.0541725840647322
0.6739388510510333,-0.7631083870119397,0.4878454938664711,-0.424729816911424,0.3483040924457638,-1.8944693956991938,60.26602896990963,1,0,0.9441253762852219,2.4986535136986676,0.12133252041262615,0.12133252041262615,0.2426650408252523
0.710727912913887,2.097874019171907,-0.5108492200984557,-0.6141639614556286,0.4731060009718064,0.5359254528946971,88.78493535240187,0,1,2.7187347776996953,4.22019777243431,0.587295690742302,0.587295690742302,1.174591381484604
1.0737374953679275,-0.37563738939409447,0.3873402569289004,-1.2748155343252512,0.43719570840172295,-0.03997424571854762,32.989160797536854,0,0,0.7981522359584555,2.2902169899010976,0.22103787598370306,0.22103787598370306,0.4420757519674061
-1.2591334683205957,1.7058938376744837,0.9029234955677697,-0.7254826898223267,0.6813439913929163,-1.8208374749293328,114.64298524145592,1,0,1.1378050549119667,-0.5189893437614784,-0.6453099822569949,-0.6453099822569949,-1.2906199645139897
-1.9314432386926268,1.930775847943533,-0.10948649652761888,1.0425587901763413,0.4060459047758969,-0.8025289462301745,37.58395309677018,0,0,0.5296835169109151,1.667410066240646,-0.0865075125123332,-0.0865075125123332,-0.1730150250246664
0.12188294426632187,0.5297708291426294,0.9274342430534103,0.9906511486233791,0.6510115031958335,0.2445526279754076,46.126713807238716,0,0,2.1042389020886465,1.8849787112518028,0.1921661369080281,0.1921661369080281,0.3843322738160562
-1.1693547477807598,1.050533429128112,-0.22807799128605669,-0.8930114336376048,0.48273785842139205,0.3222919057904187,95.01578030930736,0,0,0.423225930115007,1.2424859141858737,-0.21384131537158324,-0.21384131537158324,-0.4276826307431665
-0.5487458657282851,0.7658343144069116,-1.736820394349016,-1.234129905987621,0.4635233104569209,-0.61855177102937,30.73063007145064,0,0,1.3067164380287095,0.21410193572707237,0.2350626667654309,0.2350626667654309,0.4701253335308618
0.9752327495571882,-1.2754706142411927,-0.2527623569115871,0.7744839946861076,0.4801876773982283,-0.9010264318206583,28.220949469933938,1,0,1.6785866207787448,3.076851258665692,0.5528349648644865,0.5528349648644865,1.105669929728973
0.10132399503427288,0.5674650510223445,-1.252717698231754,-0.8609130119476489,0.33287687133710386,-0.5437716445885894,29.090691642935866,0,0,1.1601515862005691,2.564728176972093,0.4091138209491006,0.4091138209491006,0.8182276418982012
-0.9339999433083593,0.723947350815223,-0.2474399757077025,-1.547076927724252,0.22198058047122576,-0.44652630783039393,65.07488063219577,0,0,0.767505272406539,-0.10530989329233276,-0.19883237577410562,-0.19883237577410562,-0.39766475154821124
1.9300490525873646,0.15686431188596564,-0.8404819978286264,-0.7028839571193156,0.3405920755104314,0.10438501855226864,25.87490472509359,0,0,2.0179495930130766,4.168812776597257,0.8570585638427797,0.8570585638427797,1.7141171276855593
-0.6236854671242631,-0.5095275522825293,0.1431000649118429,-0.14688754523859196,0.2706704626799756,-0.2387596522118118,23.947582364144687,1,0,0.36092363010417483,1.0742272771235264,-0.0975146142615398,-0.0975146142615398,-0.1950292285230796
-0.698465940277041,2.53747948961581,0.10494052571597527,-0.31893318268627474,0.013817740593683982,2.015218097899665,102.4134890434158,0,1,1.1893561302279738,3.1970109522105017,0.22061839043890039,0.22061839043890039,0.44123678087780077
-0.5168612463887163,1.7447325717957611,0.16783499534765042,-0.3735930754809767,0.5962803156240472,0.7786097480724089,25.09179776802005,0,1,2.2014798602798997,0.03467610724958692,0.10800112269832923,0.10800112269832923,0.21600224539665847
0.5233881576398522,-0.2380907734011729,0.9773214311747882,-1.6292835266936365,0.26905349409689905,-1.5424158412591782,83.60246530067568,0,0,-0.4503504567243242,0.7325503064166939,-0.0863059041074051,-0.0863059041074051,-0.1726118082148102
0.4636361462578349,1.5964351686844838,1.7700083768917325,0.08362518382470002,0.452075666640819,0.5929316211777463,14.529066070518862,0,1,1.8789420647660835,2.273006749494425,0.1469706511306621,0.1469706511306621,0.2939413022613242
0.9966295177774541,0.5127558661492774,0.8767427374306166,0.14016567404525443,0.5532976403975736,-1.2722234129082468,25.834318427262193,0,0,1.3569521979678392,2.3074344450643443,0.3186112503756796,0.3186112503756796,0.6372225007513592
-0.49863170715354477,0.16499213391076714,-0.06269443609915579,-0.48872717641799873,0.2824259076405391,-1.0222186127032442,22.300298091284468,1,0,1.1813440873897363,2.0327960669024234,-0.0815772116501474,-0.0815772116501474,-0.1631544233002948
1.369868769992064,-0.9012889577136656,-0.6649825818314657,-0.2106744316761584,0.3686635263489433,0.6325293379017823,30.780216877133086,1,1,1.514423669235627,2.126683625380529,0.7634587795752455,0.7634587795752455,1.526917559150491
-0.4239132081653275,0.7125885071811908,1.1325270449540459,0.10655389197169787,0.5563817122320496,-2.043068543635953,10.373125133663898,0,0,0.8277042634444274,1.0013852242976964,-0.14220355855696806,-0.14220355855696806,-0.2844071171139361
-0.25571266385647495,-0.1838811545183341,-0.6005580016460709,0.8224886511461874,0.23925146937620173,-1.7156081455827987,42.27039107455219,1,0,1.1917109535045134,2.65393396939486,0.3511508190383479,0.3511508190383479,0.7023016380766958
-0.8866589153314944,-1.1299965585070073,-2.677943811847761,0.702018233302053,0.308714432619961,-0.39508069793641,141.2370174604977,0,0,0.9813837931211257,1.9005316631984717,0.733154960479268,0.733154960479268,1.466309920958536
-0.08051722192856296,1.0342349354944056,-1.4714058223400843,0.49673511423102,0.4088456007376214,-0.4735881015839331,18.404589519184096,0,0,1.1349417659914873,1.7479732926012397,0.6324538351593754,0.6324538351593754,1.2649076703187507
-0.9037886856284918,1.6107437835777745,-1.641337322459844,0.19472305826896638,0.2091778769414266,-0.17982774210774524,40.1184598781619,0,0,1.4320470396446663,2.1651459483908244,0.4328808389876595,0.4328808389876595,0.865761677975319
-0.6936098865760804,-0.8290033191983878,1.533983039698045,0.645828502589781,0.341053491119803,-1.077314150793911,50.855407738231754,0,0,-0.03243691092115747,0.29164910666297106,-0.15729074437746451,-0.15729074437746451,-0.31458148875492903
-0.5872897561636908,0.8219831592857249,-0.270876221277143,0.985093779272982,0.35884032506122976,1.325645074401283,35.05454180542084,1,1,1.3030460860436375,3.1845696807333517,0.34634683920957965,0.34634683920957965,0.6926936784191593
-2.035193082680046,-0.5547684561420549,0.6381535003966552,-0.8542073191486247,0.32385947501470014,0.5617862657644115,43.91761688321416,0,1,-0.2889276082753904,0.6501866182922317,-0.44173142468795745,-0.44173142468795745,-0.8834628493759149
0.5926429415583352,1.4887115846744825,-0.3946019692668204,0.04444219037486857,0.4271842290332228,0.88178641345602,53.58388391969433,0,1,2.3687210529003173,3.184500671437266,0.6582278361745372,0.6582278361745372,1.3164556723490743
-0.3590711250753963,0.7878979580439894,-1.4015506785676586,-2.4892585728004395,0.435976768011555,-0.1348790825296358,61.8363676378337,1,0,1.924964305485045,0.2721053860532535,-0.14489973316307841,-0.14489973316307841,-0.28979946632615683
-0.4512134015576662,0.024029415429173747,-0.008286815478019453,0.7010351944693134,0.2999271396695262,-0.17499110028998513,39.329879692946754,0,0,-0.3170621446332036,0.7960392061879931,0.2696871684528079,0.2696871684528079,0.5393743369056158
-0.428627717935532,-1.057420090290547,0.7092140169623504,-0.2634060713458266,0.6609751677146436,0.6455202653857921,33.034698754780344,0,1,0.7865329131880072,-0.00023937687696790055,0.01791002215257073,0.01791002215257073,0.03582004430514146
0.08510789695150121,-0.28053513255318757,0.45313315242224367,-0.6185642586052504,0.06091913302284321,-1.8075763547378887,28.557737324916882,0,0,0.47770080955751987,0.10315102277661925,0.13817875913909936,0.13817875913909936,0.2763575182781987
-0.4173291788728551,-0.1399103285410512,-1.1323735588462387,1.571976763652759,0.3618609679656999,-0.26051417640058455,12.537515887899206,0,0,0.563337057137335,0.8497389568257099,0.6683791980075018,0.6683791980075018,1.3367583960150036
-0.6845889648881263,0.31884945547962756,2.1956253724245127,-0.6152575654988043,0.4716743322639506,0.8280538223440513,56.98649451821199,0,1,-0.012659666574331041,1.5448609484493574,-0.398670693635201,-0.398670693635201,-0.797341387270402
-1.1615522127033087,0.01450156507174875,0.9001079229114929,-0.9136083061361719,0.29025196759364885,-0.4748292582248647,69.41296321077871,0,0,0.3446746164275988,0.8847262979186931,-0.41736832992444156,-0.41736832992444156,-0.8347366598488831
-2.4520456983978502,0.272204963866329,-0.8587800766978251,0.9289097486941212,0.6487186908230793,-0.377317108218614,69.64572773058633,1,0,0.36154375554745855,1.2993898290152273,-0.2861299097104738,-0.2861299097104738,-0.5722598194209476
-0.5340002393690017,-1.262443354161505,0.05363475761311839,-1.495015366259531,0.5433275344356222,-0.4594795883394761,22.971208838932736,0,0,-0.3494981045960134,1.1875623414003895,-0.22082108788947136,-0.22082108788947136,-0.4416421757789427
-1.9713153430420214,-1.9748737319328755,2.346254429304329,-0.7489269378146202,0.42939140519341695,1.1814945413550364,26.09798280593236,0,1,-1.5,-0.06924851880049883,-0.8060050565517701,-0.8060050565517701,-1.6120101131035403
0.10198486038617678,0.19327377115906133,-0.2620752810161185,0.17555560062233228,0.659566757966412,0.1426700487492138,92.46436249166116,1,0,2.104492651867314,2.6636526119158033,0.1595163089317565,0.1595163089317565,0.319032617863513
-0.16639792041841275,-0.3786124557431787,-0.9460935690330201,-0.9532706179253826,0.310441063342046,-0.04174272641488559,81.85809085894302,0,0,0.45803654870757626,1.4691759854139823,0.2554546010414489,0.2554546010414489,0.5109092020828978
0.0059779236430487805,-0.8308976069474848,-1.0008930545754853,0.10764055321012025,0.07866827547053935,0.35023250835777453,82.97145283397494,0,1,1.758812189696222,3.8238308450748484,0.7223652040915527,0.7223652040915527,1.4447304081831054
-0.26740656677914154,-0.3912862339748722,-0.505828036021492,0.3293290435370013,0.22565776765288287,-2.05865030071183,26.95092213290059,1,0,1.6090412691406932,2.5673435541026297,0.24152969282653697,0.24152969282653697,0.48305938565307394
1.7116906135689511,-0.08659394825250545,-0.10049519289773393,0.886559747197616,0.2583252316011777,-0.053670593206298564,25.983093706770052,0,0,1.5948123487678552,3.187680511747315,0.9389650131480961,0.9389650131480961,1.8779300262961922
-1.5110621410417784,-2.2497517149902717,-2.1769065000491445,0.17487466221920459,0.18721605283286138,0.4053193645238198,60.60877848156369,0,1,-0.8539594058567785,0.5021958960050107,0.5423676170386839,0.5423676170386839,1.0847352340773677
1.542663687708395,-0.5679312682756039,-1.6667153374089363,0.7128361891862105,0.3584021653165741,0.3193831680368142,24.258859244865786,0,0,2.314003368713266,4.160098852528421,1.1809172011658569,1.1809172011658569,2.3618344023317137
0.20268276091093979,0.3060049378800449,0.2807999112289134,-0.7263716417493442,0.4807514649731642,0.8990654031034958,78.80554620283799,1,1,1.2318233651468424,1.2351671626594947,0.10884794547626087,0.10884794547626087,0.21769589095252173
0.44536261476698247,1.3416228829173924,0.4989000771850354,0.49085595591172193,0.03347006476089583,-0.9970067423754487,30.85346389690787,0,0,1.4464242820402757,2.9077803825971555,0.4352647716755423,0.4352647716755423,0.8705295433510846
0.21836415137166745,-0.4714086522047306,0.307187211519393,-0.8015713910577016,0.6117351187108715,-1.9920764736977394,85.59994035669507,0,0,-0.07093000175247025,1.6824277127396403,0.042461496968804996,0.042461496968804996,0.08492299393760999
-0.2438249005037887,0.6609510748214434,-1.6422169972912977,0.5195506577021736,0.5265678919937576,0.8802751025525355,60.07176927922322,1,1,2.650707910810941,3.4156716647963394,0.6201595915709142,0.6201595915709142,1.2403191831418283
0.09499804079377039,-0.24422357624987492,-0.7232134908793955,1.0878391334940285,0.5953383577697985,2.4814328172528013,6.782268809145738,0,1,1.5958705615013837,2.280275825042331,0.7386362575798963,0.7386362575798963,1.4772725151597925
0.6514600236374753,0.870537630030101,-0.827489020911363,0.03810146850524936,0.6121903559101101,1.2948113831470809,36.11008231063393,1,1,2.4031798967612046,2.834018238247469,0.5843889701315115,0.5843889701315115,1.168777940263023
-0.057791462060885854,0.578907754528802,-0.25604311489387815,1.2131979529690573,0.26229294188916863,-0.3918483848211956,39.605783560715146,1,0,1.3355114033830326,2.7663692107872064,0.395573201380635,0.395573201380635,0.79114640276127
1.2152415883435772,-1.3156235542536059,-0.41076992565291887,1.169211036703009,0.4831319946084596,1.4045496964150217,34.13798832267835,0,1,0.9970838061869689,2.5460879753489913,1.0251433362803553,1.0251433362803553,2.0502866725607105
0.9339119628984182,-1.1489696299161813,0.47351544586567273,-0.08830380738430184,0.19313867907474608,0.554431192049214,74.17890849045328,0,1,0.8131872493865505,1.8458684110447376,0.5950739832139957,0.5950739832139957,1.1901479664279915
1.2870474906641454,-1.5593885978368678,-0.5763683787123288,-0.457831428769075,0.7549065924756776,-0.970953771797642,38.85411840923936,0,0,1.1763668855438456,3.2279252320723977,0.5635871013300771,0.5635871013300771,1.1271742026601541
-0.6574145227179855,-0.6145443769049308,2.4440638667453616,-0.010282183182511926,0.19671061067624881,-0.36426446773568255,63.437836713165154,1,0,-0.6139540083585904,1.6860289052170672,-0.5708314565801674,-0.5708314565801674,-1.1416629131603349
0.4187389448615319,-0.7928119762033957,0.2947306700976432,-0.33622631492488386,0.3755613546636788,-1.1338490293976355,33.68827239731567,0,0,0.4944183202639839,0.6673238087604464,0.24175069533398547,0.24175069533398547,0.48350139066797093
-0.027682910317561187,-0.22282920535248799,0.4111264465957438,-1.3132300182527255,0.6258620527867826,2.7468116816438917,71.59079047868667,1,1,1.7830076424863415,0.9329892406617941,-0.12478732909429915,-0.12478732909429915,-0.2495746581885983
-0.15174846918806334,1.479266702812767,0.2452423787647598,-0.24669989704076728,0.5160435907782884,-0.7474023567950442,46.7815207349387,0,0,1.4225553307803813,1.3598925391926504,0.07530066204496783,0.07530066204496783,0.15060132408993565
-0.9537389305011793,-0.5069682743368094,0.7987445852615046,0.47533272275151395,0.2703762340227399,-1.7654532332414383,32.249889105775694,0,0,0.3470837901555734,0.5702339428437067,-0.08210111536804632,-0.08210111536804632,-0.16420223073609264
-0.8713748468227458,-0.36525738631146953,-0.13277423762889143,-0.909339140276353,0.13038002200051543,0.6208245376713021,18.42931487195535,0,1,0.6059077018529986,1.3676526931267252,0.09025312463812005,0.09025312463812005,0.1805062492762401
-1.0689488120606638,0.6539770618187764,2.5209678347661493,-0.9104157437911613,0.31123661638377326,-0.464925331664684,70.19257877562777,1,0,-0.021490751688791415,-0.422855073351893,-0.8924902128400534,-0.8924902128400534,-1.7849804256801067
1.451649526841618,0.33926728143788054,-0.6440708242476606,-0.5522653222366806,0.4424634978815874,1.1994922522212403,51.15665101562911,0,1,3.5,4.355150628190305,0.8425584513559551,0.8425584513559551,1.6851169027119102
0.8445588139319649,0.7267379744917842,-0.47631911646587,1.2599826820634037,0.6646976562987121,0.1704842188742517,62.28187526104377,0,0,1.3436422626558682,4.728484681943156,0.7485361187831634,0.7485361187831634,1.4970722375663268
0.4722322960350874,0.8372041090971397,1.378903215832755,-2.111799470297068,0.3958813184048698,0.9289310480084442,77.71272435146572,1,1,-0.15997656951856432,1.2064795874123242,-0.28626908566402265,-0.28626908566402265,-0.5725381713280453
-0.6073312904582369,0.7338524613089362,-0.1902093685027961,0.9102540662698854,0.27010656004543715,-0.914752189872913,44.811983697443516,0,0,-0.015839946917404424,1.6942804736802077,0.3108134572599833,0.3108134572599833,0.6216269145199665
-0.1459826262544243,0.46208628327273005,-0.1389466851755081,-0.07352291383732286,0.3191443940562418,-0.5375884132434472,52.10797237669075,0,0,2.547800212661855,2.5900862559847635,0.2398643563231569,0.2398643563231569,0.4797287126463138
0.042865578948619365,0.11946635188326571,0.04941642713167184,-1.6599377432391376,0.7000828227520455,-0.6031613034012857,65.93400320968449,1,0,1.2662180868389479,1.221016466895009,-0.26567792310689003,-0.26567792310689003,-0.5313558462137801
-0.2608769689030888,0.2012857983214215,-1.0387481630883963,0.6350811676782054,0.44610413883863986,1.8330084177997346,19.923128796711,0,1,1.91765210287819,2.5581844015188624,0.6627286614473858,0.6627286614473858,1.3254573228947717
-0.4417763316995084,0.47497359009997214,-0.4437412443648535,0.7702191571471528,0.5564087698622263,3.1863138871967855,89.46571877215618,0,1,1.4909058386351237,2.778684579662749,0.4790270444039587,0.4790270444039587,0.9580540888079174
0.6936746642521778,-0.2303445899155534,-1.7781738842545145,1.1516611196989772,0.408168945537443,0.18034933030167813,21.268766842865,0,0,1.4972144502006948,2.7194253664785863,1.0347656151434326,1.0347656151434326,2.069531230286865
1.0846358594630787,0.3134021484855693,-0.08560770054923585,-0.0006978814648455851,0.4879191073886482,1.158476110527816,72.30551499311923,0,1,0.7515274490641966,3.117476237479798,0.7053055303335463,0.7053055303335463,1.4106110606670925
0.206915297147452,0.1993080603663845,1.8743694368592503,-2.6757667839445953,0.22696539898044107,-1.3070004126907224,47.17549592961289,1,0,0.35059507602050594,-0.6217627660628235,-0.6905347097730814,-0.6905347097730814,-1.3810694195461628
-0.32270318453674773,-0.17619420274291972,0.5301293181516471,1.1645615191105703,0.34121468194367477,-0.9940649367197787,66.46363476650424,0,0,0.7843079644137262,1.4322405785087444,0.26074420810976895,0.26074420810976895,0.5214884162195379
-2.2624683508909094,1.089732839609175,-0.49507995663113785,0.4362239314527815,0.6628811622450972,-1.3768647211765654,45.137947315863556,0,0,-0.779109926603246,1.662973797378562,-0.265144719067927,-0.265144719067927,-0.530289438135854
-1.2422080132579876,-0.7966034685247411,-1.1970990746873886,0.8016357846883023,0.2308976033801128,-0.4730925826591179,32.24492152238467,0,0,0.20705823131926637,1.2283319407260302,0.34442256915165625,0.34442256915165625,0.6888451383033125
-0.4059313219806741,-0.800351552630786,1.6449338077643432,0.5811578716240962,0.2781660074601485,0.21105038283008232,20.444120533902687,0,0,0.35065178708655387,0.20979848005255722,-0.09769763276084259,-0.09769763276084259,-0.19539526552168518
-0.49471760162915257,0.5813132170401243,1.038608416906886,0.2492000972178411,0.23352002811692044,0.5474668895740712,39.40367972375972,0,1,-0.8665190096086557,1.8005085637881755,0.12179643057547285,0.12179643057547285,0.2435928611509457
-0.8711244540136314,0.6589461567628869,0.5381657167429329,0.894150937416916,0.07165405718601484,0.14491429418617022,32.44855242318535,0,0,0.9757897103493383,0.6055543814994183,0.12143889020313926,0.12143889020313926,0.24287778040627853
1.0454330970004588,2.045535663507352,0.885359661671692,-0.09272287815874375,0.4577579901042111,-0.20107115417625598,73.3702936584321,0,0,2.235695572132707,2.823831124552255,0.3113901058987718,0.3113901058987718,0.6227802117975436
1.2734265784107492,-0.9081358549644422,-0.09736092241181392,0.2605627642447283,0.22581411535456292,1.4925830596860363,81.25513683436738,0,1,1.5687003523856633,3.5816637033343155,0.8706847547645649,0.8706847547645649,1.7413695095291297
0.23824184157934966,1.2533488760472478,-0.7995888526332549,0.5736727374658632,0.28273036393940976,-0.6552413026234244,82.97548414323929,0,0,3.0895560933702626,3.4858688540994374,0.6180230686199311,0.6180230686199311,1.2360461372398621
0.45408432586909625,0.03228699645197974,-0.22988422151742255,-2.3278698893731082,0.08879160485816175,-0.04079076784107509,31.985647004829985,0,0,1.5715959096305658,0.9987020833252414,0.07739157472406169,0.07739157472406169,0.15478314944812338
0.29362521781620576,0.01530997522530616,0.4205060467020877,0.7314805809006089,0.4770532580250146,0.3737948268590287,78.22082792595174,0,1,1.8025475838585678,3.1261158140428957,0.5068774533501845,0.5068774533501845,1.013754906700369
-0.9386272604043647,0.5281202429412182,-0.4897599606488047,-0.08538983510948028,0.2821510595831756,0.17847067243163622,50.24489920426126,0,0,1.3749032950017634,1.4583178008167812,0.10184513380984633,0.10184513380984633,0.20369026761969267
-0.5672307876161644,1.0378655208441452,0.5893865216358829,0.10012515124028612,0.35754270595546667,-0.8222727335980571,62.450750104901125,0,0,0.4605922526219921,1.3461418962183198,-0.016277377498480752,-0.016277377498480752,-0.032554754996961505
0.4476546120814747,-0.4613959645707206,0.1733942536370373,0.8595979952357604,0.24091533166474963,-0.6447174837874784,124.46259133943938,0,0,0.7131120743162729,2.635447888113525,0.5241045151255618,0.5241045151255618,1.0482090302511236
0.9997154915195546,-0.6275446175741564,0.8350702070819893,1.0134808047980288,0.2780774257321893,0.3125566205003164,22.72816444414304,0,0,1.7655479999599617,1.8519252306445475,0.5518928547553574,0.5518928547553574,1.1037857095107149
-0.45456588125302694,-2.521783537535639,0.6097131349406355,0.20787947050622935,0.11251953096477335,0.9052016064475683,74.17198119040484,1,1,0.08047433255396418,0.2458435211815626,0.10899828082178828,0.10899828082178828,0.21799656164357656
0.562795395548422,-2.148613955721956,-1.9486238879245255,-1.5790456179693926,0.5937456933650948,-0.5319513231959849,23.12705176892695,1,0,2.351183471059362,1.5371317964248525,0.3595527884548404,0.3595527884548404,0.7191055769096808
1.929088965160767,0.0926361957151181,0.37892648672819046,-0.8524597310025779,0.5728498193227508,0.8539886495581539,53.7254489322663,0,1,1.437310011471508,2.7013182361508536,0.6658543749468887,0.6658543749468887,1.3317087498937774
-1.425847833719589,-1.3672496008031059,0.006038317872060978,-0.23246796162160605,0.30293851813917744,-0.6667472704247295,15.043195920313654,0,0,0.6186779914037368,-0.8068631753045009,-0.17511530081863003,-0.17511530081863003,-0.35023060163726005
0.5909515879910671,-0.4049918004748786,1.0895421433406915,-0.47120142281663757,0.6700367525252482,1.0953131149987463,36.29511899289626,0,1,0.5627358077793417,0.9210259844248478,0.18014209638949238,0.18014209638949238,0.36028419277898477
-0.3097245337003004,0.8555063016205513,1.1061207794118986,-0.46212838750212754,0.26648356138155405,0.7808742923828054,42.79568369939182,0,1,1.020166385864504,1.4113756227725291,0.022791394611342247,0.022791394611342247,0.045582789222684494
0.8023695645295924,-0.9325946734957165,-1.0037236321815863,0.6846019730843715,0.28966913505864106,-0.09050730773721653,25.105914562597867,0,0,1.8578538461600718,2.6501930308266415,0.839190439889348,0.839190439889348,1.678380879778696
0.4814813289557507,-2.052090985476827,0.5695173997675066,-0.0039699327527115726,0.5949447154206197,1.9452310244474347,48.187584114761016,0,1,0.5808459874903226,1.5081154546413593,0.366019624562322,0.366019624562322,0.732039249124644
-0.7011221701486807,0.36852044463943884,-0.3544959127995577,0.3265331604935551,0.38491922405854645,-1.3998284431816037,95.76706101842264,1,0,-0.5958531824132646,1.278722034904931,0.04807024828906081,0.04807024828906081,0.09614049657812163
-0.018355002360178674,-0.5006523209853193,0.021405786215822703,-0.10217006851726113,0.9088271722897137,0.5867009520524942,31.613985754647764,1,1,0.3318058300861303,0.8472267798150894,0.11364219268903075,0.11364219268903075,0.2272843853780615
0.3043149355848481,0.006393215796962618,0.7485087767430907,0.8204491238616824,0.4872534709785511,0.15160749426514888,25.188447892910677,1,0,-0.02495393488794795,-0.04179814356872291,0.1512762603405281,0.1512762603405281,0.3025525206810562
-0.9433276537516184,-0.7363578491677429,0.7146981172214575,-1.102001457869283,0.6129209874510908,-0.45920162415544447,25.495304131907687,1,0,-0.5633232221956915,-0.12619863080347607,-0.5668266282439065,-0.5668266282439065,-1.133653256487813
1.3883385242119715,-0.07630350667635835,-0.8209673201580903,1.6686310775876598,0.5907239622108464,-0.8812937892083684,43.458986420425326,0,0,1.584927619295971,4.592124043136003,1.0679274402493075,1.0679274402493075,2.135854880498615
0.38632285801181326,0.6030339777383127,-0.4596075482329762,-0.20223697329759008,0.3535710315211862,1.5934342620550122,40.124558556335906,0,1,2.517332323648631,3.796539695104036,0.5880243580959116,0.5880243580959116,1.1760487161918232
0.203363424584886,-1.861671603895477,-0.6336416078964859,-0.2549636560011866,0.6049785892626575,0.8026513428374142,47.853767216470956,0,1,0.2062532954673042,1.1160026161708014,0.5052545931177437,0.5052545931177437,1.0105091862354874
-1.226151840505084,0.6225901033099136,-0.3186139834433992,0.04957158575362717,0.3764150257371425,0.31525340838507304,93.48887576198095,0,0,1.5626000053834275,1.1130852582761186,-0.01464415972513701,-0.01464415972513701,-0.02928831945027402
-0.5858172637611219,-2.080062540196659,1.1196164878981854,-1.4680551489648066,0.44517081250276647,0.24788641534509626,65.8006470637974,0,0,-0.07241029269122201,-0.6749091431197201,-0.44143538300504404,-0.44143538300504404,-0.8828707660100881
-0.82759947843779,0.9857835576288664,0.08396597934813582,-0.5562799955999853,0.1841086833062382,0.06482101011103579,37.805301935235754,1,0,1.3959785251162675,1.0669917323848797,-0.1945168526206656,-0.1945168526206656,-0.3890337052413312
-1.5651216187545463,-0.3791808918983117,-0.10168784056975579,-0.47965109570696,0.5092382407694698,0.48056584191996826,21.74110807456466,1,1,-0.08454341467896825,-0.5970328525133904,-0.2644171033378523,-0.2644171033378523,-0.5288342066757046
-1.2880052692342943,0.7436285429158346,-0.8879930032137398,0.8356365195292156,0.24357686404419637,-0.6300982967948348,45.29064946802188,0,0,1.9690568786393023,2.7331711823882365,0.26667311146607203,0.26667311146607203,0.5333462229321441
-0.0003270455887113407,-1.4388665625887398,0.021628005554051366,1.3076348048212558,0.36461891224769644,1.6546646403438532,76.03899633102392,0,1,1.753950733011255,2.5378918476334107,0.6430159919416484,0.6430159919416484,1.2860319838832968
0.9882056548873738,0.04760281611896512,-0.5616752602080513,0.25683795244549623,0.6191997744554278,-0.8824552068564169,83.71599238128367,0,0,3.4960618088212163,3.2257090607549874,0.6378890261851227,0.6378890261851227,1.2757780523702453
0.09728295843996587,-1.2625955882321138,-0.4641917910389867,-2.4889842679173064,0.20297582380687001,-4.986583155786332e-05,15.258597491223377,0,0,0.5116231340964391,2.1137381855309822,-0.02736994354699638,-0.02736994354699638,-0.05473988709399276
-0.6722200164798912,-0.08984033747251897,0.0018177600484194144,0.033702368524471164,0.25596137670543473,-0.18182377487125662,60.08057332694938,0,0,0.8305431570504536,1.03359124280968,0.09601418410007867,0.09601418410007867,0.19202836820015734
2.0780050625153925,0.5084801252165431,-1.5793893476654486,-1.5784668432238274,0.40848159595022476,-0.14729729224418994,27.35725456958309,0,0,1.2493367965649094,3.048618239832064,0.8871474591823658,0.8871474591823658,1.7742949183647316
0.39504701759072647,-0.5394884219908024,0.06390772846983014,1.2067061628624747,0.2963242230701149,-1.1721130829838289,46.2036263441378,0,0,0.656235194080553,1.582244540122091,0.5826427604404586,0.5826427604404586,1.1652855208809172
-0.2899495794196119,-0.4215151343343449,-0.566840265460502,-0.7039736919843949,0.40010762571608927,-1.9404070040051484,48.75261899191783,0,0,0.3780491614695385,-0.42501460595276463,0.16077788143476665,0.16077788143476665,0.3215557628695333
0.24738514454557115,1.2436666483732155,0.2180772918661588,0.8582262872594727,0.23238773306562963,-0.8459779105242902,74.39885605135247,1,0,1.7385618868168207,2.2355670364566262,0.319998512033159,0.319998512033159,0.639997024066318
-1.391943127462822,-0.5789069870734624,0.017183947682444096,-0.6914593961447485,0.8737428089272973,-0.03924533887217322,51.784653416791485,0,0,0.3556627699374657,0.4558434509917564,-0.3876855096283339,-0.3876855096283339,-0.7753710192566678
-2.032883835935389,-0.8262463898678005,-0.9308987914735792,-0.1864763823920284,0.3990089441332858,2.2149777109221644,40.893101176588445,1,1,0.9515394347079636,-0.23834007662556647,-0.13373763536027525,-0.13373763536027525,-0.2674752707205505
0.27678140610132196,-2.1702258933044725,1.2860333546218345,-1.0199206445357922,0.3514554928858335,0.5150201018449964,46.70709025210458,0,1,-0.49501842180164823,-0.4808715952781847,0.02663642138252395,0.02663642138252395,0.0532728427650479
-1.7259724930137132,-0.3618007844401734,0.9971524927421498,-0.4866027241091723,0.11241864438165715,-2.3445645273836813,18.64374866353879,0,0,-0.6188764619687285,-0.9140842299032468,-0.4772148114383614,-0.4772148114383614,-0.9544296228767228
-0.7561830154350352,0.3968035540818178,0.273595439295404,0.14531553763368138,0.3233764549557606,0.04408496788787803,63.022906980473564,0,0,0.9430471136834148,1.0991640895099437,0.0166242066178814,0.0166242066178814,0.0332484132357628
0.6459952759582328,0.01151088072432144,0.2667073449622908,1.4896602318985508,0.4722513036368294,0.9581322490714512,36.7842923785969,1,1,1.4102728448202473,2.2548132471714664,0.6370015902455013,0.6370015902455013,1.2740031804910026
0.8065359755745631,-0.12171045257670252,0.07021820812643269,0.5771614282244527,0.09510616336906956,-0.0855499233217646,70.66834408817326,0,0,0.7047824436393006,2.5626475934507567,0.6314456452448873,0.6314456452448873,1.2628912904897747
-0.05061691098519013,0.8724698316438196,-0.8395566952816349,1.438242380977643,0.18571599112883785,0.281695785520206,32.67738773468852,0,0,2.8010386000950485,5.013068498735375,0.724841528591161,0.724841528591161,1.449683057182322
1.4211283682170777,1.3966339975662025,-1.4540454435973744,-0.5075802329512806,0.3572298336781606,-1.1072832958946788,10.517050194541373,0,0,2.436936143998136,4.950897717780646,0.8807063386782152,0.8807063386782152,1.7614126773564305
-0.5333592162224061,-0.1573148108409556,0.32900564745733296,-1.9713141292563232,0.5063897373196585,-0.8355901498197266,52.8879837063874,0,0,-0.679436309084086,1.9838173841666,-0.35809190320574313,-0.35809190320574313,-0.7161838064114863
-0.9164951034889519,-0.37242041071389553,0.42305408764878566,0.09601343589326254,0.7580392753293332,1.0657666516905333,81.09744986420546,1,1,1.825964519993394,1.63198857845244,-0.15433753587789212,-0.15433753587789212,-0.30867507175578424
0.35798018017967015,2.0581632995930415,-0.5865910689080756,0.590376444606988,0.7148533277439559,-0.8081990666920656,49.10378558161177,1,0,1.8928351355410877,2.700320890699028,0.36398744698079266,0.36398744698079266,0.7279748939615853
-0.5659944699966171,0.706966727524734,0.7898076766731761,-0.04003772889036276,0.2574509985938735,0.7097853307016383,46.98607737484295,0,1,1.1628362937366739,1.7105545732829428,0.09876882867005354,0.09876882867005354,0.1975376573401071
0.6002569337996958,2.7084426960031824,0.37570157403007737,-0.0805001805029051,0.26132780021733715,0.44368865372940774,37.04008000164224,1,1,2.1758902286955872,3.7841185010494516,0.36820889063461393,0.36820889063461393,0.7364177812692279
0.8384367574123635,0.8668314458789582,-0.30664634271644314,0.3208779853318129,0.6912905168342831,0.7065889302001176,44.88806478307125,0,1,2.607133049389592,3.826634870884802,0.6940728007925776,0.6940728007925776,1.3881456015851552
-0.9690266139010882,1.5090492785921372,-1.1932081336743856,0.43058366881311877,0.1424933759991353,-1.3931396757060297,63.35355415144632,0,0,2.8509509477013166,2.5494250385949964,0.374484987662629,0.374484987662629,0.748969975325258
2.161862844080554,0.2623964713788823,-0.7888282072878744,-0.2953718840206393,0.8040207743447264,1.2615446110293094,144.29009706938854,0,1,2.3181856136370707,5.1874171198117764,1.0327318769794382,1.0327318769794382,2.0654637539588765
0.4061906044694606,-1.151045116329971,0.0832075137705776,-0.4714234074229689,0.27800167924559127,0.6835026578182226,82.77947848822672,0,1,0.04173624317643165,1.7956561641437738,0.4438510998668457,0.4438510998668457,0.8877021997336914
-1.6098752047333769,1.0070142189789804,-0.47204279035683955,0.21218113041249115,0.3088142747204965,0.07115680394221538,17.870343959518202,0,0,1.6077045076713552,0.6331601016197185,-0.042838465905511575,-0.042838465905511575,-0.08567693181102315
2.4205253528456048,0.5158832403346739,1.5275577492409236,0.20634733128476102,0.22628673134867078,-0.16952591613104087,42.286531910151304,0,0,2.2711759417258874,2.3382887214749433,0.6645180980713422,0.6645180980713422,1.3290361961426844
-0.9336056868910988,0.561541775737259,-0.05296067374590147,-0.758341150739785,0.02479682802797435,0.06648311876917516,57.485024528957744,0,0,2.0433049967291406,1.5767914547523625,-0.052210889965284474,-0.052210889965284474,-0.10442177993056895
-0.7955675229640624,0.9224632687678143,0.5682595398838857,1.3449947816005206,0.42439461644401844,-0.5958107510052817,39.22889342882411,1,0,1.1941576294860434,1.230418017729993,-0.007531652462863053,-0.007531652462863053,-0.015063304925726106
1.2379757504723135,1.0391390705020846,-1.5445531199478033,1.4245127441353742,0.5674918721529818,1.828227858056866,23.085677292662194,1,1,2.799665716711837,7.0476125618767345,1.1666491411484161,1.1666491411484161,2.3332982822968322
0.4879489965484697,-0.27662033383876294,0.90844786592915,0.5067603239773252,0.30047318498421477,0.6327139351080552,10.329566534894381,0,1,0.7845948848050116,1.1514529499577186,0.4558704824488655,0.4558704824488655,0.911740964897731
-0.5989576955100598,0.8573182342936488,-0.27949473318557505,-0.5145903531647139,0.5834354335927645,-0.878293367653245,64.28742504063793,1,0,1.9100389049365876,0.585469857726012,-0.13887008107390222,-0.13887008107390222,-0.27774016214780445
-0.023444431820703764,0.6769529770296348,-1.26715436612768,1.3797992975024191,0.29392029617616144,-1.5803670359335604,72.86344490678772,0,0,2.746011203138387,3.7665520879873697,0.7900325221064493,0.7900325221064493,1.5800650442128985
0.08428803680291788,-0.9396592184338065,0.9114401791225488,1.371551983339275,0.5875479102726021,-0.2516717675391438,33.456086703029364,1,0,0.8672337297489162,1.5206585889090882,0.12895166943350123,0.12895166943350123,0.25790333886700245
-1.2302085690145714,0.6240567803361309,0.5973379935542824,-0.6319512643127045,0.1969636893013601,-1.031977877401629,23.743091385434056,0,0,1.2223736719291192,1.0146773670847267,-0.29689527091463536,-0.29689527091463536,-0.5937905418292707
-0.6445537800315257,1.3871718389715806,1.8231876186507006,0.5740257947835564,0.6837564579584045,1.253164340059522,119.72089476061498,0,1,1.2979115624951407,1.0808577184851025,-0.1423532413609582,-0.1423532413609582,-0.2847064827219164
1.1176711577741028,0.7293729102619481,-0.5789627845955725,-0.20724055074031011,0.31739589383394695,0.9862110404270299,24.07494194339242,1,1,3.2191541842635885,4.2005458404575275,0.6868414231343717,0.6868414231343717,1.3736828462687434
-0.6576385920314367,1.963834194548551,1.0214771289233107,1.8330631915795628,0.6054452554299292,1.4063952857196198,56.18488174285252,0,1,3.5,4.938133215812633,0.27578073904920763,0.27578073904920763,0.5515614780984153
-0.4093506939928921,-0.33792014736869797,0.5481065679772191,-1.9688227245814334,0.5945796619946714,0.7244927186197633,76.18924581509724,0,1,0.5747009782734659,-0.49266492128448036,-0.23228884857637713,-0.23228884857637713,-0.46457769715275427
0.5902937600705442,1.2362595378786274,-0.3684980520994498,0.875415946748144,0.2957471294003168,-1.1299759266290377,66.96357394822175,1,0,1.9598490348086985,4.158076767920735,0.5329473836402213,0.5329473836402213,1.0658947672804426
-0.36150223849747437,-0.493948123393735,0.6483608896163201,-0.3287741101117421,0.5123652925278265,0.3314657758534426,23.199964699732753,0,0,1.4332201984954511,-0.2860454832930126,-0.08600703252167517,-0.08600703252167517,-0.17201406504335034
1.0985362436828685,0.7778140379344802,-1.280979821668358,0.9769393474750381,0.14365091773241698,-0.45021532277273324,42.71904819007871,0,0,1.716076919324161,3.9044479842771835,1.0707785712879687,1.0707785712879687,2.1415571425759374
-0.2508931610154503,0.9718076513026105,1.2254643731464907,-1.4819572051068037,0.4513813795189587,-0.7437009959947176,37.006969000204826,1,0,-0.22670523190273284,0.1913709542469607,-0.5149360751803288,-0.5149360751803288,-1.0298721503606576
-1.1123336303687676,-0.5585821742140158,0.3021548304469794,3.4101788339821066,0.21887856506589093,-0.08048883937346735,46.744036694724116,0,0,0.8773524097173998,2.6664254498947972,0.523373855299375,0.523373855299375,1.04674771059875
0.4061881720446423,0.6122664420284322,-0.6504604275813601,0.5113392670425142,0.20529994190958537,-0.15178855506712902,57.52737455590169,1,0,2.4003879069196925,2.1529216967548566,0.4996030642497511,0.4996030642497511,0.9992061284995022
-0.37554767428377583,-1.0657899519243725,-1.3718435319401916,-0.7078723135458486,0.45886734093302217,-0.3083695217909864,40.81523223756961,1,0,1.07155473558216,1.196456754504318,0.1591070499652068,0.1591070499652068,0.3182140999304136
-0.8041133782605496,-0.6416719222817144,-0.13884973486988747,0.5295358949028512,0.4438709564776145,-0.6818154662155901,38.65795324699907,1,0,0.4210161382540166,0.8913985171166299,-0.005817372713692925,-0.005817372713692925,-0.01163474542738585
-0.08851044057569231,1.1851376096193853,0.3598914035669275,0.543771240735494,0.4189026906455196,-1.6289690551233398,18.638582032069365,0,0,0.22724560889498457,2.28475084988004,0.2333831454315463,0.2333831454315463,0.4667662908630926
1.07746116615917,1.296682196396283,0.2032544875538882,1.1150169424471708,0.6065157500627913,-1.409947858672379,19.82559033728407,0,0,0.8791231606467931,3.662228453550286,0.6521124088881329,0.6521124088881329,1.3042248177762659
-0.8040317675913989,0.41683263444167296,-1.2916681815766407,-0.554258423002056,0.5193530495789584,0.5902844656642876,18.356758631617154,1,1,0.6360165168353151,1.0985891679074387,0.19462685698194915,0.19462685698194915,0.3892537139638983
0.2040135564766916,-0.8143870204377148,-0.2939933670979964,-0.8788788906361187,0.3063216659210224,-0.9129999033107047,47.330740879667566,0,0,-0.21643301648648716,0.5009030222395339,0.23008693643948613,0.23008693643948613,0.46017387287897227
-0.14924167060181878,0.35460487934836726,1.5086244960775355,-0.11855371645308482,0.34856674631556794,0.6531176962062714,43.52225389087331,0,1,0.06252583619413965,1.9631863365387618,0.02131925501714138,0.02131925501714138,0.04263851003428276
1.3253910669987603,0.03748138491225189,-2.387337568515277,-1.355437033915726,0.3727901355648639,-0.5419205771263327,40.30690629200764,0,0,2.5975660832985064,4.734811089651799,0.9028754651926159,0.9028754651926159,1.8057509303852317
-0.4017438353471866,-0.13316719515299413,0.2991835467041794,0.1825727939159695,0.4415863343837588,-0.9798818654567838,22.743493705815304,0,0,0.08140777741993288,0.9625565672184786,0.08857372848064063,0.08857372848064063,0.17714745696128126
1.0876638325195396,-1.5854014092654798,-2.192918363216559,-0.7266058239937303,0.36827161996004204,-0.6699732153167388,37.026731666082945,0,0,0.2786063997722654,1.1305488425009422,0.9078136759038327,0.9078136759038327,1.8156273518076653
-0.7317964401810317,-1.2372072314123346,0.2703738593683769,-0.6217070043799402,0.42854379189036884,-0.7338619080651604,55.49574470900019,0,0,-0.5469051310805882,0.33258895064845706,-0.13914302315380955,-0.13914302315380955,-0.2782860463076191
0.3745028477023293,0.4314085128159883,-1.3177453368318501,0.5925417724405923,0.36297726976549294,0.8927875383998106,23.096350941475393,0,1,2.715585299277545,5.602632902983163,0.9143077457552476,0.9143077457552476,1.8286154915104953
-1.8573208574854407,-0.49020326077181803,0.05088603489899774,-0.3499376889362358,0.20138786564946595,0.5223211290271729,20.53899570934298,0,1,-0.045818625824257886,-0.026902853707904822,-0.1425666395380972,-0.1425666395380972,-0.2851332790761944
0.563025649528682,-0.8234807875531474,0.03288516536199465,0.40361277353014435,0.5606711898426495,-1.139081889643576,31.58081819588244,0,0,1.1188101770999035,1.5876691982005344,0.4285016591615822,0.4285016591615822,0.8570033183231645
2.5019102335320462,0.26986710524078833,-1.0628181111379194,0.24638804609081164,0.2892915654159892,0.5353122698851158,7.565338647055664,0,1,2.9505906671572646,7.187625658301643,1.409274722435824,1.409274722435824,2.818549444871648
0.05248150825760782,-0.13222644763536784,1.0163197207701007,0.5590405425431255,0.06206915599725193,0.4846343762038244,71.55555470232501,1,1,1.8526010001612185,1.8238372287685016,0.23683518396113018,0.23683518396113018,0.47367036792226036
0.03493988067657168,1.8031874412001756,1.2673903935483166,-0.7808579961136176,0.04279059195773635,-0.6398371119644375,136.82206401622332,0,0,1.2417862673883233,1.3355899841350016,-0.07986690136149749,-0.07986690136149749,-0.15973380272299498
2.058093048779324,-0.9362175225707412,1.0324076277559062,0.03185541816095117,0.4558130328670705,-1.6538944672196325,10.697565425964186,0,0,0.8735475321013435,2.8098816464726726,0.5854752229327858,0.5854752229327858,1.1709504458655715
-0.4511624285610884,-1.6654053392730113,0.9295275960875634,0.19549927856695853,0.24249694885973527,1.969147964753668,23.96709773902883,1,1,0.19180634010910563,0.45842268220743565,0.006169051279347332,0.006169051279347332,0.012338102558694664
-0.8935883528880386,0.00528830650949981,0.013919309647288372,0.8008145420540276,0.16922395036239554,0.7821639993804399,63.803412539137256,0,1,1.5308405366791167,1.3178893339515336,0.3502658825516958,0.3502658825516958,0.7005317651033915
-0.3614684948921334,-0.16915280654480302,-0.6616409632733848,0.7678554469669573,0.5507254824169194,-1.0417236491068935,18.354015781211668,0,0,1.3196038412639919,1.0872566699953414,0.390389698024339,0.390389698024339,0.780779396048678
-1.6231696387986383,-0.5385163641652121,-0.004387655197530987,1.0439592393396417,0.13380968625853035,0.31103039640626523,83.4188264275206,0,0,0.20643875395114264,1.8850857910064058,0.04227612365892627,0.04227612365892627,0.08455224731785255
-0.7846762929463659,0.5472638248706538,0.684148616829541,0.5398348196478008,0.6360364910892675,-0.886177077747996,34.830022488415594,0,0,0.49806385050456076,0.46427461975015516,-0.08570054805230148,-0.08570054805230148,-0.17140109610460297
2.026618349210791,1.0000917889375558,0.7044965096438999,-0.6082442695194146,0.3999146528189313,0.7561577051527778,34.362326211325495,0,1,2.045794954126999,2.9792536722498877,0.7070004204673256,0.7070004204673256,1.4140008409346512
-1.6806780778724786,-0.32289725188602814,-0.6319641507461099,0.6075293057230094,0.6365289899171948,-0.8625447438937427,44.49846706138101,1,0,0.5578494938896101,1.4971225229745446,-0.17496943119013492,-0.17496943119013492,-0.34993886238026983
0.5065716841356884,-0.05610449775412304,-0.40741852933665657,-0.29752493121289375,0.24189906432057068,1.4993547020832974,45.314000138771746,1,1,1.6157671393971886,2.7190562395456794,0.4798618849567994,0.4798618849567994,0.9597237699135988
1.0995152199390108,0.13349198797991094,1.167998465717724,0.3738869449071833,0.6219604586577772,-0.8582268432850743,27.702288642457113,1,0,-0.6241889367420683,1.2634135338612973,0.16893373913045023,0.16893373913045023,0.33786747826090047
1.1886285407143644,-0.6381304112870655,0.7576925552450094,-0.24233731964079158,0.2779732879244361,0.6113648818277109,111.80013371838241,0,1,0.6962624395224138,2.0692706153910105,0.5557893226089129,0.5557893226089129,1.1115786452178258
-1.4427063569871479,0.08933541952912488,-0.23566737627528847,0.43873186696062233,0.3125702398748458,0.43125074070458075,82.38762834984723,0,1,0.24675548169551242,0.9043170570899149,0.1518439213071111,0.1518439213071111,0.3036878426142222
0.33123091075274985,0.34543945558444994,-0.9406965889081059,0.7217811955709581,0.1701917635861792,1.6615869774414807,47.78959518523558,0,1,2.349075899820527,4.425241515435147,0.8887724965126428,0.8887724965126428,1.7775449930252856
0.7658678893260348,0.7658141760835957,-0.7547842091027803,-0.08593185908710475,0.39786086286825856,1.1388952671867996,81.30618057054328,1,1,1.326119728266499,2.35510482660747,0.6295411932898405,0.6295411932898405,1.259082386579681
1.0824679486557987,0.44180791159495303,-0.0724061105409018,-0.30283932131083396,0.3851822788990325,2.253880817128502,36.28892039775078,0,1,0.22446042589280069,1.565911374408913,0.6720655451709042,0.6720655451709042,1.3441310903418084
-0.3306361389531547,0.5737020929710307,-0.7760558106383131,-1.2543268578214148,0.30605167061194466,0.557351995487971,19.775918220067414,1,1,0.9045786661859726,1.3084239781433398,0.13892292407882417,0.13892292407882417,0.27784584815764835
-1.6967826030131496,0.046705840461238164,0.9732693373941712,0.5893165501933418,0.17314156986061333,0.6469307381379953,50.997131359360374,1,1,0.7475004932940859,-0.49200737829946184,-0.2646953808021453,-0.2646953808021453,-0.5293907616042905
-0.9628158759747365,-2.0575721743022553,-0.3420974347357116,0.740498438216413,0.5743509837621837,1.2178859686536105,23.71995911740822,0,1,0.4888218614417317,0.8964455409367822,0.3011184731449606,0.3011184731449606,0.6022369462899212
0.07719742008628744,0.7063050869041282,0.3941338046271232,0.9964857794591149,0.444410920518728,-0.06634694359890138,39.817734556693075,0,0,0.6851162611711107,1.1844211580754285,0.3476146599843394,0.3476146599843394,0.6952293199686788
-1.7034225365013813,0.7673441077055564,-0.42168644147915574,0.9246354766685102,0.5339348063105871,0.4812180417729105,45.07164898111393,1,1,0.6411520116631452,0.9638313442723634,0.014102739190818392,0.014102739190818392,0.028205478381636784
0.329770639096606,-0.014039043448619545,-0.15139696136170516,1.877925969044988,0.6374182279958147,1.4521049347252961,31.228196156294487,0,1,2.0915469366184616,3.5973191420678052,0.8106894101557273,0.8106894101557273,1.6213788203114545
-0.784515325129033,-1.3241486280706685,0.9087567099608136,-0.1402521943002816,0.4161705434622824,1.5718348721760544,28.880339419297286,0,1,0.44070480560599673,0.7673428179470866,-0.04471709263250667,-0.04471709263250667,-0.08943418526501334
-0.5536103331151082,-0.3404475289324229,0.998941289477878,-1.478541763279389,0.3654919561837117,0.5821336137532324,29.666032203170932,0,1,-1.1343127517035128,0.5009616022468246,-0.22863356383174419,-0.22863356383174419,-0.45726712766348837
0.005426658294862042,-0.27032410195067763,0.6782204027909715,2.0822493521545304,0.14143352142578178,1.4188137345174343,132.44457713271893,0,1,1.851856729814736,3.5540164033514188,0.6931718139541756,0.6931718139541756,1.3863436279083512
1.1365382331756997,-1.2571133903013092,-0.09116820514617506,-0.015017117958234273,0.4834185286563351,-1.5486140327534148,18.667176152126167,0,0,0.7258447730803856,1.3128107597434362,0.5595641823113519,0.5595641823113519,1.1191283646227037
-0.2322624467694036,0.7283939071213608,-0.3010559368880129,-2.7353350078782612,0.14352237401115508,-0.024504493294840377,9.192114320054923,0,0,1.498314411603433,0.3213464024634835,-0.18560685016083434,-0.18560685016083434,-0.37121370032166867
-0.5193335351878814,0.45984479350199264,0.5472699635439572,-1.917644083008497,0.22403056694591955,-0.5115793132728611,108.14985288159275,1,0,-0.7008697351865798,0.8061848886541748,-0.46475605284082755,-0.46475605284082755,-0.9295121056816551
0.12191289705895207,-0.643608979945403,-1.291665205546898,-1.0959516287972157,0.2099568627961175,-0.36907288855340104,40.90082365783016,0,0,1.7342761233702506,1.6822059765313413,0.41064101614225723,0.41064101614225723,0.8212820322845145
0.8659332381242285,-0.6567754525941187,0.3773247411348682,-0.36450548011213874,0.4365159187823456,-0.5061917737941993,48.23185259745985,0,0,0.09269040317368293,2.532203736924849,0.32907505669716514,0.32907505669716514,0.6581501133943303
-0.6035709917277534,-0.14694928835246382,0.292583911173528,-0.44284476019902586,0.7195220554498634,1.5905667384135795,34.86763223294155,1,1,1.1383476501269116,0.9507045805617,-0.12576568828573897,-0.12576568828573897,-0.25153137657147795
0.8542933957830202,0.32833227120159914,0.079321150299918,-1.782331420912162,0.5861645855847745,0.832363832945212,18.03676175819603,0,1,0.8995773060455448,0.8220507760843991,0.2602523414487288,0.2602523414487288,0.5205046828974575
1.4211286309031523,-0.6598622030376811,-0.681253219872734,0.9966779326595886,0.37018792686432667,0.0363705242276544,46.10754982599291,1,0,3.3149902904549267,4.926183380598609,0.8383486504561718,0.8383486504561718,1.6766973009123436
-1.556158624902616,1.6322617858525978,-0.4837092636671883,0.8152075963589881,0.32474144578919384,1.302171944931902,45.85485105529942,0,1,1.3061595315785859,2.2518090547494105,0.23949104338926025,0.23949104338926025,0.4789820867785205
-1.7822514425501907,0.7015237137033179,0.9116080560612931,-0.3349699247256175,0.385172809958052,-0.015982184961655946,47.78123103832265,1,0,0.20548632909400769,0.5613958670916334,-0.6523202370880815,-0.6523202370880815,-1.304640474176163
-0.5578799771609468,-0.8954187794077004,0.07301998353807226,0.5281470455459258,0.39184520595083455,1.8354541760300644,87.99805158778655,0,1,0.0400166200183707,0.6430373366981857,0.3287528287866254,0.3287528287866254,0.6575056575732507
-0.9128073724161125,-0.4109753077386567,0.007882573756431855,-0.7433186140152083,0.452763979982274,0.9749076014659864,66.88390048091968,0,1,0.12804129324402447,1.7334972344535804,0.0002190637785902394,0.0002190637785902394,0.0004381275571804788
-0.9796602499768505,1.9539412490972894,0.29616543299348075,-1.0779968627118286,0.44287935549524216,0.23938224199540054,21.688685149989524,1,0,-0.5636898596372095,1.3631568176915092,-0.4397917458590712,-0.4397917458590712,-0.8795834917181424
0.11558294421763422,-1.5929823626508866,-0.22718635265338083,0.528712300221402,0.1382959232939184,0.44355946670333113,47.37626091194833,1,1,0.8401908778559352,1.4408974462220678,0.5043214144139934,0.5043214144139934,1.0086428288279867
-0.6721568753954874,0.07462134321075281,-1.867651174624421,-1.0632499498018968,0.5502748363613982,-0.10605220608441791,22.79615466276969,0,0,0.9486120112861808,2.7520309454794436,0.23922838161555918,0.23922838161555918,0.47845676323111835
0.33488467891710916,-0.12628012771571348,1.4724547619285953,0.7304197348617969,0.3908419633691317,1.2414976720514812,14.216691542096061,0,1,0.5788134316591688,2.029746857120277,0.30750114353903146,0.30750114353903146,0.6150022870780629
-0.5683989191011154,-1.744084589833681,-0.05943122776775067,-1.4976961792659274,0.16994117813015203,0.14420422642390507,25.883130113676145,1,0,-0.4211191418735251,0.20697094428750074,-0.2564480222585106,-0.2564480222585106,-0.5128960445170212
-0.20916115727034693,-0.6442593439335826,-1.3057958337030777,0.2314156632014933,0.18312719978255007,-0.5213928972917433,38.798987763643474,0,0,-0.06853150777924322,2.423135888593033,0.5664142508074368,0.5664142508074368,1.1328285016148736
0.7003716793396615,0.9795172678836892,-0.025144831782449528,-0.3895498878304482,0.4015587261969401,0.5762894672839454,53.73896893298282,0,1,2.207125050687853,2.8140380184457476,0.5351428591104977,0.5351428591104977,1.0702857182209955
0.022821661250515237,-0.303290100177505,1.7132402679128471,0.15442715664968806,0.07660793758619516,0.7851579936180675,76.66080366588693,1,1,0.3287097012680355,1.3580236403758117,-0.0011118106144250572,-0.0011118106144250572,-0.0022236212288501145
1.873919303857796,0.19033263973613326,-0.7403744133682039,0.1056333951747237,0.8269160014221578,-0.01698803135658918,30.26396275907857,0,0,2.693651796987901,4.949688035219875,0.8481339468113203,0.8481339468113203,1.6962678936226405
0.3470530782946016,-0.16473834624790532,0.06884233350070915,-0.4124844106814154,0.6630147248460381,1.0514628216031574,14.946269457366796,0,1,1.1633965608699925,1.4417594439750494,0.34865882066662857,0.34865882066662857,0.6973176413332571
-0.42768986629518757,-0.751732226168001,1.078183363476379,0.8324673746628353,0.1886199567759734,0.22648410501374655,27.399999289099696,0,0,0.4916591433691322,-1.2444952075603677,0.08762183528562079,0.08762183528562079,0.17524367057124157
1.9102895766480925,0.909443535430472,-0.18800872967237306,-0.11424776791907218,0.2104387183454476,-0.21483589680355095,51.888658145922335,0,0,2.390328975069674,4.26745436204442,0.8451731113610477,0.8451731113610477,1.6903462227220953
2.668040579068021,0.825012197425319,0.928612895543056,-0.3357023780761708,0.16808492324520774,1.638518799067014,53.50521183858839,1,1,2.6595870015037435,5.321499661982428,0.801989715487013,0.801989715487013,1.603979430974026
1.0359887161554786,0.19707760188445242,-0.7595228470171673,0.7648906200411001,0.14319616190083137,0.32249340001304144,91.710135102749,0,0,2.359248775277979,5.104311550773125,0.9004850996185094,0.9004850996185094,1.8009701992370188
0.19113679745728573,-0.08745023198521981,1.3660569208091409,0.28864946768600186,0.4898816966661483,-0.14522764772269728,61.070799924059116,0,0,-0.47972807451219823,0.8931647450478276,0.027371077693633783,0.027371077693633783,0.054742155387267566
0.20203041389710852,-2.037422721405299,1.6107809984443433,-0.08665890797857817,0.4964716581653479,-0.14795517077441928,26.98215184105467,0,0,-0.08889388818078398,-0.09878320614738914,-0.09255510516239268,-0.09255510516239268,-0.18511021032478536
0.8243459412530615,0.23573586401389382,1.7418341924328289,0.2539306466983857,0.939696931313979,-0.8000736439253866,21.12834981038896,0,0,-0.622176034597784,2.1965499949673712,0.007793594105989399,0.007793594105989399,0.015587188211978797
0.12910049305495894,0.17625466620913302,1.2493594750645212,-0.6282777053372745,0.44191906363175737,-0.4952830849366896,77.153808075965,0,0,0.18945017020853305,0.970242436242911,-0.11786150869113726,-0.11786150869113726,-0.23572301738227452
-0.3169955773565533,0.684939675115712,-0.3757730705124801,-1.2345864459198232,0.4501429648978757,0.9242149044620002,15.110084964725603,1,1,1.7622393609555136,0.9432805168079501,0.023651442011852375,0.023651442011852375,0.04730288402370475
0.917454989477707,0.02411364664796949,1.0782298779143429,0.3642122454213234,0.5309984169021785,1.4310242972640117,38.59589443464918,0,1,1.5971605715619377,1.1624851603640853,0.457795408031918,0.457795408031918,0.915590816063836
-1.174138297107275,-2.0812658647409945,-1.4276011309633065,-0.7425921260338658,0.49173928601033123,0.5494642177888973,74.61200369770248,0,1,0.0070452966114949445,2.1281904823932924,0.23362951429331513,0.23362951429331513,0.46725902858663027
0.5457530220042711,-1.7094666708739943,-0.762894782526676,-0.3855850440051007,0.11105572560253178,-0.5750815354043001,43.369144882891554,0,0,0.4169336469374153,1.4317937484677188,0.5645890162515389,0.5645890162515389,1.1291780325030778
-1.5539922399878348,-0.8273808953265132,-0.3607456458709486,-0.5270206769840069,0.19303691058332256,0.8507514225900644,5.735307608490652,0,1,-0.442292464598261,0.43268868332538407,0.003053634497896335,0.003053634497896335,0.00610726899579267
-2.2483884023765595,-0.23455314437041141,-1.1649705253238498,-0.6324118755115636,0.3053265768560263,0.08239447377251688,9.305439417398008,0,0,0.3499818806552594,-0.23979639877883568,-0.22036775313171753,-0.22036775313171753,-0.44073550626343505
0.8743649958646463,0.8766088313217284,1.3633481654967654,2.5278352320506055,0.7246665019761502,0.3250203862848564,49.35383326621325,1,0,2.9231218856761916,4.196104381961982,0.42597598372764545,0.42597598372764545,0.8519519674552909
0.7834980660320379,-0.4002123443474403,-0.8863362738028335,-0.30567353900775585,0.6201296296869365,0.348184123908545,42.68608364205872,1,0,1.2786075505492585,2.1575977877334034,0.41052109057933317,0.41052109057933317,0.8210421811586663
-0.6788290641466936,-0.3785925528963936,-0.9938447898003525,1.5409223334827051,0.16827591561548913,0.3201919741750968,34.222775186363165,0,0,0.8845610285224423,2.4057875231336756,0.6055535160741728,0.6055535160741728,1.2111070321483457
-0.0369450683144636,0.25802374003220324,0.47423673273491584,0.8842378057209854,0.2659877687319263,2.2659029160478816,14.431928422352078,1,1,1.386060178682524,2.0866793190248876,0.3406490402043838,0.3406490402043838,0.6812980804087676
-1.3040304141606323,-3.3213236195607383,-0.26825093244723897,-0.11209057323984005,0.4967122126376109,0.3426711820919446,65.90064251296347,0,0,0.21617060147233302,-1.7164021844629975,-0.1055005450427823,-0.1055005450427823,-0.2110010900855646
0.12098357392384919,-0.22818374794907464,0.892664810125079,-0.8785203792700831,0.6279619782263639,0.25708401087758403,17.672439930162394,0,0,0.06923298203780925,0.2569572877583405,-0.13135540057178186,-0.13135540057178186,-0.2627108011435637
0.5628265218044218,-0.6029592082564385,-0.0967848634779851,0.6085339762893428,0.2188450073863633,1.7461673718877322,107.15786282512757,0,1,2.07729536779671,2.2776179260866245,0.7358974100297495,0.7358974100297495,1.471794820059499
-1.2568214227775067,-0.04740117920783646,-0.21142873592644082,-0.7416737396955879,0.5333582183494696,0.5784978995098545,43.228378729318806,0,1,1.7449051646560916,-1.108663716570091,-0.06690292202296344,-0.06690292202296344,-0.13380584404592688
0.8490329008103721,-0.24987727986769495,0.8410950097389828,0.4900299739462676,0.3271586627747821,-0.11138162862106997,77.92869178219036,0,0,1.5702951082290204,3.2840493174853753,0.40237562632870844,0.40237562632870844,0.8047512526574169
1.4077401260212492,-3.503454466736055,-1.0800414284639661,1.3761150867134428,0.43830291338983407,1.462919870404315,98.81224463693718,0,1,1.8665810711523743,3.951150911555892,1.2742843659428817,1.2742843659428817,2.5485687318857635
0.7639450409708407,-0.2782418491009257,-1.9880175960223525,-0.34247044117213726,0.17703020130987232,-0.36441396711634044,21.79938597968546,0,0,1.7662339124183903,2.643645539286636,0.8871365548713989,0.8871365548713989,1.7742731097427977
-2.035785699611452,0.29500717041279323,-1.538178371807945,0.45492508779174157,0.2829810866280315,1.754647618003756,66.05313302676113,0,1,1.4008985923564532,2.734893773858423,0.2823503009183272,0.2823503009183272,0.5647006018366544
-0.2960582458501068,-0.0553430453538933,0.9507377849589475,-1.0574281269605206,0.16304661020102884,-1.1242342900920252,32.97894708409595,0,0,0.8347659431608518,0.5954954849088128,-0.18152687083013894,-0.18152687083013894,-0.3630537416602779
1.1013276982711775,0.04759848662946927,0.3012665125082013,0.8516559511813616,0.48696896646813903,0.573862020147831,48.310151109749384,0,1,1.1584543206937852,1.4562541243054261,0.7785186420244172,0.7785186420244172,1.5570372840488345
0.7070972120400866,1.0590955273417977,0.6791338639647473,0.20345821449340523,0.7072443656150956,-0.9787070568629996,46.30495703677769,0,0,1.5193955843767784,3.332009566320153,0.25546160016016994,0.25546160016016994,0.5109232003203399
0.5012364082431926,-0.7800823137633917,-1.6626365561685357,-0.5472500589452326,0.32284447310327313,1.4926421964773364,67.98901927877658,0,1,1.6581918886918139,3.491829605810611,0.8301385525102445,0.8301385525102445,1.660277105020489
0.03947343662508633,0.19122864242963244,0.023296877135035764,1.0586438206589286,0.21668127848030025,-0.6923932302341664,94.73219667519291,0,0,1.9872035151444098,2.863754404257558,0.4844796301686514,0.4844796301686514,0.9689592603373028
-0.11138645254692937,-0.6798083136211825,0.6128881860817155,0.6503789379616748,0.7551270166574658,-0.9508253030607257,31.802785906802352,0,0,0.9699224465764317,0.267939304048876,0.10981411718419204,0.10981411718419204,0.21962823436838408
0.6689103558574526,-0.2749901944133038,0.9933039503521122,-0.30706502010913334,0.39685367645757047,0.6164033233145291,24.228361424161278,0,1,0.588378379285288,1.5114246112189509,0.3182514445931611,0.3182514445931611,0.6365028891863223
1.6090523659893687,-0.2931212183993695,-0.36818042522889455,0.8089581383440619,0.4527529189390226,-0.995734545629245,71.16841978473889,0,0,0.24510041425727946,1.7517182041477954,0.9084861203839458,0.9084861203839458,1.8169722407678917
0.01568888993253411,0.152063436633444,-0.27568559032112017,-0.037847892192188516,0.20275431011447423,0.40829644151696415,53.71246542883532,1,1,1.014224810875914,2.520109294277369,0.3695700640296883,0.3695700640296883,0.7391401280593766
0.5505576418444187,1.1787115913979853,1.001282810439464,1.1496992294988984,0.6304211613365608,0.5450510204513679,18.15109184784666,0,1,2.5650144480578083,2.1924777674434273,0.4895187040087824,0.4895187040087824,0.9790374080175648
-0.2428047683799443,-1.757503771614204,-0.7625274965937765,0.262047603670155,0.3086820218546493,-0.22066418261333196,58.86766496454396,0,0,1.25211864014828,0.8820152013221536,0.4128555975197585,0.4128555975197585,0.825711195039517
0.6994515205426365,0.7697492205250884,-1.2299382458815686,0.15352760517883202,0.38451489167254915,0.19394981419021762,57.32321879248209,0,0,2.391218064345625,3.6816430110803395,0.7417842347766612,0.7417842347766612,1.4835684695533224
-1.6780198674959417,-0.02081727243281078,0.11314334814437088,0.3176213672972133,0.7450767458350286,-0.575049275115515,49.52132925498029,0,0,0.31734940783951354,0.7642947562459246,-0.2763836723775337,-0.2763836723775337,-0.5527673447550674
-1.7376948410252113,-0.6832696995591543,0.06926053277004587,-1.5135764704782362,0.8457668504497682,-1.2751546813495171,25.194443046246874,1,0,-0.15530798388411338,-0.44610893007103813,-0.7772196814904961,-0.7772196814904961,-1.5544393629809923
-1.1340463523871882,2.418074791338218,0.6939692435259223,-1.2271767899200627,0.4062504329642306,0.8130800802871527,45.450318151118836,0,1,2.3112042825980676,1.3413336664605073,-0.28859813834114223,-0.28859813834114223,-0.5771962766822845
0.15406469956778454,0.6709540457092742,0.03813276638625705,0.17159391535909976,0.4591457409910304,1.6640400430699323,61.84418351628009,1,1,0.490745663992481,-0.15940938777618063,0.31544083420079383,0.31544083420079383,0.6308816684015877
-0.6177178416177818,-0.4987834262104061,-0.17261289376754213,-0.19858451550710096,0.5089859080379637,-0.7444100678771272,87.73956819564363,0,0,0.138920313660629,2.4598043986643217,0.0471120102554909,0.0471120102554909,0.0942240205109818
0.17705309353492799,0.15672821558661812,2.397487693303945,2.0538206030350925,0.6767336132943484,1.744672659405683,41.984826374497494,0,1,1.6382419863642914,2.3691967584396894,0.22939921501858515,0.22939921501858515,0.4587984300371703
0.6033690495271133,-0.5564504146749086,0.19329507819009176,-1.3498005622408942,0.747954900948948,-0.7256371934070108,43.840933925417275,0,0,0.9555289396628355,0.7710813890803246,0.04394513923466303,0.04394513923466303,0.08789027846932607
-0.12089493072126704,-2.2490977149018296,0.693754392292749,0.8274322434320841,0.2813779621808297,-0.5500492947657472,28.951149068621415,0,0,0.6186549038018996,0.06298911007746699,0.2349305459880165,0.2349305459880165,0.469861091976033
-0.7837578293122337,-0.06535112056611814,1.8820718288948548,-0.13955555266491437,0.8783903110476737,0.4659634543508119,92.24170313530654,0,1,0.08554941110000422,0.6807143948767482,-0.3694416686954197,-0.3694416686954197,-0.7388833373908394
0.08866456340009451,0.2048294512037563,0.015010221981086452,0.3906721752791319,0.39931953140629756,0.9614950662811077,36.72313647649613,1,1,1.5110827652987384,2.4616779938172835,0.35600813292891975,0.35600813292891975,0.7120162658578395
-0.6268929664677595,0.03813772108284597,2.015706084623942,-0.05254074418206223,0.19090286242813934,0.5778030284308552,21.49974574759794,0,1,-0.8936970877728702,-0.07155425926588543,-0.1742593901637645,-0.1742593901637645,-0.348518780327529
-0.40625734738054,-0.2629754579426817,0.6120207028301186,-0.8030884041166814,0.3352252259541602,0.5759764481056909,55.83260696987779,0,1,1.6158429070536144,0.6524496935637457,0.026593421140821666,0.026593421140821666,0.05318684228164333
0.3771801770369176,-0.023722539713133897,-0.31885392419628666,-0.8964526439155586,0.6300162400608241,0.6282501439717392,7.0547583632486655,1,1,1.547710595099001,0.40160767417703214,0.22319293937412166,0.22319293937412166,0.4463858787482433
0.32622123004643117,-0.7540735128675439,1.2522654827289348,-0.17479632206172455,0.16612250315577295,-0.2793248292972584,26.224063223875557,0,0,1.6996550223433937,1.6172840201339307,0.08451079948413923,0.08451079948413923,0.16902159896827845
-0.44703157447649544,0.2218194551991975,-0.7072605080865974,-0.40328697761371024,0.26903003675585335,-0.45729079115974586,26.871903519479773,0,0,0.6831538580929609,-0.3653492216927783,0.23326960613376008,0.23326960613376008,0.46653921226752015
0.11145837441618026,0.7164733469534981,1.6106194998373649,0.016004487586092735,0.3583045169094023,-0.4689412258944926,55.36784789349467,0,0,0.3915797079723204,-0.09342613842443659,-0.06624022142044965,-0.06624022142044965,-0.1324804428408993
0.5603889288792515,0.3319400713502193,-0.4700296527462966,0.8320639153839132,0.5334481526400867,0.2238766903194195,10.109288522084938,1,0,2.099007887550897,2.8589090094886105,0.48205937182585934,0.48205937182585934,0.9641187436517187
-0.03431254555254999,0.2311173327804977,-0.5719094785372995,0.6082087736543138,0.317273721650718,0.017247174572975966,9.349913170997597,0,0,2.220759664292789,2.7918957554168617,0.48954445858509604,0.48954445858509604,0.9790889171701921
0.01248101546067685,2.301293303286135,0.6745947898452527,1.8373121774144672,0.2781965722440165,0.1941340550776952,20.204982658978576,1,0,1.4846796805924087,3.6336034017473655,0.31903284515907404,0.31903284515907404,0.6380656903181481
-1.6218139721587042,-1.4834836878662472,-1.9358788417080266,-0.16267372457400653,0.28403333349735155,-1.543911548873578,29.35728130079631,1,0,0.21678264538842623,1.4829500354044653,0.07433616250864317,0.07433616250864317,0.14867232501728633
1.3791777666475573,0.31636277765508736,0.39981542200368353,-0.731467914046486,0.4062687606462912,-0.35968481763632826,14.024776449016704,0,0,1.3422931613255171,2.2672851361698028,0.40904165473702836,0.40904165473702836,0.8180833094740567
0.7589197961786361,-0.010890769719405634,0.008562850482015771,0.5365430625790458,0.3417925268007489,0.774514241386413,11.140528919991175,0,1,1.006576382152213,2.792264388163097,0.7251612606560232,0.7251612606560232,1.4503225213120463
-0.20721989460614937,2.202920447019322,-1.3214463415542137,0.8246352277727057,0.540333943716535,0.08013736343900354,25.844942672958275,0,0,3.3747744449738537,4.5185073238933935,0.591450819159324,0.591450819159324,1.182901638318648
0.7315982338071861,-0.08383200409687208,0.24648995536004328,0.8038321395370811,0.42130125295040216,1.0001265410279645,41.09908579074292,0,1,2.063272732758546,1.8241733353876974,0.6941971996953807,0.6941971996953807,1.3883943993907615
-0.8563088477724147,-0.8825053440298408,-1.841469559844477,-1.2073913592772634,0.13286341955894146,-1.0222140434101061,43.82045245196888,0,0,0.6303945018613111,0.887870634107054,0.2561391604254555,0.2561391604254555,0.512278320850911
-1.7322566844311504,0.18331189968521278,1.4526901184947354,1.1110150840467328,0.2895774026494653,0.10488078231762692,23.67610997504317,0,0,0.5156150508289519,1.2969482935858447,-0.33413955921702365,-0.33413955921702365,-0.6682791184340473
0.034939313854397,-0.5452367006400585,0.04048766510587559,1.2429417583302236,0.4826030902671966,1.0252078966880351,21.638374435218537,0,1,0.08782759054842226,1.6504624991661498,0.6087804963912516,0.6087804963912516,1.2175609927825033
1.160101225983658,-1.0234547399171168,0.5474718949264976,-1.2158566273984501,0.4214447355905968,1.2882108022836432,52.80862118575993,0,1,1.548638033286691,1.8286798737955834,0.3843835969181305,0.3843835969181305,0.768767193836261
-0.173576082949058,-3.444995695995098,0.8651281931994279,0.5486928193348879,0.3118748666962675,1.8284529712762736,30.536276072146432,0,1,-1.4668465645153363,-0.34593646057771177,0.28498523374356527,0.28498523374356527,0.5699704674871305
-1.1425585461130117,0.9785673872687349,-0.4331533464250284,1.5881518840911217,0.6880122937444538,-1.80163600087338,36.953040425232956,0,0,2.2950049024869177,2.3161914989341885,0.23612173193959593,0.23612173193959593,0.47224346387919186
-2.304132009243858,0.9444970744528921,-0.3194833170707303,0.21416614294510697,0.16402360751880057,1.097651072054684,63.31193821816329,0,1,1.4573967218460706,1.093060407652605,-0.0756863929071126,-0.0756863929071126,-0.1513727858142252
0.17302454051134075,-0.04214391140196041,-0.38846931779707305,0.7722682700397971,0.2221810754694869,1.333031870780084,69.67523349970098,0,1,2.396336792943126,4.172953341328985,0.7195949517530182,0.7195949517530182,1.4391899035060365
0.5947198082637425,-1.1825445929712537,0.3924832544769563,-0.8490175986607765,0.10481932954480552,-0.0138382652526865,73.88286671392096,1,0,0.7126961078904943,0.9759009395648306,0.10219542347922445,0.10219542347922445,0.2043908469584489
-1.1282473951739698,-0.652309062341715,-0.14072462572813996,0.4208622287692489,0.3580139582625111,0.18673011358134023,66.18161180686056,0,0,-0.3552568539482436,1.859156038083324,0.04488199820694139,0.04488199820694139,0.08976399641388277
0.5810358167660093,0.7544791620082615,0.13979401523116933,0.47309528589422384,0.5350856861747159,0.3985843269003878,22.136859663484483,0,1,1.0669323326537836,1.6895141230510293,0.5886719321226538,0.5886719321226538,1.1773438642453076
0.5849511420728221,0.913255711771372,0.9048193113497632,0.5583613965537946,0.4469932915075812,3.233891530960253,61.059355133405624,0,1,2.342334441160739,2.570374274038003,0.4579527327013059,0.4579527327013059,0.9159054654026118
-0.31641147104554,1.0759386796510133,-1.7863864358330594,0.7391841495535875,0.4167935736097265,-0.9610961504353209,61.80166461063103,1,0,2.5176033582628077,3.407488075986229,0.5374324932438332,0.5374324932438332,1.0748649864876665
0.8822201577279929,0.5907744992275884,1.335568790236895,0.5700371026930505,0.8702084108999567,-1.0432048212571867,102.23033794646278,1,0,1.0005582821680445,2.1463154672570917,0.0469531701804807,0.0469531701804807,0.0939063403609614
0.9794260141576078,-0.4010023118587458,1.1674311660961685,-0.41489370342798976,0.29837768263072106,0.985010994276019,90.81868586023775,0,1,1.9774610993798614,2.0979732495768806,0.37111291697456184,0.37111291697456184,0.7422258339491237
-0.4658488163429467,-0.21021354645024348,1.0394525603896139,-0.7748297209563555,0.1332398557520825,-0.42515807440977316,30.932277672936888,0,0,1.0373809409886035,0.5077199177623243,-0.1905641470143839,-0.1905641470143839,-0.3811282940287678
0.498480966939349,0.015089208951188815,-0.020719135457986013,0.09621835312070418,0.36016815779813993,0.7992086006139877,26.460726534929957,0,1,2.090800459097159,4.0484712189899525,0.5750118262339479,0.5750118262339479,1.1500236524678957
0.04659317484524103,-2.3802560773972075,0.13153302979269443,-0.9297546636309344,0.3091612255489744,0.6351633844948503,59.967038149033705,1,1,0.7150440978769798,0.7261316624563057,0.10255428881695267,0.10255428881695267,0.20510857763390533
-1.294617186057766,1.3421939705898114,0.6282263804470678,-1.6497617465183354,0.5859863238238258,-0.7364007624978882,34.08291299023783,1,0,0.23679304039015514,1.153064946305808,-0.7382964478855479,-0.7382964478855479,-1.4765928957710959
-1.4639151472956629,0.38813160078160935,1.2933309177596617,0.6668733000053133,0.6126098664254522,0.09643412647120203,24.29458538598884,0,0,0.42579609036427807,-1.2778887530611946,-0.3814182170910633,-0.3814182170910633,-0.7628364341821267
0.12909297078751655,0.05527626540546927,2.1432270708268324,-0.6753533417381901,0.17798956604228347,0.01920778778286684,89.55008203614646,1,0,1.016614774809004,0.5051429260870695,-0.3996450211244207,-0.3996450211244207,-0.7992900422488414
0.8298561451764139,-1.1433754735111823,1.455575696723801,0.1273131623398242,0.4438609691053229,0.8396982795135504,153.0369514492614,0,1,0.16091311339486702,1.3491200328994213,0.3285228040060506,0.3285228040060506,0.6570456080121012
-0.7038349106020447,0.2816354365327759,1.016640161664291,-0.6815806736610758,0.43156961129169696,1.4443165708279364,50.95956758724117,0,1,0.17607438272986442,0.6920741568523603,-0.14699583850371747,-0.14699583850371747,-0.29399167700743495
0.7065773178382898,-0.7058374771706547,-1.281885734360034,0.5880228607197153,0.24268340698482085,-0.7730472052864855,115.86904024168346,0,0,2.864954498776833,4.823885590872557,0.8674566078071204,0.8674566078071204,1.7349132156142408
0.9088144711984164,0.1368018235955345,-0.1777753637008273,1.1921419365041463,0.6856037270405277,0.4302826648754645,9.995625093859623,0,1,0.7486818025693087,1.7680073907311362,0.8436192860307583,0.8436192860307583,1.6872385720615166
-1.6604302399043007,0.5116693228977717,-0.4802122446458148,1.1986912695267924,0.5869843470275318,0.8369218742586779,19.777533975497878,0,1,0.4134989850773947,1.3379066226117984,0.21561441187709005,0.21561441187709005,0.4312288237541801
-0.5160869727902361,-0.9771540004046319,0.8470439481720637,-0.06267453784313137,0.256073781026462,1.5879648529442396,35.63084376746894,0,1,0.9848446119627419,1.0108033598931634,0.09640685476276539,0.09640685476276539,0.19281370952553079
1.1509524240341311,1.0155595194091431,-0.20583284261297052,0.9869390339524804,0.46872171498122756,-0.4738786056823882,25.049591748885746,1,0,3.277231631358071,4.918869009928473,0.6327057186203622,0.6327057186203622,1.2654114372407244
-0.29186508880372775,-0.02262647383574107,0.8933290449259361,1.481551185337131,0.44259631614581463,-0.022795771601147603,16.88348821084167,1,0,0.9785076453841789,1.1371797736836033,0.08220148273693834,0.08220148273693834,0.16440296547387667
-1.0115147211124231,-0.8782893377138865,-0.0881396736167603,-0.3168449041018628,0.3002804545340523,-1.0512375493922106,107.42250581845043,0,0,-1.5,-0.19882026924303708,-0.05293278554229906,-0.05293278554229906,-0.10586557108459813
-0.3628674179823759,0.49064159693662396,0.5688892559139318,-0.5305016094850243,0.45859456356676775,1.005562000682312,27.04860054816916,0,1,0.7167373874441365,2.120393112290911,0.06768850170054112,0.06768850170054112,0.13537700340108225
0.0796674891460081,-0.752654138903266,0.2625497828045433,-0.35826120623654695,0.6658864187623064,-1.6054087980594318,59.9615823671101,0,0,-0.42688202630820904,1.3861936979233933,0.0802461871183508,0.0802461871183508,0.1604923742367016
1.3336156838416975,0.03211533458310546,1.2383048673717478,1.6861293711961265,0.4150766629745247,0.7222734293500948,44.07610882298619,1,1,2.9557601964090763,3.2973704294499204,0.6648702083553076,0.6648702083553076,1.3297404167106153
-0.7429991766830502,2.2798649550125916,0.5163892085553122,1.4905886152675345,0.06187299576621066,-0.2239837296164039,30.526372648584804,0,0,2.678793893596619,1.5052069780967658,0.2718110364108429,0.2718110364108429,0.5436220728216858
-1.1485067879581337,-0.6576929310655862,-1.0491303804212198,0.7831608414981435,0.33784590307640144,0.06070494158480877,10.599524600456828,0,0,1.120355255437992,0.366393798819199,0.3091127177957204,0.3091127177957204,0.6182254355914408
0.10653165223804005,1.9580942159728758,0.07854448148842123,0.36768326830989745,0.4402071730773275,1.8290694986635352,51.32047299022086,0,1,2.5590570130929406,2.8671405196718656,0.47308234345642153,0.47308234345642153,0.9461646869128431
0.01954775367746125,-1.6300887885592839,-0.9040233289951688,0.8519915598900308,0.36789497372056224,-2.7748943880515027,34.20058571014994,0,0,-1.5,0.8974645252543054,0.609422190495897,0.609422190495897,1.218844380991794
-0.4309304995366871,-1.1475031482088949,0.24013549706414627,2.0013669530331244,0.5243985684533629,-0.7573128035143191,55.31621574368802,1,0,1.4870929184701631,1.1280125549487312,0.26090004589277077,0.26090004589277077,0.5218000917855415
1.2437990322745724,0.9124439159360239,-0.3454450712852187,0.6923999220518052,0.21482639286860922,1.469014189435569,28.021727992621315,1,1,2.7075400514098487,2.981138755656206,0.857335296400487,0.857335296400487,1.714670592800974
0.6430679620468944,0.667940777558159,1.3173044976461215,-0.4972063395015634,0.24961645265460197,0.4225844745897883,31.205711102216597,1,1,0.17134820086560532,1.1114473481785365,0.10084695014359782,0.10084695014359782,0.20169390028719564
-0.5923148897386944,1.3554825526936498,1.1155998574938881,-0.4086229531401885,0.5246497863141117,1.002258118110882,31.2758190866402,1,1,1.143148328484642,1.478369894318202,-0.2507482180561106,-0.2507482180561106,-0.5014964361122212
0.6123965859346733,0.6301087793297677,0.30391211197932994,-0.14603833562110533,0.42613163793455183,-2.369604678846548,33.30403350171137,0,0,0.08229192919221973,2.468972954365783,0.31605188591016453,0.31605188591016453,0.6321037718203291
1.1077130991931552,-0.41635377405971524,0.48322701177060745,0.9653562917734159,0.04355656774364601,0.7147112198279333,48.32049023671571,0,1,1.895819859826322,3.5244841829182207,0.8671602814452897,0.8671602814452897,1.7343205628905793
-0.3649482210468145,0.8669183472943142,0.8905582330798371,-0.7820964452482662,0.36067247223171883,-0.43833529856652936,36.7308292217762,0,0,0.6561524097374757,0.42556840294442255,-0.1854470666509726,-0.1854470666509726,-0.3708941333019452
-0.12833077842269672,-0.011398579595323872,0.8673046243504904,-0.02651209205472206,0.6051260957555428,1.7195855815175314,27.70504714937204,0,1,1.2726073117946333,-0.267633181242233,0.12325792513335684,0.12325792513335684,0.2465158502667137
0.6215620545698481,0.18590440358371618,1.245683053917575,0.649194001027985,0.37617031467730977,-0.7428677308549106,44.781205150392815,0,0,0.9361465436715721,1.3239815121083456,0.26656114808017395,0.26656114808017395,0.5331222961603479
0.5761060305152987,1.261065329506151,-0.9985868298421525,0.6001905884753242,0.7724713087260273,-1.2401350321138918,33.133187071472186,0,0,1.4979437708031396,3.759909714401425,0.6436399829408691,0.6436399829408691,1.2872799658817382
-0.21524489877117592,-0.3495079229592465,0.456907632261959,1.13633395097936,0.4702614815580991,-1.268560770710243,106.19760342405124,0,0,-0.09430720560487049,0.7806626147894544,0.2708891048487808,0.2708891048487808,0.5417782096975616
0.13684652467542524,0.4503921185171883,-0.1474278956979988,0.29726573069625173,0.42963810335494285,0.5357309679351369,16.381854700208216,0,1,1.335747630301641,1.9268601661527032,0.5211458506828178,0.5211458506828178,1.0422917013656356
-0.988431708275342,-0.10853536381754934,-0.04509418939154842,0.2331200125761348,0.47053912955657984,-0.5156957165010072,49.93997406478117,0,0,0.7003980228472627,0.6274755352022288,0.0021920545191699975,0.0021920545191699975,0.004384109038339995
-0.9110035893453232,-0.14560915975394165,2.508184987413917,-1.135944954432418,0.6173518633200548,1.5466814565301417,52.088340021627076,0,1,-0.9726281771555503,0.48286453569084486,-0.6595162412424005,-0.6595162412424005,-1.319032482484801
-0.66149728201122,-0.9295787429626817,1.1370039124101234,2.1152779314727685,0.20886408239964002,0.15427091692282258,78.55584681931497,1,0,-0.379986233130291,-0.21906400409516869,0.0952625481958159,0.0952625481958159,0.1905250963916318
-0.9486166887947968,0.7326470571970736,-1.4545325912110565,1.243281958293546,0.5809035914045444,0.8748842432075155,42.558517523289424,0,1,1.8897270850524808,3.416321550936749,0.6387583877596369,0.6387583877596369,1.2775167755192738
0.6680792099747485,-0.4187205131381478,-1.6420348331294934,0.6892000934040898,0.3649250239707717,-1.811346469195218,64.72927714508211,0,0,1.2500080150241009,2.9758200587903656,0.9247838531411692,0.9247838531411692,1.8495677062823384
2.4759024272056513,-2.2341101481418915,0.17663222310230703,0.9041189283078112,0.1766978801557446,-0.13381155574636197,151.095189777109,0,0,1.875888301370912,4.027621220256158,1.1147275063931024,1.1147275063931024,2.2294550127862047
-1.385647180571767,-0.8806723408217444,-0.5803588756919769,-0.6379481228560689,0.2969178368094844,0.45057356357664197,40.96093484703832,0,1,0.1636591379174368,-0.35770478197032196,0.05360679914377152,0.05360679914377152,0.10721359828754304
1.0999981498457618,-0.6347316147521486,-0.88974464443299,-2.512611118354233,0.48465305502640577,-1.7593745309245339,40.01131170443529,0,0,2.4752345530074553,2.253725880456137,0.27515656922197185,0.27515656922197185,0.5503131384439437
-0.8344957932777984,-1.0859595369314399,-0.02796744523373076,-0.6158145364331492,0.6567615345981953,0.49217434427998236,8.559289818713278,0,1,0.13056014243719155,-1.3773332810612715,0.00402463097210351,0.00402463097210351,0.00804926194420702
1.5933158043813225,-2.2847818628116405,-0.1651947785642827,0.30080278944330563,0.08231876429994106,-0.5861926067510514,37.714304400358266,0,0,0.5239154670843998,1.5549246373457226,0.8568592751787217,0.8568592751787217,1.7137185503574435
-1.1988702409577623,-0.32012026689990913,-0.1934528879457273,-0.11397401102543941,0.19524074381260598,0.1928519373763859,18.223708816312655,0,0,0.42890315106656773,-0.4985161120844813,-0.020497132619717966,-0.020497132619717966,-0.04099426523943593
-0.2721232422269886,0.28748478487415374,-0.39821316029966575,0.16805816829421857,0.1274081614699585,0.06210466017601908,32.12250638542684,0,0,1.7744251133834004,2.4662062022774736,0.35108489898253903,0.35108489898253903,0.7021697979650781
-1.9415743366385585,0.8426923195041583,-0.33439539592565143,-0.45611984599800237,0.31786503431928737,0.9054979493419004,18.46638351022851,0,1,1.6601586995633224,-0.12940243924948702,-0.12846300767142246,-0.12846300767142246,-0.2569260153428449
-0.04270991941605649,-0.36522853705116654,0.21548044227750665,0.5571560745352361,0.2483899520909861,0.7226689859977907,58.296741240223696,0,1,1.1486429374746279,1.8538743186082094,0.4813100301769585,0.4813100301769585,0.962620060353917
1.8873214530634772,1.1977698511334973,0.5142061213499975,-1.0205612624492868,0.4828934063894216,1.5006633428494596,10.384165329879506,0,1,2.2802112400015853,3.079990386273087,0.6157292153864413,0.6157292153864413,1.2314584307728826
-0.2492977647905817,-0.5640342484475847,0.39728440324436365,0.6248705067875244,0.3028033969940362,-1.0082010088810145,23.882399033087193,0,0,0.1016337374361923,0.6832310266387726,0.22259793308806286,0.22259793308806286,0.4451958661761257
-0.768149377236418,0.21404277555378562,0.8544608378441423,0.15799074712827957,0.25555736305443644,0.048239127955228375,60.167482748483934,0,0,-0.12734065807799533,1.0325951148898447,-0.09595864260188272,-0.09595864260188272,-0.19191728520376544
-0.05361880589827512,0.4089623457353332,-0.7915303247372554,0.33351180296214916,0.7351178822375731,1.720915741799724,25.539747503709016,0,1,0.7019202592611833,2.187143697704838,0.5427272385868485,0.5427272385868485,1.085454477173697
-0.3929046206805943,-1.660115815790041,-0.8493979570435408,0.6985311421053892,0.22876190682672862,1.1389262071458452,28.858675148804235,0,1,0.32026200064928256,1.9592122744422218,0.6476870046995679,0.6476870046995679,1.2953740093991357
-1.3801818348630235,0.2878782761506392,-0.9088121136168372,1.1536227761733169,0.306914700919514,0.8936720894006169,15.350667005582014,0,1,0.8997689913504391,0.9491705534857992,0.4474803227245714,0.4474803227245714,0.8949606454491428
0.8460654965777704,-0.32077547050478866,-1.2962002341307834,-1.1423419224361664,0.433464599358641,1.817547964084463,110.54484544607043,0,1,2.059947683015859,2.5371172295830764,0.7124093406659644,0.7124093406659644,1.4248186813319288
1.324592480586226,0.10893098464366704,-0.10638372894950422,-0.4537314235996467,0.5561132649039383,-0.24412618290213978,14.70756318863865,1,0,0.9003688652534666,1.758190646337815,0.3791514751081526,0.3791514751081526,0.7583029502163052
-1.1857455577829716,2.8019875722636454,-0.05272386383111982,-1.072352980787281,0.30544080106715915,-1.7534534263742865,83.19686130875789,0,0,1.4555939791178725,2.400678008417353,-0.24673883493421445,-0.24673883493421445,-0.4934776698684289
-2.845437218581668,-0.02494841265258864,0.030096282862014507,-1.6242622172045766,0.20875735240827265,-1.230899366321649,12.177981294017638,0,0,-0.7124583318870604,0.06416091266569765,-0.8058125671073194,-0.8058125671073194,-1.6116251342146388
-1.297806219904752,1.9190036617120112,-1.0731944753347666,0.677240566713381,0.7837203045838903,-0.9833500928457585,15.779550178472851,0,0,1.6274384042358867,2.0626154649024047,0.146527471908593,0.146527471908593,0.293054943817186
-0.35064335359158166,-0.1316948083564001,1.1963588254762467,-0.2841468143683155,0.23889116856531165,-1.192786232675029,26.885971163572155,0,0,0.5097345360530721,-0.08670780092295383,-0.12985938765238875,-0.12985938765238875,-0.2597187753047775
-0.06790076370680434,1.4535720128485428,0.25585470109468295,0.4572306865005659,0.3552371629001833,0.3798309224798423,44.3333879106465,0,1,3.0156752282582975,4.33437299192151,0.4217443563953224,0.4217443563953224,0.8434887127906447
0.49950002880172584,0.967613391088671,0.21449526434154986,1.1090639842384444,0.2616169664969708,0.3411567760125198,69.62828585256446,1,0,1.6178582446779037,3.587278993807244,0.4295144951129891,0.4295144951129891,0.8590289902259782
1.3405397135358033,0.6943646106046504,0.14198623759071397,-0.3317169329109231,0.28765878445735077,-1.4684636505480222,36.68062910057627,0,0,0.9625288510826125,2.6696576343576535,0.5553669913263376,0.5553669913263376,1.1107339826526752
0.4989258759891764,-0.610597793670134,0.1899556855885414,-1.1442448450743081,0.20650638879251398,-1.0042308416610033,26.157091490526053,1,0,0.41799507966119587,1.659940649705417,0.042383389023911505,0.042383389023911505,0.08476677804782301
-0.4543231971790022,0.5514793921398051,0.7821425179557748,-0.5203918296521443,0.597184225336264,0.14250020132191396,20.63693275679251,0,0,-0.030554825045448375,1.3683778579091395,-0.1962765925784804,-0.1962765925784804,-0.3925531851569608
0.5228254730392506,0.993513141042005,0.8650127304387978,1.224889491902689,0.5136027587220472,-1.546159437298854,127.0450832824269,0,0,1.1057013550479797,2.4500288532982464,0.39330377820364737,0.39330377820364737,0.7866075564072947
0.550724196873388,0.7058073290170901,1.3578863502772653,-2.0210456574211224,0.17810170269865352,1.5701385606571259,36.28830261249561,0,1,1.5698703020060996,1.2194481928606018,-0.05106484891992852,-0.05106484891992852,-0.10212969783985704
-0.7470286531647186,-1.1736693705502463,-1.661652090036049,0.4844458734637254,0.7868855696110896,-1.617246185751439,32.533749430046804,0,0,0.749254221190989,0.5726435019067457,0.39474315743861865,0.39474315743861865,0.7894863148772373
0.22731189928278644,0.907608904031541,0.766532612824121,-2.4400409571242982,0.2554617123927862,0.7976445497252923,35.209560222940006,1,1,0.5199732149315676,0.5440512075673933,-0.24550802627876875,-0.24550802627876875,-0.4910160525575375
0.8798132067325648,-0.8957631282522648,-0.5055424959221971,-2.405777508443244,0.17439654818415112,-0.43429393591315696,31.632299941541465,0,0,0.3313485292828401,1.0244506504390507,0.22267192390402135,0.22267192390402135,0.4453438478080427
-0.7996876894826657,0.015051386156096032,-1.554483164143155,-1.0212743926855015,0.1611665441687888,0.28175149900499674,13.585279210585536,0,0,0.14814986236735783,3.007216540339792,0.2355643817724481,0.2355643817724481,0.4711287635448962
-1.0559391808576208,-1.5930768626664555,-1.618031278291357,-1.4119094946755844,0.5748418626174462,-0.7948731761977015,16.320896435199113,0,0,0.4741751654351425,-0.8964177959066785,0.008198154514172468,0.008198154514172468,0.016396309028344935
0.5132474332580511,0.2299291034890342,-0.7611204791814766,-0.3005124589357075,0.5023263988942692,0.3024977703277913,20.44287278725877,0,0,0.6528371308032539,1.9944870154466239,0.47650520838912724,0.47650520838912724,0.9530104167782545
0.008579207684086942,-2.260111383970245,-1.288828709232188,0.3408553072807295,0.18180924087586178,1.149442136345455,43.62802385608818,1,1,0.014439771544999758,2.350179631653349,0.6636642316829503,0.6636642316829503,1.3273284633659006
0.7744750468649726,-0.23969388308229075,0.6557955645663258,1.8957096752192655,0.0876495317429399,1.6184371834847777,26.129666909720246,0,1,2.7002695120675146,5.039542645432051,0.8927698428387629,0.8927698428387629,1.7855396856775259
0.8861591759116568,-0.8447543252763069,-1.3148862445603493,0.9476617909642792,0.28828361315029083,0.053957538578249004,21.477829705507087,0,0,1.1506006501923371,2.5304329869093563,0.978790598276041,0.978790598276041,1.957581196552082
-0.17237642289009425,0.5278067949203298,1.2946611537776547,1.302231703496946,0.3325029644427565,-1.1518996712427096,17.573309119920843,0,0,1.0065237925307262,2.3441910099736423,0.16151014292287835,0.16151014292287835,0.3230202858457567
0.1847656265122137,1.2946243238124997,-1.26065254287609,-0.389631483060849,0.7262046735879869,-0.6097936639861626,50.865965454390206,0,0,1.7544525782443765,3.5010036846763564,0.42465514624408995,0.42465514624408995,0.8493102924881799
-1.3924227338873354,-0.3593067600833842,1.505015343118482,0.7146019208073802,0.1024891582555646,0.8254371608830375,32.10886174315148,0,1,1.320857113155739,0.2791395424907943,-0.11695079321052701,-0.11695079321052701,-0.23390158642105402
-0.22936774679730584,1.953801061123971,0.26902618833586395,0.19141972870119964,0.39508142592777595,-0.27653132784630874,20.685410933627267,0,0,1.9247396325997141,1.4003457337390839,0.156227278406414,0.156227278406414,0.312454556812828
-0.30075459899515966,0.18024768984996292,0.05587792711369193,-1.2007720445261039,0.13460164781565664,-1.372418454534344,7.455826918796232,0,0,1.368154995686611,1.0341140008967047,-0.004947795174113218,-0.004947795174113218,-0.009895590348226437
0.24584754124025973,-1.4179408563888773,1.9525455000109606,0.9352788903878807,0.23203862199420205,-0.5267980146877184,43.14832985060093,0,0,0.8098151951083181,1.1476491514799037,0.09193823253607145,0.09193823253607145,0.1838764650721429
0.7648027746077259,-0.482310647679069,1.1083243162109457,-1.0378331911816165,0.5258893109439128,-0.993339973022399,61.21739853110889,0,0,0.30092284710414463,0.530335911364266,-0.0027099817154748185,-0.0027099817154748185,-0.005419963430949637
-1.9878820952065834,0.0008834570492440509,-0.25132897587879494,0.870027969190676,0.3882122778644436,0.5413227873622797,61.70948050504108,0,1,0.3803146969712814,0.3680170665673368,0.06211947580234678,0.06211947580234678,0.12423895160469356
1.65301858927046,-1.4359932389960142,-0.22977113907778685,0.5531193801465151,0.7170771341880285,0.04190301308835474,30.471587840178817,0,0,1.9779327644014941,3.8003771335973267,0.7808578318140879,0.7808578318140879,1.5617156636281757
0.2035882843103424,0.4937046741867305,-1.836668244651579,-0.08074369312491121,0.5661407246857704,0.0058360938249707095,17.72188474602866,0,0,0.21051591620043686,2.129157295771225,0.6506640947431743,0.6506640947431743,1.3013281894863487
-1.7352838143508604,1.0382165803868886,0.0989366406621867,0.42268904301889776,0.23501432546010725,-0.08795780143048791,79.541582957951,0,0,0.8820130407085586,2.0043697135032064,-0.14796493933094615,-0.14796493933094615,-0.2959298786618923
-0.2333235152330279,-0.4748710464977321,-0.10257404121927848,-0.02170350221255108,0.1556409882908842,1.4892831632759889,26.781385763975205,0,1,0.6188620409644141,0.9818660321861865,0.41597523721492213,0.41597523721492213,0.8319504744298443
1.3968585387038002,0.7362929492342819,-0.45079846240692,-0.05662186562744466,0.6684724066287911,1.0202242129219097,9.91558731409671,0,1,2.2435575672289167,5.412128100833133,0.8196707391627366,0.8196707391627366,1.6393414783254732
0.569131322784928,-0.050000953913321905,-1.7980476817752,1.1855154390948877,0.5166119689830667,-0.6123592711823685,42.82931595054968,1,0,2.2323155908134056,3.4076811900598165,0.8443331668514675,0.8443331668514675,1.688666333702935
1.7596185012696333,0.5008132826590451,0.11111058398889351,-0.910889270323668,0.3792758425617498,-2.452608548154835,15.192177272891751,0,0,0.7918543120239558,2.078273898594654,0.5532625810048605,0.5532625810048605,1.106525162009721
-0.8859589930161113,-0.18105100724212445,-0.4552870391346729,1.7199181577290585,0.08837597568855132,-0.8086043000174638,70.71291256213196,0,0,1.8178422743446192,3.269402129229846,0.48046966479109515,0.48046966479109515,0.9609393295821903
-0.2162176493741694,0.8559207712953969,-0.4715589859842151,-0.8605381741664748,0.31280119067614204,0.8830122864957834,44.999476800141124,1,1,1.2955415130329522,1.209922769545778,0.17323287797952036,0.17323287797952036,0.3464657559590407
1.1395756880386696,-0.2896774909727072,0.8849060776421857,-1.9187852775856478,0.12936108297166637,0.6598614726378901,136.15848319451834,0,1,1.2331408044494823,0.9620809420102977,0.24797384569093017,0.24797384569093017,0.49594769138186034
-0.1882389035801077,0.38623906852205797,0.28567342146803404,0.0412239513924368,0.6511881038246253,0.8138467900780231,59.12038929855837,0,1,3.01816220167673,1.0663053376164695,0.23558012060733094,0.23558012060733094,0.4711602412146619
1.209948070309525,0.760378959891767,0.9681399879352418,0.6905026677005243,0.3081770247964022,1.0470045705613413,49.72659961865233,0,1,2.630258396597179,3.486285477486254,0.6761226565758717,0.6761226565758717,1.3522453131517433
0.3570667351806227,-1.823057171029217,-1.133977367410206,2.024045504151404,0.8111374680985706,0.03156240177220152,53.61551944131267,0,0,0.7663498282414274,3.5580902847081655,0.8591089050844156,0.8591089050844156,1.7182178101688312
-1.5037237564024737,2.8758010352015155,0.48973865371462066,0.2989854717822437,0.6213713886886513,-0.9019424143183816,68.87025014948085,0,0,0.09007501839605747,1.283811298276671,-0.28409690397438164,-0.28409690397438164,-0.5681938079487633
0.03266487270023663,-0.5080112025729162,0.8847926629315582,-0.0625044188926535,0.46308534579102045,1.224545741509601,72.78324620039972,0,1,0.3344229015581618,0.625796183532499,0.19210050012060093,0.19210050012060093,0.38420100024120185
0.42451714950573827,-1.0186875743132218,-1.1594447986208405,1.9010407167701542,0.19968526342213416,1.0954580965368599,68.0558125060931,0,1,2.7103577196429116,5.470436787763643,1.168205523355507,1.168205523355507,2.336411046711014
-1.055053826920771,0.6013823871692645,-0.8094854038502929,-2.7578186888384884,0.7551866094578001,0.9401594473536058,58.551912311802404,0,1,0.1526586806763105,0.47645192794836194,-0.2949804329515514,-0.2949804329515514,-0.5899608659031028
0.5895236753114841,0.21231116950804038,0.0791553894520283,0.6839617000973116,0.5337570363711649,-1.3146525539564102,81.77374645025489,1,0,1.4564451192334515,3.2367583386457226,0.3426638606962059,0.3426638606962059,0.6853277213924118
0.11082268054660935,0.7866209394839095,-0.7544310530414237,-0.18411394059810898,0.38971351627956136,1.2225499979837742,25.347084494804047,0,1,1.7854761796053107,3.5739212714924093,0.5703334290074095,0.5703334290074095,1.140666858014819
1.5573642793895581,-0.10630548645039624,-0.3461561618272857,-1.5390562645964114,0.08637705435692666,-0.0030679901225733027,64.99764179588061,0,0,2.757697331542274,4.389914586423834,0.5544557331580627,0.5544557331580627,1.1089114663161255
-0.016758881248798978,0.504449646018302,-0.4017264281643341,0.11830324336459079,0.33779961147629495,0.5494731845932918,30.435938187006254,1,1,0.693624315461377,3.1056317490038516,0.38391000449780543,0.38391000449780543,0.7678200089956109
0.18950925221605577,0.49601290438705276,0.6846714701967295,1.188623982882622,0.33344193748245254,0.5085761276335897,32.760316586256394,0,1,2.4139243126328807,2.447248258611798,0.5363611191002985,0.5363611191002985,1.072722238200597
0.5252368909411609,-1.3018350541394914,-0.5712454125640157,0.9242924421441231,0.5002863894568658,-0.9775031999682824,42.872984080666605,1,0,0.7525078804896824,0.09564920518315057,0.519044226343903,0.519044226343903,1.038088452687806
-0.7883788849957322,-0.05330620907340951,1.087064793188521,-0.6459259108287986,0.3048917551920489,-0.9840711386632418,134.58696062280464,0,0,-0.9008506972231283,-0.5837867609960197,-0.3093410274955551,-0.3093410274955551,-0.6186820549911102
-0.0353417587450594,-1.3953727951303032,-1.0368996319551111,-0.4832074132743038,0.4389268231329344,-1.2355308574315877,23.7725046355033,0,0,-0.35259757230701216,1.5859854453688675,0.3659024546402289,0.3659024546402289,0.7318049092804578
-0.8398458871378864,-0.7607238185912073,-2.2443542467523607,-1.6442724224803484,0.3333103304720504,-0.16168468234473107,33.542616580561244,0,0,0.6676855203128017,-0.2797241592387125,0.22263757052715635,0.22263757052715635,0.4452751410543127
-1.7820169831451351,1.3250045656812126,0.9182419570626084,-1.1341948952764114,0.17828713553762796,1.3931927087172107,36.96404522576711,1,1,0.7552503191554488,-0.653188441051908,-0.5879219795131965,-0.5879219795131965,-1.175843959026393
-0.7541527769718969,1.9881857037740367,1.2451893619440524,-1.48208397820165,0.38511647889891465,0.9661326866676067,38.07207796662292,0,1,1.8642984826990685,-0.22618096641112762,-0.34430750819185907,-0.34430750819185907,-0.6886150163837181
-0.9927453292407844,-0.15107588772284256,-0.9421862682947504,0.39972876332923696,0.6319150456466509,-1.6569324740484936,68.8296825231307,0,0,1.2870366580803925,0.9571551560437723,0.18960385328149187,0.18960385328149187,0.37920770656298375
0.19760802499473895,-0.12038669374810439,-1.7149689978619858,0.3467629982111621,0.6230366749293448,0.5312827951957821,70.8975035517078,0,1,2.1502813051121086,2.5893867149837355,0.8455119642231302,0.8455119642231302,1.6910239284462605
0.17875049567380286,-0.01819725499444399,0.22150763806761783,1.5179221777109313,0.3017842271287855,1.3141416741074334,25.6660993428854,1,1,3.1335284938686354,2.0373690263991384,0.5621162358908479,0.5621162358908479,1.1242324717816958
-0.3308110407507226,0.09674737566360839,-1.6207954602391936,0.7554398026991228,0.21260442584951406,-0.8823741724924546,32.576830372586244,1,0,1.1354276859269679,1.0082254761430625,0.5489020121243791,0.5489020121243791,1.0978040242487581
-0.5400816376526685,-0.1418363936439479,-1.0598594881000882,-0.6495019355885122,0.6429362320260028,0.39208215433895083,18.297830918076684,0,1,1.0403957804039865,1.6475548836367373,0.3107311847470994,0.3107311847470994,0.6214623694941988
0.8316921390467052,0.20752766476688617,0.16951419313899319,-0.6611875538273331,0.673206633084972,2.2128977547295343,116.7134329916668,0,1,1.8260777664536336,2.395631361201988,0.41499732481318585,0.41499732481318585,0.8299946496263717
2.446208791466042,-1.2225288509932568,0.17634818773058966,0.5941341076363671,0.5431680395474048,0.2989326990426549,46.60696866832178,1,0,2.723873793500565,4.637945016995193,0.822725670192931,0.822725670192931,1.645451340385862
-0.26370805106783046,0.2672563187300977,-1.2749002078172347,0.8329494601134595,0.13042257357335732,-1.5412494084131194,20.89684792635689,0,0,2.699639424411066,4.55972401505603,0.665269276583616,0.665269276583616,1.330538553167232
1.040544044706512,-1.2083495119468417,-0.015126208974009457,-1.0289265272172565,0.26898026051527957,-1.3659186859075962,44.54609724708064,0,0,0.20141395819229807,2.9985663610562656,0.3849180610693322,0.3849180610693322,0.7698361221386644
-1.1512933528638507,0.23436601845693078,-0.15537645068557104,0.6612415449070335,0.48275869735253707,-1.4434778157384722,17.08314036947715,0,0,-0.12645575010416482,0.3855483470243407,0.05498207106760454,0.05498207106760454,0.10996414213520908
1.8575839172693172,-1.2038892772572116,0.5170770530438613,2.1219773698748368,0.5383059908451854,-1.1319868229530103,28.4990247329211,1,0,1.353612160986286,4.230902070717066,0.8591290339403853,0.8591290339403853,1.7182580678807706
0.12278665503550958,-0.6554358840649851,-1.62199408239893,0.15060603560177163,0.08065010416022025,1.0244561650932917,20.42557942748507,1,1,1.506121765388929,3.9967348607504842,0.7589720229475733,0.7589720229475733,1.5179440458951465
0.6946573613319755,-1.9874739981147058,-0.22184793575961542,-0.10560273301029131,0.16940088567346082,0.006389202707562643,58.66231123830058,0,0,1.3403245897637,2.129732683493219,0.5236459025365857,0.5236459025365857,1.0472918050731714
-1.379356362675851,2.9107748152253667,1.4267959799894518,-0.7567843196278451,0.27164326677627915,-0.14994639627131787,67.00943230795001,1,0,2.5220633020412566,-0.5398285740593124,-0.7015304587062368,-0.7015304587062368,-1.4030609174124735
-0.10814376252108794,-0.0017180543767097943,0.26610308011328915,-0.3008789190227082,0.5911781568737273,-1.5243928104029294,30.038807952162557,1,0,1.5926444299712945,-0.18300920190836822,-0.08486389420461021,-0.08486389420461021,-0.16972778840922043
-0.0730542010883528,-0.4745947546538924,-0.35631934454309433,0.08471729897199048,0.5054443820523363,-0.035844360012518804,29.759420907210053,0,0,1.1730459776016489,1.7737244668614314,0.2918775416171395,0.2918775416171395,0.583755083234279
0.9020368983974383,0.20596442125428924,2.0589964913452534,-1.1449950265266087,0.19756606257394851,0.7111315358633208,50.461304205773494,1,1,1.7745702388812867,1.3314575234565922,-0.09392385633721026,-0.09392385633721026,-0.18784771267442052
-1.5164143202225602,0.30387820895865675,-0.20337149057782042,1.7109332146076464,0.5823341742044409,0.5283470567118408,61.954444551948,0,1,1.7099503274823147,1.846893440634778,0.2883534950851142,0.2883534950851142,0.5767069901702284
-0.6284234330677964,1.089266919329428,0.10613156122933282,0.35262592180842567,0.24377880269009786,-0.5114724421187372,59.36215530890364,0,0,1.4849987364356538,2.119752883224704,0.14565824855045695,0.14565824855045695,0.2913164971009139
0.12444316877666463,0.052305162003324364,-0.451761679407255,-0.5090789680124956,0.4240785083688627,0.5988953884033674,29.800986522418643,0,1,0.6766672387844027,1.546495432696959,0.44081860047628596,0.44081860047628596,0.8816372009525719
-0.585661229144191,-1.3222629473640153,-1.5426950942393223,-1.160073568402721,0.2179300635809305,-2.3504354687172255,42.10429876546522,0,0,0.6341742257771095,-0.3436917158160928,0.25429131900036434,0.25429131900036434,0.5085826380007287
0.9683254345789127,-1.2677888626220255,-0.5845956524737409,0.6149443753920588,0.24304113968967933,-0.17927273061690124,34.53845061974046,0,0,0.879271863343718,2.33033681122146,0.7921022792713662,0.7921022792713662,1.5842045585427325
0.21776830424008356,-0.6344674513690574,-0.2982501193108031,-0.8545848368650126,0.2323011426813952,-0.3462895704937045,28.941002048176152,1,0,0.6853952261883589,2.199475040063194,0.11701260655636297,0.11701260655636297,0.23402521311272595
0.44377901669518705,-0.930384513907244,-0.06838526069861238,-0.4573689644357669,0.30415192482682935,-0.45406934939283766,40.549544530194424,0,0,0.017534273658812882,1.9522248208779733,0.3239800064714701,0.3239800064714701,0.6479600129429401
1.0677111277481677,1.9968654912441026,-1.2272368492896304,0.909178098679571,0.06591920343359003,-0.5435421543261743,101.24958090791577,0,0,2.1945270116458087,4.919682961912445,1.056782671551467,1.056782671551467,2.113565343102934
-2.4018397999606185,0.07261887030515277,-0.6393709122664759,1.2186593523615878,0.5766258003835355,1.3014343695675432,26.27441358070119,0,1,0.7785223720448206,1.340675172807087,0.04911494804268876,0.04911494804268876,0.09822989608537752
1.7769728873116024,1.1748019773626523,-0.4916433287299568,-0.583585178040802,0.8009863920935211,-0.45257815475028546,59.37012167935601,0,0,3.2059351898593063,5.419425598591656,0.6484318746180499,0.6484318746180499,1.2968637492360997
0.876489962471006,-0.5264125032277515,-0.6063178173006339,1.015365342439042,0.13476438614311678,-1.2821282798024383,80.15279918170276,0,0,0.0969308861941387,2.543393519782628,0.8692294182627007,0.8692294182627007,1.7384588365254015
-0.02978503514697995,-0.09266232110258622,1.889635900217876,-0.35062330558089355,0.06779058051732643,-1.6632089511319053,25.25079320973141,1,0,0.06399156810311044,-0.11212000372389219,-0.30344164221780623,-0.30344164221780623,-0.6068832844356125
-1.4731984186070424,-1.1629926403631863,-0.7541756823668546,-1.68512516113442,0.40501114586895787,1.0799085888573896,37.444469330844576,1,1,0.041941850854061435,0.22962019840254272,-0.28710211110200934,-0.28710211110200934,-0.5742042222040187
0.7970421550852907,0.6957748343557889,0.5570322749887819,0.32498046159305827,0.4233787520550917,0.09690185321926877,29.987100355367044,0,0,0.6868930381625973,2.424029322575436,0.397510285519878,0.397510285519878,0.795020571039756
-0.7843264898365586,0.8255990321106178,-1.1616507927831554,-0.7791947519827253,0.4064874404324373,-1.2595498724654657,86.14206382587338,0,0,0.7828122593118966,1.140763106727456,0.1381397161973823,0.1381397161973823,0.2762794323947646
-1.106239080140349,-0.12664257439589693,-0.21231328779915454,-0.16737930965517617,0.3951155098433113,-1.616316036594037,41.4776925283948,0,0,0.49286303541876825,0.43317179370508485,-0.04799401722381012,-0.04799401722381012,-0.09598803444762025
1.5064745937013604,-0.8683729948351342,-1.0225684311090901,0.29189503853540244,0.1778043277070237,0.3412960780709585,36.606364687417006,1,0,1.257183941390791,2.2511219059864453,0.8566460093670677,0.8566460093670677,1.7132920187341354
0.04808540352684508,-0.4087784513529241,-1.21685779022019,-1.10862344947963,0.4945653282179315,-1.823789811294348,46.58665387073101,0,0,1.118961565375366,1.547389657999322,0.30292472715732155,0.30292472715732155,0.6058494543146431
1.1902228112514182,-0.12729534600941966,1.7601100518513477,0.9024037216437553,0.16810671590819565,-2.1421943772458922,23.57812063508632,0,0,0.06941236200221901,0.9708449791571289,0.4081252338210095,0.4081252338210095,0.816250467642019
0.7527665019230565,1.0080526997079398,-2.144660743683346,0.2920634600814825,0.312525335995212,1.000358500988634,29.4263447573794,1,1,3.011921991889192,5.155791698751504,1.0201653263246078,1.0201653263246078,2.0403306526492155
-0.3563200373166082,-0.04924625493654196,-1.5946066828104564,0.05034661015275768,0.1406657179631335,1.296353565636922,30.288279364298308,0,1,2.17161231443169,3.3858403356945677,0.7263464772859946,0.7263464772859946,1.452692954571989
1.1151494004920213,-1.6420462964639855,0.9432287559036235,-0.8692005672316806,0.5972414187407167,-0.2612572189208985,24.926562986246093,0,0,1.8789876316472887,0.896299631120233,0.14493746323949436,0.14493746323949436,0.2898749264789887
-1.0822814437264372,0.10773672047274648,0.47096955502933596,0.6774278174443256,0.4211043772601309,0.024136717440563702,58.54904243837565,0,0,-0.9173340359320465,1.7321818453519937,-0.04578014975230915,-0.04578014975230915,-0.0915602995046183
0.49605459407554203,-1.4013133428023472,0.8353417242006212,0.2254697725541897,0.23915704039927832,-2.1789660382602896,65.93447357906898,0,0,1.2770452928596565,0.6338856432832547,0.2783069763809425,0.2783069763809425,0.556613952761885
0.6873424279143482,0.9970464514331783,-0.1587876374586222,0.3672410315110009,0.43445223594462207,-1.2181509477522625,66.41925550093606,0,0,1.8318792144109275,3.4666962449413283,0.5292240091021853,0.5292240091021853,1.0584480182043705
0.5511686389757117,0.4005569294613194,-1.551510506237168,0.9245624597408209,0.4277304225857016,1.1302175344058456,21.035963775567442,0,1,2.7528383286845615,5.919820577857782,1.0594254716181557,1.0594254716181557,2.1188509432363114
-1.3293243889225308,0.37371438797998585,-1.3628933479728838,-0.3014658344211066,0.3590203180939612,0.25864438509757015,22.88482175720698,0,0,0.7719384803673752,1.3209167256034715,0.12719698111737593,0.12719698111737593,0.25439396223475186
1.0179411039199362,-0.03778937502201982,-3.284284914260381,-1.457146878587264,0.3777186045971452,0.7203078019420144,36.80201436190102,0,1,1.0637312106348915,4.47964193822473,1.1546272869858436,1.1546272869858436,2.309254573971687
-0.5038632145910712,-2.4236719859665317,0.8043544016314533,-0.9649143810509218,0.5375943505029124,1.0998926754046807,25.044198503371558,0,1,-0.34913805854817154,-0.5484056006557794,-0.12074690115428452,-0.12074690115428452,-0.24149380230856904
0.7328430069761895,-0.048402703944902904,0.6461948944002097,0.9199788416237907,0.4061355567743123,-1.200161121870928,71.56221221594654,0,0,0.47261374359222896,1.777844133135998,0.47115682305173434,0.47115682305173434,0.9423136461034687
0.9290947608950585,0.3189572561107397,-0.503621575717597,1.5924398668865043,0.36581497565505733,1.672117642323087,104.25876428495373,1,1,2.8368214698917127,5.711324935553339,0.9297868615908448,0.9297868615908448,1.8595737231816896
0.13860054738595684,-0.06092731579783455,-0.1986697778226191,0.17808097058108527,0.29259775539259203,1.0118708713520057,59.19903365420926,0,1,1.3677764315840368,3.375812538502161,0.5443466177994174,0.5443466177994174,1.0886932355988348
0.013610144656694759,0.1965664934020577,0.3974727108304047,0.4129082415553538,0.40816029918493413,0.20111375366788076,56.60587311507915,0,0,0.5697399578887251,2.89546142709606,0.23273185579676506,0.23273185579676506,0.4654637115935301
-1.8171798809056778,-1.9070695636390267,0.5418183143361462,0.3531313944923896,0.2943183939504568,0.49081382875725216,81.66046144593814,0,1,-0.6580394604160675,-1.9774072255725907,-0.13508315934702145,-0.13508315934702145,-0.2701663186940429
0.4593273831830307,-0.03279360038452653,-0.7308643192937198,1.7528183802506794,0.041424914576886705,1.361860897519122,68.17017972716256,1,1,2.69788367368741,5.614113920554331,0.9549671464825363,0.9549671464825363,1.9099342929650727
-0.5519684695853061,-2.1719447849121174,0.6655154845297884,0.3554743634756937,0.046830292959303146,0.4191472929303337,30.135543923422283,1,1,0.759094473522719,-0.09249091826810003,0.11178153703495297,0.11178153703495297,0.22356307406990594
0.3765175839587636,-0.10877896423809616,0.051689617611220796,0.9803518002864479,0.23572543305129884,-1.707149624793136,21.953615775943447,0,0,1.0773575867519258,3.047293191213568,0.5539424277532341,0.5539424277532341,1.1078848555064682
0.16094794914725763,-0.6870242216342942,-0.30555256067517966,-0.47896121958399224,0.4025921677636072,-0.5048969430653513,5.794173811667405,0,0,0.476839933166844,0.6882677668902555,0.2694518493213873,0.2694518493213873,0.5389036986427747
1.4949744550960855,-0.9043320102803403,-0.8984911664114534,-0.36477024029848193,0.7279217932607418,0.02872951410566308,18.863072616153538,0,0,2.01328050124316,4.510986151989041,0.7159010304011191,0.7159010304011191,1.4318020608022382
-0.8527374681835994,0.713115088646797,-0.17344495481347497,1.05632836340854,0.18548177503057484,0.27796766068832984,29.615679107506704,0,0,0.4529875163747492,1.431435927718336,0.2850148783737559,0.2850148783737559,0.5700297567475118
0.9497938805006981,-0.7385677539953526,-1.8060600170813264,1.580909633930352,0.4407881350816078,-1.4291674122984028,25.559138566387023,1,0,1.725206288951721,4.044995230283393,1.0420500719859649,1.0420500719859649,2.0841001439719298
0.31506250197158797,-0.22008484691182678,1.003193134249702,-0.3909322807114703,0.6837459176173603,-0.24313620774599579,15.676540965574848,0,0,1.2047094810070975,0.7589244940425675,-0.026951819739120864,-0.026951819739120864,-0.05390363947824173
0.6578696964766286,-0.8540407784541463,-0.31084701209687987,1.811837912681211,0.19811535949641199,0.784765424853823,38.499309097133995,0,1,2.009419676634779,4.173127369242533,1.0311729956782487,1.0311729956782487,2.0623459913564974
-1.7859522741459297,-0.616384014762343,-0.40601505552159217,0.6963830756745993,0.7635662241293435,-0.5136203508482045,26.545310678699813,0,0,0.6155018338459349,-0.9971256888565396,-0.12865026471572466,-0.12865026471572466,-0.2573005294314493
0.6757108598856588,-2.2561245409782678,-1.171612923671548,-0.5767879929654751,0.6846404343293588,1.3720542022192583,28.04464171178934,0,1,1.0181302908806502,2.15725703273807,0.6788183410028935,0.6788183410028935,1.357636682005787
1.0582516169632885,0.4727479700173303,-1.0164517136552547,0.9548464404073841,0.5814134316655367,-0.5385092318903038,24.120474135788527,0,0,2.3626797998367,4.865363973718495,0.892262965427477,0.892262965427477,1.784525930854954
-0.07950706856332707,-0.6003550612446494,-0.3230408608367734,-0.8032179377576101,0.558125221047353,-0.6467503349808575,45.18958703007832,0,0,0.023500953808951452,-0.01730271635007885,0.11027772833862406,0.11027772833862406,0.22055545667724813
2.437468756153091,-0.21544606008931577,0.05012800940276796,0.3953481052939204,0.23893508941378924,-0.06437351596965385,30.994352979662896,0,0,1.6450364095010195,4.883873997457764,1.025281327147853,1.025281327147853,2.050562654295706
-0.844889452359861,0.011367490617452035,-1.1492040326303075,-0.43818783796529087,0.4858514883096906,-0.561316434310358,56.96658282952741,0,0,0.29371096234317184,1.6608222359685825,0.16077767248982847,0.16077767248982847,0.32155534497965693
0.49642156315851665,-1.9063042344760381,-0.6302699764876187,0.9077412556696753,0.22217602553604904,-0.06554869400498878,50.926345256359554,1,0,2.0412144886796426,1.8282526975744484,0.5877286124035507,0.5877286124035507,1.1754572248071014
-1.0500856803157073,-0.5178301638413536,-1.13675311922645,0.24271250020340734,0.350614202894836,-0.38206587924138086,133.1191963668942,1,0,-0.1930730262196967,2.5322365726890617,0.11560253708327362,0.11560253708327362,0.23120507416654723
-0.9665255945116394,-0.7373144803954058,-1.7278319482620752,-1.1144638931920885,0.44191730119136774,-0.8898280273527878,45.839127573994205,0,0,1.0152445137290762,0.26985484802152593,0.14283220909389333,0.14283220909389333,0.28566441818778665
0.23068123952829592,-0.8045427914586775,-0.37507517216917374,-0.29135126088571484,0.4539714520371058,0.14531586462506063,57.60344107261981,1,0,1.5878142835182434,0.8833000879354858,0.18571090949680702,0.18571090949680702,0.37142181899361404
-0.688711432496849,0.3208198600361912,-0.6661183306633154,-0.15646843936534524,0.467913941638612,-1.2717350162203382,50.63227885386753,0,0,1.3932212541356988,1.0385022467619118,0.15324316656778267,0.15324316656778267,0.30648633313556534
-1.586404380460691,-0.5293107996613284,-0.5919157770897845,-0.8641955509636932,0.14952115010417766,-0.037672439360542244,69.1364654401271,0,0,-1.1271853233353462,0.9883443908735894,-0.16541203076770836,-0.16541203076770836,-0.3308240615354167
-0.05964639873242263,-0.7939431280530811,-0.43360470269037543,0.2591653193744621,0.2559575871290293,0.7315056922152973,43.375959107006466,1,1,0.369547435652564,1.8558708050396322,0.42391197952324045,0.42391197952324045,0.8478239590464809
-0.2166221179827388,-1.2142149761077572,0.5103463203700674,0.2727021102954935,0.10710564422909206,-0.1327626733223402,60.54023573186642,0,0,0.34245616511035415,1.7670133189325337,0.19045064172162499,0.19045064172162499,0.38090128344324997
-1.0659541917971316,0.2850158276451649,-1.7360373802262055,1.3274334700797072,0.4067094102281448,-0.003249169302646061,69.69462788999928,0,0,2.470009369477658,2.225026112584616,0.5647888161061609,0.5647888161061609,1.1295776322123219
1.9604660619093732,-1.6425343573016282,0.8402802513329471,-0.20448510144498422,0.31866647254147246,-1.6788203547817384,122.49507367502642,1,0,0.26267427584124253,2.1273419623851466,0.4507815703713256,0.4507815703713256,0.9015631407426512
1.5711022624390534,-0.28806645381041207,1.6202123679710132,0.8302826937439285,0.31591765861870524,2.108168091630178,46.079215852996484,0,1,3.1952732004692037,3.5891913269682787,0.6570925593347301,0.6570925593347301,1.3141851186694602
0.5002642776681927,-1.39736994274925,-0.2448816968285684,1.87899241035495,0.3202123696553216,2.378893662731466,17.326626793884,1,1,3.1573100445091318,3.6793800499204825,0.815315636195993,0.815315636195993,1.630631272391986
-1.9509455220367584,0.7642414548348339,-0.7335039571216809,1.4765755554111253,0.3627177027050855,-0.009326349388968912,75.32654502569855,0,0,0.6978678285904201,2.2857415122126676,0.13383747572125942,0.13383747572125942,0.26767495144251885
-0.0998876084863613,0.7651937980302217,-1.1022547094116752,1.2682204121799252,0.19449177936243026,-0.33744056265888367,77.63892684955144,0,0,2.002293263479212,3.7051299423527575,0.7361291528397906,0.7361291528397906,1.4722583056795813
0.9641911883307213,-1.784705591418902,1.0296781343933836,1.4763529646302078,0.14227809422747437,1.3101380820648552,34.46304453502121,0,1,1.6628629859041935,2.4218739384686265,0.7750411341849012,0.7750411341849012,1.5500822683698023
1.1487664987386494,-1.2555560537812727,0.7464844260549215,0.6663863995217476,0.4368727111221785,-0.14888244630907602,32.05965878607396,0,0,-0.18168993860989202,1.1740380211888528,0.5125281471593308,0.5125281471593308,1.0250562943186616
-1.466022247543823,0.5274198941080984,-1.1631554901623826,1.8916608729652957,0.2704875553904841,-0.8097817466011844,48.12396212197707,0,0,0.599184356967456,1.6457718951397786,0.46098992236349084,0.46098992236349084,0.9219798447269817
-0.2854668657561687,0.1634296197696269,-1.3300675685388228,0.2619000242036732,0.18547010307456474,0.46549183972028285,69.64089098388067,0,1,2.0130730362513045,4.000988899155367,0.7153133222855794,0.7153133222855794,1.4306266445711588
2.1755779026728357,-0.5422061988042327,-0.7060294718671036,-0.01642830933715025,0.18793476030374381,1.3690982120622137,25.052723199407,0,1,3.0439587898868496,5.223490813672067,1.2164268584055713,1.2164268584055713,2.4328537168111426
-2.025515523741157,-0.3362884274000367,0.4414512171231729,-0.5458642007971948,0.4685715504021152,0.4119956202184934,50.23288174774338,0,1,0.4827456315520404,0.3215024964931029,-0.37497634265462476,-0.37497634265462476,-0.7499526853092495
-1.0575527390541848,-1.0669400982381625,0.6910471779201277,0.6956340778089674,0.5659304821838816,1.1942385462525398,6.678576453853199,1,1,1.12228061263672,-1.5520147998949645,-0.09875432779611729,-0.09875432779611729,-0.19750865559223457
0.7345956438086606,0.9907682608323513,-0.5215354976325717,0.22981021515795877,0.44706619021565497,0.4416244656180858,23.770143228767214,0,1,2.096167848904423,3.223821279461006,0.7544945428222662,0.7544945428222662,1.5089890856445325
1.1642475366838498,-1.1411165589967203,-0.026017393174623225,-0.3311061037547577,0.3617435371103297,0.9675180316322786,13.803862571703949,0,1,2.4099594022875257,2.962015882027849,0.6852955891875596,0.6852955891875596,1.3705911783751192
-0.862462626871895,1.5694290329471163,0.5592915731977587,0.40161322577359054,0.2241725014019422,-1.8615065186896433,25.143056761237514,0,0,-0.1969696572804358,1.9229750949060458,-0.006044701324857356,-0.006044701324857356,-0.012089402649714712
0.07781867695002767,0.08569159402454923,-1.1933920319420888,-0.0685602958691871,0.8334017036111937,-0.3539613042509855,38.26363675614357,0,0,1.4351355549831877,2.58824775431827,0.41197821445012717,0.41197821445012717,0.8239564289002543
1.3659727118435414,1.2111431683015577,0.369848597423727,-0.4581001587471826,0.3753869921274225,-1.7044638674956947,39.04836840582255,0,0,1.9130845109744565,1.7175534826752734,0.4685547611978974,0.4685547611978974,0.9371095223957948
0.08586417519326926,-0.38147307664956026,-0.4830252217124969,-0.49240050446516603,0.18810272617148524,-0.021794796767730874,73.83018447537229,1,0,2.1975595005971624,1.2926884002818309,0.1965307727459784,0.1965307727459784,0.3930615454919568
1.303470292185838,-0.8900124650241702,1.9173712691027984,0.9140572961888885,0.12222465762295934,-0.09420711315866152,38.03927917398343,1,0,1.7341626776803483,1.3802190353444705,0.27834639809390876,0.27834639809390876,0.5566927961878175
3.031839394401064,-1.1591170922690217,0.8256841434381829,-0.93229587630326,0.3973307805010726,-1.924402882656606,30.967598315152962,0,0,0.505641149456277,1.966150131661264,0.7440918738210536,0.7440918738210536,1.4881837476421071
0.4016759078743449,0.4183769940764205,0.588539968981874,-1.5606962855161879,0.19786516375157925,0.28249983632333886,23.83621899329081,0,0,0.21196698393215052,0.5296727326456913,-0.005422509664488505,-0.005422509664488505,-0.01084501932897701
0.05700826540649283,-0.11673281510203312,-1.274381100658564,2.6901037797759892,0.21772388329471523,-0.2997599762319082,112.2053417489839,0,0,1.5582290344800878,3.630424242784983,1.0682911048276484,1.0682911048276484,2.136582209655297
-1.1840469541486536,-0.9194093418010177,-0.4342337818508028,0.5247306141699172,0.6103709099619262,-0.8624999805761934,26.84737627821437,1,0,-0.6535217253694358,0.05585191869371092,-0.08803922299472358,-0.08803922299472358,-0.17607844598944716
1.5096141599326232,-0.1261435491562158,0.5039238354214778,-0.5137320015142707,0.2921040591116099,0.7809014543315144,66.54241255621969,0,1,2.406825262599785,5.020974276642969,0.6492519865290542,0.6492519865290542,1.2985039730581085
-0.08594437344013349,-1.7386477084189587,-1.6389070196556075,0.2794569408402223,0.6778162537454926,-0.4368119260129723,39.34684347697089,1,0,1.1219528627980138,1.6072666150082615,0.424121468213318,0.424121468213318,0.848242936426636
-0.12466201187474012,1.068732495489525,-1.072957154357285,1.0064491800804938,0.2041913451258156,1.1935503191517423,10.430259736257007,0,1,2.988800744319037,4.140268832898297,0.8333001402179686,0.8333001402179686,1.6666002804359372
-0.789506821211137,0.33592613661470044,0.3935501816963278,-0.077542248347612,0.5440843737965425,-0.16577209740862384,85.69216671872051,1,0,1.0501636150063534,0.903293755211803,-0.25218080432605083,-0.25218080432605083,-0.5043616086521017
-0.8361130602077161,0.18442166172607333,-0.577080631628448,0.6447190126784927,0.24950498478399888,-1.9373677491219194,22.68863359827693,0,0,2.539587643771561,2.1631025771444907,0.28901430803406697,0.28901430803406697,0.5780286160681339
0.08823015133202723,0.19979400024314667,-0.15242000435496042,-1.060413850727513,0.48474046262404874,0.8358051773548568,63.62424794584972,0,1,0.6657825682736368,2.3598343171906873,0.25102463917033496,0.25102463917033496,0.5020492783406699
0.9926099789302553,1.8270740370019856,1.0945510871965662,0.7719383644457106,0.41441644706037484,2.055141826701358,55.64305633361668,1,1,1.726139976581762,3.9506404441587573,0.43661851322296485,0.43661851322296485,0.8732370264459297
-0.26174313588417286,-1.0226063901302365,-0.09744857162877492,1.054395832804475,0.11055913487689094,-0.24835668550847456,77.73606377872451,1,0,-0.376715918098005,0.5009144741623692,0.3114076652451137,0.3114076652451137,0.6228153304902274
-1.9182844599950688,0.33493229510269057,0.8551330357603368,0.12321519910964825,0.7723689657791712,-1.4030293344482805,52.97466231223929,0,0,-0.6100409944158011,0.2773914328348027,-0.5484387326131578,-0.5484387326131578,-1.0968774652263156
-0.9759401538880561,-0.46497137086727913,0.6657114204045831,0.3063998003711765,0.5112742271296007,0.4354106811970013,114.55056599844092,0,1,0.14630478205744119,0.9884636397290394,0.01272639397804362,0.01272639397804362,0.02545278795608724
1.2277303431661657,-1.6151507264176963,0.02126183016830445,-3.1394414331800804,0.6186454728349972,0.2318476786937705,45.47841185496125,0,0,-0.03974473661547706,2.2014639025976477,-0.034487478003314295,-0.034487478003314295,-0.06897495600662859
-1.861472584706077,0.1419735834742477,-1.0911297665270236,-0.12898874911369557,0.8996431352191954,0.24141849438358393,43.01853356016304,1,0,1.4174332414289437,0.20283590343907404,-0.3202961023748284,-0.3202961023748284,-0.6405922047496568
-0.2772486171033033,-0.06808241365397631,-1.8390746174225445,1.2367686332603476,0.7155456794440369,-0.11516679820562385,7.105022482213512,1,0,1.5581399138709255,1.9858456434152079,0.5778541939643286,0.5778541939643286,1.1557083879286572
0.26949533856395713,-1.8519550341227669,-0.36277663021875795,-0.0033708004389442505,0.28585683643501913,0.3753673852915688,77.77533627813655,0,1,-0.10687511800651317,0.5284994273702267,0.5860571686226203,0.5860571686226203,1.1721143372452405
0.9204769645730009,0.7545928360223769,0.02908627362813916,0.7909330119019855,0.6735316364159137,0.4752256014654647,33.44627260727327,0,1,1.5271670898939944,3.6739059010812865,0.7320549192847877,0.7320549192847877,1.4641098385695754
-1.6671819876814205,-1.10846191906492,-3.3808176616385768,-0.35361889683643416,0.40570497298273483,0.19721404635712939,15.6377035061221,0,0,1.783577707825173,1.6493477864846655,0.4559483340632746,0.4559483340632746,0.9118966681265492
-0.7324763947396645,-0.07471878520811227,-0.30327817504716137,-1.0278704206843852,0.3983901900262204,0.10960042027646869,18.944038020306493,1,0,0.5126130058213073,-0.01095952362047864,-0.2190025133462128,-0.2190025133462128,-0.4380050266924256
-0.151175493159009,1.0190776793112497,-0.04913581376401868,-1.1287955438312565,0.31253440139890587,-3.418311165266984,7.3771679821669744,0,0,-0.6100013397418355,0.8688730681653505,0.030289286718198027,0.030289286718198027,0.060578573436396055
0.2036178409134025,-0.03107120098091229,-0.8820914446038423,0.04061835237247589,0.37602551576881255,-0.9355934171617262,25.44450409625706,0,0,1.1769480003867412,1.9262906260420667,0.5081382929111287,0.5081382929111287,1.0162765858222573
1.0433109222015307,-0.7069805460573401,0.05457712123608914,-0.21021186656119706,0.34138964436816427,-1.886035364550931,63.095638715687045,0,0,1.249719558851579,1.3405778402434079,0.5003484409151142,0.5003484409151142,1.0006968818302284
0.21205669915864567,-0.44223338971453613,-1.511334323934194,-1.0211450284103731,0.34691615913376966,0.07982797910340148,31.534529674220956,1,0,1.9170504744074597,1.2169144297718462,0.3248034437239716,0.3248034437239716,0.6496068874479431
0.7318051567296173,-1.0071251220582071,0.11913655955441074,-0.2642637259973013,0.4304793698485089,-1.2618515301886246,12.590691084732725,0,0,-0.0036462179807296158,1.0629001376029588,0.3678128813391662,0.3678128813391662,0.7356257626783324
0.23049238681872472,0.7513332218105061,0.4399864504285879,-0.46409338821664414,0.7043219934396503,0.22181543059170852,19.80167362631249,1,0,0.5306345454310213,0.7136155180224271,-0.08483323908955845,-0.08483323908955845,-0.1696664781791169
0.7640046034433029,-1.072989161909707,-1.1556182828549488,0.031137781435487743,0.14002626181712602,0.5445806301548879,32.128410426350804,1,1,1.7125332113884313,2.3862920470653153,0.8001558090144911,0.8001558090144911,1.6003116180289823
-1.945625370990143,1.5639735064618934,-0.6477115260627963,2.343342515519883,0.4515315794244171,-1.313810315202171,59.02795024712476,0,0,0.9552511131312256,2.7004714494638677,0.251155505588294,0.251155505588294,0.502311011176588
0.8359491787661182,0.5268116784157667,-2.2418373471764887,0.765932870458303,0.6838777688573293,0.9759755026240815,23.69322690774818,1,1,1.5257268648710234,3.7076250373726625,1.0610072385900762,1.0610072385900762,2.1220144771801523
0.3224934159187271,-1.254327536364111,-1.4001672617436831,-0.5400399196032496,0.47955344382838844,1.115317942239319,117.3489293035498,0,1,2.968750724891493,2.37303607915889,0.6860349419934557,0.6860349419934557,1.3720698839869114
0.5532006601000286,1.1036360853250309,1.620692774659051,1.6478988629479214,0.5633765278165218,0.8654590703923639,86.07594281028996,0,1,2.4587673831975767,2.5399577717337465,0.4597552030576775,0.4597552030576775,0.919510406115355
0.31199833011051775,-0.1741117863812426,-1.216701775033324,-1.8875473602502548,0.5100673539225604,1.6834270687961392,34.605199983784615,0,1,1.0719068423568494,2.6811195425917713,0.3928592331518159,0.3928592331518159,0.7857184663036318
0.5474398428638745,1.0656270116680606,1.1199324587859059,0.30791291489586164,0.501668011547793,-0.27704582452820337,25.97086336114545,0,0,1.26635148276931,1.8729364222734122,0.1819220169787704,0.1819220169787704,0.3638440339575408
-0.5872616781567221,0.6401125772472241,1.9426609131899921,-0.43462833023057235,0.1074861421209526,1.726055416356868,8.750854475599105,0,1,0.3566235151184981,0.22280588647679278,-0.1958484443362121,-0.1958484443362121,-0.3916968886724242
-1.3478690116666618,0.07580973932678678,-0.18560099259810162,-1.1817750378123635,0.24266079079306965,-0.5463006772937069,28.44895180181692,0,0,-0.7071614010200163,-0.6488934534995878,-0.2675292014916451,-0.2675292014916451,-0.5350584029832902
-0.014676816725561896,-1.2114889656577457,0.43276690248553795,1.9215310095979579,0.2615142208118219,0.2219398218149251,85.5229733823761,0,0,1.0769491920076892,1.0830434710793138,0.5237939415028194,0.5237939415028194,1.0475878830056389
0.3008352675068031,1.1600528632135443,0.09425852437475347,-0.45876085747078277,0.5876973250541169,-0.37448835092456106,22.48132092145677,0,0,1.624034065434973,2.0565484583262927,0.1798726871817302,0.1798726871817302,0.3597453743634604
-0.6056602917180149,-0.8462721535671863,-0.717438310106488,-0.5498972430638616,0.4148499666792249,-0.24685665135056678,88.10135298318829,1,0,1.0974580582459839,1.862277159878134,-0.010293949212125897,-0.010293949212125897,-0.020587898424251794
0.647303594643429,-1.2019215522655264,0.23592197810268895,0.45217127449855044,0.31142676753382953,0.25668074927653256,55.30831524262525,1,0,1.4263622174948025,2.2084104857942317,0.3359905765191886,0.3359905765191886,0.6719811530383772
-1.794329561524596,-0.14576312300950853,0.05946004423871898,0.17583035074745804,0.32582058823790544,0.811038454783259,85.49052844096803,0,1,0.7512642564660428,-0.13377036080257043,-0.06204096500195996,-0.06204096500195996,-0.12408193000391993
-1.7050785715885783,0.8515138313876935,0.24176113850252115,-2.0948690124524343,0.4397582851885953,1.4989199865957687,49.621399381864826,0,1,1.2472640096391208,0.47637994009288454,-0.5132278612020575,-0.5132278612020575,-1.026455722404115
0.11572547786939769,-0.026566707045405518,0.11005149849729615,0.81687302025611,0.21129847354289624,-1.0608653795217415,30.92135374114146,0,0,1.133901693297852,2.1139633058735186,0.4445173141298309,0.4445173141298309,0.8890346282596618
1.5493553190717262,-0.6839569088001217,3.1854519646833874,0.38397937927832954,0.4759711879837061,1.76222973899547,167.71272739624138,0,1,1.251345476017705,2.081679636552775,0.18790326026374798,0.18790326026374798,0.37580652052749597
0.7800227215044567,0.8055896690576826,0.2958048244574545,0.0634632994892462,0.30662057731501924,-1.5441194666883002,61.288216111307854,0,0,1.2980473194280249,2.738574618254828,0.4311637559930677,0.4311637559930677,0.8623275119861354
1.42303483090026,0.14611237602922034,-0.8899559309130394,0.2411068270804234,0.3103974586193308,1.3936264477653135,32.14081922178936,0,1,3.074235229154944,6.6181499168135325,1.0631438962587783,1.0631438962587783,2.1262877925175565
0.6001220108720845,-0.9747126664757999,-0.13809725146651197,0.7691168329391397,0.543952299656753,0.3534169982441553,27.189751919715707,0,1,1.0067845450560486,1.4894478000723985,0.7063080363782408,0.7063080363782408,1.4126160727564816
0.5352327714675679,-0.6984247026598008,-0.20600982760312192,0.1558809744540394,0.6198921753793002,0.6558349619859263,67.0332403165823,0,1,0.5246323653839782,2.8368695324227273,0.5744717913943009,0.5744717913943009,1.1489435827886019
-1.2402178203482161,-1.0295631476785099,-1.6442133977797784,-1.44585078850791,0.14198491390346135,1.5984061286989417,23.971732540790672,0,1,1.6688371133555635,0.3189377832373823,0.2201364365457962,0.2201364365457962,0.4402728730915924
2.3806268362116096,-0.10633410055158818,-0.9215622726188951,-0.49199806026421217,0.3641006710860576,1.5192936057979922,4.794167099130745,0,1,1.938426726930166,4.842581573566325,1.1933754022071956,1.1933754022071956,2.3867508044143912
1.2680515577235534,0.2977428396310126,-0.6566956551008155,0.41584645731164227,0.2640525873397715,0.48670488943326856,56.09229574505969,0,1,1.3501145379715147,3.88531331774088,1.0110072216393249,1.0110072216393249,2.0220144432786498
0.9751373525574857,-0.1785867868082764,0.5020039742969505,1.0920662274659196,0.5536041033046365,1.632697934487502,43.35257642632686,1,1,2.383879431279258,1.8196379069933688,0.5863045205215196,0.5863045205215196,1.1726090410430392
-1.2411433295053167,-0.48929876989493903,-2.3921059551263912,0.38318213269030854,0.4971964664130429,0.25449745328381185,31.49242354233532,0,0,0.3235174990764862,1.5223400694081657,0.46838880981144265,0.46838880981144265,0.9367776196228853
0.9373653138310459,0.006460628622983399,-0.5223455460731828,0.795107571472793,0.05491005062688306,-0.31896592950371633,68.90330154892753,0,0,2.1864876019716695,5.036606237591671,0.8473192587234439,0.8473192587234439,1.6946385174468879
-0.5262683209373442,-2.209449205007789,-0.7743759753804694,0.3231760659779304,0.6965389231941908,0.1835661115544592,71.56026767842796,0,0,0.15995758887961556,0.4337061188356405,0.2540099350306686,0.2540099350306686,0.5080198700613372
-1.4539992233147956,-1.3583869157564736,0.587493224157993,1.0702278473024727,0.6878227417379345,-1.784798303984521,28.0164494212194,1,0,-0.558904981857236,0.41032107471276175,-0.30880473734556046,-0.30880473734556046,-0.6176094746911209
0.8011078971458249,1.0450789281009056,0.8051244857970293,0.5582162963930595,0.4979945581384717,-1.4673617218487756,34.820255430420374,1,0,1.3796839619131367,2.3510234037729147,0.22814306372300197,0.22814306372300197,0.45628612744600394
-0.9759131835935291,0.6100294480444128,1.629622135316642,0.5412679160988985,0.4448655392657854,0.29857873117461897,34.38352856513257,0,0,1.4743347156761766,0.2893556696120394,-0.30111206570183613,-0.30111206570183613,-0.6022241314036723
2.200616710267574,-1.2883596527955705,-1.55254391040846,-0.08527751832984214,0.231625576470655,0.12358849782908068,21.467434242648867,0,0,3.5,7.427705145804584,1.2267922475124533,1.2267922475124533,2.4535844950249066
1.4906070020922004,-0.5405983389808507,0.025648977793313762,-0.05191150792814372,0.29753499794295,-2.1322065350416683,38.76577465696909,0,0,1.2293899218921305,2.8768098002917615,0.6709747145379132,0.6709747145379132,1.3419494290758265
-1.5131720297819424,1.5576119977351603,-0.049261241704046756,-0.38263052979436707,0.5614346593965628,-0.17098365326746498,49.428230092528,1,0,-0.00353433869408748,0.42934994957694583,-0.41646850878221475,-0.41646850878221475,-0.8329370175644295
-0.10571178203320708,1.4758916473730357,2.13531480570406,-0.14908144558876538,0.5798080825733962,-0.9502652346182443,38.91396210087078,1,0,1.0981213971884456,0.4646944681691899,-0.465357156247784,-0.465357156247784,-0.930714312495568
0.5378799315948993,0.4082312819415873,2.4220568587755373,0.8723413386095161,0.404608282510997,-0.12929399936625172,13.780374497050534,0,0,1.3180085429608792,1.2144960098201731,0.017669325063027277,0.017669325063027277,0.035338650126054555
-0.5822930862890396,0.46844664594687563,0.7608338868761895,-0.46515785437295126,0.3556179956646538,1.0935674561234592,43.06456948949549,0,1,1.8620501601258264,-0.3915161918205595,0.0004977479796590967,0.0004977479796590967,0.0009954959593181933
-1.4900071790225704,-1.2777831723372466,-0.09381049880786099,2.1564208423704354,0.49823768203946367,1.9043548826916972,59.74393994174159,1,1,1.193435597534924,0.03212579462706333,0.23201500754861676,0.23201500754861676,0.4640300150972335
-0.8300183609021511,0.7738550324689588,0.042811333056262134,0.08247640194482277,0.6832361622348744,-0.4125651392941305,53.776594607336534,0,0,1.5794447769021245,1.2174878084367542,-0.05095456091128173,-0.05095456091128173,-0.10190912182256345
-0.8878388991639653,1.3329526058082095,0.6561148673789433,-0.010053979937729284,0.3787041841405728,-0.7574316066799576,117.65853283959173,0,0,1.5951463976791558,1.9232410344677406,-0.14563888317180657,-0.14563888317180657,-0.29127776634361313
0.0015954632128450284,0.3637392665302353,1.2272015936970375,-0.7415904064830035,0.8783463180358151,-2.345661134446637,26.53382909861791,0,0,-0.6405173529014906,1.893531399087545,-0.27382701040928786,-0.27382701040928786,-0.5476540208185757
0.40930859746512394,-1.9549882644973968,-1.1154343890656568,-0.9744291217269275,0.8969401935618607,-0.4636359993210384,51.798831534754235,0,0,1.0959871615484684,2.3080249194749136,0.30933908451898573,0.30933908451898573,0.6186781690379715
1.6542494699753163,1.4905695383395605,1.3229377561138722,0.49739802520421944,0.7651630382117388,0.4844890745536444,35.97130455123249,0,1,1.0150729580836115,3.6764787854782064,0.5780360606139789,0.5780360606139789,1.1560721212279579
0.9462856087423354,-1.0861658242343084,0.07300748546441922,-0.7562900929331585,0.6943883801820073,-0.36506846755975125,80.59616538753883,0,0,0.927375622326965,0.721114971497556,0.28611289567403136,0.28611289567403136,0.5722257913480627
-0.1819822361974896,-0.15063899487863971,0.2559039570467633,-0.4291209999099172,0.3464747161382983,-0.3463463224813734,84.28640022770612,0,0,-0.7439183608241154,1.3095545998770188,0.07235039145743835,0.07235039145743835,0.1447007829148767
-0.25429815936115213,-0.8796582733985387,-1.2575404917325357,0.2029388975001269,0.3399932604756916,0.36205197981398846,31.39011765396507,0,1,0.6753382742254015,2.7093775842469294,0.6603860425958922,0.6603860425958922,1.3207720851917844
0.3682329737879381,2.751185559699671,-0.6696636488760561,2.0263509272656486,0.4673494273147421,-0.831579671254645,46.76508130209322,0,0,2.337909065860962,4.251260053248816,0.8430105397656337,0.8430105397656337,1.6860210795312673
0.6022653023184991,0.5057524744181366,0.8138757691991758,0.23414467327614782,0.2331271290504532,0.25270005817722224,56.05516743923931,0,0,1.4835618627498421,2.9699137611104205,0.3157771456429589,0.3157771456429589,0.6315542912859178
0.5172303877959896,0.5511534882382843,-1.0517999809507645,-0.6983522662810766,0.15704713036682033,-0.5798023492202088,41.26774837658834,0,0,0.933318076816093,2.0126869168076604,0.5528257851734146,0.5528257851734146,1.1056515703468293
-0.06391875029142545,-1.0309938734652218,-0.5901751477886769,-0.36305647495754245,0.24970363581617355,1.722637063090554,52.33478201484071,1,1,0.9559621215385772,1.9578221374668674,0.34666224434367043,0.34666224434367043,0.6933244886873409
0.03912647916147176,-0.23150144175772305,0.37882763816578074,-1.0973224935999373,0.20406137267600075,0.19585714185702352,53.490854491861526,0,0,0.6454609631558543,0.7470416610712542,0.021120555478511487,0.021120555478511487,0.04224111095702297
-0.1098763771428746,0.47299979523310626,0.0989435358222581,1.821583286987621,0.5495656465486032,-0.01658160379572282,73.26555768764317,0,0,1.2960819135290875,2.4185463482042078,0.48345627300520533,0.48345627300520533,0.9669125460104107
0.13585557023625683,0.6447604725995978,1.3358709440008518,-1.238539038758668,0.12450634726933638,0.4859454817566192,49.77601776874825,0,1,0.4652644379785912,1.0866046674149263,-0.008670598335236451,-0.008670598335236451,-0.017341196670472903
-1.5707973315240813,-0.49540895943260227,-0.1342877601806258,-1.478520720936216,0.30170396508798175,-0.8434133402008533,23.204558614183384,1,0,0.41679931112602636,-0.6866796351428812,-0.5488226269766395,-0.5488226269766395,-1.097645253953279
1.3546172109712395,-0.5544094649157815,-0.8796007072015365,0.7920484949948056,0.30675499816718715,0.7047239417951952,45.5133808557052,0,1,2.4272294430843866,6.166501246841542,1.1417525041952252,1.1417525041952252,2.2835050083904505
0.6343941366955587,-1.5543148044454558,1.594919292828727,-1.358504229820169,0.39325505161156893,0.4656334266446816,69.28220232266838,0,1,1.1110346905813673,0.07008631152967554,-0.01216385990197047,-0.01216385990197047,-0.02432771980394094
-0.14125983867092504,1.5369704066721932,-0.32375427511535193,-0.6855003986135154,0.6180121534059534,-0.243793246358756,12.507575311154808,1,0,1.8625336675981718,2.100982311133248,-0.04003980287034317,-0.04003980287034317,-0.08007960574068634
-0.25586792297583677,-1.3247814800320243,-0.04127306200567111,-0.09295238566031498,0.4813341340215261,0.5140969355480381,30.83275145906188,0,1,1.4930484715570473,1.1416107069314745,0.3051854336239904,0.3051854336239904,0.6103708672479808
-0.7602214405408517,0.3342971297741093,0.13085592273701074,0.7138880075279592,0.15372161495898543,-0.5008969006132601,33.061804014003776,0,0,1.6458688870474734,0.6306381621987849,0.18995634741129533,0.18995634741129533,0.37991269482259066
0.7640711930576948,-0.6699610176211478,-2.0539865016452676,0.5757982658294345,0.08558576005506016,-0.09799651611416184,60.532366697109154,0,0,2.796730324332636,5.368780235771957,1.0889200698541974,1.0889200698541974,2.177840139708395
0.5663340245998867,0.34185164005096735,-1.9664345321011376,-1.0808691175298397,0.4776064891020675,1.2788655321780389,37.74482977630007,1,1,3.5,6.01194164361321,0.6420071254103513,0.6420071254103513,1.2840142508207026
0.6597245949735067,1.1367317916323778,-1.009934518127881,-0.6028567629298257,0.5126954794844903,-0.3648656866704291,41.128476202904174,0,0,0.6379926558691469,1.6915213717429436,0.5153473481770694,0.5153473481770694,1.0306946963541388
-0.7012956342155696,0.18713975076785405,-0.5186594534528094,-1.5507447439570963,0.29490824077868744,-0.6881402916649142,24.69097021047079,0,0,2.9692334334151087,0.7678227011822591,-0.0921697295199037,-0.0921697295199037,-0.1843394590398074
0.41293473191135566,1.142762203056139,-0.3039909531904216,1.2136412826085652,0.4190772857750571,-0.13621533756895043,15.720145312339532,0,0,1.3303474694101003,2.3984127069445242,0.6403766169206004,0.6403766169206004,1.2807532338412009
-0.008636913231483773,0.5223903196440056,0.045629103095227885,1.6472087234557582,0.29839391695231626,-0.2814885221400545,36.74690640571664,0,0,1.2744540196459768,3.030896424260225,0.552426291767715,0.552426291767715,1.10485258353543
-1.0876271004067024,-1.2532092830545694,1.2698006897588634,0.2939314689701665,0.24741509795523406,-0.7518846389757272,35.265382924568875,0,0,0.3387517828939051,0.8206710534161378,-0.25036369895545285,-0.25036369895545285,-0.5007273979109057
-0.9615491998816842,0.6486933751273337,-1.7016130828211418,0.6112022490339066,0.544760305208933,-0.3586387675976795,27.88464475188806,1,0,2.298699937176961,3.8064542586456387,0.2843950338297388,0.2843950338297388,0.5687900676594776
-2.232002659703498,0.3570545670500811,-0.2229524477967901,0.8845687550454455,0.8305372364994976,-1.7368278380479811,84.40038649927577,0,0,-0.46770863387904665,2.046792562678439,-0.2760177670533849,-0.2760177670533849,-0.5520355341067698
0.07197275587676766,-0.008277434496591698,-0.6915212516999709,1.5174518224193185,0.4856163342154512,-1.2826060797153593,26.66615200052061,1,0,0.7001301019177124,1.7932884584160076,0.5288804548432576,0.5288804548432576,1.0577609096865153
1.25508338010007,0.22156028941561148,0.1336411739151108,0.6790094658466747,0.670301540481382,-1.1338516546938895,26.01345971184991,0,0,-0.00387204862476187,1.2780378675381514,0.6233716223035651,0.6233716223035651,1.2467432446071303
1.9090440018508268,-1.1989160658296756,-1.2524353405507185,-0.11648323723575316,0.5537906042690924,-0.09510572465921345,47.27719899815386,1,0,2.836428618121326,5.341057019151145,0.8561913677123719,0.8561913677123719,1.7123827354247438
-1.124281508150006,-1.0685697858827508,-1.270026837638422,-1.2769892601719817,0.34244781141736963,0.4669797276517025,51.26051579077085,0,1,-0.7953550721792899,0.13280251226249115,0.1525615404273258,0.1525615404273258,0.3051230808546516
-0.9832278704979798,-1.1508931673503005,1.8989706364019934,0.036682876919080266,0.08965807787437789,-0.2229588003197984,137.28966341053416,0,0,-0.3573774137779056,-0.4064054286881026,-0.3679923645922891,-0.3679923645922891,-0.7359847291845782
0.16248651266155184,-0.16000610930699669,-1.720325058434073,0.6767888967930752,0.2657412346292672,0.5587327969503476,6.169956015122291,0,1,0.7740228022242193,3.1317293070801195,0.98201184151246,0.98201184151246,1.96402368302492
0.7625653654758631,-0.2629319902161662,0.5651478686801398,0.01896553083485571,0.21798092841528344,1.1841812133672702,45.640245375094935,0,1,0.8974199326986606,2.353857296030763,0.540284143954217,0.540284143954217,1.080568287908434
-1.99201839704882,-1.2192447265475395,0.7572967903285295,-0.4739338811319217,0.5973457410284948,-0.1615138750847918,10.12087094890319,0,0,-1.2464438171781296,-0.5661866643120106,-0.6130415214965307,-0.6130415214965307,-1.2260830429930614
-0.6579970264112069,-0.5793996801986683,0.9823476934789479,0.7310062328215817,0.2948502051711117,0.516730597317796,75.50569849758841,0,1,0.27255090203520504,-0.08421462206985353,0.16046141270631142,0.16046141270631142,0.32092282541262285
0.10397278162409737,0.24500300295763883,-2.327467370701171,-1.151899266199421,0.31627595590660873,-0.540247117097025,53.53375418316331,0,0,2.475117281809193,2.770330746379476,0.5979071030755231,0.5979071030755231,1.1958142061510462
1.9036107704011287,1.286411169735943,0.04265553090012283,0.8732338878093608,0.6318477432744921,0.6668879055844151,82.00234757783954,1,1,3.5,6.04180962873063,0.889165440334096,0.889165440334096,1.778330880668192
0.4002822658032084,0.32108994554236936,0.3876076432603757,-0.6622609822075628,0.6387066119607845,-0.34530525483888147,29.12188349110656,0,0,0.14467270745575922,0.4254252527975845,0.09430878923966615,0.09430878923966615,0.1886175784793323
-0.36292039810207655,-1.3771699742597192,-0.9000698425495861,0.5117251578022177,0.551995723552535,0.7582712845750719,38.27652539741965,0,1,1.881134429311314,2.344870097029913,0.5560292086441183,0.5560292086441183,1.1120584172882366
0.09217692150247399,1.0059207374112196,0.8087702540250444,0.90777483738093,0.1551998316005423,1.3443900325405145,27.807100563292074,1,1,2.0048255856218407,2.5479634160804467,0.3340315932796202,0.3340315932796202,0.6680631865592404
0.049133264900012484,-0.9219986778277581,-1.8002197322673967,0.24984065890168455,0.30328728301939684,0.02370153103196223,36.5041560207617,0,0,1.060976837495368,1.5787433495465328,0.7219880259484788,0.7219880259484788,1.4439760518969575
-1.3036467556056566,-1.374385734596302,-0.007791235591009715,-0.6345732959689372,0.1724409926279085,0.6724463727583536,19.985470709171718,1,1,0.814623013260757,1.4298793978792315,-0.15891605124466848,-0.15891605124466848,-0.31783210248933697
1.1874311706753518,1.1666904189823681,0.9738626275638915,0.03727622155168883,0.39753219717676014,-0.13785024573051508,60.41403935419219,1,0,1.9996920106409457,1.84495866442732,0.229532942281924,0.229532942281924,0.459065884563848
0.7693170452706666,-1.1054223112293426,-1.6273241017006486,0.018501800435261177,0.2839327441863085,-3.080040795143327,32.29898018712398,0,0,1.063577609441808,2.551087647845584,0.8486065405235623,0.8486065405235623,1.6972130810471246
1.4229869732157874,0.480886018486546,-1.4336368943712123,0.22525767859765053,0.12524416317848375,1.4294548269651073,104.98505348089395,0,1,3.449832199164828,5.4489702898026495,1.224324252246828,1.224324252246828,2.448648504493656
-0.3132497461560106,-0.21859758706067114,0.9861989554779426,0.47306411861058234,0.3729722770766635,-0.18044296598773427,17.57220972526189,0,0,1.0054497821952113,2.3136778240857883,0.030964495722675275,0.030964495722675275,0.06192899144535055
0.23044268939985896,-1.3114911921158705,0.3338069046014318,0.8017685502842177,0.024493029881878202,0.7524004779975099,12.735013467865294,0,1,-0.09676229502090616,1.264682462455414,0.629526445899154,0.629526445899154,1.259052891798308
1.4745475831549004,0.697581534500388,-0.10177425661109007,-0.16652270785430984,0.3758547676348117,-0.7055184050681531,43.98552587771657,0,0,1.405926242018781,3.242562459627128,0.6550844280916814,0.6550844280916814,1.3101688561833629
-0.8210215867664383,-0.0037507980467130567,2.8889236337176505,-0.9411559193517877,0.1661404240141865,0.8375595874688451,55.33474114174568,0,1,1.5499196318928832,-1.2691456426474717,-0.5747310109592123,-0.5747310109592123,-1.1494620219184246
-0.6660777772650616,-1.5343715791170163,1.3549772370409285,-0.2670966881300677,0.42681123950108024,0.6397748349561447,17.888721712407904,1,1,-0.8182031050963775,0.800734800178725,-0.275108871126893,-0.275108871126893,-0.550217742253786
0.3350409719409687,0.001792380431303342,-0.09246175078925686,-0.1955598821609476,0.46623819248327064,-0.5915482751017019,94.77919853035418,0,0,0.8641599310757678,1.1716452232381644,0.30705511233215227,0.30705511233215227,0.6141102246643045
-0.8871753938802338,2.075447937642231,0.5864947353387189,1.9621641030632657,0.5548630237114451,-0.011356871099428156,27.338717351894807,0,0,1.9404362688333319,2.669818607139245,0.18258446079965743,0.18258446079965743,0.36516892159931486
-0.11259275521803029,2.3507882569727556,1.7197760424336317,0.12749786543165265,0.3475166528898153,-0.40370089705822393,69.93068191609957,0,0,0.4979366776828411,0.765921080920126,-0.1303310817123056,-0.1303310817123056,-0.2606621634246112
1.7032802258352102,-0.12601015125386486,0.08075018868909972,-1.203464221826784,0.35338756148641143,-0.4615076176949169,50.900804974099344,0,0,2.106094222140911,3.471734967347919,0.49771684703669705,0.49771684703669705,0.9954336940733941
0.7615048441387826,0.7487768037106368,-1.1233728823547333,0.22522393931642834,0.6810179240952496,0.03651097213073128,19.979120501420418,0,0,1.3052800114984853,3.1864881313611675,0.6774593977709977,0.6774593977709977,1.3549187955419955
-1.2776440492277792,-0.5659384360814096,1.2782673628057084,-0.23521543148646865,0.39536697386207464,-0.7924427710230526,45.219779470690206,1,0,0.8418138703711722,0.1476718422013794,-0.5761860049954963,-0.5761860049954963,-1.1523720099909927
0.7347745075815962,0.18169468318902232,0.9215848814307319,-0.6481488143130928,0.5414136828922672,0.3489985605967509,108.84849296125267,1,0,0.043758352469635664,2.01953228565137,-0.04361788226241489,-0.04361788226241489,-0.08723576452482978
-0.9421685303375139,-1.1343275939974629,1.2019805022532393,-0.895654847436577,0.48633707844287977,-1.8103921203249944,74.18462101402403,1,0,-0.15117962355495007,0.9454775323974116,-0.6061816703550915,-0.6061816703550915,-1.212363340710183
0.686254572118211,-0.48390408340783203,0.3843864014522363,0.7018206742046645,0.26982468710009144,1.2772801501353326,61.93680365621795,0,1,1.7785031584515971,2.586189208222695,0.6691560683264247,0.6691560683264247,1.3383121366528494
-1.0656962811578734,-0.6599142611984574,0.569572496290135,0.8297031756645088,0.26538474226417036,-1.7485771963912347,27.102148001167645,0,0,-0.12531733611223186,0.009963907162517494,0.0019533255681764283,0.0019533255681764283,0.003906651136352857
-1.4935228740108788,0.08205118301830794,0.5869534971034953,1.734074403963685,0.4165831138171457,3.2007837708390463,33.6962352830715,0,1,2.2942042150164985,2.1377062070631845,0.1648372713115333,0.1648372713115333,0.3296745426230666
-0.10707406171340318,0.3814776996834817,-1.0875166720484828,-0.9219496714448369,0.13132304149061788,-2.0946803323301517,25.59801867484276,0,0,0.8955927040233778,2.123537996104135,0.35180445975309443,0.35180445975309443,0.7036089195061889
1.9223605205358545,-0.7477291734097332,0.021196230329817795,-1.4325878359115192,0.31789688265181065,0.27639550226636894,61.031536581795905,0,0,1.363221562396891,1.4164653258799442,0.5394367127769715,0.5394367127769715,1.078873425553943
0.9589844797934413,-2.1138296476994194,-0.8622318834109763,-0.9947640123541663,0.4556739432197825,1.3546037100088717,13.125901429051353,0,1,1.8700864541016187,3.525910126664538,0.6697874000960807,0.6697874000960807,1.3395748001921615
-0.17926100973432324,0.40040005557921293,0.07521302096139056,1.7058173094265685,0.40376548572687015,0.6324697138417699,94.94634357738465,1,1,1.8113931156957641,2.437897904118855,0.5034034517852171,0.5034034517852171,1.0068069035704341
0.0790162876313393,0.94231402029254,0.17195720262297423,-0.05369977278955987,0.16219790371268855,1.1718670616365054,32.44346859358005,0,1,1.4825583470686388,3.333508566910465,0.4357005199665547,0.4357005199665547,0.8714010399331094
0.6584681670638804,-1.5530114248045397,-0.44925101437554926,0.32505790520869005,0.2907726232922535,-1.097064829950758,60.48399370853079,1,0,2.1328094925743915,2.8428761234030056,0.47193130328793076,0.47193130328793076,0.9438626065758615
1.5839406125043773,0.9231545599987524,-1.4612275308212113,-2.4351917747443816,0.08090400004013033,-0.20691837386345488,42.94903306851654,0,0,1.3949127497408722,3.26052875768926,0.6472219488182722,0.6472219488182722,1.2944438976365444
1.5292116838061247,-0.6617726728331883,-1.8041709284713079,-1.7708524642094683,0.35710229134167554,0.07059431770453235,58.12020827395673,0,0,1.8156217598038364,2.9142352771472795,0.7606388822496962,0.7606388822496962,1.5212777644993924
2.4798441611703974,0.5258383559526189,-2.185304112780223,1.179433074224527,0.6818170186046103,-1.0902694786847147,64.03454955324747,1,0,2.6464774475306116,6.903621301349184,1.4237851388346687,1.4237851388346687,2.8475702776693375
1.1257142120428216,0.494321513112733,-0.21580106259272314,-0.8505244107020479,0.3196930955035068,0.6973390507738758,46.25574297576498,0,1,2.0417310134891467,2.4599638462320246,0.6328554762951789,0.6328554762951789,1.2657109525903578
0.7766440146103998,-0.36811880346520864,1.108030501342558,0.7265424808448454,0.3581539339372618,-0.8855856542651587,40.9464211168971,1,0,0.35209289828313245,0.5064428017456066,0.21851431620267847,0.21851431620267847,0.43702863240535694
-0.463283757568844,-0.20345960319680606,0.490056931095674,-1.3590981445925576,0.3432888257379485,1.65828491879544,33.31986290602193,0,1,0.49054117670116193,1.5171757116131572,-0.06455896116409257,-0.06455896116409257,-0.12911792232818514
0.6481516025287856,0.3107439987949581,-0.3640777051711839,-0.7735081533233225,0.16597178047851216,1.3998428008195147,65.07474448252378,0,1,2.0780628848937366,1.7104343995143838,0.5825148489326796,0.5825148489326796,1.1650296978653591
-0.770098315427773,0.1618978160624281,1.0735513121340323,-0.11141075874467364,0.5509203176436195,2.1237360225219346,26.687009222370385,0,1,1.174577720334869,1.22906160260926,-0.10408362979777344,-0.10408362979777344,-0.20816725959554688
1.2661322842794238,0.6148875489777194,-0.48299117010808945,0.8470390560453022,0.1696258772342554,1.2030505001696932,76.9934598357778,0,1,2.9423284174060935,6.312399471104313,1.0725319165739515,1.0725319165739515,2.145063833147903
-0.8478008576578597,-0.05572283312202555,1.0266984406971857,0.8327213042381422,0.3027863280986486,1.639326244445821,25.894915179011228,0,1,0.8603404797001023,1.3390652777641932,0.11396321892160834,0.11396321892160834,0.22792643784321667
-0.2469953645620652,1.358021689927506,0.4875317687842128,0.4464340202736463,0.6224792687747698,-1.3110349811403026,41.66113286208991,1,0,1.263792830885836,1.5102266032408311,-0.04545259206659344,-0.04545259206659344,-0.09090518413318688
-0.23943017295062946,1.086069937078567,-0.7606384453193191,-0.2704667604892105,0.1586018975793806,2.158666752745849,17.110927606287763,1,1,1.9241116730989944,3.1804232271690407,0.37355153723696477,0.37355153723696477,0.7471030744739295
0.03302052604331137,-0.28770059017119143,-0.2563473591057077,-1.6204951022504113,0.21025315044735604,-0.7436351793539319,8.488260520157272,0,0,0.76272268505637,1.7449465189191993,0.06349229178294347,0.06349229178294347,0.12698458356588693
-0.5221935730482681,-0.9157228054691806,-0.1662605023849803,-1.0479406930016786,0.3262684157510882,0.33558847389679947,25.008014698230866,0,0,1.1747337636797825,-1.0461816283729997,-0.0365706344493827,-0.0365706344493827,-0.0731412688987654
-2.4506458019309427,0.17845332196078245,-0.5872956340898359,0.9157455117988357,0.6063481947694773,-0.29921397486324386,18.16656268056774,0,0,-0.6261646793759945,1.9656588050420556,-0.19766515966178422,-0.19766515966178422,-0.39533031932356844
-0.4700502867391458,-0.01239672862915679,1.169604296210422,-0.615381797310789,0.3073816375064415,1.060066911329138,59.03496858460361,0,1,1.0925611728640998,1.385434306875894,-0.07346734197074162,-0.07346734197074162,-0.14693468394148324
-0.3351936825799657,-1.3509208419054197,0.5844720109083854,0.6206587287075495,0.30790508201756034,-2.0922088651676365,21.677700406747125,1,0,-0.34354778292449517,-0.5628581655953677,0.015383277960909242,0.015383277960909242,0.030766555921818484
0.21094753985631798,0.9493900353950402,-0.21990654258924824,-1.4490143259734587,0.24634591300767023,0.2191916899919255,24.089250498448834,0,0,1.5615156270692223,0.6951135464229963,0.12749915273234028,0.12749915273234028,0.25499830546468055
-1.0276273445695654,1.1376075972584503,-0.6111433501223256,0.2688275316494653,0.8073808997020506,-1.1329302989413255,35.986843856456744,1,0,-0.5478017386944409,0.5308796426305015,-0.09866657968415513,-0.09866657968415513,-0.19733315936831025
0.9075332939847058,0.6368233623885117,-0.7440308540512992,0.7310642410183767,0.27378847704863785,-1.2893319175763358,67.80693965582614,1,0,1.0323706824280732,2.7390970817299816,0.6836784390986381,0.6836784390986381,1.3673568781972762
1.9502944688000992,-0.12959151186139412,0.21079981719268942,0.3315191932708813,0.6685602401360714,0.2486468130367429,16.050399910185718,0,0,2.117560870953666,3.30268791719961,0.7389254886377374,0.7389254886377374,1.4778509772754749
-0.6904925949011977,-1.6682507807490397,0.767419552634869,0.13217182310148584,0.4434228061601833,-1.8419918953865466,57.293805670871336,0,0,-0.915846424737534,0.9456256007800086,-0.10480077347218311,-0.10480077347218311,-0.20960154694436622
1.5554819650556273,-0.38513591510488976,0.6028939663054707,0.554242273598047,0.4159126903040385,-1.3435032091613257,55.34069271014918,0,0,0.9404885506744486,1.823749020901912,0.6428428412030514,0.6428428412030514,1.2856856824061027
0.0028398843947687073,0.09944500697154564,0.21181190451603857,0.7680894755816831,0.1886735312964659,-0.6708713871020716,38.430135930477306,0,0,0.8436606402926853,2.499208023817629,0.38717100673055793,0.38717100673055793,0.7743420134611159
1.6886224492160125,0.3361634573474372,-2.581033971442135,-0.4091830578044909,0.641785642637564,1.6234427448818838,48.05268559248966,0,1,2.934465702735336,7.081039120215137,1.3129602548599295,1.3129602548599295,2.625920509719859
0.7714285148424281,-1.174725661281803,0.8863724851316173,-0.7244984126156274,0.3905151942139196,0.42795471793422113,37.29398807897523,0,1,0.7269516246887788,0.7867014683268632,0.29686467654477044,0.29686467654477044,0.5937293530895409
0.1791956061147501,-0.24390396807082315,-0.7129547042965354,-0.9091800748993732,0.2791833170881962,-0.4408821421118584,39.07556694877043,0,0,0.426370962519128,1.1348036353292916,0.3163683950743136,0.3163683950743136,0.6327367901486272
-1.0690172705521224,-2.4121725318361396,1.014710557324488,-1.2635120427826312,0.39632561093924906,-0.32175734730232824,34.493152850732585,0,0,-1.5,1.1956709418329234,-0.505111472692275,-0.505111472692275,-1.01022294538455
-0.2510686958377285,0.6388403969133777,-0.8683904948485899,-0.4386962640472472,0.46939528158704524,-0.75935521104623,31.15005100395998,0,0,2.315913763149637,1.199181908199015,0.26912647892273045,0.26912647892273045,0.5382529578454609
-0.48184107924090314,-1.2637795540725296,-0.09767574238729447,1.022634846606379,0.49283952831304095,1.6283120274356526,62.74809501551085,0,1,0.08424376010722545,0.46625781852324477,0.45236594673177033,0.45236594673177033,0.9047318934635407
0.46231462405439805,0.21548233773862607,-2.131442800887004,-0.0764806754194923,0.45263793357021853,-0.8943177568365244,26.90040463089545,0,0,0.6511757935532223,2.831904513021787,0.8159658852980114,0.8159658852980114,1.6319317705960228
0.994781956224848,-0.5089081687066419,-0.11413431539763007,0.21337492590271612,0.45958904349475277,1.0985739603636446,37.098851344934964,0,1,1.4061621076061421,1.8221662468578983,0.7317546133541843,0.7317546133541843,1.4635092267083687
0.8033866443114094,-0.7247285749003205,0.006950409068724802,-0.6893382668311724,0.01427122133104934,0.771123676433548,14.26152199172301,0,1,0.8368478045037231,1.7539729445775096,0.5959131892630124,0.5959131892630124,1.1918263785260248
-0.05835757525917014,0.3494815960379618,1.1273398344739263,0.041364593486258386,0.3881924298288415,1.0397061770668543,39.45284250882521,0,1,1.4860513761343166,0.9454796478935762,0.14992455901177315,0.14992455901177315,0.2998491180235463
1.9514003429931726,1.4373157067547655,-0.45782030684964664,-0.31862996794722287,0.5397608684397247,0.7630135151394211,29.7578707035742,0,1,3.5,6.599031258650029,0.9602165608889768,0.9602165608889768,1.9204331217779536
-0.8685580601441165,0.41404691758577683,-0.4789658458004212,0.14138191958998078,0.13807171573539223,-1.2545986551039752,111.77660500658075,1,0,0.3178481290723979,0.42312541842492135,0.054487762985442445,0.054487762985442445,0.10897552597088489
-0.4674242302343099,-0.058419941130497484,-2.0311922015579356,-0.23792689278717524,0.5571086834853354,-0.8310553179320462,62.432999856734874,1,0,0.03155065854542505,0.8572532598831962,0.3394505751389671,0.3394505751389671,0.6789011502779342
1.184935010641264,0.7061306356472709,0.27191563166562,-1.0001168101404343,0.5125050995106221,2.117750942549252,19.362951614390234,1,1,1.8477055824284594,2.2373899218700988,0.3289381143052901,0.3289381143052901,0.6578762286105801
-1.6311175119652475,-0.39764758451656623,-0.6473095265182224,-1.0563148917971075,0.24179081472292024,0.02531361508859329,7.140031126414089,0,0,-0.43442694681281213,-0.36189654289808365,-0.22247128357324053,-0.22247128357324053,-0.44494256714648106
1.2877471945423826,0.4435750626943012,-0.2964297623467542,0.11660687611066166,0.7619138793331008,-1.07637052758211,7.871732714144144,0,0,0.6508426134270712,1.5552530573969965,0.6039136688481279,0.6039136688481279,1.2078273376962558
1.2211301985339433,1.5275728040060328,-0.7890621877675369,-0.648014652359524,0.37007630923898593,0.39415876994061955,64.53724284834159,0,1,2.523696698559611,5.359884703182659,0.8100491852562913,0.8100491852562913,1.6200983705125827
-0.45654392080094114,2.007723746513941,-0.7042876596895677,1.6008867423143898,0.8136057017601058,1.1111356743392442,35.8431557580891,1,1,3.2436952337635994,3.771622429850506,0.4800052325016063,0.4800052325016063,0.9600104650032126
-1.080377695473679,-1.5394429725855683,0.5205600255502242,-0.1659864415265034,0.49821730425883104,-2.0698927481510614,30.718393244722918,0,0,-1.5,-0.813974198111312,-0.2264786728505695,-0.2264786728505695,-0.452957345701139
-0.27512664373297635,-0.29468581168984725,1.5493980844952036,0.249506918668694,0.158768523180934,-0.9190701446773695,36.094632445001785,1,0,-0.4136484941336819,1.8646294361500135,-0.21109623903723737,-0.21109623903723737,-0.42219247807447474
-0.6005094427789693,-0.23708230732199262,0.39646643070404497,1.132027285398565,0.6254071495564969,-0.0067693671465172914,40.15276793722576,1,0,0.25245156579192296,-0.2990294879554919,-0.0016980632548189156,-0.0016980632548189156,-0.0033961265096378312
-0.3964743991489153,1.0633089450912063,-0.07265837891610441,0.1995220712410038,0.12590350003905385,0.8603693049316145,34.67349797575607,0,1,0.24461013728107828,2.37605970348216,0.4106691444138545,0.4106691444138545,0.821338288827709
-1.1247776624253465,0.2965567810398545,0.00114857961007904,-0.13370146328699234,0.4724428920016233,0.9511079594631199,65.88953179325358,0,1,0.8174661533753503,0.9477204907315829,0.047357009534637395,0.047357009534637395,0.09471401906927479
0.7740458975553672,-0.0046695397578825565,0.12286663395634032,1.041296017680998,0.19674359975056643,0.9512495512742961,58.204021359339855,0,1,2.0891266419348065,3.822649624144388,0.8299170110875518,0.8299170110875518,1.6598340221751036
0.8817531332200771,-0.11696989167012332,0.8972109300216528,-0.1427295978193986,0.6695402365434301,0.9222547932003913,51.26723763082832,0,1,0.6114916452114396,1.8439239279577708,0.36312348831894303,0.36312348831894303,0.7262469766378861
1.8835723147912418,1.1794150475030396,-0.21226291572188424,0.20305288487957285,0.26518478913752197,0.2157676151738194,133.95100040081135,1,0,2.466827075320793,3.397057462540964,0.74700325948568,0.74700325948568,1.49400651897136
-1.7454292409351773,0.16268338183068679,0.8398714476764815,-0.8739793017055242,0.28594129346356295,-1.9837926865311881,51.8204489670846,0,0,-0.30741211525464807,1.1514926999619952,-0.559434090688925,-0.559434090688925,-1.11886818137785
-0.7529476125662274,-0.8042016714073584,0.9738743561958861,-0.21186663334625164,0.352455814762155,0.21162384415551322,36.36911026117214,0,0,-0.11580563270140243,0.6833259974244323,-0.20780307942688112,-0.20780307942688112,-0.41560615885376223
-0.06970815262278147,-0.19724607966983787,1.1540295224952293,-1.685724985799139,0.3139026376680178,0.16716775405338102,38.92878704772211,0,0,-0.06179823379940402,1.0864708160695038,-0.3121719081674985,-0.3121719081674985,-0.624343816334997
0.7110622888792939,-0.6975532327822239,-0.8036563120802172,1.0077557000033637,0.3991263177511592,-0.9650302566687644,42.53876016233485,1,0,0.7147153545813189,2.486925921925662,0.6615075392841774,0.6615075392841774,1.3230150785683548
-1.5556990783890483,0.6668510834421882,1.3025395099989874,-1.1401805498172284,0.2592119241896341,0.8960203523871996,20.197414869358916,0,1,1.1500723641772705,1.9740979098391702,-0.48959779492132405,-0.48959779492132405,-0.9791955898426481
-1.269502782495983,0.8042484226332337,0.4367630278671614,-0.28374033418521494,0.6066031490034408,-2.199065616517635,41.701568011654096,0,0,1.0134983826085748,1.4316378012231197,-0.3082066611438153,-0.3082066611438153,-0.6164133222876306
0.04956752746989822,-0.6872296326289481,0.11374908894902565,-0.35442331487349477,0.12435345503928989,-2.4125485696700926,41.82362025793108,0,0,-0.8225129127298348,1.5559424705034046,0.23521308223612722,0.23521308223612722,0.47042616447225444
0.4306340355010438,0.5336545907640138,-1.3263863716962296,-1.1160670436253117,0.6636678218313344,-0.9513605541943423,64.50048857419736,0,0,2.131299090212914,3.475435673776902,0.39221018662138657,0.39221018662138657,0.7844203732427731
0.33309320893339245,-0.6318666765012781,-0.788829160980829,0.9838840343998343,0.7500119898560393,1.2679802312205806,34.4750459546766,1,1,1.7528191155008785,3.3044778267039217,0.623904762543653,0.623904762543653,1.247809525087306
0.9226755341752694,0.22042249703625452,-1.5543504193377364,0.06553745690008307,0.160036945852249,0.14007471976186064,64.16960084392043,0,0,1.3919488961203221,3.9767398778018186,0.9136941170608528,0.9136941170608528,1.8273882341217056
0.311852092800206,0.5745220569185995,-1.8006850521537814,-1.0121967799531808,0.26791500828885406,0.15555401941243113,37.587429053296255,1,0,1.7165121615199745,3.382588322235935,0.43697427507699216,0.43697427507699216,0.8739485501539843
1.1714403687765311,0.18133892747053676,0.46669910971678064,0.9599969891502859,0.44958681673055206,-0.9848126845310248,30.64926056734728,0,0,2.050161571996508,3.3662133384674626,0.630228121151456,0.630228121151456,1.260456242302912
-1.1479828641103216,0.7024792759340884,-0.24103631775383177,-0.4925390749278315,0.5662226023343412,-0.2500227403793944,33.93243314248414,1,0,0.5860168066350964,1.1589692380338288,-0.2929576700922986,-0.2929576700922986,-0.5859153401845972
-1.5203285912152216,-0.1898342343027543,0.9833356367515055,-0.365515603088282,0.621156089687701,-0.6569302216409597,32.28617773095541,1,0,-1.220110084508918,1.2956473567984164,-0.6568961157065323,-0.6568961157065323,-1.3137922314130646
-1.4290695078989208,1.320278413591357,-1.7273592523176946,0.5743001333814638,0.4805979963694031,-1.8152475955977552,30.17717618915785,0,0,2.629908563009547,2.473951067386862,0.30791007817820165,0.30791007817820165,0.6158201563564033
-0.3689539253800349,-0.027919978846394505,-0.14651141961350314,2.1365070766922982,0.23644159079039292,-0.2563961761276657,16.244812894207705,0,0,2.82041840229532,3.482676719792929,0.5967507052234804,0.5967507052234804,1.1935014104469608
1.3904227913793954,1.2734024041548342,0.6032256822793995,0.14702400413416433,0.1897682504959398,1.0591948189138527,44.10121234323804,0,1,2.9159804107738925,2.8924570862179677,0.737528672109887,0.737528672109887,1.475057344219774
-0.13254803830070583,-0.630384066963628,-0.17774883032906,2.8291328510262868,0.25412947723542306,-0.5590706998091426,17.656161632825118,0,0,0.7306396102858936,1.1986948109583102,0.7902441305964256,0.7902441305964256,1.5804882611928512
-0.8534814839173378,-0.013039490517767649,-1.4495000173458024,2.1653589724220286,0.5489828710914693,0.5032774074013109,12.194518939199023,0,1,3.180119735988322,4.140057982769394,0.8379239142932345,0.8379239142932345,1.675847828586469
-0.8502096589953428,-0.4000036568683852,-1.9412366854822962,-0.6798621861242714,0.355991267865812,0.004591994480816521,50.64316441111242,0,0,1.550687887831309,1.9364971213036783,0.3212002684972455,0.3212002684972455,0.642400536994491
1.560203392975095,0.029019526027848134,-0.48463792789405863,1.0164139899241675,0.7974905289509677,-0.721131050844462,25.188643008051336,0,0,2.0512573340205216,5.671406077177888,0.8750340854078373,0.8750340854078373,1.7500681708156747
-1.0407684274797016,0.7947140294484482,-0.22998812534658475,-1.0719294616641033,0.7292900893101567,-0.5645331455651276,66.35370603072016,0,0,0.8710898045136322,1.8697183803826567,-0.268794696652044,-0.268794696652044,-0.537589393304088
-0.7070198240724743,0.36710601486849226,-0.19264711174347068,-0.5029704902654366,0.32505736862839035,0.10601084096334498,38.103844358113705,0,0,1.3276922503409883,1.802808777428376,0.01586835712467849,0.01586835712467849,0.03173671424935698
-0.9866851979181605,0.4036618940396207,0.5420559043277349,1.3860270509697394,0.5565906553963722,1.1786962224635447,19.07086022393118,0,1,1.6316596592042916,1.7334614623424676,0.2203789575102372,0.2203789575102372,0.4407579150204744
1.6619644559989926,-1.7552314997585095,0.9243809977666746,-0.09048998807616335,0.8430933276097212,-1.89492194156653,75.22763034545304,0,0,0.11809522170631775,0.6680246538321598,0.38335563169100706,0.38335563169100706,0.7667112633820141
-2.194090339730058,0.03802892039127416,1.1697927466358284,0.841055396993301,0.3021875993740879,-1.183841770263824,83.28125420299217,1,0,-1.5,0.04618863601589496,-0.5928347517752854,-0.5928347517752854,-1.1856695035505709
0.0910163640847849,0.7557147495213892,-0.10844386451263367,0.6865574166669552,0.539613467923869,0.5278774650357467,14.436646383017656,0,1,0.4630335787956874,1.7379593160512854,0.5434153348348426,0.5434153348348426,1.0868306696696852
0.3823406127781649,-0.5326710285459701,1.0547590642464149,-1.3237370535165758,0.44487595540859937,0.6833306688703374,61.40889819504912,0,1,-0.16542239785841062,-0.10438654090895272,0.029965478512627486,0.029965478512627486,0.05993095702525497
0.15850950930812657,-0.6133880367332621,-0.21707368170710792,0.7973414984463291,0.5147586429990625,-0.45984223695406734,36.552891579710916,0,0,0.6789631629969836,1.2919640180667582,0.45211826798240345,0.45211826798240345,0.9042365359648069
-0.6304298140076133,0.7278679498711297,0.4502595114549802,-2.4278674303589787,0.6826874961678674,-0.36966507353647154,62.48398915047137,1,0,0.5455794894017847,0.19301466476211962,-0.6764385769871317,-0.6764385769871317,-1.3528771539742634
0.5600330024286619,-0.5078343432088989,0.27772975118963406,0.42063303426325305,0.12232991272686147,-0.39765907250350147,25.15870961398933,1,0,0.21845333408132594,1.4956276796137158,0.34206346253124476,0.34206346253124476,0.6841269250624895
0.28875398129567564,0.7670640708117826,-0.5405139941263933,0.3768388134624106,0.9694503485705223,-0.6921723365313127,23.883724817181108,0,0,1.426618018053117,2.4790277815955024,0.37492709623690434,0.37492709623690434,0.7498541924738087
-0.6349167923811458,0.15929387665043732,0.48638953836781573,0.46547901934146996,0.25004295112179703,1.6322622160269853,44.45397164350516,0,1,1.0902003048714448,1.5718014679076306,0.23899351490459303,0.23899351490459303,0.47798702980918606
0.6301178221872716,0.6786798910404566,0.22567900478948064,-0.09841915660985809,0.2335353707294461,-0.9793660432131418,108.84018167604698,0,0,0.42245806036415534,2.8332990001558747,0.39301967199390875,0.39301967199390875,0.7860393439878175
-0.9848878574252147,-0.3287312857941655,-0.8209998249325845,0.04070028592513059,0.13553672437828973,-1.0218541339391216,131.85206434596387,0,0,0.8963023905628404,0.5863965117372327,0.21964859902184247,0.21964859902184247,0.43929719804368494
-0.8732040595776598,-1.2566162801474428,0.6600095247534784,-1.1180471398302825,0.4366001294865933,-0.5569650303272172,49.40567343449805,1,0,-0.8956463890103261,0.3254887136775138,-0.4957317483737433,-0.4957317483737433,-0.9914634967474866
1.165184737230508,0.6532676842958361,-0.6229874769821632,-1.344862805322079,0.17792648140902692,1.7374371626947178,53.47550142709804,0,1,2.774905428390363,4.292825770750613,0.6785313108644774,0.6785313108644774,1.3570626217289548
-0.2710525087634805,0.8100039996426767,-2.308408443464476,0.7563677369372632,0.10125660400591249,-0.572113246105823,50.27104328581307,1,0,1.331313289968168,4.632939385232428,0.7437997627956986,0.7437997627956986,1.4875995255913972
-1.0857963737747227,-0.041531706909529516,1.7808592140991806,-0.40914523073378795,0.4679547129416416,1.1115809110216313,47.70348408580838,0,1,0.2631714754874028,-0.8954749612448775,-0.38176728439681784,-0.38176728439681784,-0.7635345687936357
0.03130087647154312,0.0507140300766745,1.0873431507113682,0.257181281024119,0.31469832191096375,-1.1461768915968944,136.20820583974537,0,0,0.3354300588805541,1.7290683030692549,0.0803137855812412,0.0803137855812412,0.1606275711624824
-0.08555586349204898,-0.7928278716282319,0.09360426067891645,-0.8027623799410559,0.12345297091034152,1.0456524209914058,39.15835662863734,1,1,0.647662491669718,1.7147257082913483,0.14132547946499263,0.14132547946499263,0.28265095892998526
1.0533709097706798,-1.027099059955153,-0.16004130076461212,0.8716757621254342,0.2766868852061048,-0.47425758334354995,42.721690311717836,1,0,0.21362158785014262,1.5176910637111127,0.6206497256371181,0.6206497256371181,1.2412994512742361
0.08581142920213568,-0.3216023898855964,0.27681458330050135,1.1418234194778396,0.48633513354728863,2.415497996510491,92.7480940702508,0,1,0.9045842800242666,1.0796148780799064,0.5519357753051496,0.5519357753051496,1.1038715506102992
0.18505108589707264,1.823653980969184,1.4396763363105238,-0.14877943831135498,0.8226090558473665,-0.6152400820253671,52.263257326435884,0,0,1.139146051545611,0.587874072438959,-0.14912096223654678,-0.14912096223654678,-0.29824192447309356
1.0032176200051433,-0.4676542243873771,1.5391605879267445,-0.7131499397629455,0.3730859720393526,0.8483158150463996,54.53704016211379,1,1,1.890619445736848,1.7345935612689316,0.08437798181078154,0.08437798181078154,0.1687559636215631
-0.09976719719957453,-0.6832164014966754,0.09059434686235185,0.1397985825613592,0.6999252109911239,0.3419387361655293,7.906268606650959,1,0,-0.26430948867160575,2.050660845176569,0.009316122697576673,0.009316122697576673,0.018632245395153346
-1.6886808059499847,-1.338148687850024,0.3259690117765979,0.14667709983899135,0.13861214062498384,0.1956317398209163,34.79539344686488,0,0,0.08456211186210752,0.5731439199254124,-0.21140884403582494,-0.21140884403582494,-0.4228176880716499
1.6967950774616332,0.09134061343809409,1.792396844786066,-0.019747002527977946,0.34375469868131264,0.23767940189794903,114.37886803985494,0,0,1.9011746481552318,2.176346631554707,0.3347197276977718,0.3347197276977718,0.6694394553955436
-0.2322179414191513,0.9777788466871631,0.7761133550836915,0.5026505640487055,0.26963144845125475,-0.9701935705668255,104.13654584701102,0,0,1.1151814380387595,1.7469127749201159,0.12999959218469134,0.12999959218469134,0.2599991843693827
0.8267272196572237,0.5562634844210048,0.12018883249340939,-1.4674995300411058,0.5879630412536484,0.36245420991392274,35.42650255656193,0,1,-0.454249980126872,1.2024890431857749,0.29978103304719794,0.29978103304719794,0.5995620660943959
-1.4125686355723133,-0.16723208745109305,-0.025337562267699017,-2.5751199760164702,0.668310946004583,-0.16849893909982627,28.807911981693547,0,0,-0.48843272294193607,0.8805231749010314,-0.6738611769854184,-0.6738611769854184,-1.3477223539708367
-0.7768856240475309,1.173602196577425,-0.22628813096554573,1.1115156126919388,0.21331472313195285,0.38870537575812986,22.823382699864098,1,1,0.21542293693075165,2.76518157284099,0.3411326908119917,0.3411326908119917,0.6822653816239834
0.07362439464431617,-2.009302196463019,0.17767857639911594,-0.014213295517830328,0.3058154809927931,-0.43104253671202514,83.36344461522962,0,0,0.6654181204117608,-0.15031974152052952,0.24557143506112328,0.24557143506112328,0.49114287012224656
-0.3357774935431813,-0.16689462566063,0.03644561738158837,-0.9514447038016512,0.061414163239808264,0.8410556781334864,51.306114186524304,0,1,1.30952734812158,2.3227911113399395,0.2119648201221086,0.2119648201221086,0.4239296402442172
-1.1461391319860939,0.8755701146499758,-1.849800559309269,0.34176041188994527,0.434836762787817,0.4741122167293054,57.94177108417736,1,1,2.150138637269898,1.582185801482738,0.403193217163047,0.403193217163047,0.806386434326094
0.35584834413239624,-0.47204095449658107,1.1077157449241564,-2.8511385471763893,0.42068412476157613,-1.9054956468739184,39.89189162596066,0,0,0.27466492530103187,-0.9741477443512558,-0.4182290559607718,-0.4182290559607718,-0.8364581119215436
1.608951260463507,-0.029063073219919872,0.8387636366207444,0.04760253164089843,0.2016228725187022,-1.6471335621741836,30.75374868888516,1,0,1.993603193106599,2.5160756725867186,0.4261573191640914,0.4261573191640914,0.8523146383281828
0.6047836215973269,0.03951529654357451,-0.7841029252489528,0.01239086841929104,0.4826708393060586,1.4543735575866559,32.53173517247922,0,1,2.399315427116686,3.592302202518001,0.7282314124840396,0.7282314124840396,1.456462824968079
0.8673620967638375,-1.1918030600366638,-0.8069348553337522,0.5200949380558756,0.3564665576445948,-1.3731326649124533,7.704067663716925,0,0,1.252131393694301,3.267434251069469,0.768452170282655,0.768452170282655,1.53690434056531
-0.055145007784501994,0.1448200794068819,0.829007347805239,-0.5829465639643922,0.20404421318174032,1.1382427990292465,26.838124514531717,0,1,0.5834816098839495,0.815814274618085,0.14827678862597868,0.14827678862597868,0.29655357725195736
-0.721805591530542,-1.7716794719047915,0.10699509665284597,-1.357780351869763,0.19622273213663907,1.4669044420167956,25.354942778510758,0,1,0.1464144120655893,0.251327297061596,-0.017138405941528573,-0.017138405941528573,-0.034276811883057146
-1.5522725934225843,1.4801440687307341,-1.815563159273254,-0.12846362215087898,0.5238805133944279,-0.5148115235229337,24.23719640147099,0,0,1.9236609598972603,2.6425716030625876,0.15593279367997137,0.15593279367997137,0.31186558735994274
2.422052807403162,1.7482671569326111,-0.6098439765019538,0.31054450407533646,0.20675394388940144,-0.23306397587860028,34.31045021210382,0,0,2.2570757579467315,6.00658843367606,1.1586175251034194,1.1586175251034194,2.317235050206839
0.3441253347269791,0.26305516289493863,-1.8989250845285266,2.4084496278432463,0.27841497267511234,0.3406145729370209,103.38618171936628,0,0,2.1670954102910738,6.287288917225238,1.2208199518895873,1.2208199518895873,2.4416399037791745
1.0119824290991273,1.628146761521104,0.45748238380859796,0.5074590689296151,0.14867613747088151,1.5856672244584302,21.654753515690075,1,1,2.5106037895843674,2.283881298090621,0.5983693151241833,0.5983693151241833,1.1967386302483667
0.09655999994352976,1.2874602140983067,-2.8741654812896646,0.03492816720757037,0.24454465746002063,-0.2806465247446796,27.60100378928162,0,0,2.334773756491516,6.016337554583455,0.9469495581748723,0.9469495581748723,1.8938991163497445
-1.1322288468097281,-0.03483452991466653,1.8718945100207478,0.45965075796878857,0.7431585418631333,-1.0552994651247531,28.536371060947715,0,0,-0.747974802613557,1.0856338885158878,-0.4844617829240585,-0.4844617829240585,-0.968923565848117
-0.8377002792915583,-1.091550327094835,-1.890948538847178,0.8648596833548542,0.28944591014750887,1.3530188352914798,10.26987524986265,0,1,1.0278332184076686,1.8905125909383242,0.7676603249132146,0.7676603249132146,1.5353206498264291
0.5551048724169296,-1.3464832310783426,0.01213087690181484,0.5554638591338624,0.5658495967423304,0.32515292166183185,32.17823558665246,1,0,0.2863160979816972,1.5984656993219595,0.31694016278427706,0.31694016278427706,0.6338803255685541
-0.478072441944297,0.019484471996957433,1.6444573558671978,0.11595680528165614,0.2651325512553549,1.3149913927187526,43.5172743709061,0,1,0.988701978955477,1.1993950857347526,-0.03840048938577373,-0.03840048938577373,-0.07680097877154746
0.6232105717058141,-1.8152761544286133,-0.5103033733560622,0.8885535743108041,0.26718119307069554,-0.5179343832139902,29.887603119614578,1,0,0.35647558122172573,0.8973028597123462,0.5825818592549393,0.5825818592549393,1.1651637185098787
-0.8503350523122979,0.6928178254946734,-0.2393361181519606,-0.6009911380629512,0.23078865313058325,1.7007940867912146,115.06192902886949,0,1,0.37087738591655683,1.9657343006501518,0.15099244974331674,0.15099244974331674,0.3019848994866335
-0.042862058049225354,-1.4365611688407764,1.929082024600533,2.067621724423238,0.39617668110005505,-1.2355717707879958,34.132246584970886,0,0,-1.0006553938256157,0.5745300155349092,0.1806900852662694,0.1806900852662694,0.3613801705325388
0.8900071233705557,0.43869373291209124,-1.068912647007149,-0.9705290866607499,0.1940221168005744,1.7155085070014806,28.86063247510149,1,1,1.981420613683416,2.704210472867068,0.6231022332542556,0.6231022332542556,1.2462044665085112
0.41962703158414055,1.718242575348602,-0.7925794968763602,0.014533361587683582,0.6510588326638136,-0.997340785033656,31.96050685653508,0,0,1.4607005213220496,3.413627094701526,0.4782249434028264,0.4782249434028264,0.9564498868056528
-0.34023188587865344,0.5630138672586843,0.2649947238992321,0.7813464656906353,0.1611924302456225,-2.110814708242623,15.49951847281127,0,0,-0.0743584704327398,1.2682025295025776,0.2883924132615109,0.2883924132615109,0.5767848265230218
-0.3733334155512056,-1.1881676128388634,0.05046962156274642,-0.2652843187012071,0.5522807281473817,0.11440257499501992,65.25383824678143,0,0,0.8976102016481237,0.807034233717794,0.04406477478026935,0.04406477478026935,0.0881295495605387
-1.9729105081074767,-0.674636534942385,-0.6484756320428536,1.6742342117822466,0.567047183289089,-0.4678937236319569,11.982337213577216,1,0,1.6601318096957305,0.5170733671696522,-0.044479469089242746,-0.044479469089242746,-0.08895893817848549
-1.0536772703578001,-1.0658322711035775,-1.4086581933288589,0.43698828112155613,0.09603666976799176,2.346035492591566,51.172746439214514,1,1,0.846420201781514,0.2830835001760862,0.430484256689727,0.430484256689727,0.860968513379454
1.0370861834635665,-1.41699821016175,-0.03701682969271309,1.0868589913273945,0.49401925543105984,-0.3602307409436692,22.17872518211709,1,0,0.35185177903731235,1.075098101613477,0.5755978310376723,0.5755978310376723,1.1511956620753445
-0.1474854970949856,-0.7879679903906451,0.8859491279342988,-2.0386457225808563,0.5962677159472547,-1.0874993893684834,63.24143039466742,1,0,-0.8574735697036737,0.47794417409382095,-0.546265229224037,-0.546265229224037,-1.092530458448074
0.43366509456231617,1.3980951959398502,0.19246252946662903,1.0360459603514278,0.18540099199045562,-0.16208463306472318,41.52761752414458,0,0,1.6270539299705047,4.957709505840667,0.5610765047803379,0.5610765047803379,1.1221530095606758
0.5859363548361537,-1.5024695483148751,0.6013113505772866,-0.5175762587485508,0.5751669530988096,0.4007080135135865,83.14178023630622,0,1,0.17792184583872006,2.4582575614249116,0.3005698869086666,0.3005698869086666,0.6011397738173332
-0.15562156614942801,1.2190248909842343,0.17770082504630882,0.5340727997859732,0.7439208199327815,0.8026149978583327,60.59833330285043,0,1,1.3733982698755505,1.3009050374622397,0.33492388714557986,0.33492388714557986,0.6698477742911597
-0.19870048673558002,0.3225671649420689,0.4702530302180055,-0.45406550976071564,0.11877184898043085,-0.595280856872688,25.497461379159954,0,0,1.3660231451427234,2.8810486147495604,0.07067116155384419,0.07067116155384419,0.14134232310768838
1.6660363106759668,2.1958964983863716,0.22304669417032047,-0.09726963591797459,0.7470195878183171,-0.5841086883767934,23.12463086289049,1,0,2.3462869001126703,3.113791347482319,0.4206266587301687,0.4206266587301687,0.8412533174603374
-0.7476589087056649,0.8471828565805237,0.8861439990529272,-0.31630929416197306,0.7523998451752066,-0.6269335587379308,51.128317969742916,0,0,0.2480420145044161,-0.24342357037464657,-0.3018078100204349,-0.3018078100204349,-0.6036156200408698
-0.6218914930176375,1.0751954008468132,0.7053405536225128,-0.14222360603538176,0.522518699989556,-1.1812293545936348,17.37411427533622,0,0,0.7992284602697617,-1.0183574660491785,-0.14030927692575346,-0.14030927692575346,-0.2806185538515069
-0.8496155441531326,-0.31723631168000943,-1.5014061010016033,-0.7905444451163076,0.5269643295661463,0.012811112920078678,71.49038815104915,1,0,0.8145345101922463,1.5766622624168454,0.02364755064066515,0.02364755064066515,0.0472951012813303
1.2674046773177419,-0.5498581149401124,-0.4161733108637278,2.6104510387848268,0.05275591910457148,0.710467488950673,28.525454499414867,1,1,3.5,7.940155035164249,1.2636512044351593,1.2636512044351593,2.5273024088703187
-0.10313856783513675,1.4739893113825273,1.3300316348603722,-0.49996774505239655,0.19684122828692432,1.003132358488145,21.79942651133919,1,1,1.4094611153832837,-0.07757174162129399,-0.09872184756141339,-0.09872184756141339,-0.19744369512282678
-0.23736919952125324,-0.6518825812625402,-0.30851610678154356,-0.5991852699558086,0.2103043897835211,0.6092309342503067,68.2219442281795,0,1,1.1582111561146538,1.1867402313186448,0.34308376548589814,0.34308376548589814,0.6861675309717963
-0.27085742961959314,0.7413182288389368,0.5340323532479444,0.6746014697894219,0.31333384727838925,-0.05007337610449959,43.28878651305237,0,0,-0.5984923087550593,1.483226905054537,0.19290094320724865,0.19290094320724865,0.3858018864144973
-1.4194548769424566,-1.393840916846358,1.1266022319771662,0.4910464000564537,0.42195357102851805,0.6211077261639496,47.521173264358175,1,1,-0.3832119610436392,-0.36474379347604324,-0.29818036161554706,-0.29818036161554706,-0.5963607232310941
-0.4779493450982306,0.41149116651594214,-0.461936472678245,0.20138547022444275,0.45660074964293934,0.8185832354001937,59.68444017680251,0,1,3.0498504959853356,3.856610444020741,0.3944654120878036,0.3944654120878036,0.7889308241756072
0.6900452928038078,0.6906269202419073,-0.4761631049181731,-1.2047303118564199,0.16075211481596083,0.09927533492329817,73.45025052772617,0,0,2.103415297682752,2.8605074018146674,0.3825366013770781,0.3825366013770781,0.7650732027541562
-2.1386410928664055,1.4436399709046883,-0.42795813373014296,0.10196501761768882,0.6748466394369511,0.33060550121734317,22.90278519450567,0,0,0.8517073233443306,0.564883287923279,-0.3082782068756464,-0.3082782068756464,-0.6165564137512928
0.028929687611112694,-1.0121174812990499,-0.8713507665020751,1.6417724483287024,0.21274328228947703,-1.5986304169406922,59.415754358457555,0,0,-1.2736974053861658,-0.8837094149892931,0.78425813411126,0.78425813411126,1.56851626822252
-0.7458134012662113,1.791660235222494,0.0646889497700504,-0.1254743899474733,0.22003375592254043,-0.3393119555434626,25.741459950965123,1,0,2.6798674961971134,1.340890444523479,-0.09845281291590516,-0.09845281291590516,-0.19690562583181032
0.29471593518810024,1.1660397112398648,0.3470316830437631,1.3801308098981075,0.08528459106238451,-0.7531964534008513,54.68091878637217,0,0,0.8316888543612039,2.502879511980714,0.5741287355097273,0.5741287355097273,1.1482574710194546
-2.5769224752243507,0.8867654810482886,-0.04517269445543944,-0.23540589523441272,0.7371145484005405,1.464920485000145,29.013521791765566,0,1,1.4439050273627534,0.5876860326724853,-0.4308808530409455,-0.4308808530409455,-0.861761706081891
0.5523017594436606,0.22561483713709068,0.8534683447093075,0.8517181769524651,0.3108639327941954,1.3610865397925331,90.12096156978623,1,1,3.298707094332796,1.9944544997632727,0.40558338478901423,0.40558338478901423,0.8111667695780285
0.6767070969067516,0.9544326938050323,-0.5484763682523437,0.250338083160454,0.5074321461111331,-0.20592329548789023,64.64125147293109,0,0,1.3963098323294427,3.784469141351039,0.5734199280516158,0.5734199280516158,1.1468398561032316
0.2589122126586444,0.884638063373279,-0.7854834297748116,0.22758368765755313,0.03454373095900206,-0.9065474155778344,41.83970393008573,1,0,1.584941577904909,2.7534644539565156,0.4779763424430781,0.4779763424430781,0.9559526848861561
2.01981066403999,0.6969014535335551,-0.36599168100393775,1.0535224502808513,0.6338505306742483,0.8558529192099573,52.08104099408166,0,1,2.6649692145444113,5.686485915415494,1.1835750694407972,1.1835750694407972,2.3671501388815943
1.5626756955096426,0.9730110022565654,1.281329169864079,0.365768007196161,0.3496659417817419,-0.210036703471535,52.18225299531414,0,0,2.527652937933038,2.5305405620956485,0.4775751926402937,0.4775751926402937,0.9551503852805874
-1.558830996874698,2.1884374472265735,-1.3886580315957844,-1.058354335939661,0.08858714348759646,0.20267844308925562,29.90476581446578,0,0,2.2259342899548544,1.4741503616509801,-0.0027326070800049902,-0.0027326070800049902,-0.0054652141600099804
-0.14804256160715906,0.3471642508101787,1.5306682492484749,-1.3999160682144893,0.22520421708826424,0.8920405810529262,27.605061635585734,0,1,1.6489052265172441,-0.7015915771917975,-0.18423283646446045,-0.18423283646446045,-0.3684656729289209
-0.6558080213629474,-1.2176550137803797,-1.4633642270994185,0.22981275938763265,0.5134752397302071,-0.4516001758659739,15.683549284178174,0,0,1.2826931694897716,2.5985045198837375,0.3964461231347709,0.3964461231347709,0.7928922462695418
1.2161704975213552,1.5781529838354693,0.6401165992932415,-0.09213161343662313,0.38865612576098807,-0.1318183489500774,74.99549007003631,1,0,2.0052650487640586,3.7565695835380017,0.2898409268602371,0.2898409268602371,0.5796818537204742
0.3969959033072546,0.07546253148263338,0.693071251440105,0.13199508988979086,0.5604205040913072,-0.1647623498253783,55.01984198469752,0,0,1.7990471059443385,1.3897011897172025,0.18794137280745685,0.18794137280745685,0.3758827456149137
2.9342672024058616,0.3989237102497271,-0.36026903091255863,-0.14464802093583248,0.49206279279633613,0.7361249201370019,19.734882386761935,0,1,3.5,7.9239589623782205,1.2567222894348336,1.2567222894348336,2.513444578869667
0.39027784613596683,-1.2155124928718344,-0.2053984878957487,0.8422871131641271,0.4587482154366016,1.566330113257038,23.90787163499474,0,1,1.1879233419116808,2.8074024629604977,0.695977572919894,0.695977572919894,1.391955145839788
-0.8347113262909555,1.0265472593810692,1.2630261268200678,0.8109035655732111,0.4328898756783845,0.3947666761754944,17.437106904631502,0,1,1.3276245014796095,1.5988281876604902,0.030484152378483315,0.030484152378483315,0.06096830475696663
-0.08647764808869582,-0.44673216609019467,-1.4819626280456746,-1.2039492220921983,0.2816303564217284,-2.157474398159018,87.86631445050152,1,0,0.8665116545811827,0.17582771866131286,0.21751589118740305,0.21751589118740305,0.4350317823748061
0.5394418522042042,0.2799008611586267,-1.7042632541096923,-0.3045420758135005,0.5927577131525135,0.8973328395171332,46.0400541686002,0,1,2.4972466865317955,3.2035948162016106,0.8289022097182762,0.8289022097182762,1.6578044194365524
-0.18409904376318503,0.3060625643630276,0.9603320912759477,0.2064020365363467,0.22832203945783458,-1.265717924082208,19.498795413020986,1,0,0.3679608242622184,-0.024602285446676087,-0.08046571522773815,-0.08046571522773815,-0.1609314304554763
-2.0910241619831016,1.1309569165261473,0.4261435387032056,0.2974410691057929,0.3965176787713158,1.911138966086337,95.93782683454305,0,1,1.7391681325448296,0.6326589028193764,-0.22086319433604681,-0.22086319433604681,-0.44172638867209363
1.1883554750795855,-1.1700031875858357,-0.12920024245609738,0.07332456119858133,0.28765617815513783,0.5624497799909576,19.07452449526529,0,1,2.114421375730083,3.164115520486366,0.805324524621137,0.805324524621137,1.610649049242274
-1.6978717422118164,1.0611729546486453,0.6777125944824797,2.434815623421674,0.2727552626034311,0.8419775445407591,29.87937675881947,0,1,1.1358408758782879,1.889112609357229,0.24830469058562366,0.24830469058562366,0.4966093811712473
1.4475277973355969,-1.4617478803292097,0.6884124451929962,-0.6099982940556061,0.09171145976414313,-1.4140472541468623,54.40705860933186,1,0,2.1109435997734707,0.8903458653649209,0.32204660203810453,0.32204660203810453,0.6440932040762091
-0.8453516916355873,-0.2498324441354114,-0.4864653481572399,-0.5504000842333954,0.30793889294462296,1.280067674013721,38.52025563571618,0,1,1.0706095808886942,1.0705631312513844,0.19734655346790764,0.19734655346790764,0.3946931069358153
0.349623286107686,0.9379131470167706,0.06436440855489332,0.1144122848633461,0.11911045822922729,0.02678531165110038,23.79294602138898,0,0,2.529374241192836,2.6870167426972063,0.41574205152846333,0.41574205152846333,0.8314841030569267
0.3328512277227069,-0.7175112401500752,-0.521420413846401,-0.9648853022262531,0.8315206538275584,1.3795608359147729,8.36648941988522,0,1,0.810277002054967,1.1154189636923832,0.33466652348922665,0.33466652348922665,0.6693330469784533
-0.6143768627154966,-1.0028195531802122,-0.2946594039736429,-1.362399432225754,0.27564900296258393,0.1709268819471918,29.45745024667293,0,0,0.09682433260476941,1.4528106064820858,-0.07858811119779345,-0.07858811119779345,-0.1571762223955869
0.2962813769902028,-1.0553345433637928,0.6254631547271251,1.7125330877506404,0.13648714268041062,-1.0929712221251486,14.758836343994474,1,0,1.4396334832966042,2.311276857463943,0.42085593306910596,0.42085593306910596,0.8417118661382119
0.7481218215621089,0.3076866405807136,1.2556585301812169,-1.2367568446135209,0.5656807151878188,0.4940435668808108,69.88860994200925,1,1,0.6988093074826299,1.3711738412068493,-0.0651503702779874,-0.0651503702779874,-0.1303007405559748
-0.8484697130163484,1.2027631926276734,-0.11859823125977703,1.7675885450063813,0.47962377161865233,-0.6642819353970176,59.90211010831524,0,0,0.5249710116209119,2.031262967887131,0.33157632414524546,0.33157632414524546,0.6631526482904909
-0.2841519611429915,0.2625146207698259,-1.4505481428269702,0.21355755748802013,0.7314530869817408,-2.2478820501070165,55.31278867516125,0,0,0.15160640878687415,0.08515560036636916,0.4424496617741216,0.4424496617741216,0.8848993235482432
-0.9929858992700639,0.43167616387710184,-1.0538916431247756,0.9467799982083087,0.24367711816019016,1.1128435212772503,59.761143410985106,1,1,2.17104503795112,2.6603015137956776,0.42575800101088257,0.42575800101088257,0.8515160020217651
-0.1472661473333371,0.19928007369147444,0.6900399226603806,-0.9030595400341579,0.4818188208305136,-0.702575940103223,15.088040852379915,0,0,1.126120328687785,1.031722393042453,-0.13123053844408977,-0.13123053844408977,-0.26246107688817955
-0.123249626248329,0.046825550738491935,-0.7112308494993166,-0.05907190300241509,0.3922511727133321,-0.30639910834067285,17.302070622059087,0,0,1.8959749016119614,2.4063731018606433,0.35718766754868314,0.35718766754868314,0.7143753350973663
1.2347697282844652,-0.4168946733633461,0.47048804192091215,-0.2060969167313537,0.12160822887265811,0.38435272239720614,18.602423962726448,1,1,1.1289025618814286,2.3674765821188193,0.5359447347559679,0.5359447347559679,1.0718894695119359
-0.6979630324505264,0.23567350001588955,-0.029307039374064217,-0.5471171681658886,0.17134231783980416,-1.57423032536262,100.45847166885997,0,0,0.18694730405001775,1.1565117138784615,0.011414653024733802,0.011414653024733802,0.022829306049467604
1.0158360951934582,0.34249811711479405,-0.5087369565330725,-2.1373845376374017,0.0737959526496657,0.5435036014331367,37.53203615269912,0,1,1.4377557800194638,2.524253818931004,0.49391599168079225,0.49391599168079225,0.9878319833615845
-0.8614414223330541,1.8531536695183013,-0.18839927848643986,1.517962934866954,0.29053204945417155,-3.4587716168718283,74.68316110275828,1,0,0.6605921723297675,2.6275225171184875,0.20374987942081219,0.20374987942081219,0.40749975884162437
-1.5624497172642828,-0.981496532354253,-0.14499161440690866,-0.17106406735780424,0.12798934422703714,-1.1169588686946854,8.222923309459846,1,0,0.006262765910777096,-1.0142990707318689,-0.267096740403373,-0.267096740403373,-0.534193480806746
0.6171594842782379,1.563290809118634,-0.7744594092081497,0.9642020634958768,0.193345673783245,1.957514454320204,37.707790929710306,0,1,3.4535942119655214,5.796160174506855,0.9703391353449787,0.9703391353449787,1.9406782706899575
-0.4373837529063568,-0.11322134834261337,-0.6512376931634452,-0.026523107621672502,0.3808911180858248,-0.7021257196544766,14.547496937382364,0,0,1.435162800888077,2.435303340255813,0.26461681396967907,0.26461681396967907,0.5292336279393581
0.8330824203823204,-1.967163732013978,0.45255263952595254,1.3607649338779353,0.5094469838922816,-0.8716125889153409,35.31222782953306,1,0,-0.03723758574070701,0.922629057190128,0.45637190897522095,0.45637190897522095,0.9127438179504419
-2.0304501598355005,-0.6813228064624307,-0.3130350252729518,0.49009891615850515,0.1463664465704044,1.829523439455775,60.406715174303066,0,1,0.1255010257848822,-0.04968703181765988,0.05343151853774311,0.05343151853774311,0.10686303707548622
2.0786681360437127,-2.1630332480087677,-0.9861354044200257,-0.7139550365896442,0.02753351418405044,0.1827510316679399,29.16618608515297,0,0,-0.0737790550646873,0.7276420648508712,1.0038569170743372,1.0038569170743372,2.0077138341486744
2.019640431638539,0.4401263636264198,-1.8814992369401253,-0.16930301327158767,0.7355263204424753,0.08173065660525246,57.850384960841915,1,0,2.393323379126364,5.051873896453837,0.9724282936905385,0.9724282936905385,1.944856587381077
0.678948341523398,-0.46200908430602633,0.42733599831498675,-1.934865311573483,0.47105505890078614,0.22309546868284874,37.665132776082054,1,0,0.9409190536283205,1.0754652659898352,-0.16523735422216118,-0.16523735422216118,-0.33047470844432236
-0.0538365632239601,-0.6781345891696002,0.7022959547759519,0.11494335043957571,0.03616978010662878,1.5963137718544886,9.757995731074944,1,1,1.7855174940464373,1.6916627689739525,0.2024297081001145,0.2024297081001145,0.404859416200229
0.5588111632829582,0.6775555314331502,-0.3522269528551032,-0.5894884345366228,0.10474267288378039,0.7229765391152086,81.25230690358273,1,1,2.9081132958064213,1.8237751844092887,0.46271089563865164,0.46271089563865164,0.9254217912773033
-0.2754349142789644,0.6340605336663655,1.5583873762868234,-0.6488572413422627,0.576936155395604,-0.12301856011645565,21.897206664747614,0,0,0.5133195941020305,0.9018389865451203,-0.3352259795177634,-0.3352259795177634,-0.6704519590355268
-0.46780937355239244,-1.0118211548019722,0.7987347235532763,-0.7866561153824441,0.26746676523138146,0.7066667582341897,25.815031967439563,0,1,0.6785026521721031,0.7554671587040517,-0.012498388200762128,-0.012498388200762128,-0.024996776401524257
0.8144254385769051,0.8127366248564925,-1.1141031535523598,-1.9594729963937465,0.22714373777705396,-1.4395865944620125,94.60932567622868,0,0,1.8549933663994471,2.2076736493699602,0.4059221801656853,0.4059221801656853,0.8118443603313706
-0.17303567140923615,0.8136801081970874,0.09604415245749404,0.2748045710590884,0.41065072475529407,-1.9088483660551407,22.822028433310106,0,0,1.729402520242486,2.170151049169812,0.22132894731413055,0.22132894731413055,0.4426578946282611
-1.1750769730429076,-0.4102972633838411,-0.05400406220619559,-1.1180531453784006,0.2660562984946451,1.0510712253787438,49.13820769050966,0,1,0.7226312880600984,-0.7218023921794832,-0.08224373657347803,-0.08224373657347803,-0.16448747314695605
-0.04320117838381885,-0.26932791963738945,1.913820049604829,0.6606864061174269,0.5790591799306906,-1.842924586079615,45.55623942326695,0,0,-0.03140628478718446,0.5434150915202067,-0.11318739094276054,-0.11318739094276054,-0.22637478188552107
-1.8021565163037776,0.15231395489659014,0.9362871097078681,-0.6839618701508318,0.32708439180393484,-1.4842637319399847,8.276470064159351,0,0,-1.4847418722323849,1.0287201351282003,-0.5722003793608829,-0.5722003793608829,-1.1444007587217657
-0.4347005255854352,0.5752668487887954,0.3916870395440023,0.5267882339780781,0.23780306192556516,-0.02971466982744134,30.126587633447674,1,0,1.1433049314528752,1.561314649636517,0.02986185139031608,0.02986185139031608,0.05972370278063216
-1.1921343790660204,-1.3771879145024868,-2.316581038874486,-0.24522867980824448,0.44436032259249314,-0.28767687273673903,47.151061727700714,1,0,0.688550195541393,1.9166507572235,0.22506256262621893,0.22506256262621893,0.45012512525243786
0.005125790081993311,0.19886556564207403,-0.7396868395793691,1.3635297293435602,0.22993940002432164,1.3354958631907388,18.122025483624356,0,1,2.9668776960551044,4.02296507195425,0.854416221206423,0.854416221206423,1.708832442412846
-0.314009472208476,0.8175602021874665,-1.9984340585475784,-0.7672850362232243,0.14651158583635862,0.5515275816518421,31.945976655566305,0,1,1.7476543195027086,2.6467441718437525,0.6784587535411876,0.6784587535411876,1.3569175070823751
1.2981381523577382,-1.54741350415585,-1.8497743936737732,-0.08846478902228944,0.27541716286583146,-0.5936005858140522,38.274485862380885,1,0,3.1604583546843283,4.85901370179731,0.8884052681565854,0.8884052681565854,1.7768105363131708
1.6019146034154352,0.5768788205089551,-1.3682453632899643,-1.830662885621881,0.303732995918078,1.9177078942472412,61.9010499709314,0,1,2.648271512814986,4.775328610075873,0.8471348304478368,0.8471348304478368,1.6942696608956735
0.09330557780874309,0.052266987723836075,0.6766514714781942,-0.6122199930666353,0.044451282208756555,-0.10775908810728925,57.84114594952568,1,0,0.6001737579725008,-0.1511974958762119,-0.04360566842085056,-0.04360566842085056,-0.08721133684170113
-1.0489595050915477,3.164841486086316,-0.7433005956652667,1.8776129223763491,0.18996859679313066,-1.0659024012557812,30.873916667312674,0,0,2.751249592120789,4.821576412791014,0.5021953324181168,0.5021953324181168,1.0043906648362335
0.48106958921506005,1.4681247216650017,-0.5721433311028542,0.02292927507847263,0.8981073320053996,1.6068168997769243,6.477622804887858,0,1,2.880150169087529,3.2516118760247377,0.549152527655674,0.549152527655674,1.098305055311348
0.23280327530610861,0.5624576855729335,1.5420696859482683,-0.1491322271422237,0.3547133582891132,1.2693644149122167,44.905855977629706,1,1,1.2044408600148375,0.2735427841988758,-0.026045420697896032,-0.026045420697896032,-0.052090841395792065
-1.1267638166633274,-0.6338985667216945,-1.765274258854921,1.954168533757237,0.26647299213716763,0.8630509617130213,35.73527414604294,0,1,0.4484938105265577,3.047286440218166,0.8606632862457334,0.8606632862457334,1.7213265724914668
-0.18509183451210187,1.4027317173514176,1.7966802158170219,0.3633565096005434,0.07214609303769035,2.0347964752069534,36.07639111764633,1,1,1.485653383152627,0.7199616175175549,-0.03900625174408116,-0.03900625174408116,-0.07801250348816233
-0.23091077216545705,-0.5203807235107839,-1.3070062322223186,0.47812832084422197,0.3350372837707995,-0.450569949981416,25.828289460125077,0,0,0.34225665006917827,2.6518910852795647,0.5685405045295502,0.5685405045295502,1.1370810090591004
0.20692767063612968,-0.7450808156315144,0.5665749722469064,-0.94554710117696,0.35823465725898856,-0.7237527319507779,49.52167415563176,0,0,1.2694482529371014,1.3837946542069983,0.017118457929786918,0.017118457929786918,0.034236915859573835
1.540028913278578,-0.5559741115357794,0.6879622825795283,-0.3209563979137761,0.30548720268714874,-1.4992242260498618,55.818641890133954,0,0,2.1398840110130335,2.6381662848364384,0.4887673132811102,0.4887673132811102,0.9775346265622205
-1.7440579236295009,0.27833027631936386,1.0665260444546565,-0.8619328170167295,0.5667098939313806,-0.42517445655943126,90.3093232053421,0,0,-0.7422087153741855,0.7371102021164813,-0.6741302300028275,-0.6741302300028275,-1.348260460005655
1.0248072992356798,-2.7366851949529973,0.9487452898158294,-1.23629903902385,0.713376086251211,-0.3464842171570782,32.59400590645874,1,0,0.29576282670501786,0.7376124736979706,-0.11552200769807569,-0.11552200769807569,-0.23104401539615138
-0.18457447653914827,-0.8209757254203913,1.7349744449012579,0.8733746899869909,0.2576071089076578,-1.4867177325029655,41.04739385130213,0,0,0.5786491501860178,0.9713690014065407,0.002006506750582296,0.002006506750582296,0.004013013501164592
-0.5356242422936996,-1.5116808629742462,0.824659734456701,-0.3367047178205702,0.4788165650001365,0.9488257671846149,23.412512235987567,1,1,0.4714219472907919,0.7896921165152618,-0.1469227542304455,-0.1469227542304455,-0.293845508460891
0.3528240697627861,-0.6516863463938857,-0.011344420908169015,-1.0373587360172718,0.38763218593204557,0.5459659347969802,38.38607012566699,0,1,1.4122754652172649,2.6072820518183333,0.3215302150265775,0.3215302150265775,0.643060430053155
0.08686750245425043,1.8442224581059585,-0.04173594994488562,-1.2342995600708175,0.16904401928942836,1.6262059986387745,22.966945134374352,0,1,2.0626173689903897,2.9602944401205757,0.270760324232855,0.270760324232855,0.54152064846571
1.7910095774503672,0.34799825145720636,-1.4411240801894334,-1.4001130266023964,0.12801489218915962,-0.23255733056597658,35.27008669960899,1,0,1.4889682629876937,2.198635025019529,0.7357860604139488,0.7357860604139488,1.4715721208278976
0.501354468607457,-1.0893314299352872,0.26651997458052945,1.3919192689178546,0.1566823567367987,0.7503686033070162,95.81724673764258,1,1,1.2537034697065992,1.7114990537258288,0.6546865595907537,0.6546865595907537,1.3093731191815074
-0.04185003235963515,-0.5730232401567205,3.3156321874473584,-0.48217748790031073,0.1731202942307274,0.05693656653007018,35.06596752689311,1,0,-0.8238862255903805,0.5036135681580255,-0.6694979087365472,-0.6694979087365472,-1.3389958174730945
0.778101718214299,-0.5126129565168703,0.029136533503393715,-0.4079619915012583,0.22888314162327894,-0.7677064287217544,35.96423796588234,0,0,0.6318890284019932,1.4568503304253433,0.4230933312694437,0.4230933312694437,0.8461866625388874
-2.1513154589914056,0.841841803955789,0.09410103078686446,-0.4122275562922629,0.6785039267743603,-0.6958998665496208,75.94749214783914,1,0,0.08668140893023835,-0.18021601394239445,-0.6601124578491575,-0.6601124578491575,-1.320224915698315
1.2266927085197863,-1.028941954402024,1.2451559154531844,-1.6907316930482224,0.5613577685448577,0.5249435519026536,48.022042618300254,0,1,0.7281697051663334,0.7130503229117449,0.1304820877863939,0.1304820877863939,0.2609641755727878
-0.19368022262188556,0.8247751072651693,-0.6931125488626363,-0.4518077931292247,0.22057802865624326,-0.6022657917735481,47.18599219168916,1,0,1.8160193690799895,2.4843291592886256,0.1639901687748932,0.1639901687748932,0.3279803375497864
1.988585152353529,-0.6796483158387202,0.8435587203097357,-1.6314937466286767,0.23759961963960663,1.0383753400311675,50.21007723844067,0,1,2.239313938751158,2.076141411618591,0.5205281410841789,0.5205281410841789,1.0410562821683578
0.00525139416890042,0.997929181409868,-0.41623952579428003,-0.7479346300941907,0.2728553317419938,0.1742935954174388,75.19005169468034,0,0,2.6803329339752446,1.5280727091658894,0.23292957300700096,0.23292957300700096,0.4658591460140019
0.9310955493254824,-0.09680841830636351,-0.028490790406283644,-0.08438366781403053,0.1194624276266468,0.7248722359681403,28.016823009343323,0,1,1.9369159516890497,4.188679165745417,0.7231146848635968,0.7231146848635968,1.4462293697271935
0.03290380103140415,-2.3166881913125277,1.089135558404544,0.9364170388355046,0.5690540037837939,1.1323019590156682,80.80123665185916,1,1,0.4914565970970589,0.27039452921540114,0.16158534752207376,0.16158534752207376,0.3231706950441475
-0.8629313407954768,-0.6616629955253149,0.5490161597930024,0.4908095715705708,0.30986511733605204,2.027328663373117,137.4769458171295,0,1,0.5305590523990138,0.22122837696511022,0.15157376414485618,0.15157376414485618,0.30314752828971236
-1.2812234013684005,0.24598069203206555,1.306398263963367,-0.40149272533877456,0.485911416253794,0.8071594966033757,46.54962688194475,1,1,1.205465347880759,1.3102380370208362,-0.47503760091698277,-0.47503760091698277,-0.9500752018339655
0.08103959684908825,-1.2048838716061259,-1.4280061862966849,-0.5496001371287016,0.4886758562042106,2.141830014884509,52.8638011608136,1,1,2.150587859329477,2.5040271455451704,0.4806422179308385,0.4806422179308385,0.961284435861677
-1.0607783342043116,0.7213332500905185,1.0608725222664204,0.13333981798352468,0.07713274141256103,0.16108515019830275,48.28218592890349,0,0,0.8432546028410952,1.0473843476169666,-0.1849205791777999,-0.1849205791777999,-0.3698411583555998
-0.14897236639168707,1.201046655413119,0.8795249279696807,-0.32467102036595435,0.2664784528458922,1.6359751588188023,34.267674536482325,0,1,1.765030398776908,1.87457403027015,0.14239664090811197,0.14239664090811197,0.28479328181622393
1.25569457157083,-1.0641455857355457,1.0397439036228207,0.05408054197873413,0.4165944854770594,-1.0333098778841094,30.167471377945972,0,0,1.3907878762179262,1.2807796325065135,0.37260264228448986,0.37260264228448986,0.7452052845689797
-0.1071615217242512,0.07398384070791716,0.22060301056613404,0.07236743955284108,0.36863360129818196,-0.09579423290238223,54.77282567392221,1,0,0.28512048898022235,0.398962676293935,0.046016186400607895,0.046016186400607895,0.09203237280121579
-0.18671602020445527,-0.053272521532928344,0.09557776742502402,-0.176991682231249,0.1998254055199431,-1.9861994084673584,15.274527875051337,0,0,1.6793452715691957,1.8980234543912646,0.1868758053828361,0.1868758053828361,0.3737516107656722
-1.4151839776538784,-0.1519387317009384,-1.4699612274211453,0.09895656243369293,0.41681996067791793,0.4444384270248858,30.856780574682716,1,1,0.5411301027089481,1.3656759236321654,0.2049153469649304,0.2049153469649304,0.4098306939298608
-1.6036921510926085,0.508150046491706,0.929578951943314,-0.1237782699251909,0.6664378219372211,-0.3427417674255811,12.250649122774451,1,0,-0.30563439863996195,1.0495134173736511,-0.635766337584927,-0.635766337584927,-1.271532675169854
0.39665156377096134,-0.49527573132691166,0.3649685946459996,0.07062425867700958,0.2626358424417124,-0.019515448208265344,20.923073413983026,0,0,1.9398668536595256,2.573549736392247,0.32044911140960003,0.32044911140960003,0.6408982228192001
0.08600515805787819,-0.8830280095319922,0.1189474495198406,0.2745766048844582,0.6037151066890117,-1.1681544736445886,34.07994012621005,0,0,-0.07752737710725571,1.0503078283252731,0.24244516863568064,0.24244516863568064,0.48489033727136127
-0.06020995495145135,-0.23462686438803973,-0.5327042658561194,-0.08040751766056807,0.6218429773884596,1.227747709226478,34.684102369486176,0,1,1.5943086383358633,1.2493357699258199,0.4366204833498074,0.4366204833498074,0.8732409666996148
-0.48852541547350825,-1.3280954144232155,-0.8212134339350671,-0.7918391633381244,0.6310089505142548,-0.2858557726270254,18.558308065608884,0,0,0.48687406484071816,1.2638216938944087,0.08990664160884893,0.08990664160884893,0.17981328321769785
0.32560340003885785,0.07502403485581416,-0.09184934141303591,-0.40169067445067597,0.4994356007423697,1.1112952932588354,61.78560174976692,0,1,0.48178935153531666,2.443753820321346,0.41920694154245774,0.41920694154245774,0.8384138830849155
-1.8230787464933498,1.0127571329948546,0.18411861292363363,1.014286973580499,0.3479590368163358,-0.4380036217952212,20.285610168112605,0,0,0.08615473485101544,1.7618882258688822,-0.11190665745276812,-0.11190665745276812,-0.22381331490553624
-0.44274802032931254,-1.3523472249995094,-1.233428331607992,-0.6862350828048742,0.41796317874126865,-0.5429950398428782,55.93722662940927,0,0,1.3423909891816268,1.3943162260210764,0.26355130945876887,0.26355130945876887,0.5271026189175377
0.9977599301598854,-0.2870554704338106,-1.0483847048743682,-0.2877638718744873,0.7273220341119522,-0.6948067115432638,17.84954923755698,1,0,1.5591009730280887,1.4106762220517888,0.4836626303928526,0.4836626303928526,0.9673252607857052
-0.4538251045848359,0.25667169968427667,0.7122774179957339,-0.4089428405138226,0.53742522927881,2.1909938582789765,70.79329336104772,1,1,0.9792626695823579,1.1963592695951872,-0.12636382756221798,-0.12636382756221798,-0.25272765512443596
0.10036488006420968,0.1559650005251476,0.08016263585462602,0.17230272657462067,0.32542386638550164,-0.23444104142595773,51.099368910534096,1,0,0.9197454319827506,1.5847131516101023,0.16337914938087228,0.16337914938087228,0.32675829876174456
0.5565881599316824,-1.1134498877843058,-1.3992690039094993,-0.42160930625315135,0.38516358629350633,-0.061208872203217975,8.823358351256019,0,0,0.237529605052484,1.3721032500023926,0.6353549298049522,0.6353549298049522,1.2707098596099045
-1.2187735341673718,-0.7913559275183549,-2.5088438305042637,-0.477999695963109,0.7857883828989903,1.529507034641877,31.327382806046387,0,1,2.1142244334415516,1.3186217369805482,0.43605989597495665,0.43605989597495665,0.8721197919499133
-0.12966129707351115,-0.32236474484362054,0.31867049816989584,-1.9655213531863613,0.2673510833251198,-0.2428091127384603,28.08203120560655,0,0,1.1564349658613355,0.14613544643155169,-0.184370776349534,-0.184370776349534,-0.368741552699068
-0.09977237137114896,-0.3541437321432315,0.6853198827900292,-0.6199379690627091,0.19538139217895573,-1.4293970923530754,61.562260197246644,0,0,0.36889565463588314,0.45852497445610485,0.0028129932480348424,0.0028129932480348424,0.005625986496069685
0.42081098781291076,0.8811681114699693,-1.3510410180262529,-0.6501945817869516,0.34892762680522393,0.13510293787883562,67.44844976438551,0,0,2.8714168080100997,3.6124784095946847,0.5542784453984857,0.5542784453984857,1.1085568907969714
-0.13285287202579663,-0.9695552461295934,1.317997511452855,-2.8038041109688328,0.09230013932477354,-0.22173017209464135,29.11295060061226,0,0,1.0282403806481524,0.36361879829731236,-0.5139950300991867,-0.5139950300991867,-1.0279900601983734
0.2693403931937282,0.016024650174527137,1.0927419917473968,0.7845816272427357,0.4523409288476709,0.0007611586479851863,7.928124705629269,0,0,1.0176168214379004,0.44359720215331255,0.20767494189006802,0.20767494189006802,0.41534988378013604
0.3592350441512688,-0.44394053129229605,-1.4130580408997282,-0.10783827700536557,0.5857859257825009,-0.7705071005924529,154.174889613679,1,0,0.3349190032812458,1.8634844068993623,0.45145906931152946,0.45145906931152946,0.9029181386230589
0.41753539145192164,0.2938190148506888,-1.517915483846971,-0.9591268808159109,0.5657127213903519,-1.349803512367039,20.30331175997829,0,0,2.160246691157996,2.881370749353424,0.4824374243723233,0.4824374243723233,0.9648748487446466
0.030961234412714367,-0.9136629352105385,1.384571414129465,-0.04542987520012915,0.09458971104123752,-0.8644527266324951,37.19234741907022,0,0,0.4623164777190921,0.876469098840007,0.01318452634115751,0.01318452634115751,0.02636905268231502
-1.0196097936063258,1.4073516072671752,0.6760673220899713,-1.3743259314072316,0.5004216016942578,1.4295745065192074,48.30008136634483,1,1,0.8078364867756327,0.9608370548710697,-0.4417054051294884,-0.4417054051294884,-0.8834108102589768
0.5388674054282697,-1.1479686778407099,0.1687482114097781,1.3276259989368415,0.07905402611587103,-0.5874896774132332,39.51232296720222,1,0,1.4074178583001,3.449997849438707,0.5337579805505868,0.5337579805505868,1.0675159611011735
-1.6927884266174966,1.6617942930666298,0.11586218254134517,0.18534780203165852,0.289721217338985,-0.38805455001011485,53.88523227533749,0,0,1.0871537863799252,0.9057492636230456,-0.19564092740765285,-0.19564092740765285,-0.3912818548153057
-0.8442597136940613,0.9843968223138247,-0.002657505797683067,1.1421250043380213,0.14467692115790454,1.5820859369825204,45.21545311113071,0,1,2.3442750876721314,2.2292321511319924,0.4350519711440999,0.4350519711440999,0.8701039422881998
1.9427371268383986,0.07936860527749101,-0.9103979218527946,-0.5992698179378827,0.3587081804587155,-1.2019259353432927,64.06108493947065,1,0,2.3489169888905157,2.8611903824123117,0.7502954077834557,0.7502954077834557,1.5005908155669114
-0.3410598028037328,-2.109766561170373,3.885138565006232,1.20470148085862,0.13515221368257838,-1.0317353527145499,64.08144663010773,0,0,-1.5,0.42640545723813145,-0.4258174938156834,-0.4258174938156834,-0.8516349876313668
0.39768976395794176,0.7060771505164068,0.12108413640553721,1.2389056224560195,0.22420391572512438,-0.5415676570014434,83.48564355076658,0,0,0.6690391948877287,3.2415505831217244,0.5939086961670591,0.5939086961670591,1.1878173923341182
-1.3992024429760759,-0.8625006161596036,-0.9084660336057937,-2.029888623102617,0.128971847468295,-1.0997644929162915,14.389646227627605,0,0,-1.5,0.10076008462750102,-0.24824735219088853,-0.24824735219088853,-0.49649470438177706
-1.1207901015787072,0.3153690113004667,-1.4109050884176026,-1.428107662765455,0.22820529819420088,0.5168804463152862,24.743165809694645,0,1,1.0361206765404696,1.1284099052894498,0.1847492401454445,0.1847492401454445,0.369498480290889
-0.029650233180290943,-0.31328550182583353,-1.5436537536851327,-1.8285084454222589,0.383338743736814,0.3956185022789512,64.36445246373002,1,1,-0.2554307546049248,0.4398761745547246,0.2701689418474058,0.2701689418474058,0.5403378836948116
-0.3330831028634853,-0.42010728540689496,0.6559350511173088,0.5406778719547685,0.1315768423615744,-1.6449972847616843,38.78526426600291,0,0,-0.7723312023385165,0.28806894613253353,0.16817459473749669,0.16817459473749669,0.33634918947499337
-3.614347839353985,0.004813361143430964,-0.6038069449233027,-1.3917456992833577,0.5736080818240911,-1.2345457313345722,7.582808752330801,0,0,-0.7131911792637443,-0.567487265624363,-0.9273600326447754,-0.9273600326447754,-1.8547200652895508
-1.1480386196852843,-0.4819086108689038,1.2592383732941754,2.1825308487733404,0.21895340224810253,0.7408550769432473,58.19376536940064,1,1,0.5977185295257527,0.10442683016688992,0.1018234806030584,0.1018234806030584,0.2036469612061168
-1.7663447150778513,0.6809025937285116,-1.3228433584924206,0.28007655623698235,0.022872828519518922,-0.2412018978175192,27.580978965549704,0,0,1.8174295356721648,0.7209692064002986,0.18137331992450642,0.18137331992450642,0.36274663984901284
2.2793304519526223,2.3341148395647853,-1.7222277685206828,0.26307319827484005,0.12700297549343603,1.876679264062308,73.79162698950465,1,1,3.5,8.38446871163359,1.3939750971923308,1.3939750971923308,2.7879501943846616
1.2391335537485366,0.4322287211653277,-1.3738366218744025,0.8043760673503799,0.4285068313093797,0.9291752112450631,83.91217172497844,1,1,2.653491817736649,5.030278226384365,1.051147504470776,1.051147504470776,2.102295008941552
1.1126577876318449,-0.5821239118584363,0.07738248346483848,-0.009217378300787102,0.338253989972937,2.000159074991999,39.79382463303,0,1,1.847503064570883,3.5280912622654816,0.7116799484870057,0.7116799484870057,1.4233598969740113
-0.20905143293572462,-0.7122679290444854,-0.1489419067284485,-0.32835007724996157,0.44186166725437964,-1.2927202178023574,31.59607852912909,1,0,0.9730690123863437,1.0021252894327781,0.009083004212211587,0.009083004212211587,0.018166008424423175
0.15397239663105727,-0.15011091138000535,0.9123697143697547,1.3514212189251604,0.35743955580990966,-0.16758214196864551,43.83231835925631,0,0,0.9049863617552059,1.668718687397775,0.33986125990750066,0.33986125990750066,0.6797225198150013
-0.8029716085345051,0.00950473336878456,-1.875163205116926,-0.05216513950262469,0.31627871546149283,0.052744100512882156,77.28615536738167,0,0,1.9949486571234922,2.9955644381001583,0.4424072379148316,0.4424072379148316,0.8848144758296632
1.840992048101227,-0.6456009778295271,0.6832665005788778,-0.8400788878678112,0.29104999146638055,-0.7389092849936009,15.900976042597346,0,0,1.1553363615462555,1.6960813492646551,0.4840929455728532,0.4840929455728532,0.9681858911457064
-0.5521052581449452,1.9554110694765394,-0.3600383139257566,1.2220750446331277,0.9239299429612948,-0.2187935681966469,55.87012558553127,1,0,1.5244048901204934,2.043833492355194,0.12284927850633398,0.12284927850633398,0.24569855701266796
0.8718247299045149,1.4573971509400225,0.41974781954107526,1.5306755787408146,0.05995090785269054,0.9058459359330354,15.397303342093554,0,1,2.1553091200005086,4.560999003397311,0.9128997903629287,0.9128997903629287,1.8257995807258574
1.1753112528590302,-0.3666608667212868,-0.057144035781029764,1.72455196846907,0.13459372083974883,-0.0688169644375993,42.10242230456885,0,0,1.2796120005329938,3.506681303107065,0.9597756999952478,0.9597756999952478,1.9195513999904956
-1.721223546191299,-1.8377166628362531,2.8987555936661193,-0.701972673147593,0.16682366555116895,-0.7288313777503286,80.08143177346952,0,0,-0.4189651283275191,-0.8151348870014185,-0.9460615844389573,-0.9460615844389573,-1.8921231688779145
0.2440490239025131,0.053389885802288706,0.7803219232991392,-0.510466738110809,0.21761363925537766,-1.3065488331793043,103.75534232067477,1,0,1.8491013375877206,0.6905069692890018,-0.04744838271434321,-0.04744838271434321,-0.09489676542868641
-0.2731056262298285,0.39653117773415686,-1.4399790180699517,-0.37517568951775904,0.4032225484973175,-0.6957558675736014,35.57884152274633,0,0,1.3740267184858326,3.667422053375587,0.41602077287848455,0.41602077287848455,0.8320415457569691
-0.3411776226579405,-1.3968749832251965,-0.49195863656891536,0.10678956633134477,0.37125121154107094,0.4409614479548917,23.978237422066353,0,1,2.011504299606427,1.331909146111133,0.44282299687072313,0.44282299687072313,0.8856459937414463
-1.2076496664654581,0.9377568745513395,1.5489780885020374,-0.06422963744172813,0.2463162147184107,0.1447297926338219,36.0336837754292,0,0,-0.6223635603010982,0.1393054023628003,-0.4095943123527061,-0.4095943123527061,-0.8191886247054122
0.819710233480731,-0.5602887111594828,0.060050093527097184,-1.3841343366836572,0.5067439482273668,0.1765197572348236,34.26286400735988,0,0,1.9812003437261367,1.8686833569537182,0.18554511662101697,0.18554511662101697,0.37109023324203394
1.7564886019807184,-0.6153097294123833,-0.08305813607722348,1.051251854308166,0.21347455392392137,0.7938367940626399,69.76241431969068,0,1,0.8917113958297351,3.6030645383609428,1.1480810393253191,1.1480810393253191,2.2961620786506383
-1.4217041386417069,-0.7382095655177486,-0.6942840094688034,1.672667214785544,0.02811569157808423,-0.9722998182650036,54.64946344429526,1,0,0.7261732342456089,1.618335655173349,0.2489976559461165,0.2489976559461165,0.497995311892233
-0.0446765690919816,0.5061919274490058,0.15575545604477384,0.8559856327183071,0.1920686050753647,0.5828787457597604,53.21026228262588,0,1,0.5216350625192399,2.1854618251882676,0.5612053089956027,0.5612053089956027,1.1224106179912055
-0.2830249828851262,0.5912704338918866,-1.264540565194926,-0.7960909923356825,0.4540227272533085,-1.2435490508010076,41.893001300117604,0,0,0.7170961406690554,1.6311412616926315,0.2866900959738315,0.2866900959738315,0.573380191947663
1.160688249474735,1.213873146213954,0.7400337991996511,1.058591440892284,0.2353882506451188,0.6371142376671342,58.29139854286167,0,1,3.008483668529725,5.111540740274193,0.7962385532347852,0.7962385532347852,1.5924771064695704
1.3157776721578827,-0.8714598361345526,0.6580473223482084,0.10442190350681227,0.059359540395993504,-0.6710084124108613,34.814961793223176,0,0,0.8271279501492355,1.843067612161445,0.5681969902237891,0.5681969902237891,1.1363939804475782
-1.1404404146926672,0.3255803115819029,0.8098992235338354,0.2577297020681828,0.14491337892681752,0.8342746764665817,105.35747376039114,0,1,0.21345143396041721,0.9615081090554773,0.01411099013844605,0.01411099013844605,0.0282219802768921
1.0418876747335135,-0.06346593020172828,2.065144534839701,-0.7652393995939799,0.28820771205205803,0.10243588037350618,39.02202190170507,1,0,0.13981615015012316,0.615854968639169,-0.1695161915587607,-0.1695161915587607,-0.3390323831175214
-0.7502772987720709,0.7808865698212742,-0.8953240507126669,0.28686775809898707,0.168054043954993,-0.4883937015558299,68.65191270740698,1,0,1.5613151275473969,2.685666138298273,0.19819687340922615,0.19819687340922615,0.3963937468184523
-1.3367700816455335,1.7005985972494582,-0.8845601731154275,0.010685522982247318,0.2861787169787807,0.7106768549234901,33.19822613564904,1,1,0.9816745567777589,1.5725868802314287,0.1135481172865418,0.1135481172865418,0.2270962345730836
-1.102740124228517,0.7541739060957072,-1.1004711101444202,0.0989464495748526,0.55887339442748,1.8238602038755278,32.72946243789975,0,1,0.43057832419161635,0.9551193898715704,0.31701715570866595,0.31701715570866595,0.6340343114173319
-0.5042902616841738,-0.4720250685873509,1.1057358971791038,-0.5792904620021443,0.46647946949900976,0.6267558325273458,7.392891823213518,1,1,0.42058309429547275,0.5476470943907512,-0.2406905264911198,-0.2406905264911198,-0.4813810529822396
-0.34154171008839707,0.4899032071191549,-0.5399008582396339,-0.7803889433493716,0.1625691776816554,-0.9906609439270093,30.69871315748407,0,0,0.9388701975323599,1.9972809308326274,0.18365989754148412,0.18365989754148412,0.36731979508296825
-0.9556192480374932,0.0869296986213067,-0.5716909406818771,-1.0377057467843476,0.13529019350804788,0.08344558440610224,45.808642843350356,0,0,1.9827687751191112,1.6295127248918178,-0.0210580633635992,-0.0210580633635992,-0.0421161267271984
0.1683821722569523,0.24587601043087065,0.31285712118625886,0.11571741938290407,0.35536289860605264,0.7362588720646653,41.573401039215284,0,1,1.1119585432588774,2.8151825349062585,0.41386048139443987,0.41386048139443987,0.8277209627888797
0.017328943237677866,1.3135467890260424,0.6943692896122426,-0.5991267078395855,0.4116532815555299,0.6726738255394444,49.656597569997615,0,1,1.6489014582329549,2.5233622374931857,0.14545126540740388,0.14545126540740388,0.29090253081480777
0.9991702505223514,0.266770444341013,1.2996488033219418,0.24747598959634087,0.41384709265021674,-1.007164043942187,27.436558072225623,0,0,1.1052883830424016,2.106556604119567,0.2790673093067206,0.2790673093067206,0.5581346186134412
0.4864947072075461,0.1431028285033467,1.9482726446874776,0.12377395549492147,0.6330515218166552,-0.3004878775723812,49.151349497972,0,0,-0.04024167603544293,1.3035172801323347,-0.08205451706004349,-0.08205451706004349,-0.16410903412008698
-0.340672706395064,1.163374645426861,0.4418565284350208,-1.4052738829783793,0.5395831172473574,-0.25472416217564653,46.16776580660273,0,0,1.3912612109550733,0.8604379553346072,-0.23504604112179656,-0.23504604112179656,-0.4700920822435931
-1.4334325864704334,-1.2707608393851766,-0.7538739166740147,0.036294092241333384,0.6031681304767331,-1.6164380122278008,68.47874871161598,1,0,-1.1302501241635259,-0.4003029337687021,-0.17373627725441407,-0.17373627725441407,-0.34747255450882814
0.21557178445692732,0.332984900230949,2.108711894342032,0.27240898603195685,0.1792921232625265,0.1427424434618412,11.964658900933557,0,0,2.0493975385738246,1.6334986755695022,-0.057553009204561474,-0.057553009204561474,-0.11510601840912295
0.4746124687731403,-0.41801220533925465,-0.9267664843917193,-0.47254809458137526,0.2507322634265728,0.8332222396475625,43.79688348006585,0,1,0.7247517099039248,4.199127253735963,0.6915457175756325,0.6915457175756325,1.383091435151265
2.178813760268222,1.0176315354525634,0.9652812680525061,0.6484078423955435,0.366889416758508,-0.8327672863626778,16.75857259088563,0,0,2.0108861280463963,2.692388662983358,0.7663659255127069,0.7663659255127069,1.5327318510254138
-0.8022917425562534,0.14744097219919197,0.09660543549729964,-0.046426319361479146,0.18163018306894266,-0.21628015201857895,59.36530543083257,0,0,0.8510476554938197,2.116896159709613,0.04215713485323067,0.04215713485323067,0.08431426970646134
-0.09596894062129914,0.3862447081603129,0.46344576041852387,0.6062016221574458,0.2472042761648189,-1.762027359041697,14.873348630042177,0,0,0.4428649468224729,0.2653852880374241,0.2609578950427447,0.2609578950427447,0.5219157900854894
0.422162934369238,1.9655935844158685,0.3292360992952799,-0.3382796977340095,0.36327805591140605,1.6865944762885479,48.44278153559389,0,1,1.9452862921813452,2.970787510211424,0.39769660076756597,0.39769660076756597,0.7953932015351319
-0.42493918676204506,0.49136097074985635,-0.05818740125299945,0.08798327918678069,0.27027949619079505,-0.7845131360654473,84.80695289783732,0,0,1.1380198922717837,2.2304251614927963,0.18478816715011698,0.18478816715011698,0.36957633430023396
-0.3274211984611727,-0.7816686357017172,0.8558490907197855,1.0343053566368985,0.21277491663417292,0.12456976264693678,41.15187626641993,1,0,0.7318547611452401,-0.32126348122960724,0.055144248674959095,0.055144248674959095,0.11028849734991819
-1.0387079738078924,-0.7658810929438102,1.6244954681731871,-0.0346323648693917,0.4100530763393292,0.7252258537289972,119.53005112503254,0,1,0.14664810056839067,-1.6333540892090315,-0.25287379966224055,-0.25287379966224055,-0.5057475993244811
-1.084408171826257,1.142298605940003,-0.8749717477485516,1.7812599633488786,0.18190210971743886,1.4216865456938212,37.844907011539654,0,1,2.5791217610303807,3.8776047700592136,0.6658297834639422,0.6658297834639422,1.3316595669278843
-0.2739941705020751,0.9918450446994417,0.050501106791249674,0.05496127341043584,0.4419319121582702,0.4443818341403626,39.72590343153734,0,1,1.2334877887929554,1.8124373125792623,0.3160007590612377,0.3160007590612377,0.6320015181224754
0.5905919628843623,-0.7169143904315454,0.20718002015958303,-0.8678122467106605,0.7447011991940247,0.7129067412100613,70.65378868650534,0,1,1.2484099074150743,1.6577426297706526,0.2848516529580284,0.2848516529580284,0.5697033059160568
1.3268795750975224,2.364791676468289,1.5084677205516555,-0.8602492180364064,0.42155778196831123,-1.3058548098375249,28.70974095127835,0,0,3.5,3.1052025121956977,0.12364465558699442,0.12364465558699442,0.24728931117398883
-0.1557686133556992,1.8084164322511758,0.5800683288768368,1.1624343680367082,0.39487919707456065,-1.2185014332593262,77.28618895444544,0,0,1.5249347461421632,3.0022776526789356,0.28323693485621315,0.28323693485621315,0.5664738697124263
0.7312837651071433,1.1333727193134628,0.7186527281423533,-0.15300456209327498,0.38378731574958697,0.5556625414055688,5.995708380436839,0,1,1.844679103792937,2.075195340048416,0.4270060770819921,0.4270060770819921,0.8540121541639842
-1.7812517817206752,-0.8163141783860425,-0.09930233346544576,-0.2034002689316107,0.5025717427507053,0.9932603997883006,19.14012044238321,0,1,0.4901566248725787,0.4421238009257084,-0.13413325218725022,-0.13413325218725022,-0.26826650437450045
1.0181259310797646,0.12500925189656775,1.0325954454572082,-1.5439407083939782,0.35430733802249725,0.26131267656255974,73.99429689075568,0,0,0.44327119244925317,1.1439394981345343,0.034961174065433004,0.034961174065433004,0.06992234813086601
2.250601841184932,0.8802982035111161,-0.883902246478654,0.9137099173490631,0.5947310707335733,-2.803004480944747,8.941976832281576,0,0,1.7928229652635848,3.7327527997016583,1.1863593379038586,1.1863593379038586,2.3727186758077172
0.015070865660812298,-0.5661561381535952,1.346990207453624,0.7243343078611257,0.6250779680824083,1.5965599814802793,56.09522304810662,0,1,-0.005175160954770774,0.9025559886878403,0.18824345982045482,0.18824345982045482,0.37648691964090963
0.166956512519735,-0.6090439345269375,2.417573061416654,0.12240202227728642,0.6430342024991254,0.4273635143587501,61.3594666229461,0,1,0.6944124999939068,-0.008460305066086804,-0.11741409459601662,-0.11741409459601662,-0.23482818919203324
-1.1838168417708135,0.6676033162721443,-1.2169621682424847,2.3666295918158773,0.6032725200809447,0.14864809570951404,105.14219516455218,1,0,2.015734406048897,3.7373774748349247,0.41747088302495006,0.41747088302495006,0.8349417660499001
-0.5604147274353904,1.3222995277800274,0.314521293568238,-0.7277251488618355,0.3411668600734296,-1.5953030266744879,48.33967664075083,0,0,1.5516362997299873,1.631412114146143,-0.09898138147967517,-0.09898138147967517,-0.19796276295935034
0.20556652710640752,0.13862501208203984,0.7263675092768954,-0.3400895732828581,0.6840336717584348,-0.5981155658642359,51.43268559172126,1,0,0.06506082542331815,0.7878910024621764,-0.12762642886406164,-0.12762642886406164,-0.2552528577281233
0.4766287365886537,-0.9982433685199092,1.315281641147593,-1.2245559415044749,0.10990803636195355,-1.083085749080514,24.627849860570418,0,0,-0.08931401721490384,0.23507902371425354,-0.06270391300532176,-0.06270391300532176,-0.1254078260106435
0.968535471518269,2.176239491384362,-0.4248637967721906,-1.1327568764856415,0.6498690915456056,-1.7857347683230025,70.4947561139183,0,0,1.977510342588964,2.1854589100006274,0.34479514757663654,0.34479514757663654,0.6895902951532731
-0.34765666691824093,-0.12060387794304737,-0.5055621076103232,-0.5171598604284393,0.4227939572755409,-0.7509351221263132,137.38522814956883,1,0,0.6374272528709151,0.31126930019503685,0.019320472313914733,0.019320472313914733,0.038640944627829465
-0.5243880839266456,0.15780857376147361,-0.7378871396595491,-0.5948922672162783,0.13549424196984974,-0.13982422997787675,30.401140538884693,0,0,1.1398881436490058,0.42227683036130403,0.21590728105394605,0.21590728105394605,0.4318145621078921
-2.620496389612117,-0.28279147517829123,-0.26783842237738514,-0.5994363970455024,0.18573493028636334,-1.9297918911591296,24.46070881436444,0,0,-0.17357095908269615,-0.7094554891850896,-0.4872894709052857,-0.4872894709052857,-0.9745789418105714
-0.029357073776975384,0.04872339153227962,-0.35286208077790726,-1.138602584825901,0.4650829695172406,1.107447930366886,23.466344961179423,0,1,1.4658336518566968,1.3380505183300697,0.2528412991607867,0.2528412991607867,0.5056825983215734
-1.5803380241847664,-1.5304340492727166,-0.17005953329982137,-0.6970855030579508,0.4681390666041158,-0.48308932280878997,28.074414858267133,0,0,-0.026450322714157093,-0.7645741361589709,-0.3029103159811929,-0.3029103159811929,-0.6058206319623858
0.845628686389278,-0.5692744903922197,-0.40484155427834106,-1.2676317181796415,0.2663935516363498,3.99071057932648,23.922631496199248,0,1,2.1317368724565724,1.6902650683800633,0.5337330124651735,0.5337330124651735,1.067466024930347
-0.8322683502860077,-0.30965347655298,-0.38718860243637365,0.0950686032111971,0.20166484487815467,-2.5420971356960615,37.831579985749435,0,0,1.040783907899581,1.9937198454102054,0.16085914026317844,0.16085914026317844,0.32171828052635687
0.5706811554745755,-0.2609386808786472,0.8473573466157518,-0.44171656608739107,0.2840666766985171,-1.2925688890488651,26.485952248741008,0,0,1.306426273071396,0.8493021576012401,0.1656871229740413,0.1656871229740413,0.3313742459480826
0.15842870634953504,-1.9044575555744565,0.574291539583826,0.8091736529776435,0.4534098715328085,1.0133774343769941,50.60532259075468,0,1,0.05520084701488459,0.22950383627932447,0.45484878743753,0.45484878743753,0.90969757487506
-0.6452834433923099,-0.43303829150314116,-1.918620586427078,-1.4185184839712977,0.23633370788380256,0.3395456056220726,42.960497995026486,0,0,1.026794828405773,0.873829480638282,0.2693637478571642,0.2693637478571642,0.5387274957143284
0.5437857901074812,-0.08381394495331572,-1.2857180008446158,-0.6176760102513963,0.48732509545906233,-0.6269471691328009,71.67000164639957,0,0,3.4145623766727873,4.203292270610488,0.5469782766604839,0.5469782766604839,1.0939565533209679
0.27186604477670984,0.03777817351068429,-0.8950357162713835,-0.45197299867484175,0.23043620932652603,-2.0517787977255786,53.22208701681683,0,0,-0.14464407433169857,1.9665466082431333,0.4763705201173454,0.4763705201173454,0.9527410402346908
0.08696020078852318,0.05199248284694242,-0.43773526153815245,0.49556437416725735,0.4666199328226859,-0.2384028280107187,74.7496856180197,0,0,0.9486414281009026,1.8965075792775465,0.43786341723184175,0.43786341723184175,0.8757268344636835
-0.25692693323911986,-0.05259360681603843,0.3079191286138388,0.1442962965575481,0.3836068895468083,-0.3536353276858785,46.746102611539094,0,0,1.2731420676034944,1.5091754315837493,0.1342259302871266,0.1342259302871266,0.2684518605742532
-0.004646871656864138,1.1425256836765771,0.37525461633048945,0.2915710359040287,0.16274382549697125,0.8983183721334536,33.30723177633798,0,1,0.22655178012607102,1.6304049975708477,0.42956712868682245,0.42956712868682245,0.8591342573736449
1.4303894128267989,1.0314496904833126,0.7607021870276166,-1.1592321903571825,0.20327188683991942,0.8405474218059367,10.831643931297526,0,1,1.0415625446666827,2.631660647542945,0.4757075073395547,0.4757075073395547,0.9514150146791094
-2.0750013164554173,-1.880814034638034,-0.2678949722051767,0.1638221202473231,0.22022099375088464,1.5015532005361623,50.98039526707831,0,1,0.17216345017826132,-0.0009093674062627954,-0.04542853157807217,-0.04542853157807217,-0.09085706315614434
-0.5487924648151657,-1.9109172340776104,-0.309336275508387,0.25249852294548825,0.5613156212306782,0.7626675011055228,51.11906764082043,0,1,0.77027342355608,1.2600949760254427,0.32512607549842387,0.32512607549842387,0.6502521509968477
1.3173964605146329,-0.765093601244494,-0.3130394287982328,0.14584946902379667,0.5989704425871055,-0.4688563955634651,31.734881567238563,0,0,1.1079053677891948,1.1503501316181557,0.6602396814830866,0.6602396814830866,1.3204793629661733
-0.22633729947077097,1.7617757881691154,-0.7067247407222372,-0.7074170643323863,0.4753938018210275,-0.2870090813676389,37.71836616711582,0,0,0.9711801964527991,1.7244493125839524,0.1906754150902002,0.1906754150902002,0.3813508301804004
-0.2355483232642275,0.520073091066459,0.6845279926922673,-0.49160245987259293,0.575432305019923,-1.702073026230103,67.97398436246438,0,0,1.390250248853451,-0.04909019138453874,-0.10314188488813078,-0.10314188488813078,-0.20628376977626156
-1.7957861590404496,-0.548689144609369,-0.1224114919396842,0.755946198305802,0.2930000254207053,0.3141683993943905,16.380886052677123,0,0,1.8486051063234616,0.11436745981361418,-0.07013928671052033,-0.07013928671052033,-0.14027857342104066
-1.4848637983652542,-0.8368254125603364,-0.012111520947289983,2.1321104446647725,0.3835023949586777,0.3077118740808002,86.32806482713815,0,0,0.5925031229321857,1.0776768784620363,0.21864197631570903,0.21864197631570903,0.43728395263141806
0.6735369451915527,-0.5940589505731333,-1.7425426376469775,-0.2305121928572052,0.25209056439904787,0.5366867506098757,56.343387571014425,1,1,2.218305531621255,3.8634789816678925,0.8299557947659015,0.8299557947659015,1.659911589531803
0.43551497740804074,1.0001082297768424,-1.3136202013170177,0.7562546057369948,0.5043240967030032,0.7779337834594916,60.54830998560614,0,1,1.2077968250946407,4.1577759951163,0.9260286837879337,0.9260286837879337,1.8520573675758674
0.8924787028007282,0.03700468330752164,-0.18276145445535366,-0.05599240094067518,0.5116913012962565,1.9319253561692777,22.644969636174956,0,1,1.019606007238846,2.536401536900447,0.6572170122839587,0.6572170122839587,1.3144340245679174
-0.613479704729803,-1.0553318353597254,1.310987181424175,0.1759297525647061,0.2361505295931337,0.766351490628083,42.99266775372137,0,1,0.3878807594961814,-0.01705786135589543,0.014799731121631687,0.014799731121631687,0.029599462243263375
-0.10775709825871163,0.31972818371761036,-0.5154593440000157,0.15588862961194527,0.304620024114232,0.39567616388215665,46.843329994738696,0,1,1.2517387938913775,1.7938291614732451,0.5381802157102987,0.5381802157102987,1.0763604314205975
-1.3863640921255191,-0.04197290699881255,1.3747071209633985,0.16503548167093168,0.5582158227610248,1.6894576648920816,67.30252089197565,0,1,1.6488025740824337,-0.6795319454682638,-0.29488292316897136,-0.29488292316897136,-0.5897658463379427
0.24820692579483825,1.2879369931431706,2.3886737456714218,-0.18235911408551483,0.4301550107356242,-1.0380933931805942,80.69709329954917,0,0,0.49871991031277507,0.320117082662541,-0.25207212793710054,-0.25207212793710054,-0.5041442558742011
-1.2324343226962593,-2.8983714102450913,1.5546839091640188,1.6812861869974909,0.24789266754644243,-0.15298374647719773,36.213590937269075,0,0,-0.9427856518305813,-0.867384258756738,-0.10397479692263462,-0.10397479692263462,-0.20794959384526923
2.5115109358620846,0.5015869347907407,-0.6273786390876084,1.0507083822127263,0.26866031756398745,-0.2800340651110963,74.573971395883,0,0,0.7930807215871261,3.9145462975628686,1.3058953952235914,1.3058953952235914,2.611790790447183
-0.8095359605334985,0.8421867940190871,-1.005342128505588,-0.44268936849514046,0.3201955983608759,-1.0109382622446945,70.73421859666185,0,0,2.428774227281311,2.269358854973571,0.17797416938611427,0.17797416938611427,0.35594833877222853
1.8817976900265743,-1.8692895973409358,-0.10082531325069519,1.2776017321809503,0.5081228933740469,0.5995648772820696,153.62051422514864,0,1,2.1129981122018298,4.931729550035286,1.1571037395053936,1.1571037395053936,2.314207479010787
-0.6118449126360624,0.8178315345548776,1.3089036020150593,-0.8744398500702129,0.6389590733105168,0.10533091497886786,50.774098839036625,1,0,-0.40418114962846163,1.1227901424860924,-0.570024718588573,-0.570024718588573,-1.140049437177146
0.5355689960635975,0.9324972666692002,0.3761438986937321,1.066883445236124,0.6438623720953187,-1.0936187414229481,51.74338484789773,1,0,0.8228678895396091,2.4821473997971575,0.3047197120248122,0.3047197120248122,0.6094394240496244
-0.3657021658275846,-2.9058303635805633,-1.8120202941349925,-0.8106798298609694,0.24071961900723096,-0.6994822968414499,120.25616930185458,0,0,0.6975192872705889,-0.24990966036425333,0.43255278034126476,0.43255278034126476,0.8651055606825295
-1.1682907422584665,2.544614901004263,-0.2048606528692681,1.677480454720497,0.4786906160353158,0.16746110471973094,40.267909978179226,0,0,2.730897145782765,1.1600240421508954,0.245008669800082,0.245008669800082,0.490017339600164
-0.2608477619452798,-0.3264449998459041,0.16670058168676444,-0.5019993410768101,0.28919156919479344,-0.8136618055803975,30.56472476158892,1,0,0.4187053463591204,0.9383509101329072,-0.06947735931634276,-0.06947735931634276,-0.13895471863268552
-0.9325708155702618,-0.011565800908354996,1.6738711607642731,0.152530572070545,0.4802392432571521,0.5627530905516563,36.435772767777415,0,1,0.9723635493736158,-0.42577884459938764,-0.21717339913683179,-0.21717339913683179,-0.43434679827366357
-0.09035653869985433,-0.8806595716207277,1.1477667131608278,-0.30154625397145907,0.8837889011210122,0.9527552363346503,23.607773366809397,0,1,0.4104367452368014,1.1233100932035716,-0.044196169715246814,-0.044196169715246814,-0.08839233943049363
0.8762239128666308,-1.5083354853692745,0.6439823110340744,-1.2974929516288125,0.3706870987401176,0.8313850802606272,35.20210101784025,0,1,1.3752269879942032,0.16080185076758702,0.28115295218434583,0.28115295218434583,0.5623059043686917
1.3312841938540019,0.7929742361801556,1.1357256109997556,1.0019585132098432,0.42382350155910126,-0.0991309716998308,16.864927569253986,0,0,1.827453063720745,2.6215925955212116,0.5415348318627619,0.5415348318627619,1.0830696637255237
-0.7525138988478893,0.44626240380742577,0.09833215014363195,0.13189213304867653,0.1960190402600567,1.3105871786836143,15.277040282863702,0,1,0.5383632014956912,1.651537760268257,0.24435904957734014,0.24435904957734014,0.4887180991546803
-0.03800712960440872,1.1987749483361645,1.0210648457806693,0.5460010685977386,0.20530160806365647,0.52788261893104,48.92923656046713,0,1,2.0334125124425064,1.686554962645137,0.31373154405133374,0.31373154405133374,0.6274630881026675
-1.2726669239374362,0.5987840666309467,1.4457204489694668,0.5820843362917842,0.2186586671246412,0.017355206083215266,13.750897602656575,1,0,0.010797834789032124,1.1161933640372452,-0.4221081370531576,-0.4221081370531576,-0.8442162741063152
0.9382903649844032,-1.2541117592983166,1.7410284502138842,-1.004745496952105,0.30947539119498374,0.31281351521469924,18.634023976276236,0,0,0.21858517843613762,-0.5826299599643024,-0.035433240189596454,-0.035433240189596454,-0.07086648037919291
0.2571925175187683,-0.8782714062609321,0.7362231837326261,-0.3101816109106078,0.4505364270831724,-0.720787061830901,56.52452686766149,0,0,0.7550292677376622,1.7259038606291481,0.08608337202020665,0.08608337202020665,0.1721667440404133
0.9008388497603254,0.5989488382548436,-1.176763195729393,1.0668613503942606,0.18384252971019632,1.761285849674795,48.07766233159844,1,1,3.0250662318223798,5.4029966311163555,1.0190356169338775,1.0190356169338775,2.038071233867755
1.6917294520679014,1.0545950433856972,-1.1785384762158126,-0.9857830667602099,0.2598821678947406,-0.1689595030308855,35.05718477441546,1,0,2.9844245827597202,4.534524191254841,0.6931500390349157,0.6931500390349157,1.3863000780698314
0.521475612363942,0.5615506323789287,1.7634131673239637,0.0019302197124635137,0.9010025229911992,-0.1279699627306875,13.37275903874408,0,0,0.1033526958286567,1.0310467497622635,-0.11783089131901256,-0.11783089131901256,-0.23566178263802512
1.4266999012516497,1.0339109534497573,1.5383201558893282,0.3901474904551789,0.4645641909371325,1.9781810110424904,56.45287276939023,0,1,2.2680723108003678,4.206197481835459,0.5197766805118302,0.5197766805118302,1.0395533610236605
1.0638587087314446,1.3483896296308504,-0.3650058286040031,0.10797531817909481,0.37429681927513186,-0.286061400187872,48.6907197618322,0,0,1.2769555593170667,2.9273422969423533,0.6477860413838906,0.6477860413838906,1.2955720827677812
-0.9628431836078446,1.7072645514630542,0.7649842467820908,-0.618689673964508,0.26931081038780114,0.2917696010127017,23.04822960152256,0,0,2.0984453880345155,1.521842627467561,-0.27389136150894017,-0.27389136150894017,-0.5477827230178803
-0.3867528184882767,-0.4867273356070287,-0.2640627567831163,-0.003887096091435182,0.183151997146181,-0.10845135015406734,19.263964582651823,0,0,2.0005488913414826,2.593375426383596,0.24514686070402636,0.24514686070402636,0.4902937214080527
-0.21476365256512278,0.3224461352704758,-1.8970440853186878,-0.09574615726823871,0.2787230574143715,0.14183180387604008,7.745035237332974,0,0,2.9387099349941446,3.1349929441847846,0.6130880339641449,0.6130880339641449,1.2261760679282898
1.1499701850089747,-1.0716033697141887,0.015506787604210384,1.9523650031888566,0.2410723328360117,-0.5106988763556892,38.6969156168717,0,0,2.58828740988413,5.421093335496299,0.952148499222938,0.952148499222938,1.904296998445876
-0.8126088908759843,-0.0630781998352326,-1.6914555670080411,0.24147516079755482,0.13407236979952125,-0.48272118560581984,33.4092441352699,0,0,0.9115525141158913,1.5699831025864333,0.49587789548816824,0.49587789548816824,0.9917557909763365
-1.6824255252013944,-0.31394367644144366,0.9963093839571904,1.0961073579439093,0.6622437981820568,0.3452352614657284,31.093544465585488,0,0,-0.8044495156423802,0.37332969585413944,-0.3119063986607623,-0.3119063986607623,-0.6238127973215246
-2.520853100528179,0.0972646509002925,1.532970301294484,1.4363664229937898,0.4849312594552858,-1.4806485942174406,26.257419356299106,0,0,-0.1713381731931859,-0.15264481417904957,-0.5609298805630631,-0.5609298805630631,-1.1218597611261263
1.5809434220075003,-0.2491701266125923,-1.1883161425817155,0.07684243551107635,0.506611297112033,0.7292911652480122,75.05294504960641,0,1,2.7745601896050793,4.902505473071765,1.0963386366151833,1.0963386366151833,2.1926772732303665
0.038485253147448946,-0.1440044779397771,1.1614122291856193,1.0162965045339367,0.18307622370683402,-0.051628955736136024,10.83012211269143,0,0,0.7843397228661131,1.6110832792797263,0.2342602575869179,0.2342602575869179,0.4685205151738358
-1.8171251665449428,-0.5210723991831836,0.7944675675596328,0.7799072527967538,0.565673827004287,-0.873934063404604,105.11829005972513,0,0,-0.6550081228322892,0.4744092556204678,-0.33895632447331636,-0.33895632447331636,-0.6779126489466327
-0.6515887716858594,-0.6566560797377653,1.0261736987125554,-0.4716068781884504,0.46382824671975914,0.6495886640327451,43.33748419492464,0,1,1.2033323614680662,-1.0474152080206083,-0.10441108707546606,-0.10441108707546606,-0.20882217415093213
-0.8456381173018547,-1.454407102437202,0.07073719948958952,-0.450583222116327,0.6446685049986705,-0.1799785547876077,47.279846082021066,0,0,-0.7298717198647918,0.7628034290039574,-0.14816627791284878,-0.14816627791284878,-0.29633255582569756
-0.9815249231261005,0.6784485474770329,0.38636077834701177,-0.23324133766213653,0.13905523914135676,1.2315342982005466,5.049878432422603,0,1,0.49306521388960933,0.8070782037868034,0.06481695211523907,0.06481695211523907,0.12963390423047813
0.9276306921410319,-0.28831555799552466,-1.6871959157783245,1.7627268341165119,0.6785165644065052,-1.0288556780913922,53.02699078416451,1,0,1.3521648072711583,3.679576428482949,0.9853665499541312,0.9853665499541312,1.9707330999082624
0.5188687039932561,0.988264861464839,-0.4473097519014343,-0.44119967237417346,0.41894517429202993,-1.6357993258094299,50.45672386257942,1,0,0.9116938478717445,1.3796113784523776,0.2637285996789888,0.2637285996789888,0.5274571993579776
0.994426138366711,1.1939744195219897,0.14699219771691066,-0.8874391332780489,0.23152753155598088,0.20224862715597114,3.077223602253671,0,0,0.41145957411991385,1.5258607760687086,0.3707953836814746,0.3707953836814746,0.7415907673629492
-0.7957954376068339,0.4233419481557622,-0.017698381258523847,0.325983152311952,0.5961010008582709,0.886722861722996,79.14510111411784,0,1,1.608506544436205,1.6493437437841938,0.1966836485571281,0.1966836485571281,0.3933672971142562
-0.20564660415854732,1.4643116489045647,1.4498741269883058,0.15059581740154265,0.22818877323590173,1.4249709194740952,18.710095554748865,0,1,2.2882777669139966,-0.25791849636181086,0.09578858445384078,0.09578858445384078,0.19157716890768156
0.6143313541796391,0.004594693482999225,1.175489350261087,0.010873446761258055,0.2523858488533543,-0.43651357557960985,23.48221710190419,1,0,0.33078896513776446,1.1339009190327396,0.05478973880508117,0.05478973880508117,0.10957947761016235
-0.7384067818008302,1.1717833806359543,0.2703486375147498,0.1362586926039359,0.6395530053548044,0.16015437405461888,22.845666233184648,0,0,0.31080780176576606,1.6579121763616143,-0.055196755773922024,-0.055196755773922024,-0.11039351154784405
-1.4620458577329458,-0.8588271949530467,-1.7271063082504503,0.8841224045654318,0.5196118523385483,-0.2914895069957604,17.003822691391083,1,0,-0.2639819982458216,0.8223304000488552,0.2050257359104004,0.2050257359104004,0.4100514718208008
0.4339932470876717,-1.2831140782279866,0.4552341048185956,-1.5069743872794528,0.4762198576823715,-0.8358668321878444,41.655175122053414,0,0,0.5157952850034742,0.7072647173772426,-0.024181549429613577,-0.024181549429613577,-0.048363098859227155
0.7149278938338015,-0.6067599709738551,1.6992318702813036,-0.613132527413963,0.4049994373160967,0.08774148024348749,23.421289295737097,0,0,0.48823933683894055,2.029697136163129,-0.04121492107879883,-0.04121492107879883,-0.08242984215759766
0.6816676450169054,-0.5572951093424693,-0.5723448586849867,-1.0720679364129173,0.3073570950795753,0.1595474379493601,18.763504960847126,0,0,1.7975878045206446,0.8735742507085071,0.39004487814200745,0.39004487814200745,0.7800897562840149
1.6185861089597327,0.2832381538254254,0.3771162565616477,-1.3480663394988925,0.0594259055528449,-2.5881635669960734,53.12225508028159,0,0,0.9271966676379924,2.9216106758507845,0.4533243756226793,0.4533243756226793,0.9066487512453586
0.23545206803933633,0.5333319751013766,-0.25658030459790293,0.985160083679944,0.3048897627403418,-0.7554366865157464,45.53510559767696,0,0,3.5,4.589573692359882,0.5665295180672607,0.5665295180672607,1.1330590361345214
-0.6212657915277985,0.19805392771530858,-0.10756315725363609,1.2086651045782515,0.22702104217176983,0.30294748126325755,31.73524350149435,1,0,2.4034741243951556,2.9833268665107244,0.21278414167087678,0.21278414167087678,0.42556828334175356
-0.8552846273686251,-0.3223166225877098,-0.03716676763082695,-0.5885278284550148,0.3319405068595516,0.32915070282210285,62.968475966047755,0,0,-0.09955933326467548,0.35761262173821573,-0.07690373755262817,-0.07690373755262817,-0.15380747510525633
-1.168495850443329,-0.5428426001241969,0.9314257731557448,-1.3287875141697976,0.2800348044336435,0.021058483392467374,39.20147653043945,0,0,0.7869358922451696,-0.7364448234898513,-0.49848261383303394,-0.49848261383303394,-0.9969652276660679
-0.2811368618811321,0.08419283484458,0.21741829656145042,0.07277728299124393,0.2820187510130894,0.5259049021927932,23.529484067522574,0,1,1.6463407495132998,1.5634523476310418,0.31886506412504634,0.31886506412504634,0.6377301282500927
-1.8157305624805777,0.1373199760066809,-1.3607253357409013,-0.1963293164074705,0.4609001844102215,-0.43330220907973926,42.60791685475915,0,0,1.0443752994026458,0.13852352546333202,-0.015000304843361359,-0.015000304843361359,-0.030000609686722718
-0.06203288297280072,-0.8212837976489161,-0.03682024264417881,0.9890871701318061,0.25082442488588924,0.0874746865861627,58.44307832524249,1,0,-0.0984646523520496,2.2734725770139033,0.3085690748004469,0.3085690748004469,0.6171381496008937
1.7123802972210278,0.26437487534898463,1.6993070419674408,0.15230679983654338,0.6287509449271648,1.123316380576961,36.70422135413026,1,1,1.754822193482283,2.5375478599406227,0.3421339311771092,0.3421339311771092,0.6842678623542184
0.23090616341376954,1.1743350158995904,2.1119679015569868,0.413214439364054,0.36150998603901374,-0.9306566498993843,26.58545253733282,0,0,0.8020443271988607,0.6947288697433571,-0.07236301015051515,-0.07236301015051515,-0.1447260203010303
0.05178769508924902,0.04158234867712298,0.5293497361373072,-0.2565233614125169,0.1686481925391878,1.4826104447994202,27.54211838353701,0,1,0.1747147189150977,0.5871473858639766,0.31139384141112403,0.31139384141112403,0.6227876828222481
0.43036684971637346,0.8291479781156668,1.185916986530713,0.8043528318879389,0.6631980001954085,-0.16247847811965246,74.73481415732283,1,0,2.3040359274362334,2.3073610772189923,0.045216970576758664,0.045216970576758664,0.09043394115351733
-2.013395392523544,0.40221603277173135,0.3330927772347101,0.2665539930757593,0.5910250004657638,-0.07645092738405544,30.161349360563946,0,0,0.9099508814465703,1.3035756006978878,-0.39089740225637526,-0.39089740225637526,-0.7817948045127505
-0.11056965152490372,1.0853489344993303,-0.5719034985174601,0.23246763221679959,0.21452187065889758,0.7393049155013325,55.63420412773181,0,1,1.8835014442604738,3.295912608998573,0.5852181920877567,0.5852181920877567,1.1704363841755134
0.7589764151391251,-0.5299331603225795,-0.4109793413629367,1.227057415538755,0.1866693230172523,-0.8925986388065978,33.06012190243263,0,0,2.198438728948124,2.5637470287099777,0.8189985486116365,0.8189985486116365,1.637997097223273
1.1876824316230168,-0.45203700802785624,-0.9286736260586522,-0.4946897509391804,0.46558932700048117,-1.4744627917938549,68.243326198443,0,0,1.2351416045247576,2.7674920071924425,0.6760736849381803,0.6760736849381803,1.3521473698763606
1.3178936070028058,-0.17263736092223628,-0.9195205599755634,1.2064725488928432,0.612755294699183,0.34121522894784395,49.822031574809046,0,0,3.223276931804267,5.068838007600472,0.9814085212283176,0.9814085212283176,1.9628170424566351
0.23607315899227188,0.8270255884619266,-0.47588156186741726,-1.1743426281101481,0.1706508202043818,-1.200260537071024,29.33715169085267,1,0,1.161051430002714,1.9338302605199964,0.11845655821978968,0.11845655821978968,0.23691311643957935
-0.25113397353674916,-0.760025676506309,-0.1350838042912507,1.3177053388659845,0.4763198260863018,0.3524293937099137,41.92166172218044,1,1,1.3722112374245885,1.1046789575210234,0.4422711270889502,0.4422711270889502,0.8845422541779004
-0.3123446866511216,-1.3713893247666789,-0.6007442317320525,-0.14443456641592683,0.16853567901830355,-2.177786903292263,60.16365128853553,1,0,1.2337691090687302,2.2581796311095736,0.1782604337994778,0.1782604337994778,0.3565208675989556
0.6450193342887827,-0.002535344439128627,-1.7127540410516853,-1.8139457214747843,0.2946207563227662,-0.21864437863559705,34.12269776346379,0,0,1.652447784961197,2.159240883044361,0.500192091249305,0.500192091249305,1.00038418249861
-0.8663148667055808,0.6641490171388901,0.6911370513649222,0.49702707202874874,0.1194644173298432,-0.3595271548441708,50.64503311026157,0,0,1.1624976326881156,2.4798190052774496,0.006175098828166907,0.006175098828166907,0.012350197656333814
-0.6753840162961774,-0.4414557474128835,0.4870583587529029,0.4323027678017204,0.42391007110950896,0.49326386628563706,35.656542868864605,0,1,-0.08618618151079638,0.6944786730253331,0.17981571764945925,0.17981571764945925,0.3596314352989185
-0.9787478249862364,-0.21126329060327,-0.806756694262805,0.8116942404390991,0.21231971511843958,-0.5792895395894104,29.39318862038929,1,0,1.5557524018919655,0.517508018263881,0.19858531339228325,0.19858531339228325,0.3971706267845665
1.7426538209664642,0.08131987228903789,0.7121675625384276,0.38694471906355227,0.28544157696189615,-1.6534677500727755,91.67117563127104,0,0,-0.08266168714815181,0.4870839695909548,0.6724102770727403,0.6724102770727403,1.3448205541454805
0.10242602429033144,0.08539752351124713,-0.6447467674362215,0.5777482102203818,0.5794541422893923,0.7487637534635103,58.0849914607868,1,1,2.1170027748095785,3.061531489308039,0.4954492593274761,0.4954492593274761,0.9908985186549522
-0.27857778152056367,-2.934340262325579,1.2914625799631907,1.4826883293655178,0.49114277664415634,-1.4024922401452093,26.569657519344986,0,0,-1.2207294200096896,-0.9489657157502452,0.1268860864735359,0.1268860864735359,0.2537721729470718
0.6446483624572861,0.5867712992780908,-2.0357870545669927,0.2654640876475822,0.5925797761594712,-0.18224508071880235,28.280408087712495,1,0,2.2977332490644478,2.886649236152452,0.7339390829910702,0.7339390829910702,1.4678781659821405
1.1515260166704802,0.008654199212758491,-2.150043479971511,-1.4492445788203456,0.48616710294414117,-0.35715992047917655,20.8989756631566,0,0,2.3313165713337964,2.087801368254804,0.757892721367211,0.757892721367211,1.515785442734422
0.7058270842900651,1.7791173042135384,-1.262448394027082,-1.3207316915243459,0.5343936157060253,1.02585528203244,98.50661221666051,0,1,3.5,4.77647537449446,0.609384058043348,0.609384058043348,1.218768116086696
-0.17831050905454576,0.8923350255445863,0.7058975057330696,-1.0432329693941356,0.4873572905000824,-0.6120677989357097,10.489959321265918,0,0,-0.4687620585982918,0.6856300192013978,-0.16997207800751227,-0.16997207800751227,-0.33994415601502453
-0.8404368771385322,0.41431521963591694,0.08900082000255849,2.6307312445132087,0.4574021950723145,-0.07082753331879034,50.076861198112724,0,0,2.0333555395666143,2.2525877037786657,0.4488525911956701,0.4488525911956701,0.8977051823913402
-0.909017998806778,0.9212838092572142,-0.40639753831793846,-0.6242738900455634,0.3091112224990435,-0.06751628139892922,50.63086279850125,0,0,0.4709030954413329,1.4306562461050507,-0.011673574843923215,-0.011673574843923215,-0.02334714968784643
0.4548845095349279,-0.8468561026951208,-1.118233738786954,0.5482781808323046,0.32122845594669525,1.2599919179811685,66.33429343431779,1,1,2.1467433274241126,3.44801106267192,0.7549743283255177,0.7549743283255177,1.5099486566510354
0.6320305458379691,0.6928324272461944,-0.15816848180174403,0.08547684683776002,0.5097309050842392,-0.48784028633980686,25.458251435185193,0,0,0.5774374228964935,2.06024587425875,0.4448160340415945,0.4448160340415945,0.889632068083189
-2.2649737958346066,-1.4813365787571007,0.7565834131349635,-1.6522411196194378,0.8665621495614082,-0.5689864171882755,72.49357483502247,0,0,-1.117649160039566,-0.7358959004383511,-0.9660193311496186,-0.9660193311496186,-1.9320386622992372
-0.2361743588653706,0.26409573427968164,0.11569793678185929,-0.7141138922548107,0.48122252378288766,-1.04351416675552,29.889211152072395,0,0,1.5381245569722086,1.7482684836222722,0.004383727111928248,0.004383727111928248,0.008767454223856497
1.6166932359637871,-1.5735898686808751,0.26109258088791887,-0.6955247143944473,0.19738936028400575,1.4163486341152418,12.50960723480618,0,1,0.7633449571848288,0.34695416978976934,0.7226658432153565,0.7226658432153565,1.445331686430713
-0.3405449883635092,0.4289034396161023,0.8782607332597423,-0.9854448886348337,0.1563464644280877,0.7926600942763017,13.984436441565244,0,1,-0.15233841892467959,1.4562237926013206,-0.003473189475936972,-0.003473189475936972,-0.006946378951873944
0.42776294069844595,-1.1279688575649258,-0.6918045538438968,0.2312915427605485,0.3382256628628334,0.040107222738909015,43.29666499210504,0,0,1.6965518734416842,3.0500176170032,0.5724289438510409,0.5724289438510409,1.1448578877020819
-0.19093811887024736,1.425893287033808,0.6505878683921502,-0.4326532532812118,0.14927630690163712,-0.9648673826584179,56.36070740586996,1,0,-0.16849561697765236,1.0901122329181785,-0.11029590357695335,-0.11029590357695335,-0.2205918071539067
2.0755258300676034,0.40650603542583236,-0.3215121074528062,-0.862644547737953,0.13369882535111383,-0.23475613062958436,65.1227781053162,0,0,1.737519197691538,4.3548437059804685,0.8045161593814475,0.8045161593814475,1.609032318762895
-1.4267479758048238,1.3145490786654381,0.18682484600727084,-0.9586454904472634,0.5669678096737953,0.907903411274501,28.843679389945546,0,1,0.2631455984259965,0.8047510553826874,-0.24921936194916852,-0.24921936194916852,-0.49843872389833704
1.6444792799826684,-1.2242627216877664,-1.124593004397939,1.7571795854129992,0.478695775400057,0.43354723626193636,33.2921581973103,0,1,2.9367766605499943,6.860151600298888,1.40926999864102,1.40926999864102,2.81853999728204
-0.8912896713246138,-0.7737023388743152,-0.7059799783358394,0.34536243884380313,0.09871807655084626,0.08500148798882541,33.98961235575343,0,0,0.5290991570617187,2.3684228485913716,0.2842273878826743,0.2842273878826743,0.5684547757653486
1.4515434634001576,-0.18659424753373174,0.8526898075416837,0.13753386567014034,0.6678058905411688,-0.953623144535501,38.088370252968666,0,0,0.14363633839665713,3.186931788359158,0.4233230941836186,0.4233230941836186,0.8466461883672372
0.7131916248346846,0.7739275857464746,0.4196757596990932,-1.8054717070722421,0.45905926320594875,0.7771586486999734,64.49259134916456,0,1,0.8315775857712111,1.4086725626789822,0.17220585737747995,0.17220585737747995,0.3444117147549599
0.7060235765366395,-0.7376968286580433,1.6475076004352058,-1.3309909023476607,0.28173359348034044,-1.2311515514137905,66.54159054057564,0,0,0.8940427511133623,0.5367660065218955,-0.13195949552334688,-0.13195949552334688,-0.26391899104669375
0.7588227271033513,1.2822544402266045,-0.1650665877224846,-1.176494394886646,0.3221506073427646,-0.2986148638737023,7.790394605295211,0,0,1.6794713464923943,1.8121974750656813,0.2996998760460253,0.2996998760460253,0.5993997520920507
0.11135369451155211,0.2692946706255885,0.5008402622103928,-2.20432906775416,0.4596342327466676,-0.234817602526536,49.20481980532839,0,0,0.7816514130190888,2.213239396232964,-0.2460972712780008,-0.2460972712780008,-0.4921945425560016
-1.2843163335428518,-0.08330653829232443,-0.21039352752405385,1.1782523783506447,0.4603088496516761,0.2074074457190729,82.56013761478957,0,0,1.7685146611837848,0.6503224979067055,0.1282893068500071,0.1282893068500071,0.2565786137000142
-1.7978084263295788,0.9543299840864046,-0.4831242168752648,2.0328374425018723,0.30574626396731497,0.7563203531784192,8.866365964807414,0,1,1.4095756088677702,1.1670014791406533,0.39543260463845753,0.39543260463845753,0.7908652092769151
0.615867837737016,0.3307074274288474,-0.26503623414482014,0.697251567017984,0.5521945080701377,-0.2899682505385927,48.448949041864076,0,0,1.319270272247038,2.8867242889212275,0.563729566204629,0.563729566204629,1.127459132409258
0.6414722414243577,-0.4863259250593966,0.22950925062429006,-0.5723422795614929,0.5516081873575034,0.6542602026537017,43.506513991268115,1,1,0.3489471443342602,2.1749776530810507,0.2537126171746069,0.2537126171746069,0.5074252343492138
0.6598487158953756,-2.0521618930096412,-0.22488232094508803,1.159727037758783,0.493498968229281,-1.3690262590445796,41.759677403614646,0,0,0.034630960030886615,1.6429007947877245,0.6645428654801782,0.6645428654801782,1.3290857309603563
-0.11673967356816026,-1.0671682103258344,0.47215291743754034,-0.5565959691912117,0.22637337600716148,-0.4357751916538972,15.007691735397499,1,0,1.3453422720854114,0.72558101502431,-0.09107763513148058,-0.09107763513148058,-0.18215527026296116
-1.7124835981772732,-0.020051527725821163,-1.1390591410028914,-0.03495990685927572,0.6326331413592592,0.622580640453711,18.86904389683916,1,1,1.7375420525290217,-0.31733835272505295,-0.02702713362989223,-0.02702713362989223,-0.05405426725978446
-0.6380745163448313,-0.3887503137035202,-1.4654643748390779,-0.22420313998702393,0.5150584178896566,-0.5263036187943984,62.39834370403405,0,0,0.38885944180043086,0.5968718412169463,0.31977071239686244,0.31977071239686244,0.6395414247937249
-1.1221186167198123,0.0577287496404743,1.0665218045775526,-0.5832364781113449,0.16441493066041943,-1.0144451119893645,32.620116691675186,0,0,0.6118176533454068,0.04923393548279273,-0.35327015910715176,-0.35327015910715176,-0.7065403182143035
1.9005703990295149,-0.8632228120736487,-1.3654512353412307,-1.6305691042060448,0.5992508282611664,1.38156945771914,76.24343347488801,0,1,1.0167488549140054,3.39875360243723,0.895236345963567,0.895236345963567,1.790472691927134
-1.3672343089242838,-0.5621192579974469,-1.1922094921099105,0.3819870972128043,0.47649117529209994,0.017272449462339013,26.73705638632531,0,0,0.6503450208767845,1.8985102886421872,0.17386027719358166,0.17386027719358166,0.3477205543871633
1.0319870147815973,1.4548126936217425,1.7304981018442778,-0.44345806103644875,0.18667785791893038,1.9844319092116631,38.169634743916966,0,1,2.1163921048365886,2.5894380334246865,0.28362164484600216,0.28362164484600216,0.5672432896920043
1.3199044293173874,-0.7081209744489152,-0.7204784886462218,0.04539217153112112,0.408403808009568,2.558803663745032,34.2184769762396,0,1,2.5882070615088937,5.260320959793589,0.9382321846643429,0.9382321846643429,1.8764643693286858
0.5508758832921504,0.6322209313822199,0.40381544945371267,-0.42061062240038144,0.709354608096107,-0.34659365136778114,68.81892836463322,1,0,1.644553035382399,2.7831885682717714,0.01945083046685106,0.01945083046685106,0.03890166093370212
-0.11519609061868682,0.06753583230318277,-0.029586969943075254,-1.763394785589725,0.1379068225093319,0.4024903394242315,29.581065963344404,1,1,0.43365900273027863,-0.0528586198004225,-0.01625447079414591,-0.01625447079414591,-0.03250894158829182
0.1816093847870306,-0.07856849244667037,-0.3213319169651949,-0.6786397061416294,0.16427258997509814,-0.08708358529343281,45.849332586345476,0,0,1.9386458707249008,0.7062003965465289,0.2999630807731946,0.2999630807731946,0.5999261615463892
0.2764631004212403,-0.6103342980946952,-1.0619473263041617,-0.37205726987182275,0.11463492317633417,-1.2100603984102218,58.983372031460384,0,0,1.2086668832145335,0.8111095704009292,0.5565553897656146,0.5565553897656146,1.1131107795312292
0.2525637197606376,-1.0215910282376437,0.9749080103526545,-1.703391254469579,0.43536218577890506,1.2363835522555342,83.14874834147726,0,1,0.9565998689594405,0.2498026835884779,-0.05485927113606695,-0.05485927113606695,-0.1097185422721339
0.364904301521264,0.21179978555919202,1.6437072715552088,0.44189997717775115,0.15662268876386834,-1.7688649027643,50.99907109136975,0,0,0.1580015739692734,1.906447635333263,0.12251015527247484,0.12251015527247484,0.2450203105449497
-0.7163847332772457,0.5873563140383068,1.5311338098549008,0.4336180333095252,0.16832814556989129,-0.09098283427233177,105.7660680956761,0,0,0.5789967684177799,1.5581000655836625,-0.15978467242676636,-0.15978467242676636,-0.3195693448535327
-0.27625354296863636,0.09696927653186974,-2.2107286992500756,-0.26993267321057196,0.2576051693805716,-0.4813546444520312,28.06490098978568,0,0,2.529585020386289,3.998625017088095,0.6385961999745583,0.6385961999745583,1.2771923999491166
-0.7965959890601284,-0.4488289128651847,0.14874869788163214,-0.18204537754820158,0.4425355431133694,0.540487560057727,26.9103101749957,0,1,0.8671546203851348,-0.05009810863347175,0.10525171122332004,0.10525171122332004,0.21050342244664008
-0.43539208018868186,-0.6721453442231631,-0.7333294253729555,0.04946004906699069,0.17436021321811707,-0.40145140411250324,27.440506905621763,1,0,1.5643119098112672,0.9594010820842054,0.20647904878892953,0.20647904878892953,0.41295809757785906
0.5713002830213075,1.3133929806716524,-0.6541239195311311,-0.4437424850743593,0.5421432028254923,0.016381638630663047,12.203816594693496,0,0,0.9403850363581914,1.471364983961997,0.4338833255513121,0.4338833255513121,0.8677666511026242
0.8965861810148834,0.2127396978949312,0.7187253166975146,0.6442871497884676,0.38571789323784067,1.1495091016017238,52.09616139611881,0,1,1.7316522819501394,3.547577390057042,0.6163239535955566,0.6163239535955566,1.2326479071911132
0.20423048422084616,1.1060642389065751,0.1820030444813476,0.5061414642815191,0.06295776023869587,1.1249462362631821,58.2017554531745,0,1,1.3470151292886892,2.928141493560159,0.5931394669093268,0.5931394669093268,1.1862789338186537
-0.013745769707258371,-0.36065737868093367,0.5284119347579972,-0.5617367291250093,0.28004675961984016,-1.0111317776397841,35.89069335788702,0,0,0.23191453503333104,1.7904224649640335,0.05157672528394501,0.05157672528394501,0.10315345056789002
-0.6142298905952456,1.4437346207871913,-0.12781832379113658,-0.18757524595575653,0.14831745290728035,1.142103613842949,80.51670928744743,0,1,1.094657562230017,1.9683524488609556,0.28677592889759784,0.28677592889759784,0.5735518577951957
0.10464489760391814,-0.1873020663507877,0.2906340236686608,-1.9384750552916947,0.5154995477454462,0.8529183546331387,30.253320718562854,0,1,0.7751445650288812,0.6546191148114401,-0.00728431528942039,-0.00728431528942039,-0.01456863057884078
0.22939567665918573,2.1639143445620186,-1.5976402257396778,2.8954286783143326,0.12808404927408706,-0.8203036447813294,50.173428196428475,1,0,2.7803367158890855,6.037951971559397,1.1061486293981,1.1061486293981,2.2122972587962
-0.5167681643277798,0.355563157028731,0.17268567071637717,-0.9483706045489694,0.2980447464890089,-0.04988626768301133,51.94760963579021,0,0,1.9508776061812971,0.9613397250865657,-0.08492338154555792,-0.08492338154555792,-0.16984676309111585
0.4657391305009781,-0.28474766718465255,0.6160596608097879,-0.4367503209137457,0.3486232885374991,-0.6357242419017844,52.130381466594045,0,0,1.1781803597616376,1.7374112058757534,0.17258918414864657,0.17258918414864657,0.34517836829729315
-0.01762933802930249,0.3340712408188716,0.3071130645015863,-0.5762338343091576,0.23320816626615384,-0.4026294780444712,60.84595419803495,0,0,-0.3665842035298468,2.3646514054264385,0.10780686108192102,0.10780686108192102,0.21561372216384203
-0.2907128086626008,0.09335450410466258,0.5134803792892968,0.8023718726065648,0.19743062299024453,-0.43622368661007793,92.49122712861755,0,0,1.2035016683444064,1.0891906804692406,0.24267831768234946,0.24267831768234946,0.4853566353646989
0.4443320480058341,0.5536495387340808,0.7904433038960422,-0.10827708886606868,0.3493925034866921,0.2964170043945764,34.348458269070726,0,0,2.169900734614297,1.8559528381713581,0.18717136975180582,0.18717136975180582,0.37434273950361163
-1.8536514348624515,-1.1370134197095199,0.008100380764538145,0.1650013396953371,0.22082056534285793,0.9579533994037488,18.92616016701547,0,1,-0.7507285921703325,0.5948971059151267,-0.0441011800668101,-0.0441011800668101,-0.0882023601336202
1.6305487355273853,0.5478063328303647,1.1521041001176902,-0.7873445144055261,0.4769496979084422,0.9963988873129799,22.02608334339861,0,1,0.9534379837270476,2.2114457023205736,0.44690080383075537,0.44690080383075537,0.8938016076615107
-0.11285272002225279,1.2646222069024544,-1.4328032771809451,1.0086865460408037,0.639454695258626,-0.0883141494588592,60.372021864244225,0,0,1.3916793597024566,2.5961020209252563,0.6517124107988516,0.6517124107988516,1.3034248215977031
2.6982660395822107,0.3662386711113542,0.9953181249866047,0.10210447888716144,0.3659134978793211,-0.8736134117822564,72.59401788662811,1,0,0.6252416224690369,1.0747085228083328,0.6671040702946179,0.6671040702946179,1.3342081405892359
0.4421256614685254,0.0741434257811701,1.3957920182873358,-0.21569490790187193,0.3566662384376543,-1.0397114704539137,28.288256297144336,0,0,-0.2302913816857245,1.191117269612968,0.032295960540599286,0.032295960540599286,0.06459192108119857
0.19364473935353213,0.4541966606478008,0.9635309646701962,-0.47608059130081126,0.2268538329544591,-0.2601434617473902,37.92687835478452,0,0,1.8504142804409,1.2571139285092023,0.042104288448329676,0.042104288448329676,0.08420857689665935
0.14198554237575103,0.4968135509304939,0.6721056458651796,0.27603680205736303,0.5333902943105779,-0.8244063904489566,17.582355688838042,1,0,0.5819633889028184,0.4343046014437447,0.013565663510657439,0.013565663510657439,0.027131327021314877
-0.6121974782616086,0.6966309071157387,-0.8815767546349675,0.3342850276644116,0.19632051518262886,-0.38896273969407025,45.67692617954997,0,0,1.5981132688921351,2.1512843411430707,0.3755859734422056,0.3755859734422056,0.7511719468844112
1.129683443305394,1.260817862291054,1.384950559142911,-1.9657795702775076,0.10409138980779467,-0.19815146071725456,44.81987010950538,1,0,0.9726678908550479,0.3156697064471732,-0.1672000150897522,-0.1672000150897522,-0.3344000301795044
0.6294779986744228,-0.9656085756833414,-0.7976917527489616,-2.1660684329227835,0.5430036606252273,0.025681025189966313,57.74797478421099,0,0,0.8115725049712923,1.0219077348744594,0.17153282875745438,0.17153282875745438,0.34306565751490875
-0.006108175733077053,-3.0227022367663756,-1.9694675878986254,-0.12447360518774594,0.12294523891418842,0.645622559781328,42.45187867357258,0,1,0.4015097590093505,1.6218110038745088,0.8796604738592366,0.8796604738592366,1.7593209477184732
0.44682229346627805,-0.19632540088653022,-0.3935459322495839,0.18952276358695913,0.41670721351604706,-0.15526148504834647,34.59810613999377,0,0,1.9575592919203424,2.394386442498701,0.48579471346726766,0.48579471346726766,0.9715894269345353
1.799495234978415,-0.3403258325706785,1.9462804536229197,2.7718373672947325,0.7055451285026202,-0.7999496616667218,52.93530045315666,0,0,0.8166892403225872,2.663060271059106,0.7452768612693368,0.7452768612693368,1.4905537225386736
0.6627567121426688,-0.9974472623385187,-0.916746579307776,0.057577278771349584,0.49823031377629584,1.07200059775222,22.719866922449626,0,1,0.5465825055520475,1.5288791798899029,0.7780447617201901,0.7780447617201901,1.5560895234403802
0.44279049010717375,0.0639853481676829,-0.6536050298834668,-0.27998025055556475,0.43210824430817735,0.6815426449745502,24.7388536333113,0,1,1.37678643271256,1.4834109879317092,0.6136720200704072,0.6136720200704072,1.2273440401408144
0.6932037326037227,-1.6444376557784803,0.05354031843237306,-4.214943921066841,0.7333138749643389,-0.62231403811559,28.98705171278324,1,0,-0.9311364848146643,0.9769745795069759,-0.5523670607095524,-0.5523670607095524,-1.1047341214191049
-0.12158707997138314,-0.31760651341026785,-0.9791884502478969,-0.14731576087632628,0.1118644639165185,-0.6675378132952233,53.25201108588504,0,0,0.5396038267916992,1.221185552898255,0.46801276836484695,0.46801276836484695,0.9360255367296939
-0.17354093367479745,1.4690953808278402,-1.8373694290639333,0.7623219016358123,0.19494360967570168,-0.5544115565827596,45.92269177180493,0,0,1.1896498988139284,3.2222624799713797,0.7860612889373999,0.7860612889373999,1.5721225778747998
-0.14750380864138452,1.2387992916118018,-3.5275802595053882,-1.4820748323944717,0.47214017013350007,-0.3275891642829454,6.767076366017852,1,0,3.2260338978111402,2.584170714617379,0.5546794800085528,0.5546794800085528,1.1093589600171057
-0.6079251692236763,0.3898598401972519,0.26511011286554387,1.568435075484999,0.4095769418773995,-1.6611866440310772,11.931569291900422,0,0,0.954961724440719,1.8768065195145405,0.2954765753236749,0.2954765753236749,0.5909531506473498
-1.5776006480519187,-0.9043154000211124,0.3159329849675727,1.3412200218285297,0.4775286521841311,-0.08880476648345458,37.87176305207233,0,0,-0.20516573298410118,0.16658315768111082,-0.0444207107424594,-0.0444207107424594,-0.0888414214849188
0.2464501544932018,-1.1602721710715063,-1.1399608590057428,-1.7373828005078227,0.23270289814759368,0.948348889420031,13.54794513936388,0,1,3.0764516362300403,2.9583381165691813,0.4512198325925294,0.4512198325925294,0.9024396651850588
1.3152923262792906,-0.5789538449961072,-0.17917045846165977,1.8940325543384455,0.7600933301549897,0.7574107550834556,82.09340912840102,1,1,1.393564962059695,3.0291411239706996,0.9262028127634893,0.9262028127634893,1.8524056255269785
-0.11377204661694355,0.9284182019290053,-0.9157464502738634,-0.1331177566194281,0.6858942152752486,-0.027253707765899606,21.73824420250004,0,0,1.2989412886407097,2.8129803843286982,0.321032238149949,0.321032238149949,0.642064476299898
1.4574159604981727,0.042650696568998066,0.7077750542237347,1.3082174861222202,0.4380076542104403,-0.5063939130726827,73.70471436091427,0,0,2.4493407093169433,3.372940346856741,0.7227232675017607,0.7227232675017607,1.4454465350035215
0.36156957045287913,0.7112499966070146,0.7260572742173885,-1.25404825070163,0.345757176048936,0.4696252148304837,99.63908643178198,1,1,0.7578178560884341,0.4125079419514339,-0.007203527979057267,-0.007203527979057267,-0.014407055958114534
-0.228046051327619,1.7843267075287952,-0.9179720275155908,-0.7321169003138505,0.10370141347745747,0.7069836267523802,111.8995042506003,0,1,2.7851995678541592,4.524890290511034,0.4814315703906139,0.4814315703906139,0.9628631407812278
0.12432592472623168,0.3121708080774267,-0.40591078778442063,1.2379644260521931,0.35428888054526425,-0.05933423729333993,34.953200988349394,0,0,1.092639637731768,1.8316592105063492,0.6019158975944487,0.6019158975944487,1.2038317951888975
0.3953453742182932,-0.09077461834553752,0.7490911318276334,1.741414642993232,0.47624858984038665,-1.385856453141295,19.190821952751694,0,0,1.612416796949225,2.108374176374011,0.4850516299561317,0.4850516299561317,0.9701032599122634
-1.4147217218566948,0.7570644653289058,-0.43046287204753314,2.308528766285239,0.4183460078285317,0.8359112701907162,37.800246982493654,0,1,2.0021147683108507,1.2768312775979636,0.5137118857830781,0.5137118857830781,1.0274237715661563
-1.266800384561215,-0.9009565401437766,1.0284873147463116,0.3357219527315648,0.22895545350560487,-0.23380813529646924,74.09398133724517,0,0,0.3618316576394959,-0.8047644172472463,-0.23549067427099227,-0.23549067427099227,-0.47098134854198453
-0.34836044506166586,-1.754583898164222,-1.8221759333452567,0.5490056926676687,0.293861782457462,-0.906701641929071,17.92049565492214,0,0,0.021050931720907884,-0.685373414824205,0.6716319776090796,0.6716319776090796,1.3432639552181591
-1.8349769432608243,-0.9616266717837345,1.375915708365405,1.2965068451616302,0.3318887214536102,0.8199991981255149,73.52855026135336,1,1,-0.19587309365352892,0.025967935261744388,-0.3027770609731929,-0.3027770609731929,-0.6055541219463858
0.3627415573297676,-0.9694233840234511,-1.8049293387433571,1.517045995126274,0.6331822762159397,-1.0553517460283652,39.07610384453727,0,0,1.3649145749878668,3.495961288739349,0.9597566234067774,0.9597566234067774,1.9195132468135547
-0.908181796328118,-1.6875898830228253,-0.4529950568916706,-0.11571155828666671,0.4897479496346751,-0.9597308837526418,38.24264023283011,0,0,0.5797871561305554,0.49577648207692904,0.047000421140372464,0.047000421140372464,0.09400084228074493
0.1620008150014349,0.403398489037809,-1.1112920282070236,0.35592208773130113,0.7865112596901545,0.681803672915615,12.26785615526068,1,1,2.1498327947713047,2.4985989339284105,0.5251477478719441,0.5251477478719441,1.0502954957438881
0.9334330078456524,-0.18137575878600035,-0.2840658037710091,0.011752923286909687,0.06091926785495217,0.6861968309228504,66.09973182040336,1,1,0.7083308312357854,3.4622699606408185,0.6713506209328599,0.6713506209328599,1.3427012418657198
1.1976172727315635,0.5257475993923023,-0.6557176167263813,0.025993656812848556,0.2172135636815465,1.1363802558396954,52.46258876504423,0,1,3.2681175605961474,4.753988050291807,0.9321383149873833,0.9321383149873833,1.8642766299747666
-1.7880363097345884,0.17839913324339118,-0.5770552739446825,0.010884156177521706,0.09408382309399857,-0.33474112960161784,39.13281530068878,1,0,0.4159454278621916,0.0987122374772808,-0.1943189758884603,-0.1943189758884603,-0.3886379517769206
-0.670411958200332,-0.07167428408007952,0.9131102989441063,-0.43507519790687993,0.3309419416239199,-0.8787952695278859,95.31766199555123,0,0,0.6177644256761197,1.1632401184706294,-0.2063392156767755,-0.2063392156767755,-0.412678431353551
1.1135696153239039,-0.7077612315170783,-0.11684477217417408,0.5211681782704124,0.24422464516828088,-0.40657048159098325,3.5890602764338353,0,0,0.6748953034527047,3.302103600063785,0.7127016994172982,0.7127016994172982,1.4254033988345964
-0.9417019253013821,1.2549228704412825,0.5703451572175036,0.1302601887909584,0.18877438122226334,1.5585355987253915,45.29927428424167,1,1,2.550497911925867,0.22007318836931544,-0.05101149118320844,-0.05101149118320844,-0.10202298236641688
-1.043612085209468,-0.9546199563455663,-0.5424769739604052,1.2406923519110211,0.29208357158313325,-0.8133480507656077,127.81578749985582,1,0,1.1535346976354348,2.0629058063707375,0.18035811657666995,0.18035811657666995,0.3607162331533399
0.3819766383632501,-0.030731014952135195,0.25105362754663946,-2.6955538791335725,0.2004805953272753,-0.3936978429826006,16.184650185294227,0,0,-0.3955911629809947,0.6750200817670139,-0.14159338044113973,-0.14159338044113973,-0.28318676088227945
-0.9296139511069693,-0.4864136902266113,-0.15262690633343426,-1.1159001892223124,0.1789307680285091,-0.7892580125397187,14.678120644324801,0,0,0.5470559103004574,0.6862741989625918,-0.13051940530345424,-0.13051940530345424,-0.2610388106069085
0.7428496156661084,0.2572679067295188,0.577512930345664,2.1070155351777933,0.20433989854064794,-0.6413404259858106,89.69491152018581,1,0,1.9655164174065216,3.2267007640599217,0.6111662683927116,0.6111662683927116,1.2223325367854232
0.6367304766018846,-0.9281457143666227,-1.330626466146445,-0.35938291243879994,0.5381921098302044,0.36088656043052303,32.84965786646853,0,1,2.14096269483076,2.3373730243108892,0.7771673254025127,0.7771673254025127,1.5543346508050253
1.2348331652707514,-0.3606732351121925,-1.6912042241492617,-0.031877812282071816,0.44504084466020505,-1.0281338905635395,63.41792893450838,0,0,1.8050325244904608,4.893891794596062,0.945270406659426,0.945270406659426,1.890540813318852
1.943338933843855,-1.3246279642093635,0.40062003739992685,-1.683085926353425,0.5268447015566533,-0.3203818566100839,19.20735969759662,1,0,0.8560685669943787,2.3115734789470226,0.22660029813108218,0.22660029813108218,0.45320059626216436
1.4004322945605832,-0.08775482226323879,1.0556460384807496,0.28114102139109065,0.7573144204575648,-0.4063844558332347,41.42946160503873,0,0,1.366993773106178,3.0374701924262073,0.36872883695177927,0.36872883695177927,0.7374576739035585
-1.28991008819804,2.4664597188888173,0.51308333127055,0.27808917329392074,0.22136982921504153,0.46399943982339564,59.66832294933537,0,1,0.8365583922793426,1.3820800984190926,0.022874134606323537,0.022874134606323537,0.045748269212647075
0.8664223001229007,1.0546947331091499,-0.4033720708861149,1.440444688338835,0.5967897264582107,-0.31543028663609674,18.88610249587223,0,0,3.3667688901560116,5.597486623381748,0.7873906091803773,0.7873906091803773,1.5747812183607546
-0.46475919851744,-0.9473707680864774,0.9261197235384527,1.2759448221744447,0.09084623400169242,-1.418038380447488,56.69378587920345,1,0,-0.1212255241630848,0.2078214052326225,0.07398805706765105,0.07398805706765105,0.1479761141353021
1.0575491153570111,1.401813655227561,0.9911319400540147,0.8630802298007186,0.3067477181957517,-0.3857315198166737,33.133293802681095,0,0,0.7326878077019654,1.1654599334581135,0.49979971448522886,0.49979971448522886,0.9995994289704577
-1.1593571956242599,0.8577692807947288,0.8950016362963636,0.06676992189795167,0.18070185725768464,1.4319762630206339,26.90896292013285,1,1,1.4391943512578105,-0.13585458129761313,-0.1928702345602058,-0.1928702345602058,-0.3857404691204116
-1.5552572136443223,0.9541848375581105,-0.5097088616255236,0.9780128514590339,0.08480715487907478,-0.32028636014441825,54.428143985147514,0,0,0.48626313978207825,2.8397696672529236,0.17235252582885308,0.17235252582885308,0.34470505165770615
-0.19412852093848182,-0.3765163989725008,0.20634569157297478,0.8176716204057958,0.34518464714092323,0.5526601545322436,67.9331356511591,1,1,1.3234956283877144,1.7953977806959287,0.32458453835039225,0.32458453835039225,0.6491690767007845
-1.191415053926838,-0.963162457039387,0.044417067664626796,-0.07098194270589271,0.4310792177607939,0.9611846761121278,69.3487170047118,0,1,0.36818783407472755,0.45631394799802677,0.04039626806461627,0.04039626806461627,0.08079253612923254
0.6036930535697692,-0.40531647412778116,0.8761667045071966,2.666140234406611,0.8193456682331308,-0.3270609878697487,47.375149799641676,0,0,2.024795225879707,2.345051156169995,0.5995396618251907,0.5995396618251907,1.1990793236503814
-0.21018012971096525,0.22232621204925732,-0.12663346349250124,-1.2733258423454232,0.5729912469928755,0.29370436897442626,30.201020236092653,0,0,1.5830681923529735,0.7653410635477994,-0.057707625251186265,-0.057707625251186265,-0.11541525050237253
-0.7522892729592275,-0.19506170008883994,0.43249643341208,-1.5453338077518277,0.6111302667521331,-0.10045251192548846,14.767608792605017,0,0,-0.8913880942818275,0.20198996818747988,-0.39062156119508223,-0.39062156119508223,-0.7812431223901645
-1.160975280718651,0.2998652277318999,-0.3576882822669218,0.47384366180762433,0.5602998478902511,1.4832883964055774,49.72785606199694,1,1,0.8433697241174003,2.3739065992387003,0.06443823912921262,0.06443823912921262,0.12887647825842524
-0.001021506874501512,-0.026910670216227343,0.5050798291904963,-2.735765724487975,0.6453074282342732,0.7805614917853557,33.88765948946056,0,1,0.4762007280780816,-0.7073458810650395,-0.2587151975308306,-0.2587151975308306,-0.5174303950616612
2.0075914452448513,-0.8410676255660777,0.16816268741835308,-0.41358590683979024,0.1501607625029378,1.14505387681961,44.22842956354325,0,1,1.7148069450456542,3.9254989560004945,0.9146457672046535,0.9146457672046535,1.829291534409307
1.2417966383650583,-1.8437830017450292,0.8278811189577316,-1.5219109369345343,0.38883631179523864,-0.009128547485501421,57.83914511737409,0,0,0.4006922499777989,0.6846099789609705,0.13830452909244195,0.13830452909244195,0.2766090581848839
2.3259813365615285,-0.9507971404601994,-1.8890901335091004,-0.645820713678157,0.3615946724187194,-0.8216485894482191,30.802146482409473,1,0,1.7144380381386903,4.320463238375619,1.0638441537666692,1.0638441537666692,2.1276883075333384
0.3754610948434075,-0.8302218534860243,0.2410300991110104,-1.7217525081206226,0.17372317175454127,1.6509249100025074,61.27438606803092,0,1,0.6323964523101784,1.8072667387292962,0.20049347206892987,0.20049347206892987,0.40098694413785974
0.40795732423692116,0.3096753257288623,0.011622730142086394,-0.9648048502186709,0.35971638926931093,0.1576735012521913,68.49997660123177,0,0,1.306035538747907,1.852613434177822,0.1916742436910836,0.1916742436910836,0.3833484873821672
-0.23179847896549585,0.9176171640485538,2.138963071893981,0.48798093823602723,0.5525967571777455,-0.9677431448209503,55.334177976588364,1,0,0.3094261336713069,1.5428779219969342,-0.38026210276718864,-0.38026210276718864,-0.7605242055343773
-2.259313984625152,-1.3528248169314898,0.3929896222268475,0.008373554760762436,0.17523552722610516,-0.1503138348339826,35.66096119269051,0,0,1.1616739252052917,-0.5119693574079782,-0.4196149192622771,-0.4196149192622771,-0.8392298385245542
1.371176709666291,1.5117870392082242,0.21876468940230157,2.520268800158675,0.2505571744442628,-0.9743490386897975,41.35432240436004,0,0,2.801695180891023,6.583672342766495,1.0693159091999935,1.0693159091999935,2.138631818399987
0.26245255309117327,0.6515603986671045,-1.4100106583842127,-0.5255293628379569,0.31490498649067933,0.23106835156989186,13.553962878974122,0,0,2.229264357087394,3.187884064638551,0.5535165776414601,0.5535165776414601,1.1070331552829202
-0.0003596382528332096,-1.1496439553443272,0.9153832560754847,-0.3999028705803285,0.5121763725777752,-1.4753068319602671,44.94551691882606,0,0,0.2527087066083554,0.11422876519830832,-0.056389861170525094,-0.056389861170525094,-0.11277972234105019
1.556284087947543,0.47582547902771116,1.8856656357640926,1.8792882377766245,0.2671731194551419,-0.2461380772625047,42.95143472605213,0,0,0.31900160250112086,3.0990107095110573,0.63506343888777,0.63506343888777,1.27012687777554
-0.7251132808379387,0.7069856910814066,-0.41495814779961193,0.5891652262619343,0.3777543403875585,1.2680523250540012,102.98488691978883,0,1,0.6902281380852592,2.5913691550484543,0.403647772915426,0.403647772915426,0.807295545830852
0.6386929806709919,-1.0867390507978556,0.34858672429146453,-1.2944978442640094,0.294713003820759,-1.1013397652421963,47.579550296908394,0,0,0.4102695392315899,0.27514502739623103,0.13840422235925176,0.13840422235925176,0.2768084447185035
0.2459776226182224,-0.41121106399191093,0.5254457837082839,-0.08980324263132543,0.5689527524487181,-1.03766555446812,20.74148986735555,0,0,1.3451464868461986,1.5766784382160364,0.14056241765594887,0.14056241765594887,0.28112483531189775
0.5938689381021736,0.24806683324349443,-0.01921193752651511,-0.9436754746067209,0.5417704800242212,0.2942137046937025,53.28208825055141,0,0,0.7347253199058702,0.693096652272166,0.21062342828941913,0.21062342828941913,0.42124685657883826
-0.1344810031873513,1.8183062973225457,0.2655517945696982,-0.8473585911842724,0.21396458453066095,1.5081635240384452,14.16633486016297,0,1,1.17555187493178,3.6805350453089147,0.2000478776016804,0.2000478776016804,0.4000957552033608
0.09183428414518158,0.7329307617432804,-0.946191438645823,-1.8348294280265844,0.5651356879974248,-0.0613835539904144,71.1702410635486,0,0,1.8926855243367604,1.1593392087249104,0.10797385389856479,0.10797385389856479,0.21594770779712957
-1.1056092829392832,0.17822055295732167,-0.8625232654742081,0.3985726924733742,0.530204934951804,1.9620023480061983,60.8788579386923,0,1,2.1417010809687893,1.987971403577786,0.3246784194381009,0.3246784194381009,0.6493568388762018
1.2350478196589896,0.4035270889649969,1.921177927464471,1.6106445606540445,0.3330956844760653,-0.638864589613656,20.088469059737392,0,0,1.3139916954438082,1.9029909701413177,0.47312730210580584,0.47312730210580584,0.9462546042116117
0.4381775627313466,1.2445389113210685,-0.7111047720690737,-0.3438966602328645,0.2823494932045917,0.5513233891590249,51.67427792164227,0,1,1.6672534546551105,4.626424459338015,0.6494674902089557,0.6494674902089557,1.2989349804179113
-0.24743526207373304,0.9777161156389044,0.2600612935588417,1.1850513739330533,0.47341476115184034,0.625499394166895,67.68136460001699,0,1,0.9083315288953898,1.3964323597700734,0.4731943466679176,0.4731943466679176,0.9463886933358352
-0.5643536287541441,-0.9790833943625589,1.2832067864024082,-0.3425034090256441,0.4100006695383819,-0.2626269253357522,19.512731294713,0,0,0.30330388803630015,-0.697480433076777,-0.26037528337351773,-0.26037528337351773,-0.5207505667470355
-0.09142682725494551,-0.3207908996664469,-0.21096711778840316,1.3289095879923747,0.4069417443293208,-0.2920920493935396,61.03755579216426,0,0,-0.0829705959781799,1.0691901893129763,0.5023509614816544,0.5023509614816544,1.0047019229633087
0.23064420090251797,0.9735152663647999,1.6386324372560046,0.1004528078820629,0.28251834062551334,-0.9491836922175557,61.9318019405608,0,0,1.3119707706960977,1.4294014110066815,-0.005641656274967877,-0.005641656274967877,-0.011283312549935753
-0.8973714099916057,0.0597131976539703,0.05522296799405281,2.321951848085869,0.37400838641209355,-1.6317519457863638,30.63910905256637,0,0,0.9765171724168981,1.791472014030338,0.4047762721602128,0.4047762721602128,0.8095525443204256
-0.12344365652745522,-1.9590351878526706,-0.03621968599622006,-0.8679637768560954,0.7629478373347705,0.48049101835438135,74.51260901981216,0,1,0.3434086017024335,1.7472265661265423,0.1340631462970389,0.1340631462970389,0.2681262925940778
-0.163814954399902,0.8130881218284817,-1.0504328603922177,1.5810104615051903,0.3191503715066103,1.3338389071172227,43.049293054763744,0,1,1.79715235920703,2.1925209040420475,0.8932128359636632,0.8932128359636632,1.7864256719273264
-0.6548354018188107,0.19294519787916697,0.8174898515509292,0.26432331329498737,0.6215401522031996,0.5695995308661523,36.2864997971476,0,1,0.5310605284138059,0.809819177803568,0.03520688001385841,0.03520688001385841,0.07041376002771682
-0.2987018434168151,0.6269262829701484,-0.606922319858516,-0.5369710071794952,0.5189728461488935,-1.4677644956434734,25.637456535270957,1,0,0.6386167721532787,0.1630526545920874,0.028678129844121658,0.028678129844121658,0.057356259688243316
-2.0937804025520625,-0.5873774528447767,-0.4660071543058456,0.4781605587624572,0.624846061761859,-0.7503350307065075,113.33611139086226,0,0,-0.7616791748445042,2.5343827385200552,-0.20763109301289528,-0.20763109301289528,-0.41526218602579057
0.9105894297653134,0.915461359717591,0.6114421361404982,-0.3185127243638681,0.3878429989828721,-1.0491589834613824,36.78254503602738,0,0,1.6832540284136936,3.831649059786323,0.3100331602419927,0.3100331602419927,0.6200663204839854
-0.043384100364163763,0.4840530960835517,0.4337566886529988,0.21655851450220742,0.08909533603584215,1.3129183483912952,39.940519729633394,1,1,2.201744304415181,1.2501031904694009,0.27002363235616966,0.27002363235616966,0.5400472647123393
1.2974284697179548,-0.20142189483887646,1.27149320787766,0.036802835221929585,0.26517541901035085,-0.6526826389763704,24.26647501375831,0,0,0.5725512221451643,2.1583789690248336,0.36653387556540534,0.36653387556540534,0.7330677511308107
0.8363627815836976,-0.09913321296256208,-1.2343962197113896,0.9860524406593764,0.2990739777323161,0.5393621635302054,30.25323591130228,0,1,2.182498838106973,4.153208164774737,1.111460431842873,1.111460431842873,2.222920863685746
0.7771153038157026,-0.27018189583774727,0.21709715840570898,-0.3338740873354941,0.3963479588779072,-1.9159673033305051,102.71349037679488,0,0,0.7815977905354795,1.129136352230382,0.3546100643680541,0.3546100643680541,0.7092201287361082
0.01760419991388846,-3.0359759841983083,0.926746844773496,-0.804326084739543,0.2676372224617431,0.30266131529004986,83.2219976861467,0,0,0.01455770569524878,-0.5853761930809276,-0.0679667585182164,-0.0679667585182164,-0.1359335170364328
1.123415391634602,0.7857360357464434,-0.1851086100457327,0.17123971742528613,0.33173641048891844,0.252403788489611,39.0151881224612,0,0,2.387162936297707,4.504143065592747,0.6464866144869608,0.6464866144869608,1.2929732289739215
-0.2574824294287048,0.3372202529731604,1.8718806378034762,1.2740009667236543,0.4001600961322223,-1.1097698823119233,18.590133035101864,1,0,1.9004526336213419,0.6248429469249348,-0.15062706961827774,-0.15062706961827774,-0.3012541392365555
0.46448339789544846,0.44713325417005,-0.4691130640885695,-1.182357459727063,0.5055404359628918,0.6343455527907661,49.58461384113447,0,1,0.9837052782853734,1.5147677875222785,0.39910617812824556,0.39910617812824556,0.7982123562564911
0.20713142143674843,0.46502294196198224,-1.9038929844299544,-0.7288638896968381,0.5695309142534242,0.8435790584616107,9.41130472297871,0,1,2.4654548878739417,2.697581345887124,0.708970335010627,0.708970335010627,1.417940670021254
1.675379665317928,0.14003613779883803,2.586248359578843,-0.961184344100242,0.17154255605655766,-0.8770947752829441,51.349107951152746,0,0,-0.37943027532680995,2.6024785563695767,0.02594827179005712,0.02594827179005712,0.05189654358011424
-1.7434667390627065,0.38917276781725274,-1.3301719343779017,0.45235106776925604,0.21454922786615555,0.006389483978089874,47.44119876604752,0,0,1.3387240371461298,3.491208722263038,0.17439851613616927,0.17439851613616927,0.34879703227233855
0.6387870610939149,-0.26256503958448413,-0.03337309731011006,-1.2125373362914236,0.47549291466849364,-0.009470310523721234,19.962735672869304,0,0,1.1187420439234852,1.8689601087882104,0.1938274384616257,0.1938274384616257,0.3876548769232514
3.6817964154705356,-1.0099665911645728,-0.08912772907276438,0.3548883975910919,0.38922792361999053,1.62858330972679,31.7823694510122,1,1,3.5,6.953478533173588,1.380976306625357,1.380976306625357,2.761952613250714
0.5018839799654969,1.6881095301066271,-0.6380493387596096,0.38317523384796365,0.5885479825322488,-2.568411580816631,5.523099565145274,0,0,0.4317373241979512,4.0519444065266175,0.5486183952023471,0.5486183952023471,1.0972367904046942
-1.2864530151080815,0.882817566922897,0.6833742755494661,-0.11124075064556291,0.19032063287135667,-1.6444568491524814,6.458773227361705,0,0,1.1969901007408152,0.7086960474021455,-0.23624947185647227,-0.23624947185647227,-0.47249894371294454
0.6091985703973546,1.0326293640706197,-0.20478589351487353,-0.8779717308410946,0.28942920770047553,0.2461576280851265,32.09907245485665,1,0,0.851805270279758,1.6148921319755754,0.18813057488502027,0.18813057488502027,0.37626114977004055
2.271984450456922,0.46275502304941,0.2780000208595957,0.3253640593601385,0.2176351861964034,-0.40578126571168016,17.491246468051695,0,0,2.3809742451834386,5.141796993858221,0.9213287275365154,0.9213287275365154,1.8426574550730308
0.3375072708736311,0.03825330267524105,0.0646300294254275,-1.865113390372156,0.4408514751015923,1.0889845434011365,32.23508362269793,0,1,1.8046188687146367,1.5865104267239112,0.13875866507965245,0.13875866507965245,0.2775173301593049
0.0876741714357997,0.004319617791195532,0.3103833241535093,-1.0476556204967171,0.47697213336219085,0.15507726994795684,34.3353193277357,0,0,-0.007919789662967358,0.6324961510293428,-0.006786887008082956,-0.006786887008082956,-0.013573774016165913
1.0383560571874895,0.3691699133070338,0.843194180958279,1.112701954999321,0.3274745437472019,0.2869173362010198,23.059008052122465,0,0,3.5,3.7714286348970463,0.5669294376022251,0.5669294376022251,1.1338588752044503
0.5531794099016266,-1.196248969823402,-0.07146090220318556,-1.6860219338572655,0.24487164007214482,-0.543106648846434,70.84777994049327,0,0,0.5053426095352981,2.889738541541143,0.14835849154553382,0.14835849154553382,0.29671698309106764
-1.226986051303641,-1.4151147377660123,-0.4572261322614852,0.2827418203567991,0.5704149771290176,0.16022870680730514,61.77332419495339,0,0,0.4696516437851114,1.2823307933285517,0.01102758788576691,0.01102758788576691,0.02205517577153382
-0.5062335719820823,-0.16430208632670437,0.3677703067989709,0.6082234158459369,0.19467214140588518,0.4143012362003298,4.364781912482211,0,1,-0.28584334356025365,0.44685058040195147,0.34010403326409955,0.34010403326409955,0.6802080665281991
1.80330666999829,1.3332463195708943,-0.2322460611501941,0.08368324798284335,0.21899648026053292,-0.7027712036837447,51.93856703805931,0,0,3.24650285367112,4.739581937359489,0.8585238304269479,0.8585238304269479,1.7170476608538958
0.041680004379241256,-0.7436419163678896,-1.0105355719865692,-0.9144993465816449,0.09074301807657577,-0.30515750317944096,76.93121743208827,0,0,0.6199028366767022,1.5500481937830555,0.38760002034015856,0.38760002034015856,0.7752000406803171
-1.1706877308422527,-0.6928804441232429,-0.4598239974284532,-0.4843694368614843,0.22378728555860644,-3.101465948751069,19.789703475434756,1,0,-0.2502113127934024,-0.283290866839242,-0.16752673237070378,-0.16752673237070378,-0.33505346474140757
0.29344935030564206,1.2640425217925653,-2.070566492037987,-0.41236205565498724,0.4280383559680474,-0.39288654375985654,15.717672729749575,0,0,0.8665186905039179,2.5336953318023694,0.7007360708837079,0.7007360708837079,1.4014721417674159
0.5167885610395533,0.9018482749562138,0.9876435244824534,-1.152660045646137,0.06395720463699975,-0.532202722229991,54.93433495473091,1,0,-0.4703561371695315,0.02749136405993058,-0.09540931562424948,-0.09540931562424948,-0.19081863124849896
0.20739357318484503,0.016822865078699453,-1.733105494857277,-0.2426790691226467,0.34851150887334603,0.3595949151581582,100.24442232776104,0,1,1.1343220377636487,2.820453568214764,0.812028414788678,0.812028414788678,1.624056829577356
-0.4944704845773393,-0.17693490370600384,1.0428574985695718,-0.7054768989493521,0.3066015364272282,2.292646072716813,39.48179768331988,1,1,0.9473390946699296,0.30658270100495616,-0.20845059592037893,-0.20845059592037893,-0.41690119184075786
0.8478053157416084,-0.6291697568452573,1.9080702692539444,-0.13288052785290771,0.5576873519210557,-0.06209433963505088,22.6547859470805,0,0,0.6391300626429468,0.0941646244418427,-0.0001534303027941608,-0.0001534303027941608,-0.0003068606055883216
0.12121510804791297,0.16574359892440615,0.11449619412348387,1.004558763244335,0.2558461635712114,0.36480405497883855,51.72012276209602,1,1,1.183932726843241,1.8941721783726129,0.4881685656731388,0.4881685656731388,0.9763371313462776
-0.17536110697633475,1.1482734234830616,-0.43902882791804587,0.9430352120687481,0.1799180085885162,-0.10531925751818016,41.781567160508814,1,0,0.5800617204079737,2.8598502254171825,0.374051248299727,0.374051248299727,0.748102496599454
0.685852663360892,-0.48074871746470865,-1.172983815520401,0.27943086793832767,0.06601584426779818,-0.8263591959658044,54.50002138264742,1,0,-0.011897539121965561,1.8564853532320957,0.6845489387601654,0.6845489387601654,1.3690978775203309
-0.13694536499343163,-1.1321876888101565,0.7042084191870817,1.3073589697705654,0.39954293324535295,0.15283848005836445,31.35513965299462,0,0,0.8152612536814063,-1.9279454414528057,0.28616375616049833,0.28616375616049833,0.5723275123209967
-1.7350826473353647,-1.7795766848947843,0.2596644635104059,-0.0581480020954293,0.317667938814118,1.0755457036147247,20.434991598322174,1,1,0.6802271469727451,0.017385888195200372,-0.26965626891875694,-0.26965626891875694,-0.5393125378375139
1.1832373248727077,0.3478482320424831,-0.5415553115464204,-0.5955375134457772,0.5482100749635775,0.7315430341218994,44.751213269438395,0,1,1.6623318553996702,2.054675410188363,0.7116814490930724,0.7116814490930724,1.4233628981861448
-0.9989532104839719,-0.724177153717063,-1.240743415203216,-1.1631640723864172,0.4861206022639398,1.5924071036621144,19.80000642575999,0,1,1.7564820195991018,1.3329079034283542,0.16721817483629475,0.16721817483629475,0.3344363496725895
-1.1598985074525727,-0.7011202371411912,0.03775490216103022,1.3705322151292068,0.1525839611164319,-1.3586738854138667,33.20917013160955,0,0,-0.2703018948449769,1.1522442644871695,0.2169979874931665,0.2169979874931665,0.433995974986333
0.24564285769009342,1.698062954156655,1.9022908820143885,1.2035042860907137,0.3310579055505683,0.019181699799801596,75.49824150572559,0,0,0.3806179009022903,0.3779422833454793,0.12745288027425278,0.12745288027425278,0.25490576054850556
2.5240361344607454,-1.3839463499732032,0.8119087654922074,-0.9294729930144231,0.4365177424506494,-1.7085460481656434,52.028629836355705,0,0,1.6593789889993515,2.6645233338671654,0.5960407923099711,0.5960407923099711,1.1920815846199422
-0.17107084192516578,-0.07045561857541027,-0.8840310279326322,0.05555563136014255,0.5922407420587896,0.33871572300996056,36.59957060337675,0,0,1.0993784104003363,0.09116539536495716,0.3544492259568488,0.3544492259568488,0.7088984519136976
0.11096952748858137,0.2537264007615814,-1.2282805109235289,0.04997636817928492,0.3731460953345221,-1.3191329369492417,11.861958457259846,0,0,2.8107196079511354,3.0047061031802964,0.5607338634919652,0.5607338634919652,1.1214677269839304
1.3488135861628217,-0.021680838259474283,-0.04413561125761553,0.25056314519445044,0.1812769701800325,-1.929792690214461,125.63304820848825,1,0,0.8622410853565616,3.6215974008148453,0.5889725318940587,0.5889725318940587,1.1779450637881175
1.5521757879042801,1.4431667618538109,-0.7984730911611696,0.34740146251436077,0.3957022369724033,1.386657073828125,59.41947353868774,0,1,2.111010073595563,6.690353114162605,1.0778370270478637,1.0778370270478637,2.1556740540957273
-0.7247994200055761,-0.0237994984956954,0.4720617206736579,-0.5524218438825628,0.299607330268103,1.4405418019036256,53.76544319696657,0,1,1.6523350262438141,1.884131256167226,0.021860892687027955,0.021860892687027955,0.04372178537405591
0.878097772903647,0.6928348115391282,2.0673880000903573,-0.6332369577288505,0.09476566804534088,-0.6187599963683279,67.29661624217954,0,0,0.8693059663988567,1.0025384520211675,-0.005684396328932292,-0.005684396328932292,-0.011368792657864585
-0.885852439228588,0.006004879714674654,-0.7138092379343521,0.594416625422693,0.16752837600381443,1.3374154071973283,87.13623367335369,0,1,2.20688629189669,2.5604578411809022,0.47578753169672217,0.47578753169672217,0.9515750633934443
0.3053206175479278,0.21420969441939336,-0.40787452368578797,-0.6350185702781016,0.17251525079749577,-0.5194304693781411,29.641585036985564,1,0,1.4988697637780635,2.5269494007540763,0.21951516528283593,0.21951516528283593,0.43903033056567187
-0.44704120560203503,2.448096365141687,0.13166273405837348,0.5931750999224925,0.2302961982750027,0.27402638415744157,93.23887138530766,0,0,0.8874959524946453,2.8584336825980925,0.23736309133863603,0.23736309133863603,0.47472618267727207
-0.048116235305817406,-0.6779525295297213,-0.6324191070704736,0.4153619872180837,0.35608916295021875,0.3151984050216877,52.395126216856276,0,0,0.8332291396875975,1.038918833755198,0.45496341626107795,0.45496341626107795,0.9099268325221559
-1.0420751989592871,0.3486618355043867,-0.3634621298005196,0.6567828669427043,0.6329001645085104,1.2105051329886622,21.687758050335894,0,1,1.7325048373318304,2.643546695587696,0.25450548941515816,0.25450548941515816,0.5090109788303163
1.6006085616591375,0.3103745763304561,-0.08273988329515765,0.3870774841776801,0.5795677770097175,-0.7024488171528089,89.41025136057962,0,0,2.1502842423311366,3.944104236259025,0.7369508522591435,0.7369508522591435,1.473901704518287
0.42516133957819596,1.365569166489983,-0.08096126681411246,0.7029215327725618,0.021591035735868343,0.9735802736991869,46.40957777979658,0,1,2.698537736180611,5.18309434703828,0.7582006811034523,0.7582006811034523,1.5164013622069046
0.16031498177064205,1.3138135901054304,0.29229694675984796,0.854733055483428,0.49441597392683095,-0.9567727005312383,34.06064012428222,0,0,2.2034138673540866,3.112199327623593,0.35577498285319087,0.35577498285319087,0.7115499657063817
0.23975707043394517,1.2290133271138308,0.03403208053927855,0.015120623291332305,0.23571190890412244,-0.09192178748428363,190.80356194368179,1,0,1.9640856859927385,1.6273373719244304,0.20579577605831384,0.20579577605831384,0.4115915521166277
-0.17011083460517729,1.7053518791738072,-0.7851730830083625,-0.1757519686637097,0.03840867939840562,0.7382643137533361,45.85841551362681,0,1,2.765277530658307,3.7239850117900444,0.5842536071573051,0.5842536071573051,1.1685072143146102
-0.34627317876525815,0.21182882359332358,-1.0885539908991393,-0.22575895159805565,0.29158687982184844,-1.0741092165904045,90.87280188386782,0,0,1.2702721853136256,2.7350271345878383,0.3719079254986447,0.3719079254986447,0.7438158509972894
-0.11710661575952715,-1.8093051239829183,1.2425324020240556,-0.3134216401812367,0.34653832201729,0.4090262040738051,41.26318823793931,0,1,0.5315645276164502,-0.23533737146603362,0.054267926625268026,0.054267926625268026,0.10853585325053605
-2.018999559681372,-0.41853459944300375,0.7449151705207242,0.5816317133169018,0.19291636069783408,-0.06042040114273713,30.188012103930824,0,0,0.9453800695944471,0.19260681394925502,-0.33080743239578136,-0.33080743239578136,-0.6616148647915627
0.07919558458218236,-0.4327218884894558,0.08556702169084933,0.5388049414710328,0.13209929240747212,0.3361685433276342,33.16847271992533,1,0,0.14758485040946545,1.9738112527613794,0.2686310781980168,0.2686310781980168,0.5372621563960336
-0.015344605220083745,1.449902554726581,0.6088185545938527,0.007337018657246015,0.17204983268528756,-0.19213356458739628,21.906876415789622,0,0,1.4188744578712262,2.274163769095162,0.16179213204156423,0.16179213204156423,0.32358426408312846
-0.8049764948650381,-2.04400206281979,-1.4527485499937296,0.8700053097589752,0.30799616625527776,-2.2204404146308034,32.98426353045005,1,0,-0.4201800535154781,-0.5109356345490884,0.37689313829175863,0.37689313829175863,0.7537862765835173
0.5579838476956309,-0.8029447895632426,-0.021812611868282032,-2.629892370722661,0.30663283020433857,-0.13271799249722538,43.647735785692525,1,0,1.6297597943321938,0.25188532221871657,-0.1859382540133215,-0.1859382540133215,-0.371876508026643
0.8730141349420267,0.5936656798276387,-0.21753116756490043,1.399194053369055,0.055101422886678464,-0.9167633230435176,37.24605348337137,0,0,1.8888265769851074,3.9174296483516367,0.8709314027616728,0.8709314027616728,1.7418628055233456
0.20192348647374245,0.17236554603900073,0.8552248512821264,0.5532211228132962,0.26161560653090465,-0.053970149063220174,76.98290133078079,0,0,1.7866528015699052,2.2886932694933977,0.24518116546955632,0.24518116546955632,0.49036233093911263
-0.4757259437015512,0.6474069105038632,-1.9161682721858786,1.362960061079966,0.3073453122889947,-0.49345188662380024,14.851289102087216,0,0,3.0714170583320786,4.335459287926545,0.7999236916894942,0.7999236916894942,1.5998473833789884
-1.1274691545382582,0.5994417075700933,0.4513149298725761,-1.4347485471832868,0.3445517855108113,0.8300260652729385,31.26233890073293,0,1,1.1158689241360111,1.0308256057701284,-0.2559278148582653,-0.2559278148582653,-0.5118556297165306
-0.8550627440545772,-1.5774910802339408,0.1783620535028725,-1.2284977157779882,0.61988556543884,0.06695103769049175,34.72326414898766,1,0,-0.478328127838496,0.4056322261971085,-0.448559344651273,-0.448559344651273,-0.897118689302546
0.055564032011034506,-1.2826411495645018,-0.4336129168561905,0.16055897845755615,0.22247903776031172,0.07219915287673281,20.4803884392926,1,0,0.20039724338218212,0.5452957430573897,0.2864584177313369,0.2864584177313369,0.5729168354626738
-1.160675623406227,-2.0597837320857795,-0.5765710792330904,2.214207255495724,0.12912922180898115,0.07437120975273709,44.361806021796184,0,0,-0.470733639460134,-0.307824271467967,0.5094227556326112,0.5094227556326112,1.0188455112652224
0.8398674152250684,-0.0876092574797438,-1.1273783382948637,1.0909175810425036,0.4816219099955235,0.47316247197608857,53.42882258635206,0,1,2.0065596848981446,4.755923041958774,1.0639620168766142,1.0639620168766142,2.1279240337532284
-0.2992861419427371,-0.17157393407876045,0.36810556870417094,2.1208076548498425,0.32259632024970636,-2.130432280688066,15.967806094165578,0,0,-0.9053718082384743,1.0903305668637184,0.4795389161541581,0.4795389161541581,0.9590778323083162
-1.3821251935138605,-1.0137712916972006,-0.8473893662661609,-1.368632972132441,0.6856630196607855,-1.6581261246295718,61.449705498526484,0,0,0.14704950535322053,0.24006623611857308,-0.27148245330775345,-0.27148245330775345,-0.5429649066155069
0.4664444581565563,0.4013264978962924,-1.7569477308418888,-0.3927794207217,0.615512179738739,1.7724473789513948,90.7733198436734,0,1,2.2127980059692884,4.5852091284439656,0.7987097302018481,0.7987097302018481,1.5974194604036962
0.6429059561304071,1.912937310205959,-0.02444007352400982,-0.6809989124671543,0.17241220717113262,0.46262870800865585,51.54915557279468,0,1,1.7510275511455031,2.9568718573416284,0.5214317499266367,0.5214317499266367,1.0428634998532733
-0.0254045030352831,-0.033823617613806894,-0.24177843272023763,-0.06647377085306103,0.5343996764213325,0.7626358091597719,95.96997778816342,0,1,2.140856369019928,1.2762698732806839,0.4058567932539023,0.4058567932539023,0.8117135865078046
-0.6076978347054479,-2.2042443173507213,-0.21471893332386538,0.16687031348037273,0.30304574013601604,-0.0647185640601629,47.98711386857474,1,0,-0.12127436057863006,-0.4892998875533533,0.03438845040754823,0.03438845040754823,0.06877690081509646
1.286100446530362,-0.18812624126693236,0.5715412387362624,-1.022209832625327,0.37688486546655375,0.9048856292762055,49.21924950278428,0,1,1.984972835971739,4.070911855195339,0.459918914921992,0.459918914921992,0.919837829843984
1.8063473869731734,0.5289864483115791,-1.0193888905031314,0.6398230345581535,0.5331637826257658,0.841500407175669,63.94901865787652,1,1,2.5439001021013192,4.844591602745148,1.0772516626534614,1.0772516626534614,2.154503325306923
-0.6166648685619617,-0.4234800371651141,-0.8270662924632116,1.3650448289780093,0.7084457239207177,0.4798856210264891,29.689390908763325,0,1,0.9019159851406815,1.8807035524295395,0.5849695166196267,0.5849695166196267,1.1699390332392534
-0.3378532949051299,-2.1737461285832143,0.38047756168115904,-0.77135567888929,0.29493788118820596,0.7556224381991469,20.8751852581273,0,1,-0.815880685019802,-0.9830225270226874,0.11206690017146703,0.11206690017146703,0.22413380034293406
-0.9817017295100531,1.7906194360804777,2.493771960327059,0.39849732958313044,0.3397466038839025,-0.9290441897951491,69.49884155748455,1,0,1.4573131233894527,0.3506909129481512,-0.633315981141941,-0.633315981141941,-1.266631962283882
-3.286271777959143,0.4727343082569068,1.0730447017797333,1.2044324667044606,0.27060482279647763,-1.8609940186399856,49.78716915517974,1,0,-0.5662263308668327,0.07009365166077788,-0.8043732456844531,-0.8043732456844531,-1.6087464913689062
-1.8454450336215482,-0.5147980583393706,1.0521142464285902,0.20583051129346774,0.18014048937268506,-1.3728740324836264,42.73551285163965,0,0,-0.6863082703857357,0.3561574421052008,-0.41437396904494356,-0.41437396904494356,-0.8287479380898871
0.35308464748616,-0.15786792219283918,-0.3024029596170507,0.04629807843926433,0.4990720016001194,0.47474823436020147,44.695143389848084,0,1,0.883838818710097,1.9933325964736157,0.5539487261469149,0.5539487261469149,1.1078974522938299
-1.1149461536701801,0.6410064411149539,-0.4713100286549794,2.458967443416148,0.3830106553093601,-0.5396675203340657,18.493262843708287,0,0,0.841051030672179,2.9831940811549598,0.4821948658171053,0.4821948658171053,0.9643897316342106
0.34511952263342455,-0.21480329744722998,-0.03447883004401982,-0.028463960822415747,0.05701536004014082,0.3675755631694451,47.79446701434067,0,1,1.3397857564014095,3.1073581880795467,0.5854116095893747,0.5854116095893747,1.1708232191787493
-1.5140294196811197,0.9133421410915216,-0.7947381479987368,-0.6888565395358446,0.11199009025337908,-0.09822490028833972,47.87893588177921,0,0,1.832968788741161,0.48936215387315574,-0.05995764372825446,-0.05995764372825446,-0.11991528745650892
-0.14253781046269948,1.5988436317596133,-0.04386250844962379,0.06813159697006364,0.41357390078834805,0.160507563364516,80.43641881546111,0,0,1.1732236151747815,2.1766714779890717,0.22274511619476933,0.22274511619476933,0.44549023238953867
0.48426900039772397,1.5449473433359486,2.1384338685604116,-0.12072452261989385,0.4281153017637586,-0.5347513413010337,71.00802722997554,0,0,0.9645312898649216,1.65809012406989,-0.11933821746681077,-0.11933821746681077,-0.23867643493362153
0.6151122113137071,-0.10633606013681837,-1.6091576862931922,-0.9412596552744461,0.2757954818262133,-0.9105399412229498,54.283371795214045,0,0,3.5,2.703220729442556,0.6306284565646487,0.6306284565646487,1.2612569131292974
-0.21302686975230342,0.6707448117554159,0.7478515531178718,0.4929688728665813,0.10358919615794979,-0.2112357537353549,37.793042405840055,0,0,0.2026791919725579,2.0402969011144014,0.17969812482149997,0.17969812482149997,0.35939624964299993
0.6940209167642721,-0.6471613719323766,1.2004834653748637,-0.8333036234330189,0.22035923443660793,0.05489592262249431,45.907378902511134,0,0,0.9386127304208809,1.2233310021722563,0.0673386258287969,0.0673386258287969,0.1346772516575938
-0.5119068112394132,1.471652624350366,-0.7798789987788163,-0.09073525048639619,0.12764056286488545,0.6880012501941869,23.786489673218384,1,1,1.5874026335569362,0.7507932977817409,0.3412733924091801,0.3412733924091801,0.6825467848183602
-0.48970106205332037,-1.548052702854733,-0.3054046980300796,0.458278624746436,0.4882273394052576,0.6248804439132896,45.98580376127907,0,1,1.2448373788045748,1.545626691049968,0.3953883271887845,0.3953883271887845,0.790776654377569
-0.1253801374069471,-0.0177660018354353,0.9743195080494341,-1.301821247200853,0.3290405965076565,0.45365916434132236,18.08976019057026,1,1,1.1272435251716502,-0.09659320954233563,-0.20275429790281174,-0.20275429790281174,-0.4055085958056235
0.34795606932441436,-0.39712716712393453,1.5421657420286794,1.2209583320708486,0.09650879558111608,-0.3907432547725331,29.23057461351342,0,0,-0.3687638631460337,1.0476158121905768,0.29476162499781144,0.29476162499781144,0.5895232499956229
-0.6628853043726355,-0.0701672817084031,-0.9721692492399133,0.16736195361011588,0.3654484222865134,0.46558850973133525,64.56305812587921,1,1,1.5682021719211836,1.7548829040586504,0.33068687990950063,0.33068687990950063,0.6613737598190013
-1.6152379906184549,0.41026469130302606,0.035454928526720504,0.2625877486113866,0.09863991303057168,-0.6658501974975508,45.320889969641634,0,0,-0.21504528118350041,0.24069731286654295,-0.0964745060263335,-0.0964745060263335,-0.192949012052667
0.5766730881066477,0.610978247132117,-1.6198714378025842,1.4595719353485594,0.2771456458186558,0.6153322886542737,75.42872790717705,0,1,2.8679550383560732,6.9199941537174885,1.2140481743526932,1.2140481743526932,2.4280963487053864
0.32882645786970754,-0.4814618616227545,-1.0340129672432232,0.22664698878669826,0.48516477163963023,-1.3094797317560616,41.17460909504436,0,0,2.2505761706912817,3.2723036227646283,0.5839111737851216,0.5839111737851216,1.1678223475702432
0.1923351083136528,-0.6971226906567138,-0.6809756019703515,-0.03600922274410732,0.1288615510528527,0.2424515843806891,78.03406484294759,1,0,1.9180890801099864,2.3593142097939817,0.36626003041467614,0.36626003041467614,0.7325200608293523
-0.6926464847567332,-0.6574716297388783,0.5111146824916846,-0.5140294953545109,0.05606057299823239,-0.9905251473187956,42.34575841308274,0,0,0.5083162800869991,-0.19549753615711307,-0.07236609256344362,-0.07236609256344362,-0.14473218512688724
-0.6986810760514778,-0.6728353629701261,-1.5768718379248998,-0.2466983052821472,0.12436727339318736,0.018095558334010522,35.70852177942086,1,0,2.0616502024120806,1.2277947555570667,0.27702726248391274,0.27702726248391274,0.5540545249678255
1.5462759808804603,-0.22071742283705717,0.5303825048577498,-0.9031581766974869,0.8229019467053145,1.675470069087508,43.01762096386122,0,1,2.09573242577451,1.9506141878618073,0.45620818456300094,0.45620818456300094,0.9124163691260019
0.7723076189625349,0.8438462356713975,1.203123676620486,1.0682188152186427,0.6548727380267387,-0.935457895683127,51.7246789272139,1,0,0.9721053408272364,2.4275531141555047,0.1866688540659412,0.1866688540659412,0.3733377081318824
-0.7327427008191518,0.1811930880447464,0.6848929482607302,0.5123890716409089,0.5304528202765773,-1.7937232088353228,18.70492564473985,1,0,0.1791395174015894,0.47184926128452387,-0.1909230488177381,-0.1909230488177381,-0.3818460976354762
1.0303320825144677,1.8959958625931468,-0.04752358674673088,1.12914591262779,0.3733722342041361,1.0869119126531395,36.175310175211976,1,1,1.8242428152683914,4.430759598413008,0.7725851002523413,0.7725851002523413,1.5451702005046826
1.139362767675246,0.6241902597445022,2.093370173926675,0.2748388614116779,0.01890899732353588,0.5395995567337866,40.95888235246677,0,1,0.8898548806300124,3.6204083893392407,0.40341297238165374,0.40341297238165374,0.8068259447633075
2.2726760557740877,-1.1535321446079492,-0.9188896628572861,-1.7348701980054033,0.41518010639590375,0.2082096784177754,51.80753866470191,0,0,2.3878370096412507,2.8581642722095344,0.7665851602693581,0.7665851602693581,1.5331703205387162
1.1140387034753518,-0.38806325183663276,2.611400179120138,-0.07756345753900218,0.41174481272732893,-0.24957234781246626,20.575112179537104,0,0,0.4334873271639204,0.6887652998609628,-0.03535737984491115,-0.03535737984491115,-0.0707147596898223
-1.357707626172752,1.3912729995588817,-0.13245912198780113,1.6147280827410104,0.4449712998110284,-0.6854587000072864,33.4048158858477,0,0,0.6531764200786003,2.652920406700501,0.17284081444768074,0.17284081444768074,0.34568162889536147
-0.15753738485102464,-1.1186937331312785,-1.1011608349365332,0.20737382595257903,0.24912220079672653,-0.011658938245340216,49.893926422078174,0,0,0.22857480156803311,1.3368603652050022,0.5156828764080003,0.5156828764080003,1.0313657528160005
0.6854274269836483,0.6280964376051303,-1.7892233473231605,0.7249346886962593,0.6920524205311525,-0.6665846354874214,37.49713199971599,0,0,1.208146801296646,4.599831980268328,0.8899444790043668,0.8899444790043668,1.7798889580087336
-1.1951698129289263,1.1657360211862626,0.8253462850111537,0.09929294623004666,0.29720689887941676,0.9355640611758327,138.50093478097753,0,1,0.6641935265610154,1.3415063012657338,-0.0696806557322048,-0.0696806557322048,-0.1393613114644096
-0.031922878386595785,-0.8137242699289746,0.40278237350309054,0.8776899975731636,0.5346265472512455,0.4124539309430321,29.6839034591833,0,1,0.8292157953996153,2.2195155098512647,0.43212330010394384,0.43212330010394384,0.8642466002078877
0.023536593661334263,-0.09568056275602727,0.20582830005822553,0.47812703675515006,0.45825478927295804,-1.0986961233300159,94.24195230914727,0,0,1.3655408044839277,1.17286684655187,0.27738973740278106,0.27738973740278106,0.5547794748055621
-0.13493213188107814,-0.2220886916146784,-1.6845783597426904,0.7328432330358049,0.5215223038117528,1.5663902735975914,44.4689209985845,0,1,0.9920012005843399,3.148082447942883,0.8395726712483143,0.8395726712483143,1.6791453424966285
-0.021524260947367296,1.7830641577639506,-0.9429302952959675,0.2581826821624743,0.45189631398948793,0.45830070793201483,69.52598747706904,0,1,3.115879236943862,4.306360917840896,0.6394356393316184,0.6394356393316184,1.2788712786632368
-1.1787432744209334,-0.41292990359144777,0.4900255594066884,-1.6789872769833258,0.2176179247161182,-1.8937457747837538,70.82135393876555,0,0,-0.5688631378972596,0.5617573706709014,-0.45229975169619985,-0.45229975169619985,-0.9045995033923997
0.4206488847254745,-1.453142569051818,1.246558109963407,-0.01121766538971998,0.011020244255899396,0.5974636769666806,67.34458818491136,0,1,-0.970655767650243,-0.26408164415541313,0.33887486513961784,0.33887486513961784,0.6777497302792357
-0.8231571082579482,0.331442660656076,1.1835406338061218,-0.7987492588329864,0.45078350942535783,-0.4051214100432738,42.41437383728761,0,0,-1.0121805276119327,2.0877808673171394,-0.4028258386015957,-0.4028258386015957,-0.8056516772031914
0.3210855017743862,-0.33664768344557733,-1.3423771815948347,0.7316307546518446,0.5731834640040727,-0.27754897442422044,62.697147827666896,0,0,1.5733205407974615,4.488605624672917,0.7193564249240465,0.7193564249240465,1.438712849848093
0.3669522975082827,1.3533271722085363,-0.8493592476916281,-2.5607275223141515,0.676539147076837,-0.9019572546580192,26.256053579333184,1,0,0.09349120922574627,1.687074698563933,-0.13369467152051082,-0.13369467152051082,-0.26738934304102163
-0.4117149534051294,-0.5266152694966166,2.587795350384942,-2.6933622722509063,0.07962163276543914,0.9326861167847628,26.72257281363938,0,1,-0.3132181747077073,0.6966127758230788,-0.6885095649069919,-0.6885095649069919,-1.3770191298139838
-0.050281536303120294,0.5467145225738854,-0.8631597963961701,-0.3340169826721013,0.0959525288081115,-1.1933061401154654,36.23712207888986,0,0,1.6174854058008798,1.835330381796554,0.4326646612473588,0.4326646612473588,0.8653293224947176
1.9323039435004197,1.6677622369320622,-0.929695243753942,1.8148204966486863,0.6711129351713523,-0.48918166148063363,23.248011443658225,0,0,1.245276390566133,4.760746163562007,1.2511786427616238,1.2511786427616238,2.5023572855232477
-0.2507827867053626,-0.5672491817691014,-0.13728943514887315,0.6287144859322085,0.484799224002808,0.3859355254539073,6.110768826357708,0,1,0.8638255147966984,0.30625484221834154,0.45680128916237417,0.45680128916237417,0.9136025783247483
0.6686076649039403,-1.127177655953538,0.20519781237411058,0.7260395570463151,0.10828492372877521,0.019823485135730165,35.51266981860286,0,0,0.8265072600073105,1.587041646754059,0.5867653660242297,0.5867653660242297,1.1735307320484594
-0.6852107001068061,0.16600078169058757,-0.7372796151800108,-0.5244404597480731,0.49730747116555973,0.25461120120462943,12.511468635945088,0,0,1.9167186154376976,1.2764103544325653,0.09658944347530922,0.09658944347530922,0.19317888695061844
-0.7070233781736875,2.262999573232623,0.7236015713756866,-0.1605795713871032,0.3219917074708112,1.7704643214598301,78.247628600005,0,1,1.3289707426655795,2.017941909216575,0.03665877576604319,0.03665877576604319,0.07331755153208638
-0.39566070184570096,-0.8477803813451925,1.99301795319715,1.2934087729695016,0.6075726460436862,-0.3769871151098577,27.838740558365043,0,0,-0.010743139161276935,0.34961639943647066,-0.12225280213614367,-0.12225280213614367,-0.24450560427228735
-0.09505867251392734,0.19349453337930161,-0.04329956624958123,0.9649351083275067,0.5778456829518331,0.7797475906346977,50.123141979391725,0,1,1.1338149249534328,1.6023852592357148,0.5179148318615195,0.5179148318615195,1.035829663723039
-0.38215114274207673,-0.15607987732031472,0.2904227494628118,-0.37560507849255026,0.2279663842904155,0.9260334999772929,25.354141515589717,0,1,1.0146271374072473,2.0803230181633285,0.20678382879204119,0.20678382879204119,0.41356765758408237
-1.2751186773639398,0.10015894696193803,-0.024770723184315297,1.1238717953647808,0.09767927439209666,-2.5947521736512296,8.186330544177553,0,0,0.342105322281121,0.5227035263457036,0.1672702267502036,0.1672702267502036,0.3345404535004072
0.5822000718822341,-0.7904072792920602,0.7083546219744034,-0.5403769720555569,0.4111612980423062,-0.26953382352101607,46.67170918811027,0,0,-0.0772612532180923,1.033821743828849,0.15123143679250317,0.15123143679250317,0.30246287358500634
0.3242254298945655,-1.0839273817036512,0.2245945875493459,-0.25137064133816767,0.4974305952213243,-1.5324650450103166,55.3233731440182,0,0,0.1565780397090236,1.4710971862135813,0.21674225281563428,0.21674225281563428,0.43348450563126856
-0.05452245291617996,1.5063808755677854,-0.5182135759394385,0.5495746789234678,0.1500319170643375,-0.9394661575025498,33.05532985210966,0,0,1.9563498958352419,3.7309324142763116,0.5016564820009294,0.5016564820009294,1.0033129640018588
0.051982090792086016,0.30471326844641,1.8585061620790362,-0.5795234254243712,0.1481001224409557,-0.3462430318257492,13.734775345010394,1,0,1.342773230954054,-0.2202261036953141,-0.3341746161978201,-0.3341746161978201,-0.6683492323956401
0.5141415562931162,0.8207824948659941,-0.13590969074577153,1.3048126892416672,0.27029081734597243,1.5069826149178585,27.63656142621612,0,1,1.8675988256354557,3.703805809289524,0.843856255626609,0.843856255626609,1.687712511253218
-0.7393319259622705,-1.1522835124848398,0.4926369868940147,0.35502022862473576,0.14203539514752483,0.2132498904062078,18.097760910342938,0,0,0.026442384482568415,-0.03668405044374734,0.054422069930927526,0.054422069930927526,0.10884413986185505
-1.3124681188747849,-0.3966487138030344,-1.817280352028404,-1.001963485479774,0.04953839722679185,-1.7228038103991783,31.718864654440615,0,0,0.672435204962133,0.09177952590326643,0.18006796144051973,0.18006796144051973,0.36013592288103946
-0.338976327736756,-1.045113231136822,1.997228152781624,0.5734842395559925,0.07575769135731944,-0.12335221970050125,56.75558092551802,0,0,0.8785813692805106,1.4622708660332282,-0.10925824818392699,-0.10925824818392699,-0.21851649636785397
1.202843922560292,0.12821649618945027,-0.4159762030236393,-0.5077330579801352,0.3282590328086473,-2.028251364808925,31.43028357211304,0,0,1.0945633788318927,3.1497462714395734,0.5981369446715828,0.5981369446715828,1.1962738893431657
1.0015369475123055,0.4309969437961099,-1.111156355629751,2.147833163861433,0.16730775378509433,0.5584823441796299,32.94906004255742,0,1,1.8949717282648808,5.687936452599845,1.371340852128626,1.371340852128626,2.742681704257252
0.48538591180001744,0.639006878954445,-0.3705764265088615,1.1287006015970351,0.12877653065258346,0.3505213672974699,21.364264528240856,0,1,2.7740563919614525,4.070499526518315,0.8896946100668008,0.8896946100668008,1.7793892201336017
0.5090383403327284,-2.629319805932693,1.0241758709250077,-0.6039354311034777,0.30966011815801864,-0.7367534421293237,78.44129661003683,0,0,0.2504445083355168,0.08937840129989799,0.0741852377331119,0.0741852377331119,0.1483704754662238
-0.3277975254794493,0.09684569497884628,-0.5109448969297881,1.7843588495265208,0.10993656966289049,-1.094003678178971,33.017253246451965,1,0,0.8826013982506838,1.099625435183431,0.5154243863859876,0.5154243863859876,1.0308487727719753
-0.6095349805146902,0.26347880917927535,-1.23543012628685,2.092835428021714,0.23860640282875048,-1.018192432781242,44.06464905744027,0,0,-0.4819304178013768,1.8453148738431953,0.7605696736040022,0.7605696736040022,1.5211393472080044
