unit_id,x00,x01,x02,x03,x04,x05,x06,x07,x08,x09,x10,x11,segment,channel,tenure_band,true_m,true_g,treatment,outcome
0,0.30471707975443135,-1.0399841062404955,0.7504511958064572,0.9405647163912139,-1.9510351886538364,-1.302179506862318,0.12784040316728537,-0.3162425923435822,-0.016801157504288795,-0.85304392757358,0.8793979748628286,0.7777919354289483,high,paid,new,0.5265106117065277,-0.3054445511846871,0.9919770390430729,0.37786355042345454
1,0.06603069756121605,1.1272412069680329,0.4675093422520456,-0.8592924628832382,0.36875078408249884,-0.9588826008289989,0.8784503013072725,-0.049925910986252896,-0.18486236354526056,-0.6809295444039414,1.2225413386740303,-0.15452948206880215,mid,paid,loyal,-0.05918893841255113,0.9338444602235348,-0.7688977308577464,1.1135301442365155
2,-0.4283278221631072,-0.3521335504882296,0.5323091855533487,0.36544406436407834,0.4127326115959884,0.43082100300788273,2.1416476008704612,-0.4064150163846156,-0.5122427290715373,-0.8137727282478777,0.6159794225754956,1.1289722927208916,mid,organic,growing,-0.14075362215787302,0.8118788345655192,-0.6050663596973097,0.2691050660256411
3,-0.11394745765487507,-0.840156476962528,-0.8244812156912396,0.6505927878247011,0.7432541712034423,0.543154268305195,-0.6655097072886943,0.23216132306671977,0.11668580914072822,0.21868859672901295,0.8714287779481898,0.22359554877468227,mid,organic,growing,0.4883973967471298,1.3513659665575701,1.16809049939467,3.1332824548657183
4,0.6789135630718949,0.06757906948889146,0.28911939868998415,0.6312882258385404,-1.4571558198556664,-0.31967121635730134,-0.4703726542927955,-0.6388778482433419,-0.27514225122668373,1.4949413112343959,-0.8658311156932432,0.9682783545914808,mid,organic,mature,0.4346838708194698,0.04475182276983717,1.8115920236259122,3.2837170297283587
5,-1.6828697716158048,-0.33488502998577485,0.1627530651050056,0.5862223313592781,0.711226579792855,0.7933472351999252,-0.3487250722484376,-0.46235179266456716,0.8579758812571538,-0.1913043248816149,-1.2756863233379219,-1.1332872140034806,low,paid,growing,-1.1228099902293773,-0.24938614478542576,-2.934481888209876,-3.395505979152966
6,-0.9194522860016113,0.49716074405376404,0.14242573607056525,0.6904853540677682,-0.42725264633653426,0.15853969107671423,0.6255903939673367,-0.3093465397202384,0.45677523755741145,-0.6619259410666513,-0.3630538465650718,-0.3817378939983291,mid,organic,mature,-0.5370505630265688,0.345755967768389,1.103010675342726,2.073344324844778
7,-1.1958396455890397,0.4869724807855818,-0.46940234020272387,0.01249411872768743,0.48074665890590895,0.4465311760299441,0.6653851089727862,-0.09848548450942361,-0.42329831204415375,-0.07971821090639905,-1.6873344339580298,-1.4471124724230873,low,organic,mature,-0.29577056031740206,0.35482953394844013,0.8683891155907693,1.2951503306714434
8,-1.3226996123544024,-0.9972468276014818,0.3997742267234366,-0.9054790553600608,-0.3781625540393897,1.2992282977860654,-0.35626397106142593,0.7375155684670865,-0.933617680009877,-0.20543755786763002,-0.9500220549105812,-0.3390330759005625,low,paid,new,-0.8433003150141904,0.7441431787188244,-0.6441818148481574,1.890370973650749
9,0.8403081374573955,-1.7273204231923487,0.43442364354585733,0.2377356023322779,-0.5941499556967944,-1.4460578543884546,0.07212950771386951,-0.5294927090638024,0.23267621135470395,0.02185214552344288,1.6017788913209154,-0.23935562747302427,high,organic,new,2.2004849100593122,0.3262091960523322,1.959768286701314,2.1401071479000264
10,-1.023497492621865,0.17927563495631615,0.21999668397176517,1.3591875752404365,0.8351112459145785,0.35687105914950934,1.4633028912195618,-1.188763054322851,-0.6397515327497477,-0.9265759414055249,-0.38980980315576796,-1.3766861475563088,low,organic,mature,-0.5571910701559722,0.635368884271939,-0.1667576209368291,1.1645558160481413
11,0.6351509468144043,-0.22222269709877338,-1.4708062945026579,-1.0155790812075416,0.3135138474501953,0.8381265678943811,1.9967308916917865,2.9138624660073296,0.4144094332759964,-0.9895381200318641,-2.132046280731309,0.2677114623438358,mid,organic,growing,1.8305988042684875,1.3011134490762717,1.1900334436095172,2.7642977593963174
12,-0.812941095310326,-0.41535726017968533,-0.6120967990598081,-0.14079088641638526,1.0659802307876436,0.15704856744534462,-0.1586348370386883,-1.0356537528258116,-1.674682944704357,-0.4863079090733309,-0.05378255081832049,1.767929913579883,low,partner,growing,-0.22931049879215018,0.8552702829489296,-0.4070055187388202,0.7808767360516344
13,0.13027452147288585,0.9827395110230576,-0.49929559853915206,-1.1849437664170246,-0.9651167622323719,-0.7252260645357532,2.1284697324351645,-0.8213866792243861,0.838489203736345,-0.9029271780870264,0.9315730128742441,0.38495096610586316,mid,paid,loyal,-0.005952124198991715,1.3764220495521613,-1.480979075637971,0.6845725695930718
14,-0.1566378976580904,-0.040762526135434025,-0.6547876954293904,0.44607220148208054,-0.45498348034078,-1.2256057637672482,-1.2779375743196193,0.17258791772211948,1.579091256410435,0.15999161357343825,-0.11863832610988256,0.2858261396025429,mid,paid,growing,0.5971857948307322,1.372346372387332,-1.1443371622376284,-0.42687036549037677
15,1.3060017417068248,0.21938250136385634,-0.41092723083373717,1.1062887100598888,0.4287564384616135,1.535755991995992,0.18323443722190613,-1.2244690317205003,-1.368159199245665,1.6509279322312496,1.723665720783297,-0.17951921328260065,high,partner,growing,1.4436599732601554,0.4385431896001948,3.7759666079660392,5.94913612208971
16,-0.38318732113598775,1.4614442922422022,-1.107045682043488,-0.8947270189558264,0.6433267946890444,-0.3946051228595896,-0.005121866720071296,-0.16344289852451258,0.33757454879893356,1.4074818613137168,0.09058490690174555,0.6439387932768579,mid,paid,loyal,1.0677858863372822,0.6997442413083882,1.1308611047455701,2.435420957987402
17,-2.0501721010310225,-0.04871840193011795,-0.8432302702928711,-1.218813060423628,-0.8781523669287508,-0.33412344070081207,0.9159025423560131,-1.326392717739564,0.030631492594417446,-0.4841694333335785,-0.32767309436196085,1.0027578253046041,low,organic,growing,-0.45159584406987363,-0.5003731745067591,-0.24790682306750683,-1.4639535387728353
18,0.5381154370039261,1.3373981074427437,-0.15450567924990047,-0.695942611670703,-0.22385881688049952,0.2424967912712216,0.17657335845371103,-1.0843880722333665,0.09048978162787422,0.22822833013890514,2.5174740375339204,1.8768446112816701,mid,paid,mature,1.1909867325545063,0.20393756336135863,1.1602539394436322,2.9703666833572884
19,-0.8532433505588201,-0.2873833615491761,-1.4634420018370031,-0.5907070139634865,0.3156050035903405,1.2058536208882336,-0.7290838377436085,-0.6541464400677965,-2.147289029738655,-0.16266592054490767,-1.062414411859563,-0.5294394273660737,low,partner,growing,-0.254557460487659,1.3816891939990121,-1.0823314799685502,0.6858460657137875
20,-0.8768607781675882,-0.09426255425255699,-1.7577283913566313,-1.4670452453909906,2.129247112028298,-1.287422581274031,-1.0967855784546396,1.836913528321314,2.905067169240407,-1.1715666288253417,-0.36824895678803055,0.34155555094050954,mid,organic,growing,0.7452431583254032,1.914054305783931,0.43818104856213613,2.04913973740304
21,1.7286976444055924,-0.9868570784282374,-0.24527784594210975,0.777337576061744,0.43476607446661863,-0.37615607123009925,-0.13382296451604114,-1.3748958083699818,-0.23817374397466523,-0.2663874900089551,0.23216988962625595,-0.555327218819016,high,paid,new,1.557501379397092,-0.7688641908216014,1.6486900733654426,2.4780266817915537
22,0.471538522545139,1.0127158178198286,0.15542932766846604,0.35175640839920347,0.053155347577867364,8.439309141418043e-05,-0.7215580335428474,0.316494261673308,-0.09728659841348947,2.093168308930595,1.5733549024752425,0.3858465525565008,high,organic,loyal,1.1562350659730694,1.4354507583768406,0.9595967884211043,1.8515069332512433
23,-0.7630572096947675,-1.112411471983418,1.191142953088865,0.2627492251471385,0.4801434033916108,-1.7445859869741926,0.9274384815581808,0.45442033821436295,-1.110430684414478,-0.47152480744994896,0.2637172043565196,0.05246679835624363,low,paid,new,-1.317390517134566,1.0930767586808212,-2.0695932448290453,-1.6263287224820704
24,-0.292171185803555,-0.10348826806596086,-0.25197737820688537,0.15256251210246857,1.471491972993157,-2.5666584409312976,-0.23685026450968424,0.17651242137244696,0.2959939896870995,-0.37191458132128985,-1.7567217824785826,0.32799548371410964,mid,paid,growing,-0.06851543671550955,0.9353674860930519,0.41097335650853517,1.0404090149980323
25,1.727350214164185,-1.5338614049161376,0.8638280136981883,-0.3285252231228939,-0.0613243458288473,-1.052898510703949,-0.33445617235587666,1.3000445946989585,0.582655241987707,1.732311605409944,1.1774118889776937,0.4390866789295762,high,partner,new,2.0687185199092926,0.4550633627178391,2.2570832117774358,4.140583527048497
26,1.743934526167792,0.43899315873829875,0.8279881767970589,-0.29657095353470836,0.06654581585920483,-0.6974238233002769,0.989583934594853,-1.1783036231148656,0.7823503424176613,-0.19065105750515945,1.1712470934673194,0.7508689887312598,high,paid,mature,0.38573824203683765,-0.7742870290120969,0.7786460137805311,-0.24173056663053916
27,1.8206461576468016,0.7307746911386448,-1.5720402556532407,-0.06695317289820084,-1.172007192594816,-0.5182798423662747,1.5112284332767216,0.637533810897696,-0.6989304285787463,-1.013717366440399,0.03278209287626079,-1.2165601493811278,high,organic,mature,1.7862978965590646,0.24810960867784163,2.4913427085789004,4.245338246791457
28,-0.6711402773965811,0.31200947155124387,1.1553120361066962,0.6087614722244398,-2.2912895085981,0.3043667290302598,0.07203357323257792,0.41389028537269307,1.6162096816512073,-2.063238276804743,-0.5911034251911056,0.5909063227933546,low,organic,mature,-0.9599490976598082,1.0435270719173648,-1.130473009958076,0.16837230156090088
29,-1.5815943994539423,1.475949048053509,0.3683566127006584,0.846583985843404,-0.5709436615217945,0.8137636899662105,1.0684715559890383,0.23287802013716835,0.23440089269869593,0.2703432392817259,-0.8633452647393817,-0.14752868024035293,low,partner,loyal,0.4712923018160536,0.2726843224179944,0.3024043615345755,0.29056084499977003
30,-0.1525225324523588,0.3833938643534951,0.9998242469102946,-1.0585360819784093,-0.12500903031957764,1.4814555476589732,-0.7435882288125641,-0.8222500172903203,0.20230619183119358,0.8443851904853201,0.01142605556065933,1.3289605904369892,mid,organic,mature,-0.9386081354054756,0.6523942810531976,0.5438444268465794,3.1891096274100534
31,0.8567939825665268,0.8418200668900618,0.5541165013240933,2.327653100346085,-0.2051616888660442,-2.003522292066514,1.604254361517141,-0.45769943095682564,0.10788044434303304,1.309550684860527,-1.6022595410589253,-1.2516472141061394,high,organic,loyal,-0.22608810660486078,0.5359535581902719,-1.1701033155139806,-1.7304154017013684
32,-1.6012779371188537,-0.7941362900254239,0.43963660601699356,0.524187842812771,0.27627417932855375,-1.4127658838923665,-2.310103436632644,0.054353585390382264,-0.47177603363833576,0.45938577171661177,0.7019536262212701,0.13824143205868192,low,paid,growing,0.42331550292694065,-0.12708485545466391,-1.450316245297426,-3.4215100603980786
33,0.7601330853758538,0.22921137411506842,0.5300647056014667,-0.7046732628698824,-0.17961141383145854,0.19677609665695725,0.8205284754174188,-0.3937411722245721,0.5211672557321126,-0.265838791915379,-0.11754216732813036,0.829519042024073,high,organic,mature,0.7535382889923663,0.6248548757631527,1.3090769910498465,3.1827541007966422
34,-1.993060371054156,-1.296472328074761,-1.4821853974428207,-2.3336161198483047,-0.6782644401551767,0.7494338997277404,-0.28488406638257474,0.19779008194185213,1.0892174967107926,1.3276861322676916,-0.06913793472613955,1.3535858895693973,low,organic,new,0.692272236293757,0.7161863251629478,0.06292214141948749,-1.351422831779178
35,0.09212665843410921,-0.8373982238274621,-0.5944003521987352,-1.4805365125650163,-0.8881338537336524,-0.35801668807442916,0.8035850193786016,1.7207698311659838,-1.38218151537704,0.39282746825991893,-1.0405439391575344,0.47469708846320197,mid,organic,new,0.5766164287427805,2.6278507421304322,-0.500734528550668,3.4687126813452034
36,-0.1310866506877266,-1.8309058258475304,0.9282969915684843,-0.605000712808731,-0.5339002383735546,-1.06975241128969,-0.6542832766875555,0.4278904406949172,-0.18924434093640552,0.32866200228248105,0.3619218539288437,1.320661655528167,mid,organic,new,1.4337736326888058,1.3878623953792897,2.319011649781226,4.50433141662125
37,-0.3427861508643793,-1.4768578168457318,1.067222416571983,-0.3314881720972547,1.114592444577377,0.3833771131824704,-0.13113753020334493,0.3487758940462951,1.9510125601262995,2.076980529053753,0.0693811351327787,0.1601905933170753,mid,paid,new,0.12130440614803883,1.6783446677532448,-0.023463977611119208,0.22085642205355183
38,1.0762401574663856,-0.8456610327673472,0.3330703726182551,-0.0258628479538564,0.3139082114575536,-0.8333688059494058,-1.589567493308969,-2.0729834359912918,-1.1173841129896078,-0.458675284939333,-0.2931915866487618,1.9372311624295169,high,organic,new,1.7917115744626555,0.2018223078747035,0.528147516830813,-0.060050422722611074
39,1.1059933699072981,-0.9620911163416273,0.34770845245095694,-0.4070782363503251,-0.28436383804009513,0.18532564941538202,0.6191711169753933,-0.33925848388401536,1.0638515327343585,-1.141938226142404,0.006339062362268442,2.5976737265958323,mid,organic,new,1.0673680957129854,0.5871937970663923,3.00231421472254,2.8561136006906804
40,0.2230797426252751,1.4332145066061728,0.09152017817320818,0.5807770953297967,-0.056783194392691534,-0.17040758116420443,-0.7794823967254196,0.4303013589575532,-0.8515371891857679,0.6655852363134291,1.08528700444591,0.36653140723722993,mid,paid,loyal,1.0159869918051914,1.4850032337552077,-0.594699272592208,1.09477713208888
41,-0.28624873355569186,0.4539655793086961,-0.3086730555464126,0.9355471254651493,-1.8314060842151236,-0.3356073681186462,-1.9908119951239978,-1.495060830227205,1.3638622298139094,0.895184981971686,-0.7194802332847904,-1.502503456040897,mid,organic,mature,0.28331324344964914,0.11077381811574138,0.19663485111354945,-0.9605150464289024
42,-2.964528837841651,-0.5434955079326346,2.4204150122474024,0.4348842714636474,-0.5595722860494895,0.46508020950030626,-1.5609583529944429,-0.29732336269763543,0.09947747301573849,-0.08610065182104851,0.7908061216900806,0.34464522623605237,low,paid,growing,-1.5727934546703373,-1.514715036950508,-3.462070229517527,-5.5133173046273445
43,0.668326018107997,-0.6883722822307594,0.8978154084105481,1.6289369476239914,-0.9701495196514126,-0.8876956557145598,1.3357843363202329,-0.19134398669506028,1.403821392066557,-0.4425357118921839,1.4550455762707113,0.13148581680545218,high,organic,growing,0.20434169620269682,0.452972638308695,0.47499993005492397,0.7656483959265219
44,0.2582288233226952,1.5647180216699044,-0.36177047744417123,-0.9411220959249583,-0.44856420802835434,0.4523339506431387,-1.5657590721805144,0.6374709026511215,-0.5387713176177432,1.1478126607335635,-2.3942603049004716,-0.7865657751041687,high,organic,loyal,1.6579643654951057,1.9172866254442076,1.0168556652846843,2.763834850102203
45,-1.686468151234102,-0.8262294663639526,0.24766590110894313,-0.1792266254497549,-0.25337756894801494,-0.1591848713800608,0.20338824061994343,-1.0085360419431078,0.7068496408990508,0.6626659703854839,0.385037937656101,0.5565334427512632,low,paid,growing,-0.7777265987299381,-0.6791630427890694,0.04154821659943153,-0.11580439434821499
46,0.2964180008086595,2.0350733027310675,-0.0870941710525099,-0.30708321833457675,-0.7535275803573779,-1.0322626705778368,-1.2444717876010754,-0.8887973132309185,-0.07068038165207131,0.3342951284977145,0.051142058552161786,-0.765535277429713,high,paid,loyal,3.0074798019542817,0.7352863776074539,2.9900934156475727,5.24591914757739
47,0.9001845640199633,0.7394126723009475,-0.159648307422017,-0.652916144664712,0.5484279208297995,0.18797358748610446,-1.4481272594150476,-0.0679802559844049,0.26203581207438104,-0.8996947864877538,0.189843392837443,-1.4548224852577891,mid,partner,mature,0.8630767163799347,0.4367707878790321,2.2136844953867643,4.460363503927281
48,1.3361861000121709,1.2479499850594318,-0.25251733430296475,0.36345433783907316,-2.409921965799875,-1.1563476602653329,-0.2937789201521298,-1.0721330214268592,0.7143964826306588,1.997296530747994,-1.176614719429302,-0.8374634040851927,high,organic,loyal,2.1562906285554906,-0.15825706716783394,1.726576711151566,1.4525143210985834
49,0.23544836830993032,1.6111161484996208,-1.2223743125399031,0.24903612230694197,1.8212988508131087,-1.6517591481792673,-1.281069206845832,-0.42360660646083825,-0.520588412855411,0.8126012877536446,0.24165971982083806,-1.7749620596421283,high,organic,loyal,3.230946380728202,1.3542903911040811,1.6264020245822846,3.438803560400121
50,0.5154104029008109,-0.5775388873556505,1.274447216941239,-0.6275875364369197,-0.6366152831022357,0.5411316108045314,0.7629264823369366,0.4480993639362036,-1.6855973173848082,0.5380344399282511,-1.034308051674399,0.2352761115882635,mid,organic,growing,0.15272537266934275,2.0123906649994705,0.39024142569620857,1.884377385873131
51,-1.4237344353990602,0.44632214754306365,-0.8065989043073726,-1.2826346502605217,0.7138201364823995,0.2416445216767513,-0.6139768013928971,1.4511788490210642,-0.44065242156974244,0.03210767397093466,0.2689134476786009,-0.6196659341286136,low,organic,mature,-0.388139115561935,0.32062475152812503,-0.640696596021131,-0.349293347752551
52,0.47113629339992935,-0.5334523471647244,-0.4116383222162092,1.362642639803341,-1.040586052512433,-2.41278033092949,1.6109369950118944,2.549327952607003,-0.40526926544933184,-1.9368380406201853,-0.31048397619594376,-0.2862229498406692,high,organic,growing,-0.5140926292693793,0.8867562959652782,-2.3333525106468347,-2.924891653145739
53,-0.18992384102225704,-1.1133880419218483,0.5795611424764774,0.5245073752860862,-1.4944056198193065,0.6991967316948878,2.052684981945891,0.17196033243705985,-0.33732516206850605,-0.1420032144075213,0.6152567669685612,-1.7306716055072182,mid,partner,new,0.7820789192710249,0.7599147362376086,-0.27330135681468537,-0.019473758122000084
54,0.16439070297730224,-0.3904639494628101,1.8478250129560454,-0.17417273380495787,1.6678876111195198,-1.1037406977820072,0.5872591668027922,0.3194002637912288,-0.8690472478647824,0.17739611463694044,1.2125188368316004,-0.3237917042866007,mid,paid,growing,-1.0836419219159943,0.9799825067471718,-1.8207743673924837,-1.8060246806341194
55,-1.6919626491697632,-0.01756282647744591,-0.9024230947925126,-0.3423409386638824,-0.08158776968512098,-1.7056522160155172,-1.615658339320678,0.48206683552552526,-0.5227186961696804,-2.564744341820567,0.7848440366081351,0.27236975527423984,low,organic,growing,0.7144104397304867,0.22874592880372763,2.2697938301312197,3.4728388520015243
56,-0.713874824036484,-1.3168302110582415,0.8358078963143372,0.3493506225604296,2.3826022826840734,0.42018859872493736,0.3877031412620148,-0.16692793010856513,0.816775867200791,0.6250852012481537,1.251725008565195,-0.5213229186372847,low,organic,new,0.03225681361682077,1.1979380439564322,0.7397026131867996,2.16250640833385
57,-0.4354074729439623,-0.4791031709119801,0.7908017211789892,1.498374440296732,-0.45884049314930064,-0.42477372779309125,0.3140772238697992,-0.24576150001290142,0.95205365313989,-2.2517772906190467,-0.8267050469168946,-0.7824163339614458,mid,organic,growing,-0.6318794647232844,0.6793599272459234,-0.9796146275160191,-0.08783748275618108
58,-2.320356012386145,-0.9636384443688041,-0.9151561158459262,-0.20110465451883033,1.1129658916602636,-0.24506065119070236,-1.0308137202711538,-0.056954541213528984,1.0491736214413494,-0.9759588161149049,-0.9105748839214486,0.5585489592742234,low,organic,growing,0.3915733838394266,-0.5409812008887944,0.8624431137116654,0.4731982647904523
59,-0.22153611573080054,0.6474846907094743,-0.013646791795296761,0.701663648089567,-1.0350781140406409,-0.01208465078826744,-0.21069001436315682,-1.2158909241041307,-1.5634779478686884,0.6857490352746618,-0.3509523822179781,-1.0222802816473295,mid,paid,mature,-0.15900505039488025,0.5067896546077191,-2.198464930254926,-2.930967421533152
60,-0.09617893692333225,1.1280188573493026,-2.280737845371923,-1.4966386899033264,-0.9228864418952676,1.461178866720329,0.2825869829192965,0.7673172404612268,-1.1401609191262305,-1.1195358752705262,0.4478137167227104,0.05827433093544655,mid,partner,loyal,1.7508847739360447,2.679142559570762,1.1859786627880433,4.412197718452691
61,0.5487388188641266,-0.18767099092845213,0.278143726454627,0.15811908490510918,0.7777673890849254,0.8070082819444706,-1.6198719943917699,-2.2472685553408556,1.0017453976515072,1.1877250932619365,-1.0206230195133374,-1.8598354065456286,high,organic,growing,0.13683477799445343,0.5726532031024191,0.537830157002816,0.35464846381524207
62,0.09903482100720092,0.9308382263505294,1.7975945224343146,0.516297572101451,-0.37171669658569495,-0.8931306215848627,0.011451291670654416,-0.2992647038852564,-1.0150679057288161,2.0487556508632867,1.785168402072131,1.1360486835554284,low,organic,loyal,-0.3006802224353006,1.3419446365983656,-0.13530391603983263,1.7352073615259367
63,-0.9208503978091276,0.8550193242972788,0.6396264094979018,0.44254562420405297,1.2496652670437771,0.6353711428612774,0.7400142363043355,0.6369062833722101,0.3407914080021059,-1.7836111297141835,0.08362107741055723,-0.5561919588491252,low,organic,mature,-0.3711226017338893,1.22071694621307,-0.9104787476374974,-0.24837061368051805
64,-1.2798409576400205,1.681816619300824,1.7289953408857035,1.359220600295612,0.2552134168558746,1.3506251209526567,0.012053180601825543,0.20279727689777938,-1.093471370461983,0.39699130449884,0.0603859284244171,-1.3026521168344645,low,organic,loyal,-0.12365880016472446,1.211925860636875,-0.1619669322957245,1.2058882583519681
65,-0.051197111816596905,-0.07972956385680847,1.79756116664464,0.8942133285134095,0.011445439091466015,0.248787309801083,0.044212378104198057,-0.20291398479554773,-1.0824271973882869,-0.15105187760692926,-0.7460982566525134,-1.2503155389231464,mid,partner,growing,-0.8422641309996458,1.1761029720936265,-0.5041556262876277,0.7407246628649722
66,0.5112218145475347,0.39126465993323495,-1.786707511368078,-0.12268463749512722,0.9957013858999235,1.0592237388963208,1.0258368428852387,0.0389132069014598,-0.8450453279691511,-1.0836988273580606,0.3446049047503575,0.379280034365163,high,paid,mature,1.8565932629956536,0.7690381737764866,1.847236602827166,4.771991241837342
67,1.2873311116050654,1.0999796503420836,-0.1322286565311721,-1.2442058788608694,-0.31910659701089783,0.21723119481052466,-0.2020832453894041,-0.5778941080776558,0.2528848149698989,-0.5039577414106104,-0.628066083725374,0.31145283430343956,high,paid,loyal,1.5649946278045679,0.2616574822633647,2.4259985847280405,3.797039343972597
68,-0.4019925801292048,0.24410438897835213,0.2732040228521227,-1.1394290010915746,-0.4812411238654122,1.4377769399164624,-1.1620795127342871,-2.116654448970531,-1.8618451532425115,0.029109946576669203,0.03091727803269891,-0.11761085542512094,mid,paid,growing,-1.2744750689159683,1.200809444613172,-0.9557729590283258,0.031523550946120485
69,1.2141898289285016,-2.672834433102938,0.3959338744308236,1.5614382018035733,-1.127780764891714,-0.3798065117898951,-0.7528919172286209,-0.8943460460775288,-0.32626200502304,1.4274852836845047,1.8373866754875203,-0.3359392250401477,high,organic,new,4.607902511770682,-0.8448442371837863,5.119142982200361,5.117670819816228
70,1.9050602140644701,0.035576476984624864,1.753691026701081,-0.09329864965349177,0.1310578260461443,0.36547447264283456,3.1788536793675353,0.8512855748447891,-0.7072645299514636,0.9689978702758579,-0.3618325370843415,-0.48975018290120914,high,paid,growing,0.5819094816017522,-0.04347620046675199,2.2954642698318355,3.743012505245139
71,0.9086013598921112,0.031085587771152785,0.2785759145118061,0.013985221865292462,0.3365831266054347,0.4249658974361492,-1.9369669327054153,0.6665726686095336,-0.9820194198303006,-1.4422991355594112,-0.05841124385868244,0.08398100331445427,high,paid,mature,0.32678168567859767,0.9576906724248861,1.1542880186436637,2.1880595762491275
72,-0.6935061645722808,0.8310318576679744,-1.342175166370907,-0.40694374877255896,-0.5848741349330007,-0.04658727033933937,0.2788642846472388,-1.0078929496235447,0.7242826774562282,0.06300236833469973,-1.8919462533119105,-1.958591440397031,low,organic,mature,0.43269928508679656,0.5483272467377495,2.1736577314677694,1.8486021517193998
73,-0.012319292929311235,-0.2209673177863541,-0.1034201135746335,-0.02798245653021798,0.22555983951018072,0.9476496098482997,-1.1111049009175582,-1.1719715929007948,-1.0933238578873825,0.2889166671687069,1.2449473786464456,-0.4313394382395105,mid,organic,growing,-0.3600781065289677,0.8009811968252996,-1.0319924727491476,-0.7356972400099232
74,-2.5016998441596545,-1.7039928626103755,-0.8330367227960116,-0.5577288874952148,-0.4083886272547264,0.038581122980917065,-0.3117463308224471,1.0493396105434072,-0.6760173056813688,-0.862317959475543,0.4788755385204616,-1.5356420699261193,low,paid,new,1.1441637850961504,-0.3664836692130719,-0.44825008774939823,-0.7577189889190756
75,0.3896917053200022,0.10255318372626686,-0.1474424899181674,1.5882761071492624,-0.6222074452947179,2.0602981705240784,-0.2254314492280993,-1.2770164449702281,0.0699195809948253,-1.0762452003187681,-0.7517558478135002,0.39703330001549114,mid,partner,growing,0.18974789925401248,-0.03187111288492054,0.04946710854310557,-0.7860695694315688
76,0.5555820886501248,-0.6221677002542582,0.9874051450464006,1.157507758021134,1.436301756563291,0.5294134071257222,1.3634287120856987,-1.8807984279740577,-0.31790654862846257,-0.8670052563234263,0.11922586112739209,-0.5714492191967373,high,organic,growing,0.8098913269275044,1.05026055873938,0.5842949652501225,1.6916637084548047
77,-0.16615784194973238,1.8821748802040494,-0.1697197964203783,0.4137923171902139,-0.2322693299242352,0.07571328795683367,0.006016680436071459,0.4483240659731595,1.165307535547177,1.6473939976033294,0.30962008190916684,0.5895468860356021,mid,partner,loyal,1.7155317955369414,1.884775107311531,3.174945947926297,5.9407220029666155
78,-1.150864509185567,-0.08787674241562057,0.940289464883589,0.8659686384171532,0.21160973279505021,0.8863939595679524,0.49076670899381886,1.2003062582593216,0.2893591569571111,-0.35569831557103465,0.33584125693302364,-2.9305943758527757,low,partner,growing,-0.9757574319230753,1.011340501271652,-2.1058018645799144,-1.782109816958056
79,0.38288573638504947,-3.6484128252147836,-1.723463407405418,0.45176860094098414,0.47752933726679525,-1.1624287801399305,-0.7121020418789388,1.370540988614132,-0.48403013157267616,2.242920312402985,-0.001919853176346149,0.4080361768812668,high,partner,new,8.411002810165,1.6105306816531468,8.332123849705058,13.676933555985178
80,1.6168743984986076,0.13102711619341956,-1.0023439806908012,-0.10972745169429012,-0.03561073619009093,-1.3647416522015654,-0.25583207134082336,-0.7421920939974367,0.9243577571874341,0.03461187418525562,-0.28279574914757005,-0.10618193062257626,high,organic,mature,1.7484475921679057,-0.2089747362948656,2.1536269582107925,1.2791824481944531
81,0.22312201840616613,0.6168141996897798,-0.9997122286693814,-1.0415876326212719,1.10467921540253,-0.4123368722047306,-1.416842092596874,0.44381270938310463,0.4633698060326869,-1.5307152572567064,0.2294817154636063,0.7355830924283736,mid,organic,mature,1.050807135630172,0.7611900571203961,1.1509096396145304,4.29117504780485
82,0.37438645170626306,0.6319814837613953,-1.404269098090749,0.3310401549961956,-0.30261975947044656,-0.4827901587246448,0.8705556094197265,1.47927451067423,1.794370054600359,1.314807871505905,-0.10973418163018368,0.35272016302634307,mid,paid,mature,0.7560643587637476,1.9813916491248527,0.5845347115250514,2.7084514539162114
83,0.7668228717842437,0.12117794929946196,0.13076418791154437,0.823753131876182,-0.059282646025932216,-0.7292869363736615,-0.4144730658358585,0.6339103777337424,0.002993291199955732,0.34020997686833787,0.6700792422021898,-0.3748414628976096,high,organic,growing,0.9744867479177169,1.0345889367542789,1.3330552011240622,3.3477719321680217
84,0.7562481636298061,0.37884260345839443,-1.2348130869114786,1.4423047911862443,-0.5007447437569161,-1.6550953431851838,-1.0450437095863023,-1.021045160678322,0.05217331865753347,-0.2738505055462372,-0.33683196764059287,0.6197019654824789,high,organic,growing,2.218243248403796,-0.059080942795239545,3.2973408793157724,4.355298466853119
85,0.3398753611927038,0.31604787064428624,0.40982845732869266,0.6161346680022383,-2.107953341777443,-0.3644382522644612,-2.180210064489474,0.03605992679779541,-0.00463297222434532,1.0455322747896802,1.1876343927211208,0.20277504825236733,mid,paid,growing,0.25003676924721585,0.12997576324378776,1.7857822404698778,0.7254691040894379
86,-0.5003610773968998,0.48516111254573785,-0.5279176373243135,-0.001392651443348899,0.9861363169607678,-0.5577713459894236,0.8056786392425009,0.6774013686923024,-0.9547918171308215,0.973894128217401,0.6985663453715051,0.10192588737265744,mid,organic,mature,-0.20829410031589696,1.4585946930392135,-0.17548689285981256,0.17388407733558164
87,-0.7623234580276522,-0.85920601857557,-0.5376625769030224,0.54259446329196,-0.9556251674013979,0.4375122486198699,-1.2417555288783926,-0.20406858443884895,0.10964775457400863,2.4451301450589167,-1.3773156555203674,1.4720145664901334,low,organic,new,-0.15873061875571534,0.37213706950655573,-0.9745763723502798,-1.4190880941865973
88,0.14984241398728004,0.41117191801596314,0.11834791338820451,0.444726818195233,-0.15368510436201774,1.4540501814574582,-0.4564711442247224,1.1322345721792477,-0.6443671202130229,-0.06025184640128695,-1.0719625522902192,0.4550237203475199,mid,partner,mature,-0.11479231667660592,1.5489099048582848,1.4197417774167589,4.388294033617036
89,1.4451259569265338,-0.07735617982085408,-0.19688569870390954,-1.1146169630679268,-0.2292926535523081,-1.5927942597215277,-0.9128779867188273,0.22678604610913541,1.3190131977413961,2.809210861229503,-0.5865850850709007,1.43530015664544,high,organic,growing,1.8168923734087765,0.8090826985627473,0.7392589266732863,0.3857981674883051
90,0.2437524804016479,-0.15124764674637586,0.4325944517261522,0.06191648367995918,0.11039572561221853,-0.4083331628266692,-1.3981096597988507,-1.5436252025220816,0.653244883281227,-0.2767000900857134,-0.5960888996561666,0.008505626723153567,high,partner,growing,0.5882049346166194,0.5325607599392951,2.378783777731752,2.76924224394949
91,0.7949322529156275,0.1803639430263982,-0.6560549366409674,1.2262929556489497,1.579185502981632,0.4945566553228533,0.9736635113440901,1.241959996813811,1.1300993164045137,0.6140991771126236,0.5983470470748828,0.5196605733465026,high,organic,growing,1.4251559341291415,2.3986672714127835,2.7692912990478717,6.163596800453273
92,-1.0973376745470436,0.7007231568595857,-1.355813971126554,-0.7945994551250549,1.3035650678080875,0.8402201626941975,1.4873982896858626,-0.27167438368729224,-1.1522488412767675,-0.24043719707034283,0.1020312972405742,0.07898871634000969,low,organic,mature,0.6435223054174233,0.1626618031820367,2.1329210968462933,3.4083156768651546
93,1.1336804787567016,-0.36127042500344553,0.35203447180292424,-0.9886271494346061,0.450317278043813,0.003108550185636745,-0.7498133382845175,-0.2358293621748528,-0.18417574651522164,-0.2701551293370962,1.7713412422676835,-0.09844600230787963,high,organic,growing,0.9806914128434906,0.09253874834718845,1.6660822688165762,2.7011665746402387
94,-0.24389611017733773,-2.0974509576101417,-0.8942073519794773,-0.26307342445635284,-0.6858526761766428,1.381707593377797,-0.16493777539621862,1.2884442493182524,0.061704634050368024,0.037227836421576635,-0.08879644771250095,0.0037962516214591325,mid,organic,new,2.3176970555005347,1.5677808040217756,0.20520701536271968,0.8505448102695956
95,1.7187950030498593,-2.3196107267512183,-2.001545744438679,-0.5431708310561139,0.014527881937568883,0.6901044247640123,0.4730871980274752,-0.3842459128805702,1.0190436932417624,1.030195403152731,0.18405783127156553,0.9626575724868413,high,organic,new,4.862838911617615,-0.11123094218868157,3.8237180805420707,3.2616112023246684
96,0.2726452634321288,-0.5614830267828836,0.6978168390000047,0.11061312257867771,0.001339846754486929,1.4729535721895743,-2.4508721285400865,-1.4176841701595697,-1.18707042637437,-0.3632606475688056,-0.2546081697660301,-1.5073256477730475,mid,paid,growing,-1.584970382824974,0.5319438032996227,-1.2780821621319152,-0.5905033642588345
97,-0.9851580323108263,-0.8608416785235702,2.457424092075892,1.8017419477471466,-0.4117494176846493,-0.3635832903067989,-1.1492039971882941,-1.9081304132252668,-0.11688018640852403,-0.9978519832440257,-0.08485053166200977,-1.6002058490434774,low,partner,growing,-1.2348716556844967,-0.351849991303389,-1.91051865423543,-1.4024003002697196
98,-0.7619744583102578,0.14862709530283086,0.3662095977839374,0.41747195874201454,-1.3204889841570373,0.8546857301355617,-0.8002116966018503,0.6328579146073064,-0.010638676618193147,-1.3763874990779479,-0.31619770458118795,0.3653637420637676,low,organic,growing,-0.9796021273756845,0.811442626024924,-1.2948820057135717,-1.217205596778405
99,0.612965380474599,-0.14098789744441861,1.5317788906010528,1.007510770986559,-0.25665411639975283,0.7501218121369445,1.9337934851881868,1.960484600783027,-1.2279998808224974,-0.9265331111571506,1.484918786733851,-1.0582810508376372,high,organic,growing,0.7111069670205236,1.65525584444569,1.3239151478464488,2.2316590521620405
100,-1.322541133291679,-0.4861941306990469,0.42022670947458574,-0.10239670661109637,-0.6505636204055921,-0.674212461724509,-0.7123370644127087,-0.8795096286589426,2.2816328772760617,0.2975110711855549,0.8867590544047386,-0.4890774681189237,low,paid,growing,-0.8542771375289846,0.9034480291141938,-1.0242514225576216,-0.8579591426755577
101,-0.18595667718604886,-0.713553981370355,-2.651708334919202,-1.3780092768478662,-1.8106186799803947,-2.2497837779516074,-1.1953589742981028,1.3249556793816308,-0.04443616770435442,1.290563762321174,0.4109825769008753,0.7825588257151592,mid,organic,new,2.3756586430449858,2.6268323010118597,1.1566380387206459,4.52452432473343
102,-0.9008969953045751,0.5239509541926708,0.7287142340743459,-0.5766472922336929,0.5595403706161663,0.5661877585748329,-0.5495526211300829,-1.122768432270995,-1.1841283318982723,0.08650554192146179,0.3270098687893148,-0.7925258304579145,mid,organic,mature,-0.9422264313587028,0.3411333765296981,-0.05656771822013784,0.03445218606688555
103,0.02658534132609864,0.5705370361384854,0.6181907146653008,1.5518801201224885,1.2769808321980434,-1.001291432756544,1.6835862095380225,-0.5309765045557148,1.0448728124544275,0.06798662605108885,-0.4121493784569676,-1.8076968597749328,mid,organic,mature,-0.7684679781471186,1.8726846453107973,-0.25356520299339225,2.9502435229342
104,-0.1715645102163482,-1.559383235305609,0.9672992358427723,1.516792657139248,-0.7969109892966902,0.30197074251927114,-0.7253915220079754,-0.6284847301367896,0.7744947038653713,-0.03853826184341251,1.7396480419310116,-0.482232478702921,low,organic,new,0.5563552954822764,0.25713768189435643,0.3073593525027126,1.5816755595521705
105,0.9993363324744892,0.09741341295778198,0.7957780097442332,-0.4471576573299467,-0.04955883755158271,-0.11549887929893475,-0.8360571148457872,0.6620815345817527,0.6502490055783642,0.5935546949055667,1.5369656539176446,1.4493448012363035,mid,organic,growing,0.3581598207849617,1.0043870609718264,1.0694260048896351,2.5789789335326034
106,-0.37494468984913537,0.37305231843417824,-0.6236006892582127,0.023355316114555456,-0.5997494491188647,1.620070309136051,0.3636981503429628,-0.21802912810442213,1.193618571856377,-2.1706154097954116,-2.0141025948652898,0.7958386552197739,low,organic,mature,0.29291410664698914,1.1516226299383345,0.38796116974457745,-0.2983507490230768
107,0.06046844811736806,0.25044630026076065,-1.3263961033185487,-0.023233710850366202,2.003509410401342,0.8241996197958629,0.1697065451428121,-0.43905391010493766,-0.39457285186939384,-2.1291978892000176,0.2576404209211606,0.8454831084818539,mid,paid,mature,0.5325340331812655,0.5184312891239569,1.8638952255965116,2.249231453558302
108,-1.5756193271706151,-0.661416892306816,-1.157464632233422,-0.9653511948087635,0.05348162682190022,-2.0844021549884744,0.614270438357064,0.7538550699336822,-0.2511025880369125,-2.4807085099845416,-0.9964186260023896,1.2329019341026966,low,organic,growing,-0.5725501084484153,0.37017321926968483,-0.421342222890906,-0.7255939968341589
109,-2.7779942807285725,-0.34752341219351923,-1.180000778467259,0.8045703015848366,-0.6751139521434614,0.40395402073561154,0.5654604191690931,1.83622583973002,-0.20294194367537022,0.37604436962261134,-1.485055479127436,1.190413563293744,low,organic,growing,0.3982428944239561,-0.5984973430256825,1.7221705610046358,0.8937084046323506
110,-0.7605088480713647,-0.5607541640877456,-0.022247794849210738,-1.5628843453398495,0.228770028928938,0.9674662729250108,0.2929338234972916,-1.588897564178725,-0.12380929432965958,0.7420289029794906,-1.8779887659659078,-1.074766013817714,low,organic,growing,-0.2708365881225804,0.015435974711661062,-2.144489369497793,-2.581578933770545
111,0.87654360408152,0.27009543419728654,0.41197158212675383,1.8594948076233115,0.4685527785062026,0.6578880104331793,2.710745527218326,-0.2138045580904907,-0.7978827636184951,0.4277963982471327,0.4389910293888949,-0.5267153919462082,high,organic,growing,1.5292609787402953,1.0646745704397906,1.9884800019521243,3.8611406540127824
112,-1.0323970195548475,2.309844422090078,0.3268434703880229,-0.7322853814020757,0.9159303022795986,-0.1091451515613345,-0.25288144631783127,0.5622728719144933,-1.29188226823169,0.3526272039171724,1.9129548077317522,0.46617766219731077,low,partner,loyal,1.8448269342066184,1.2839744050982689,1.446965137525779,1.490954215726563
113,-0.3762121037834645,-0.507105280428242,-0.41033997334510935,-0.25396267804778105,-0.377806532758272,0.9163114410745667,-1.7332091032089831,0.862000050412134,-0.3796865251425611,0.37694778569537224,-1.1269879102008638,1.328631066849436,mid,paid,growing,-0.81595296693837,1.1776524128580792,-1.6750039552818738,-0.1952546669472056
114,1.245634960171873,0.9595905257500736,-1.5147547757935393,0.8291210710660528,0.4048550876357089,-1.6052712471325676,-0.02429738377081549,0.3645344890332625,0.5560752738231508,0.17726136694885572,0.2912314168473797,1.4736113922530956,high,partner,mature,2.2657275449181076,0.7573409957689797,3.4242281243232333,5.224961263715515
115,1.2260339099106798,-2.8670549537827434,-0.317438554837682,-0.16465102754395128,-1.7520985727269711,0.09418305823231217,1.2487577724105066,-1.0865678595905903,0.3364009386898723,-0.9158234772964378,-0.6719120236796768,1.477393634170035,high,organic,new,5.402818754773827,0.018709435730246995,6.291906186650147,8.555828891884051
116,-0.542557820111825,0.46221248901062467,-1.871218116060987,1.8623175613948801,0.602652446306499,-0.18249984265026167,0.5755465099998948,-1.4098194289478103,1.1825307417526572,-0.3239847754964302,-0.2040695150484347,-0.49165561496548443,low,organic,mature,0.4937909481816207,1.1785606848242234,-1.512685740910851,-0.04310444349135867
117,-0.5806514027455847,0.6946706116284086,0.25590685010422287,0.6517481414030399,-0.008794689485571452,0.513199811077181,-0.41884874392503835,2.2297318414095484,-1.5679304164304986,1.2609373235629844,1.3679074507209708,-0.8521588059655938,mid,organic,mature,-0.39871064735754586,2.0344040529009444,0.3167849879589196,1.679254817907374
118,2.2292736105559734,0.9954902829453182,0.9711390068229115,0.028022187025876687,-0.21722615821867644,-0.20940882703960811,0.3905305963195172,1.4011862750338961,0.1813142178614196,-0.9114436231372903,0.8244270623849798,0.9211507463947922,high,organic,mature,1.0085156116176621,-0.07506903745326574,1.6026636580235967,3.2672994072932293
119,0.6546595284477861,0.7454989065249826,-0.2709281301578081,-0.9289891671305796,-0.8681934306407798,-1.635463248457858,0.23694861154594976,-0.08344878322659362,-0.43998770452970876,-2.95561882434507,-1.247317469694169,1.1208406514031668,high,paid,mature,0.8819050282181259,0.9046432396647417,0.15883352156046693,0.9693332606061754
120,-0.664626000063131,0.3605916776568414,-1.3906854299752562,1.4387054823592311,-0.1440276600546764,0.2900403964835352,2.325779791881685,1.5164401005894037,-0.3065656212870578,-0.5932201848703592,-0.3255450115195318,0.5098982484765356,mid,organic,mature,0.46723783347395864,1.2622422688316948,-0.3680661134892066,2.2963035478626614
121,-0.10522413425087113,-0.39524414500347166,1.4671812507090423,-0.11420989177783689,2.2995890930373193,0.09074256375217302,1.7853183942247275,0.3573194227106268,0.9629605732494478,-0.7246110515177244,-0.8537592225874118,0.4597059550149875,mid,organic,growing,-0.6013449012889684,1.3138166300157539,-2.191920125887376,-2.4296119689190103
122,0.9885532424653152,0.040256502000462865,-1.2863933350836971,-1.360258366289327,-1.4271364021862412,-1.767622112939381,0.10948535944708751,1.1250439217080253,-0.013415786924808768,-2.2604147573378524,-0.19076046033454871,-0.1627989966326071,high,organic,growing,1.5204608229968297,1.9091069469831028,1.1829289257598652,4.885161157401818
123,2.0959987502254394,-1.4571379129195563,-0.3906776025991957,1.7058526805445642,0.44997834134654807,0.5633130735164247,0.11458443702387822,0.32994353865726456,0.777609530278536,-0.8094863188927663,0.8780585789081998,-1.3730030168855392,high,organic,new,2.3054271076737387,0.18628155682448916,2.1279395693671725,2.048618972634256
124,0.3283679728315381,0.17874096328632716,-0.6162930881921079,-0.022685275325646737,-0.6225401526655531,-1.0717013268617444,-0.35361474161364437,-1.1039886353716615,0.3227974640932481,-1.1500854941523635,0.7119770229910514,-1.18147906792882,mid,organic,mature,0.702892715360276,0.497818297388657,1.4998894957187883,4.996455928428672
125,-0.5662949155810063,-0.624603408215179,1.3251467288748389,0.33028994561659186,-0.21173380254439425,0.4987194410697233,-2.107192347329688,-0.043133589640907445,1.9975141778047627,0.13234650640267256,0.0679131691693355,0.5481283796421961,mid,paid,new,-1.4508176652909375,1.5340760854495197,-1.1814373007903796,-0.9536261689620724
126,0.8956052433143455,-1.9974666928898597,-1.6823264817910268,0.21029129108614655,-0.7148765618975097,1.3120252622199142,-0.3151743898852239,-1.9345307357131178,-1.268013916843997,-2.7496760196305754,-0.23412553728291255,-0.18838412726438336,high,partner,new,3.5610468302552496,0.3839029432029418,2.501138714950917,4.691969993094527
127,-0.42446270978189776,1.0788790390297387,1.1985198365166936,-0.1703884233561112,-2.134693667476856,0.6172815804922585,0.5553602285085755,0.309391570156945,0.9814797493081158,-1.16482809646104,2.008755386185139,-0.959427753141868,mid,organic,mature,-0.1496834642074452,1.4956930424252144,0.08919086073739979,1.249246937691332
128,0.7492229272008546,-1.6873476944133516,-0.9302646872700508,1.5163686467253361,-0.2608998230008499,0.8399226051327979,0.2369553887192461,-0.10495815600017268,1.3638503249326897,-0.23665882465190033,-1.7807381075634705,-0.8032400919517051,high,organic,new,2.816655888159499,0.9564664581048057,2.5626104687555857,5.002882451153615
129,0.5511917287016942,0.39550910636250813,-1.5670582502354382,-0.724342519408201,-0.5817213492022466,-0.365469594114225,-1.3759135886015514,-0.6283711081194786,-0.7286104852595274,0.7715332597619193,0.8091213109902438,-0.145810458088816,high,organic,growing,1.7534940398926306,0.8400760572692008,0.8186678262281852,1.863819164240174
130,-0.3920397958707315,0.1399243120391134,-0.8165751074555749,-1.146832082167441,-0.9402212089257169,-0.6348131639714567,-1.163473799792271,0.16205955906287475,0.7297156737837084,-1.5870983007982418,0.02512871121603335,-0.21993579526633558,mid,organic,mature,0.3670241996756356,1.6388703418194615,-1.2224830440967418,-1.0415879908690164
131,0.3415086855368029,-0.012938768103588062,-1.4535992799316308,-1.2623892988571654,0.029423575584972723,1.0287809197455093,-2.214187371043003,0.34572657980157995,1.1896220052876432,-0.1530258762062131,0.5502024960264408,-0.7030690808978022,mid,paid,growing,-0.18903488027924886,1.2288839249949493,0.4357684547462586,-1.0014472411473359
132,-0.11936619927687682,-1.6209135183081516,-2.344343308418874,0.9427658012252752,-0.9849949277244419,-0.4555278450034305,-1.3864422532701932,-1.4099697030838758,-0.17383770009461635,-0.7295771941356465,0.37797099799469847,0.4525384189795919,mid,organic,new,2.525993674082838,0.05006778770844759,2.9723908235623053,6.421759154532338
133,0.32084964632460716,0.2386007909284437,1.5777682049318862,-1.067593769044886,-0.05493486620291775,1.1326898205195888,1.2645398093380364,-1.4217636493445729,-0.3123554416558699,1.3581210958672605,0.5080791051990653,0.19526303147977275,mid,partner,mature,0.1437003934565808,0.4657711785046544,0.7004694217374879,1.4494056523784016
134,-0.21768469343465674,-0.38380092570774543,0.2882190630903242,-0.25237412498448336,-0.04257862104444418,0.07859870611503737,-0.6780715284934992,0.5321293738814383,2.9142446484154196,-1.7769866393260751,0.3240125241899799,-0.7601900886189056,mid,partner,growing,-0.2501408517428872,3.396645420560396,-0.9783852852346506,-0.8187855281777066
135,0.57740257751925,0.04655747332786092,0.7618547740424635,1.1755065765087795,0.19242111776818133,1.1320522884141782,-2.3442978937886774,1.5904522979160232,0.3750621518923401,1.0778433557451819,-1.2198757448415216,-0.8307698816053357,high,organic,growing,-0.6166184123572991,1.5269689021891213,-0.4455385502555348,1.2503773933218327
136,0.14593829414477413,-0.017037889337463016,0.2830685880099896,1.0845151609299661,-1.7652203153028492,0.9738190717173091,0.008281909957927018,-0.20378186112454774,-1.4711152343848903,0.503048668376865,-2.414107851031037,0.6483940112387127,mid,partner,mature,-0.0076730361676671755,0.5483269408384835,-1.383037183234915,-0.5600347408370793
137,-1.492105835472992,0.053457912617474034,-0.11916883732792043,1.1695381472938837,-0.17865516901389017,-0.6941385611456656,-0.506602695971203,1.2728827687546636,0.5362969691808936,-0.3856299815231613,-0.23644641996451343,-1.567177090585447,low,paid,growing,-0.8018085628852138,0.31923432815175184,-1.788391374737094,-2.720755242520469
138,0.388474200851541,-1.7598157076954657,0.7517964658354561,0.12862159249126584,2.3869517995739225,-1.1001355537243058,-0.10266209104063294,1.7982877009230627,1.1913896402914144,-0.6962120515798997,0.22396742837344774,0.001999356415087233,high,partner,new,1.9083655375801527,1.9864735279649874,1.9420977373284876,3.8028460485884166
139,0.2819558673941572,-0.6986804359848298,-0.08932040270073452,-1.5980523752767137,0.13512345186808206,0.45002067342183205,-0.227419412643884,-1.6150508905847878,0.9885318628514624,0.3645250379928023,-0.7260150977009768,-0.28060044683806395,high,organic,growing,0.8159218347574512,0.5532996634013072,1.0782748650796297,1.9352151409648426
140,-1.5006694027818388,-1.0254101277779044,-0.5378113463571395,1.2284208122801512,-0.6395033908874757,0.6402136593287587,-0.5383162028615798,0.24794756085187486,-0.14139550214380217,0.8730566000927434,-0.5348113382185579,-1.572528250002441,low,partner,new,-0.16814057534157464,-0.1326500188325717,-1.7969584712809368,-1.2661018007356148
141,-1.3819490313636327,-0.5318774939427574,-1.2490599706780527,0.4102120156795513,-0.4657681648580778,2.3746065500264315,-1.737714595137132,0.20363317870980122,-1.127953023505669,-0.4934013403826786,0.14141947334054417,-2.325371374874287,low,organic,growing,-1.7328085877267623,0.5403363170478461,-2.7903533020294002,-2.9871628557673473
142,0.23682611678802748,1.9029074622741677,-0.45343829836859284,0.2598078568055095,1.0249216931253993,-0.16395350002699655,-0.5809601885314832,-2.2757364037217522,0.6409907193949733,-0.11316840972889723,-1.0126838513881617,0.12659671027769356,mid,organic,loyal,2.240370638617459,0.9571617890158697,1.8749778025342227,4.857858236652845
143,-0.5836803568061814,-0.5284261311155256,0.6062911561087082,-1.3383824113238445,1.0473152860737585,-1.3976861631184037,-0.6627014083552638,1.9229461940665773,1.1273547616424222,0.09760399249544019,-0.9405302155012165,-0.5292723066998932,mid,partner,growing,-0.2035934562142197,1.0962991177034949,0.754925276696073,3.2089211499386314
144,0.0732753145856964,0.03752323233959842,-0.09087092962596285,-0.03083251408418433,-0.2143751097051141,-1.4419787356400129,-0.5165107421608328,0.9146240539868465,-1.3683342975511175,-0.18955551153927852,-0.819753928770844,0.11135042939811132,mid,organic,growing,0.39808272532434463,1.9023821850842741,-0.41502002754187484,1.134071375016327
145,-0.38863318106681816,1.477393664974669,0.5065831541902538,-1.3118031657772113,0.6712280116136986,-0.774651856262063,-0.5769963713775336,0.3138190201071218,-0.49174741973013475,0.8928558163229553,-0.7745100615133954,-0.6189465525913632,mid,organic,loyal,0.7390330235900618,1.1219926046183704,0.8796083063851399,0.6949596437258818
146,-0.6563708935481088,-0.5656387483550389,1.099191555547813,0.6287962936103031,1.709943954012071,2.2676442038992546,-1.0307170319323398,0.07041912732728889,-1.176200316643433,-0.7776059277482671,-0.6300825102556694,-1.0571548741382744,low,organic,new,-1.757779088397236,1.6640985511733832,-1.5123864477631552,-0.5286746697150722
147,-1.0518872728984137,-0.14428437852025486,-1.216718418386407,0.8421269591376328,-0.9177535374175142,2.809568970096392,-0.45138445096439517,0.07201764191705222,-1.2953411844660352,1.7060917581276394,1.1195006808029162,0.29691587073611253,low,organic,mature,-0.6440346056667802,0.610757081693515,-0.8937264313902535,-0.024604878718794465
148,-1.3468025487795656,0.21066687772462028,-1.121431046017255,1.4623552634733608,0.8091947318531727,0.09543903848773612,-2.4363756632473224,-0.9834159786590306,0.6877611315998724,1.2128836917231558,1.1091698114921316,-1.5920130022414554,low,organic,growing,-0.3461903893464311,0.4201533002035359,-0.07817035118699639,0.3784253200399099
149,0.30155230681290407,1.0155152164829295,-1.6583355655822452,-0.007904515373236347,0.27384239830845625,-0.3007645848467349,-1.8521618554012016,-0.3256981100737287,-0.327305430255024,-0.1480724045477542,-0.5634714254250696,-0.4430121532414673,mid,organic,loyal,1.7223147188540242,1.1418947108622612,0.37739791429027725,2.2669368311309164
150,-0.0397062823469779,0.4424546049697111,-0.3044267628566672,-0.4096489283680019,0.09235403825445808,-1.9209159258951816,0.4770351272264581,-0.0005630971229588082,0.039693526597561826,0.960734307594464,-1.9528155300482481,-1.9738338698589637,mid,organic,mature,-0.16341934702989114,0.9822431151484096,-0.8192065455918413,0.7806945820287361
151,0.27380384532351953,-0.007116855128515773,0.17017694319193222,-0.46212707517244556,0.6643536742399312,0.93263884299112,0.48398229395152703,-0.26082845840458313,-2.107689387614403,0.7692362080371281,1.2217286662175928,0.64455841198398,high,paid,growing,0.47031440189432555,1.5321386880609655,1.9046742593632204,4.539073778649037
152,-0.8796424273675065,0.6737943936677578,0.8605297079614455,1.5588162477990857,-0.8761099242279576,-0.22645458454413847,0.7472720511434552,0.05741007143815779,-1.1173276020512748,0.414616285026703,0.5786616338151667,0.08796289633100199,mid,organic,mature,-0.8443370003222623,0.36937771696175536,0.6604279016753467,0.9526054350873805
153,0.21958492717994416,-0.25870590168573016,1.4782789357160593,-0.9006921837126766,-0.5873207627637789,0.010985513527525621,0.8789540277008926,-1.4973731700945367,-1.3102967497654392,-2.037728507734718,0.03269522525327079,-1.1183058172065439,mid,paid,growing,-0.6536392161143785,0.8504517260355103,0.18928152916252472,1.6164011889388048
154,-0.3845501100179167,0.661378189891708,-0.6415427207828466,0.23128202274336457,-0.29933790775172203,0.6721143150964368,0.4751280673480088,-0.69193369617461,-0.16865175340045263,1.0437433977204944,0.393376870254097,-1.3969620577511315,mid,paid,mature,0.135027216472357,0.2933903053910573,1.2354194064260047,4.134919765273803
155,0.6556180611713827,-1.0846106224362382,1.412513069961006,1.024098839841025,0.2898854759184008,0.1572328434361934,-0.20903225602742,0.6785239514000281,-0.37077816946206166,0.23556987063989387,0.8719343665194511,-0.5618065435255897,mid,paid,new,0.22713194853853588,1.064967895295251,-1.5987789075012269,-2.503324245127356
156,-0.6161927399906946,-1.194365480724459,-1.0644727461261723,-1.8283953114415024,0.7298287890155296,1.8089145420827708,1.4253289434703056,-1.6260844886265164,0.7248546715562,1.4221063499235564,-0.456809980738664,0.10144743065004946,mid,paid,new,1.5612406397605907,-0.4583498812548681,0.6125447544670204,0.8252457664437184
157,-2.0078930508046704,0.2667361679766415,-1.0635597294347174,0.19963501791151453,-1.5612029221888803,0.5428582244775959,1.0245126754266898,-0.7831798617151676,-1.1369225814104345,-2.156023042549981,-0.26641353407517704,-0.5815939342816051,low,partner,mature,0.011854448092595615,-0.6331313852288013,-0.2992471215855163,0.80985064176576
158,-1.5510194123480547,0.45301875631217164,-0.44997038186464916,-1.0757359586452324,-0.5545724056404471,1.0713045389296156,0.6029369437552222,-0.13002606149848983,0.6191050184648526,-1.160911956386739,0.03237010072703053,0.14732233048647056,low,organic,mature,-0.2363722521235122,0.30647752082458435,2.1792696742905275,1.9649381013178304
159,-0.4698365084987269,0.43545833595741784,-0.7804334546444512,0.5098207077761179,0.5518587715312919,-2.917159880697066,1.1903057035101177,-3.047632565352754,-0.6160490255561253,1.025348034257755,-0.31728672525244067,-1.466185982469542,mid,paid,mature,-1.5051101942417102,0.26582661790539797,-1.8181941687481542,-1.0967257096212872
160,-1.0937370617166706,1.0269057463206197,-1.9215045305486382,1.1289911009620173,-0.05510209904228934,-1.1923953304424335,-0.5831150723026911,-1.0172243411016413,0.8662252008585286,0.7324278097628383,-1.7191611338760466,-0.4035921185193341,low,partner,mature,0.9593869758769407,0.15752074355654827,1.7042912755001143,3.507816646273324
161,-0.8631856623442771,1.2935099684593703,-1.350099118126421,1.604229104685014,-0.033294739516937566,-1.1619344063800876,-0.6772741840092779,-0.8016188407684506,-1.274618402015506,0.09482685973037566,-1.2279155506918433,-2.1803662087381888,mid,paid,loyal,0.9509741656735322,0.7331828818662433,1.329346193928379,0.9844867790642726
162,-0.3796764708481731,-1.8028561964178826,-0.7521608680675204,-0.9091028886033559,-0.8712160720258142,2.0009631015901537,0.05641156716957076,0.24537100899533215,-1.7763982963422946,-0.6539631336369219,0.21530262994151197,-1.0245289129130064,mid,organic,new,1.7122726089360234,2.2184310495045727,2.0683960696672323,5.619707654490166
163,0.9080628435179854,-1.2026965859010301,-0.2863661358651756,-0.5860516399755586,0.16432065938191598,-0.640490071855426,-0.27089362707093734,-0.23613009177798555,-0.734387757391301,0.48509386849711267,0.23838837483742528,-0.0886139452531673,high,paid,new,1.7021568415082446,0.3176678712561016,1.678626217971034,2.228566053457316
164,-0.4304583334619581,0.796544030519997,-0.23583424381418136,-0.3066972878259372,0.10469002988812601,1.6965866829708507,-1.340356208021204,0.7698568930553547,-1.893171161238105,0.21727315822862395,1.5750828276087308,0.48866852446730713,low,paid,mature,-1.0200754856295637,1.928457920253889,-2.2201083158556862,-1.0181286868683561
165,0.1706250785397928,-0.5604494688030756,0.03104720048855424,-0.2520628154033563,-0.7859766079313554,-0.28987561547486984,0.19838116062643954,-0.7672170685306403,-0.8062818206846841,-1.3602434375921744,0.3907250260888961,0.5453232619670604,mid,organic,growing,0.2559169259965621,0.8499683938105107,-2.445246987488953,-2.6538074151448274
166,0.23166044423651747,0.9651704927286658,0.08786763708072752,0.3920109373657567,0.30383742563756283,-0.09154001941820787,-0.5308218281296473,2.214152615791911,-0.4519509798535085,-0.6658777111204364,0.43400982345010697,0.25185441529500513,mid,paid,mature,0.42934832132908957,1.4137971180057638,1.7111908033648158,4.9510342538146555
167,-1.4047915476103274,1.1226782545637386,-0.09419457535083331,-1.1109310952157205,1.188784114353874,0.625675571596154,-1.2645419919479142,1.7771828402577243,0.6587973683661927,-0.010196115625046132,1.5902188056217794,0.15929778382964058,low,paid,mature,-0.6328886789977198,-0.003914068004483476,-1.2493864652552586,-1.740237493235747
168,-0.02808307510403198,-0.660300116021989,0.5818504393070786,0.4766029673239799,0.014680139889711287,-0.789986353867603,0.12992985416607386,-0.06979878576213788,-1.333474318734201,-1.4718123513241856,0.5651533788097695,-2.601888315051689,mid,organic,growing,-0.10735520791595418,1.4054812116449313,-1.9744684028870114,-1.6246412467588156
169,0.20541052696125997,-0.4780830577538245,1.3082466068799101,-0.49346820915387574,0.659484214251896,-0.3969138412377916,0.11374815348614345,0.7368365309200512,-0.46255571632458015,0.996554884498404,-0.9936978771064832,0.2945928425583791,mid,organic,growing,-0.32931329571747514,1.2623592952906264,0.10864772528545408,0.9572258248195069
170,0.9226397227878528,0.6600374917903349,1.9164448767354103,-0.7634393173106605,-1.379149251348588,-0.9943351084951194,0.660442566548437,0.4979229342693786,0.10225665964741577,-1.12295704910713,0.7668672933290608,-1.2247047776505404,high,organic,mature,0.080502493146624,1.356424781997118,0.4992919022156603,1.6645142989883874
171,1.1589495823768998,2.857438423139865,0.3664511465715505,0.5831081356577431,-0.4928597688955594,-1.8102133210868163,-0.6027193630302223,-1.0928952410987494,-1.4470045764150157,1.7223599419956492,0.272862518025773,0.37968758061398367,high,paid,loyal,5.237100906818407,0.4156726952124502,6.004993218299774,7.14262835907162
172,-0.30902236519624954,-0.17287108244343635,0.9645506822393334,-0.03233711869521544,0.5306939380247327,-0.19600429784501586,-0.3421528907320472,-1.406914165601862,-1.977749062367128,-0.2615619010664018,0.05649669199323269,-1.286130036708791,mid,organic,growing,-0.6355821916866036,1.3906794609370374,0.4801335101117683,1.5427189665128593
173,-0.03447486503463288,0.053752562990502024,-2.156008006059379,-0.9151246594795012,0.4072638937354685,0.3870587293957439,-1.1536749163997606,0.15844805049973495,1.0224072253604721,0.7770729589908982,-0.09528578701393456,-0.4679763133242924,mid,paid,growing,0.5654578636693792,0.937302326869349,-0.35352850561023863,0.5953848942794582
174,-0.6293444843345044,0.4678197829096571,0.19510397314288802,0.6294040061022004,0.13187381312115198,0.8187639503474419,0.09459253295770016,0.7846887161316864,0.8708227703666389,-0.8045266302248135,-1.808144046870746,1.5434928560145533,low,organic,mature,-0.4182814962602529,1.4285812663112156,-1.2932632029285949,0.15172052248655338
175,0.2566587307122617,-1.7144858954961215,-0.7138194972187111,0.7718742923698284,-0.279676831132893,-0.5120614193191271,1.4008818603129667,-1.0472871463838105,-0.7981533577548339,0.21138647504826755,0.39045493205388226,0.4963430343407315,mid,partner,new,1.7070948181708094,0.5609121917428245,1.388391549773337,3.569860264290969
176,0.9112380445689469,0.19857862068151685,0.48938393893840915,-0.2592092593150832,0.06269830323671424,0.10753418005363442,0.21509813581903608,0.7725398075827608,0.555145681944831,0.0442170029001831,-0.8091259849410398,0.06767125806270954,high,paid,mature,0.5909565056642607,0.8215434559488347,1.4125966897194229,2.8988980521258414
177,-0.028017784895743934,0.19318157981319836,2.206525307140402,-0.5237727785412354,0.42228901912535954,1.0684620672442982,0.09800191409938289,2.337845119172165,-0.3780392917314767,0.32408922232004705,-0.798805744892982,-0.35152473514329313,mid,paid,mature,-1.1548035912480832,1.2747237259521833,-3.257442585060469,-3.434421364223295
178,0.2489339103966579,0.8463040623077297,0.3190948340235742,1.259114849334736,-0.09496531059267174,-0.33216852983900536,2.7039851072793866,0.39423764944203077,-0.7194815459785476,-0.6942637622480688,-0.9426799145313405,0.9365693558567879,high,organic,mature,0.4023478016302492,1.2697861696197337,0.5305541377215061,0.9484665548427333
179,-0.36437729289324183,0.12736247565648562,-0.06350867443826871,0.7314924079409346,-0.8467440928840201,-1.0755722861430155,0.22429730718159427,0.600959284699897,0.33253231309764075,-0.8094537290973276,0.6774848420913938,-0.7438609270956342,low,organic,mature,-0.34490371522753194,1.0059052883582862,0.5872181092531373,2.0637757111939665
180,-0.5215386447863833,-0.9439535247220022,1.3011583486520308,0.6334215410273492,0.6049933756788733,1.2472114211424503,2.8126492482387233,-1.7092261039101555,-0.7383765808771081,-0.6161750841745238,-0.8508196223826928,-1.0775832476037126,mid,paid,new,0.6646183262650294,0.36386923644026214,1.5554747732831689,2.2686156609505437
181,-0.2996530640553656,-1.216603715289405,0.3350423675374132,0.051698321428614635,0.4810286647636553,0.5077284516382525,0.6030068534266765,-0.3734089368238823,2.1211434026336673,0.23443111648209775,-1.862484752624795,-1.0023757457662175,mid,organic,new,0.47560773039069865,1.8772601386274432,1.184169315228032,3.33236300440971
182,-1.7405029890278156,0.01733462915130733,-0.12180522405333363,-0.4684256978994578,2.010926112400514,0.5489828740769108,0.7260983614463344,-0.9310734879421032,-0.9991448913310123,0.03680549909695475,0.17300713965222583,-1.856311567114457,low,organic,growing,-0.5740986600227758,-0.7818632637478357,0.4889018602227655,0.1162386716898573
183,-0.18030702284953407,0.014072082873504806,-0.21514916577112894,-0.8133904123466764,-0.53953518192114,-0.17685919357279603,0.09080002361004777,0.604791582550568,1.0808562049508712,-0.2943477235272498,-0.45615619611535785,0.43765567353430623,mid,organic,mature,-0.05297269320737778,1.7976051729636786,-2.8001553997230757,-1.32320776543159
184,0.6108449164108543,-0.4342004332588856,0.7903934769661722,0.9795853411559731,1.291686465658673,1.7783209067198225,-0.8664161386594389,0.01389820933251119,0.011277696618660139,-0.0980735685325076,-0.6492629196101362,-1.4855620032310715,mid,organic,growing,-0.4188705981534004,1.39692659276107,1.1945980914188734,3.219639335742076
185,0.0926794460290038,-0.7683556595479125,0.085993480747625,-0.7940435416988534,-1.0996583458443414,0.2342983603768977,0.15092152680649595,0.579281971320933,2.1858637664176253,0.2772895312108468,0.4850817670641296,-1.0775613288673254,mid,paid,new,0.1446698699234818,2.6464239215246685,0.47507482349685654,3.093503088825881
186,-1.2869074405363745,1.5828294467733337,-0.9234797799333037,-1.043944071468642,-0.03909892121655298,-0.09019241337738836,-0.9025065064432917,-0.3049732187131,1.2293757176501043,-0.8059936088317976,-1.3936724843661716,0.9425936208997923,low,organic,loyal,0.9328213592269062,0.8487855372856199,2.2674726309049107,2.995118153418572
187,0.4922969119380367,-0.6205186206486616,-1.582167016126918,-0.7446233564385631,-0.05470443684927131,1.165672089883819,-1.036581974869657,-0.08451988151147344,0.675144659894898,-2.3812673401219207,1.0337861679388998,-1.1824505722064373,high,organic,growing,1.149291994390779,0.9629434968560489,-0.025342482522595633,0.31721350070063903
188,0.3319954934569346,0.24668314961074406,1.084586391463845,0.5509243808935403,-2.377290491729981,-0.7847792471559913,0.13820512935328008,-0.19497988611978695,0.47761072975677044,0.7893665556697054,0.6084517364296791,-0.21427494255446522,mid,organic,growing,-0.24027763233059746,0.29752593708628977,-1.9941044769192473,-1.4465500577833021
189,-1.8463370111204804,-0.4554812488548173,0.4163681481389552,-1.0904472525504776,0.6312747301215763,0.9083932972673044,0.12686697629584257,-3.063779866312396,-1.2780883627118034,1.8861891585560817,-0.546537793028378,-1.984143223128996,low,organic,growing,-0.8073586268970349,-0.7708445292306502,0.9790190581086048,0.07829400791381569
190,1.2352473883102724,0.013355591543672855,1.1049404889577255,0.2769586752193653,0.4585591362121688,0.3630092477145166,0.697488311921,2.2774304485560983,0.9710063359591881,-1.580339317845535,0.4466615152789034,1.1414807681032177,high,organic,mature,0.7095276034822849,1.2096639045706779,-0.21699423113723015,-0.4184713883451827
191,1.202700806536146,-0.42660498305909955,1.1649444451881277,0.9277423995512052,2.57251743696973,-0.7500017362485115,-0.5074005764004252,-0.3061190484599539,-0.4902221500387753,-0.890020749763603,-2.762675505673743,-0.4346994737231341,high,partner,growing,0.8154029056873376,1.3157622850798278,0.5045540010542477,3.1312571679625822
192,0.36935805969990443,-0.4932218455059107,1.9353811835291097,0.013375812715862578,1.2910290551841355,0.26142041272996835,0.826407309893258,0.27924155393356226,1.3687846319035628,0.05593935013240072,0.4961207080887857,0.3663329336500437,high,partner,growing,-0.024058254930650058,1.5720447701666553,0.5033963855318387,1.2840815791272262
193,-0.2882854581273188,0.4049823189246768,2.234386246197682,-0.270396942095442,0.4194648928532483,1.2577789508694428,1.1402532809442802,0.011716417719365251,-2.3833887029573617,0.5167028186484662,-2.2194742586230527,1.469937230941231,mid,partner,mature,-0.5772409263841816,2.3348577892514912,0.19564573390433415,2.6244443471341476
194,0.16947387119326057,0.999674019871989,-0.9021111381810512,-1.5525074733000543,0.2607543841411672,-0.03360343995614198,-0.4915408261571657,0.08466128073276377,2.76743589203226,0.8345255473690577,1.049498605863319,0.8439368915533556,high,organic,loyal,1.3971620951502925,3.1188543406811826,2.475578390014578,6.828269332909586
195,1.4794621438521929,-0.1900716729007449,-2.0547613076752937,-0.1885861330060098,0.8117357099965018,-0.9698003951150737,-0.17636595048933035,-0.6917697430023131,1.5020292518431304,0.7494570154065637,0.651540620643959,0.6216013131209713,high,organic,growing,2.1577876620217182,0.22687264914358402,2.3811738294125204,3.3256170029176384
196,-0.037249252552126945,0.1975562825275035,-1.1851845805323176,-2.1864419787505676,0.15008113034502407,0.3239902562721444,1.2092645684253776,1.5713358160823676,1.5699984849989468,-0.9980235932938778,-0.3522650349497693,0.48033429588137955,mid,organic,mature,0.6797707672183826,2.0182082686417706,-0.37453845584065504,-0.9468296196626156
197,2.5319046777421774,1.480099203713916,1.1193971619983802,-0.3877879555492906,-0.8831996311551246,0.7889078833832395,-1.10066126423436,-0.23843635098030264,-0.11477794900192263,1.592912089122808,-0.35469730295967755,-2.4392496385726155,high,paid,loyal,0.8523793099941432,-0.7028218162857002,1.5590119424983642,1.7143817055689
198,0.5044446476624683,-0.6990218531039264,0.042631024437746814,-0.08670470084212364,-0.2737039958177683,0.7903405817847039,-1.5328648783527072,-0.5170142249543602,0.6840379131173813,-0.6140847753443682,-1.6088067092699718,0.6685553432567358,mid,paid,growing,-0.07280524489897444,0.46786375110478506,0.6497508115011597,2.639003056181705
199,1.123094630441539,-0.04499520764300634,-1.9608455984695325,0.7059697466988162,-1.659887881419688,0.3087992768481657,-0.8874638247421598,-1.1598392857669653,-0.4419100170796902,-0.18329755642725984,-0.6442082503864482,0.5887032782151507,high,paid,growing,1.6449290536839243,-0.7882002793684304,-0.17010583750229502,-0.22280564012155712
200,-0.44606937845883377,0.980190871671822,0.28117316564347944,-0.697557206596308,-0.8659398838322859,-1.6474962990474387,0.2907331778668224,-0.3545875472513581,-2.3721955280635143,-0.5357148727694001,-0.901034029254952,1.5756775921706603,mid,organic,mature,-0.18287187901540367,2.3765342734610853,1.2358129626379488,1.8590971428949508
201,-1.7027786118933097,-1.4413507997340538,1.1099696431056998,1.3567631574639631,-0.7449829387256415,-0.6320858228089109,0.6162353965533128,-2.32709979694531,-1.8611936845055561,-0.28073340085071186,1.549890566129126,-0.4357300881667396,low,paid,new,-0.6095881176451403,-0.5591153219196687,-3.0966637302054276,-2.457533848184024
202,0.10093679173515462,1.133789272564012,2.106884733278146,-0.5768484731483126,-0.016836723733426057,1.8220552213428425,-1.5221992751914284,1.0275810705538218,-1.0183155323612583,0.10247236710315673,-0.24261904740027426,-0.9580116007012293,mid,partner,loyal,-1.3341591400927775,2.0722841669843364,-0.29974350349892864,0.35676606050142023
203,-0.9831019276582751,0.2764143642537545,0.9955393281626821,-0.1297362031885032,0.07011315873321637,0.5711740662910472,-0.9716187730129598,0.739692508412923,0.819343097059747,2.60362629875041,-0.3761041905595823,-0.4580818016681276,mid,organic,mature,-1.2975525981682396,1.0955568170282604,-1.931662566226064,-2.4940239787101683
204,0.7689658715737455,0.8191041689121383,-0.535087153376712,-0.40316267693004887,0.5411308382180404,-0.8275842407346614,-0.4105339880150149,0.08959276736843465,0.9959386848222581,-0.6045986161795408,-1.842384462030672,-1.916597467518211,high,paid,loyal,1.4184695860491967,1.022042244976045,2.1239790673327352,4.5650926260458915
205,-1.2594130667061334,-1.3131677181999373,-0.15461075861990903,-1.188880153597605,-0.7027549598212041,-0.7740858849820498,-0.4405078608479934,1.3225043315231224,0.6619475894305167,0.016129415276003874,-0.4610262805808381,-0.4332326566230212,low,paid,new,0.10664738957672826,1.062333684928756,0.6168415948759307,2.317069209159783
206,0.3277464699519495,0.5841690733522902,-0.9076175061006004,0.03648075561423148,-2.031619568663027,0.21171378417059702,0.762149241958686,-0.2800686268808754,1.8165269961401054,-0.8812384474360504,0.21744041530326128,-0.035824746665955476,mid,organic,mature,0.9011258489567445,1.5745798486354756,0.8640033000510104,2.778119243941598
207,-0.10029766744340833,-0.11432216800474763,0.10710503000947168,0.8479587434636998,1.3777362362747443,-0.0022502445041573905,0.8153160721716332,-0.7017669462667825,0.765955452726233,-0.7619915238269903,1.0906599360881322,2.2106408773932396,mid,partner,growing,-0.12250002271230997,1.3040720342355803,0.3285866166680089,1.1618283937075493
208,-0.12208388797139179,-2.1925434908074086,-0.548072933244823,1.2318751342893033,0.5530767870252449,0.24891359867502955,1.008668355954839,0.484453439248422,1.2177251874511363,0.9194236766469855,1.5217004527369589,0.35879608390625434,mid,partner,new,2.6532601293730345,1.9397472393990982,2.566811473959012,6.607458883775631
209,0.9052594014939547,-0.3071270730857854,-0.6014608115590059,1.7067676404189733,0.21620467632268803,0.804880565862379,0.12374001441139017,-0.5865156509199643,0.010982892582401323,1.4359940177677142,0.555240074279424,-1.711473159730459,high,paid,growing,1.1369275434837143,0.21713572985962357,1.850878370053837,2.5839517607479716
210,-0.2152444565761547,1.782293792704712,-0.21379686184995605,-1.8004786917341806,1.8930488854225436,0.6823925098127926,-0.0700128588128004,-0.37141773608206863,1.0823519297917354,-0.5419834002261925,1.1482564245159883,0.542195285724256,mid,organic,loyal,1.4945146692291802,-0.1271204468557397,3.6797864313445605,3.090784904267636
211,0.24468192548734993,0.14551480533559535,-0.17496803671417813,1.0456401202092658,-0.8653428321018342,-1.6219251268302093,0.6144401228924746,0.6312383280671477,0.4802411525117667,0.4077283696180388,-0.32054037833754784,0.7874827043855253,mid,organic,growing,-0.11550926463983019,0.9560381725237973,-1.4567482552747053,0.29456539064514364
212,-0.04555812675454088,-0.4871135608151781,-0.3118913122553999,2.020639698775832,-1.7349760820454327,0.49978810429579884,-1.6791104276237172,-0.10823333832297323,-0.4336274851541877,-2.085028296679878,0.389037590433763,-0.3800380621921959,mid,paid,growing,-0.31312276092920477,-0.8463096961936981,-3.501269088867384,-5.178674518754122
213,-2.099206342561244,0.8395680907742521,1.435006177988935,1.490124342296572,0.35895644065147114,0.04605813857711549,1.328156620895797,1.6823835853400984,1.133568702875625,-0.9415376022298011,0.2013448532149219,0.4395161442914286,low,organic,mature,-0.9597343375799456,0.6176861361259292,-1.3754086045258602,-0.0553383424697198
214,-1.8096169689172292,0.4693606596207741,2.272991825979389,0.6399361658007914,1.4734130814417563,0.18291473012870507,-0.07321832398382148,0.3812713900809755,-0.8158266479844326,-0.9637751872343886,1.2663045571693656,1.3723423428665182,low,organic,mature,-1.6953477998736353,0.5724236696362823,-2.179373699787664,-1.6882135166318561
215,-0.9911063155873504,0.9679988045538644,-0.08695997560602091,0.33980857449043056,0.4602186394350634,0.9943504681243184,0.08271820186318887,1.410161995301936,0.30941283975992473,0.6241842724695326,-0.8332625915372465,2.158659010704834,low,organic,mature,-0.12876280787180508,1.174589617661001,-0.5063309832697792,2.9079820856159757
216,0.4698249232049664,0.7129974253450992,-1.6081858112115415,-0.822702023079101,1.2378836879187305,0.2868911182926047,-1.913779734828926,1.038289928983819,-0.5437828043527234,1.411316985876712,-0.08783567860369966,0.20470668602052994,mid,organic,mature,1.1204318644196505,0.9736153890311967,0.19399291049203837,0.915835900878619
217,1.1789545785916484,-0.8974929708546623,-0.9928468078339396,-0.19649842039810733,0.8271727996212221,-1.3308772526134907,-1.6680345998890966,0.8237209270437923,-0.6029783125670037,-0.3922260129202831,-1.8568104019401659,-0.6789793143519821,high,paid,new,2.626873426326331,0.5558987753454293,3.499307595527922,5.121091890852947
218,-0.007567296631150636,0.9303778576228922,-0.7712301662346388,1.6573761202324966,-0.6845560241798007,-0.6830918015851747,1.5373575518978022,0.21146015236391716,-0.5520247290115766,-0.15513313118059344,1.3530735775420593,1.4662028196256818,mid,organic,mature,0.35373873833320674,0.6906173399901636,-1.0275907175484809,0.07458005113693023
219,-0.816793179270256,-0.042433810079108215,0.09015682766757308,-0.9862401105165975,-0.05568505264999431,0.005322860451700487,1.1402094789367356,1.207425028311201,-0.32920939835900803,-0.21395314386081168,0.6642923020556356,-0.5851884489270115,low,organic,growing,-0.620406038297169,1.2379137798783608,-0.16963093257551026,0.7136012817234898
220,0.5886401517374027,-0.08790648736921473,-0.9693985777386207,-0.9568367128796466,1.447058696031102,-0.1564214791432986,1.640354093898311,-0.5136362607149101,0.2912052011314934,2.3926767230182415,-1.0573867446632792,-1.8978144998997766,high,organic,growing,1.1316429342601992,-0.0538370350477685,1.7701085521172424,3.049941791534938
221,1.2865901312872332,-0.8268091053930736,-0.020706364106233777,-0.5859182104515849,0.2681627809553161,-0.9505362071857422,-0.1799400878833061,0.4498153265565342,-1.008308886274262,-0.7000840296458889,-0.3473828335985318,-1.4288154342262782,high,organic,new,1.5374479671537162,0.7169109410452849,1.8539138741943282,0.1795859115102365
222,-0.4225609827987464,0.11879653990290184,-0.39954894158842846,-0.27137649293172456,-0.019901670906585355,-0.655743462432314,0.6910625658668772,1.4359781248017758,-0.46438039219544847,0.4851982314777071,-0.23961715543464693,0.3654873450385047,mid,organic,mature,-0.32248858593710505,1.5041154613418375,0.16465468988881882,1.6453833023716258
223,1.5657795312032543,0.5086595430180988,-1.7734145388096807,0.4539956314469589,1.2328637433090093,-0.2215961699981027,0.9956348061178324,-0.690115541151946,-1.4855391595222738,0.14116901883264016,-1.7564767207463141,-0.23977101289359176,high,organic,mature,1.9891421966409522,0.4497613296814304,2.9384094523684157,4.166701149093914
224,1.286842262645503,-1.9097629057462808,-1.2794967959138979,-1.0320322451615775,-0.06331985971095996,-0.36571678564620924,1.3991363816960873,0.9543483290916974,0.49527294606859795,0.14563031434388482,0.3932297769848273,-0.861982355313375,high,organic,new,3.312659832434159,0.8159312216227046,3.366225114691057,5.05280865723294
225,0.8572103535566122,-1.112044254359201,0.8353769939022309,1.186142502118831,0.2108646020880872,-0.17621305896197587,0.4003099083096733,-2.861518370100673,0.30225821848546125,-0.11335399783980703,-0.05062811305699102,0.7065325128978275,high,organic,growing,1.1690012684455335,0.19385193906876852,0.8225046547198809,0.3861810416961675
226,-0.07476892156472781,-1.140206856651158,-0.14140267082537805,0.06755548408082447,0.11493391158101274,0.16191936728506806,1.0393690449185533,-1.0860345530341475,0.17570045616484992,1.289929698618241,-1.7346114969371953,0.17964668078005355,low,paid,new,0.5212252099461261,0.2811620153583423,1.0075956485709903,2.497159197046929
227,-0.5853785019730434,-0.37071038447310495,-0.904807503214422,-0.16955071570044408,1.8412556144269043,-1.2644303611772136,-1.1696100024788274,-1.3019345701635046,1.727418286628101,-0.46233970552128695,-0.025639060347674214,-0.4027829411062397,mid,organic,growing,0.6254207066232416,0.9216804971610654,1.2257869442352325,2.0107587008949315
228,-0.9444228784030915,-0.2351506466144354,2.45824360573656,1.392070920974255,-0.8529378177922723,0.6475741030616857,-0.8315227726663764,-1.7763676388462208,1.0195109176646295,1.1600928466435507,1.0460522510478993,-0.46986524921957273,mid,paid,growing,-2.142077757925795,-0.504828194122174,-1.252396736707042,-1.9326695517693424
229,-0.16677573400198623,0.7497655536581233,0.3914960373481072,-0.3936374712970443,-1.6190718201181646,0.11387519414201226,1.0790096392361133,-1.1975882890341571,0.638759381675977,0.33154169513369264,0.7501482632323336,0.8719754997190072,mid,organic,mature,0.021246998602343525,0.8751753166285339,-1.691145761288135,-1.360477812760397
230,-0.694465241925353,-1.616959400164946,-0.5335195256828793,0.8891273175270074,-0.542003903525971,-0.6940433238576419,-1.8213503419246384,1.752647554550939,0.8257136414253099,0.7698959812747644,0.9677253867794737,0.5767083615434017,mid,paid,new,1.3410213554815313,1.0369927505125394,1.1574898347969738,3.0420937436024027
231,-0.24432885517952907,-0.16376410412220166,-0.4275643645921248,2.634740754415,0.5559120312994426,-0.46380044135143456,0.4654967741662798,-1.0108689178563175,1.504506718589227,-0.6610690958071401,0.5010854326224657,1.0659776297431345,mid,paid,growing,-0.2740698728114094,1.4856201489767047,-1.3394381602354333,1.1753113395745285
232,0.3847685442049928,0.09446999181963821,0.010802084856015158,-0.056441096887107134,-0.5766984889275022,-0.44948342976970423,1.479590373650935,-0.10853663268515668,-0.7857962693827731,-0.5162975968615086,1.100370680697223,0.6756066331644784,mid,organic,growing,0.03385650022819753,1.031034088120991,0.5948213268402224,1.9994056682266474
233,0.5603291782322569,-0.25752119890979147,0.5733624701729451,-0.643561124950648,-0.25961403134577454,0.9698044873917454,0.8742776789190644,-0.9819098459508032,-0.8555264529085758,0.10870215281340967,1.7261323746695099,-1.9155651644689942,mid,paid,growing,0.33946889252407575,0.40291157838974223,1.0661780638618379,2.630340087791624
234,0.27833293957050426,-1.3760433315731482,-0.6343309935255456,-0.3644284180642414,-0.4205083434368909,-0.5337959396592085,0.007207060376370152,-0.5352555666305784,-1.4624573848541527,0.7798696125227764,0.7528721671488805,0.843174310022669,mid,paid,new,1.2504602346883247,1.0215376120295787,0.9760475535312425,2.4352696034597816
235,-1.5407344962640819,0.29891815258415083,0.6759788558069234,-1.031202068439585,0.009173248182129144,-0.11626664531036575,1.8421506585682637,1.924496037012573,-1.6643563933302008,2.4939270057279894,-0.9152257211533239,0.9806732943274258,low,organic,mature,-1.1448252667926735,1.2932927892119919,-1.8740932487511068,-1.649036628090937
236,0.9704979808637308,-0.9956902268418067,0.493267793839099,-0.10753374426606396,0.5543300046323907,0.2306723023806257,1.196339485370247,0.07539954314606226,-0.16787406942631122,1.0960642330571804,0.5803959648586033,0.7318133943208879,high,paid,new,1.194247655611028,0.3402641678904151,1.791211190537123,2.5272811790287344
237,-0.6645866722585968,-1.045262781398474,-0.5677221432527015,-0.6208213856805886,0.7861992686529143,0.9759840502940518,-0.15513028953240038,1.4309190188243524,1.3684693937651298,0.24339891640053923,-0.82189177154304,1.5753766494355401,low,paid,new,0.0478131698391101,1.3208215602109803,-0.08542914715384883,0.9262212874881646
238,-0.06101735102840823,0.1261651964309746,-0.33960502560656863,-0.8897903262971976,-1.4686394303152919,0.6328683235572881,-0.7834010538966204,3.0595312289968235,-1.086073582612479,-1.25738247498137,0.5101387156134412,1.5293134789672953,mid,organic,mature,-0.08631839123776844,2.4784446729928478,1.3401482708855346,4.7887995570635775
239,0.06458965694322165,0.5722424201872743,-1.8435474174587096,-0.6775115456917667,-1.073615729137567,-1.895045849947881,0.11698023402388695,-2.2428276216104335,-1.3221959660874487,-0.537193794013418,-0.8312858359510763,0.3964085022070677,low,partner,growing,0.9562896742745537,1.1756622272001847,2.729242728424042,4.830329816420623
240,0.30558019190248,0.8937987459354568,0.7523837327126781,1.1408127893613809,-0.0019184000090541567,0.3034669008166697,0.5115137019191913,0.1416566973910257,-0.3971943099170739,-0.3324425343397702,-0.8175583983299655,0.4216168299098296,mid,organic,loyal,0.36363364166671047,1.4265585841661355,1.3643446903015999,2.4059420989962135
241,-0.09401517408515554,-0.6631737506367649,-0.6622448193245927,-1.2103987277827886,0.9788413412371997,0.07861766953178756,-0.8628000195732701,0.8085477496020183,-0.560448809794373,-1.4065006270122327,1.021222289219133,-0.5370969895661131,mid,paid,new,0.21567595968757025,0.6922278123721685,0.44833336573567373,1.0530989237153414
242,-0.4088990902087895,0.04118002034917748,1.1425892227901149,0.020037290866311695,-1.1991171261452302,0.5438770041121802,-0.48498972426172404,1.8879239715294662,-0.0011197219978901704,-2.235035497898666,0.357364972155674,1.9445977922602284,mid,partner,growing,-0.936906691989927,1.4798621993429077,0.8886681941927187,1.1092141527173558
243,1.5759202885453896,1.8309542887565653,-1.0197601853814635,0.9121523959767788,-0.7219945397367117,0.2242893994169245,-1.2729524287397325,-0.6444557648827163,-0.6762466973636153,0.8985552801426162,0.8007191216696554,0.2768197293308208,high,partner,loyal,3.170874490917718,-0.17790808937173885,3.4115947814975183,4.072561937924617
244,-1.3504214180553855,-0.31163943394972,-0.746116482942726,0.869675756694491,1.1781848528171845,1.056385586030883,-0.7552194194170205,-2.739533122289479,-1.7669618981300543,1.4216269780822084,-0.4012549393198239,-0.7507246182651125,low,paid,growing,-0.9154616295087946,0.6152085865780463,-1.3946555199244004,-1.1965377214194255
245,1.642660293436234,1.2651599454883269,0.02444872191978665,-0.2934030910639739,-0.13210121281312523,0.22716279838746606,1.600047281319608,0.4224674242372267,0.7260290330391413,1.1692701090701714,-1.169676001024419,0.7548618924740429,high,paid,loyal,1.8826365231717044,0.4168231592544743,1.2072960867356337,3.7947562723967367
246,-0.29456875466161137,-2.516095195772766,-2.128169541985812,-1.0181176115186856,0.5312232285925814,0.11379956534029644,0.184366707175664,1.950943482686692,-1.2690896148598123,-0.027433354183723595,0.3044355228138156,-0.7362731165383355,mid,organic,new,3.8991743861345514,1.6924286975560863,3.1956728236834335,7.195255429189025
247,0.028326745082940964,-1.599949334084345,1.4099062172750279,-0.6816145525304338,2.031400164778503,-0.03247432391745505,1.0280535653991831,-0.05330286899115438,-0.03074383226052982,-0.5840293332220078,0.11912392936627762,0.31799869441404743,high,organic,new,1.0047653658367575,0.34479929194218534,0.9983956185016988,0.60863899834801
248,-0.7842585089151799,-0.1250444158598842,-0.6100988660571137,2.2996640696148387,-0.08973076991161853,1.5452321516965593,-0.19562233080768832,0.25928764153490796,-1.3213640716452693,-0.44707259186786463,0.21053467078924676,1.5860038309598667,low,partner,growing,-0.40359059516610296,1.2037326207556673,0.05949622099616564,1.4828471273824624
249,0.22198277767627117,1.3837203611929991,0.6407291102029202,1.6274013394646858,-0.059042217305055426,2.390222710651804,-0.485396202914123,-0.766461834197669,-1.2100528496890341,2.3310246715580702,0.8194475726178976,-0.33412073338030845,mid,organic,mature,0.3810622526631196,0.9113609676609109,-1.0340946868227985,-0.21365181108664624
250,1.249022696873495,0.687692185117782,1.9661274713755903,-1.5478328327399113,-0.26536010831425455,-0.46252138394282544,-1.9736826764086015,1.060327204779694,-0.2703965558033584,0.7396312049865622,2.3597719343296117,-0.3532436918276083,high,paid,mature,0.6257918863406479,0.7408315565169379,0.17686595877298356,0.7403199501570266
251,-0.4211529826571552,0.11866416972399602,0.9872473529834096,-0.5667130253101499,-0.6309615971321306,1.0571892702413659,0.37863932383803556,-2.0447282630048207,-1.2253917994691081,1.5012358638272103,0.4019282830788125,-0.762195931037249,low,organic,growing,-0.6041537100787141,0.868689765121587,-0.39130269613131785,0.19330773526965728
252,-0.17040965723498214,0.013236672801670204,0.7357333602801638,-1.3582633948587894,-0.8409491386704581,0.27295575486338886,-0.09983458049545033,0.5718591826367099,-1.2295073973595978,0.3571286762713211,1.0915836193774722,0.4868185471492834,mid,organic,growing,-0.47756144611700296,2.1874751991493673,0.1660648230438791,2.049409725814214
253,0.13911173976159188,-0.09588360256597088,-0.8348511527715018,-0.07199859243978847,1.259705852880406,-0.11902850660012523,-0.8898039893484101,-0.4922470887653863,0.20085029727593015,-0.37351399718084694,0.4853032830631407,0.5228437607490304,high,organic,growing,0.8835754595455508,0.686012236511085,0.8576527074657294,3.673669243099839
254,0.8889831804046482,1.4235594722650329,0.9958587243723608,-0.9342390641479599,-0.9035344465762722,-0.07577147645982442,-0.4511753572394145,-1.1383267269609427,-0.44169179417299426,-0.474512933619039,-0.6718477397612058,-0.3157894861550056,high,organic,loyal,1.5499439267056354,0.9205175513702853,1.7944520605339762,2.83712097663051
255,1.178450850318331,0.19923804124923924,2.4718090760554694,0.17050818601964934,-0.29006577393725175,0.004132882654866092,0.25649197844354,0.43525395717106363,2.0767113258590237,-0.8453204649775686,0.8590460581777356,0.20775059761412384,high,organic,growing,-0.0028303302976694093,1.6841044856334233,-1.2413527372882156,0.4112830707580112
256,-1.5710977425706176,0.7706987820947633,1.2676235608039048,-0.8571764037774298,-0.008933867891970693,-1.7253542620077036,-1.2588064596843365,1.0480295776172526,-0.4664165060074345,-1.1088029749380393,0.22946036445842968,-0.5224124314310232,low,organic,mature,-0.20468742355631453,0.5261541997504922,-1.1164741612338398,-3.454292343582667
257,-0.4708216577755361,0.7393260256749032,-1.1617333589343466,-0.9053652126818322,0.15407999214886864,0.9694097907482053,1.2381603014898497,-0.665061720361623,0.9373769669196479,-0.7841422934704089,1.8262093469068,-1.1337710254197284,low,partner,mature,0.9133004280034386,0.6990571019647278,0.8524385907193653,2.6307956532997587
258,1.328478810791731,-0.6564861068187239,2.0132464547946003,0.5913207288524843,-1.016016529408222,-0.5222384795425068,0.7811812052237417,1.0526444176155614,-0.07071559172446261,0.044658280963466405,0.7583530326440655,0.13179842701081995,high,paid,new,0.07296853540855486,0.19054641208952394,0.5835196505985495,2.1333767651200746
259,-1.2935048593383758,-0.8129740246401806,0.23511994315166507,1.2154824164976936,1.6159824241620477,0.7795294207714503,0.28729076103636375,0.748813885982477,-0.6667508502068556,-0.15323096025821417,-0.8241307213394766,-1.2487426107077115,mid,paid,new,-0.6552002961851204,1.3994444423208767,-0.4238970040032598,-0.20365169198398314
260,0.33354901163620493,0.1855133065847436,0.6876524845090128,0.5461118308924472,0.24264427132386202,0.5566166656775543,-0.04268309622747663,0.4128913952224006,-0.7261444026863596,0.3697059256391301,0.6684176852860094,-0.6696814280722031,high,organic,mature,0.3101795230657426,1.3708926696257795,-0.5386448634963086,0.15876759699215892
261,0.05183209899284673,-0.6236025096293596,-0.5265066965161149,-1.1249293551021546,1.2657749251665555,1.0656851747200478,0.5374338542273371,1.972195951943814,-0.18924569656839169,3.0317624151106344,-0.22752941536322038,0.25519335175601643,high,organic,growing,1.0519092897481743,0.9440579636480863,0.8153472961999799,2.45551296883444
262,-0.39777791394020817,0.372325560060305,0.8356149278862445,-0.11391639305308393,1.7767198471176207,0.23914928463346072,0.2704853861101991,-0.9089976945137175,0.4184990745503845,-0.1340272208093656,-0.6082397293372869,-0.7764744081483639,mid,paid,mature,-0.7907355662064058,0.19224002800177872,0.7211027766704022,1.1491343320857486
263,2.671763379756685,-0.2634772501790354,-1.4569854207812678,-0.6982214597325725,-0.051567839476213594,0.546667032616485,0.5547965217253135,0.6766145517765254,-0.6448603066373296,0.34044044350154545,-0.8760594641105784,-0.6196429830140117,high,organic,growing,1.5238564091220994,-0.4178933386320901,2.068114641718661,2.737025286121392
264,-0.9177089745002595,-1.1883888545982695,1.0642094888580087,0.6886117009788877,0.9766653699781299,0.03931306602429631,0.7768076988651466,-1.761289404642545,0.8630875180453551,0.1771198300050302,0.6271096001491656,0.38002329904861315,low,organic,new,-0.3959140252565813,0.5309276588173062,-0.558447068612987,-0.4822945949543457
265,-0.9870551545368866,-1.4980397753910466,-0.7120541661829632,0.5649172812729122,0.6900914151753954,-1.3679422773818628,-0.9810993674682146,-0.7232356859408393,-0.3573050602668157,-1.3620508308526522,-1.4220517661401326,-0.8218352964075539,low,partner,new,1.3117956411098497,0.38715048976462624,0.2859588793902028,2.6221624200234115
266,0.08625383622500567,-1.1805943397534906,-0.11580350997176611,1.0585528161418154,-1.30177973741351,-0.20644575841053947,1.0247567337507726,-0.4182683903638093,-0.5736696908584189,1.1634958143064738,-0.30620207897154783,1.1044950252055679,mid,organic,new,0.7333079447494097,0.2211731136547324,0.019936827609332464,-0.4226491425921449
267,0.4289653911271988,-0.34284465290983673,0.47969053059753036,0.3204495138460378,1.020882821002474,-0.5483455378650185,0.041206066781619685,-0.061515679604637406,0.7041481416397848,-1.0251791944441757,1.016977048237856,0.4663287721704166,mid,partner,growing,0.16661654846834117,1.1437034234841317,0.17320691070241417,4.060447120445486
268,-1.3169250736329463,1.2082628254805003,2.2340930807977313,1.0018339695494078,1.4269847672264693,0.0853713816025881,-1.66150491973851,-1.8441204511675249,0.25508204386775846,-0.59197880772998,-0.9145762783273513,-0.06274668396867535,low,organic,mature,-1.1064882671753329,0.34002706149934436,-0.8305411685753263,0.5022474597005562
269,0.6155852878612882,-1.4527575467621472,-0.4488776202803848,1.5098706831203152,-1.0752883802213746,0.8697611871649563,-0.4847307615489939,0.5457937598499527,1.0973275072028672,0.7412817669850216,0.9091596022138765,-1.1515935334079561,high,organic,new,1.90055634973127,0.685288307011858,2.4661197948328293,4.723359327678859
270,1.1136597067412988,-0.8526931146348199,0.2595417655715384,0.2582461869972269,0.48512255886958094,0.33695667606019053,-0.8438099785247232,-1.3498674122957162,0.8723486799617686,0.18583457751891555,1.1493768409578178,-0.04473293418786798,high,organic,new,1.2008740287737751,0.16359188591741758,1.5888596131625896,1.188631748671484
271,-1.4051643606769604,0.9661296810041061,-0.370370609661107,0.3420034574210212,-0.6474594284795192,1.6443017102336905,-0.8765648241831969,-0.33742975410617465,0.10744870269731638,-1.0921823270869582,0.33051952858759515,1.6119104774674902,low,partner,loyal,-0.7322162463814641,0.22300845895147609,-1.102452608650149,-0.3004975485987451
272,-0.49046216069371046,0.3951428190317255,-2.7494353860385554,-0.03892920048484066,-0.31304228592620537,-0.8184976024103849,1.081450469628532,-0.32624368162382816,-0.17747748709358746,-0.37719287478907115,-1.9168158717650765,-1.131986440076961,mid,paid,mature,0.3844221068576403,0.4563888246429774,-0.12668279253494003,0.8956396250281704
273,0.9610934861202163,-2.109950646879972,-0.7663153496157056,-0.3997200562897638,1.7436218672915653,0.768603765496369,-0.5571705270530996,1.304513697115551,-0.7405158205011196,1.0090998037340055,-1.3588772459230156,1.0732578317891572,high,paid,new,3.2053449990645926,0.6638108798790697,5.25233388135426,5.372234522966682
274,-0.4061336454709856,-1.0285042409412697,-0.21714361307631405,0.27734417972021486,-0.49474843052571216,0.5539535059953238,-0.5829938836640675,0.6203723939313579,0.44222206203659953,-0.06092305470793503,-0.4413823123659498,0.15154079576526616,low,organic,new,0.18139615578517984,1.2366305527115604,-0.3750711661427043,-0.6555622704951793
275,0.5502537430336992,2.0617991527316084,0.939420421798181,0.9759899498158413,3.0885121948602836,0.5159584767678441,0.4846435113117023,0.7040150743216541,-1.0089659775882531,-0.4439016364187562,-0.506169266692334,0.6476139772195617,mid,partner,loyal,2.221113881850027,3.1775016128135136,0.9294101865521296,4.74336278174678
276,-0.17417456222119868,0.1382234254743028,1.0874546201484645,0.8631507387041388,-0.16172100304124704,-0.6699950968782225,1.1352747316531886,0.7738911809098658,-1.6062568182953822,-0.3131539389082808,0.1655154620167624,0.7788297171210313,high,paid,growing,-0.7726893212266965,1.7065816851747067,-2.411406799279134,-1.561546875553977
277,0.9101014949397712,0.2839060011754735,0.585247531358856,0.06413680237815363,-0.6738516881805606,-0.261264391041254,0.018991186640108272,-0.034679250018589874,-1.8855729044434706,-0.3974833349294312,0.05620565308915186,-0.281369991905701,high,paid,mature,0.5566080534842038,1.2122642859161983,0.20341916635449198,0.9602309926262069
278,-0.24682379551158573,0.4879913708045874,-1.0789571870486339,-1.6280422139512112,-0.3481697908366748,0.7641144055017897,1.6875530394866385,0.78212823909474,-1.4682637598688473,-0.23236723937677117,0.2566343810815294,0.1775911169235922,mid,paid,mature,0.7249317561636615,1.9060746965106539,1.664915576830492,5.149414140845756
279,0.539304552942874,-0.9170489464607607,0.06494308755074261,0.420322829776129,0.8256709533036595,-0.805718166612792,-0.345156867242898,-2.7038176800733402,-0.6214619675777742,-0.524414892971043,-1.019584508167443,0.1656121502326517,mid,paid,new,0.7133361601263141,0.26614620177159165,0.1373884707851203,-0.4390280746270766
280,-0.05594543204526823,-2.2592138775776114,0.21550796930175647,-0.9283241307890274,0.48568895919051513,-1.2818512477286654,0.03000653853094012,-0.2831633288865059,0.30310188495033036,0.12469727765134685,-0.25516417502145444,-1.5362723140442447,mid,paid,new,2.1949265163851486,0.40301043207457427,3.6724410583284097,4.721942864885448
281,-1.4772079634610316,-0.583886939092219,-0.00827988392958697,-0.608247947199117,0.6252119305794656,-0.2792209192116837,-0.9650127247795103,-0.27809629298790933,0.22585983631655238,0.3248847188245844,1.8783791319931293,-0.6689093400034194,low,organic,growing,-0.5145304211463864,-0.2276081189829451,-0.5218119662849429,-1.5529934631703264
282,-0.07347866159040038,0.4261239468194264,-0.023422959200815323,-0.5006181459886532,-1.5492571763442435,-0.5108345590530156,-1.073702412717801,-1.7266066811237784,-0.7956788416705864,-1.0470917207664545,0.5837865452929482,0.6010918374142937,mid,partner,mature,0.2619948124919602,0.9413994864384929,1.3715528792387026,3.2345874873285343
283,-0.9038792895808748,-0.2602286305631211,-1.8582426621125354,-0.4943399501826941,0.3989819007023456,0.8249378896141027,-0.7130470816913138,1.0518548605275198,-1.5156919215134717,-1.2476277991437925,0.7096618656378763,1.6711212285632473,low,organic,growing,0.00619491447811249,1.5736582009581968,-0.7515262180494521,-1.1227840823271
284,0.4934319881836954,-0.040342386534012425,-2.1951837465222086,-2.0224470560434793,0.12940953689586895,-0.35806266957117455,-1.105835182152118,0.06553258083005072,0.11513136750780958,0.9444158685402726,0.13660228301270078,1.2283943683343845,mid,partner,growing,1.5259507722059242,0.8055138781680423,0.7837340442861327,1.3266962838896104
285,0.007994029548813363,-0.11533499480733611,1.0643121862471823,-0.9784408800414345,2.8144474532661614,0.3752574781667358,0.3808292528376731,0.5250959739725976,1.8771364753316424,0.7925074116726066,-1.6050559790039236,1.4034703847675043,mid,organic,mature,-0.4087306377595018,0.9306557934224233,-0.31768493442952894,-1.2050998419986505
286,-0.3408965794450173,0.10715507283932346,-1.2792539721752665,0.5262020181238957,-0.6513742900675522,0.10016963799347375,-0.284099005360783,1.9250128017358519,1.9822603001455896,0.046513170214741384,0.06397771136885474,-0.37344296634951507,mid,organic,growing,0.3025563845321094,2.3455517670766746,0.7851110508770056,3.0533206579748873
287,1.1060062915027862,-0.32891987033337716,-0.4213372746456993,0.9785928636649645,-0.5382990953166494,-0.03775503444853058,-1.5813107815109928,0.7041903451231669,1.9408669391818687,0.7212253727997919,1.461799167547305,-0.8461021361773309,high,organic,growing,1.3327094504456627,1.5171396879492596,1.1537522078797093,3.7400665679504015
288,0.2363242820282007,-0.9431599243693896,-0.22776554558134285,0.7722114773525048,0.10182061310329862,-1.4126410226012216,-1.3150291055377534,-1.3811639314907738,0.4914525899395903,2.0638945356566682,1.3624582440002129,-1.8959851991460643,mid,paid,growing,1.2776399725222274,0.2892417411571167,1.5701054232030125,3.0712752865681434
289,1.421075938069784,0.9364004170146472,-1.5452999455287577,-0.3032016167104975,1.0955224114958095,0.5504335109347853,-1.3090950523879856,0.6107421557961942,-2.1375005960805877,-0.22282217575721136,1.1379567694000488,0.018394215571319834,high,organic,mature,1.9866301907431976,1.4687045660642242,2.57511614419343,4.088757220748213
290,-0.4989375499619459,0.8893462537723492,0.9747518150865815,1.3100396928669502,0.8743424284463873,1.0813747939371465,0.7329085574375346,0.26552864911647195,0.08950899976381409,-0.237259719097402,-1.2123682930597257,-0.9553115088198088,mid,paid,loyal,-0.30894470558244896,1.6512104877777773,-1.729450385355816,-0.06375306026885419
291,-0.28201448193520967,0.2414521596024293,1.4408125980042632,-0.04179722787551253,1.003476290877664,1.0793156564321207,-0.231446797688791,0.5946902113701839,-0.2435280417248615,1.3221358940784769,0.6358433382659322,-1.1904837546883553,mid,paid,growing,-1.1417706496277877,1.0264053967351408,-1.482708098816928,-1.0862785539718045
292,0.16152465215384673,1.6481121618238797,-0.18123103454670117,0.44771503009506813,0.5458788377391453,-1.0366228991646005,0.5107079492135139,-1.3938351520346257,-0.6256241064013961,1.075722967494192,0.356756290308358,-0.304477807746527,high,organic,loyal,1.7065847517957549,1.0144067008216724,1.1879022227359983,3.9197645634568783
293,0.44646102124518744,-0.060092247755131445,0.012578502351833248,0.6568185267201376,-0.7273677406591319,0.040336405554690695,-0.3122681946066529,-1.5856033746002556,-0.9204557562492998,1.5682064470638322,0.38472331458523407,-1.3235883014013892,mid,organic,growing,0.33652782545885773,0.3471201296126921,-0.13359433216201083,0.04348463632812932
294,-1.5403543758484106,-0.11216390011058394,1.5611865331764823,-0.18675813480435263,1.306999553404016,0.3519307708186574,0.47125045784589364,-1.3357205093045694,0.9375229217497576,-0.3349320372736072,0.8630924536109083,-0.814169981986113,low,paid,growing,-1.6295338986087404,-0.6320515177267847,-1.2226561700903917,-5.194551901127515
295,0.1770493475099125,0.3520029539376315,-0.15403331657586652,0.4045451930861567,-0.26639707519250877,-0.6490597530412794,1.6054833827939645,1.0489528663614422,-0.7608647450481768,0.5684443055946129,-0.742678854701153,-1.1846846436623242,mid,partner,mature,-0.14465317296992114,1.5494394604988206,-0.6494426085521847,1.5998450780919535
296,1.0338094413989762,-1.7040996256474057,0.9268559135765412,-0.2527223125730585,-0.21154660308052864,0.4097512196232897,0.5811988119942524,-0.8263431768289082,0.7177256087500634,0.1133705380252234,-1.2560547928680381,-0.1698744835797392,high,organic,new,2.1675545237230804,0.25728539951428386,0.16247688751124567,0.009406154039814374
297,1.3812790155589258,1.6765947982456966,0.7173484576086773,-1.19034348816837,0.4906069024558882,0.8508609038591928,0.7257079833187221,0.7849542886879182,0.3632630792475308,-0.0724123388305437,-0.6083674959040184,-1.8979355185014963,high,partner,loyal,2.465345097704124,0.7019037473837695,2.2288264458697986,3.325178174865074
298,0.33964176671335083,0.18605284365218855,0.5575758428248162,-1.3375436932928941,0.6450166893150603,2.054545094620777,0.07845013077791134,-0.06166531920654083,0.309002356085701,2.032337024710338,-1.023647761699891,0.20320693339390494,high,organic,mature,0.4473899093070691,0.5415602181427304,-0.6170161219512437,0.0753627318466149
299,-0.7996574222976441,-0.547004720844995,-0.04959030788193934,1.3473232416135588,1.8009906006887368,0.4481421446267063,-0.3765947230234853,2.4927388666385184,-0.4275544813295202,-0.5711359143597373,-1.7749430445787269,1.3960915692447435,mid,paid,growing,-0.6692783639730844,2.1764374408688423,-0.1729463827905388,0.526899230166405
300,0.968245592371294,2.417805536116446,-1.3895233522181258,1.4581708074791095,0.07013551836612739,0.8061002168001363,-1.647777141104471,1.4680818226652972,0.7865167513318304,-0.038910034786217525,0.6451126876611214,-0.7654953010422492,high,paid,loyal,3.825982052311316,1.4069458462853341,4.631679044165036,7.502782178578531
301,-0.5794400855816993,-0.46344461362539624,-1.852727861690278,0.8617584942033671,1.1915936141825663,-0.7013441497638416,0.3482030159448188,-0.2655404746292363,0.3282739620810305,-0.6275772412110292,-0.8834251560876358,1.0520748860237426,low,organic,growing,0.4053895307130926,1.1701177481313803,-1.7694393293102744,-0.5956563850864597
302,-0.06387058512449259,2.0221089508534758,0.046309964794139964,-0.9260780403504922,1.2269408764359389,0.6308001641460198,0.7268728636964236,1.1906006788679186,-0.6527962938457945,-0.12725330898528756,-0.17144983148779322,-1.2907465369156184,mid,organic,loyal,2.1559656948400696,1.441646408342385,1.3817336247997467,3.601964310045125
303,-0.2635901501582435,1.3363794578768242,0.237338103793847,-1.3460613278449878,-1.555839411664935,1.6647760587482714,-0.09031901025512999,-0.6474102057016173,-0.2739917648970031,-1.477307754317332,1.4230951495116198,-0.3930529375860296,mid,paid,loyal,0.3175698124051449,1.6846891636656869,0.6709428358243523,1.9579835992039238
304,1.367401527738422,0.05165171444731515,1.4295319745684398,0.2566944990430854,0.853232662869076,0.7190930460883368,0.6232910662519707,0.3479344771827106,-0.2328507161155849,1.9154346915728602,-0.9069369850959007,0.004307642343159692,high,organic,growing,0.6708354611936107,0.5148347084358457,-0.7380396740079529,0.5473150957467516
305,0.01488587520759545,0.4024407533435215,-0.4294726458945011,0.31474630558958777,-0.16884258520296613,-1.5819525174378992,0.009552286256846456,-1.1005653330301517,-1.734385762448901,0.13687332068938496,0.48788334201956646,0.5266980421045764,mid,organic,mature,0.28010572567608566,1.2475773407379616,1.062766602856296,1.6316779752052024
306,0.5671707070196942,-1.9325890209406105,-1.3610169279074695,1.9735214368136709,-1.0472087600770361,0.6108410311366891,-0.686937621665846,0.07967273926756446,-0.6332542022735941,0.5615411546196448,0.13677411731669906,-0.4482897736442336,mid,organic,new,2.741862231465861,0.061369831504911924,3.791178766328083,4.3643805953530865
307,-1.0501721196807103,0.2677741974925111,-1.21271879904259,0.4274810421208385,2.6264849090369,1.350170051262012,0.7183478868941628,-0.08560729774114767,-1.9387526270035254,-1.3222863959001843,1.2827928561027135,-0.7897560801247798,low,paid,mature,0.07552460768752356,1.6411205359109213,-0.08649102620571256,1.3926807663163505
308,-0.6992520981640467,-0.16565047568402144,-1.0620462588465547,-1.2267687345516363,-0.050474072781421825,-0.8915294546720363,-0.7410185797788948,-0.781191026147006,0.5223602138344686,-0.23212569049535728,-0.17857196789385368,0.5969458973088833,mid,organic,growing,0.24098042846812612,0.46936896408529594,-0.5329311710502986,0.07202680099175651
309,-0.14203960823294015,-0.27825376845717287,0.47045035557017084,0.668197843557631,-0.14707349950860418,0.0806077756205216,-0.781790229733328,-0.8606830431645255,0.7691475019668077,0.4449420625446217,0.4552984384165761,0.28085434872552223,mid,organic,growing,-0.31144740929853876,0.6756372497125994,-2.6220150347738516,-3.0575256138493994
310,0.04620327581495357,0.6964118908227692,0.9351087610227838,0.9112280051906476,-0.10077791594598683,1.386992729908838,0.22846068173232117,0.6323761925657985,0.28208789083487973,0.2470067074841741,-0.7357519902503197,0.701350838344826,mid,partner,mature,-0.014605388659306412,1.313313709751043,0.7994199061017943,3.581146486684969
311,2.845294394907639,-0.3747950747900833,0.07099471542494816,-0.4462052643472624,-0.48801990156193453,1.5444494781186728,-0.6729710177274647,-0.4740804733663613,-1.5874928237313013,-0.7576117245422473,-1.7083998929533477,0.6318046992119288,high,paid,growing,0.006125582411470154,-0.7432940571193588,2.0086625610878253,2.163253485895966
312,2.7996972218373095,-0.36667879365052214,-1.6667579329902373,0.8999996644297332,-0.7269249589301569,1.2993469305535403,-0.2820290477899447,-0.6318156890827807,-0.17795755574568647,0.7577767609361872,-0.22742063075565644,-0.49672470279370545,high,organic,growing,1.288905042989583,-1.5641888611012973,3.0845562413247363,2.5213922163207285
313,-0.1988316029788718,-1.271855184500885,0.39703160229398016,-1.7867265938449102,-0.44412145436551537,0.7593852088307432,0.3030482829327168,0.5903205729863903,-0.06504567271880911,1.1697461809855167,0.924699196769792,0.44614100424767456,mid,organic,new,0.5641764667239164,1.656517071112568,0.36920294923341146,2.396617064239175
314,0.927545777313543,0.7504235544035768,-0.43946351334689027,-1.3438989116913336,0.42036212584262383,0.5460892308314287,1.0904719911385654,-0.9363212750452935,-0.9064310592771633,0.45990026630777037,-0.07116698885308664,-1.8857616105711281,high,organic,mature,1.7076445892404581,0.11087146263251449,0.6149687715225602,1.6432367965735433
315,0.37510816375419076,-1.8524229149889546,-0.9452565518733762,1.3516813728601071,1.8248790178071153,-1.2156563684719617,-0.3293915374126943,0.04262252307870598,1.781226927581568,-0.49286894782440155,-0.4768840230332781,1.5487255584628619,mid,organic,new,2.594370083714477,2.859213118984573,3.43199431004261,7.561580615180983
316,-0.374789152718258,0.7222017089664575,-1.4771429651124275,-0.17123274409232622,-1.6595968383264046,-1.0554337809557044,0.8392013551522634,-0.04990539108671263,-0.31910574055297464,-0.7487496239809176,-0.22065607324128275,0.30111316710069364,mid,organic,mature,0.27835234406249093,1.054003340493388,0.15148356791046477,-0.5585848543720897
317,0.9829162064617618,-2.6251466840968023,-0.8317611742628097,0.15909624218900573,-0.09886311596228586,0.403376242526725,0.26754028612655384,-0.30486786299340723,-0.5268531959871771,-0.2455014897355009,1.1487423498227427,-0.7320079329057144,high,organic,new,4.878852426714974,0.4394572964935942,5.356984150358392,8.493045555988374
318,-0.06280672314395548,0.18334221399842102,1.560350929874458,-0.30030825823631324,0.9588066560109609,1.2319794032650222,-0.06375426499064825,-0.2107189790767625,-0.3290536720482161,-0.25582313424258235,0.8542398605768328,0.2310099772555139,mid,organic,mature,-0.7669806625979534,0.7709327379822442,-0.46422895930100816,0.28711029896703155
319,0.2352897091698694,-1.125223510379835,-0.9674900773752345,2.14344682477698,-0.1778257252886896,-0.7747719955783602,1.4310991655892973,0.2818085486835521,0.5781549168645216,-0.1380470752815336,-0.31867309057680415,-0.16958637249729036,mid,paid,new,0.6114240640646125,0.7992374905833821,0.7044275282444195,2.3998460845228737
320,-1.3827381702986268,-0.08792740941989748,0.29603307704261733,1.8504632338437539,0.0859990650052155,-2.334177042210305,-0.09398543278462142,2.739504133108306,0.8663662349850397,-0.8108889438085887,0.5911065144305567,-0.7420134248897403,low,organic,growing,-0.8274931084874501,1.0412240579949708,0.20102069499508135,0.8966074354554171
321,-1.3538075195468575,-0.3483693632340722,0.09152643923886121,-1.8721555024333958,-1.1491592905386359,0.010335563182354726,-0.40817317598895414,0.39481127114609077,-1.2146683273085614,0.7141137485533007,-1.183759097060195,1.64273430193763,low,organic,mature,-0.7634338952426071,1.7775773420103904,0.3022341737880109,0.3437652218478964
322,-1.7157582843783166,-1.0925542703834126,0.4173708030318292,1.6642332514976381,0.31504303611617074,0.5628579201823911,0.01753690167305848,-1.0263984541151934,-0.4901383482393793,-1.2119097199812767,-1.2787099677768716,0.40174891931974643,low,partner,new,-0.37864025249501393,-0.3119345039182303,-0.9013279372065766,-3.7625704421611164
323,-1.1231779820879617,0.3195540067233614,-1.3018227522210977,0.29638302011675466,-0.4886825689629625,1.4066155336506445,0.32371889557906497,1.2357828929941415,-0.7556467164251925,0.056143340244167284,-0.9810871581162783,-0.4136052427444181,low,organic,mature,0.09783244249208445,1.0169426268895048,-0.8252800288943414,-1.0002892000309092
324,-0.2621042227446291,-0.7258582206871392,-1.215502858845695,-1.4135173236526528,-2.339748115707397,-1.0563464635034578,0.6274938966718445,-1.598498532013283,-1.368122846253305,1.790898571232915,-0.636496049848254,0.3210460091648358,mid,paid,growing,0.1379801964869819,2.119195099598803,-2.3611356430632067,-0.4329869995258151
325,0.6423171465004947,0.6625261297812802,-1.5223142306080597,-0.23105967989949022,-1.6182272695183921,2.4463178589103234,-1.5948752640156,-1.0478402188698202,-1.0406008548415047,-1.4966604767228804,1.3525939097565454,2.422447901083496,high,organic,mature,0.17312503154250725,0.7711013780565485,-0.17303632855728684,1.844045105896353
326,-0.4757491193126174,-1.32042314684441,-2.236925498726021,-0.24410871852210148,-0.31636542316144384,-0.6512961263601446,0.2213752539762284,0.3951731428154863,0.32308325793790066,-0.3161248719684872,-1.101621829574262,0.6658330978067158,mid,paid,new,1.254299175517709,0.9252847860533981,0.16097401700637537,1.4365222334376033
327,0.012513759421530454,0.8883575248346502,0.7900755494722314,-1.4217620690471156,-1.4342222074576032,-0.7555407187405284,-1.056265408290668,0.7552517759761007,0.35130967598791774,1.0991839937853107,0.3964868174109183,0.20864958187336902,mid,organic,mature,0.3682869052686372,2.3313445414385514,0.7874838242657263,2.3028461036098316
328,1.1997297803441704,0.4697273397350485,0.0681009634377188,1.4804530339306854,0.11518088315279006,-0.30434060491792164,-0.8378232587776496,0.7030254590454112,1.2370505418424689,-0.05058740143343007,1.3079156237798386,-1.970015031971576,high,organic,mature,1.2772228168586612,1.185687843812246,0.9413558820132313,1.6253263467857995
329,-0.0554533748079148,-0.04009491210443619,-0.726994372407347,2.383861037981873,-0.06619263268876116,-0.4077307716044333,0.02596211343350502,-2.0028137385258296,-0.7598679253449151,0.9832399694454041,-0.6289453549327747,-0.8288751628002715,mid,paid,growing,0.07937708066400295,0.24326985359796705,-0.14805156963329202,1.411585911725864
330,1.3095256365144003,1.340254400951829,0.5169904721611418,-0.4551173340386673,-0.23947106511632352,-0.804149961574959,-0.9947731190286448,-1.0444164883084324,-0.6180544067852075,-1.034720990684745,-1.563705118543149,0.21940266975390574,high,organic,loyal,2.108323945956985,0.2850748163813805,2.920290041708866,2.770671000061357
331,0.23459558089343707,1.7007927584283167,-0.6683383683547026,0.29610058962327057,0.31271257927480167,-0.2538375611255331,0.7443335887496761,0.7752291868507144,0.32741109519753997,-0.25563970504779554,-0.35753010855453504,-1.3677538987970592,mid,organic,loyal,1.857484070668545,1.781051315319835,2.2547387507022894,6.813984572747175
332,-0.8059177786176916,-0.6220075239016879,-1.123971762429434,0.43992396668766426,1.19662786898701,-0.9080624323291501,0.28344143574463715,-1.0341111395297102,-0.30492217093916213,-0.6903295791777758,0.6018956486064415,-0.6787881738421783,low,organic,growing,0.019107795564873922,0.48725397485679955,-0.0975822643717832,2.2364345569981103
333,1.0116604137066467,-0.24572077366219902,-0.6496037095948308,-1.253305262345163,0.2532045102953498,0.8952184022261802,0.2733212565368742,2.238831666414424,1.4297874524704182,-0.3075277647170156,-0.31802743380706927,0.4696967194853532,high,organic,growing,1.4485549346090005,1.4852439983911727,3.1349806105442597,7.695440861968596
334,-0.8380191804256851,1.1662883065324867,0.3616005218435837,0.2564589108585328,0.6869536677708163,1.722829883369059,0.17095535218750518,-0.11304037087138435,1.5087196233225784,0.9675504159911353,-0.3209798403837223,0.005186448659020086,low,organic,loyal,0.04054913869795766,1.5997373671016057,0.778698055030992,2.99274632612634
335,0.19538091593879858,0.36181294460498287,-1.356599850939114,-1.5424846078015602,-0.8873900220024538,-0.9647384430113423,-0.6438240139725026,0.6347106420900043,-0.16892915632473834,0.19639460501018827,-1.2243034100422616,-0.46164220292094515,mid,organic,growing,1.0796851211617002,1.9408339053595876,0.6638242674175583,2.462280635403919
336,0.5872576617448404,0.5949524581768018,-0.7245738281879079,0.1616623863795536,2.198847853482332,-0.017597929255638137,-0.6931869461424454,-0.17376238936216024,0.09217710752683304,-0.1511683806905494,-0.03135470067650179,-1.4434467969368396,mid,organic,mature,0.9511860690248479,0.89132872470416,0.579932803072718,2.0015876348502295
337,-0.9626304750859512,-0.14933523707149754,-0.1652679700224367,-0.5661892748600006,-0.17701358607643694,0.06101485541420536,0.8894134565245253,-0.09921173522605088,0.3991032052982532,-0.541600301433921,0.5720957235984819,0.3757302976123567,mid,paid,growing,-0.7493298235455922,0.34695192128231445,0.039049869958443506,1.3063017032802338
338,0.8658170031798195,0.7134604624444878,0.5887356228811461,-0.09841740865778026,0.24493922704446816,1.0635089284515264,-0.6520745694027944,-0.6284077786968656,0.18143139795036198,0.41527969026545347,-0.8241064992640045,-0.07476256341330836,high,paid,mature,0.471486995285744,0.06122666826440754,0.6743326936652307,0.2870832642388885
339,-0.09399877422878479,-2.2152801156034707,-0.21959398925875973,-0.1573178328484663,-0.16029294282301915,1.4159142745772682,-1.2157982985088753,-0.8246225712046127,-2.612195798319334,-0.4809166661741407,-0.39564355412600094,-0.5099771763342562,mid,organic,new,1.788875496018859,2.306277907881073,0.6677157856848817,2.073105191445258
340,1.10767733948376,0.8606175223369632,0.07785672426730414,-0.37061305353986224,1.0261896681068639,-0.01975785983585163,-0.8182700389184578,-1.7162486774845516,-0.44131449389568267,0.7546436171726086,2.2765386895430897,0.06161034618947592,high,partner,mature,1.4074934181116625,-0.2381591775750971,2.3022062578897327,2.470772463650892
341,-0.7653555151203043,-1.184965208284214,0.5519548963055988,-1.7646160523842684,0.5503451014048882,0.8177116062629123,0.43627945323286405,-0.21966167193855743,0.5649406535468146,0.17093837112829996,-0.7781238418605918,1.8504123223750257,mid,organic,new,0.0421571443748327,0.23419173745806116,1.2993893445717113,1.151090107868919
342,-0.3516793796105163,0.7757523004499094,-2.4186142826957147,1.276470882780929,1.4687637446545818,0.029833787126638218,0.5587710347377585,0.5585151816075627,-0.6427835696407243,0.5471223054393403,-0.8086304698725554,-0.6087569236453261,low,organic,mature,1.120360436237219,2.189888538125392,2.301749304243064,6.423049112291736
343,1.1269431432122987,0.9746576907002027,-0.7063755021157926,-0.7335763435010406,-0.6455966024576721,0.7326395664654908,-0.9999847808103971,0.3567126390359526,0.7468468106342946,-0.08824545029310012,1.0100636968649277,-0.30431016948979245,high,paid,mature,1.3722793987792714,0.7373740806971957,2.915028400293735,3.9104814873497364
344,-0.2138556009939144,-0.9772462311318565,1.0171773476202053,-0.7665204469788703,0.3497718177150592,-0.07131606712593476,-1.0527830631116626,-0.6091031438233208,1.382872239040734,0.20165754263448052,-1.009150341366842,0.30532828734869183,mid,paid,new,-0.3199759596793827,0.758558271438539,1.7492221698776083,3.1281885588767726
345,-0.1461140315945451,3.4540464022441815,0.2851238413422724,-0.3806248470663645,1.4200279177871042,-1.8410361672928455,0.09432015638109745,1.9944284946810726,-0.11619928435975406,-1.7333010446480788,-0.39591796441059773,1.4545180409590368,high,organic,loyal,6.000978073613194,1.677674928368002,7.730937108936095,12.710933690592768
346,0.37606959632077114,-0.8388561095125178,-0.685242807179024,-0.5597002711498134,0.36119788405399617,1.3381961329386531,1.052423012799171,0.45601218210912847,-1.3316447600574832,-1.3279325139934413,0.5332520212137634,-1.3454710979328943,mid,partner,new,1.5173524813696875,1.5385586965008253,1.8580142631294094,5.233819548914897
347,-0.22556702106860427,0.304150446186177,-1.1375939953626888,-1.0242623343588635,-0.09412106456781866,0.5036502875240538,1.0615187704137568,0.6070534347705518,0.07365659499219453,-0.7461947535570493,-1.0709069958445192,-0.5108770883291476,mid,partner,mature,0.5930974944171813,1.3446356320626651,0.3846696191262067,2.053265418781455
348,0.40993558498056715,0.33662370662734287,-2.0999019857251224,-0.785677028267503,1.2045075516061559,0.07921504780413943,-1.417008913102986,2.3558211815981513,-0.028941732314764643,0.38433395931340797,0.3995247560451345,-0.36759546616018607,mid,organic,mature,1.2755544826334257,1.0808047614445901,-0.5540472143687118,0.7448396193785165
349,-0.7275736818213943,2.1216749850659404,1.0032058696177506,0.8219372011086765,0.5762891917182107,-1.0033173903616845,1.2775301917402737,-0.8431326580117493,0.2832867981506457,-1.6393899054645689,-2.0408588506475196,0.3182912026531147,mid,paid,loyal,0.5545547116511685,0.6675273269701465,0.5654225570912133,0.3855860236852482
350,-0.8090992671949081,-1.9891675712972732,0.5406095029470755,2.120080771050789,1.3895602585800617,-0.2573178852656725,0.00884530669694572,0.8877062567839132,1.1221280198349068,-0.3435357188256987,0.034177715724574294,0.30061480676453645,low,paid,new,0.955276453352779,2.506789733925974,1.4744125122647305,5.446582646794028
351,0.5538763202788318,-0.13307644201126692,-0.12008524506874427,1.3798323297543882,1.2095207024428862,0.4774105734360883,1.7191090700229286,-0.386445762226417,1.6229734486293805,0.5425154435355505,3.2710261222145895,-1.1924819267824778,high,partner,growing,1.1619717302300379,2.03904855111845,1.2055246356573923,4.869753819770327
352,-0.6893452522173416,0.4187978282005477,0.3972340529789919,1.9501389841750185,-0.6683746832995339,0.9049185186938843,1.1624630046819957,0.7046478322206475,-0.96099634192432,1.407758805254198,1.2293249313154138,0.5995845197903774,mid,paid,mature,-0.37911145265433255,0.5303863197765917,-2.267332451326749,-4.287498939367302
353,0.20434768720895413,0.22610801004437128,-0.07873579223937772,0.6407851342526418,0.031134852944977556,-0.8485249753526413,-1.048591644827592,-0.7520362536522921,0.22213224254945177,-0.026955836435207322,0.21534379328874922,0.500813133546111,mid,organic,mature,0.5792387725529788,0.618689777896676,0.2926174238059052,2.762038249379975
354,-0.6273209259168789,1.4656601683453478,-0.2677108270474744,-0.433426984781509,0.4823862373324524,-1.8365102023750728,-0.7905344497229193,0.981072798691833,-1.7374219290621107,1.1175741969331559,1.5111365663591347,-0.36945533782374834,mid,paid,loyal,1.1056972650447232,2.0222940247359573,1.751029313901405,3.5979726659374687
355,0.29181276742631007,1.1190870848510266,-0.4667891880435197,0.8677755205261815,-0.6711487951306716,-0.47760229333317933,-0.7993364643249737,0.3426471991948034,1.1579690525655495,-0.18411293211716429,-1.2712491599124032,-1.0827068222868157,mid,organic,loyal,1.219090119842423,1.5787672866002334,0.19317508487851143,2.424525785077572
356,0.3945994213705404,1.8441164133942693,0.39372499931439753,-0.38689655065125267,0.7661839668502841,-0.23949863558674636,-0.3782852173642064,-0.9584591056952636,1.4084488442463559,-2.5392079174956637,0.7978592002792693,-0.4637449377975369,mid,paid,loyal,1.666996680948619,0.9395341467760365,1.83268792618582,3.39959017563349
357,-0.4103407314516127,1.6923151561178125,-0.7141310922000513,-0.6800691540284102,-0.13039423891953036,0.41384738581223823,-0.4418557822928694,-1.5738589305358854,-0.8656981808817654,1.2813338564645194,0.07477678913551145,0.45108728370382206,mid,paid,loyal,1.1610425037408554,0.6936655349085075,1.5926695046201063,2.7037600448040693
358,-0.2614212071730376,-0.6594976961732696,1.677569449875411,-0.18819185705108066,-0.44336987952712686,1.0961423663553396,-0.7223603588673853,-0.5947273437739967,0.010246684016898003,0.00027010408817970173,0.2596113479032144,2.091669089395488,mid,paid,growing,-1.2609245498024764,0.4336250310267089,-0.14295690877673195,0.04126307134009341
359,0.33624824635237044,-2.3780539627508004,0.3262989434315609,0.03787999448959883,0.04345002435145766,0.2459473093961707,-0.028678287674799376,-0.052612093055389005,0.6130442097707861,-0.542080797194501,-0.9476863356391756,3.023781452622391,high,organic,new,3.291872677385472,1.0071574772098664,5.004478070179495,6.520415636419655
360,-0.7158574437812334,0.10014291246007646,-1.4956602508753674,0.11646841505142191,-0.9332255506893351,-0.44247294285001093,1.0450646657711238,0.47200956837807373,0.5684095245748191,-1.7712048383918628,1.8368951698290128,-1.191881310941875,mid,organic,mature,-0.03191542139186476,1.0502850169201035,-0.40974148400253113,1.0414490983647906
361,1.528560814293865,1.0215438659814862,0.5773327417846801,-0.8549847809083815,0.15158984481952292,-0.4709214106448598,0.029039571505291815,-0.24987225908555988,-2.0386105065724083,1.121784150984588,-0.08110715654936117,-0.484800399502237,high,paid,loyal,1.2057926295245087,0.9760038533167381,1.3895500113152104,2.496374199270828
362,-0.5603272328297677,0.3584595763667682,-0.8937563382944722,-2.2551755584740434,0.40712980320827613,0.5191029979568217,-0.1996318246776329,-1.1479028751900089,0.08893554088928533,-1.4645323683135887,-1.0272305966876594,-0.7506979365041612,mid,organic,mature,-0.00018554062477548622,-0.05434339708674883,0.21488363193274543,-1.0844169968985713
363,0.8439390708915561,-0.3626109504369171,-0.4478664117764606,1.9546925154112462,0.3524624971887139,0.33899451047482604,-0.3697007452087749,-0.5963716676367777,-2.1864064400171506,0.9687405319235582,0.44830970575637913,-0.17916599321341334,mid,organic,growing,0.8149658423478798,1.84897022753142,1.4643407017362473,2.7176084513395056
364,-0.13722670183625574,0.7361442622610551,-1.554710073079853,-0.5898813315538055,-1.1363028628925305,1.7715092824867462,0.8756555318533007,-2.2026926411353642,-1.5137616266399756,-0.1323456733574863,-0.4724402120724247,-1.3243822080768883,mid,organic,mature,1.4816293476234783,1.2795723762130584,2.019032433264824,2.611868275765946
365,1.9447622376504894,0.3125399139825792,0.4748163228630915,-0.6920149492322138,0.7222741471780024,-0.3804327609820118,-0.2833431737074994,0.6110019598252598,-1.6289975650602997,1.5970278598509826,0.1823892147238758,1.2809442087804244,high,partner,mature,0.9729991702004281,0.4000763446128269,2.3980047305001992,2.992891943961068
366,-1.0754197566188184,-0.9231651240281931,-1.1619002215998122,0.2502976726648389,0.06598330191824608,-0.4644118192311805,-1.0140691928852794,-1.2665962697308424,-0.04848390047065598,-0.4655867795886001,-0.6856069923582623,1.5470894861316096,mid,organic,new,0.43351849855189173,-0.02834085407201083,-1.8977782316689464,-2.0103532468092817
367,-0.08232567819273391,1.2700429339269252,-0.5332521826826966,0.24477628379865687,-0.055476016256334894,-1.6976223095181227,1.4283383062639128,-0.13515360703241588,0.7464182196329605,-0.7520287224615594,-0.16484438157976464,-0.8668523599233547,mid,paid,loyal,-0.1892297530849727,1.1491855598071814,0.22879132513801997,0.7354962318877273
368,1.2359984827633934,0.3114093474506757,0.36705352668088814,1.358184147104979,1.156341296899023,0.7653425361362853,-1.4217273470374627,-0.6956791195166836,-1.0038881360113527,0.7275336936257992,0.1706519417500514,-1.3905124336305947,high,organic,growing,0.553651840830653,0.926291292823767,1.0410628498548866,3.255114554371742
369,-0.18874421301122754,-1.4941123357187784,-0.05315648806975988,-1.6553725039871847,0.5288274933846129,0.37796262603407355,1.9079484933468815,0.8478732894973424,-0.42291425582250275,0.818070093274486,-1.3976638809451785,-0.9624726036810854,mid,paid,new,1.078459098063013,0.7969958991261454,0.8432298655330474,1.7739802449017439
370,0.33314253207511,-2.1582496627479273,-0.037160784933883036,-1.0202632921184207,0.10130705515326355,-1.0777363580472634,0.42424813745518875,0.01932742366738962,1.4003659168813305,0.006734534101622121,-0.7686428049614663,-0.2468858558272829,mid,organic,new,2.4244636130620156,1.400358602708825,0.1604538705664309,1.319543712603815
371,-1.3442363970167315,0.40613725470544,0.5898502463152723,2.469196036692818,-0.6218359906044048,-0.2677945736751827,-0.5757585244382156,0.21211370113122407,0.38169053447961365,-0.05337484442851077,1.0863259168730321,-0.6169795037547775,low,organic,mature,-0.9008407853190493,-0.3045038536115723,-0.9618368960926831,-1.5381263882359912
372,0.9861740478907121,0.5384978536410825,-0.012029919898946523,-0.31493664075714545,2.4266677587313694,-0.8170086507420794,0.29793317696841465,-0.7502190702421325,1.7856207486213058,0.8868263287992036,-0.6783498788411441,0.5125949934312284,mid,organic,mature,0.7201743229829936,0.6239160532638266,0.009613560293018852,2.031568613401073
373,0.2576957212765554,-0.5166247619747387,0.7581642172281733,0.38930539110441015,0.21569871388595227,-0.04191971124232876,0.43105449259965123,0.22938766149245945,0.05909333302501734,-0.6410159159875635,1.6937662407624925,-1.050419943348547,mid,organic,growing,-0.01106876576369103,1.140908835451614,1.6668866441600327,1.9365227809173486
374,0.427636218879745,-0.3202407423014329,1.7595472694492997,-0.9034825372238406,-0.7352632617603321,-0.9698180632618253,0.3234650509506103,-1.3730506595686418,-0.47852849475776627,-2.152365822854285,0.24042135412809051,-0.5002148587562626,mid,paid,growing,-0.7342232694533299,0.4884985167618484,-0.3589318996254566,1.6782540186678991
375,-1.488056743931853,1.0856094029740586,-1.3076668983849393,0.7969436900282153,-0.7010408239878044,1.601571377895426,0.7495505389261462,-1.0080478708740281,-0.9170825522103063,0.60552520522431,-0.2623781307101668,-0.16934250702136555,low,paid,loyal,0.6606442415600047,-0.31747725001964033,-0.1348405859342553,0.46739009719046276
376,1.2722388617720979,-0.7486888733699565,0.09129377217545448,0.954627793652306,0.8091174883856003,-0.1596126675206725,-0.2889058808526582,-1.7388154625209316,-1.0562449926651958,0.3183592265747336,-0.1378821889422362,0.07492707856622638,high,paid,growing,1.1722399669805446,0.10658441659210616,-0.880405037814602,-1.0595986276042753
377,1.0392536096340605,-1.1873231090622745,-0.23618030223264996,0.1887109634112177,-0.704159937574516,1.431477113927417,0.9085868016131475,0.2901333270887555,1.7942317793285865,-1.4988952796101422,-0.007726281105681772,0.36633696893406104,high,paid,new,2.1710186229782824,1.1712380241428848,2.7616363051966575,5.944390905668653
378,-0.9145550467939221,0.30071454181772833,-1.106582493787878,0.6905573182742532,1.0578347681289066,0.2723334011283283,-1.8527978150649458,-0.9667935211660346,0.5647100032131608,0.021198643512365802,-2.694002617692488,1.2428303838682404,low,paid,mature,-0.4924876963211478,0.3202154046558998,0.20366149742249856,0.26250249923083535
379,0.13665650625383235,-0.819074664000045,0.9949555975666642,-0.6775400129068989,-0.6884521176042147,0.3583526510140362,1.7810384592422948,1.6235871779728863,0.35971149890410664,0.46238565885031974,0.791498932084825,-1.256983675369349,mid,partner,growing,0.2519928229493637,1.788015081318309,0.036215971795822616,2.120774219979854
380,0.6441483371519825,-0.7340734681435281,0.3184780667965807,-0.22746762760733732,0.5012083271142144,0.1181034650064601,-3.0730302708212998,0.17889171170518062,0.6421529522992627,0.4459283483384537,-0.10258594620857964,1.642161691930406,mid,paid,new,0.26135671461973653,0.7076022070931252,0.8650321967753447,1.2907295553593405
381,0.3113731291216611,0.4376733001931063,1.0444918940505687,0.3625929996965988,-0.8980177534142035,-2.4383374137796223,-0.47712090201808144,0.7609455258811165,-0.35309633141780583,0.8011783722817295,0.148728175920273,1.2880660702621847,mid,organic,mature,0.33620312536249397,1.2215364487457612,-0.012067403100820773,2.172323988599987
382,-0.2952167071206611,0.46761482656768805,0.5058850645353592,1.501601872631193,-1.706637306334278,-0.4584082745531576,0.8485161053885039,1.545896479778648,0.24007151264208035,-0.29270416442148695,0.7571183686744447,0.868702675231683,mid,organic,mature,-0.5066609388546035,0.36580082696250493,0.5605543363135581,0.3872658589344632
383,-0.3596616786673072,0.3303073121775462,1.1805272624119694,1.8904589932744518,0.7426049592352919,0.044138896665593126,-0.05407517603790821,0.5573965571936229,-0.11567284247945017,0.18964049902238825,-1.0578762645308748,1.297057196491159,mid,paid,mature,-0.9592065986970076,1.6247258432637142,0.03347823707352249,1.6168797624575528
384,-1.1401847271486785,-0.4321117604530126,0.09759326085181382,1.9909868798886388,-0.42268298485232736,-0.6660158139603963,-0.5508169173337938,1.6588971676113125,-2.8123469935060212,-1.002738012148587,2.7312887091595517,0.5908820734916369,low,paid,growing,-0.7307840669293705,2.3240913158009837,-2.369709438332293,-0.0773921357058015
385,-1.10598494933922,-0.04191798217477153,0.06745456606786167,0.8461252459056059,1.8395020028225635,0.38855168127921547,-0.5397883030129608,0.7870844420982043,-0.6982526968628611,-1.0333374959890294,-1.759908871956445,-1.5651283945004009,low,paid,growing,-1.0284951630684007,1.4145980183197675,-2.4236870070095127,-0.6880054493044168
386,-0.8964451561242719,-1.177789767700871,0.31323652737471736,-1.1994018258240353,-3.143666302024744,-1.0439117745894657,-0.47185964772141936,-0.6054494878719654,1.5195246793091843,-0.6135425592891501,0.8809234631991979,-0.01898259968086171,low,organic,new,0.12478007723171566,2.573813479959164,2.156061800275244,4.555538778548099
387,-0.042304725672598735,-0.835380288848037,-0.058782651580767155,-0.7650961268974169,0.1700243142545705,-0.2362496326236882,-0.9446279331916002,0.9918943397005953,0.42684048002142533,-0.44806273414224823,0.14549304703531002,-0.08382252150196365,mid,paid,growing,0.2308158211191287,1.1910166125611035,1.1630121711462187,3.4560706701715533
388,-0.8675909372632739,0.07049622902116384,-0.6210117548073745,-0.9449338356200992,-1.6227673302665249,-0.3586073535386307,0.5669706595837234,-0.6946593533788596,2.5207086921579696,0.8856856536527323,1.3043301326604781,0.7952430120737586,mid,organic,growing,-0.4096064246899105,2.564612411766795,-1.6719874297184716,-0.5909563279933969
389,1.8528649749385728,-0.7870019834725421,-2.5607373856586215,-0.44612560835288306,0.5582185755475376,0.15151697174797846,0.2754726109677837,1.3209100026698724,0.3820575744624996,0.7989129275910215,-0.9395627418527589,-1.0953936892160367,high,organic,growing,2.5970987547026585,0.16628886843880908,1.026718716279752,-0.6493076260064423
390,1.6141139230244876,0.10090153514706786,-0.6232291834461349,-0.6213944935471182,-0.6491231216382576,-0.7089590210458417,-1.2831478026036598,-1.5004204022205085,-0.19500437765441916,-0.5929258703203995,1.1071592854432952,0.29307665326691656,high,paid,growing,1.5986729281444338,-0.6454192002061577,1.8064449937545553,0.9548956444439772
391,0.2653176800779831,-0.7431204075544506,-0.1210284157799757,0.36100110363144033,0.7161957397126754,-0.09389182651836551,1.079123779324209,0.007989308907942713,0.7928471185176799,-0.4898522085891503,-1.8125883665686418,0.26835898801852265,mid,paid,new,0.29982107256230206,0.9933007241235186,-0.8424943193109735,0.7327180850955705
392,0.7253240631466256,0.5753473318075695,0.42218666143744,-0.3485869659549873,-0.8067462514455923,0.5517282690437805,0.42644741619827503,-0.5608990908438263,1.1094241891920569,-0.8828655145476005,-0.5835233787910404,1.636425212341665,mid,organic,mature,0.6003438915065533,0.8773530154407185,0.2836365035817042,1.2338635911190867
393,0.8685819377339127,-0.3580093058910226,0.2873807096435505,0.15479224452383833,-2.7456138649773782,-0.9064739494733817,-0.050846617109281525,-0.3566114765593062,0.24710256483042056,1.12948231294792,-0.32153578465392746,-1.0576547961228648,high,organic,growing,0.9139314774580756,0.2645892964636008,0.8666522878573183,0.8562392989219214
394,0.32485165851104525,-0.3266233335678035,-0.15606350082190265,-0.29177371915307865,2.2418378000109858,-2.240704260997945,-0.38833390313264615,-0.0036890256483920517,-0.7811424922827788,0.899825832128283,0.8132576787196394,-0.04775461848854061,mid,paid,growing,0.5269611141006616,0.553681367001601,0.43652272523594626,1.1766392332993394
395,-0.27067375534369414,-0.111956834231647,-0.10478665364781072,-0.07837302812576266,-0.1879991015167995,0.2524493145923928,0.7532120648278651,-1.2302601475985768,-1.050663899233149,-1.7485180294835236,0.8663974003575995,0.25032329319046315,mid,organic,growing,-0.08442426920178021,0.740602089146011,1.0421140125807125,2.1177499785176925
396,0.5052675159327706,-1.4294982383634685,1.7849481228801383,-0.6088509081453577,0.16820580711125588,0.8543846606783719,-0.9869797557960719,-0.5463243585126668,0.17917177460087425,2.857473075464706,0.3011247428520243,1.6063611506307183,high,organic,new,0.6184350428453645,0.5383289349334275,2.4531912819708683,4.349376150359882
397,1.2056731451919556,0.36801003649451874,-0.9891957716306787,1.059753610818235,-1.498110341648047,1.600875123677092,0.2000053082182553,-2.650223547298176,-0.34050609503183893,0.6539478209229405,-0.2370238730397667,0.7150058109935733,high,paid,mature,1.5381910273193131,-1.1724245599194083,1.0592731744871542,-1.407079357511756
398,-0.8500241677122955,-1.3059823727876074,-0.07144540304760538,0.031565667289914785,-0.3483843510623214,1.2272911466421925,-0.8502073751390576,0.31316560733234944,0.06796997116362523,-1.5567159521360834,-1.3190301836685123,0.011911016248631409,low,paid,new,-0.33347246750277015,0.5881598590139395,-1.4641316313060107,-1.4175642185183925
399,1.981199998686964,0.579269811898811,-1.7256348251446327,-3.1104880651193376,0.7330535930043798,-0.09621348292819902,1.1412659695103695,-0.8807179207114415,0.3502124978585262,0.8461734630278627,-0.44746363820648183,-0.4260855702310654,high,organic,mature,1.9839582318273004,-1.8184540940512446,2.372804386810876,1.3904688803444185
400,0.025262831098390486,0.5426763465603288,-0.014334004511910938,0.9739963377594865,-0.46193518926703,-1.3283952054631096,1.9769753681131799,-0.6046337365424463,-0.5684420837177473,-0.06580332107218435,0.06718110965398118,-0.38668364248828285,mid,organic,mature,-0.8765746143267129,0.5537939066823948,0.7549055001160069,0.16980089297894718
401,-0.01743389694900904,-0.03976223142817396,0.17481932702080696,-2.357487458987316,1.8808763070078494,-0.14728831353455754,0.5806226194469853,-1.3781013415340242,-0.4710002612492502,-0.6723158663204145,1.4697237645085452,-0.5858136068358828,mid,paid,growing,-0.3260321612563205,-1.7183709322043623,-0.7292473175959644,-4.045474866313752
402,0.7580799869400913,-0.6504204526731951,-0.45261893965394406,-0.24555016520068595,1.2838451268293003,-1.8898526590301186,-1.3156635552744327,-1.9473051656898168,-1.0875021197614503,-0.8116000511921072,-1.614481254090389,-0.734147746614669,mid,organic,growing,1.9597887980192898,0.3038953210666194,2.810147690033503,3.592378899127784
403,-2.014714480933415,-1.0179887237676812,1.2004203999102006,0.40358807028110283,0.18746767217252772,-1.0027785562791145,-1.536084959044724,-1.1391560755342807,-0.043209826896014984,0.8681767797266683,0.9023674171353204,0.630612362483333,low,organic,new,-0.1283580970219257,-0.8834453328477242,-0.9654936895560448,-2.1300628460004574
404,-0.7375568640679442,0.024549832403988035,-0.3213425300372459,-0.20118976349475026,2.037127896959813,-1.7620002370036125,-0.23467681592226086,1.2117489071961567,-1.4658914950335382,-0.6437474252662504,-0.5290384975676395,-0.2232897220539845,mid,organic,growing,-0.22767964981435573,1.5952130254100152,-0.20640828171423314,1.3389282842370418
405,-1.5959571596062172,0.5952860603380394,0.6662872825131441,0.5083753250179477,-0.8703736742910814,0.08651079078729512,-0.8994402395690875,-0.3325966607715127,2.153467927170878,0.09569537759625597,-1.1875265759871734,0.18033534066391385,low,organic,mature,-0.9535178312267006,0.7425721901293769,-2.115460113526857,-2.5638744387987824
406,-1.3517959260633097,-1.1990103925150117,-1.041123135948791,-0.4443094521956835,0.9369689955892015,0.5783981980168391,0.5229953282473283,-1.0989245655905424,-0.5413143554356487,0.27200110688318835,-0.6283199853884129,-0.2783664403010984,low,paid,new,0.3274261109017165,-0.6268950007961706,0.33825817138096337,-0.7844939709680421
407,0.4413586925299495,-0.348772681201302,0.22605958910202525,1.5927284560195685,-0.17185879898699755,1.1793378097192062,0.5593700673073582,-1.4672419934867666,-1.1021370292635242,-0.8335958830698964,-0.8548349169327834,-0.0902897461068142,mid,organic,growing,0.5647035651704198,0.5452426187652863,0.44824858645482013,0.7327894596772829
408,0.6146440480818223,1.2551584167047227,0.30817508872508226,-0.4456795560532098,-2.0822412436298743,0.07058957541733794,0.025770193694991287,0.18292875353895768,2.1062402977033328,1.2405965461930721,0.7850609182499858,-0.9620771300715998,high,partner,loyal,1.4610943813310575,2.802195525219118,2.0692172804931346,5.790699751208937
409,-0.5129947491967435,-0.09484460692850216,-0.7754071240103536,0.5004645249851181,0.35690884921570454,-1.0883077930546925,1.1968167090961244,0.1023103338088603,-1.7290711467422513,-0.051342858344969454,0.28120645592290483,0.9727923614357405,mid,organic,growing,-0.560201988831897,1.7602523919416102,1.2178596198576264,4.588090904549842
410,-0.3374764031266163,0.8279382674472072,0.1871419867702157,-1.3150546090375794,-1.4151667734825137,1.1225598701493487,1.195984178381769,0.32290923040472297,1.4957067211800286,1.0566098490416067,0.6836287294797211,-0.9113114887336718,mid,paid,mature,0.3306670108773423,2.2776186668053504,-0.05822841003200119,-0.018475152680371032
411,1.7314287510323434,0.536301432208273,-0.38583877461162164,-0.668270005305298,0.2567837815138569,-1.6710590848384548,0.6996732753528626,-0.9535708146940268,0.37060810882428674,-0.5216203373581595,-0.26441871272470363,-0.7569098727650648,high,organic,mature,0.9894599717996032,-0.6476625540844725,-1.0102691755460893,-1.338010360992563
412,-0.16122943118080152,1.889379546017354,1.3850596270486406,0.3544789549954567,-0.025294265564952366,0.844201190692885,1.1299703941075565,-0.8298183822075292,-0.0774388676322022,-1.8219582295680803,1.123102110260895,2.0650242577008555,mid,paid,loyal,1.2147441920170812,0.6762679485707606,1.0126403028375046,1.881548681066037
413,0.0800826246230855,-2.1250101249030164,0.6088905165770311,-0.9040891661490803,-0.66334944166446,0.6265763897910038,0.2545541255127244,-0.4881087753386017,-0.6496056326016644,0.12583605522083274,-0.4094655525123675,-1.1092371336030074,mid,partner,new,2.1116299682478274,1.1005406774534432,2.4109475917362566,4.760494827809413
414,-0.33256318147836006,0.33959262325518413,-0.17810346681963335,-1.4135085982481852,0.9890646213755394,-2.7388114369433336,-0.4463651550284352,-0.6201984545539159,0.14817887787141484,0.5616618078027354,1.1267648082610353,-0.7124048733521602,mid,organic,mature,0.3656386600211319,-0.009184918715731624,0.5675387482778699,1.914158791306488
415,0.5865823373334818,0.1958183878814611,-1.7115393751832233,1.9005402554341098,-1.4387751272401994,0.41949727230971495,0.3899599441977477,0.2756367823290771,-0.4945768821616075,0.8272526511405023,-1.5603674739430955,-0.06582878867392292,mid,organic,growing,1.2976143159032572,-0.17519645091600253,1.1401915056180014,0.5519264305708246
416,-0.5638746765524585,-0.6772979420670315,0.42874778745354575,1.0774785427196831,-0.34325576183686607,0.7806810899257774,0.04974066544459848,-0.8927322092380086,-0.25795209324106383,-0.2994858907916149,-0.6966599125054466,0.42848292865583376,low,partner,new,-0.3756096478996556,0.26774821865788034,1.112105292896696,2.657789777320832
417,0.23464618770475926,-1.590649698269418,-1.6515259952393577,0.4246844532057544,-0.8152864287945346,0.302041155100324,0.7809315781091883,-1.2709528374055592,-1.411537254576185,1.6744316823952952,0.351570782962459,-0.41924065667327093,mid,partner,new,2.2886184262540348,0.8024648422269555,2.4248329661218495,2.7007048338574315
418,-0.9339404526462636,-0.5104408489072796,-1.1905723361133103,0.8834121740905903,-0.7767511536063209,1.093534588216267,-0.40062891977001125,-1.0433501836173147,-0.4263015880138014,-2.624166777501417,-0.12076857667400692,-0.17011919113015858,low,partner,growing,-0.1523837092354504,-0.13620682316053523,-0.2571799743549174,-0.3429415570546722
419,0.8247427465479676,-1.8863049279833795,1.1618663608635478,0.820599294997656,1.2520435636986627,-0.05272137600413741,1.0138968341027554,-1.4712440349069051,0.713047565204533,-0.7711627620999453,-1.6514018324229363,-1.1241405181643607,high,organic,new,2.172350221247143,0.7283081447457505,1.3946440944161715,2.2988286981507904
420,0.005531138629270573,-0.8242992082176034,0.37607353169579993,-1.8082375550040173,-2.1270975436158617,1.372387434143576,0.9038001294014344,-1.0492968359138075,-0.002999643470539514,1.0195070602013239,0.41920060829060546,0.1482230961834784,mid,organic,growing,0.6710719676393235,2.261901201252368,-1.0756387197018726,0.9098503336473218
421,1.095154081312597,-0.7307124752012204,0.0311784486646287,-0.017848638292391635,-0.27276204767104256,-0.3898055114207521,0.07286823782849074,0.03440749598552754,-1.0484276425345258,0.8017959099004475,-0.9763852077662583,-0.2182334445471739,high,organic,growing,1.3027773342705449,0.7555367760740384,1.632009270588482,1.888114542989565
422,-0.2952804727200515,0.35810361265921586,-2.119103940217333,0.8909098149294582,-0.6769903476121641,1.2199632947770542,-0.4781649245161544,-0.04884358573401051,1.9137860400684237,-0.27733820879366844,1.2388498846734588,0.03904508556456009,mid,paid,growing,0.35157185262655893,1.3216701380267477,0.5969897524939151,2.534640272319039
423,0.4154188302934896,0.0699585894113745,0.8478516263001241,-0.6855316128530513,-0.9840485230191854,-0.6385761903770217,0.09971037632409105,-0.22081878555032944,0.7102748764711765,1.30473169982152,-0.9758383372350086,-0.7339487916139326,mid,organic,mature,-0.08169665986211098,1.2142593448241077,-1.141027194790284,1.317211257111519
424,-1.436239418312854,2.030372990759104,0.30466949912182684,0.47980232005157775,-1.3402083850310482,-0.0011699890068746332,0.5092479844130853,-0.252757690534425,1.0757056248263945,2.3118311256428297,-0.9470628270939518,-1.0220872459766968,low,organic,loyal,1.131098944575054,0.3355655882973151,1.0867265850232368,0.7764532780111447
425,-0.8777560655285767,1.6061991600164907,1.0423553170296844,-0.13552781779364848,0.03655966440087428,-0.8165436261967214,0.8900271577431841,-0.3799018241085537,-0.2600765394549993,0.6087897715292568,-0.18799493808322118,-0.2349659934978464,low,paid,loyal,-0.2852661943676236,0.535985971975718,-0.4291176278947373,0.1677785773757825
426,0.010575205529075074,0.7953554137930766,1.6464930754838332,0.585486232246082,0.803314223624267,-0.19985406210112439,-0.707797863168717,0.6539862322351151,0.17124082460057136,-1.4226286487497493,-0.32806962342559803,-0.08289702348155359,mid,organic,mature,-0.35958424886867474,1.5635315898262523,-0.9840847732778506,1.14009450564406
427,-0.5104578670284787,1.4817355945421273,0.47983903690221674,1.3731749178886479,0.26342526165215957,0.08138783642507771,-0.9365978176102492,0.01192953319656672,0.013053925675440194,-1.3671138840342332,-0.5395274697703949,-0.3232825985163624,mid,paid,loyal,0.26049011416465667,1.1424989104574679,-0.5328205989845771,0.15309140361206736
428,0.41347954405572146,0.46135011198570613,-0.5813184819652049,0.46886960254188487,-0.182078929348517,-2.8696200248549566,-0.4847020319515423,1.0789886401423785,-1.6818057566276796,0.11269120041554022,1.585261214185287,-0.7606129530104807,high,organic,mature,1.5958179992518797,2.06012312087447,2.0008996703567354,6.021685613894883
429,0.002149080427685861,-1.3040162572279212,1.627231141663572,-0.08333262699661428,0.04662684279401815,1.3543004655056223,0.6614783946454811,-0.8756287324967398,-0.6472779240873159,0.49493130452329864,-0.62412105506294,-2.117243312120527,mid,paid,new,0.27803064794359716,0.4304577748505527,0.052218946393246535,0.06865406374305805
430,-0.05324079863907779,-1.4802126611248094,1.616281753563726,0.1767876377631527,-0.9051750567435755,-0.6986324146624537,-1.8893975878739204,-1.0994618867805037,1.0163232025406992,2.2317861454923915,0.7263965131989585,-0.09204253862102917,mid,organic,new,0.8536132118991154,0.7046171759172792,0.2626196204713567,0.929727979331248
431,-0.4319593756539166,-0.9564958135763623,2.0597658993397405,-0.1887487018643749,2.1156298300625043,1.393519509610061,-1.7407964313462736,-0.6659523957592918,-0.6690451241738223,-0.07984636410573946,-0.060314253113753484,2.996239095398143,low,paid,new,-1.9747068548922877,0.240970828481247,-2.8363788806291903,-4.439475912763272
432,-1.0772278744747588,0.22896993566438997,0.6165077424678032,-0.0015720044691961827,0.11018057778135802,-1.0448088943065872,0.10648619460268177,0.5113989961743719,0.3276005842711286,0.5702009039120914,1.412607900636232,0.9369665419143417,low,organic,mature,-1.0002362283999207,0.783144748749881,-1.1302212941624563,-0.5595525765915232
433,0.07129461349743696,-1.171758351883278,-0.6000052747111194,-0.21963115191741533,0.25234583134144734,-0.4783327614993951,-0.9357331991843516,-1.188198689120337,-1.651177759055531,-0.23495070377456886,-1.469665442070305,-1.0005256841573922,mid,organic,new,1.19253531438364,1.1561046353697706,2.1170188832534094,3.911252129098173
434,-0.3939018728443025,-1.3359173093914338,0.37975218849869696,0.7402230636056872,-0.5494270197753985,-0.43702730761000175,0.5374297701390774,-0.713995097234679,-0.7827339115972951,1.1964984781862904,0.8841877387127871,0.6015500023439195,mid,organic,new,0.3204649382295463,0.5256667559241139,0.52710501244303,1.8468045169449194
435,0.9256446213940929,-1.977278725367363,1.3538355467931074,0.3920621165837422,1.010781384005735,0.3871617791163626,0.048924824680156194,-0.2753092123620546,0.36714437688620544,-0.3117479089045521,0.8678761000651124,-1.5864566445522004,high,paid,new,2.1423731538629607,0.40221362764161317,1.905251131888324,2.2428340586741404
436,-0.5415758617942777,2.0448232484766464,-0.6260804635723924,-0.23868372306347801,-0.8825809333500763,0.3358456728858239,-0.7362648901421949,-0.1856109348070501,0.8488665360350706,-0.6987634188148159,0.7886111192652209,0.8222293155603565,mid,organic,loyal,1.861089129943614,1.3717319442082996,2.1695795545120347,3.5101897405233706
437,1.0549560947192937,0.14054099491804029,3.2412590769767857,1.054533696542082,0.32487762440682655,-0.8759244140817352,-0.09705912587414098,1.426326976900034,1.7095346156262687,1.4783291004402292,0.7851923067296196,-1.255660206295572,high,organic,mature,-0.3687812585807907,1.912607402845976,0.9956037560868097,3.6693844036588104
438,0.4871618178256701,-1.2414023780529977,-1.4874711933807585,0.23915868457723857,0.5231994472697504,0.9033770984808047,0.49713624038609394,0.5315859857427483,-0.9846525849923764,-0.10497668468466637,-1.5071167856344878,-2.0033691294001956,mid,paid,new,1.7940383866007266,1.2243131602741502,2.284452421780859,5.59129179866383
439,0.7406427098430741,-0.7531243937909587,0.8724985021430535,1.1083475778800387,-0.6193173246231977,0.5903110945552991,-0.6611567286136416,-1.845878874626824,0.1233094044424584,-0.4708738797157607,-0.44008901058713173,1.9753431178455254,high,organic,new,0.624668504113648,-0.13786593142844664,0.8848694856865063,1.6414746475949955
440,-1.5258569827326718,0.38287113537147105,-0.9948072371447515,0.9082614092673243,0.2984312361750658,0.3793443491806136,-0.9448896176022599,-0.7655879132883234,0.9272505073458861,1.7707977217275628,0.48030781722418714,-0.8974207207714328,low,organic,mature,-0.4216093230342516,-0.0047672397731775285,0.21692018122563284,2.12464124443129
441,0.33893852246206824,2.4274720443376094,0.1024228107189117,1.4618408593935994,-0.740329365838712,-0.04208605163638678,0.6195652061255426,0.3973283082628641,-0.7663886801111608,-0.8095174571305996,0.9882844031026585,1.191550812650145,mid,organic,loyal,3.1557789301353925,1.1795327383181646,2.9977651936130565,5.631934961237091
442,1.51214355812192,1.8039304832528678,0.13461943632259646,-0.3111992442315934,1.3509909387784689,0.7130692818515867,-0.9824552586675914,-1.0336356655189114,0.4919302013563091,-0.17727466148399962,-0.02642995474069754,1.0725333647101947,high,organic,loyal,2.434904717092201,-0.18529176560472588,2.6189725378617235,3.738665389469883
443,0.7590371449850357,1.3298732484184317,-1.9315361063733665,0.2533979172212008,0.6946885223972068,-1.526585856687684,-0.6548956413099721,-0.840485162328919,0.021698171059916185,1.6278539686940638,2.0225894046649007,-0.8142875530732823,mid,organic,loyal,2.70395301685714,0.7431918194668036,2.2149975929777943,4.301981571007856
444,0.5265572504935742,0.5587978521423151,0.38762577151474775,0.39897963473923403,0.30374250245132806,1.6875701208064198,1.1024665143680576,-1.0601538975982672,0.7957210808805493,0.8923733745114522,0.3149672871517889,1.1314243705027294,high,organic,loyal,1.477939680161788,0.9559359187761504,-0.07261364117374303,2.349708941029448
445,0.18807403429903718,0.20046772107625074,0.1212405446770433,-2.018244085799669,-0.080398393905874,-0.6682505744545707,-1.1864479781925572,1.4340182847395226,0.5042075185344578,-0.029831080944547807,-0.5648033511024263,0.2961695846287402,mid,organic,growing,0.4322470172067636,1.6544333418486714,0.7750828695941077,3.899611138438198
446,0.9914360933175131,-0.8269658435469408,-0.0048283722766100075,0.8680664988511725,-1.93600112908413,-0.05756976240540404,-0.4292913705475386,-0.13382985775503398,-0.501628556371903,0.1376246052072956,1.923627220422718,-0.323922473928551,high,organic,growing,1.3734451704648054,-0.2256854231229522,1.7201252549003418,0.9255991751387229
447,0.29171100909410663,1.9947464184091128,-0.5500155783725553,1.814675348928969,0.005323006627107235,1.7818962258649262,0.7502011249463191,0.3071083625824217,-0.06563068188658654,-0.6240414398792106,0.07579154996435276,0.8973614590200242,mid,paid,loyal,2.8017989641944734,1.2418593524432575,2.5140860059242183,5.310753047754813
448,-0.013111430996670575,-0.3166228050618577,-0.2507825341777729,0.9924766135830533,1.2251614550998557,-0.6671505137683704,-0.6685878574474897,0.3793589196671123,1.5275320647572548,1.14599030831256,-1.2518522121799116,-0.2640759699918621,mid,paid,growing,0.13090778949167334,2.097717797809479,1.1667288580934396,3.8798218191294587
449,-0.9306035546895123,-0.26751252191525826,1.6044099960353544,-1.4226006487830172,-1.6188652932801901,-0.8285541534336024,0.2873106025759928,0.6207548206407568,0.4374484348615332,1.1756854032310164,-1.7630855942339292,1.188336538358937,low,organic,growing,-1.423008477048378,2.0125318185128673,-2.1446117979100108,-0.9694985346590742
450,-0.3120953200462915,0.7314943098048676,-1.3234254267632044,0.004956697009070176,0.23627077058901358,1.1557510374984181,-1.5852546226077653,0.03075254853490416,-1.085235291142143,0.5054960442082751,0.7772165364561262,1.2871702425080878,mid,organic,mature,-0.11542319238434973,1.2650989134614996,-1.8868076042490363,-2.9606801275196686
451,-0.5350294543083745,0.9272264856887904,1.3609015874770531,-1.6432469698554668,0.6123449200984505,0.958511253780106,-0.2587263863874374,-1.2107735775251085,0.9429557561096632,-1.1995088275577568,-0.17835143451090235,-0.040124057803329026,mid,paid,mature,-0.8896211999441899,-0.12240710132580668,-1.5867370457993863,-3.7253261711252876
452,0.7155380517039994,-0.6266315595125326,-0.684583688827855,0.09891547876311091,1.0063904776197492,2.287450000653147,-1.5074811997787745,0.3153420177865781,-1.0865350262342919,1.0188112432067427,-0.938544547309233,-0.6746482181823238,mid,organic,growing,-0.35010005212061657,1.2778498436307613,-1.8910393546726028,-1.5449685375567213
453,-0.5892708590639962,-0.07619893871980389,0.32319759685870747,0.4837013936085136,-0.0057675461827832435,-1.3298910224405813,0.7277861503101892,-0.05295866366302793,1.1617347900146988,-0.7077387794799367,-1.6022747273509945,-0.03402600268307527,mid,paid,growing,-1.174290288243656,0.885752132104314,-0.836253932752981,-1.6659694889093055
454,1.295952688284265,0.1609421366160508,-0.19966979917285654,-0.8703470176574332,1.7577664666808224,-1.0296025948847793,-0.72539425762824,0.5700341960840228,-1.8560206898867897,1.2745906653813397,0.6241931142173556,0.8992310718111097,high,organic,growing,1.5215238355616247,0.7533902216157502,0.769445965856004,1.409913158474641
455,0.5581170119496541,-0.16112351745637007,-1.063148710155423,-0.14007544122496063,-0.9752363117526348,0.4861553100763835,0.8067798305481017,1.4768086311982076,0.3717676405528632,0.9245753565951862,-0.2971447372301422,-0.47827713800819477,high,organic,growing,1.4219573417146676,1.4848006224051566,2.4066465342104455,5.327782369640693
456,0.47367189081680144,-0.3864728727169088,0.2691857888276577,-1.061192189335421,-0.8816276824763011,0.6354093010182902,0.8866900754060961,-0.9856561689666805,0.6706143105064207,-0.5327356730352747,0.016505176200309918,1.416944415790647,mid,organic,growing,0.5438370571959521,0.9700372040184526,1.5076358597554125,2.3490074982443323
457,0.8074872340229485,0.7958719880221928,1.9087903584569665,-0.7038793410497978,-0.9858749749925457,-0.7221222702285907,-0.25450105340661505,-2.3545506142918935,-0.20742823669681038,-0.5445707318949119,0.783759767397799,0.35241937901004006,high,paid,mature,0.25930467387337486,0.17506334107103635,-0.6656694193647551,-0.6068443013519087
458,-0.600696627769337,0.5899608453629039,0.7232630598237696,-0.7685457897914107,-0.49302425538241845,-2.2253631870979826,-1.0906599743692849,-0.7424695604235784,0.07416617660602177,-0.9453826793598152,-0.513451987049109,-1.225330681582599,mid,organic,mature,0.36723051481168345,0.6184465602843742,-0.44087634844363066,-1.024644650971413
459,0.17111389853127063,0.4257145945849076,0.40236534841982236,0.01236113190525933,-1.5410729965013943,-0.6199536638928509,-0.4073066723184845,-0.4032953129206253,0.07498121798983637,1.4255413723710189,0.8120962126845997,-0.9875177798486946,high,organic,mature,0.49678062500999226,0.7485700020815045,1.0312202776936443,2.3879236480540738
460,0.6784028752966336,0.6403023676657362,-0.8060674729515649,0.848865922635439,-0.16037663594526336,-1.4099534900144448,0.45520272463714184,0.2169618236145243,-0.22767762918582773,-0.03745308498329951,-0.719085478888462,0.6101305037971094,high,organic,mature,1.1630383293280093,0.8584452964083112,2.1428781107759995,4.152322231886677
461,-0.04345063450892596,0.16644884394822793,0.3571419244288725,-1.154585614426325,-0.894283021882052,-2.2099444596162092,0.564742258490407,-1.2122100237467663,0.1325697098956523,0.3709882249395528,0.6023528388925202,-1.2040169138360592,mid,paid,growing,-0.8808304381838958,0.715681972458112,-2.893451049807024,-4.468738649305162
462,-0.06516161814069105,1.670280420787749,1.7143146799843163,0.9873230940269508,0.3374931388188395,-1.0051063888453775,0.718621625391053,-0.15802122874684088,0.5605282752728444,-0.6328434548521167,-0.17293311283992888,0.16414736007642475,mid,organic,loyal,0.2824678494406499,1.4823410056966488,0.5641387194702081,1.463835044409931
463,0.2462780914938584,0.4937227144602481,-0.5791949845248994,-1.3432844521102028,1.6247850398997947,2.489254169023358,0.44742071120237864,-1.3239920947301105,-0.7731951168428768,0.509117569050969,1.341115611681286,-1.2128906345418562,mid,paid,mature,0.8230531911734916,-0.6335265872981041,-1.3745374016697731,-3.6875954768761647
464,-0.12433282084890122,0.19593206444396905,0.8645784512858746,-0.34360109440037934,-1.5638146913219246,0.6211975594529023,1.124795965171238,-0.08259146174516069,0.40524009130643124,-0.47449122942707067,-0.8457727947258943,1.0264256805472187,mid,organic,mature,-0.18958759843237694,1.225690800800642,-0.7381037083311386,0.7753707767880136
465,0.38749584781446095,0.49036859940188254,1.502115147994613,-1.054842334318573,-0.5520262681594221,0.15793334883469554,-0.5643132377612419,0.7831365352724501,-0.18739922090398406,-0.9925328074971896,0.06577167518766158,0.17033877080678794,high,organic,mature,0.060926203239272114,1.5893751172834467,1.1545830111355033,3.2543395923077822
466,0.9346820628963304,0.39314090314742434,0.46114639135983565,0.3202916840072248,-0.18822252129193043,-0.7162191151112647,0.288838351659376,-0.33312476588364065,1.6898226204410154,1.3421822947732187,0.6328391323516083,0.3784669392929856,high,organic,mature,0.780543581728403,1.0880251513036763,3.7903137151477644,5.965721186760191
467,-0.08795905098117711,-1.261123731347135,-0.2161722233219656,0.10140003340525669,0.2294564744446623,0.4695363670158261,0.9213301978776851,-0.6921540716928671,-0.6830756072090113,1.4508566797431588,0.7709815891931486,-0.3907709421333212,mid,partner,new,0.9952567072215727,0.7636338508347038,0.7564328730726052,1.6187150476877712
468,-0.10721116895223676,-0.10271394667489854,0.03157412228138299,0.47268309223861316,2.534992746099831,0.18975656116265244,0.6625981504252507,-1.6864767061901427,-0.484899992778835,1.2288150027166052,0.40231539135661587,-4.389114584864837,mid,organic,growing,-0.044245060542789386,1.0320338974503613,-1.2913609389128347,-0.3238998877037328
469,0.6740232023161967,1.918164394628769,-1.9959075861197932,1.5193876756455122,-2.771955630625928,0.9379989450534133,-0.008648626012240201,-2.3499712152446164,0.4461378272397865,1.1508397491520586,0.36388700382157313,0.584827637059613,high,organic,loyal,3.5838983161261044,-1.3033605576550105,3.0704061417110378,3.0310189185807443
470,-0.41167611233906165,-1.861389755221022,0.6918640223370642,1.7497539194462957,1.129580854227459,-1.9878758296013461,-1.5148944072109338,-0.8459677417973405,-1.5929754512801433,0.044189919556039105,0.3934158051805228,-1.4302532832423676,mid,paid,new,2.1054991190661494,1.7768897248124276,2.171568807106454,4.104351680237275
471,0.7771284592755282,0.601103944020014,-0.5481591248437031,-0.17252198598398413,-1.9498011756530316,-0.3322621562870741,0.007384974130325764,0.16874759522818958,0.37887691202017393,0.24424174323057224,-0.26434369726567053,0.2861949425543167,high,organic,mature,1.3373411672065254,1.0004879714121862,0.6670999276676495,1.2321210735097154
472,1.002031993310248,-0.09549807330964437,0.31759489083167675,-0.18617106266411843,-0.6467589164795713,0.5228796669176042,-0.5552259441702052,0.38614690099219057,0.02825537151004551,-0.3039346765201432,-0.3281428321466607,-0.5081209924156869,high,organic,growing,0.7695694074347742,0.8137946835232096,-0.15525426854503055,0.5529689393778012
473,-1.6458011720890138,0.38289509516169207,0.2315468252783205,0.8496702524484937,-0.5314569023067949,1.8953836254766674,-0.3797359478496331,-0.8751096421946959,-0.9936849198426648,-1.7339224032296623,1.5326278923931278,1.371067390768662,low,organic,mature,-1.116540627484652,-0.45366206272580323,-1.5433906339569958,-2.6498047848696293
474,0.600745162884758,-0.8960888077757798,1.8112676815591198,-0.35171916152165594,-0.26902583122665236,1.437259080436076,0.6589105844808723,2.2011031387545934,0.24872226031901956,-0.3970307995787248,-0.6118048834597958,-1.846996177190627,mid,paid,growing,0.21743306813870023,1.2184375836733647,0.6130103343639426,4.076033243395809
475,-0.27859577280620446,1.1445933388273806,0.5988341726560692,0.020308006560405812,-0.9949344438163292,0.22687301801273724,1.0128137051953732,0.4307192564699845,0.16673516963335916,-0.796957653281206,0.8671818141120127,-3.131904818744181,mid,organic,loyal,0.257478949653744,1.5528537360583063,0.08807001059739772,1.2834500774638427
476,0.382845708865145,2.5703219809445987,-1.508373387331847,-0.241369454701366,-0.00791099012472641,-0.4625828140565771,1.0363742425589795,0.472451014355301,0.1523003725473193,0.7972725611692801,0.0167507090717422,3.179864488823514,mid,paid,loyal,3.8891313402797314,1.298369994182921,3.0075285401866987,5.497822408540009
477,0.15134693365674112,0.19528209848970435,-1.7104680495732754,-0.5434503273034238,1.1473776817998096,-1.3354568503598725,-2.157557174301955,0.03231547118757482,1.370744507474978,0.042381228696125636,-0.3361246026263436,-1.85848793774098,mid,paid,growing,1.8619238191347078,0.9470923106772263,1.1918613194489138,2.9624385142439635
478,0.45225412270219334,0.6612751088830449,-1.7817324991011003,1.1345324486972188,0.7656955258921091,1.1323159425473455,0.5835250918333419,0.6536827088113185,0.5207208987017389,0.8684723215011957,-1.8187577691239185,-1.5010594336215146,high,organic,mature,1.984311231636075,1.702656155611726,1.5704526819656424,5.144768932781252
479,-0.7360079001897717,-0.12982017167255325,0.3881369233081794,0.32468165322885006,1.1171058114560313,1.148495298580351,-0.8723851082937929,0.23857611005047125,-0.8478315477218382,-0.18824703835356665,0.32179136904849476,-3.4087120764716907,low,organic,growing,-1.1040746601778701,1.2245659933728101,-2.103501057762087,-2.321169973464038
480,2.4112440396396844,0.5664086773974751,-0.595703275413406,1.927369755230228,-0.3474311704861944,0.13251938582805775,-0.48711581039762725,1.6519918374433393,-0.10498470630588037,0.14948410073950924,1.2037821530254462,0.5851394574610765,high,paid,mature,1.086358451777169,-0.7360409124116029,0.3792134553894041,1.0965844087362935
481,-0.054348065134071935,1.110390972357463,2.538483229427952,0.3174104487994213,0.11676008787256639,0.17062708361908155,1.3104295008315177,-0.5991977350329224,-0.278317559711661,-1.5374429491266413,-1.1838678626399737,-0.5178000026979704,mid,partner,loyal,-0.47985254335243493,1.0626789974687514,0.16378345725130555,1.1282019175746079
482,-0.05593699406042271,1.7690833257701195,0.5359928049252244,-0.9120785101897938,-0.7279804853641153,1.3747486832306544,1.1266103486291923,0.028149910224203063,-0.44252646553883224,1.1249328357046429,-0.9933271267246865,0.39203039805752304,mid,paid,loyal,1.6984273194812884,1.463067749104732,1.468106358255798,5.872951244483672
483,2.2726589908933312,0.20535568225145748,-0.7756094792616043,0.4103687026715378,-0.4700087190153476,-1.3941158437534145,0.7010360268721068,1.1178344005497223,-0.31090667207257267,-0.37723567409627334,-0.9615653911218296,-0.1499356004675666,high,organic,growing,0.9400922909460354,-0.2241814645685714,-0.8133946681379829,-0.9189923139217997
484,-0.5623683829231909,-1.0110326867032555,1.892168830399606,0.4664928167495073,0.5723951080293523,0.8833995689324271,0.7710362167598054,-0.4131099527967148,0.2725526229714672,-0.2690304842606603,0.43846362477666,0.3416908859581642,mid,paid,new,-0.6944822669277293,0.5000580423305452,0.330466432137245,-0.29926472524190384
485,-0.3826602608642019,-1.3292987229217992,0.14623705696550768,-0.20426948780729892,-1.8903722477087583,0.5076617688887175,0.9653421122427754,2.5283564752089505,-0.39119750332066106,-0.5387118965490677,-1.1094210304392413,0.2086419064870071,mid,paid,new,0.5150260701110749,1.4821074819329412,0.931745889896147,2.4962184661550473
486,0.2023181805583551,-0.8112963347867491,-0.1749298820038401,-1.9786656668893567,0.9263767478332465,-0.7706792596721668,-0.03465635141297929,-1.426693421297779,-0.5823535994615734,-0.2795911535175272,-0.011290846960830136,0.4797325155225118,mid,partner,new,0.579255503802015,-0.2950503043385069,-0.8038774599451829,-0.0038216449389911755
487,1.4390750834862203,0.7327109427693562,0.9621645431462449,1.4461041099431382,0.5697078815226975,-0.03670719561899534,1.0091119062550553,1.0730092859616567,0.6485658379660353,-1.454627597036103,-0.8414601530946475,-0.274854104030484,high,organic,loyal,0.963711785621587,1.4315910587252003,0.5983327795076903,2.2909648264964244
488,0.7796210207358992,-0.021346419070559747,1.1368686334505633,1.3152366287442812,1.1991704686772062,1.2055405644802868,-1.0369939046587182,0.4826354994557758,-0.6075290409554163,-1.6490663313591984,-0.2874711320558362,1.3247369656272514,high,paid,growing,-0.29901037935271485,1.532200800939228,-1.0911092084105032,0.05413342240846932
489,0.4607420101184635,2.017809371605892,0.17723014526811154,2.4478027535929074,0.17752122551705124,0.022480296153736364,-1.2793900879214963,1.1105627402927678,-0.5021251289404789,-0.647047639408727,1.281230563762572,1.1582226687959571,mid,paid,loyal,2.1002096292386576,1.7368536058149961,2.7771153383182896,6.066100709496457
490,1.132051367210679,-0.36219113405498116,-0.05097586530525164,-0.059854397695851456,0.7825181806723981,1.55356466849423,0.36814655519840694,1.9748910853573585,0.8971944180330614,-0.23479939411441825,0.8287114061289749,1.7059402787087732,mid,partner,growing,1.0415345579941582,1.1822923669139092,0.6698823319465034,1.7081417077768095
491,1.9982889833413344,1.1868913445990807,0.025674453657999224,-0.21669325405592046,0.5760695035613909,1.6739744952710462,0.4337691222144516,0.4545318718688109,0.05139785431709231,-0.3278910626312124,-0.1621345066439178,0.13542598524553,high,paid,mature,1.8612559104682824,-0.4647333940594177,1.788482576582321,1.6495607797146623
492,1.7180999962398222,-0.23971377853080178,0.05261207591138063,-0.8653776604065087,0.7166310664731552,1.3666791787182826,1.6244978459567558,0.20336452469571042,0.5743542832792355,-0.15355032217003803,0.5280186796945225,0.3139651524992144,high,partner,growing,2.0344592006427002,-0.22300729115027768,1.8452647808004432,1.2311624139587494
493,0.05826438725148733,0.13775369227712947,0.45192228339364876,-0.29415243484556425,-0.2424967920780333,1.7073620136715535,2.710546768846383,-1.2043669485340438,-1.2594712043760588,-0.9571528278081498,-0.10328841503855507,0.895780511037257,high,organic,mature,2.0538619900644495,0.925979935030167,0.5737274603390567,3.4006464144373307
494,0.591252942048272,0.17203113678046833,0.5289355469578989,-0.6920861566283695,-0.2441227717526189,-0.020094548375796818,-1.5842163388718526,-1.161310204722596,-1.121566061277659,0.7641082236837743,0.24535494857241638,0.611061200073943,mid,organic,growing,0.23543136978472615,0.7278699965773137,1.6408275377418815,1.638334516394228
495,-1.8396549898024643,-1.4835666860516032,0.6632154402564954,-2.778669641666051,1.2246293575998046,-1.82331714352279,0.8433448919249784,-0.8885846247569626,1.0489037151715825,3.208160913916495,-2.2731776301211255,0.6953771478606484,low,organic,new,-0.584295731095998,-1.9482760813213011,0.0780343260875217,-1.6773647976440345
496,-1.8081627135937397,0.4267689222175041,-0.20677216355189393,0.1297823224618433,-0.911686276328237,0.7805411094965004,-1.448357837970381,1.2416372628987402,-0.40925030661018263,-1.4026906774030896,1.5949368233406982,-0.06734265280915312,low,paid,growing,-1.2456563013110096,0.01103657687747192,-1.9930399023608776,-2.1000307481097362
497,1.9076359704420263,1.2213561293133421,-0.798145704786435,-0.0849898009367489,0.12103793966357433,1.5263031999864394,0.437517713367115,0.17629262109645927,-0.1998795870983077,-0.0505570358546391,1.3045920856783244,0.0037053507974743488,high,organic,loyal,2.477177953869455,0.12954604891647203,2.6690398748647977,3.5856467663222475
498,-0.3949972712981747,-0.5645071656136869,-0.553765153836162,-1.402095996042765,-0.750375308326479,1.498420275650323,-0.20659926056749658,0.7044116685560984,-2.4787565179008344,0.5683113089658791,-0.16135270436911373,-0.48144002289050875,mid,paid,growing,-0.22314505532613038,3.046796624049348,0.7509728595212575,2.7691985459371597
499,0.18095995742113172,-0.4958252538120278,-2.123874919888356,0.9222479411719373,0.24301756134819305,-0.3139424547478518,-0.9661853720724374,-1.469857516107135,0.2238927070680576,1.613440960225359,0.2031664767410382,-1.382761606092826,low,partner,growing,1.3439748491649097,0.5573283034212866,1.3997158619225014,1.378194896209405
500,0.22511672703840255,-0.053342962246727924,0.8640436260742304,0.6067331774117265,-2.9858225341099236,0.5452422044284568,-1.0034794095040838,-1.421728741448699,-0.18847341037356372,0.41097110903001155,-1.6407346102868243,0.7045764170575515,high,partner,growing,-0.07767650970482656,-0.3655457082297832,1.4790776769632636,2.079772190179078
501,0.7633388475315999,0.046976196299497744,-0.8676236302270486,-0.979378004189292,1.0259321315802274,-1.5112226864959049,1.0644704608191784,-0.1651991591304367,-0.09583449964285712,-1.708087705413325,-0.1467166301285866,0.6135855160113759,high,paid,growing,0.45114342533623364,-0.0755486283594003,3.368994267254039,3.524264610474696
502,-1.3364100878519811,0.4986358672518455,0.08901225367902267,-0.6437556138323068,0.8546730864913044,-2.202256768978556,0.346680748743709,1.6194351580732922,1.4399431391006616,0.3898067205385225,-0.3016807761308459,-0.6358025565476308,low,paid,growing,-1.1992543148237083,0.8077401831002258,-1.3253760507350913,-2.9872659053438575
503,-0.30292579390564206,0.5438072479179061,-0.8072438054594162,0.757423818050381,2.133160518003324,-0.061883235127395034,-1.3443948032833053,-1.3447447463164128,0.7765655517115755,-0.05974617896044361,0.876830896064053,-0.5336342491593495,mid,organic,mature,0.3057498293984034,1.308614942928356,-0.2767799136424612,1.3357793779822555
504,0.8306235475398316,-0.15829917344972547,-0.7325040553239491,-0.4009984788023845,-1.1970543554232365,1.9893595585816115,-0.09638181355848706,0.644514088682196,-0.5368691328707993,-1.0519278219798232,-0.23388051091793519,1.1011925333791985,high,organic,growing,1.2061425420183816,1.3032594323034254,0.21673328999765729,0.712517329344599
505,-0.5207317913982836,-0.8705319727294154,0.1554642443691435,0.4990226007177441,1.642848168853183,0.35375047837249485,0.643992678531235,0.7192752369203216,-1.1530153819326303,-0.9633320704695443,-1.0838962896056503,-1.3321457556916456,mid,organic,growing,0.002067081162513057,1.9386108174587486,-2.2115075419327748,-0.3051297134836072
506,0.7954598748704036,0.29005009166375534,0.07949606309144953,-2.5927165154022687,2.0554768586186185,-0.8942720041535557,2.0518127559389576,-1.449241480651316,-0.8124011585565369,-2.20284938250963,0.3621249759426975,-1.1012568208112323,high,paid,growing,-0.006311724471396385,-2.32054131656662,1.241833326978248,-0.9077792897191821
507,-1.0730001540983543,-1.3725142171743974,0.777355062737863,0.7114636515675471,1.8120338910787854,-0.6857066210729733,0.21881937104680035,-1.2893351974019516,-0.33503902273531805,-0.5188453132811776,0.46444995749542084,1.017021806418191,low,organic,new,-0.17084009746334844,0.5703200386797994,-0.5243339075266302,-0.3611263696186233
508,0.9910666908314999,-0.8428122722176108,0.9984679046229995,-0.044085137107797066,-0.32459689589701496,-0.7085114868189184,-0.559935794361552,1.7423138461962333,0.30741076649402355,0.17461184750120493,-0.26224685853694674,2.4459786114380284,high,organic,growing,1.0838327111390533,1.1421592084263505,1.9591884586091197,3.7413423876352807
509,1.3050104888464247,-0.7210621147987927,-0.2736150547046242,-0.21424454337091037,0.14587197828259946,-0.7012259926314353,0.43881652336169663,1.4520881320393144,-1.3136281090041633,-1.128146737092067,-0.48315855529730695,-0.43679556010782966,high,paid,growing,1.1819173481798468,0.9676717704130564,2.258369519068667,2.765058815141942
510,1.9984658747459307,1.0017092200148388,0.9443223521182641,-0.2643656935134005,-0.2863134067868141,-1.4517054137653986,0.7817402280478173,0.49105460480878543,1.2859973646782836,-0.2108297133561673,-0.1417791462003969,0.17004552856063573,high,organic,mature,0.7007708361222621,0.3057889182241795,-0.3801993938087592,-1.013923381324819
511,0.8918975755070955,-1.470215622097479,0.7360561337383746,-0.020495562172830533,-1.0586372679536964,-2.0846057526540664,-0.1364737118783534,1.44771298327407,1.674684666741395,0.3553762106700964,1.9620056638422476,-0.04294108295674488,high,paid,new,1.6359510451895705,1.6259861747483475,0.7051368504443806,2.282740031571379
512,0.9533035516427811,-0.45123088890642726,-0.5145988392841486,-0.6775091168806363,-2.0605289471243124,1.2870922599469117,-0.6416324391380163,-0.8014387797551964,-1.1799716816126755,-0.20435943653628302,1.7634923105597426,2.0937788508227175,high,organic,growing,1.0053042230415985,1.1563840532347691,2.7499911124920313,3.5870295747038394
513,-1.6608668758020833,-0.35444799597628235,-1.0343577700936986,0.9883377412115197,0.2865935472939267,-0.636569327379835,0.072573080591019,-0.4774186214077085,1.6142460943748966,0.5469595150160383,0.669823420916438,-2.6669174780328975,low,paid,growing,-0.48695854312397885,0.1724575150687488,-0.5570236929175805,0.1621443737375372
514,-0.06678867882881083,2.083210959059034,1.3261290700366843,-1.8470895859203031,-0.3134258326835941,-1.2015194659187214,1.7111015603628703,0.2442782822759085,-0.767795559731436,0.03415794354078901,-2.607365529068484,-1.0849613034565766,low,organic,loyal,0.6973659068380565,1.8993840910426274,0.037078369719352744,1.6402069911896957
515,0.03644372582630957,0.8456753684533224,-1.9413141205973408,-0.38115530770242934,1.0096857385188218,-1.4514533243732721,0.2291828347841731,0.06597450310600346,1.7143803203566024,-0.23013619311163766,-0.17160059837507027,0.8549597531646885,mid,paid,mature,0.9272640211136575,1.3504571554632987,-0.1179092737905586,-0.25226150211533427
516,-1.3263486680493446,-0.22088320655085864,-0.45572501084051054,-0.13891181270510022,0.848406448962838,0.5541614850821731,-0.7486823085286762,0.13669920332721244,1.4904416141005241,-0.8313656987973053,0.1451667803970126,-0.19316067693862857,low,paid,growing,-0.9127023303095718,0.5758527586564053,-1.0541581107106839,-1.3535817640565124
517,-0.06300501583677695,-1.6306576222494007,1.4107628543122044,-0.7743519008881833,1.0260719701535328,-0.6213766080475112,-0.6255046518957602,1.2131232504654668,0.9938846034779243,0.20866589896398288,0.7611505498063198,-0.28855278025639997,mid,organic,new,0.7997777679008159,1.389992491091959,2.3076721888790925,4.491168901556687
518,-0.008367627718889919,-0.6616243924638191,0.9040649493002597,-0.6934133311673524,1.4851563449378529,-0.31583416831982436,0.020508564016334337,0.7587280206543343,0.023864421189582014,-0.2979083142853102,-0.03002344780847147,0.8938183535575839,mid,organic,growing,-0.1972407549957152,0.9208814025286148,0.4881972267674111,1.1094473438143624
519,-0.6628522221367055,-0.12623700727326478,0.010286727337475357,0.8645851955276563,-0.09984537387143656,1.808299094493722,-0.1565385777150951,-0.23768363840527992,-0.17103212161773174,-1.3166414286580101,-1.036726846758685,-0.5306668897390933,mid,partner,growing,-0.602182634309667,0.616723101818852,-0.4204202879988729,0.46999261381600665
520,1.1358298488501297,-0.03312605936201012,-0.48464418961570654,1.2265347456065954,1.5511771328922608,1.2553824609077604,-0.8530899972351577,-0.49524862019365573,1.813736070314719,0.24113969200002205,-0.26762706489607857,0.7183479613308372,high,organic,growing,0.8657641998555865,1.8249239761726084,2.454285143446635,5.589531012165872
521,1.0072990673581124,-0.5714495709282644,0.21943995861993149,0.9265600692170585,-1.1602871459598532,0.012345457426139817,-1.1143896530507154,-0.9835804969268109,-0.5631000774803041,0.47711953787947037,-0.32202262863813463,-0.6484181249684061,mid,paid,growing,0.5353400547095684,-0.5731346622058352,1.931115219680075,4.339015399331378
522,0.051554563324959245,-1.1469627282664296,0.4288032178339101,1.13138676195831,-0.07920404098801156,-0.2026489933002083,0.3734403532155694,-2.028469418831545,0.5368174565978674,3.1018858037448633,-0.12267622111472039,-0.11912503371633071,mid,organic,new,0.4757547603597427,0.45079908678645414,0.8098769710822671,2.6542833505541266
523,0.7436070000996834,1.645332668197962,0.974967844434135,-2.1556068785835505,0.5633988376627469,2.5719301452416747,0.6224410467594651,-1.1546019132717495,0.281829624418614,-1.280687251341067,1.2328036892688596,-0.9558825880279255,high,paid,loyal,2.2467319617449135,-0.18218501592597094,5.022851619281048,4.711151744776053
524,0.07424363469202304,-0.8577800019918477,-0.546448057547991,1.486150645860495,0.1034571648936973,-0.5592024737257201,-1.1452279708867228,-1.8717014863994363,-1.2512806335226867,0.11195924144437792,0.9802337687226637,-0.5603514924222011,mid,organic,growing,0.9293009750321999,0.8856109561709364,0.6818778194386913,1.4118196364425608
525,1.5705436007190146,-0.7175004222282269,-0.2380117228798793,-1.079576720337252,0.9907617345678559,2.097510614044568,-1.7618169609361978,-0.3461620686346983,1.264779847050035,-1.4469455214256013,0.5666839069710864,1.2214722002075706,high,paid,new,-0.16366323253036752,-0.5309322370597879,0.9343652646288256,0.4171013145097193
526,0.07822881435683716,0.5502630709401326,1.7609023861276074,1.9484265541011465,-0.06196721303448301,-0.5323778492992332,-0.9199801110736965,0.9769641504287125,-1.3717755577909683,-0.25257403799120237,0.10268977095446595,-0.5030025127187545,mid,paid,mature,-0.5825812980278868,1.6141006001760148,-0.975577903070014,0.9209202486096355
527,0.2798202650191239,2.564513318292758,-0.12159859034654243,-0.43540562742738964,1.0153318243818528,0.23958364414552194,1.4393357712113763,0.1646876198197184,-0.2484232079710333,-1.7837248880945553,-1.61973469381174,-1.8356986904271027,mid,organic,loyal,3.7019664962490855,1.2255259069243476,4.604814932668507,6.2781992486916955
528,0.37933916628423964,-1.3622494798674596,1.255577365919383,0.030246564855953728,-0.24418691910166884,-0.8438550752043381,0.6222587482702062,-0.8044978195424114,-0.9853780040698807,1.1883499206053487,0.3546211607750226,-0.23492942824827223,mid,organic,new,0.44905888336071254,0.7684021083861874,0.20067169979593633,0.49802315392256613
529,0.6414329847337166,0.008931873110698613,0.38301315045168366,-0.816847902375455,2.0703986089106223,-0.579619967676225,1.5560163269499772,-0.18886884930447648,0.8070971156549623,0.7342234990261364,1.1468517551500457,-0.8406237071641448,mid,partner,growing,-0.05439990674392642,0.09105744166148615,0.40696840917309507,-0.6242955023228124
530,1.075635401278862,1.8464398509114404,-0.2586929792418571,0.034706067142122404,-0.5234466424801542,-0.34643625218509994,1.7114227989324904,-1.0042345261302041,-0.942118821850772,1.610900936414377,0.6245484258883623,2.1203702490425242,high,paid,loyal,2.4378361450121533,0.33087508220174333,4.827972054894705,6.004973030073351
531,-0.45043863782585325,0.12628113723756937,-0.6606769437718044,0.14330116864769596,-1.7740966972843037,0.6849545566550082,0.3234740834923381,-0.057554662465918886,-0.39036432459966475,-0.8947539873680995,0.7277129120327611,-1.1710899857034065,mid,partner,mature,0.045615736556695236,0.7894540238510057,0.9974675379379698,1.5211962759182887
532,0.5118959120492431,2.0744513948094574,1.4855214886442982,-1.5051279426706532,-0.5367380603433028,0.4214507405553377,-0.07028192201435018,-1.399405718282421,0.3853159514734912,-0.010016895116299348,1.9143254086037818,-0.2532287026174467,high,paid,loyal,2.0132062898693373,0.8413373727072564,2.4900474025591888,3.7653931831778102
533,1.168003385326591,-1.2670884031299756,-1.0280092978965083,0.72166195980949,1.0837307806073746,-0.9573927260743923,0.02407740648391172,-1.3815791735290779,-0.1812198263054794,0.8369227856241259,-0.4349584991361448,-0.2490347059438028,high,paid,new,2.1421159055178323,-0.026643914121064323,1.367413113339441,0.5644803963004519
534,-1.1297953982960518,-0.6483584136249257,1.7581109162143385,0.07292489171713287,-1.0023077666505982,-0.3147719499179916,-1.5974276211665621,-1.0141596921402123,1.3603397390464533,-0.14248242438660505,1.890730176101206,-0.09534783849605591,low,paid,growing,-1.3032953332707857,0.14609774349540677,-1.1150666287675595,-0.32146313450152797
535,-0.035978696191495935,0.6408941585421234,-2.672587582219401,0.20493932365357484,-0.04898648806095168,1.4860388935151474,0.9646793941636173,-1.1336916855468007,1.2421386186275805,-0.26231452558099516,-0.9044532262960451,0.1971032508712023,mid,partner,mature,1.9526807654328837,0.8931948839693251,0.9446782638583666,2.5934904898185867
536,-0.2027693556638182,1.5384653140285238,0.3406220284912099,0.2056589208860058,0.9006470828554398,1.092871618092712,0.7836050942972992,1.4194634728149536,0.6086824129137884,0.1676514647267018,1.2391720620880293,-0.09089614008213873,mid,organic,loyal,1.211603580614258,2.0391801188806973,2.09857992885129,3.3185042536729235
537,0.033246516344661574,1.7215769172969146,1.6219241279552312,-0.008175806923322827,-0.45355157730561674,1.4631735002084985,0.8004183579152141,0.315581254197363,-0.32187271018994457,0.3316965787145939,-0.02170845988770261,-0.6643381795729958,mid,organic,loyal,1.247100369217528,1.5603201762593222,2.108978008907368,4.327964527006328
538,0.12904232858723516,0.2654240456396075,-0.375395066920231,0.9038256886095176,1.288832392310989,0.9698976936554127,-0.27624838521399475,0.7558215041883719,0.07796139746004017,-1.2357459785659517,0.6727293784977457,0.14613164095694817,mid,paid,growing,-7.273229066000197e-05,1.650566489363847,-0.1797081782042499,-0.1483090220442269
539,2.5935480020693076,1.45727086327856,0.7111501569345241,0.24917050128817964,0.16372225505801816,-1.0036894036331077,-1.7389872271999107,-0.8725591090815651,-0.047717018170430385,-2.105539278208984,-0.5443217922727491,-0.24761303312442595,high,partner,loyal,2.206778233655186,-0.9062212682021213,3.870310220538895,5.467437744525075
540,-0.21542655348545797,-0.6617235981881447,-0.3415138143814004,1.7238938281238618,0.662145281490603,-0.5603007768981497,-0.06834778836196333,-0.0283133356522669,-0.7679554337401511,-0.7691302177438546,1.010524020326713,-0.419784377516816,mid,organic,new,0.21692709098635518,1.621001398733335,1.7398231603563472,5.496879880353214
541,-1.0946963870308715,-0.04314034406944269,0.1180097531291236,-1.9727042241938353,-0.04074635781719302,0.8679799343482604,0.45122938552183306,2.229795115194971,1.251109482312179,1.4489340247508535,2.8000859359143266,0.7581562617745978,low,organic,growing,-0.6065419345106441,1.4720845022947602,-0.456895336064691,0.8223832715221165
542,0.16307020793270105,0.973740293431332,-0.5592364333949937,0.10768631949496932,-0.6477276430783137,0.39798455756288165,-0.6519090880198202,-0.6869284998617177,0.4134732931055044,-0.13771144078056718,-1.927521135716747,-1.4555569213120896,mid,paid,loyal,0.5518403297741554,0.7404822853723145,1.117351451428628,1.340394004874863
543,-1.1472664914614634,-0.8829719061139744,0.4144233294786382,0.21893884707163588,1.065279371699199,0.7528018229417711,1.0719029561826579,0.6083961914591229,0.20967930909148969,1.0993517422876555,0.9194127917400996,0.3760953675539912,low,paid,new,-0.4032137471022191,0.6027245707132741,-0.9916709650433209,-1.3507170114386193
544,1.2710718708601423,-2.3457882425033967,-0.29046317414044986,-0.305790465651731,1.1526828774815703,1.5713949969507695,-1.4501793702102626,1.411167174149276,-1.171445186026269,-1.1412152455608227,-0.2342857023273647,-0.3182064721325846,high,organic,new,3.0848821302424954,1.0123572072112597,2.812701602945907,4.215127208765134
545,-1.5584172797168765,0.6498779734925669,0.6794024247266021,1.0540415961636707,-0.43345532977786516,-0.039582714972448675,-0.030427164902642686,1.6879954414684644,-2.834244782633218,-0.9569443489891034,0.005540842791797656,-1.085570234915503,low,paid,mature,-1.094017349453394,2.1253534743347196,-2.1720250634169664,-0.8051063440319364
546,-0.2583203572711174,-0.12607553636990937,-0.6576861087924688,0.06446892610267248,0.6281492777578134,-0.23626644503100197,-0.45319473396873566,-0.16576491665387216,-0.007436346645589392,-1.740319565334422,0.46155391796127865,-0.4510012294467944,mid,organic,mature,0.14237055277860636,0.8864996175788757,-0.3359664369423917,1.8202128969600941
547,1.2615350748110512,0.5910534756424747,1.1700664042196551,-1.0110037937149083,-0.37138664118742654,-1.2424584874574092,-0.7051912089293261,1.2521054245085916,1.4874905779224952,-1.1481332948044598,-0.45827766831728356,-0.07619567202394918,mid,organic,mature,0.760657481929788,1.5357988473268918,0.6562686176739794,3.344549860612129
548,0.5856056418097813,-1.7598102635364925,-1.6030000815284384,0.4896261438724024,-1.9490385689179244,-0.44679740613887026,0.16209180855884073,0.4156659699331173,-0.14171809554383202,-0.3657567190475306,0.8445708597164794,0.28520592636575753,high,paid,new,2.833010608201388,0.39492718057220294,1.1726433615463414,2.8903680543165424
549,-0.6470166219514599,0.037722896682238334,0.3831690226561928,1.7182372414513813,0.7863236682915793,1.2145568559539437,-0.61060739629963,-0.5241829062550026,-0.2353799928129901,-0.143572646638164,-1.0080249578028904,1.2659336265568182,low,organic,mature,-0.9506084691870098,1.1311743027373373,-0.3737944941908873,0.8158197309620321
550,0.883351637758792,-0.3056778613015072,0.6417106490138536,0.2228991630038379,0.7198279809313747,-1.34430712352563,-0.14566107319743485,-0.05803852790579535,0.6236420996116513,-0.6284376011821333,-2.4999307240823962,-1.0816997176829206,high,paid,growing,0.6045710092762384,0.5192147052675974,1.6266992798025126,1.4803120450691476
551,-0.06104798571090735,0.06388422550333159,1.6837481226249844,0.582746440658099,0.08153027923148934,-0.032391276781437675,1.104183382169693,-0.5901104521574382,-0.14028378774059883,-1.0892581201383016,1.418906048695304,0.3924989370016137,mid,organic,mature,-0.8187604804764754,0.7064521769169362,-0.8266782153857999,-1.1382862127162323
552,-0.7075232960039459,-0.11445501031830795,0.5096507632062802,-0.2507189127222754,-0.5344706217126008,-0.6542736859843314,0.3389618992411148,-0.3580542792106851,-0.45375773476274617,-1.3360617550554057,0.07764057652716963,-0.1812234387919082,mid,paid,growing,-1.0314652379267868,0.4156493958584115,-3.7287072963652923,-4.370948826264039
553,-0.3216483486419647,0.19877067748871843,0.7480022627358979,0.7015654719404685,0.5527285008997627,-0.24067027863572127,-0.5669983359412419,-1.0439156413224373,-0.593156507338082,0.019650095136569568,-0.7862861216524827,0.09605713911744292,mid,organic,growing,-0.5151669108960398,0.7435153612740032,-0.7681596753111373,-1.4561923134745673
554,-0.9654566779118643,-1.660991889007022,0.819406120864795,-0.47441459536584457,-0.8370336532238911,-1.0938471412974384,0.42303597473040044,1.3749077114679673,-0.4030738610061444,-0.21556337466258174,1.0716318398890723,-1.8104457043583122,low,partner,new,0.1677725000027101,1.3162374912902335,-1.22561371236477,0.026922615768139146
555,1.966868642912667,2.4441003023263694,-2.706337529420083,-0.097503228916757,-0.7189470318695635,-0.26477177090473386,-0.4183850696159234,0.8117590984793583,-0.1125699069679908,-0.9109072141999566,-0.17218516129512423,0.5147842369624097,high,paid,loyal,5.137042372683778,0.15125084317554208,4.527423340147027,6.842024706777025
556,-1.1837213277652818,-1.6462336889699805,1.99274280083532,-0.6424266797084363,-0.13735298691952277,-0.39779540582557266,0.548087704082142,1.7727899230910438,0.5799338417292843,-1.518365147539991,-1.3841234270085299,-0.3989647753269165,low,organic,new,-0.36971601182931935,1.0676185380824392,1.0822202887992054,3.019850305479731
557,-0.2682331995332666,-1.7219512695466006,0.8193409201744406,-1.0863205578814785,1.4933015621257555,1.8206325972057207,-0.24825353263217734,0.4389726404181848,-1.2319472220842016,0.6236763264791144,-0.49819242343437004,-1.0872353215883535,mid,partner,new,0.7210406994009987,0.8613477611942553,-1.713432383468536,-0.8609248643965094
558,-0.2893349882529842,-0.46574800840536296,-0.32515940300375434,0.949679902816359,-0.7853075926357327,1.735022999773876,-1.3250596328253537,1.6154302731785954,-1.0165106219066937,-0.0010132325366156636,-0.4901961134780198,-0.34372867153785464,mid,organic,growing,-0.8930731753816878,1.4355264971988992,-1.709435700269046,-2.6530225631072613
559,0.8013572363555488,1.4998267972288106,1.190524704955642,-0.40485633234184776,0.18425522240455336,-0.7820778736683621,-0.9915503125746948,-1.1463009057286688,-0.4375733069841293,0.24960563101494201,-1.9118151597515047,-0.046353702580765745,mid,organic,loyal,1.473832738103795,0.5701164822622029,2.303402349958688,4.897895333879593
560,1.5160251245495246,1.1219110690741252,-0.5851840765266658,-1.396872909282786,0.4598303064648266,-2.3174282502075,1.1101541158826773,-0.2135874578832405,1.8313003205774008,-1.7269654855764658,0.9181462252078333,-0.10050883681419848,high,partner,loyal,1.0123943999090275,0.82787437813713,0.3104682803603668,-0.33590218742640743
561,-0.33105053147208047,-1.3698434652121445,0.5957479067117164,0.6761373847768578,1.7851278019658896,1.0080502628605923,-0.593895328955735,-1.0038625836175148,-1.3684914335223863,1.4732243456394702,-0.778174284277866,1.4802298689713072,mid,partner,new,0.1706491072591073,1.4991128990895328,-0.6077810699128179,0.5562482943570464
562,0.5250720408620666,0.3299028815939605,-0.3068683125602983,0.6606729130022508,-0.015470762836802118,-0.36921329146881043,0.6960047866482002,-0.14397210922113055,-0.7983347787388269,0.5998267754606512,-0.06398565562856524,0.4889100117578045,mid,paid,mature,0.290739282676239,0.6842316119261391,2.3231454512837666,4.32286424238111
563,-0.45385985835418646,-1.209121304680956,1.7350739625142755,1.5466114107635742,0.8837849612619612,-0.3878106853742732,-0.3003179731610725,1.3823274458964647,-0.3538300375674132,-0.6325560363472975,1.8722346756364532,-0.04767768161387231,mid,partner,new,-0.35395981768373447,2.0740355992019897,0.02442757572678944,2.464388973631639
564,1.7684253285138456,-1.398391910690002,0.5181848827845018,2.071082599216615,0.029750744658861888,-0.2640044922677962,-1.1677519175984197,1.0823430544352473,-0.7701280826406874,-0.09480855938998854,-1.2345022797926115,1.5568946000974326,high,organic,new,2.002311365333335,0.45609641227123665,2.9366137763653106,2.995857994500179
565,1.1548853107256827,-0.031584749213130925,-1.154148935586928,1.535907049242632,-0.36593172704714716,-1.1052048408175186,-1.762118012472544,-0.6459651318937749,-1.4546381225299396,-0.6228208365228246,0.7444087336977152,-0.3754001639752333,high,organic,growing,2.38066526482764,0.338731289329084,2.875334982701859,2.978341143937805
566,0.3556933821137109,-0.7233346595322319,0.06516906636423135,1.920900822086021,-0.3484860780268965,0.38442943761965875,-1.5655272274684384,1.5201061224168706,-0.47720662894486526,1.050533649906501,-0.12318029575890527,0.6115793650208063,mid,organic,new,0.27013887746761145,1.2383332452476594,0.4318362690663897,2.086792017440748
567,0.6710124272110006,-0.452440339512717,1.091906435761852,-0.7589848639930996,0.7779342200275429,-0.390205294166531,0.3495579486320601,-0.46199300235426094,0.04997597470659558,-1.074693701691767,0.24755698468879414,0.044187834959585996,mid,organic,growing,0.05385687426751694,0.25909452450212034,1.3178817842396404,2.483185857783144
568,-0.5401535540724726,-0.05502796639029617,0.1340044761679099,-0.6163570532651123,-0.12875857572966917,-1.005551940894921,2.3457330389610074,1.059118660208185,0.2730941056315511,1.172112927476695,-1.9792524766837778,-2.557679737834006,mid,paid,growing,-1.613704691994263,1.1331831714586333,0.2916419124730232,0.4051138130607357
569,-0.3992910617499062,-1.378564143602109,-0.23660552444832925,0.20565664059489883,0.9204144983406113,-1.1382639842752136,0.3996306861600717,0.014389693152232522,0.34750930993308465,-0.5197719507535998,1.38313513986212,-0.10350864842972622,low,organic,new,0.5637257328799913,1.0453409453837719,-1.1197911917306538,-0.01779496490110155
570,1.7741822235037688,-0.7903886536822237,0.7428273399555535,-0.05966848056052859,-0.32774241666676374,0.6323153404675466,-0.29917347918958953,-2.661965337157328,-3.0628681231743076,1.272422160284049,1.2302584578796958,1.8873409462559467,high,paid,new,0.8359266467430885,1.3079237544566351,0.8006092905560415,0.8334423524854251
571,-0.017528248282177424,-1.2926348019978913,-0.41958384265100146,0.011424515361312802,-1.0070382242851093,1.6485747229738668,2.239502879643737,0.47828070073017764,-0.010863746698195903,-1.2949669784744322,1.5464338961560513,0.07630681084904649,mid,organic,new,2.487038350036719,1.2616180487590751,2.443839601638291,5.062998788192643
572,-0.28916439841061226,0.48117408867453765,-0.5857115289891855,0.14687517312181853,-1.44246685084566,1.087087189252434,-0.1044110411356732,1.1588008606340119,-0.2011361778416194,-0.13619970878397838,-1.2123174282919575,0.7597569730181432,mid,organic,mature,0.10581174554705294,1.3656474905823186,-0.32346548976519496,0.06130053212053488
573,-0.8758399540230916,-0.4864223731992286,0.001047186082536809,0.12122418368935654,-1.706096940217759,-0.23080586548801652,0.7952302186437133,-0.3783380345239026,-0.2247317542133216,0.16240605084272658,-0.12596043254699904,-1.0305155023876045,mid,paid,growing,-0.7700507021555365,0.09315096187235045,0.21100992731790158,0.44797732530382733
574,-0.03634612366690454,0.9940731700058961,-1.0511759472670905,-0.374481889485818,-1.3816313239350773,0.941381950490345,-0.09235820683787886,-0.8501996336058633,0.09226560014317738,-1.2036002148954528,-1.0334955314604064,-1.4601335298517806,mid,organic,mature,0.9032716729790509,0.8195916973649469,1.1601593554981082,2.240401167216982
575,-1.0667792375574,1.3573375839998063,-0.733118331282596,0.4662251226514788,-0.8363014199559217,0.7595337457632192,-1.0260820009313156,0.03922792776175646,0.05285130986894881,2.3278053364265916,0.6304252879801651,-0.5929040143292734,low,paid,loyal,0.038828672390734065,0.43171286520197294,1.964301536833513,4.145962190996808
576,0.6850489636505139,2.138174470485208,-1.629636090484295,-0.8424820425687267,-0.23689755911329374,-0.41708822714195104,-0.3327566983298747,-1.304232265593243,1.4039560535500122,-1.4226085984766192,-0.20021280962249907,1.0458305917606978,high,paid,loyal,3.7309155776989265,0.9392878593787852,4.831181986995029,7.46195447117266
577,-0.03018485714585262,-0.979394166902769,-1.3486756563739577,-0.22999919602778213,-0.7570295658504664,0.20523109170297799,-1.4014511477241796,0.8130357368876219,0.11554952316446464,0.189836394352477,1.441076778240017,-0.43779549837186593,high,paid,new,1.097317753919285,1.2339915919564348,2.462020191708108,3.8355159865364596
578,-0.725816694733224,-0.5477636283468732,-0.19252656952325795,-0.09096489479132862,-0.8306977366017732,-2.023085253033059,-0.5609290008790382,0.35982566628688983,0.13625830625349225,1.199554469825827,1.9554865439637885,0.7593337714584683,mid,partner,growing,0.15958511484315296,0.9936394043876103,-1.0395791051430812,0.0017792732457788674
579,1.382520642408226,0.76677429226312,1.7098992559273836,1.8508536342912676,0.9511651707789268,0.7063801464245854,-0.20523217193736742,-0.041337280963909824,-0.3378373313502621,0.6212516108950558,-0.7203480373593485,-0.19110620977990994,high,partner,mature,0.6023907117396179,0.9831209753068,-0.20369521227743492,2.8607304385671126
580,-2.3551698851783,1.7230898947725095,-0.2204745825863184,0.4555804373365769,1.4577866947114024,0.3002934374411798,1.4443437020934313,-1.241737812151367,2.397376589597702,1.0871101984887657,0.20920249248664097,1.4250793326254454,low,organic,loyal,1.1909589969186936,0.8717640177444773,0.4672675420489203,2.2193347436949087
581,-1.168634885989372,-0.2886148787694938,1.4442503964023794,-1.8670601808949647,0.5604577749588049,0.5321761598451539,1.9692258168221626,-1.5829554197222364,1.6096310570316332,-0.5594707431489028,-0.4470094599118548,-1.2220043869597932,low,paid,growing,-1.1252471017878491,-0.2331848076061135,0.19787170046260028,-0.03511861073842854
582,-1.0878520374669252,0.4035223474539224,-1.1123319147813555,0.7402843336529155,-0.6629660469697535,-1.2130338058486476,-0.5278091463598945,0.3367071917563058,-0.2773532619310194,0.03421011833279838,0.696207461836084,1.0824214516169486,mid,organic,mature,0.1295594642155326,0.45748815727340947,-0.8376168219162761,-1.4650266825557257
583,-0.31009530858943096,-1.0442220155761586,0.07609447892251621,0.47064958610407176,-1.4607253059719505,-0.890608297007585,-0.7191868959629409,-0.20782218872037653,-0.7610339036267858,0.7070407250968996,-1.6051332014584174,-1.5797186971944246,mid,organic,new,0.5230432995477379,0.6647986260136768,-0.41489104966302404,-0.4910512391559704
584,-0.3338888115114624,-0.17565280413985668,-1.4546438728581037,-0.6067488426475648,-0.4010438174190893,-0.3932979470221456,0.15188148328929144,-0.6615788844235619,1.4778363000082735,0.48820463973357225,-0.8071135206413219,0.09451149336757297,mid,paid,mature,0.18394718695736964,1.002626959198388,-0.9374082304431859,0.46398918125747657
585,0.12401531860560501,1.214721474497781,-0.6003824289163511,0.7673386977205734,0.041854475782477606,1.4915665164487661,1.290891452639408,0.19697930459260035,-0.26228262101606054,0.5066059096794557,-0.18045002712716604,1.680307105978335,mid,paid,loyal,1.677084549780914,1.2406527933869604,4.430111768659668,6.113995520322855
586,0.07847007817701199,-0.4056426325128372,-0.45961508607392565,-1.2130355851987074,0.5565591280933229,-0.8200112026395026,1.098148252187747,-1.2929350540015732,0.12724144897325032,1.1502237584974535,-2.1522470646236362,2.018265543792186,mid,paid,growing,-0.2083861283088494,-0.06877229168064591,-0.3506180379749732,-0.5218869799689758
587,-0.4252851971981094,0.1410953821621393,0.5714492255163438,0.7261290561155536,0.27388393825968216,0.9973845837063676,0.5190707129218126,1.7608811400323037,0.5223275428545973,1.9646355198830872,0.9010788402376559,-1.8057501257682627,low,paid,mature,-0.57017741981222,1.3841822107661517,-0.04028940325315589,2.7694248988764603
588,2.6111026783878413,-0.5743441084772188,1.4955440152017352,0.026793443119438404,1.0610902576025796,-0.688478910865794,0.6257445430895879,-0.25319054539440544,1.5790031115898886,0.43866816741700937,0.9359426413015662,-2.1640768714730703,high,paid,growing,-0.12561917031341358,-0.6252022261958694,-1.266236488308616,-2.120917267973416
589,-0.08557267978862526,0.4105516350582958,0.2236149064397072,0.9611572137178506,-0.3659042451374545,0.04878710503463059,1.1812267644149919,-2.278689003445357,0.5893505016383412,-0.3338848259935533,-0.9123181245536214,0.3365442242759801,mid,paid,mature,-0.2616735565454926,0.08736998432361985,0.6975848433744861,-0.08490151058697959
590,1.2274512968086555,1.039143831484181,-0.13511303090662863,0.8757409637609486,0.8680678984458442,-0.08737127049316686,-0.693080551988208,-0.6352340311223299,0.837853348868137,-0.042146813712690696,-1.0461822197305883,-1.6848628355091249,high,organic,mature,1.7282400416707318,0.5172420655012309,-0.04542658357175511,2.6360353595305592
591,0.8318314520963794,-0.5467784222642238,0.3303877556559817,1.2397069070691236,-1.3089244768534851,-0.04513738051284493,-0.1706941462188697,0.3797428756279606,1.2391599984204347,-1.329451814662408,0.5697979487057669,1.0315237749937014,mid,organic,growing,0.5952236144965817,0.5446857860896668,-0.3837791307038618,1.808221214120556
592,-0.18637706395678272,-0.13744699289312357,0.4184493689849223,0.3448170778897882,0.5823526073671226,0.5612805264012167,-0.9819723056156512,0.9902664977049435,1.1667831621902383,0.1860828936902982,-1.4941553065496669,-0.11474570600009057,mid,organic,growing,-0.5475610909772435,1.867875617368386,-1.2789349904492433,0.7064366881634622
593,0.19440587694056835,-1.1446002377868172,-0.36013806357701345,-1.4093693875585418,0.607292224986444,0.1659553149020513,-1.6457831648142445,0.3514648615819806,-0.05650894739029124,0.5164142827544048,-0.3915324337554278,-0.8014794007430242,mid,paid,new,0.662413305634188,0.5494107617722462,0.8812848441424619,2.9708364704965335
594,-0.7708446264578068,-0.5381702165484047,0.018825096581047043,0.14795846542479205,-0.19071987780810284,-0.42331954899651913,-0.3514032680054818,2.507724785506933,-0.7707251514982087,-0.5579720085461926,3.2938541083681483,0.4210133024605525,low,organic,growing,-0.3615484385738957,1.4452192707329252,-1.1546307526610884,-0.3227803888607957
595,-1.3799806659036957,0.8426872039772633,-0.9100388892011476,0.9090615078050971,-0.21096227937068143,-0.43979584948940736,1.6091649688275829,0.5664013526592448,0.9729894374492074,0.43491967951994637,-0.4444445237930985,0.6113544202582081,low,organic,loyal,-0.3039831586834258,0.9976638753449909,1.2200149424122415,3.308137778146355
596,1.2092153926844607,0.1347380435175534,1.8016426043465061,0.8504872032019086,0.2119825497716119,0.25148653101781787,0.13723712896762474,-1.2512387855949916,-0.09007219580860511,0.22118648534116717,-0.41608512126652875,0.33767701870469485,high,organic,mature,0.31041429961826517,-0.0722669550109719,0.8136375040446897,0.5619219950663729
597,0.021307490355111102,0.7736918910987685,0.6631123810657311,0.16715328758484124,-1.3672128913019983,1.7907227386811706,-0.14189099857114323,-0.08088645369513175,-0.3425208486993877,-0.4884116560655365,1.544058048000524,1.3860443203860797,mid,paid,mature,-0.2836912728518234,0.6278364720012455,-0.9732946989361068,-1.992861666570648
598,0.4443934035776708,-0.10750015443072543,0.6191179850137531,0.07379698176937273,-0.19022291832309887,0.3381059215063302,-0.44115774694544485,0.2522642640034325,0.20422092562163552,0.6029360212579244,-0.6191369574756088,0.7101363528765408,high,organic,growing,0.3614400543117719,1.0552086679035027,1.3590571313802726,5.4139055495385335
599,-0.9063114929505052,-0.5725666516212387,-0.5289250591457441,-1.0720517723736782,1.0156622833856628,-0.9690524761897973,-0.6989163374066718,1.2554077104866421,-0.5705827018536505,-0.18814268513809665,-1.0120290009165358,0.8329512076226846,low,organic,growing,0.04305954991676997,0.7179415269175059,-0.3502250213562878,-1.1438890674689721
600,0.8467362441910651,0.7389459041234467,0.5375298281939437,0.07358911101947667,-0.5243766669379845,-0.814969306666021,1.2899055267616704,0.7648042717265899,-0.6933042272004243,0.039831768223134466,-0.30011509298501327,-1.1282107057057502,high,organic,mature,0.5599366438265336,1.1515733630149418,-0.030499993413578896,1.4094815026351968
601,0.1776513766213024,-0.4154926642391958,-0.9525366662956856,-1.479132554141762,-1.5638035002056712,-0.3714261276946395,-0.08509497042491564,-0.8753008101623161,0.6507394276572277,-0.06554654178296233,0.5768853105986501,-0.18291079018770778,high,organic,growing,1.0189758977806953,1.7085752007416533,1.9147915452759894,4.483680894778611
602,-0.7871176352071059,0.11411757113861393,-1.2626745120183225,0.5394385206366479,-0.9371492065131337,0.9182325265334489,-0.3384557462419147,1.062533516309917,-1.1226231885883153,-0.6777697007288204,0.3809349468485706,1.1704970934267551,low,organic,growing,-0.11625475793049292,1.2654490740122744,-2.569079333818691,-1.5583484757625055
603,1.6666089083149223,0.04136616368087278,1.837745630786756,-0.28966454982543055,1.0987676223629725,-0.9421809969593052,0.4202005068632542,-2.3416930408564456,-1.1215910116531238,0.46667679808076484,-1.3124388522005235,0.42694961078918464,high,partner,growing,0.16183886084371724,-0.5134022737203587,0.8966559275724263,0.5625661659319479
604,0.9064581208123634,-0.5013201927182781,-0.968952955674198,-0.4741866158547388,-0.9658123191841855,-0.10121355801591768,0.10209062488808177,-0.30601012309680875,1.6743592401868217,-0.7194038196869753,1.3914331792553123,-1.0412392363121137,high,organic,growing,1.5374165987670156,1.3454149993139517,0.8243218045533571,2.3377835020052085
605,0.07277756994154895,1.1831054085480694,1.131357152253318,-0.4202578977002351,0.555069720071345,0.4211790836642261,-0.5399391785927399,0.6159499371480742,1.8624921720523726,0.47170066506263064,0.5663563790706708,0.6721549782007075,mid,organic,loyal,0.15796472328231004,2.4385806674117636,-0.5566425803700618,1.8533570463210098
606,-1.4609766073551405,0.46022467320628885,-1.0167595748385274,-0.5898869406977998,2.161941781188503,-0.25326160965881,-0.7401741042942273,1.1525825789013922,-0.9476770028423769,-0.44741914418967715,1.2490521679861668,0.04276756530795937,low,paid,mature,-0.3567524405344904,0.0014011782263958494,1.601384494388232,2.563069502271883
607,-1.5615970451265293,0.543989614322619,-0.3964658820465088,1.539851486530245,-0.6061869476341336,1.0512259737259262,1.775698032365714,-0.8509432238115706,-0.1932130207581928,0.3886252741444505,-0.8573457525541744,0.27029494670783055,low,paid,mature,0.07306980488767156,-1.0664522191274934,-0.45814296688213796,-1.663854437504503
608,-0.2249202875059923,-0.2450675715933652,0.0489383927081116,0.07126471557856422,0.16388076907604027,-0.5988263454567843,-0.5551717243497534,-0.11858758882483045,-0.04475764123579518,-0.43884933994661673,0.3239396420860183,-1.8147617486751968,mid,organic,growing,-0.03743556400086703,0.909747333258479,0.9184790687615245,2.035408976823565
609,-0.7304662589089517,-0.27992782620285456,-0.856115187030605,1.6291980148088911,0.01886184672495171,0.1767696782259033,-0.48323070796546075,-0.015778920372960952,-1.215253464302734,-0.16981703609507345,-0.9370084285957558,-0.2774035847561625,low,organic,growing,-0.14351019196293108,1.1184354239383463,0.13573453720209233,-0.026219620638308738
610,-2.559916566302497,-1.1280032084435256,1.4639264045143334,0.8303977491075424,1.3190393359152313,1.3877212696709238,0.6729874241644773,-0.452868685379135,-1.0372509462656228,1.1467446054496968,0.06456797438739051,2.4940228163819067,low,partner,new,-0.08854379842935456,-0.3282258018193631,0.2944472269202186,2.068238062874299
611,-0.36509797601075417,1.97289585478048,-0.15679179069575525,1.3360485972587004,1.6966917372324548,-1.0229499281807124,-0.48499807829086855,-1.0329792256985308,-1.2299444882582236,0.66706685052495,-0.19662837024902155,0.05236632319013622,mid,partner,loyal,1.9295341808736985,2.2173075501324844,1.6789919230466168,4.935696199395452
612,0.55623913497328,-1.8573868337149146,1.2867660039570548,-0.34909416333991755,0.5324013062378574,0.620712839228547,1.3707965607638406,-0.10485738778303354,-2.1236374590429308,0.057127613453560856,0.20070685816160114,-1.0342608591401172,mid,organic,new,1.9086434627380233,1.830384804196284,1.6059279603951253,4.126997914014103
613,0.14749065443293866,-0.3610184347262918,-1.3427539492825105,0.6714848950092839,-0.5637251508977961,-0.4063792147370691,-0.46257884728708454,1.2354785974641467,-0.0409161617733923,0.0790998205458215,-0.440636154386397,0.4628668222549053,mid,paid,growing,0.6621646007805203,1.075718352023862,2.190152990942413,3.2984499459093883
614,1.3493180484506717,0.6478608174865064,0.6868669613348561,0.6062302058843455,-1.3802426433111632,-0.8761188316991384,-0.20498739359912627,-0.7258640424932256,-1.064537024755998,-1.872175740870574,-1.346529213134141,-0.25652555734260035,high,organic,mature,1.1030680363374898,-0.24587044495598448,2.033528106125722,1.3941019001576096
615,-0.06942636681888449,-0.7930537761305755,0.07892521268322598,-0.4338336409083763,1.0905735873738482,-0.16162576402483733,0.6963308814017153,0.20321376229469254,-1.402071039244055,-0.09065817573717544,-1.2356240993286836,-0.10812083821692123,mid,organic,new,0.17843630991554052,1.3964115271481297,-0.32124464868550806,1.8387799319045053
616,-0.7451308172306892,0.3819630334848083,-1.3423543374662013,0.014701825279437203,0.5724155825631939,0.9075955693089953,-0.7641677578842229,0.017750972207175114,0.18414697291157353,1.547126279542768,-1.481330060750137,-0.9111025450710489,mid,organic,mature,-0.14286915062597677,0.7579131966616998,-1.188745291315405,-0.9473180671328644
617,2.80446249273608,-0.27309728395597477,-1.8909938099032746,-0.582550143348166,-2.768873221464362,0.24092071245615312,0.8097847602782187,-0.9116623761687532,-0.47072392225150683,0.9236541553689125,-1.7502154648460704,-1.3215712121995455,high,paid,growing,1.3808999809135858,-0.8456167235789943,0.7964262475329207,0.8108019827866974
618,-0.22811518171563971,-0.7523348374668184,-0.2938668974735878,-1.2637503194065218,0.2143134859215077,-0.1492330851799887,0.5491904942330328,0.20039950048029245,0.2066900724960235,-1.4463073545301137,0.49259155164487217,-0.3308664018044421,low,organic,growing,0.20154745261538143,0.9815526628897367,1.1830427226661664,1.1673580686546032
619,-0.1665983076496178,1.0482643763908097,-0.7194355565168952,1.3511843284590006,1.4444752993730932,0.752784437364372,-0.9806208107674219,-2.1862932456269317,1.078834914259941,0.11138506133107968,-0.7451974708214624,1.1735623437556026,mid,organic,loyal,0.4452336912979694,1.9203679171012342,1.6239254659643776,5.578325866831557
620,-0.8615588808778094,-0.4241552582309427,0.5248903643169941,-1.1136028316148774,-0.10948090960706738,1.0891371839133615,0.21111074362112997,1.2474263368236806,1.133602358005998,0.0077383344216193865,-2.3367413763573883,-1.1057722952153066,low,organic,growing,-0.6613623692447214,1.5359183005188757,-0.10641876722878985,2.298951338530886
621,0.7633341123844894,-1.550251420285287,-0.32669258858695,0.3384806136890324,1.4695706957615102,-0.5750196964544141,-0.6434877090831294,-0.05244576649550049,0.3509129698101024,-0.15424682739609405,1.0492683488858106,-0.7991438330284719,high,organic,new,2.3997260777530247,0.9457209181808768,0.7829551465446074,1.8824999159242242
622,0.12016093337904353,0.44521271024701903,-0.40023280990585663,0.8397099365599667,0.14895854124234953,0.7888457131522739,0.19410410804883196,0.376404571487228,-0.6323917568493553,-0.6307717051912234,1.2243964799287768,0.6355104445203323,mid,organic,mature,0.4363568059854062,1.364804662919367,1.19013588651412,3.3796067338106304
623,-1.0229651662224017,0.18086342465483146,-2.3737760535354258,-0.5739401636994166,0.9610276766199058,-0.12514558871115952,0.11791266966603123,-3.0163812465202113,-0.3922536181361517,0.3382722238272125,0.4652898753983397,0.9623557113343643,low,organic,mature,0.3957276004855245,-0.28603309373487684,1.699305804088428,2.6640688111148947
624,-0.21025775177342823,-0.16565581262414916,-1.3321174294098623,-0.20452153917319804,-1.2615750623977986,-1.8478701198054168,-1.0851793701105783,1.5086849078039715,-0.27056120151327656,0.21987736302336577,-0.5134962511980561,-1.7905510194518974,mid,paid,growing,1.0483123947280202,1.4064099018301406,1.2218689404060572,1.657858973943545
625,0.9361131249297073,-2.1721981398555887,-0.5547926767916584,-0.05461488085006111,0.23048964342985517,-0.7264696045288699,-1.8379614830549744,-0.8010932923354382,-0.7487579876196624,-0.7730934951550803,0.9700585902076034,-1.2136027781391423,high,organic,new,4.137176003527228,0.32862887399489593,6.116979059128894,9.958528542250379
626,0.30097927443815886,0.15829703721791577,0.96045507747167,-0.13313187173693122,0.7911309671975586,-0.17222013809409803,0.4343925265848003,-1.5029410872472406,-2.6382780762911087,0.3775468535658534,0.43118312603922965,0.4755023331518825,high,organic,mature,0.1375642159009136,2.104371312757701,-1.1834064400079773,1.049203938830297
627,-0.5249325147546792,1.4897222522103726,-0.45987781573702197,0.4208790196723695,0.5946362250040785,1.7187401597491105,-0.31702961978983357,-0.6531929062291528,-1.4981453844153232,1.552367006662473,0.42141090704854006,0.4530611058943021,mid,paid,loyal,0.4977009101546946,1.294799830798668,1.1825084306016695,2.1279585030481347
628,3.11670424132392,0.3250447411862994,-1.3023214051000322,-0.19590357499297611,-0.9747824088486532,-0.3958683945827724,-0.40258960275460726,-0.5870243910670495,-1.393282505355397,1.5925016336722961,0.2988480444383938,-0.22547203470023827,high,organic,mature,1.0725293483843508,-0.7450990397932997,0.05230798992135077,-1.7736903095601053
629,0.757637829515743,0.471067274849391,0.27569073274204753,0.6849980727668268,0.13393474375865663,0.6702214569915914,0.7531123008777751,0.16271873503280307,-0.22039449349611565,1.5303978014539088,-0.4779015397734336,0.3913136004273458,high,organic,mature,1.0885580391595564,0.8766686355164128,2.147099947623306,4.654996308810758
630,0.41390841073906653,-0.6095578522636356,-0.8078223853114933,-0.353852020869851,-0.4922168531756078,-1.4581305616388653,-0.6514950825192756,0.26622298463456223,1.2659435841485986,0.5543913351736333,-2.599534498370238,0.6413037147573276,mid,partner,new,1.251039024627532,1.5506506477197783,1.8638998803685598,4.1848796894259115
631,-0.5581517858957178,0.453080074687763,-0.014135259210628073,-0.19268762608682777,-0.10223572796214128,-0.02242430826978004,1.3444049720902438,-0.019660187085087422,1.0855361331812003,0.9399058658456572,0.667045547583653,-1.7866188201296775,mid,paid,mature,-0.5267528031117533,0.8899027925327523,1.2746030136509754,3.029487613211114
632,1.1166326561616067,-0.45790129413558806,0.7157272810747723,-0.9725328332404135,-1.1850740433032558,1.9763887368311992,-0.9569830668381143,1.1461066390517474,0.11842032143652105,-0.4201200583601715,-0.04482888433020653,-1.3010944965313112,high,organic,growing,0.0951138986322062,1.4507284063422985,0.59482248934043,2.2506621970411373
633,-0.013754379609230549,-1.0827403138959595,-0.39544379431398563,0.925299563969576,0.2541906765576573,-1.4821704988805215,0.8514881269138698,-0.007099761909142564,-0.5421852684093387,0.746676303908931,-0.16720683697700237,-1.1656613399057127,high,organic,new,0.5982896116207761,1.1749779757428975,0.19428359356036495,0.42480295819532055
634,1.8478097114496044,-0.017287442890987742,-0.08138520448221714,-0.40510517173058996,1.1799657394575893,-0.5248785081420402,-1.5449798588116046,-0.6786776618959786,1.3267746004547925,0.8321321614571173,-0.25501565265986115,1.3732551416404741,high,organic,growing,1.4806446743087185,-0.40290144664701316,0.9895744618876912,1.3921631437351025
635,0.7479422288218825,-0.2665893636346067,-0.16590985510107972,0.3293177319454342,-0.8318869496638158,0.004505065509350931,0.3085133646132903,-1.6869662386085398,-0.18932032256789785,-0.3030561853656883,1.0280680199603225,-1.844496993811034,high,organic,growing,1.004855664082324,0.05851489212405961,0.7546784230695635,0.8420617029640358
636,-0.38150601970371084,-0.4817546473645869,0.9600709639216006,-0.04354656936489266,1.7960946456523694,0.6622133819063865,-0.410222994189519,0.23965869655895883,-0.3540688093694581,0.8593960904904201,-1.332197713291012,-0.8236959765713334,mid,partner,growing,-0.7225051345489906,1.0653539664843916,-1.2332291757748426,-0.5595350885160435
637,0.45568991855492125,1.225756448723621,-2.201968596139199,1.3744712159904158,-0.14013512842800616,-1.883874961937163,-3.0017278418893385,-1.5293860658082796,-0.019704855845401752,-0.06589803780888462,0.6332004347093099,-0.5494871775609635,mid,paid,loyal,4.156142822504721,0.36518774174220053,5.503251793352007,9.896417778805386
638,-1.108040546446171,-0.413086387660893,0.033610286911577296,0.23077279495527736,-0.7891646992724058,0.9014467003353596,-0.6213967717240335,-0.8697173623249038,-0.5423915094682898,1.0748401757026071,-0.13279645294065934,-0.6945135030697719,mid,organic,growing,-0.869727413582774,0.017271593935159937,0.40591086317894853,1.414024853832502
639,0.9261077504485437,2.1427485399487463,0.2096826343089477,1.2338424608654335,1.0360779505747895,-0.605639751658333,0.02663418047623251,-1.2825446297039873,-0.20494226636163507,-0.626190369125724,-0.40288595717563497,-0.7498950313803366,high,organic,loyal,3.1843057443907092,1.0224136709433975,1.6877382994483585,4.143238369984189
640,-0.28709680819556727,0.5322326862649144,-0.11949191043999567,-1.8643731977553857,-0.7461205648984861,-1.5193993525582523,0.24406022598176774,0.5033173640541875,0.25654822185416504,-0.7874043932993874,0.2468539291312162,-0.47011425576887506,mid,organic,mature,-0.17945805041055995,1.880328742975122,-0.1410979073279131,4.417424590886393
641,-1.1382254497502524,0.7419299197089303,0.8180277537237719,0.948895481083506,-0.6083486000324562,1.1793623126930788,-0.4935822513280676,0.653501321538513,-0.5109126617666753,-0.22398216374577085,-2.4211778573891896,-0.30191321441691565,low,organic,mature,-1.0520402272022302,0.5691109303588717,-0.9895487104020844,-0.3327285209837188
642,0.09108996678502743,-0.41004961736383877,1.7561880680851394,-1.1624660853252764,-0.5635812371039258,-0.9048726099858533,-0.5637769789954712,1.031413062940705,1.4780317943269636,-0.7007926109189417,-0.7230075427232033,-1.157128648593915,mid,organic,growing,-0.42938450692083796,2.301498177589572,-1.2106797887214853,0.8473219887009542
643,1.3062853865193034,1.1210044069163025,-0.10598179998878679,-1.39609919630688,-1.306662565456252,0.1706294503845932,0.5493379184464988,-2.0661448050211484,-0.3213099105378827,1.6182958895573838,-0.21750920663028547,1.489638090790624,high,organic,mature,1.8356869207862951,0.5271022382197549,2.273936912860139,2.804012875546694
644,0.6490461289556837,-1.0842796008353577,-0.292671293351856,-0.1286942385447029,-0.9525115680935066,-0.9698680228109412,1.5067685921185607,-0.9773606196929516,1.0784360764086802,-0.4364844783650164,-0.025639329883172433,0.5618444182385726,mid,partner,new,0.6185279536906831,0.6914263970970597,2.079378791518686,2.942066967844005
645,-0.5985586729046787,0.5679043134945333,-2.046429699548382,0.43970738841463686,-2.468530124571636,-0.2268467266984575,0.8542429853184914,0.6222953060583759,-1.298410478961941,-1.169664396093517,-0.6886720403226348,0.18621586235813473,low,paid,loyal,0.3538762824524491,1.1908065933455494,1.2456852664057152,0.7630936731247684
646,-2.0319331900437034,-0.013223575848558187,0.31142937380006447,-0.2830371808709837,0.5253209680530518,0.22372415832620401,-0.5416542593988953,-1.9361893602594902,0.13341308157082288,-0.9530753652299778,-0.5783426248615452,0.47912421796308585,low,partner,growing,-0.9049660122796381,-1.0829636024442657,0.44210237666236574,0.2821928260233847
647,1.4173333834343511,-0.038060123442009,0.5540648364458706,-1.4444793411528907,0.2455235809950345,-0.059905937677162444,1.2292275806261819,-0.5404584760287566,-0.24163761716237078,1.0588144671327948,-0.09203379239464947,-1.1088413812872686,high,partner,growing,0.862538021385337,-0.28813667341628113,0.14407017384967746,-1.3677664447221007
648,2.551633273290123,-1.0785927633367334,-0.06470008154952371,0.3466881560256132,0.26761750903111453,-0.18974370400639878,-0.18476037052630803,-0.23493186628795537,-1.115933858591372,2.150219214422729,-0.219990917713377,0.5969309928230956,high,partner,new,1.4198808739953173,-0.6163070679730585,1.4563886467619858,2.1797341547732776
649,-0.3346528576816054,-0.3547636723554835,-0.4554436626696503,-1.5498457879892507,-0.16062114012076936,-0.4070076543194302,1.171524509184777,-1.1967001175845153,-0.577147177554855,-0.8984404667540822,1.4425303940118088,-0.8694084448546713,mid,partner,growing,-0.18560254140066082,0.6402340150232405,-0.9512502206668065,-0.639417288804182
650,0.5622998447261367,0.97016147340598,-0.1461229114154082,-1.3768110009404684,-1.3641538587636903,0.8597640647960797,-1.2605940187998574,0.3920266110599123,0.11434910982059632,0.3771324843110272,0.4715848078458876,-0.9336707844179017,mid,organic,loyal,0.5293432545969426,2.268345694783708,0.7687733251775088,3.395809732278835
651,-0.9755281790147413,0.7149271341004025,-0.6293446105643965,-2.7501484920051484,0.6487552978838649,-1.0362612880687683,0.4671358779052533,1.3928218493169693,0.016762457261947625,0.9957658316635309,0.15379768053620216,1.5874293281411473,low,organic,mature,-0.3172629882378776,0.2881971196427913,0.012187920869369817,0.2616734866285731
652,-1.0621071087571061,-0.00821498041648976,0.6731616050414675,-0.19041175701004545,1.1522189966526697,-0.4320395395107805,2.0693711516288884,2.122197504272245,0.28207199622729967,0.5526011803546168,1.1916714356246376,-1.1871973989673668,low,organic,growing,-1.359215964399286,0.9912259147887001,-0.39937795899837913,1.8581089969737734
653,-1.3120000145777906,1.2564189138576347,0.2739884728729994,-0.22650524597978958,0.011123302881161038,-2.3860414723640693,-0.19056231445700128,-0.7530467391932236,0.9180716336150824,0.9950307783840061,0.5766802341299105,0.39545864879914155,low,paid,loyal,-0.12548371325397273,0.1833193997941782,1.1880081405929834,2.9371723425014853
654,-1.4973467487202679,0.5906430799968742,0.6293979455233839,1.2451926537687301,2.118209812430197,-1.6925606735716086,-0.38847682561821334,-0.7422666371576447,0.17250718838507423,0.013401858218038697,-0.23408207308014561,1.0276043614011736,low,paid,mature,-0.8436342462185923,0.6394263263101294,-0.15465708227283026,0.4094807137008277
655,-1.1014142111807836,-1.0411214673926061,-1.0242252710980422,-0.3603275874259869,-1.2285902159118463,-0.048571488799270555,-0.1654901946308669,-0.78651511399908,0.8737662540561958,-0.059500528286736874,1.0626473640318037,-0.19504985120443202,low,organic,new,0.2926052095010431,0.4485567116161491,-0.567564653339838,-1.1882814141389366
656,-0.02419488823135469,-0.5627824046817108,-0.007046540535484532,0.7122313061320464,-0.41133423227029803,0.5184119625346643,-0.8127469610457412,0.7590505655222095,-0.5799058273119273,0.8516798732290504,0.06097654243366502,1.5209537333910634,mid,paid,new,-0.22635616026979094,1.0862561379607394,-1.578528874594009,-0.04194229367943292
657,-1.154067726254209,-1.4761767733118683,-0.6162172459755669,-1.3846109480343132,-1.3827348944282776,0.6215507604598759,-0.004178793412658349,-0.47968097670425885,-0.3869625973054321,-0.5972376643263394,1.6503691678190437,-0.7355057076430367,low,paid,new,0.4342733613929558,0.7861608063307773,0.9542933920982862,1.052167244643288
658,-1.3221338980832993,0.7960506174863278,-0.2157556233478209,2.0387736888178853,-0.5262056387941353,0.845984179756792,1.0821973305993051,-0.5213358322020036,-0.7429207679090358,0.7413665309309047,0.5748919179139307,-1.4106101007109266,low,paid,mature,-0.19524692851288572,-0.6359140411181712,1.3052741803483268,-0.49391889778350784
659,-1.1284356363047208,-2.5364300049480053,0.5953868539788023,-0.2618271931357455,-0.162150420975282,-1.6914440977018532,-1.0981023530893264,-0.4779589125675662,-0.672325600147821,0.11783607551763121,0.5834681266318139,2.269612569285197,mid,organic,new,2.968771092725192,0.29341997826923405,2.9439792156569493,4.618942827110995
660,-0.020017030030925434,1.1154026630969456,-0.8299727769797747,-1.6749463149753558,-0.35230164671012465,-1.5977217178742416,0.014673167169103205,-0.7804541245086651,-1.9542713867545856,1.7360251458601772,-0.5375617131053801,-1.6376193029441979,mid,organic,mature,0.9701592902679755,1.828352313820143,-0.5572342718650435,2.322437682198813
661,0.8981717905072897,-0.7286143625392852,1.090166033690662,-0.7333943346780494,-0.5408976902627972,0.3448317094770465,0.5932193807041102,0.7684837373405985,-0.08974113872932903,0.5286167215545834,0.7456286069234205,0.20056913856684971,high,organic,growing,0.8324404050975707,1.1911936114203943,2.9171963618055856,4.57846371397378
662,-0.14265811326429617,-1.4452949482311301,0.5991741567799889,0.04217369914115087,-0.41361585235070747,1.27776636359166,-1.4278336329133157,1.6440363153648863,-0.022273278634465647,0.3175181785028984,-0.39504411453027083,-1.6670729125233301,mid,organic,new,-0.06870452231116775,1.5389367610310434,0.42070002785027677,2.4903644854711637
663,-0.1396098984657797,0.33474490689279257,0.6762254464025941,-0.1980331984389014,-2.192539841204418,-1.5416613445826255,2.052019623763294,-1.0925359837721156,1.4270494582392084,-0.9340867374175955,-0.18245590972786754,0.625208259599904,mid,paid,mature,-1.8250075628537137,0.9660948275144454,-1.6538660468045867,-1.5996048450692173
664,-0.8201944465808737,1.5922151357590542,0.07572835806841098,0.4608508462996698,-0.2676070080191258,0.6587202870170907,1.5787927398498625,-0.13128593762321436,1.7297127907492362,-0.6115958083791179,0.76409603935171,0.4891143362430499,low,organic,loyal,1.0644671036450088,1.6462364056197667,-0.1035040473613682,2.233674492735806
665,-1.0685820726823694,0.2138097046373318,0.0073659378503727856,-0.8531921762768451,0.3580024341941265,0.14628954610851758,-0.07258694730721668,-0.06857746905868485,-0.09001025892361937,-0.3676996212463275,0.13983409501498167,-0.6439142123637804,low,organic,growing,-0.6859199349073911,0.30486071965593353,-0.6697037120119386,0.5292755804526287
666,2.6568094914699993,-1.4093332454653158,-0.584736077234459,-0.5057421045769407,2.0404934143245375,-1.3201346499774993,0.4259222979861098,0.24839406504653988,0.33360230467454804,1.2363431626109402,1.2158293597470884,-0.4509568265201174,high,organic,new,1.7541446335940383,-1.1752918604995584,2.4410287957895913,1.7351803595448874
667,0.1940174494939909,-1.864102032152144,0.09909300852192908,-0.7939894278319191,-0.1863824259605165,-1.6853718648166949,0.4048722867190754,-1.6965686955756079,0.14828460679158642,-1.2265055930225495,-0.8496410351358846,1.1547321025451627,mid,paid,new,1.3741442051112795,0.2423409701127339,1.8771649256648266,1.6550522157544794
668,0.587917945913622,1.149203137670543,1.5597271325012902,-0.7728387071397649,1.4989716624408718,-1.4655056561789015,0.7461003345449032,-0.4933377145999715,-0.9303001426393164,0.6144698673044425,0.9449515251692131,0.9152683866465448,high,organic,loyal,0.31479481591198033,0.6030364361167178,-0.36509231224045235,-1.3286141724074094
669,0.21485988889479202,0.13195730132923905,0.5268665856999025,0.30376407551719103,0.5413558395859803,0.20399946111071426,0.8427838245063638,-1.6272078065504278,-0.13127347508638623,-1.3838464938455861,0.27670201760488466,1.6419301758536977,mid,partner,mature,0.010955812306742516,0.49991671425486633,-0.04610947065075684,1.3656628348691306
670,-0.47408478194696846,0.12725203029721524,0.7564867149216389,-2.0677229317665247,-0.5221104821441878,0.36451565927285023,-2.896994725657275,-0.9768084930749713,1.1008579733812893,1.0029969004507249,0.37431822737010023,0.8821976399431775,low,organic,growing,-1.1199419462409155,1.2274852980401583,-1.7359486482776811,-2.1658144364286542
671,0.2151042344214637,0.5553949074423146,-0.31565370884061383,0.11581268292209276,-0.6323703864158223,1.2634833441823135,1.5215594095022018,1.3799128006970733,-0.4081087616778623,-0.9537740393650874,1.2769736607501632,0.5439072025914127,mid,partner,mature,1.2360213183893412,1.5141949553932728,2.900182901285734,5.656456968267094
672,0.32858434152364246,-0.6336320849451457,0.4256638126367649,-1.085278059661935,0.6340623560790319,1.3788866996062104,1.6310455439079523,0.708524054109816,-1.3820215496211217,0.19733013094602156,2.139681744057713,-0.8686115904422842,mid,organic,new,1.166969641647386,1.480186019901076,2.061843620283499,4.9379897947121405
673,-0.05918157291021701,1.4135243518009772,0.6171339220735854,2.4801563244851046,-0.7328693832285884,-0.9897557857408219,1.2241254358351739,-1.195878628271536,-0.1967679888175363,-0.06564654485957652,1.035989473385922,0.6142679680252469,mid,organic,loyal,0.18936356289784806,0.0405589984070953,-0.33497130570179334,-0.8962055775557795
674,0.45706491417686257,-0.40243087790166676,1.215004019081943,4.0258240427272645,0.6912820989229157,0.09967220754683649,-1.2978629709921605,-0.6374814493171534,-0.21371023394730407,-0.5346002402671326,-0.01607783452684818,1.7780160768072877,mid,partner,growing,-0.16446788379578894,1.8232013635871134,-1.332937542650825,-0.07582829203891489
675,1.2471669173692341,-0.15883271646825428,-1.2082799446658605,1.337367642902413,-0.049054273461364435,-1.726500425602355,0.7124301184930362,1.0256866842334653,-2.425908404934669,-0.8245546421329034,-0.11045401130771397,0.7345109113086175,mid,paid,growing,0.6228055121342448,1.9730495030550057,0.9006205943655062,4.142899723236936
676,-0.5157465846241712,-0.8321419019739364,0.7271692496802824,-0.4683223733141591,0.5420546505486971,-1.1115156549745906,-1.3523330192363985,0.755269157570397,0.2525199103172139,0.9224557332362071,-0.5325930009214418,-0.7951053024797451,low,paid,growing,0.025712071703121286,0.9046001586382411,-0.46710531801415667,-0.5108305421149224
677,1.3607188875409106,-1.5229587639944702,1.2514607091806247,1.3205047074823832,0.8600895142660753,-0.6878075170104481,-0.8165238367253593,-0.21005577299819952,-1.2950396768313994,-0.9616939987535967,0.644734291509046,0.6493491142241571,high,paid,new,1.7536006874196572,0.7646941621067572,1.3352940237170516,1.590864787904827
678,-1.0495748265349563,0.6761219353000746,0.4543033057398061,1.5098862545771035,0.5691364418675215,1.058581053734378,0.47707759093021124,0.9799291096971879,-1.287117156567775,-0.1217444571109134,-0.038982768227529795,-0.2437499469352824,low,organic,mature,-0.4676252068705551,1.750627661920618,-1.6028393404309975,-0.5674547018487496
679,0.4438866303167256,0.634379654495751,0.3922570770711484,-0.17694388122133783,-0.735730079845125,1.097186074156234,0.34973281661383504,-1.0186138583994084,-0.19368754164962376,-1.7432996777073613,0.035370614347442896,-0.19837994259859598,high,paid,loyal,0.6717540182521677,0.60946959169167,-0.3396547062695745,1.4458311356175961
680,-0.5744669503553378,1.5846001898035293,-1.1561541195421123,0.7063929516823354,2.1867081609318735,1.077267903716688,-0.03153878209776703,-1.1340686394233275,-1.3620621765844554,-0.411551694957522,-0.6870007339139083,-0.7195469089581323,low,organic,loyal,1.327448041659675,1.8609449773921267,1.4901181942201998,5.408829724481989
681,-0.3263134554712441,-0.10224709288568688,0.4852119476452963,-1.2377962194624292,-0.68224379613305,-0.15967208282248133,-0.19548519342326906,1.8364237074134229,0.2322465927238575,-1.6135898119594245,0.4181813615867647,0.5456637227439788,low,paid,growing,-0.6570752969209599,1.66100100148213,-0.9239537447629829,0.36107811284951835
682,-0.12512802824473812,-1.2133966744092013,1.7580546953134628,-1.0698839135812572,0.6607722064159335,0.20005052906393525,0.60081054902977,1.70685792416733,0.5616388721410351,-0.558664227043533,1.105992275127961,-0.6310994500441196,mid,partner,new,-0.10672329022825466,1.3146704941018057,2.3897910957924395,3.7092772905871776
683,0.16355801139526788,-1.2930836080157901,-1.0332812273367524,0.05138667043618637,0.3680867085808721,-1.7023906226910304,0.49728736800066425,-0.8194289765982975,1.2796880156711665,-0.35196442882450824,-1.1236222695499858,0.07580455795925227,mid,partner,new,1.0926420254847324,0.9997107969313281,1.6868954581525455,4.256789508449222
684,-0.9162350010787254,1.2689451414331256,0.000530207533099717,-0.1516766230932871,0.5918010189310079,-1.004947439200293,-1.2891536553285141,0.40835157944163697,-1.099670708008809,-1.1000101537494567,0.8367560312208876,0.5250641099839399,low,paid,mature,0.488432899030503,0.852980417803566,-0.6632622823815103,-1.6785561309528727
685,-1.2538295424529113,-0.6191360429413364,-0.90373155594632,1.7763192980405802,0.9060104275706085,-0.420844846005274,0.5761946893434926,-1.3561861859308293,-0.6726461511894929,0.10486326594188623,0.45223074914591294,-0.09745912551344407,low,paid,growing,-0.4587996646466699,0.37370947785145536,-1.9944359076637832,-1.9714463479633728
686,0.24801351071422595,0.07833645995312626,-0.16357740202231738,-0.2961455921908937,-0.4262648726777842,0.23193750862858806,0.41081558919945615,0.19835916731883396,-1.1785970500010596,-0.9989278511431876,0.39888180594806727,1.4716733006708778,mid,organic,growing,0.31117453967947106,1.490959874981277,0.709345928337571,2.369195988980914
687,0.15241546155875524,-0.4116684124769942,0.22434045544277556,-1.1368214225134285,1.3089431565364635,0.1865941445080283,-0.6694572132105483,-0.16679546609287513,-0.5270362320636157,1.3116699768168338,-0.20224008944705912,0.15536574611559287,mid,organic,growing,0.055276343761345215,0.28907403139948634,-0.34159075096567165,1.1388338986684945
688,0.5737264566512917,-0.7407666037645421,0.19370946613515708,0.2744355693942098,-1.5540788210206211,0.25269648877761,-0.04576206494313917,0.12996629211599667,0.03562971349056658,0.25916987295008204,1.337343225676158,-1.1795074120851095,mid,partner,growing,0.6167852373505116,0.7258227235580766,1.948260186855167,4.65357950610817
689,-0.3421523355004201,0.6666186289628364,0.48092586772791107,0.45940555334208416,2.7535772156733374,0.6141355241167059,1.1309377962550249,-0.30707205885250843,-0.9929123738972822,-0.3143174292336339,0.7119601713434042,0.4068278548291754,mid,paid,mature,-0.184819165708224,1.3290946899042886,0.09704467275171552,0.5127242065342447
690,0.4032513705988798,-0.21434438679712778,-0.37380261881297533,-0.17985724429327782,0.7244754501652129,0.8407274281704181,-1.0062416496712276,0.7623425594314492,-0.6507212307562297,0.46892165184105333,-0.19196574246248815,1.5657885492389845,high,organic,mature,0.5167217462984391,1.3524863662117943,-1.4657985633958943,-0.38537373072789327
691,-0.4180746289811456,0.17861184089478324,0.6065931575594277,-0.8739588501228821,-0.07285705542694518,-0.2665848846231373,-0.5138134834059732,-0.4397230014832396,1.1120145981367944,-0.5985507347603333,0.5664078826716058,0.31459500203114427,low,paid,mature,-0.7270271934654001,0.753620897568524,-1.7464514918829317,-2.0873703841208275
692,-1.3969801157751758,0.5191694384264413,-1.4135132097576943,0.6280918281651601,-0.5071916431308481,0.008367253256452208,-1.2942799496263389,0.12238232360481602,0.9269504179706196,-0.8069654280226208,-0.607167086144011,0.45462102356748946,low,organic,mature,-0.021427994900446574,0.3174632425005976,-0.6967100509075753,-0.8815872085859906
693,0.47961832364693924,-2.4341792984085067,2.0154063637827733,0.5285534835483313,0.6969186624529615,-0.14354044666201693,-1.8553535085522448,0.67472206125024,-0.5651880282308862,0.5439316941833399,-0.21880107026272877,0.2380393791163774,mid,paid,new,2.331361350773131,1.2356384202347985,2.7733982891413698,5.458443970676553
694,-0.7749963814092447,0.8643889426789316,-1.1883790394576719,2.24556942533919,2.237948634987012,1.6326995854665105,1.2754789857745101,-0.08454835823364099,1.1665467057472083,-0.09617649827612768,-1.553517542245307,1.503201414030688,mid,paid,loyal,0.9815735022911296,3.365483951743633,-0.07117892755761646,2.9380572238267995
695,1.1288244629225053,-0.031339107655435385,-1.2251842573311502,-0.5862006765789738,-1.8211455848875098,0.9450808526179771,-1.6033089668641802,0.28683087014667635,-0.8436933477796882,-1.4267034449994767,0.2383550932785717,-0.3337993853120314,high,organic,growing,1.0188493516059587,1.2536070546056033,1.171666945564535,2.9706995403675234
696,0.8381891054253677,-1.267605268728707,-0.7573146454738222,-2.3876422084908913,-2.1843466823279227,1.7981924099785127,2.083598244099669,0.09272620522395288,-0.8238287659065117,-0.298448925490107,0.8735742024863639,-0.5143890198220461,high,organic,new,3.5876339241938906,3.2409077261627552,2.251484102981477,7.12510922531844
697,0.2376338670416892,-0.01275605048124964,-0.568812670082858,-0.5261927459918712,0.29332087168550824,-0.9768881363874414,0.45172934562351613,-0.47157895964918195,0.12736730464823023,1.3839625661685588,-0.16819204522695244,0.9198043401919923,mid,paid,growing,0.06785436321162788,0.3928142861557927,0.07403978219008141,2.0042277267988244
698,-1.7920328558838285,-0.4703630136405947,0.027688621076072818,1.923330679206459,-1.9599520832598905,-0.09620986189277686,1.456688850916263,-0.785020405266872,-0.21283881042567027,0.3317389850555395,0.18450855372278024,1.5657704754544142,low,organic,growing,-0.738399815288116,-2.2977945901562356,-0.3683738308399026,-2.4880004254386545
699,0.44847381007323184,1.3277728955142192,-0.3600083573099114,-0.7405254112502966,-0.22572319301963548,-1.1591030933676016,0.48351169621009515,-0.3858781127552457,-0.6717888999774754,0.4986584096210017,-1.1437157779742886,0.7705022138557944,high,partner,loyal,1.5161908505376758,1.218473353418112,2.9777011678956358,5.207250278722578
700,-0.4783373884913608,1.159096444094184,-0.39273757822956723,0.6319096665579241,0.17956237377290588,0.7439018737144868,0.10994689214762728,-1.6633974123432438,1.008793539242132,-0.08768292245790726,0.789516077354813,0.6902464768688565,mid,organic,loyal,0.5129570251810339,0.9848337825254911,0.7585324487862001,0.8636358064657041
701,-0.7732964810113417,-0.9147954051752969,0.655355101449004,-0.3032490294105138,0.936429279466497,-0.17820094286302327,1.0234097774482882,0.4233044842091017,0.2879749937141485,-0.3740111987402744,0.2324276140615166,1.1928527149527093,mid,organic,new,-0.5082319385842313,0.8483836794947058,-1.3249668628350142,0.7117252119199072
702,-0.05421545866331975,0.5311744436838554,0.046360076249706055,0.12460404274542186,1.7234107569382986,1.2017300310395511,0.07940381519571835,0.2144540879360341,-0.7018705035509689,-0.17297154626495317,0.309397787548615,0.8506135895691279,mid,organic,mature,0.1150287676809305,1.3450565342937673,1.608033854639089,3.931201613152732
703,0.749220896910919,-1.1092590559045103,0.9769827306786314,-0.08877367937755289,-0.9869913556775379,1.3363847374319215,1.463278996737953,0.2637469823406603,0.7087936019052349,0.767449208744432,1.395772152812251,0.7280685254317251,high,paid,new,1.6526418786019073,0.8019234060301926,1.4694638423941089,2.848451525629226
704,-1.3276882774385688,2.0098077489711277,1.065656889480043,-0.5095242052727647,-1.0296250723574096,0.5048134304040838,-0.27826003836757923,0.3299953539989592,0.7434068412782634,-0.5664418879967954,-1.1161079926843374,0.38581846787197815,low,paid,loyal,0.507454637439529,0.9060723376291969,1.2810214055409754,2.6564493870291592
705,-0.5333878552769735,0.14609578573239815,-1.3433264369622646,-0.2521827244746376,0.7149518910399967,0.6059325076467968,-0.7883579708732686,-1.1682643693180517,0.01576368975179213,0.5610327970194089,0.405175140192551,-0.5121598443613099,mid,paid,mature,-0.18267060291433782,0.035788255962095825,-0.7955663740844825,-0.6377945567924772
706,0.2978244424866034,1.5023554712759948,0.20514468730902757,-1.63314793581862,0.2032003381006422,2.043956971212609,-1.2873908131155956,0.029724661829022104,-0.2263354330321344,0.09588295927506402,0.19425215315377178,1.1399719860629245,mid,partner,loyal,0.21842519646501235,1.1872783316071678,0.30920345635742624,2.361033314752555
707,0.0847832864008106,1.277259557212047,-0.1176556587864825,-0.3501367739746331,-0.6691829830386058,-1.8170870291201529,0.2757814119258398,2.0540002884718427,0.4582354772858612,0.6867473541616795,-0.41303132501445505,-0.2443333912736707,mid,paid,loyal,0.5359389037998796,1.8349308647525682,-0.26532903077806547,2.3855536548716763
708,0.9846414883332621,2.0086936402898203,1.4879479357968197,0.805244629728022,0.03515057939050897,0.2097189142673235,-0.7535073194282543,-1.448167521302657,-1.126798357759941,0.0498000345219375,-0.2919922614266772,-1.4694417047196846,high,organic,loyal,2.3010976675948633,0.6961196575021342,2.6233576229440723,5.717286463136034
709,-0.037323379049736136,-0.31843032446594494,-1.1728488552840803,-0.3701790106200705,-0.3209530007163442,-0.6166371399244667,0.9266701647759397,-1.902901562093312,-1.9857989907109712,0.0032857844490918387,0.09612718939230591,0.40421513601897335,mid,organic,growing,0.3200614532685527,1.4647263967524045,1.1238895484321703,3.168471318226842
710,-0.5389735082790941,-0.9179238050923317,-0.007316132694947453,-0.44157813534799617,1.5510714046556944,-0.3242272499251918,-0.053185151717077925,2.4754181395979424,-0.19476022673068688,0.5561568651990907,0.646309433386353,0.7314016437182146,mid,partner,new,0.02087771381864957,1.1510719251450865,-0.4739215617059036,2.2891751141928154
711,0.28948726541125236,0.19384079441050964,0.10033428983711615,-0.5759939022337732,0.32551880283926843,2.028645837424592,1.2106819089635574,0.3039180222246367,0.8558297981059901,-0.8691759087306522,-0.26051215419971874,0.9478498441840553,high,organic,growing,1.5344233125949995,1.2340643675147844,0.9834153932083253,3.5702276581681684
712,1.4871671934581916,-0.770866172095378,-0.48358830942315717,2.1813757938785363,0.09626124976897246,1.8233619727003787,0.20685731727579246,0.2461802823254352,-0.30549088765989746,0.9425551415102287,1.3577775503039997,-1.035002230140867,high,partner,growing,1.8128064706181684,0.3461495745504567,2.1696246890821307,3.106530289187752
713,-0.35245055222043675,0.9150785243742204,-0.1295486377843279,-0.4933854685332102,1.0095421538694018,1.103453204712511,-0.4496420906721386,0.2123665279879456,-1.208474795904233,-0.895480910478699,0.12416523213337996,0.03140678757984353,low,partner,mature,0.002358631555470586,1.205028720785749,-0.8226573384243183,-1.5317995476091901
714,-0.9668760917306345,-0.7159739247255754,-1.0650443699555594,0.4550598569132106,-1.9676391966919,-1.0115772295601961,-1.862941547832321,0.4190206038579806,-1.8027335500547015,0.03172919853554027,1.6395240157474233,1.6734339812709018,low,paid,new,0.6308903989306943,0.9650715876657693,-0.8870532884047905,-0.1025354229634755
715,-1.8059075691788211,0.2984096016309557,-0.9889712963804547,-1.193136035710258,-0.11346995439007401,1.2282911569331254,0.5996588742203581,-0.7151409284828807,0.7050339974100025,-2.2437083318816793,-0.7529457984332404,-0.8238915447012507,low,paid,mature,-0.19380724114871867,-0.6660939175676365,0.15938917725251706,1.0995898177509575
716,0.07832069173893116,-0.20282796365999967,-0.14147109361988489,-0.17471953010613864,0.022407240989087,0.5401309669582237,0.14933102610238283,-0.2843518166045584,0.40174827980478217,0.8261235436527639,-0.5560258907226293,-0.059402730672675784,mid,partner,growing,0.17908742394692856,0.8693663902217091,0.07139024732699434,0.1869105816145913
717,1.1619065630465863,-1.1027606772673566,1.8047021962559437,-1.3391549747395755,-0.3453646112047366,-0.950189996876012,2.187926996869377,-0.5033500288471519,-0.5008411565285328,-0.37074873993991914,0.09560280789395026,-0.32844177890451104,high,paid,new,-0.1516037247643991,0.13957624090249982,-0.28046311620497766,-0.14256316270141908
718,-0.1328868046223994,-3.5292099530237375,0.05715983600182728,0.017806621486644806,1.0385687974123936,1.309060948279402,-0.18770806139179752,0.8162290816739554,-1.1015687804448064,0.7673423426961045,-0.5724757991345769,-1.1846974681300548,mid,paid,new,5.797654167769766,1.4566763344644538,6.318724582351005,9.836237200842538
719,-0.1855886782040505,1.4004724471977792,0.1810055367308467,1.49648814767838,-0.7487327138158041,1.04785110454799,-0.6521600372369454,0.22532867148920316,0.216682828659415,0.6614917339241726,0.25074061991132746,-0.7391845378218174,mid,organic,loyal,0.4782422921918812,0.9733089367769254,1.1389926446222929,3.396125966617106
720,0.8803069520925639,1.7316565943253943,-0.5838034222561184,-1.8352320764450323,0.4993195683537887,-0.33118039405214905,-0.13110285595529653,0.556177755731012,-0.4563924298255985,-0.2688519713436714,-0.10011951693658637,1.4697539379850162,high,organic,loyal,2.7461438325200525,0.9297043559521704,2.5851419409328535,3.9025773313815826
721,0.030069604113581585,-1.2356735808149601,-1.1958784811411152,0.13922992165960119,-1.129428000690979,-1.5623034869241608,0.6355359909340106,0.6844984028686446,-0.36813653389385326,0.29365929115170897,0.1881216441955006,0.6024193859690855,mid,organic,new,0.9284819361338192,1.3193281218956816,-0.19418746915613294,0.19750066353741924
722,0.6047499039397994,-2.605788587527226,-0.2404989584823943,0.5179041881781331,-0.4104565910390145,0.03620263925982666,0.7506999816780775,0.0809252332521623,1.5079194172348667,1.1269862522811211,-0.118564152971434,-0.19804617072477865,high,partner,new,4.319007624163819,1.3438892476070814,3.6804208209926736,6.698438466121292
723,-2.8503241052013646,-0.3265021968905259,-1.3532688927105265,0.2212295420006227,0.15287071112000175,0.6958557560267777,1.3966704719481913,-0.026269429671968363,2.280416311923196,0.2324514452199039,-1.310216393716633,-0.5620718751101198,low,paid,growing,0.6212912601391877,0.09165502820200788,1.206255190604577,0.9163997569503555
724,-0.37274670030782203,0.5921271511533787,-0.9472499002293007,-0.297975882809396,-0.16104028079608668,-0.44812080765554363,0.8114153816797184,0.6413213884653558,1.1665671351039588,-0.33102518111119955,1.202527567647902,-1.3639970859770458,mid,paid,mature,-0.03521502058253098,1.3826232144934745,0.10118764286245083,-0.3213382019274498
725,-1.388384300989857,-1.2138016860912133,0.00921169263208945,1.2023781165777556,-0.6021420806396302,-0.47669340496443713,-0.2160179553093376,0.5728281233876548,-0.4776253033545738,-0.5334169579165013,-1.3453952633576904,-0.5717211111771211,low,organic,new,-0.013025467102078268,0.2230924242111138,-0.5627848328595584,1.3318440659215525
726,1.1774617529353326,0.09092600847847668,-0.7398545102479152,1.2361439727289343,-0.5852135020601873,1.4199555794824656,1.4036069779001006,0.05601162637466865,-1.4985495273716876,2.289500615345755,0.3872760562645462,-0.3238870247205901,high,partner,growing,2.2232010459098266,0.6527213550424684,1.4388145600747029,3.4502109452771346
727,0.9561279147750558,0.7023027870213473,1.3109383498864404,-0.6623477886798963,0.3184734127743923,-1.1858702302449369,0.6663343957412341,-0.022945369627187417,0.2810092554868121,-0.1463497238404702,-0.25098882058836114,-0.868231174014714,high,organic,mature,0.3441896671657641,0.48774133023114435,0.9620124774216912,3.6217453362965304
728,0.7904302146842336,1.4897040367414378,-0.5566683589100853,0.5535405049710949,0.4321836246602423,0.00809781134885869,-1.5265957333647167,-1.3015973511105925,-0.7809819511515705,-2.1390047235719316,1.408030729905615,0.3677032291797136,high,paid,loyal,2.0736897953580926,0.5463965789950057,1.8520373897960374,3.82805793874539
729,-0.029961048399121757,-2.1902358192678286,-1.8238708550204004,-0.0023413881869583275,1.970489965483977,-0.6986441958730818,0.863798014412438,-0.47990240767496084,0.05523925928886656,1.2146838488929317,-0.3459516301665442,-0.6901049080521332,mid,organic,new,2.9539481162060888,0.7305386193931304,3.706664894978225,6.229567904557276
730,1.4180705541247638,0.04555782111359534,1.091205090586163,-0.685248893384687,1.4066742089609758,0.273627274534611,0.43478762621465866,0.1316293114291747,-0.5054749819965015,-0.0016828104949717336,-0.44259023798936625,0.9595460626447856,high,partner,mature,0.6982714247227739,-0.13923129984198052,1.577607222161335,2.281193722388113
731,-0.20305716706866234,-1.4965072277938996,-1.6794237349892838,-1.7267181523204245,0.6179707575539414,-1.1515043113734442,0.3000857758385668,0.13657451749141328,-0.06470859490977714,0.43840520338236943,0.1583035370905262,-2.70972974278095,mid,paid,new,1.3759558963114875,0.3317628273610406,1.063116146026303,1.5277855356329564
732,-0.3236252408484902,0.42510313406343103,1.6402828107549985,1.6864576165824976,-1.3631505135852566,-0.34972529931277313,-1.5661148137079979,1.519885075110083,1.0128562081485508,0.3505878868631747,0.16609486126021009,1.3806311003494742,mid,organic,mature,-0.6830914931659902,0.7152618003795346,0.26655599167010835,1.573891171455772
733,1.211325194760139,1.158044696656121,0.4566798597822596,-0.34922829951416257,0.7671248320175574,0.8160419052551146,-0.1906374695919598,-0.3512489188342415,1.1333132695582098,1.6641161087696066,-0.7493957809147662,-0.2633766754479744,high,organic,mature,1.5016669567374694,0.3498335841457586,1.6400767111994026,1.9287008243308803
734,0.35093307645469796,0.4865989977486106,-0.5223663592412943,1.883520630344044,0.4220952655451712,0.5313834084705529,1.758884081511754,-0.44906162524459003,-0.08843187644227794,-1.2533222290216288,-0.17235047225357822,-1.4889275239353628,high,organic,mature,1.3523302129948638,1.046092303706682,1.6200884505789035,2.082978116980038
735,0.747849354193172,0.4199967500699922,-0.27706930703854016,-0.10042370781784783,0.7614664151889905,-1.135796086889898,0.20416786745252327,0.6995098064587445,-1.7822740774072416,0.6849380057020193,-1.6740624632615668,-0.11759448385153255,mid,organic,mature,0.6641734622375947,1.8553011083594857,-1.5245756328743623,-0.4588730312982595
736,-1.1633911040952263,1.4312465792900149,-1.1571210541523476,-1.6501898919653826,0.13335214159631562,-0.4137029800208229,-1.504605228663933,0.5258151991548494,-1.9914990624496793,-1.036240972583125,-0.5752182704207847,0.8022223921551402,low,organic,loyal,1.05940009714142,1.9280254621264268,0.08847879881796528,3.3345401919411755
737,1.295468367013152,1.1027822473275728,-0.15327379046223277,-2.427308244795156,0.39085302121855847,1.4705737392246134,1.2337904078135682,0.4629490097437198,-1.1895027643384526,-0.525307003628415,1.9338143987456746,-1.4167295346641338,high,organic,mature,2.5226583291116356,0.45815823375978615,1.6059639652341953,1.3135047016389894
738,-1.1478412281503858,0.9425515511652842,-0.4311592448055278,-1.1817551222046219,1.5279711787230157,0.4610559781451398,-0.38180116437717815,-1.1457748358995155,2.047406563859938,-0.02445181874660751,1.3973280624694941,0.8936335446094399,low,organic,mature,-0.16169329656138332,0.15605613386876116,-0.4803480189649528,-1.684912941585777
739,-0.5209015616632341,-0.5129411149897811,1.4463148979339198,1.4625173326199776,-1.8769159761207344,0.5497802609821923,-0.12121480472361965,-1.033323162938506,0.2617460947171974,-1.3495967909863944,-0.4664553546461,-0.7984737327699676,mid,organic,growing,-0.9440738757814083,-0.8159039866118746,-0.8297228681276304,-1.3032345524649718
740,-0.4997912641559985,-0.07147849366199094,-1.0155666619054864,1.5731790288732976,0.4932832333941253,1.7945630283820548,-0.1600799690780195,-0.5487899622971091,1.758415614493028,-0.5780597398739851,-0.17829202198912472,0.7200474104973147,low,paid,growing,-0.23874372843070354,1.4501316033819238,-0.08349340338972966,0.9265114745386087
741,-1.2377258082972784,0.71129468479365,0.5833470661646026,1.2693253180378326,0.890044503010141,1.299978352877571,-0.11042190050841018,-0.8626703187070606,2.1099854140833623,-1.5266956155219669,-1.4265130788738078,0.5651280405088313,low,organic,mature,-0.822988871843533,1.5297675994285225,-0.5372419250522806,1.3168481420200226
742,1.6249860481773497,0.18955084591416504,0.9993036997022059,-1.9958027274719585,-0.49954496218113714,-1.8739478071432591,0.7804109582286599,-1.5472313265890145,-1.2778188460326472,0.5140252049614028,1.0618243520177295,-0.15896810822921661,high,organic,mature,0.13212401224007042,0.25469247881943463,-0.5528205790261005,0.5258831579649492
743,0.5701725041085097,0.5377881668730922,-0.2154268594424721,-1.0947054828862488,0.5648914068846425,0.6130956907750826,0.8940244030902588,0.31206642407889745,-1.1684999134793264,0.6903401613691801,-0.0013810802283412515,-0.48273744432334303,mid,partner,mature,0.892620964221496,1.086270010689501,1.5839839279963341,3.606981601342613
744,-0.2946358371937122,-0.6902571783903797,0.8888437788544289,-1.4181147335800204,-0.9934859348064183,-0.32877288467169474,1.6137508482389997,1.0542805490928489,-1.6408408032472255,1.351347088752486,1.349420216983684,-1.174008326022643,high,organic,growing,-0.25628834221151475,2.734071249869583,1.553000101340076,4.120725802933234
745,-2.5214582705964452,-0.07222162234724244,1.122424409299822,1.5912619698002022,-0.8708272643612502,1.7519791046629654,-2.227932395816701,-0.3680506138292876,-0.4172106692157472,1.152337024924303,1.29830246593978,0.9542236554333953,low,paid,growing,-2.728715025817756,-1.855226878377078,-3.082039913266883,-4.578944957095421
746,-1.3505500487458946,0.8626190317989219,0.5090419685934918,-1.6712343852795908,-2.067013828801687,1.0379892900207761,-0.18009930097924454,-1.2851820924548754,-0.20817192870876858,0.36404108111320266,-0.08285112666754706,-1.5519861531260863,low,partner,loyal,-0.7124644867347687,1.6190972185746317,-1.3761326541684171,0.5722474507592001
747,1.88555690356411,1.004217968987892,-0.3353774516734673,-0.2950946559022876,0.35948739471317603,-1.1296213957403316,0.3226764365369687,-1.3307324368607656,-0.070534216845166,-1.1685714998568588,-1.1180839823267146,1.6457226136182097,high,paid,mature,1.4200422583646664,-1.1277392532740416,0.7347104344537934,-0.1457878342945321
748,0.059225894284554124,0.20740648540116763,-2.011379861081323,-0.5970017585210479,0.4612121187043472,0.19413626594750497,-2.1540298213537055,0.2071379166570812,0.36655880354968934,1.2837619981986996,-0.6552311189383428,-2.242068720135671,mid,organic,mature,0.8067125607546266,1.030468236511544,0.8921803872851184,2.168719926083767
749,-0.9967707518051554,-1.0970650388685572,0.7367088777799742,-2.716736588395318,-0.4483564600726221,1.4257954735772547,0.00721246283363482,0.8963168161764239,-1.6417983335510877,-1.6019895132063227,1.4372424578452343,0.10121536575725322,low,organic,new,-0.3974072106225771,2.1937219614796586,-0.9231703202355812,1.3675930846503923
750,0.10327436220914413,-1.1181528281069966,0.10078172895023148,-1.1459375683400963,1.18687044890565,2.7278307098681713,0.48394105366532936,-0.6349463854615437,-2.5336583304946583,-1.6844641145423411,1.554861831027136,-1.0291918432710732,mid,paid,new,0.9902975064022492,1.4006230589978759,-0.7400309066809607,0.12659918005432258
751,-0.3708348816865122,0.6553259745791783,1.4822897993617925,-0.199586921163838,-0.4046668696660347,0.07162102851068375,-0.6276378166392172,-0.5738192032929551,0.4118801175338736,0.18529151783448639,2.131605306558584,0.4388488166354295,mid,paid,mature,-0.9602001207163215,0.4498860614561738,-2.4169519931679933,-4.323356224382278
752,1.151145548093828,-1.071285176723131,0.5251572900302712,-0.7229813466010591,0.3954532632965579,0.6885145981148411,0.04986884400147382,2.407325721474793,1.4279797691084526,1.1772453328290966,0.7642861923700136,1.7633608177300442,high,organic,growing,1.4318243818672785,1.3789119480007646,2.452014521334723,5.316688571997578
753,-1.4369692974692159,1.3702831179905761,-0.9912443119995229,-0.5643391190667296,0.561392444061668,1.2332201655107236,-1.153576631681962,-0.5125448776777309,0.09753207250131049,-0.18636600469571402,0.8540320612351875,3.4359276159845202,low,paid,loyal,-0.1769945497244247,-0.1899164288600393,1.1047994903989504,1.9370659285297716
754,0.41932070852587977,-0.7351964381623162,-1.2965083306389955,-0.3252539135856056,-0.9402498860287901,0.4675497919754231,0.4520216357842265,-0.46316820452495655,1.984955013783783,-0.7354473192398943,-0.11943106789817422,0.6391626658898175,high,partner,growing,1.6139347832402655,1.7763985814474352,3.2138243711982404,3.6533042983084236
755,0.8920548937698285,1.2775765215431991,0.42849647899323895,1.0509127007879968,-0.6651081720279391,0.918081960350382,0.9047291501563995,1.5128866747535359,-1.6684359922285426,-0.9071831156010672,0.823140969367302,-2.651364479881397,high,paid,loyal,1.7282144580306662,1.6536667739723392,1.9545188968100429,4.705217482482648
756,0.49200617378835015,1.0598044249313672,-0.5763752475504399,-0.43019000011191194,-1.0741373472399038,-0.5215471197314033,-0.4925685019617576,-0.6828412744655215,-0.7376781777844968,-0.2710047848883935,-0.28310431565612143,1.8741318998610565,mid,organic,loyal,1.3016366867098277,1.2193485648523725,0.3107311787560162,3.3797826361249053
757,-0.3941851431170102,0.3441502161918585,-0.5768829664763014,-0.5895957758414572,-1.7043705377326224,-1.5713662478110932,-1.2069982796529997,0.18369683476007076,1.0761736552845853,-1.786664526895518,-0.549076801348817,-1.3668907093503484,mid,organic,mature,0.7702268028652524,1.774042463623423,0.33221065370807035,1.0782779602703747
758,-0.26427709413354983,1.0757694937071505,-0.4468824016079753,-0.04751697219969663,1.455228396392314,0.4579009305079092,-0.760091855816802,0.1589152858357252,-0.8275490114022908,0.4204820127359998,0.5153401540727593,-1.3671597004984526,mid,organic,mature,0.4315491523040366,1.1999288507972303,-1.0598384826758116,-0.2511524675720356
759,0.17514941738577372,-0.1175732579959197,0.5446773971721118,0.8313470510191334,0.477449604124605,-0.30319335337975234,0.9333300208640003,-0.8730627763102515,-1.3205219933694994,-3.1952866845608003,-0.07014095173715502,-0.8215464394934352,mid,organic,growing,-0.21198066003213234,1.1775057959541761,-1.7418726495741066,-1.268910962626221
760,0.3977544760753508,-1.9712273940443676,-0.6471785508995,0.47026990586448525,-1.0298361463489805,0.409256748612862,-0.5570225950680406,-0.03280830977999759,0.5951580064168556,0.952797023115313,0.09249241132060718,-0.8140102948787449,mid,paid,new,2.2527922431572294,0.5228730300035547,2.508054953719956,5.44375640421038
761,-0.45803886237965,0.6369553630869581,-1.0212535834826066,-0.1780665966402057,-0.38588409836147486,-0.1033617833189646,-1.0092825292493772,-1.8519443522121117,0.5207426159596433,0.9641314234886486,-1.7921749574981565,0.3689261609262163,mid,organic,mature,0.3503966990050887,0.4244782735832208,0.8894082484121071,2.701656040675922
762,1.0831829148451766,0.5959110467623232,-0.4166701786760665,-0.9434963697507577,0.08097807934998928,0.24778505884688073,0.09580751115589878,-0.18013463011756567,-1.0826517241227573,0.4226882913088517,0.47085449441352384,0.20082212546167189,high,organic,mature,1.4313152640420657,0.6202446026344273,3.389688819768309,4.1484239218207986
763,0.11099364507125732,1.6792494877461053,-0.6243787845733961,1.2814350974566557,-0.7340244692218376,1.1089505729564282,1.2333675500805437,-0.29305120340188257,1.6609630540608336,0.46903588674608915,-0.8772724411405676,-0.374156594389209,high,organic,loyal,2.676620043483845,1.4393095410310133,2.593526467297849,5.1530124718767425
764,1.1327623061066514,0.9230647018766497,-1.0580404013792908,-0.13925731219049714,0.20352298277651182,-0.5076045890756089,2.357799723374719,0.23366374340532553,-0.061812190903049326,1.19085104425809,-0.36521353483883495,1.007427610617323,high,partner,mature,1.4978802605764054,0.5500623945008792,0.14004544977080413,3.034793611480451
765,-1.6677323955829848,-0.45365404624556616,1.0490704183772468,1.570197720589671,-0.7732957130059931,-0.8898216362186484,0.567446430370459,-0.6230338949177128,-0.26857791775539397,0.8764050247371578,-0.544102181614012,-1.9654257515356857,low,partner,growing,-1.367395437597141,-0.9570951502231901,-1.4893158213521733,-3.517913617122154
766,-1.3010844356058813,0.009955585720280876,-1.8634231484728845,-0.2971604172973206,-1.392096516243992,1.6399390068655983,2.1651425947656726,-1.0581971023420684,0.256758680037918,-0.9604037319968523,-0.30931560205451125,1.8034693279558056,mid,paid,growing,1.2877925290555317,-0.251894510853355,1.0053333299421305,1.0438850344120825
767,-0.4666885477264853,-0.2860374622371136,-0.9425292672276969,1.1461893776648633,-3.2632667025240267,-0.442797321531621,-0.04588609413545871,-0.6610773298509144,0.8635455077311673,1.2020272839704742,-1.412039512879515,2.0934866537708046,mid,partner,growing,0.11322904352067537,-0.9511018693584045,-0.37800263327777134,-0.9289979891318881
768,-1.4232588243535156,1.2886306816758417,0.1498276985356943,-0.5037010971138146,-0.40936692967583616,-0.03351279066031383,0.20841786186378186,-0.9201543513715253,-0.23393995767839035,-0.7706728229275946,-1.2150495270738728,-0.8173117024578972,low,partner,loyal,-0.031240669693025174,0.16789191297479567,0.31250889778184965,-0.03590106962805706
769,-1.1499746326954394,-0.4201549127505187,0.43247490546841544,0.12071035417796232,1.9743447766606508,-2.210453013719917,0.4693409662141885,0.00642023852435217,0.8156703423719669,0.7164652043104087,-0.16499175013517703,0.17265128485675557,low,organic,growing,-1.251533955591952,0.685937947924669,-2.4660064846979797,-0.7566673971899591
770,-0.7440692129184846,0.6136799793544542,-1.878876052122701,0.7768264386493173,-0.02317344423611007,-0.4870620378310888,-0.2325331994467262,-0.1591962345883808,1.2973037604805013,3.2334936632485123,1.2198708241503822,-0.5653257858897562,mid,organic,mature,0.5372691743431538,1.0536481865065936,0.6679906071691153,1.449367675542922
771,0.6297818242852791,0.6733291660574839,-0.9251607224472203,-1.2607992972206816,-0.06328092891678859,0.8077076027014347,-1.6118082676014285,-0.7208978676544061,0.5726517089904064,0.041723613270580134,1.4162736205989954,-1.4113674540763435,mid,paid,mature,0.3934352528517564,0.3055624761463202,1.0449985185712352,0.27502542116473183
772,2.3521649334494557,-1.5379924435695795,-2.0291637188282605,-0.05891277949730691,-1.1344589282460094,-0.03875566404487908,-0.07372687895466667,-0.19577421210743123,-0.8424110321967792,0.43265615257969103,-0.3173371147671696,1.1036648707547636,high,paid,new,2.8149372730674407,-0.8627487508614251,4.234675043299404,4.117346766511511
773,-0.18037225252830674,-0.9646474228665894,-1.6877105518433855,-0.17210943144837143,-1.2692045713626225,-1.349961854004778,0.527457309146987,-1.7776700611633918,1.4121933783329124,0.15971638439554017,-0.04384263102496118,-1.034765940550586,mid,organic,new,0.7964065353131433,1.0139820402115545,1.1067823843490823,3.1058192260515316
774,0.764372296342938,-0.0029049335973952714,-0.686096642740802,0.19982469665158892,-1.6827854554393802,-1.6353271315491387,-1.1201860853010783,0.3495272676097139,-0.003258321806131569,1.0489792655557526,-0.9199898521685768,0.5746678404813418,high,partner,growing,1.9451632258759004,0.7720753760987688,2.9882836763951772,3.8586700296582457
775,-0.11387055239528114,-0.9430451947409286,0.38530767071291894,-0.06601185824523254,-0.6291191941453987,0.04199908714409162,-0.129530385937392,-0.1536880685175025,-0.41259314991079943,-1.3049485388936377,0.07476541589487229,-0.8027143737214145,mid,organic,new,0.17820290218715407,0.9632766125619203,-0.26569313811894074,0.9200749218744
776,-1.0203288676440678,-0.24069984410260706,0.7340265441721783,0.18561350769098114,-0.531142208357589,-0.5713460578678574,0.635813262188768,-2.39673576944724,0.7973649891994805,-1.874015774930339,-1.4154079083229805,-0.5142658312632256,low,partner,growing,-1.1284755729540084,0.04752791225806369,-1.4327658470332338,-1.2525172487434744
777,2.170124142930845,1.6774193600142666,0.7064877557971356,0.35654237829544994,-1.8622769680124747,0.15675816288069885,-0.5492215185599713,-0.8166693336227218,0.15480308997465927,-0.4711100094466988,0.8692995459688505,-1.9359547676126674,high,paid,loyal,1.8650823596486286,-1.1608396535242258,3.21292940086427,1.8070345255196718
778,0.07501142234598206,-0.8790972235140434,-0.40963582891569356,0.3046264194792415,-1.117307862610067,0.16423213931246486,-0.2123382052092645,-0.6605868651768887,-0.4705724860109197,-0.15455189118692608,-0.7678365125632122,0.007094475325611389,mid,organic,new,0.6167458621302325,0.5521326041204982,-0.7548385628335833,-0.9928597451573843
779,-0.2781766216660757,-0.6112825370669608,1.5898422339029836,0.41523992256162096,-0.38271223262295445,0.14586043082470876,-1.0268201367735081,-0.4367716067785833,-0.3200774504382476,-1.2467939099098826,0.3873540479944179,-0.5056127026128259,mid,partner,growing,-0.8081870641828206,0.6690783877052201,-1.211327366428414,-0.5566763291136508
780,-0.3554666674474038,-0.5687198591233552,2.9590905906430995,-0.6626151501740128,-2.0686769538858276,-1.5999319709588355,0.7593026226954348,1.3364526916831299,-0.6817971913728537,1.2789496696354639,0.7415899998425441,-0.18948013098608893,mid,paid,growing,-2.13422496055372,1.9430180942659854,-1.0057786538277538,1.3379180042934196
781,-0.26044628377053547,0.18087022641565326,0.877455822153641,0.3972945655950222,-0.6768083017986958,-0.1742070470263107,1.981263454721924,0.251213797296192,0.8693254268826153,0.5398849872492323,0.2733577439977027,0.10869890001506896,mid,paid,growing,-0.9225675712504743,0.9318408945035591,-1.133679286002985,-1.08072619706796
782,0.8973906253249794,0.7186422353106833,0.2638934780115486,-0.6937625255478881,0.3855588055484719,-0.06700793646808344,-0.3082559113450759,2.678775974966068,-1.5390513077078276,0.9585128590574828,-0.8626709442538306,0.1311954893433961,high,paid,mature,0.9230952882010304,1.4398243717396624,0.6374932563297763,2.4203379152164
783,2.568587519090185,-0.9623689948240629,-0.7238726548272637,-0.01751373715160032,-0.8472169576313617,0.884056350940301,-0.5345294360632951,0.6540096401493369,-1.3291891318000693,-1.8068315021542254,-0.22898497895304948,-1.568507838037595,high,organic,new,1.3835257858290295,-0.04729467610772897,1.1181936692625174,1.1224208441877823
784,1.5182689127654503,-1.529803490494998,-1.0376866876706978,0.4136198854746102,-0.5863639500620061,-1.518387969867604,2.0399641600719596,-1.001633803159574,-0.1962578074965492,-0.20919252010603026,0.7103091519665778,0.4623524606710589,high,organic,new,1.547022155418037,-0.5043744361373962,1.6641739302652825,2.386901844008065
785,-0.8268010377310057,-0.3258272174433068,-0.22692243354181574,0.748959498198562,-1.1683219148586013,2.018110556755782,-0.7591833874594441,-0.008749396756593255,-1.1599894396932418,-1.2981590116406168,-0.874428409077624,-0.9705232176642551,low,organic,growing,-1.0462645781462077,0.6146156806976352,0.03981926377303324,1.185794302768186
786,-0.4142570241548305,-0.9789650287637407,0.6955524212942098,-0.782983895318375,-0.8938154934519152,-0.3929688641172687,0.9928388786962945,0.2148761736103992,-0.09968952988746987,-1.433044769968679,-1.1427084598637094,-1.2784099400396236,mid,organic,growing,-0.31188216025107607,1.3598069760234976,0.6123493580721379,1.7823781263216043
787,1.3068512236723466,0.5305631231316476,-0.8616205089241941,-0.5643716438256554,-0.8252901762373339,-0.8858612163807086,0.46030103121618055,-0.2875362207843132,2.0811677442974634,1.2503598245169982,1.3094803404667223,0.6713569749481262,high,organic,mature,1.487667311158295,1.3853831659810236,1.4991245526572559,3.812688935631614
788,-0.4226590705071891,0.5977908845295841,-0.34883269452865795,1.6302760507283627,0.40427938304992056,0.26236035860301515,0.12707266242950907,1.7402664273608581,-1.4337503338367856,1.8382878276687262,-0.18615380745413765,-1.4061489758156511,mid,organic,mature,0.020837633861577356,2.2866551216265836,1.1132262013523733,3.32125081159197
789,-0.752209731643056,-1.6508072627235828,0.65365674558564,-1.0382929503465195,0.16866766620470017,1.1342170301658476,-0.6720169285661368,-0.2681036930243923,-1.3033666099160157,-0.3883571089511976,2.574023625273372,0.7779331641104418,mid,organic,new,0.21694841139080484,0.918949410363604,0.558741374720541,2.102675151856786
790,-0.2647304188936049,-0.6116880361817151,-0.04263339565643339,0.1300507521936395,-0.4190697071457578,0.5300591957711293,-0.953447490060409,-0.9583876749842681,0.3701954570502046,-1.1686417535643978,0.7290172528625397,-0.014280612396933458,mid,paid,growing,-0.4052065594124691,0.2787649979938024,0.45391360840836237,1.3401472342692617
791,-1.8279092187172135,0.10949912556094678,-1.6851466245889946,0.6933620096556613,-0.24871432925059608,1.8510842165068195,1.071312844372607,-1.0606925062318246,-2.0207398638414173,-0.7551012567913739,-1.2212586028303711,1.825738086877094,low,organic,growing,0.7838445941187977,0.2173986514675682,-0.24452487997420036,2.2705628360696166
792,-0.01031465928015141,0.9334188041831667,-0.2850309125505859,-0.1796674882806456,-0.03262702250890829,1.1065393185924464,0.31162475567459863,-1.057333843476665,1.6225141380864172,-0.29281549898631315,-0.4555201238766485,-2.829505302249035,mid,organic,mature,0.6935776794644142,1.1899379661214855,2.432130412897478,4.015445260784096
793,0.634399591161337,0.1010126396618833,0.09992565660190209,-0.40282467111081804,-0.5752178401327828,-0.36958042683042985,0.46316087112727944,0.6391177730333506,-0.23103158837459842,0.948937494316759,-0.07897418101747768,-0.5042264181236554,mid,partner,growing,0.3658203824819473,1.2616211040165919,0.5860334366273758,1.8821960846686878
794,0.19841557490736433,-1.3593864184938602,0.23271830907924854,-1.5421821055263716,-1.0277269599837642,-2.0186914067166244,-0.17511695267150065,1.6096337023090939,-0.11707666108143513,0.6435853794331272,2.352313897312389,0.4040558481200959,mid,partner,new,1.1183383053155913,2.2508943460238333,-1.6299710420022226,-0.5152996089711805
795,-0.7652120445880223,-0.6275686027358373,0.0006582082230062616,-0.6328946452609244,-0.5580869998134319,0.9852539092594899,1.0261562807722122,-1.646892482048664,-0.8181695179002196,-0.4640043869133926,0.599088946165252,1.1430755885056563,mid,paid,new,-0.15311718184789164,0.24047247737567942,1.5064099916214646,1.1659817686943887
796,2.701967934273884,-0.4656732962826614,-0.4157287143420289,0.5885700156377142,-0.6822167189548592,-0.1409618614905171,-0.41503810878354574,-2.621653921904179,0.12323323015154566,-0.18236095930279028,1.2712310502568995,0.005490407536354829,high,organic,growing,1.0093854680564625,-1.6754983852709102,1.0144403992671247,-0.8131863598160679
797,-1.2547474783141723,-0.25809887297952333,-2.091082843136628,-1.2109178351996426,0.6355059681529976,-0.24734043995366325,0.9225082394980657,-1.9668922508780478,-0.242461397323753,-0.47551249838778537,0.955848582613206,0.6727627681666226,low,paid,growing,-0.07735136836799864,-0.8477524263213032,-0.47284532951939173,-0.7973506594752747
798,0.642252150088298,1.5414100380841014,-0.36808710928656624,1.335080835300719,-1.044206150879736,-1.0808777497656938,0.7527465714983388,-1.5047407384088016,0.5727656284189578,0.10131319372132609,1.0718527286548727,-0.05944396495488946,high,organic,loyal,1.8573611360553712,0.061818276396234134,1.251678070868172,2.426461299874164
799,0.056048946295527126,0.5092649929249059,-0.6626495500597784,-0.7062063074902213,0.47442943984341945,-0.02928780913063744,-0.40731391730428035,-0.08278409969766753,1.59455950783833,-0.4430184067398925,-0.4720196132820156,-1.707444224662495,mid,paid,mature,0.27745513074799105,1.183757093999501,0.7169569992823596,2.411481037753898
800,-0.042352938157114994,0.656883511240392,0.8361981156808681,0.10821760163053258,0.9558335730808833,0.7312304018802419,1.1129502296922626,0.9843026554775617,1.5699781961072512,-0.16969316656624964,-1.3270580423615084,0.6637187436854202,mid,partner,mature,0.13111581720316165,2.1148117171278673,-0.7572731017341275,0.8345918043435909
801,0.7805531893227763,1.5699953933811395,1.281290356169706,1.9454724558645653,0.619853980326533,0.22881059193862816,-1.3849831213257466,0.30809653451408037,-0.5525033568713179,0.21151001343247092,0.05451318630965609,0.47173358885013494,high,organic,loyal,1.4420406492970264,1.858721025468376,0.865134186626294,2.490020482151749
802,-0.09733070953851063,0.9350201907325847,-2.723154312875058,0.18999357515784446,1.202489779152562,1.8700485084562146,0.7319613383850628,1.6848830225825389,0.16893599575874238,0.002862575927063058,0.5294156432277516,-0.0031942828910650643,mid,partner,loyal,2.1323304157612966,2.015306751721454,1.5794523119496084,3.1517642467939195
803,-0.7823574680173606,-0.5152402441318994,-1.1121529060761572,0.5283770948652446,0.011391812500477263,-0.3602861167580975,-0.5666837568372902,0.5050563461996265,0.7804481806100702,-1.1305139965051827,-1.2876846697756177,0.954509955621015,mid,paid,growing,-0.04909035703529363,0.8938877170088715,-0.3413374007375309,-0.10673850491292497
804,-1.3751332384885957,0.5474868338224844,1.6169091987540132,1.6192348033931345,0.7378725906320917,0.7088095153221207,2.251907450196455,-2.3343956628937708,-0.4643356760806351,0.8484918490766015,-0.33728700784195703,1.2397783086070346,low,organic,mature,-0.7240040271524143,0.19712960433894022,-1.2392122768842753,-2.708974414742894
805,-0.039354060310192646,0.13174386033759755,-0.27467466424593767,-0.5225109588080608,-0.5471099631476519,0.2711662968367763,-0.7745649658228669,0.9532048834912875,0.6532259246028234,1.0994164409698404,-1.1289243559929987,-1.6994765467864439,mid,organic,growing,0.01679233359669907,1.6792820037678096,0.8696064652515613,4.167628720470502
806,-0.004185755631763539,2.898800613559521,1.2662087780945706,-0.5544463085067131,0.424512134431341,0.7275869074436836,-1.3683882407328614,1.3696258690346048,-0.1674241268209407,-0.09068084460786036,0.02378465943385564,1.1445401393078949,mid,paid,loyal,3.0301314064139326,1.528246956189911,3.3011937112116323,7.656950267087078
807,-0.755182158201408,-1.7069700047844523,0.3229552929000445,-2.043658086173129,-0.3011035951355401,1.1868742898588183,0.5790939035087382,1.042356065725276,0.620351365202829,2.410334488783408,-0.588239627656815,0.3981316770083233,low,organic,new,1.0381310286699597,1.5685544628477133,1.431167767014243,1.4932098064663024
808,-0.43812047121265035,0.9568012699148709,-0.06157487605049596,1.7188448794440452,-0.5308159554019765,1.4071265257169843,0.5931395305439708,-0.032461069086980585,0.5424423378599244,0.26126438752919223,0.35595468025181004,-0.2068710730943909,mid,organic,mature,0.4799014104875202,0.5490661201916146,1.0905036240048078,2.2559844692484754
809,-0.7015885075549914,-0.3350711199625306,-1.6831449779482226,0.8419483325326256,-1.2351639721754797,-0.21764705523569966,0.6480450414810331,0.8393967170999113,-1.7746519368372387,-0.09184807522507778,0.45974469944882207,0.052016109262326755,mid,organic,growing,0.2407880645982643,1.4944839762132855,0.14769379443256314,1.9591778643316444
810,1.3440749576735447,-0.8218068999146023,-2.0490411301901967,0.8103260167685212,-0.5370861196184876,-1.758540597585998,-0.15851239056647382,1.2305579759317014,-1.2632526178126982,2.3359959539472674,-0.8378815945366619,0.08701085412574988,high,partner,growing,2.5007788802874527,0.9335337778279605,1.4804695511636297,3.0669529839308116
811,-1.2191324178476084,0.041610348696014196,-0.13374782175867694,-1.4894939023310871,2.82582696895091,-0.4953371690186946,-0.49446255730602856,0.9690358793536544,1.8142548833484688,1.1264368680043029,-1.2011801230265864,0.21390900949466274,low,organic,mature,-0.5920181859292224,-0.2777646758880664,1.2131542934476593,0.7065915843808824
812,-1.8813724823849947,0.9017050813223565,-1.635188138530462,-0.803201323609237,-0.0032015040313106763,0.44500656114101217,-0.2609346233953191,1.5190836767328817,0.7232395821922794,0.6447247540642086,-1.2294009019846637,1.6993678975454027,low,partner,loyal,0.33419752093153504,0.7214414521817788,1.2617321755609474,3.3842072391667006
813,-0.8030651442785116,1.737542432987094,2.0221950569255713,0.5126565323637751,1.0320130976794208,-3.0829197630568688,-0.1950024154903774,1.1021656399195396,0.9245102683140846,-1.2197233380998775,-0.29372203986787376,-2.5363655052011467,low,paid,loyal,0.06441921836430145,1.7270305093337557,1.6772462322998856,4.317927912902167
814,0.41299284017275345,-1.8833284012268237,1.1304778427875717,1.182724860717409,-0.47436681440649864,0.5212759304540885,-0.2170987240605085,0.24190839501486613,-1.14725942324315,0.6224926232399093,-1.6411852302244163,-1.8299301623293818,mid,organic,new,1.540562436217142,1.1348828460833482,2.575100857178591,5.516635714379349
815,-0.12192831666699186,-0.2112432796112795,0.27230173055175044,-0.6495074902363289,1.8856916657855893,0.16060498937944198,0.23288177851622544,0.19723387740704562,1.002909868948078,0.5760174144844643,0.44201789970827926,0.7359841048655908,mid,organic,growing,-0.1825642733100728,0.8097154181713537,-0.6429356771755546,-0.7636129415696722
816,-1.8246146370471914,-1.7868476505857773,-0.07605874530144384,-0.19767388268190214,0.5798098440482081,0.020016902183505356,0.5818649344542106,-1.2455952695612857,-0.01074457040869473,-1.3410567379577842,0.38685793437140087,-1.8782850423633206,low,paid,new,0.6609289953267364,-1.0608751801526033,-1.6870489430021296,-4.6372216107133015
817,0.34831009854087963,-1.4689993808971122,-0.3835277932217955,0.894927691449249,0.22737998859841746,-1.645660223724301,-0.6723938446940241,-1.501378525476802,-1.6947584996051934,0.1176631761339743,0.5602983435601032,0.4406059207156895,high,organic,new,2.3172277164637984,1.2063340884334146,1.0881312909360528,3.055810296232303
818,0.6026268148797509,-0.011910850885818457,-0.2733902187499678,-1.0730693270623144,-0.4400796717504989,-1.3213483853261705,-0.8451655271269194,0.08892687043804186,-0.1178060875409223,3.064728037894776,-1.3457955975050075,-0.12509872083178206,high,organic,growing,1.3732465958358857,1.0930412444136388,2.009768642544122,2.7427967539027445
819,-1.4237321112037242,-0.3877858759699509,-0.34709318211518453,0.8448800262331382,-0.4496665392179212,-0.19131960005615892,-0.4303179624722195,-1.401051744057209,-0.6521023717931075,-0.3819367150838177,0.07382588340638456,0.5589472872248251,low,organic,growing,-0.5270522485950776,-0.44946463930487757,-0.6288001679315781,-0.21230525178205628
820,-0.2345965097110292,-0.2521762639813468,-1.720813158487053,0.5397345172563511,-0.6958978871500408,0.7471232382297756,1.3164399478541957,-0.18791502669300522,-1.0233112807658922,-0.016698613086298133,0.34870199801863844,-0.3155200012467209,mid,partner,growing,1.0136190529060989,0.9539392926513137,0.5937691939903542,-0.40078206953805884
821,-0.5640384093793239,0.5635322106974137,0.49757827469419513,-0.3462896403271577,-1.6540661652606898,0.4563781853794524,-0.7673271934413766,0.21434107537030897,0.15115723167903694,-1.8889474270426652,0.0810816844115734,0.5145325253744555,low,paid,mature,-0.8328852403172657,0.9852395989115367,-3.3284387419686126,-3.8102706605498526
822,0.6371524153104868,0.1173657510963127,-1.97718604394959,1.2770810621866373,0.41102266754258043,-1.2033193293704774,-0.7877630401582735,0.23122420929452067,0.6797841932982557,-0.4879628563477017,0.8255254073790749,-1.7927668291001777,high,organic,growing,2.1017204668971763,1.2918426924807334,2.088593202652895,3.39109200827643
823,-1.0424590110937872,-2.0643640098420826,-0.8974051428696932,1.5080771845440948,2.0578022345854023,0.23459046823044263,-0.6384292072685546,-0.22163990085094343,0.4733398908330222,-1.5629808516390824,-0.5724991759812048,1.434893074450249,mid,organic,new,1.7838067983082053,1.8257584840130887,0.7020282480559039,2.406018564653601
824,-1.0457100693283625,-0.7490248992615429,0.013193655981440497,0.28314225950470917,-0.6250040461994723,0.07696438325195544,0.6079395337394395,1.9614518237636474,-0.1262443794347809,-0.041297315340562746,1.5274523459795106,-0.5491658582980953,low,organic,new,-0.39892668285916,1.0023580541315908,-1.123309263625082,-0.19684491661781078
825,-1.3243530327621809,0.2502489756589624,1.076175025087915,0.36104713519968545,-0.09701565754724577,-1.4483933731348388,-0.058369245268373136,1.2331549263163366,-1.2341170815392215,-0.24474717380327135,-0.38748473215836077,-0.6977045706377453,low,paid,mature,-1.3949788228059758,0.8650504652437665,-0.544874725908839,0.5529490575636717
826,0.24792300451900576,0.4433052412560076,0.4328269047934368,-0.976809763615125,-1.6459836943336827,0.2623884365307285,-0.5059190414826519,1.8383123796867857,1.8845096960149461,1.99068979439604,-0.9401109010347132,0.5693690867420935,mid,organic,mature,0.04670153905598338,3.1511639458780794,-0.9824404150280265,2.513729008656341
827,0.870952517251484,0.7583542335444021,-0.3543979441938586,1.279164902965326,0.0004749863665227949,0.1281061249354394,-1.5378334517771435,0.6447649695729887,-0.2604117135724109,0.4647788621005251,0.23511369980461824,0.18093657666377086,mid,partner,mature,0.9801815318208531,1.0022063361705207,0.046492226447661045,1.8176325948421113
828,-0.045713572466684164,0.786599734660454,-0.1988925368850661,-1.4551974194529833,0.5689556063739339,-0.8090055249116386,-1.3242618426821398,-1.0222433341425983,0.2833323793569209,-0.0965188030948501,-2.1326830296728474,-0.3836559430526696,mid,partner,mature,0.790847149649373,0.18398318845994494,0.9764274770594928,1.281813307965522
829,1.1692312249747645,-0.4512956709333788,-0.1654765534275925,1.0429914373271527,0.7954892582045359,1.021751087651711,-2.772553610053703,1.7335230384421108,0.636400435427929,2.46147641402415,-0.7823260307742839,-1.7634506056489103,high,organic,growing,0.12951478313081632,1.4291531499129382,1.0018768747441253,4.84029744878676
830,0.007218456725176393,-0.2753723297571609,0.6536639836148213,1.0749283445863558,-0.08729414487949709,-0.24070804581272578,0.5227198195161272,-0.25632866569249774,-0.3399821008967875,1.037134938675286,1.2597778569035725,1.0839662438630937,mid,partner,growing,-0.3007882639038782,0.8361301267993162,-0.7034941593106745,1.3086780536524278
831,-0.16822971272552553,-2.139788987753183,-0.1482060863928482,-0.7579800126770487,-0.12972501901058803,-0.6710908927176088,-0.020739855465601982,-1.0392756292315644,-1.2807174367183787,1.222691482570892,-0.9696576133676534,0.00033162525635355324,mid,paid,new,2.027658672814661,0.723628934039175,3.494874077837568,4.954977019566653
832,0.9545148466028355,0.9143041262295727,0.7948482049153512,0.3028665145015353,0.7240033085368497,1.3730881326061544,0.4250225939953734,-1.8372023468141836,-0.5285332061500967,0.6963700717220878,-0.6270959337094042,1.6201061394586438,high,paid,mature,1.0965584497990182,-0.07379960482232283,-0.18211072812614204,-0.4474172435282857
833,-0.0631798281664315,0.08524877135943626,1.1247441989017355,-0.18284989730929277,0.17627703572818604,0.8991234839991122,-1.4722706158336862,-0.2852981623875496,0.8291532953791201,0.06560014834259406,1.4673338120774801,-1.5759233581869183,mid,organic,growing,-1.0825126905286202,0.9886931931236382,-2.536568291137029,-2.6418933780547516
834,-1.6900017679461332,0.7696865166227178,0.8658072149327748,-0.19325000683183333,0.4003944000457243,0.7452069776314066,-0.8138632058517464,-0.7068483750492992,0.1897261791986366,0.9040889598937201,-1.1659569263579848,-0.19794763193501935,low,partner,mature,-1.1303259483961277,-0.5099616543494176,-2.6696119466813846,-3.61715857117464
835,-0.24423663170443868,0.4179591050427642,-0.008698370008834274,-0.5458835838028594,1.2485657807574058,-0.53925748162082,-0.29209636302145364,-1.5914976359196236,-0.7136258768458952,0.51607607633905,0.3206019563548599,0.5995169900657619,mid,organic,mature,-0.03918731279590071,0.23870328701187749,-1.6913710772063322,-2.932016943499204
836,0.5509822859456703,2.087714036295154,-0.74785882744691,-1.6194237434347885,-1.0505529960715239,-0.7036518358315914,-0.9743269366169109,0.09366084764485418,1.2526549055570213,1.5396590729699147,0.5043085018466044,2.1412722154540154,mid,paid,loyal,3.008865715671801,2.165910228066473,3.3454146808319174,5.725411852224014
837,-0.3563730565664191,-1.6325190420024265,1.0531780678881695,-1.8385943917490626,-0.7550030226998042,0.5201122324227964,-0.10238148004878078,-0.1909527628715059,-1.180790032820006,-0.010802389433337011,1.0036624887377918,0.01996791653601892,mid,organic,new,0.5582271535646781,1.79720043246663,-0.41956216582449435,-0.9155966285195891
838,-0.8302258796410609,-1.2475384605973305,-0.8095945829555786,0.3923337524143584,0.3436022623597101,-0.8005071005956687,-2.210759421982058,0.4200127636721649,-0.897707398975251,0.6890624790152835,-0.7561096421277498,-0.9879004536698087,low,organic,new,1.259918079284644,1.17500645773977,-0.15027428456457503,0.580989759032646
839,0.15317190725958432,2.357699230026369,0.7490299911165732,0.1362192992058518,0.3588515363809683,-1.7511158614855973,-1.1223403707525563,-2.510928865047139,1.7298738945766226,1.5273860291557484,0.3928185262149098,0.13511510308420474,high,partner,loyal,3.700507476216915,1.5162640651039123,4.0803041713525205,7.885418671836192
840,-1.5515900024975802,-0.21929996025069107,1.7923918784038924,0.1314159981957143,-0.5646464662118963,-1.7580706600036133,1.380305727730805,-0.07008380102765632,-1.7567338533628292,-0.924265682071542,-1.2775380173581303,-0.13174352571197195,low,organic,growing,-2.5530525610807184,0.7153604219086771,-1.7291033138900014,-1.6845749062977908
841,0.2073389696128186,-0.5032170642785246,0.7770465964868817,0.07880224047244168,1.06231238527213,-0.3571940780807189,3.0453255920111455,-0.5644887234739576,-0.9033299917558719,-1.0263005500957576,-0.21094072655430532,-1.7195360908657837,mid,organic,growing,-0.4934808925474006,0.9134739367362066,0.5573775043679983,1.5419027509349388
842,0.29456284382781067,-1.905303769564807,0.16167092405723113,-1.3512517440963532,-0.38129340738009276,0.6045403991323594,2.3040376838763534,-1.078000520781157,-0.1503174494263918,-0.7237586747755422,-0.8698703225607956,-0.7149733299695444,mid,paid,new,2.3317500960589337,0.46895463950861205,3.2070345607287076,4.916258712311444
843,0.8240664756369391,-0.48805586423037967,2.249312698270855,0.415979255894734,-1.0100106611740751,-0.3667051821450773,-0.8018469900399894,0.8000686529467138,-1.6387796565652528,-1.3409513804358102,-0.5915461187491414,0.6829467931383254,high,organic,growing,0.16165633794668577,1.560022600902863,-0.7564471280959035,-0.4255960984169387
844,1.2330602748227724,1.3805421907728432,0.5298015199475303,-0.08288953635802004,0.7946258123139927,-1.1445006174317105,-1.8446572220162265,0.436637577686489,-1.00567841714885,-0.06530673216548083,0.1196270158728145,0.24811955917829656,high,partner,loyal,2.663828015136942,1.151071466013505,2.9399189795866474,4.998252352120383
845,0.937791538525052,0.8320751882917314,0.19500006716769022,-0.4420152804694056,0.10776208867632091,-0.5962104166749215,-0.19642892200617093,2.6181734235804135,0.18218970088354047,0.45024501703754843,-0.7054806490303621,1.020073416429868,mid,partner,mature,0.950272603418937,1.1720838905014868,1.4471441808113614,3.9437008210550824
846,0.7602724226634243,0.7673525546550849,0.21489124675346327,1.0341900957667707,1.2716851966347333,0.2830989193492951,-0.1146123590003228,0.8945709901147607,-0.9041253065597437,-0.7179602806153267,-0.05330034288490133,-1.7413570684381454,high,organic,mature,1.0860303615786429,1.9490193126898618,0.6111471164895502,3.050073730738258
847,0.8275952735634243,-0.9629138874658232,-0.47149102150175687,-0.2132795956797711,0.039286821570550176,-0.3436532764230419,-0.06737104723034884,-0.05962763239041407,-0.44703095762712625,-0.7731944576387653,1.0814739243556017,-2.104405702266703,high,paid,new,1.4240785274375143,0.43710267558175897,1.5888306313422293,3.480747227588366
848,-0.20571515900948276,-0.46889947188421555,0.4187914867264866,-1.4542927965190087,-0.49978534124360413,-0.10235973398975594,1.0700736103704593,0.33218496679542386,-1.1834882108688618,-0.4874767187206597,0.886051352660691,-1.2007748659230675,mid,partner,growing,-0.28574962536030213,1.8484412562752242,-1.5373678553219854,1.1139949506253015
849,-0.07864426837237082,-0.009120452526275582,-0.3857830599207645,2.695751782798915,-0.41273145944754897,0.4497651593677976,-0.7663011202192842,0.5277479919994043,0.8707875968519352,-0.587964036746098,-0.054701815218532915,-0.8952797698908733,mid,partner,growing,-0.02706883016538987,0.9759918452570258,-0.6546690062595912,0.7875118987573644
850,-1.1444038120498916,1.0367954325002064,-0.5540009458836479,-2.41361232850807,1.7653561564936229,-0.8020953230626062,-0.24637304374803073,1.6409065054943148,-0.14174209418763992,-0.1633366022018634,-1.2281730445505332,-1.6348336996275665,low,organic,loyal,0.13744772686179968,-0.5922271896104424,0.5092350324498826,-0.6435886716056537
851,-0.1663862645961283,0.3628097740748948,0.30552540821077256,-0.4812610804692158,0.020257799346942336,-1.8372099953279672,0.4601670206954785,0.16140584477004594,1.9736608941828575,0.007479646429047295,-0.942669352146079,-0.050723134088819094,mid,paid,mature,-0.7423360352465136,1.8016480560651593,0.765206619100681,2.452281297275785
852,-0.327799800015837,0.43470786877039785,0.026892061725186146,-1.2599467010526437,-1.6357432881940195,0.262908202633016,1.383114541069239,0.07934788405171923,0.8132973539202071,1.0128091542036002,0.26679184579466836,-0.8144914878614082,mid,paid,mature,-0.2297317096985225,1.837052436125148,0.9217079036233169,4.966761563802095
853,0.19530808504556424,1.2070728876004806,0.5298905495999142,0.7482453428286557,-0.4625462416918259,-0.2023537597454822,-0.11872731090036714,-0.05133800253679587,1.1679583160123588,-2.3471737283381673,0.03053830458183765,-0.07949637569485415,mid,organic,loyal,0.6549267152704271,1.4854996825404967,1.315785193004746,3.5101889467751644
854,-1.371501141444149,0.671767216587465,-0.7245001919449245,-0.3570326493531597,1.8487819077540433,1.0099736495390559,0.5744869391451162,0.38077693464440415,-0.16468002244534266,1.9993772653701014,0.8021676314402391,-0.7495499139652525,low,paid,mature,-0.20041773633047544,-0.1242463818735999,-0.12071769755569928,-0.10022279892361163
855,-1.400102278217654,0.5668380019892694,-0.05586912987844468,-1.4289381669461676,0.4285861657115819,-0.2690271603115207,0.5306649255274699,0.4417402145809067,-0.6082640215438392,0.6328447644242048,-0.4979050826348992,-0.4328818731809713,low,organic,mature,-0.6596852295181804,0.23582374185192662,-0.7349157424934991,-1.5795260637635775
856,-0.532271406621378,1.1309744278062708,-0.2805723880543605,1.3724431805642519,1.78348487018686,-0.7387191368544488,-2.9209953146969334,1.0445095432712728,-0.3419718973601411,-0.8661864131319914,-0.5887181061529682,-0.4148138213660293,mid,organic,loyal,1.2229337509581635,2.8101695724281863,-0.22466620292948836,2.4266423530045294
857,1.29719309069374,0.1599112393175145,1.2835986301081355,0.4942201192784956,-0.3092307239504844,-0.3903572032092572,0.5616087507496011,0.8204256293327086,0.9967926857008693,-0.261538511375743,0.1752058564044724,0.5840404092553264,high,organic,growing,0.46771804669880185,0.8550095679852701,-0.3677884871907035,1.0932581207901422
858,-0.38396502593686194,-1.1349400338027669,-0.8062710667021233,-0.24103544254798545,0.662207139220301,1.2589774955721018,-1.3560472087346207,-0.5973450139299826,-0.3578624970632518,0.7947170323066438,-0.5281105353885002,-0.4297323349474719,mid,partner,growing,0.024293473939882904,0.5662815091346401,-0.7785613806538083,-0.4310025752188436
859,-1.411992577150224,0.483407315973259,-0.16139907459655461,-0.6540450349795964,-0.25951322448209657,1.126995501931263,-1.004886908319843,-0.8416596311035961,1.252252447465621,0.07577482801885757,0.6697540967119173,0.4017519100056866,low,organic,mature,-1.053464039252183,0.21453890390024624,-0.4787047237115337,-0.9271554717753953
860,-0.03533455229394842,-0.34829911914855655,0.8315580224838186,1.162336567811155,1.0841883470160967,-1.1854716336476838,1.304911017844329,-0.35793525419764505,-0.7550295375448344,-0.1693276967684734,0.831128435248732,0.5404641840280625,mid,organic,growing,-0.9605807303865143,1.5029430602147285,-0.01563295890068772,1.1952340506964154
861,-0.25538641185426775,0.8376658668779747,0.13986058075943492,-0.5729714655393743,-0.7080352829584932,0.4102348444216199,-0.08251773581560166,-1.3755051534136362,0.8471614930695031,-0.4802750286244204,1.5921196479887945,-1.402989985154711,mid,organic,loyal,0.07226868562948069,1.151579748475378,0.8088421051559429,3.3948998031942015
862,-0.18070859639001138,-0.6999776844392276,-0.9754225203773388,-0.48679071675837665,1.7705676090369815,0.14337017007950356,-0.7917080387974289,-1.828628410337405,-1.7213625463476863,-0.5364631441187353,-0.6336879841386601,-0.22405070623448545,mid,organic,growing,0.49474024584768334,0.7668206655975833,1.677406683917482,3.6152301673545466
863,-2.2721838004358514,-0.0916815950465335,1.0277297751471077,1.6228412473641953,-1.8944461479171393,-0.8013927592391555,-0.8542338609745351,0.14572142752565,-1.2197724678764534,1.6822632487266809,0.04352247168573978,-0.12314628929921174,low,partner,growing,-0.7956030020834408,-1.5699712570427131,-0.7233454505569611,-1.9762801159045271
864,1.5927137337827775,-0.016047624083348175,0.40030340649868873,-0.7507982732920492,-1.3705020650543835,-0.6103616315042307,2.186975838944824,0.6330209482869559,0.27453483711105,-0.9763733901851996,0.9112508009838458,-1.3576932743137915,high,organic,growing,0.43586163234765163,0.7960407743300079,-0.5470685502462345,0.5257337979585662
865,-1.5670564496823811,-0.5588871228816459,1.9544909119614478,1.8978942323926116,-0.45123692825054373,-0.6741990181979842,-1.6403620405597799,0.07803072552008439,0.16201275198811943,0.7895562541969123,0.910707513325164,-0.19742191766463293,low,organic,growing,-1.0809657167615256,-0.328354438692336,-1.1308986131107828,-2.9815525949715775
866,0.5560278747595844,-0.7006388678465361,0.5370425333606856,-0.5072320781845587,0.4594585159669378,0.37850132528536523,0.06880362569506428,0.7945397181593544,-1.5703990713606855,-1.06491621822094,-0.2700596735530343,-1.443263387673323,high,partner,growing,0.7864484672766767,1.7576070825989127,0.06161137684419715,2.110050959245635
867,-0.40686451455470535,-0.37463029507755025,1.3096837866666937,0.14253370229146237,1.029429576063878,0.30167471880971813,-0.5356672712320654,0.13371680774651215,0.7294263339321729,1.193401326442581,-0.13231006293443334,-1.647510643852944,mid,organic,growing,-0.9004080878057295,1.19716492815598,-0.24254809604963268,1.9498598805215812
868,-1.7178022574219018,-0.3264126101168869,-2.337901501147973,1.7951044657368305,0.5969332313997334,-0.6356670094972448,-1.1096475940087958,1.02811909597611,-1.1136371556510056,-1.0182267636010525,-0.7659459400266918,0.11408741457432525,low,organic,growing,0.5961035598009474,1.109662514751011,0.2370161567035543,1.1568619772453868
869,0.6207974391473984,1.192672233415663,1.0449712989467017,0.0007737092347416462,1.0205219737563338,-0.6709996139763603,-1.8208660144619664,-0.6711310717105081,-0.8062605142762874,-0.6319870717991768,-0.9593747292418892,-0.4611095775797121,high,paid,loyal,1.3450637961916347,0.7248501314924943,1.2465321789571815,3.322770026497654
870,0.620017214093578,1.7152571026625716,-1.7253464742590232,-1.2877346269007441,-0.7914462587281675,0.7657418774365927,-0.2049474429730497,-0.7241092231036228,0.7167330077054214,0.9563902663419689,-0.018759959423630203,-0.8162192266205438,high,paid,loyal,2.7995239781354604,1.1292538247171322,3.493146207806544,6.215570613386867
871,0.27027956723539276,-0.23326820845256688,-0.24101324378546057,-0.5124002186018363,0.9249832473220889,0.24988022632679388,1.0357008818896303,1.3363261454781257,0.4589807688666407,-0.506477114885152,1.0403262322197848,0.4656647022783544,high,organic,growing,0.802784148571604,1.3255515991366442,0.06168985898003809,2.2334212583673994
872,2.603367776807639,0.3101028884946864,0.6976880390140838,0.2904238912960317,-0.0990985918681181,-0.2587915495875664,0.29424384465856673,0.5211757518138552,1.154387899644425,0.3088505583037643,-0.46288917542522895,-0.3268539965989834,high,paid,mature,0.263753270020667,-0.5012542274941345,1.2277298558429168,1.1457310716587383
873,-1.3229369429031808,1.6612138435723098,-0.5411736135208487,0.9674404601379066,0.2765508574425336,0.3037318308394069,-0.11744787527233685,-0.7877988886266734,-0.9685354004919751,1.7284653888049368,0.11396107883724602,1.1252677461876508,low,paid,loyal,0.6335229411973479,0.3059442674667229,-0.7140734107622658,0.2642343946932707
874,1.384906937645251,-0.4108469300992142,0.4235057659278442,0.045010775491347736,-1.1572138030168888,-0.18547997590425605,0.5875065902392275,-0.4990292550108579,-0.32484319537186124,-0.1733668553856451,2.1115293313101033,-1.8340489371044395,high,paid,growing,0.7864495315124472,-0.33904976671928444,1.0930004994512725,-0.38283073085326946
875,0.501643299027259,-0.25333907725216487,-0.6406549085024337,-0.27787570715626536,0.667376243833423,0.7245235940205608,0.18601712243475307,1.092741316456627,1.2688329951005763,0.8163759419506144,-0.5461924511472189,0.4944415492128766,high,organic,growing,1.1089881874539969,1.6745522900782248,1.0180891901313893,3.0312139574224095
876,0.4992006591385695,-0.8156314336465517,-1.569438894054258,-2.0227756213745556,0.06985549011215164,0.29803971486691816,-1.1817815776524143,1.0460323325513625,0.15221814929641217,1.3494526149153527,0.370535869983591,-1.0663335718791513,high,paid,growing,1.4309668006567362,1.0383276176075913,2.2583085970807155,4.6871436548900425
877,0.45828121329014887,0.6701106948721014,-0.5476235858870058,-1.442092997309875,0.10029606430660626,-1.0008446353161848,1.1208876630611317,-0.40717668042659255,1.7246011064932987,-2.1241586675188358,0.134795604145148,1.4293926401013202,mid,paid,mature,0.17614688666381284,1.093646473462445,-1.198227075200172,-0.1677491980518251
878,-0.8903043158872967,-0.15920093562703552,-0.40303571436404395,-0.6837676421522828,0.2446226411142813,-1.2954216009991038,-0.11096878133022564,0.5159942376845734,-0.2150937113866431,-1.0002041999857756,1.0301853986015017,0.73025696161685,low,paid,growing,-0.5702715183325247,0.6002340433114363,-2.101062641123736,-1.0355237341453842
879,-1.0411871713037413,-1.2941075650225413,-0.9519244159938243,0.5452731654872153,0.27557289896254566,0.7900827124457142,-0.3261502180506149,-0.9247342375001071,0.918846488414499,-0.553448513451164,0.18654805585397857,-1.5499248391153742,low,partner,new,0.47224525091325326,0.34700630408909555,1.22228963677439,1.7788840066996572
880,-0.5698104243227993,1.0093963209415133,-0.7162745666698576,0.8145038214514995,-2.3310196961881937,-0.559391659643186,-0.17135464587813257,1.7425403033424056,-1.1690628800144518,0.6709932954470896,1.0569317812487937,-0.7214896472442744,mid,partner,mature,0.43852781719228545,0.893611590754279,0.04760567564309803,0.4080436960852484
881,-0.3735239487726898,0.1416287738119035,-1.4814849671925294,-0.45510321186135666,1.276112040946416,0.5226548108644206,-0.1567512894832428,0.11307236183648332,0.5809053655297716,0.7724101479101136,-0.5564141473791021,1.5347209432796696,mid,paid,growing,0.15200794086848424,0.5716225501727391,0.06120583710027877,-0.987884860759258
882,1.316348201204661,0.6772576303532128,-0.8429598658458911,-1.0202239067705932,-0.3266037965965932,0.06076509764441081,-1.7684918655590522,0.4946931335452561,1.2874622638484718,0.5764741398308774,-0.6760528028042351,-0.7944033974004906,high,organic,mature,1.6899277410961844,1.0908051803245231,1.0301785801870462,2.1570708341947853
883,0.2998523441740787,-0.15330371533817977,0.44304117425590805,0.6017213726056347,1.091890528894662,-1.132123428929522,0.221618947849312,-0.3634750039613235,-0.09863504393536142,0.864408852668744,0.9731258730512434,1.3984436503836541,mid,organic,growing,-0.05167420115526747,1.0445058329016492,0.8611361786719693,2.680857811995171
884,0.4255902503682677,-0.11001679075579433,-0.25287846945038367,-1.7347550023946687,1.3397350448986038,-0.32189841378567,0.5058970600029105,0.6789965257424327,-1.2453155090501393,-0.9233463924596346,1.547019907055494,0.29043551568354414,mid,paid,growing,0.18499493458285274,0.35716743593966443,0.48421114499289186,1.7476504381795341
885,-0.580585664298516,-0.12634701112754376,1.0862369048328389,0.9343144797343041,-1.4660817622396431,1.6342838436718925,0.9661480309986796,-0.1524752493415862,-1.1917224430867204,1.0540086400609254,0.4764275002946196,-1.4577983780777652,mid,organic,mature,-0.2880517597722295,0.4840077943617171,-0.047387671715185986,-0.9767817605240455
886,-0.23207807535837705,3.1261729427924885,0.016501757414421527,-0.7419705943356569,-1.0084966253066405,1.7720989834294196,0.847759489577688,1.4074391139172275,0.24818528409215787,1.2540192353327866,-0.8483203895479107,0.16259098091505825,mid,paid,loyal,5.095978029578271,1.9574826488182089,3.9263575614034094,8.237072604969274
887,0.2870535149727362,1.3824469318752208,0.31884304014045534,-0.6255117417362148,0.06407383892037402,-1.6764132024602407,-2.3209687332702673,0.8313413701082871,-0.37474388630634403,-0.2614172989802677,0.8309466793666148,1.397010385044599,high,paid,loyal,2.744963471781636,1.4848723517940852,3.246469024986038,4.73086126314622
888,0.534487954827583,1.9280728302178118,0.5026891340572774,0.30221346357999473,0.24038882250459914,-1.2854955621336164,0.9559986056401223,-2.445466020015286,-0.5862528572757782,0.022930350567612473,-0.7897623234133629,-0.4517559230728214,high,paid,loyal,1.6984699039730997,0.48809465790814754,0.7062569852156204,1.2850805973937913
889,1.8393755662272286,1.1040238857816786,-0.6858276808067391,-0.46956651097237645,-1.2770039485518438,0.704993786006137,-0.24974245041047577,-1.9664664708945478,0.10078359181005818,0.43897888360182563,0.9631409731750529,-0.07335479457677492,high,organic,loyal,1.9689491843195317,-0.21993344274609042,1.3103961566382571,0.9147651792261042
890,-0.3726711627863816,1.986264680489528,0.0065861560995518365,0.7195618315979349,-0.5395396433762586,0.6899096516358328,-1.455628992404098,-0.4620675457186336,-1.208274239426054,-0.6049733218694675,1.250470040231071,-0.6123258893036978,mid,partner,loyal,1.2766752941859227,1.2125745948504325,-0.08867237059922783,1.5145503969038234
891,0.7182561254740842,1.5172651820570402,-0.027577313603318894,0.99376710505628,0.5310859581386753,0.1164369305835328,0.7503155893169294,1.8399380899918536,-0.6372689125085526,-0.9592009001760748,-1.0179145456553433,0.9944279697365547,mid,paid,loyal,1.5248604772583412,1.762454996179426,1.3683190026739298,3.63534441719738
892,1.129367623128353,-0.5370369333339351,-2.136013549439347,-0.6747567399230857,0.5478541778069962,-0.06672313898283302,0.18034774675536697,-0.5233444182755979,1.0140891247097645,0.3431918017546363,0.586463472363802,0.15906568302668153,high,organic,growing,2.1739108430330827,0.2298088357968049,3.238384103100393,5.117676725197155
893,0.5243681636108437,0.45857168818096145,-0.9280746281357819,0.3730630953751281,0.7915081719465198,1.1551414661948438,0.4161071482837128,-0.9652505187315361,-0.8113173295740029,-0.4351480812529309,0.18946390813652483,-0.12223610130759316,mid,paid,mature,0.9155755570139293,0.46511068556703833,1.1422705461771094,3.793867010121665
894,-1.1237320656309138,-1.1297200343150513,-2.0985217749066836,-3.1194749238680104,-0.13178182295492516,2.3202303751428555,1.7967795237914266,-0.9782314121229713,0.1499032973906105,-1.4645795100501657,-1.312109530858121,-1.1974725976303797,low,organic,new,2.5286693157268614,0.17154891057067312,2.086848409230358,3.2823043155768854
895,-0.22549868444183307,-0.18245961021197618,0.25270197080685886,0.6632163897042829,-0.33688092339515835,0.036201970662628064,-1.0938125066902094,-1.3444970242571812,-1.4989723460483098,0.6492478011282274,-0.33790784808824337,-1.871120262824403,mid,paid,mature,-0.49178335871481915,0.6622221314785215,-0.38263704061363046,-0.411885659953445
896,-0.06308895268360971,-1.2488213317860835,1.6603788189729718,-0.5788217215868263,0.6815059858191213,1.0889630273849873,-0.9549284525570413,0.07604711755470782,0.5534679013881464,0.11554617241010676,0.3611007593098181,-1.3296293935591537,mid,organic,new,-0.4337835084174541,0.942621035836902,-0.330169536283237,0.9744696662242494
897,0.5540362197145243,-0.48616419417270906,0.3494512232841407,0.9199888455514643,0.6688085075182737,0.3487197254894737,0.6421282961845167,0.6884110538887852,1.495501161383926,-0.03405069946277105,0.16395699344238868,0.9320668089761116,mid,paid,growing,0.2713930332874327,1.7945983572108486,0.337461717213925,4.178437836326327
898,-0.490387609763513,-1.3352674726779856,0.49323017458277063,-0.2060236846159446,-1.2075274117343677,0.5005419293798373,1.4311330150292483,-1.629742546289086,1.0223249952164812,-2.5370675157456817,-0.4002866301815139,1.8405159122425798,mid,organic,new,0.5792785825388256,0.6997731878765093,0.7566130127986488,2.3397103683437113
899,-0.3283240485128667,0.08993839582099193,0.7628662007735552,-1.7164735140606524,0.07209480083975534,0.06421307196130824,1.8623209732487398,-1.2357408309978233,-0.38153931645012157,-0.9283557908236156,-1.0344118036913794,1.1274027270645783,mid,organic,mature,-0.5493768349397535,0.4207483037562847,-1.5893711888847801,-0.6997406327339398
900,0.02665150200081768,-0.5555671964265207,-0.5178459011425355,-0.563227076945396,-0.4738031774076939,-1.2644453442892645,-0.25872954256520014,-0.3592066916521446,-0.7577967064033425,0.15504625630497473,0.2398894801181584,-0.5566472142917076,mid,organic,growing,0.5395365342037031,1.0565862370549348,0.6460748942339138,0.3029071496608038
901,-0.14413415076625494,2.158623726900857,2.1204332586021373,-1.0540901901297357,-0.9144475665885586,-1.0594032769919965,1.0570539399722392,-0.39852929957569416,0.23967424359629974,1.9969673332808837,-0.010464794310462442,0.7062487217573207,high,organic,loyal,1.1627861774334924,1.5605372508004274,-0.5924621918668966,1.1772150003308373
902,0.5204207493003932,-0.5882173516959495,1.059161731741859,-0.8497008091001859,1.3398797864441758,-0.5874509652091197,-0.4779677205360946,-1.0884878236267916,-0.924259410816647,-0.42676432232853545,-2.4313485579106118,-0.2333323411755965,mid,partner,new,0.20648626917282817,0.09105494910252138,0.7821098775768067,0.8397800400267164
903,-0.5079742372415168,0.790011098611832,0.4229807383568256,-0.7076374310992968,-0.4585507594259069,-0.23461803852089771,1.485956554475849,-0.8223046804564419,-0.719760664950654,-1.1285841516171509,-1.4820394794361849,0.3070036236254948,low,paid,mature,-0.6068620676318845,0.49347156762126904,-1.709611259542265,-2.409147931856092
904,0.20290333107320993,1.282761852835352,1.0414090077269296,2.397116714531808,-0.07387276754109584,-0.26052956379620706,-1.3002263451333593,0.6965781674763256,0.11853424144633881,0.6512663050106834,-1.1391242192384,0.35160418902669965,mid,organic,loyal,0.6508150508592904,1.6146262833454836,1.8284128810182065,3.9692457014102245
905,0.2051996179539418,0.13903503989368673,-0.683265908190524,1.1893246485533984,2.0503075789780114,-1.1103440262976154,0.720443979592958,-2.877850151340389,0.6686099494824584,-1.8701546165417549,-0.524967347899258,-1.3130246617542505,mid,organic,mature,0.16016883743415883,1.5918823959626267,-2.285067426227645,-1.2700712768361628
906,-0.21561149494939602,0.8387936983678286,-1.8573132637270229,-0.35947968951563886,-0.5133687688160568,1.5810486838718745,0.43176100785028515,-1.1772171132734226,-0.47129437903039967,1.5561042383855315,0.7143653167740243,-0.9182334624054216,mid,paid,mature,1.0894766285665407,0.3694776426566722,2.763901571093255,3.338157783085932
907,-0.267070538383089,-0.23510914840814795,-0.5379819271558055,-1.7102121563216897,-0.6776217153899684,1.3891993058653744,-0.3811444870611752,-0.10325363046091905,0.14052564685357408,2.218141394712126,0.008874771416961356,1.0939453535835113,mid,organic,growing,-0.15318981278624144,1.429246657167663,-1.7924104895641562,-0.7124232190570114
908,-0.5981801720511966,-0.2593992605024914,0.012552723110285054,-0.7741329418493845,-0.20371778060295764,0.8880509358132697,-0.8003645610918834,8.903096363832074e-05,0.7087335516559325,-0.8244660488127444,1.095413792614956,0.0728834797113227,low,organic,growing,-0.7068221925496609,1.0229581203857214,-1.9067568216867925,-1.6293128456059955
909,-0.16512256333928968,-2.0081478058002147,-0.3736124420134736,0.371592416145303,1.7453450188024677,0.5678891541116129,1.1262162317783488,-1.2091045736219388,-0.12682249565295442,1.2207464423288639,-0.8877335503999231,0.9652226289731026,mid,organic,new,2.308782214373469,0.7804234272094293,2.60783925231447,4.873053329734358
910,0.733317864600333,0.27472364844982017,-0.3287026251359748,-0.9862951545724351,1.7753792941033137,0.6318625177240305,0.3406161246754489,-0.4128497482022511,0.03787162958997776,0.16471726997003286,0.39987568473357277,0.7343402884719342,high,paid,mature,0.9572124258386463,-0.5291891237019618,1.5759274102632266,1.747091350460806
911,-0.7824715258550916,-1.4665969654870044,0.08428085127349749,-1.7472173373247617,-0.3236609949936378,-0.5091898301117628,0.4917481922016692,1.982597035486309,-1.944590623903561,2.274185030318401,-0.23307515911902602,0.34780868217258,mid,partner,new,0.37334222663075456,2.4866754316365824,0.08995680011470375,2.9795426306349944
912,-1.4148321576237166,0.9968715702263206,0.04147253635172418,-0.061467411188287,-1.9373851149029537,0.07379681384742741,0.8458283238165741,-0.2362786354831887,1.1741993456441506,1.1328951718913625,-0.6410953827408479,1.5951138587973928,low,organic,mature,-0.28710818187269005,0.4144207657303315,0.6054978703851817,2.1809559659177307
913,0.04529496432508237,0.049745250787830674,0.0989812226027311,0.06931575094112594,-2.6301333566585083,-0.18550639818972076,-1.3639464716624543,1.6263357022156766,1.5860829917212003,0.8519383324555878,-0.23846743733888845,-1.0080149366036986,mid,partner,growing,0.09412764596986012,2.1011726064236,-0.7024266067861996,1.742973877440753
914,-0.6575810012756048,1.942641906426033,-0.6921973865199604,-2.3555953543860637,1.0301655084853936,1.5005031136178935,1.6592156871665222,1.0383480042493285,1.2015196772347811,0.05293407405354185,-2.076295623491663,0.027881041500013633,mid,partner,loyal,2.705317678302631,0.8767324651191433,2.30562573152059,3.8679615234867812
915,0.621572772419417,-0.13527005656625035,-0.18083611873961508,-0.9641180390183223,-1.001738743272026,1.8381485147660699,1.8743463698801421,-0.0026471312461035243,0.28152360509292695,-0.9808580570370188,0.6425748499394539,1.7596491716141998,high,partner,growing,2.2845076354923197,1.265796701119838,1.9824296930099485,1.7560303520163711
916,-1.5292307799446934,0.4638832997023938,0.5390222426450403,0.5276065148892575,1.6428176678484692,2.0360182121711525,-0.23348367787266236,0.6731736721563578,0.08423370572605937,-0.6321152929396958,0.27081415688101457,0.671499528500248,low,paid,mature,-1.3244259810941734,0.5356081818924087,-1.8628218392724238,-1.3723322153667326
917,0.21692868541698562,-0.8811812094861174,-0.4635606398556775,-0.4559074201746574,-0.8424439549307043,0.31353958160566875,0.4181120962930776,0.9795176008871962,-0.8576223481606312,-0.5774786862287933,1.5545694519312379,-0.1644958640729202,mid,partner,growing,0.821465374964478,1.7849907243155188,-1.1127131994267454,-0.5734597371962927
918,0.03013102925163394,-0.17510372139564934,1.1330308187216436,1.1718086807150292,1.113208100588848,0.026567611357547892,-0.8724359774890017,1.9252130777592544,0.8563089769555172,-0.45665898139238964,1.423818846944411,-0.5356089152590949,mid,paid,growing,-0.6797034516051272,2.094879290809826,-0.7043705181136214,1.0929597925618253
919,1.4107034031886563,1.4782845893844914,-0.9214827716810559,0.5817583030209609,0.7821907039613288,2.614909199586332,-0.7423011176338571,1.432543276993829,0.017346018033554168,-1.2413641835805693,-0.11998716983428719,0.0024647610997071065,high,partner,loyal,1.8706798820695938,1.249567803663992,1.755672728366862,3.902989335800692
920,-1.058890193115289,0.31217361885152944,0.9578092554985818,0.23820065406201246,-0.5418440893798766,-0.148472068406966,-0.0045433567934511625,0.21732162748104863,1.1098307622400312,0.27193975338608933,-1.4026966286297105,-0.5623210719886914,low,organic,mature,-1.0794680694899654,0.868068845163073,-0.001285305779627377,2.1994269714407695
921,0.16602105089663668,1.1241244849541139,1.2978464415365516,1.7746853415874553,0.13061439757930482,0.7633091755024936,-1.4544615344029694,0.42988157316148295,-1.0752641014608617,-0.06253919575474984,3.0298383888721423,0.3035542361904297,mid,paid,mature,-0.4640769608717009,1.372741508456501,-1.750021376575595,0.9400365203584493
922,-0.8638132191803288,0.4077890059579054,-0.5170751865893547,-0.9607441131575513,2.1031395333905007,1.0668120262667529,0.34553662499574495,-0.39182329024754126,-0.3107894829721992,1.5424818668441505,0.30657753766456786,-3.0828051429488132,low,paid,mature,-0.34498112586600205,-0.7093286824485716,-0.9843884499356932,-2.9102519542363883
923,2.420938515658837,0.18306235697228504,0.34336900573481693,1.0866948134347965,0.46540282731158683,0.7469086177168098,-0.4237234673649248,-1.2297953239663866,0.2802327814731966,1.43161465227459,-0.6478025583831176,-0.7280239948197764,high,organic,growing,0.613547829373071,-1.009665727721001,1.8170390548966162,0.0366221672821363
924,1.2210192603799375,-0.4572452051410914,-0.410559913834402,-0.3731442729462419,-0.06498098099047911,-1.5736380959020388,-0.5393401125416265,0.23036801913972194,0.2232379361748293,1.1579930525795872,1.8393922221948047,1.512483446664403,high,organic,growing,1.7303383154880925,0.5018849760712052,2.0236271767724445,3.4583174750622083
925,0.9146523840739345,-0.1487345907672074,-0.62306906995688,0.017878432508401983,0.585578769772898,0.8219377982456677,0.6230857335158502,-0.12117547137605256,0.7868622398422616,1.2608725050835026,0.8801603840675414,-0.03201305516339899,high,organic,growing,1.4801776099581927,0.6972137411375159,2.0295572961145645,3.5780659801243444
926,-0.8338486925060067,-0.8575674293881075,-0.6812176235921815,0.2570751986749299,0.5198037535556334,-1.41453231794403,-0.5039951083635509,0.24328546530539388,-0.8996799100976025,0.43390415305960467,-0.30742829091656576,-0.7234202716692567,mid,organic,growing,0.3670071951726502,1.0776775360023327,0.8204408185121815,0.9423747221440686
927,0.05320543244889753,0.3922803295791006,-0.8485289142699277,-0.24261237981404754,0.46767837730710793,-0.7620901833167675,-1.6577568404239018,-1.5365738456897544,-0.4180508640569697,-1.3184182763051384,-0.3477218951762459,1.664942851172679,mid,organic,mature,1.006668292489056,0.4442917934736545,1.46453993992361,2.331590713444264
928,-1.3785983876886816,-0.2826048514777008,2.1323045542713843,0.4081300829757099,-0.3677232874755995,-0.15688263451923834,0.4293625083932779,1.6957719306274401,-0.5308536074772426,-0.7576102828882827,-1.3788087327802274,0.10309603250980404,low,organic,growing,-1.7318175174562949,0.7548597443878936,0.08923247739138684,1.4684029107434529
929,-1.4056873698179129,-0.4637826248217946,-0.9086834411103524,1.0741235102341058,-0.5083963873668058,0.39693032800561595,-1.604092001688563,0.13150695445284558,-1.2031603058607487,-0.4256484999298592,2.211202574256224,0.9321743772408836,low,organic,growing,-0.5273507581526093,0.3589746961000627,-0.43581010017229205,-1.4377301563028428
930,-0.1284125828313069,3.1989419097831964,-0.9151746903733177,1.1652163820753614,-1.5326744568471145,-0.2439227576479475,-1.3477897501805605,0.2572759150908748,0.05597025357875674,-0.3076647991835818,1.0920570251263066,-0.5670989730027903,low,paid,loyal,5.35749795272932,0.43994327805985634,4.346154675886581,5.0953589645815
931,0.32685174780732407,0.8205549402713387,-1.4832212088961831,-0.7484143416743837,0.05386096731583391,0.6301534194283186,1.4212377659215332,-0.21587979872792037,-0.3164710426498841,-0.8725960302136638,0.3299840921770333,-0.2971175736980916,high,organic,loyal,1.9691943222587203,1.1764041398836367,2.6079918084866116,3.922633555553979
932,-0.27403226282571846,-0.09388850588850835,0.5516280620903391,-0.563730553179261,-0.7721580889089049,0.4317241861341032,-3.025724901882585,-0.6036781736616855,-1.151309499407364,1.2032582230167888,-0.4409327625428967,-0.5607161152672309,mid,organic,growing,-0.9828288987091356,1.1661490006821418,-1.5493805729362435,-1.0603059931383916
933,-0.04862248525327392,-0.5953724284649136,-0.4026481581535347,0.09711041042316314,-0.4220404345062681,-0.429217452272037,-1.0101576737113087,-1.1537837405205311,0.06063689759028058,0.3066005097858225,-1.4281566437839497,0.7599414153808475,mid,organic,growing,0.4929740934386474,0.4898921283250246,0.3830371170203565,1.6818118862269533
934,0.7640476398247473,0.9746891382786231,0.29988908474059767,0.6370821002889959,2.185025844578322,-0.3015216008772933,-1.0456915008895566,-1.5340598832214616,1.7556739302323163,1.7687872586986573,-0.9245997419342306,-0.7273208126785566,high,organic,mature,1.3696585351762072,1.572387624103189,1.739839536931926,3.5076983485394355
935,-0.32399103753117203,1.2242568721459834,-1.2873021984803101,-1.9666195248888751,2.167514476562161,0.31237328692007543,0.45441330591856066,-0.20510600519999317,0.46578492371802366,-1.514205883340986,-0.8409205668602298,0.10515788452260533,mid,organic,loyal,1.1307850814314975,-0.6873594738143192,0.3094307662126421,-0.22978265171337992
936,-2.270890892900242,-0.30251761381422915,-0.36416437033440724,-0.3026902319503614,-0.5510818078209812,-0.9958919258744972,-1.8220318502709199,0.14474704716741205,-0.30012398679624325,-1.3752815465686778,0.06253341283377067,-0.2949501950727061,low,partner,growing,0.323626133167197,-0.4604614953287011,-0.186668614652571,1.543047135862915
937,-0.461023951662115,-2.1568948868074505,0.682767512307893,-1.2330510401091301,0.06327025484124159,-0.8082684434326929,-0.3887265175479852,1.152292491749911,0.5316182008033739,1.1300399462894701,0.3303854946215733,0.3961435843407805,mid,organic,new,1.7886382359215582,1.4222522351791531,2.26448680699197,3.409774801589966
938,-1.7811390002261778,-0.31752499386655414,-0.22490893184860827,1.2236648203519753,-0.5062293279069283,0.26485950905612243,0.22575734308475232,1.1576751602807274,-0.1337440823061335,0.8277869486931466,-1.7048651341375245,-1.6140194329439417,low,organic,new,-0.6068298670880139,0.00909054839942549,-1.1554748382970859,-2.146020138688074
939,-2.2833443446245267,0.7859849751333333,0.6736669377887359,0.8968275738992822,-0.677361835706193,-0.5635476575346662,-0.12104764266231073,1.4436993029476561,1.693828127622051,0.7938084898413628,0.33101972480350106,1.3353826977001257,low,paid,mature,-0.7723363107891901,0.07679888514809974,0.2010490052011672,1.0162514662005306
940,-0.2558424571495584,-0.3909415304822949,-0.12902212061381108,-0.9787143694195778,-0.17500936437161274,-1.1174080437839402,1.0250078188995784,0.5436873910330179,1.4295623975478253,-1.6292828029141895,1.9016969469220728,-1.5724754137934402,mid,partner,growing,-0.5261116254167483,1.8529049537793751,-1.51226922327938,0.8749981546489415
941,-1.1983080750832058,-0.6208215468630901,1.3077206919698647,0.2255734972285734,-0.2438292505215718,-0.7926274346451605,-1.3759351506606998,1.1326273236930104,0.7986392610486397,1.3524503770923502,0.39681812698112423,-2.642102458555535,low,organic,growing,-0.7046627714706106,0.985789631252689,-1.6941871478821788,-0.8018527873481489
942,-1.2445829326814521,0.4648713058467087,-0.36971702523602007,-0.5588419669281268,-1.1032267648895286,0.9475895674145403,0.4561926374143078,0.5011912229081226,-0.6336022487850572,0.17628775889980952,-1.337764926196481,-0.12982798084619354,low,organic,growing,-0.31047138475296054,0.9760916991736771,1.5955844810023616,4.859319093242082
943,-2.527929578593109,-1.568116139134555,-0.32231184425201137,2.375118146274932,-1.8007430734248644,-1.2435805925398629,0.21677479669281008,1.769422906014603,0.20217249698807344,0.7021418523041564,-0.33760375067647724,-0.5106215889393767,low,paid,new,0.6060108370538961,-2.415837851456931,-0.9242156045390564,-3.299862202485715
944,0.08218435206775646,-0.6582893906261043,0.7242693387177451,-1.606271898945584,0.8899870325668338,0.03931301230275213,-0.21472086860086348,-1.6429845601864217,-0.9797886719978697,1.1986514731331785,-0.2085989980333654,0.27839846587282113,high,organic,growing,0.303048222785912,0.03658552073902588,0.27633169378762196,-1.5802869608468728
945,-0.8795320133153465,-0.029054636225450865,-1.3721520481199794,0.09988225428788719,0.37064089727020477,0.3206147271850177,-0.9035848304901618,-0.3420509841005016,0.5371941459816314,-0.21143759527809844,-0.28730538234011005,1.9034676086255564,low,organic,growing,-0.11434302697568607,0.5287310412082993,1.737140820587214,2.8840097954190367
946,-0.9509891188661246,1.0804184680889826,-1.1546806635049305,0.6547810857714145,0.7081525581239733,-0.5103651550570457,-1.2174768528621063,-1.9704332038034176,-0.6151135089253357,0.5262186479523238,-1.0776281570995785,0.09694858092372802,low,partner,loyal,0.7006090683800553,0.6570007919596346,0.672017620480783,0.959640074487143
947,-1.4764297979108454,-0.233888192103964,-1.1470439041987308,-0.0779805018944271,-0.501079469607532,-1.1903661362376,-0.6588734778889406,-0.9341568622419931,-1.3139247002374128,1.0827458252894175,-0.3601748644509248,-2.2022254490736652,low,partner,growing,0.06080124471821724,0.10389390833962947,1.407571913782216,3.3175491451121193
948,-0.6232808075946856,0.9147117138182644,-0.7613586332573764,1.497743878133629,-0.8566620549615891,0.5034080558164551,1.0366385845910118,0.4501939723114331,-1.3744939746410305,-0.9424685769215646,1.1700709903865816,-0.8046114563319774,low,paid,mature,0.3027392645828414,0.71013414273449,0.9552141289878562,2.91653657463373
949,0.9756765139022048,-0.43028472181494387,0.14143731921915112,-1.3861072770209515,-0.6082675747124983,-0.8753063804397219,0.2255996505581735,0.09319757971588251,0.4626498962456343,-0.4905225030926728,-0.9302300712945782,0.18272908554430772,high,organic,growing,0.9624032212179722,1.0492822646716422,0.9552013369831707,0.701353226289154
950,-1.0295889030070344,1.0784225264225882,-0.11452238658911257,-0.326135109704956,0.4621756227502112,-0.07636449943171635,-1.6580517168351965,-1.0614298993894336,1.057708703864615,0.08388434784458265,-1.6815678023634413,0.35211206671516615,low,paid,mature,-0.20199065855056986,0.005302588280075349,-0.3326359200134441,0.9231939558501399
951,-0.5592588198697488,-0.874499952508782,-1.144872725633846,0.9999294713186874,-1.96549837200535,-0.8375320744394902,0.12012676591124238,1.5783630689034966,0.553858196350319,-0.8460246155328025,1.5293534541068148,-1.3551233997049725,mid,partner,new,0.4328773354869698,0.5909339423234535,-1.686440078655774,-0.6620703911303062
952,0.2653361653551545,0.48778464575221486,-0.881115583200441,0.6975930518882538,-0.5138901289409595,0.6951424275179644,-1.8395954925862088,0.33497609022887453,-0.4121066726936051,1.1497037829678218,-0.04398072977095047,1.2492295337201191,mid,partner,mature,0.2137435394153484,1.0399345382565883,-0.10536812047001387,0.578493852544743
953,0.5076127650330521,-0.1275084590481573,0.787669309614295,0.7940584645271217,0.4719100044912137,-2.2923013746251835,-0.9825604907643978,1.3841058465059235,-1.2559458554352658,0.8824611500658068,0.7064526567796688,-0.7257523615820294,high,organic,growing,1.2934818489883828,1.9660036818450155,1.5257003548195769,3.8709722487447396
954,-1.9952316271167245,-0.5689125979479266,2.078015043633011,-0.8632772922093546,-0.7942573445992704,-0.9975824103098268,1.2147844765495195,-0.24291571162510636,-0.6259062289491389,1.413474017195351,0.5794940879355368,-0.9192902417102595,low,organic,new,-1.987032188108852,-0.1482663705377707,-1.7553692784162769,-1.0380693913424102
955,-1.2235839110617803,1.1581699648799733,0.016788163741715875,-1.5490640198561128,-1.783115686893549,-1.1160387151997586,-1.2394845881030299,-2.0460769709014364,-1.099506986648496,-0.9190805616438537,-0.46268128838457045,1.6929100451277126,low,organic,loyal,0.46418934026744096,1.6551935244169809,2.930048097421337,3.492744135289766
956,-0.2668432720982738,-0.1675748377442145,0.5092553637989424,-0.23731807106656005,0.4001529638867084,0.2806148769517333,0.12258856559924342,2.7664660844189584,0.9111258440443519,-1.0817219847067305,0.37022218618916386,-0.7917368066597202,mid,paid,growing,-0.6123143807130056,1.4746855172241822,-0.3313563145635001,1.4893203133313277
957,0.44625076405985364,-1.3751874171082699,-1.1077794480839789,0.34390756249012705,0.9976691135980253,0.5026443487530131,0.8541173345352181,0.373818558763846,0.1724960990323319,-0.5036932742584369,0.813001808716797,1.0248792328266414,mid,organic,new,1.9610670652990525,1.2783043084689776,2.5912123860928973,5.740290045514777
958,-0.06311569132977517,-0.11692604177865809,1.591405811722237,-0.020421779816222816,0.07568587036596909,0.48422590775289504,-0.09780625595415364,-0.8203403227430952,0.3779655755235219,-0.038755010022321526,1.8422497564744964,0.7884485502923761,mid,organic,growing,-0.778699931012672,0.6278747838387961,0.38626323639722904,1.0413039604431593
959,-0.5954822864430015,0.7290602191903756,0.3078658347309799,1.3094263019455128,-0.5244542128290394,0.18867614835952437,-0.09909364909249228,0.05847942305829942,-0.8851989490039494,0.5759116679131766,0.41796427584949686,1.2852236169217952,low,organic,mature,-0.32898034251289954,0.7497897187782672,0.21152096901489204,1.6726767916394167
960,-0.010025851986780639,-0.41183950824813503,0.789294377944037,-0.7942043815996842,1.0849845350839589,1.082841997413703,1.2572789011344085,0.37662298467949346,-0.4864963825977661,0.10918772630536258,0.38006889507920627,-0.560141645187876,mid,organic,growing,0.26617663162640015,0.8872173433464018,0.18012756488971007,1.2245377142608485
961,1.3331162889252157,0.580084167568543,-0.8922229553220049,1.882873676465777,0.09738927517017688,-1.0941030428499863,-0.8302541227472741,1.4877835971653446,1.8249849162168217,1.0094850534809183,1.3193086485871355,1.216615458798611,high,partner,mature,2.0606120326179145,1.692357932020039,1.979424682078511,3.481570749010186
962,0.5569161527640661,0.32904178781092575,0.5398631944766077,0.7360154431432946,-0.7415980065263982,0.73195872931211,1.4586168472970176,-0.20637242832903097,-0.313247785321797,0.47654630923866603,-0.6496575504081362,-1.3168186166275062,high,organic,mature,1.0111114419178646,0.5057027738822067,0.6604569596815837,0.5552668040540129
963,1.147719040105178,-0.45095126002343294,0.0184485787202093,-0.6101250410080655,1.276754814912999,0.8531761582840144,-0.24073954115370055,-1.179897364762752,-0.3469298048582003,0.5701526999497136,0.18863570407976524,0.10909804445198702,high,organic,growing,1.0906832228030021,-0.4063341579062675,1.534894251939582,2.3009576369943003
964,0.2116987594698118,0.7587962314981597,-0.04185920406504428,0.4500134504595026,-0.9869192077450982,2.5538507769753256,-0.28385931931625463,0.20359300788397736,0.5664655247862109,-0.4107905124005407,0.007824794249462879,-0.00432472534322486,mid,paid,mature,-0.015154404945714017,0.7285346010714391,-0.18547512592559293,-0.14828978816998284
965,-0.914038092573377,0.43858942553963837,-1.649221838258731,1.7527084424166142,0.792970884978393,0.6391223576533764,-1.7366421124332418,-0.7925286732930206,1.389345120805054,4.151241397039601,1.1946924650570308,1.036943410250951,low,paid,mature,-0.43922107777862746,1.072650191853846,0.1857153127529772,-0.21050083996304303
966,0.5249742281141881,-0.8474971957101705,0.9951740832003304,-1.101207337096929,-1.2105851651398536,-1.2735293254384898,0.975722646501593,-0.05741405492750189,0.10085809990438051,-0.015403937050684434,-1.1257165411982248,-0.670730906017404,mid,paid,new,-0.38479458781551107,1.1833666861706091,-1.3938818981452104,-0.5062810896966651
967,-0.6204262062534526,-1.4052714472253607,-0.5042100953003512,-1.0813064563962387,0.5776756288669925,0.6609710639668241,-1.2936391226398898,-0.29663176424800064,1.8560598813167035,-0.980762897678293,0.42663781779506577,0.10552193400288436,mid,paid,new,0.20715966189318846,0.9708440186595992,0.3540081203018324,0.9179731540834684
968,1.0928875578409072,0.2954668413574063,-0.43129547792375017,0.06676412147288507,0.08136994395373587,-0.09169518228282378,-1.3191114553240175,1.2430886075978922,1.0664335878643247,-1.0441890268698575,-0.30072563218375337,-0.22508566935421595,high,organic,mature,1.3464826939757475,1.2544885826458398,2.8985500153831163,3.82349547740418
969,-1.1565188004995823,-1.8667962677622671,-0.6705926519123361,-0.35640234025119183,-1.441233333364019,0.17697776408547883,1.16285630331634,0.8421161461652679,-0.1266856531587185,-1.8404116965211967,0.7157023406590477,0.14639216906455813,low,organic,new,1.394224828822637,1.0498444832758402,1.169601331477823,2.642073647264897
970,0.4243511092180204,1.9361028003025138,-0.8248116295306533,-2.8748159331220426,-1.053454577809757,0.4860450682678211,0.026925901748040507,-1.2156361295986817,-1.4197173831764305,-0.35460901581739546,-1.2460946698818056,0.5206334182545254,high,organic,loyal,2.9300307649343993,2.6250077416657325,4.773032391901177,9.597226591224258
971,-0.41142688862626897,-0.6271178843317118,-0.7582764029230066,0.2631227265805943,0.042609223760035765,0.2019572698625939,0.18012944380581153,-0.07219553659670648,-1.0331305834580906,-0.7303801267312622,-0.3946749051389369,2.065195238088322,low,paid,growing,0.03248014119692913,0.8951937546040702,0.19615158852585776,1.1703408838791038
972,-1.3488363204168115,-0.4189765033168905,0.09826706011048876,-0.30333275327249254,1.0739695414377377,-0.30849793050286634,-0.2345413991506094,0.8146285136163173,1.8107116629183762,1.407498373948328,-0.13665388410914364,-0.04951421173240328,low,partner,growing,-0.7078815822905506,1.2964959876302027,-0.7643897744365509,-0.7634515752030625
973,0.046719244784203945,0.14699940846258552,-0.8473481143478149,0.9365937988554389,0.20660912772278656,-0.04485618881531375,-1.2711453765590728,0.06228620849061246,-1.8932123032208052,-0.581649344032232,-0.5630977064791987,0.28699519308761895,mid,organic,growing,0.4522803601505901,2.019374504567855,0.5688988624544564,3.2407465881622004
974,1.8798500249452958,0.5719074656654372,1.4484020726356133,0.6452121731035768,1.1250534896876154,1.857127352943106,-0.7318368323022549,-0.7971044341315033,0.6688109004773214,-0.00367845406224581,0.22035383280696072,-0.24866689210736065,high,paid,mature,-0.11979008091335036,-0.5131250318312868,-0.43121332507713656,-0.0385459723551107
975,-0.5962587170247173,1.6207646687750252,-1.0998611138199144,0.6863922592415442,0.5242282857304499,-1.579013297570244,-0.8307803299935937,-0.6626905609498676,0.5645841133165913,-0.367035105930551,-0.08558980661080533,-1.4576473569847277,low,paid,loyal,1.683861260512097,0.8209622229594588,-0.2966948105943168,2.6482931324837686
976,2.325911716715314,0.07119561873949704,0.49900089729694386,-0.5406254885652224,-0.6526273270678512,1.9126846549535315,-1.916721607006629,0.27864706843077663,-1.2115038911078932,-0.4050011543970049,-0.6380944676740209,-0.9859776834192479,high,partner,growing,-0.7558956275919428,0.0033263255230734368,0.12427923063120805,1.6067333556093275
977,0.03544172970632749,-2.5680291473060657,-0.31548848191869727,-0.0902899753499751,-1.3592765464060126,1.5132187214493837,-0.5944583747973149,-0.237484242464837,-0.5922191639147026,-0.08156612043058602,1.3081440935060493,2.4730158039234746,mid,organic,new,3.1078858991042946,1.0024100980713888,5.300599063051408,6.887830489839527
978,0.7456392037006585,1.0879937669717712,1.716427481477082,0.24887107676645703,1.5702508736118699,0.7924011323904032,0.14398735931157194,0.3503410344514679,-1.8214169633678243,0.2921192604461498,-1.5437475204462963,-1.6252691516111075,mid,organic,loyal,0.4078643847097096,2.2919066142566633,0.8882936547423788,4.304771103516352
979,0.19287868902522484,-1.1140785952000543,-0.007113751303377705,0.13843451934986478,0.1830496008171349,-0.9041214070421014,0.8986823824811988,-0.08923523646607896,0.44107568017116194,-1.1964396139469966,-0.17832755679598694,1.0972944832701201,mid,paid,new,0.25212754886632804,0.7380971341262357,0.7934485102227875,2.026104118073457
980,0.9701776318087014,-0.7972926829243939,-0.5455581905748454,-0.9886867300638188,-0.6564129182608818,-1.399067540706529,-0.138175872408474,0.633138398182844,-0.7850528638010786,-0.09060628266117694,-0.22049840763135672,1.0551187315982191,high,paid,growing,1.4506548404810835,1.0973997066460017,1.2680621549230875,1.5937813471767353
981,-0.6115918368044213,-0.5752161076508515,-0.8460211282923613,-1.1375095200784877,0.5291849914469698,-0.13511079633047862,0.05480985982330186,1.2746411561953968,1.3320807259278715,-1.6462343078348034,0.6478346730955673,0.2256469257111892,low,paid,new,-0.11615305224008417,1.2544963407438119,1.0416360465905583,2.892418413133508
982,-0.4615909991459365,0.32768368702794237,-1.7263832352207857,1.4626423427763993,0.5149440970719076,-0.8651977448326591,-0.5854102218195238,-1.7031464755474404,-0.3139572498362541,-0.482731977240583,-1.325110387123759,0.7767022337097781,low,partner,growing,0.6768604661140621,0.6974371463008731,0.6375888476542872,3.444979346158538
983,1.2767971896944754,-0.027360490044477766,-0.305646882846368,0.4349846021317938,-0.01963896249504307,-1.0821792162311863,-0.6526779865872612,-0.29643600674803083,0.24818659447669594,0.009336717876468193,0.21036937998711588,-1.5248279832839218,high,organic,growing,1.5361153392990132,0.1285084157486928,1.8033354374959099,3.668708695212547
984,0.6652177440849291,0.003415884008512292,2.552709054150154,-0.387634370176413,0.32345849510937236,2.829219162208502,0.19409162950317882,-0.06763053927601673,-0.9869218947506514,1.528266367208985,-1.15910158617657,0.4271209168481219,high,paid,growing,-0.2852777656108253,0.6833469089514115,-1.850494233075049,-2.7357454002827906
985,-0.47355532130838146,-0.18933626257802227,-1.4239322686100582,1.343127221733895,-0.2777973059182766,-1.2150896588930336,1.2526905970400914,-0.5041368130373036,0.33460729173072123,0.841416382134366,0.47403433057432,-2.1966355504990354,mid,organic,growing,-0.31500150756487183,0.4708217136971953,-0.8443433778093206,-0.6131074605699833
986,0.6953567009777871,-0.1006137626651282,-0.32902869680333263,-0.10907494897522228,-1.6100327939410817,0.19217091466180267,-1.3643913737093103,-0.2858397095566313,0.15626443153821068,1.0740370879876142,-0.8196131598597145,1.4515873718459888,mid,organic,growing,0.5607734343168412,0.6859755577844426,0.928126582498079,2.384214545338792
987,0.9468532535151475,-0.4294097424905361,-1.1087492664026029,-1.4438161822304212,0.27175385153313936,-0.7372841495408139,1.1993568052817154,-0.6795238298282704,-0.9006709800519722,0.23362635124431366,-0.6860468571594233,0.008549993368803353,high,organic,growing,1.2366916855794476,0.255752848857128,2.1439034201634386,1.3129236934304516
988,0.9859893300585213,0.11722933166872415,0.12096446070272407,0.2051467089084181,-1.6930989902853932,0.3918377499304902,0.1599315767258961,0.8928973269834208,0.605810801137119,-0.20194863160551413,1.0323928915106901,-0.29263069761272065,high,organic,growing,0.9945591597654394,0.9151830834394916,1.9294989018949438,1.7280938922133326
989,0.24715710407770497,-0.31114943047935617,0.46175780492321156,-0.3764897826377621,1.6475516089415674,2.017362737225639,0.8739382541860049,1.5412966494140283,-1.539214480859047,-1.4213777432749946,-0.321560566631213,0.041230965258877435,mid,organic,growing,0.741554916101787,1.8301810950045818,-0.8376259992159628,0.8958951401324913
990,-0.19820741809966577,-1.6421352496329535,1.1515917063236467,2.1541982333569365,1.2809876791726227,1.0855232687864715,0.22611960514560306,-0.842997370727137,0.07252805263596762,2.1055880368415036,-0.35198811250705603,-0.45495724782394165,mid,paid,new,0.5707413280192872,1.5610757981010646,-0.9070384472287945,0.5496008666376503
991,1.1073036591039138,1.1736860507455957,-0.8479018057748036,-0.26148461323742256,-0.5019054959014345,0.06968937906109032,1.1036866709514928,-0.8040275211280911,1.0896648122369366,0.1016512489213085,2.326192136314278,0.31883088437087354,high,partner,loyal,2.1666885586656823,0.7532061957994064,2.750825659720896,2.4904606199738186
992,-0.09691856962926526,0.5747147271159924,-0.3371462378872101,-1.7952731233518255,-0.240521174271098,-0.25629360906922505,-1.5923174605498118,-0.07303518979449276,-2.0671102246093973,-0.3476868351554792,0.2435959920446723,0.0969961771382324,mid,organic,mature,0.40269110215004533,2.214110416900251,-0.3441172858547873,2.1547314709966536
993,-0.41106947288681817,-0.08553040194807149,-0.7840644374778307,0.010816519422534776,0.05808640659177093,-0.9002499779015097,0.2676992005090977,0.2614526550804537,-0.1662099135810711,2.421047036286818,-0.1407023866843086,-0.2792342453730181,low,organic,growing,-0.05958370659711387,1.077275410506154,0.8350088994446618,3.2497496832826314
994,-0.4223931092077327,-0.9709392230763997,0.6858973598434033,-0.6862469680194502,-0.5679481469977529,-0.5382415595385981,-0.9849435158485111,-1.751083332544723,-0.4629398671591936,0.8733353127122913,0.19697980546524393,1.5605752701881253,low,organic,new,0.04680716520870554,0.57617832821522,-1.5833610438733126,-1.7004926976745987
995,0.7509563049891836,0.5239648102740447,1.882649022652715,-0.09714559500321131,0.06307567350495229,-0.011464421660137695,1.5437867311835498,0.0025153164590909433,-0.6482773740771043,0.5876755379628518,-0.816259811057028,0.5334715126139251,mid,organic,mature,-0.1711314150494787,0.834854369257359,-0.2695413587829263,0.5442623890307331
996,0.4138409341418349,-0.18940266780649592,0.5658115720868266,-1.4877899303083517,0.16296212132498594,-0.46276538466673195,2.862263577284521,0.1558250696402078,-0.5963920497834372,-1.3783017360530818,1.3054061967942658,-0.35003271952377785,mid,organic,growing,-0.44479794052854094,0.9881454554981329,-0.47903475777165727,0.9368119870792253
997,-0.7913520670754193,0.3362992140090596,0.6497188314056536,0.633952933209529,0.01975042305936161,0.15919013688671996,0.23203707568070275,0.33639626562887337,0.4248851959014823,1.094452751305546,0.05641486202585029,-0.8168032658303619,low,paid,mature,-0.9900931030544464,0.6982042677939096,-0.5096260060512015,0.47471973622140295
998,-0.14429170310403433,0.7537808187349968,-1.7865279583848457,-1.7807521953719612,0.9182761213923244,1.5201228168513279,-1.2652000350194736,0.10045927083289502,-0.39954511291701506,-0.26083011224162383,0.3055310087564156,-1.292870229010749,mid,partner,mature,0.20369334252377702,0.3537406863101349,-0.8274666536225759,-2.3905884655644303
999,-1.1072175004924012,-0.30125117292122516,-0.1453755978941602,-1.1259551056841715,0.7896476747891843,-0.41756097311103335,-0.4218176060668454,0.28265879022990076,-0.1289082760674993,0.8374768129058131,-0.9334225378006665,-1.3973865970634738,low,organic,growing,-0.5343173778820992,0.21642632216916668,-2.5010814392075162,-3.940100740914223
1000,-0.30978756379860756,0.060236172935012884,-1.2407559440975204,-1.3877535617002592,0.18229778233798544,-0.7577805673149619,-1.4525117170069197,0.9653412923140626,-0.6317946729270923,1.1498116038653579,0.02847079110942715,0.2947588620553034,mid,paid,growing,0.5565433787385432,1.1363364454574625,0.7278161402842248,1.6866439916383453
1001,-0.21149974609685293,-2.655162244545697,-1.1367864910537042,-0.12570945971872444,0.36472913729270456,-1.7896740223881207,-0.05360170786046118,-1.1222640872140315,0.23462016508965416,-0.01940078569982506,0.7435016024295735,1.0668229301875187,mid,paid,new,3.7069278567258492,0.23583337665102752,4.233358129271328,4.878371893917568
1002,0.45898989927402895,0.8603935889705746,-0.3503424759238385,2.8231174112671455,-1.218819096494881,-0.5277557779093213,0.9013585827468928,0.7527213048609925,0.48738901914234883,0.6753186579931079,-2.0835571546060407,1.5892986945378342,high,organic,mature,1.0419480200196645,-0.21044196559978975,2.049402982652702,3.9207504098258568
1003,-0.20389095886661496,1.2458941822708518,-2.033526578967956,0.2565685034811911,-0.5635022791448486,0.5721201515813034,0.3170704524688457,0.3660477974991784,-1.0589416882314915,-0.056969120818611024,-0.18016704792934102,0.49531004170743254,mid,organic,loyal,1.6017891025491475,1.754883861574842,1.243237449164997,4.005568483756721
1004,0.9892969954334668,0.1504759220086146,-1.2761722883885986,0.10757880956676805,2.6110762284092623,1.646005326987786,-2.974399562757699,0.0633431536948447,0.9321195252553444,-0.1823270125679794,-0.4600909201438836,-0.26696421508348833,high,organic,growing,-0.35423994617569554,0.9308477125422092,0.4214416948397517,0.3689965100372872
1005,0.5521894854346522,-1.1484699743750089,1.1886886516093707,-0.05599299169806913,-0.9350242741115493,1.1243501613986955,-1.5451309051116413,-0.5552100970015839,-0.5716750652851643,2.143941938236131,-0.6850207686394431,-2.154965220500105,mid,organic,new,-0.15068347352360678,0.6539918930703751,0.3350903013648221,0.8752735270501389
1006,-0.5818151152791414,0.4555503474047782,0.7840845465836042,2.276539693442772,1.406897570985881,0.18792259391515215,-0.8914154675747775,1.6240274313473586,-0.36856355032623145,-0.6581572362146048,-0.4170738021540699,-1.2522882388968095,low,partner,mature,-0.7557148766797896,2.8658362775454513,0.5666902010345465,4.73292567594069
1007,-0.4650200911709756,-0.23310832997841546,0.7306566058121181,-0.3880883351010187,-1.2674592418385153,-1.6037721552567,0.20956974752311602,0.07262585346922472,-0.5543127112131678,-0.4674564604920708,0.38848693279916996,1.3905462536893474,low,organic,growing,-0.7948191835491107,1.2354760278297874,-0.8502070995933289,-0.5160325930298885
1008,-0.7801445841439879,0.08890283621543264,0.9582704040053237,-0.7761142901972499,-0.01563211456330535,-0.03799560308766622,-1.311295235043519,0.1684987947656227,0.03154467860443138,0.5550842495960578,-1.1868864746607124,0.009970385261224823,low,organic,growing,-0.9700462022858501,0.81667337381121,-2.699945505079929,-1.8416719284484404
1009,1.3817340636558086,2.0774998319122866,1.2801292689716093,-1.1770715056502423,0.4510526820436264,-0.4831465749611137,0.283900593129921,-0.7722167057769237,-1.7134734418523,-0.3445172386998327,0.7226026966100152,0.2879997554738113,high,organic,loyal,2.6628230877011125,0.6440912460767974,2.595163414081865,5.400983374943877
1010,0.4029478599143535,0.2163503229793779,0.40452747484571083,0.529511759086702,-0.2746814289546182,0.08289056141961645,1.7432583748696906,0.142031029001139,0.04256349645391804,0.10288450722639941,-0.2179085183162197,-0.43535596372080304,high,organic,mature,0.5628716777321623,0.9395609555599409,0.651322426194874,3.0024210742598436
1011,0.2086785243654316,-0.5057152019591512,-0.14551492947721553,-0.7905147065262872,0.10801180453431738,0.5841949441760275,-0.21191485991091527,-2.008378436889316,0.5903715440554717,0.12018384275976032,-0.9932314500134598,0.7732702423232731,mid,partner,growing,0.3095696344544213,0.4482481011335,0.8277638768529155,1.7047452856261194
1012,-1.3984252007158473,1.045407615324468,-0.05736661964721288,-2.2688650753773305,0.17832958726323747,-0.406192368090936,-0.5568492918231364,-0.7377257614562184,-0.12721579085987272,-0.48518868116714137,-1.8566902431883854,1.2720678866772048,low,organic,loyal,-0.1254159822716128,-0.03316930847909155,-1.6580983486122294,-0.9376721643597004
1013,-0.24435765596180517,-0.7319350158782632,-1.128423682545331,0.7707320674529213,-1.298431969096525,0.13398730185796676,-0.5836490018735813,-0.5254196605623322,-1.1035595309758999,-0.6203194325216602,0.008812391506857966,0.235312226348993,mid,paid,new,0.35082797859096526,0.28529617167368976,0.03878316378309088,-0.1865237319936029
1014,-0.7855924812829784,-0.09093440243741396,0.8884544309704219,-1.6626285569490726,-0.00626897359185945,-0.9507839454021733,-1.0526841721165314,0.26101151299810066,-0.5452514686675594,-1.2168031262351,1.3242831920699876,0.9200895143318293,low,organic,growing,-0.5611152140566298,0.9391293286674381,0.30698835750798503,3.8240955313739144
1015,-1.9323059563591691,-1.474428128002068,0.5934570713186816,-0.2848738330374696,1.5005746443549572,0.6163363985410102,0.2994655238539981,-1.0218626918254372,0.4914402948644716,-1.2757639547504669,1.3052445334100689,0.4221385890182419,low,organic,new,0.14545090814249276,-0.9480462807645736,0.04136545542135964,-0.6534216472822673
1016,-0.8248305767575925,0.8046774281323147,2.2415248891363353,-0.21761709980945082,0.5504131896912926,-0.4318293196910016,0.08535221761834523,-1.5072345600314474,-0.0005295135058651056,0.04357732983061141,1.7989977768447483,-1.7950031127033497,mid,organic,mature,-1.2872226011726629,0.08091254514163393,-1.592956983304748,-0.8431373710446433
1017,-0.28088345910777934,1.2881172178310354,-0.24177149579875631,-0.17134153298499766,-0.8332590248821742,-0.9326053802627577,-1.8258537658331522,-0.6292152476441543,-0.9893550551121234,0.1180388336570735,-0.7876682024237316,-0.4795909850485067,mid,partner,loyal,1.3977768997526794,1.2852571464989557,3.3041032975361793,5.218582574280875
1018,-0.45220539305766,-0.048165182290372185,-0.528522256404841,-1.061786089937132,0.08576644394783836,1.067483216264611,0.1284661957907744,-0.6098204382386221,-0.12314640509362498,-2.050632770356539,-0.13940274953886475,-0.4003543690904729,low,organic,growing,-0.05571109068491396,0.5358969619106554,-1.1257152775164658,-0.42811836560925837
1019,-0.9334603580065122,-0.752098352331968,-0.4102345015396468,0.9924582760064908,1.0920604167800927,-0.9281251615578107,-0.5180773732433935,-0.4925899572885781,0.8095455155501244,0.14550655263161685,0.0927898626410417,0.5362626134211896,low,paid,growing,-0.18317933585060245,0.7228567038120849,1.049975374133712,2.6312881708472853
1020,-0.5964134084109316,1.3638865743540574,-0.0017446574202015417,-0.8559124461919132,-0.22964024379783995,1.231928324207872,-0.4251421359837722,0.9495577990448316,-0.6253457927715216,-0.7656636967773063,0.6595974105942919,-0.8739725606457408,low,organic,loyal,0.2720375690039265,1.8073178337702929,1.2932873048781166,2.559757655846827
1021,0.8225402501616955,0.3516259990233494,-0.8735939344675919,-0.07144274399433405,-0.5487742905595374,0.34897655666905963,1.8877982449554194,-0.37070460288742235,0.533776273858507,0.024440641667515955,0.024057703063180228,-0.16520512073152382,mid,paid,mature,1.104757809710498,0.3064689453643722,0.8795913480935356,0.49149432797421055
1022,-0.857417446351554,0.335139949282455,-0.28874174991938856,-0.904800083738726,1.0141732622482986,0.09900962270234298,-0.22809895734323926,1.340056614746298,-1.8360815355329978,1.2728208037290885,-0.8801879491362172,0.21153253941551978,low,paid,mature,-0.6278644826229435,1.3572719937337399,-0.6607550357052702,0.29378789089434654
1023,-0.5880637541207111,-0.9230010404524238,1.3138865259684347,1.8562165673952848,-0.22122565065107855,0.3354747021942949,0.05699125166249999,1.7305068373528552,-2.1131504474535348,0.37712344127022007,-0.7271263141439335,-2.355964021471179,mid,paid,new,-0.8014366875083719,2.0770478328661177,-0.8378954204605358,2.0931163301134124
1024,-0.360530097429241,1.8480487909105532,-0.6560491904004003,0.7907655065646109,1.1986721970633665,-0.012696802619522461,0.12045561841129186,-1.7162979065411117,-0.7161638631726466,0.9070076243299959,0.06067909703706763,0.36734144144368214,mid,organic,loyal,1.7200363017829952,1.2780240840782886,1.9019840581265322,1.9191757157977618
1025,0.13315757968305095,2.1920039442964314,-0.4305198311886011,1.6054100429863098,0.13350322220673247,1.694198974580798,-1.2249780892581503,0.18465220763086074,-0.3936867839234699,0.13947233585003932,1.222376262666128,0.37880960535794544,high,organic,loyal,2.2222434623474445,1.5858913462399162,1.6277021049096565,3.339054862929774
1026,1.2203826900269379,-0.6702210932739453,-0.8228344575237161,0.01610507313726618,-0.0386521783910853,-0.1858593688241927,-0.9586317256706854,1.1986515898518884,-0.3628372006334877,1.426078122212682,0.01274336520405819,0.6484289308140446,high,partner,growing,1.7675265756870897,0.8758646338799944,1.33937834925842,3.9269291107821234
1027,0.5577096429636826,-0.8242747403508524,0.3672029215524889,1.928332944467106,0.25161225310035673,0.9012767395596747,0.6932718445921852,0.30704965836498704,0.18647871772474653,0.5473155591213005,0.7632825464756129,-1.352164057051073,mid,paid,new,0.6478004559261514,1.0041499726922707,0.29257592502833946,0.15236928179142661
1028,0.24730288909645481,-0.18407788074731715,-0.3915268436517085,1.2959643790285733,-0.7331462480638534,-1.3947690603100018,0.7957162253858544,-1.4203938565538892,-1.9279430779585636,0.9082676899899653,0.1587222505624882,0.47271962736877593,high,organic,growing,0.29502510259765374,0.9374495249734741,-0.028272598001229277,2.154595810827626
1029,-0.44242757477962213,-1.3844061316090193,-1.1857872136176675,-0.27218889943128377,-1.2724028579180418,0.30705290704565324,-0.4624579380344189,0.1850360473653055,0.15514812822643081,0.3867995544245269,0.49948252728899867,-0.3439005907792451,mid,organic,new,1.0925871449041127,1.1753546826764243,0.7818309143520429,1.0639418947664077
1030,0.1839692666338304,0.2360081284201745,-2.428890309093365,0.6465257458594902,0.14994219622025123,0.5640488652435708,-1.2868435954472626,-0.31577317516239334,-1.0915294565655804,0.7446013762128753,-1.4051165420684941,-0.9286547819223209,mid,organic,growing,0.976860122171952,1.1412001258887008,-1.26396466686412,-1.418495555119056
1031,0.5343141282719811,-0.6293745322772478,-0.9283906567890586,0.9067194295401828,0.947711756591868,0.7220711925409985,0.8487096739402934,-0.2315792789380564,-0.20459297463661533,-0.6480812785336026,0.16772916771597735,-0.5278983273258481,mid,organic,growing,1.2683641775470762,1.1212557352253454,1.3660132654765278,2.749851202468847
1032,-0.4330662059269771,0.5999004339828999,1.18453924551438,0.3982602542700949,1.794315865242568,-0.7055155720327482,-1.8379746392092586,0.7146278895895543,-0.7718335526467314,-0.27369224177536355,-1.7697965101211237,-0.8992102473458263,low,organic,mature,-0.17013923523164587,1.7463295343272232,-0.6976070153855785,2.712899482706907
1033,-1.5022274165792362,-0.43430326342030356,-0.3945514938829501,0.08996041154820894,1.2397229643551753,0.6769062648978187,-1.622169636210481,0.6080154356128565,0.11175469744145972,-0.09782643203609806,-0.02269952993722577,0.204552428086255,low,organic,growing,-0.9654849398049958,0.44746132667792055,-2.832296026419696,-3.8745307040800006
1034,-0.6918867910135653,-0.18235085752464092,1.183939123891834,-0.7039057844255335,-1.0298879761750954,-0.061707347873850876,-1.1305664567563476,-1.7227831214543385,-0.3444671770748164,1.4486218845639236,-0.038604095876893015,0.17857709444821343,mid,organic,growing,-0.9986339677781695,0.5630145166594887,-1.3486849826891065,-2.923238749198579
1035,-2.1301483581511254,0.43812549244094706,0.09336586130979192,-0.6649148280393544,0.18005047140237396,0.17012161715796004,-1.0594879283579355,0.3318537267799096,1.1971354225271547,-0.22794147547351656,-0.8675942024371078,-0.17758006980172836,low,paid,mature,-0.8962136840178535,-0.28411572056595763,-1.277171162025244,-3.3463742786779003
1036,0.8546131950644287,-1.2263188392972721,0.578558258784181,-0.6780144585204808,0.24206308137973742,-0.5643312750455635,-0.5670169550815609,1.5230949162350476,-1.4090865905334917,0.48536617754554423,1.7313244109212866,0.6855219264728227,high,partner,new,1.57302551675533,1.6245778606827106,2.8482700438378012,6.259277107944363
1037,-1.331097019039182,-1.2815805089154055,-0.7516253766464014,0.1579079115198747,0.22594269408905215,-1.2716965542996927,-0.8727574584469666,-0.8114824869800202,-0.18074680811489283,1.9846954572910747,-0.9331870656234476,-0.9769578331357881,low,paid,new,0.6262812559453589,-0.3906112996065578,0.08705129751594287,-1.6321848979281137
1038,-1.1331402951438443,0.635544571242232,-0.041341596355102,-0.8962265481699585,-0.3627955837783321,-0.7915103009577013,0.2958912811892453,2.6843766067963357,0.5508644056922366,-0.0929885151073637,-0.6649754874879527,-1.3434000818848497,low,organic,mature,-0.5977162818275057,1.2404306631914745,0.07007389804598996,2.519491306132428
1039,0.7336897314030355,0.6793541783663201,-0.4661009966908062,1.2133339829426184,0.021106938885084827,0.7747607353951352,0.2961970020330115,-0.1771358798776383,-0.9548846113074869,-0.1455365923626713,0.842050668894847,-0.508135111899427,high,paid,mature,1.2179908873834238,0.6270006139127414,2.600802890769141,4.077835193013231
1040,0.4397413956031783,-1.0827358820240034,0.7800583361303581,0.3129413364899617,-1.202110758836501,-0.2240145235216122,0.9314409093183696,-1.2590325406532241,-1.0709502386249343,-0.06949695478649319,2.1333307304321942,-0.672578084039498,high,organic,new,0.8422341097109731,0.5118315170951961,0.21416540068938184,0.7579753113764489
1041,0.49527399958549556,0.2601354076013511,-0.5895199002655438,0.161133351784875,-0.44783466209495515,-0.3578047901165117,-1.6612719027731333,-0.024436234866321675,0.8990935066225507,0.057425774779685516,1.0905077608224298,0.5803274459450172,mid,paid,mature,0.71710178366113,0.7847994833789024,0.6696045737993738,1.952589675277546
1042,-0.05954130633021996,-0.6279255530068186,-0.48626371536140406,-1.4705104739371213,-0.2670788900983261,0.1459987585641536,1.7154210977992332,0.5283203232788767,-0.864853980137977,-1.439368275518806,-0.20655208720457258,0.8117644468277492,low,organic,growing,0.46853875671470846,1.6524127334756193,2.19723053162441,3.7078920886905813
1043,-0.22061633669438788,0.5419841750055955,-0.18112544925218838,0.7170004347155992,-1.5972580227056612,1.6041821201461004,-1.1124834482237107,0.7937323297297773,-0.2721839946689551,-0.11582790036690063,-0.24110190597014827,0.2556045850514932,mid,organic,mature,-0.6605353978988321,0.8752390985435017,-0.4315592427495857,0.45208400446423225
1044,0.45752454328089504,1.0583615118230683,1.4079488825973783,0.3318215467767024,1.7136742391683042,0.09297254282247792,1.077440362252924,0.4287196729061473,-0.5492046314253658,0.18123415437984366,0.5031718775091251,-0.03219813140260729,high,paid,mature,0.4699393836320939,1.2209909329686865,0.843689225701021,1.1247139296429596
1045,0.4128565179975563,0.8653629593268948,-0.023373141995892747,-2.943887668682481,1.6782701514933709,-0.29759143022032863,-0.8232802208322978,-1.1241102956528177,-0.33644590233364485,-0.562747831316982,-0.7370094638846911,-0.6821262698445731,high,organic,loyal,1.1539268711765274,-1.4144063761199899,0.7466729472081993,0.905159384904734
1046,0.5297428240598223,2.0303634410031015,0.8205715980149013,1.1225981847545703,-0.37741003144673896,0.10466536555057791,0.4264824042302869,-0.6595578936427701,-0.42573007054911716,0.8545519583330766,1.090292755100109,0.06741026951525797,mid,paid,loyal,1.9140349518860444,0.4707511881972582,2.6010857823182847,2.824867475300359
1047,-1.1951571807787262,-0.29559198321765806,-1.4413311345058717,0.07520240983472691,0.2554031112714188,-0.2707104210377764,0.2417112223832046,0.41690123908383914,0.25686204290712383,-1.2015302922969298,-0.25326432551269457,0.409842978266268,low,paid,growing,-0.2781058421060327,0.3785948416102407,-0.31774845579161703,0.4044024840048347
1048,1.5787117713059997,-0.2719257502386974,0.5508402004481098,0.8781519119238236,-0.19662769837255958,1.1484077474873402,1.2021738314308965,1.3803847340611906,0.45843216898553185,2.360137249657536,-0.6152831127643412,2.12407758617894,high,organic,growing,1.4913029517826306,0.49554604059164276,-0.34079998609723106,-0.9822442435953695
1049,0.7682994886584328,1.3403873330267184,-0.32003775454171113,0.8444747029637627,1.4269741636643627,-1.0873586437238723,-0.16332628181541928,-2.1412526882311878,-0.17833297684915667,-0.8160081934600862,-0.21776768796673504,2.9236433576046594,high,organic,loyal,2.019304522492261,1.0356576435260458,1.6640719885094437,2.665746642096914
1050,1.7178035067971986,-1.439447536700632,0.555738301599405,0.7989310870592383,-0.33789708670458973,0.1783076031585494,0.2759822074149982,-1.3466113728618603,-1.0313293540861481,0.17229671844099034,0.09940252798176698,-0.708562715417269,high,paid,new,1.7469773725090778,-0.7759992703540486,0.5637985822892946,-0.4168931475377757
1051,-0.7943761398538446,-0.08977924967120604,0.886150952983273,-0.07648577094687015,1.6227308306356492,-0.695820547662561,0.19310980145482595,-0.3542954291040059,0.5879609464131101,-0.7815878822251963,1.9273977539937555,-1.6906124030760061,mid,paid,growing,-1.2192269481604334,0.2771947215339468,-1.1069859838878884,1.8194609234010417
1052,1.715480239680246,0.08998846910883278,0.5524245817469131,1.3345249030919577,0.8576614951660694,-0.7300268877930614,0.6000895552626019,1.8674739726346166,-0.8872917121608225,2.1184285111939776,0.385702485968564,-0.4332277719202573,high,paid,growing,0.5218665192384023,0.8897175134758337,-0.39497257782047634,0.3618070755739974
1053,-0.8932893846082542,-0.22328707440827472,-1.9552783310704953,-0.4152444690587874,-0.2629272438556117,-1.0744136491124197,0.7478451949043599,-0.21876628778938723,-0.6357945446144277,-0.3253339350685435,0.3551074733158469,0.07322121046699422,low,organic,growing,-0.039904560591902505,0.6478366783186476,0.43822390510057735,0.3959979579091928
1054,-0.7009750880875777,0.12565347404044408,-0.050675957566257396,-1.1394642231488126,-0.28850469350726055,0.579338270420888,0.5721382598965082,-0.2299643324033938,0.6767727947859766,-0.9799554969846216,-0.948987838193326,-0.25125496329368063,mid,paid,mature,-0.5526873208460882,0.6410556541605061,-0.5079238999122919,-0.46380102749935037
1055,1.4975661360871355,0.1632516265382057,-0.27536580966577207,1.5441380012066468,-0.28693843520353846,2.2347332372859943,-0.5112831236207457,-1.011728729251301,-0.16636197485187557,-0.24908426083701707,-0.807719976349283,2.601974078158437,high,organic,growing,0.8280634992264044,-0.5791844639855419,-0.41994550435246025,-2.629786171431267
1056,0.31862656780524984,0.4642495736715836,-0.46187926713692123,-0.5776693847451299,1.0255583557177004,-1.675841772589761,-1.1428644727903685,-0.2473085056075546,1.3510473056343117,-0.3745169729694738,0.41615155727419645,0.027728679388091582,mid,organic,mature,1.332323556188267,0.993971442102594,0.8397854405745835,1.9229065933944947
1057,1.2962584129368084,-1.5847230182129213,0.735963203722777,-0.19889892974259724,0.9248841939194079,-0.8192821061003154,0.024393069862838467,-0.10250671091268397,-1.0024354713204127,-1.2804130129469637,-0.5804113618631425,0.12993112899499948,high,paid,new,1.8365366166510724,0.1282505811327839,2.4570993182821566,5.173566359308455
1058,-0.7569122243044928,-0.33007356302781793,-1.8857973544835709,-0.3706499204837301,1.0235866466250068,0.7051803259700831,-0.08692193702714356,0.24365272501416324,-0.8282603955941573,1.6244386832914004,2.067762506513905,0.16482363070597378,low,organic,growing,0.3292208053155365,0.8711028205696583,1.4772138411295026,3.127520345018038
1059,2.5906858360614926,-0.6801823715353422,-1.251079240068953,-0.709623754094118,-0.21949026507499075,2.3120665512029634,-0.28115912740595944,-0.8596558128040213,-0.8984588595774368,1.1400221120432803,0.9973017483090362,-0.48547818635361034,high,organic,new,1.3030543201661087,-0.9978013091725835,0.4006330888921751,0.42642265611409813
1060,-1.8757841160771553,-1.1285935447092847,1.721243837499543,0.6888078845494705,0.06546137555830518,1.8688331731510581,1.9583262728115163,-0.03593960196129861,-0.017571760531666748,-0.5820466821120768,-0.2846032874851351,-1.4863249758001211,low,organic,new,0.563135513264857,-0.30146817776870466,-0.53430498167619,-1.906008293752856
1061,-1.49038637618406,-1.7226588689059015,1.0843370069194447,-1.5614022229125633,1.949962298706155,-0.7303778911994052,1.7373499067825362,-0.36505434286547456,-1.566186770920477,1.2837788980654694,1.401865627633225,-0.9060510002670108,low,paid,new,-0.5091587374521396,-1.1363403304031419,1.4418262028489144,0.5346915640587401
1062,-0.33165226659745056,-0.9057959365609791,-0.12052669445771902,0.10782914744085476,-0.3513830591154286,-1.818891395390853,-0.5808793150900222,0.7035187635540419,-0.20889954259591606,-0.32744062756170583,-0.9307765450307648,-0.6100513691976166,mid,partner,growing,0.6266081474171111,1.3033231166641677,0.6168402009221036,2.3091180131190714
1063,1.4089481065819602,-1.1397772568021078,0.7208230966852296,0.047055220903524465,0.24481066312140204,-0.7323562810146178,-0.35177736604791715,-0.005720180171957454,-0.5206669646091963,0.3314321040365493,0.45743901612307103,2.172706623619921,high,partner,new,1.567771163287137,0.23066782714975403,1.65924009860911,1.662373124915346
1064,0.27819002936237136,-1.9122426555188374,1.16301908083868,-0.20387064163619242,2.011925362936854,1.470924452505308,-0.5052673837115664,0.7219027838711753,-0.5939551477478877,0.0026908264146938425,0.675984814353954,1.11300020604651,mid,organic,new,1.2273859122894386,1.2360240357140495,0.48799485718778945,2.270424086789261
1065,0.89520582888624,0.07498963191282787,2.4834239000812164,-0.36502040652708934,-1.6072006316992977,-1.4146992952093247,1.4740077301223429,-0.07665291984680452,0.15905749805409206,-0.5425238799243368,-0.45270247929918994,-0.7870958609492948,high,organic,growing,-0.9745698597772025,0.8497786124188851,-0.7593496312368156,0.4780525069997912
1066,0.4711508133300888,-0.0973799175371006,0.43500537780340126,0.3394383853174832,-0.4258787336328963,-1.4587306253027874,-1.5457995959993576,3.026651591695066,1.47817344442331,1.3401825668912142,-0.6746068069868952,0.009509733763120209,high,paid,growing,1.224080699807062,1.7194303862062137,2.939176376347238,6.083207726294162
1067,-0.8153627923831708,-1.3120820951658907,-0.5887735203757009,1.3261849634295788,0.8407453669239697,-0.9700480016220215,-0.3148160501574753,0.749123171936581,-0.5709713951873373,0.0795862448327303,0.4018474470648119,0.390930551844131,mid,organic,new,0.6655029657043702,1.649624491925168,0.919868234561303,2.694369919516516
1068,0.25414542769028586,-0.6536971737825101,-0.5509745875188153,-1.1336498515206253,-1.5613365935022723,-0.11474874169022896,0.8162596145871915,-1.3802823941539468,0.27297324412425716,0.7846312133833949,-1.8367337688213456,-0.2705811001362188,mid,organic,growing,0.6252673591191388,1.2544024586612674,1.6902306082584828,4.542613550049856
1069,1.6462102004583734,0.5519410177573731,-1.870457149062288,0.6583394624116107,-0.7477367942283288,0.6913069300927593,-0.6900817666007739,-0.05303244441196505,-0.5375427685629494,0.0031577227385055856,-0.5672801739110117,-0.22353824155447785,high,organic,mature,1.9509280146074066,-0.2564131116881432,1.9799118711437327,2.0598548822802307
1070,-1.1756050083106775,0.4906595954139914,0.17528520864392505,-1.6165321741041512,0.9929166602019271,-0.1762879596544965,0.16176239623590988,0.7645616720291858,0.3282422423599839,1.1652031584608995,-0.293295522205411,1.0344293862270395,low,paid,mature,-0.9082499709580011,-0.17411265151995722,-1.9340531615819443,-3.0372025493537635
1071,0.12292461780732088,0.5076334245066914,0.4036291727979042,1.2407303253095259,0.7214123735592936,-0.44294548030984626,-0.6412670439998478,-0.04975414759483271,-0.7601014410792472,-1.0521922013263472,-2.1280524692980416,-1.5492627578287104,mid,paid,mature,-0.04107652380177945,1.2598501422718027,-0.724313193094773,1.7597819983490566
1072,1.9854063611115242,-0.6565002496297772,1.903460299821145,0.4031546011555798,-0.04975802163610495,-1.5006051168212338,0.004668895576048859,1.8921837669682295,1.5576367440167387,0.2742386526975789,-1.1486683659050159,-0.9571653452491523,high,organic,new,0.43835547144195935,0.7680359134037755,-0.6794467038628698,-1.222211101318532
1073,-0.8525918433924603,1.2781549273627004,1.6317204361087592,0.1958928349675855,-0.30308043552315356,1.5487104966609837,-0.9785735408649548,0.05182332760036592,0.4629659995461305,-0.8628006071763994,-0.6359142213913074,-0.713737579187603,mid,organic,loyal,-1.126035795084758,1.0659672212371003,-0.9082492114980728,-1.8177256744958747
1074,1.4167268559880857,1.9143672770570879,0.11479253023656089,-0.2682185870427874,-0.5998410749932962,0.001746313450329094,-0.5502217514367896,-0.09703024235522073,0.4132328230039233,-0.40531294279036817,-0.1895880626140975,-0.18545448507230478,high,paid,loyal,2.720883859821595,0.31051471155227417,3.944772653471596,4.570902844827256
1075,-0.3175634347261389,-0.441447877016211,0.762196602936806,-1.7707360289764424,1.5742798590012634,0.1355294632029971,0.6100175759865148,0.7250777831488756,-0.7080591600305712,-0.9143585561792417,-1.032269284653827,-0.24706802982858847,low,paid,growing,-0.6622824194784817,-0.05707247507538735,-0.5012714773276581,-0.3214834689233032
1076,0.6992046915510288,-0.5837620252208241,0.6079316401783048,-2.367921218861199,-0.38556720197524963,1.1671373676115624,-0.17097128903293554,-0.8291436361661667,-0.656843222137597,-3.028022563068214,-1.0118019704119208,1.0572413725125822,high,organic,growing,0.6818883793645428,0.8760522463192395,0.3741065607342755,2.6459817897389852
1077,-0.5826027668962316,-0.4645443620012255,-2.331812187036408,-1.6308377931125622,1.1900491785997527,0.617294080661561,-1.2974390314394313,-0.6305723915732202,-0.029172342998783154,-1.196127732156756,-2.004143883513601,-0.15921038743943566,mid,organic,growing,0.39669628635761717,-0.37317126860289057,-0.392943465929756,-1.5445162824931886
1078,0.5726085621732409,0.591857319729954,0.8752373855421463,-1.5535572617798237,0.05790190982693886,-0.26845136422912164,-0.08722068549719247,-0.2117816336341373,-0.6604481806075158,-3.017790454215605,1.1618290205706736,0.32999016547508886,high,partner,mature,0.574117613803345,0.7838564169334146,0.9295634766485192,3.80712645686691
1079,-1.4842897875365075,0.47313165299275506,-0.44730480700146996,-0.41897231641773003,-0.7684146014890327,0.5369304726522647,-0.7998235715161989,-1.0968346860906002,1.1317448106059955,-0.178881409766725,-0.1474863899922079,0.6924641202766653,low,paid,mature,-0.8555744293350656,-0.17813022581092458,-2.093706482128689,-2.8727512983019072
1080,-0.6675867008461763,-0.4681531726468855,0.3057152697228355,-1.5413776024637658,0.22109904676821454,-0.7557114591813673,0.8554725924551485,0.5466633268499089,0.41454835697503,-1.606958648554557,-0.10339539517381979,-1.1772665604142774,mid,paid,growing,-0.9818584188154714,0.7237310499016841,-2.1159594970785256,-2.1425458434985893
1081,-0.03686390297702623,-2.315279676889739,-1.5408322683752427,1.1890336088401876,0.3690531760065605,-0.35381584747966704,-0.9087433226862226,-1.084253917587093,0.20015575508852576,-0.343632309592346,1.5466471833172766,-0.18476372001034996,mid,paid,new,3.2727611840662107,0.4799408971820093,4.172924451706794,5.054804543581283
1082,0.05872049224453354,-1.3885034680553712,-0.36069922517713965,0.17699140506798605,-0.37278571121318677,-0.4856285335742323,0.32690962561532305,1.5148232815609894,0.14496937030782736,1.1441862834731378,0.6216023775187822,1.0843533746678506,mid,partner,new,1.1097323368197394,1.5185142948333419,0.831997274479142,4.55146592029186
1083,-0.6097199233466377,-0.20692749498440183,-0.20277357076466468,0.5462772365639759,0.7924128222118642,0.12505619111189117,0.8767065773758641,-0.5633314769813729,0.885377552899125,1.0158094421858677,0.6774963459246635,0.134169783481213,mid,organic,growing,-0.3015976636387002,0.9043094342162774,-0.5990518566553832,-0.024746857454707727
1084,0.7133233324049665,-0.8940044652384896,0.19836226436020854,0.30051047682512244,-1.329515663151485,0.4745842529395207,-1.2488187256818153,-0.42791829790943103,0.03976095927629845,-0.7307363846328065,0.08255403862031813,0.06655699043621993,mid,organic,new,0.596771456482265,0.33464856173400914,0.4277054401695155,-0.4413223922373323
1085,-0.8201816393588409,0.5679744588243308,-0.7641565033062317,2.2879743747346946,-0.10947882333060471,-1.1712941449900325,-0.984341766213772,1.1475804646983012,-0.409151649718454,-1.3637638078299683,0.8537127471277668,-0.41557388777808274,low,organic,mature,0.3813336296902562,1.1013920958419823,1.1072046964361935,4.998426870039494
1086,0.6534195111193511,0.935566025656127,0.2744635388085446,2.395907395685333,-1.7247424929332238,-0.8179500752718084,-0.2559500046039573,2.2611735286081216,1.7980024701022121,1.2886908673939161,-0.7941239407459102,-0.6775147397704298,high,paid,loyal,1.034199095606634,0.4297713456836404,1.1997017686310019,2.38305373875629
1087,-0.8285600351404542,-0.7834268880407628,1.4927046072759744,-0.24376712339584375,-0.11149816464394238,0.7743867869234314,-1.6635279740339746,0.05264582126913909,-1.0968717286729208,-0.29441492055831847,-0.5864206939592126,-0.637980746031257,mid,organic,growing,-1.4696909091429093,1.0205087092778955,-2.2127723508088226,-1.0572648961692936
1088,0.2255818067063648,0.2212134023925114,-0.21982058923398506,0.37068434299115627,-0.8686145408535492,0.6815858690394274,-0.20619902215760583,-0.4836635621378971,-0.7947588117029813,-0.24139746046668173,1.8706392568459225,-0.06331377010258965,mid,organic,growing,0.2461087868397184,0.718179015016629,-0.4609834301087832,1.800460776715934
1089,-1.144403536143439,0.9188190667850462,-0.47192843579175414,0.28375900435247053,-0.6056605504265781,1.2807733161431698,-0.590759756645964,1.3978579785775362,-1.0492605845287863,-0.29290638571547967,1.3999957859067813,0.1681742247813388,low,organic,loyal,-0.3965405565457466,1.4924211351503789,-0.5916513673927803,1.3377369399942056
1090,2.2714659418056327,-0.26914044923801717,0.25704285296067375,1.9051492720488177,-1.5139232167422683,-1.6377500331815378,-0.7955081772094081,0.8133726894733257,-1.6098511833319389,0.5970490565620198,0.5267066944888934,2.014390233201957,high,paid,growing,1.2032149347333356,-1.1418688954514324,1.5054346774269773,1.7900855422480937
1091,1.0454849255123724,0.3640502374977759,1.3591329351529602,0.5389039411148667,-0.46007005462720213,-1.1446057770488616,-0.5693656036930808,-0.04007387454711766,0.17501840534960383,-2.1351955980867587,-0.21956033492399438,0.02858176954944478,high,paid,growing,0.5574703876262117,0.12353873743334853,0.5219604441282879,0.8564123871281778
1092,0.5475374448798405,1.6268008825063505,0.18565353544526975,-0.9095628762477181,-1.8180793836014721,0.6870109581123818,-0.8690873594774133,0.8668369771613471,1.3974201521625687,-1.544074765979174,0.5538925587589626,1.2926224103393442,mid,organic,loyal,1.4173364549780303,2.8560088408921227,1.2928462688049454,5.270441277773774
1093,1.0190393252802818,-2.0963794369104556,-0.8536520447937044,-1.2801805057504232,0.5234727551470508,0.41332662348549737,-2.6978918779406253,-0.30083162132784164,0.8007198303411068,0.1479759912241222,0.1462669194998613,-0.3649936867187107,high,organic,new,3.1667864512401622,0.20766545731818895,3.2130700103003034,4.350498656151957
1094,-1.0589409410746784,-0.017055823890483924,0.05209345123512439,0.6152545203329556,0.6964999242954618,0.0858614191632412,1.0949083645848314,-0.3749246681357709,-1.4440245698797334,0.47705366941820565,0.12637955438925474,0.49693151567986343,low,paid,growing,-0.8831622471812864,0.7389585067657158,-0.9193866522754693,-0.47645422703345824
1095,-1.2644513482829278,1.7907960886110448,0.7105024136636414,-0.28799689099912607,-0.9354531459646455,1.0771534104322489,-1.1017697820638563,2.2613648247920697,-0.6132049398993309,1.720505214605611,-0.184473785072716,1.580746708820308,low,organic,loyal,0.046285436372954125,1.4539230813847823,-0.7340974661909845,0.6193131318704491
1096,-0.734868506826516,0.01883637854669994,0.8047493301705665,0.6620771366958226,1.1007618336578835,-0.48747211480156466,0.08480837284981095,1.2483885759980713,-0.7052555017189515,0.5725410611184019,-0.2191602397777503,0.20587410658260533,mid,paid,growing,-1.1148881640734511,1.4529191074022119,-0.007837251734675865,1.045915534100951
1097,0.08455021641444835,-0.7882831507849641,-0.2606931921224477,0.14493225207670593,-0.10272399871212885,1.572735949794239,1.0099555568163612,0.2899804984934966,-0.7631461827195023,-0.8240230918979533,1.9738110352804106,-1.0098854360721943,mid,organic,new,1.130924075728255,1.3045962921647116,0.6486126205364203,2.6521705341979764
1098,0.11385961815052391,0.36094871434867937,-0.31132365148330604,-1.0022037645773594,-0.784896639006487,-0.5465050023040284,-0.7094928690977791,1.3277203931809305,-0.00912599347262875,-0.5238011011476121,0.10695804386720552,0.6679559052949144,high,partner,mature,0.8012252029032263,1.8687423267595509,0.9304457535872857,3.580166981638129
1099,-0.34461970605757986,0.9019812951759152,-1.2711467743565588,1.1713036321164139,-0.008952339772220732,-0.04801235175172841,-0.6930143244648528,-1.2278501305134135,-1.666671935815391,-0.7627766689497861,0.5876732206023524,-0.9612784223046619,mid,organic,mature,0.7218394618846667,1.1257614132704292,-1.3384957841537029,0.20463349376520545
1100,-1.548448185724309,-0.9090653108377865,-0.38483331750431515,-0.34550122266235284,-0.12889290824276448,1.0326063460518784,1.2492544380914892,2.005462505389322,-1.6249073166985684,-0.8558839203363346,0.6984851570597541,-0.4540312155250251,low,paid,new,0.10256985425314591,1.0311138147243928,-0.11260443380516816,1.5243345658131466
1101,0.8607864698492321,0.207113430114827,1.579204210036799,1.0427161139326862,1.0610166265589815,-0.4118716086936958,-0.09746084596827183,-0.30525345756735606,-1.5058921436499069,1.4717692554955328,0.7453873088432121,-0.3450271240809377,high,organic,growing,0.28354699480672857,1.5389539302241733,-0.8160421686063017,2.4781421626520066
1102,1.3045925074599731,-0.6303676467471555,-1.8381344684552756,1.0073697528936145,-1.2785602331159973,-0.1957754656239834,0.2061230407837602,0.3854653447387619,0.8484010562037961,0.5808514262675121,0.5498925265620268,-0.7907517820564913,high,organic,growing,2.1315218702993146,0.08389127880174124,1.1525001006000246,2.6347711492183405
1103,0.2942435572676573,-1.505549970050106,1.5621376984528295,-1.4025648238182238,-0.34643983875634465,-1.3188742390267836,-0.730166285865652,0.013428415432051012,-0.5287580985160019,1.1442462581456216,0.22690101596279635,-0.46290972922859297,high,paid,new,1.197590194496263,1.0036315924289763,3.6197761414630456,5.502088685916342
1104,-0.13358192997404636,1.2197004570559355,0.9088708832844662,-1.138770894015411,-0.6806517141396049,0.4747898186843714,0.3533665860270396,-1.0503815413987627,0.7491265893066236,-0.890874140186396,1.3038267738563416,0.5294491562496214,mid,paid,loyal,0.09540464097556824,1.111013928326643,0.3449305416064276,2.0124951362409123
1105,-1.1319244506457213,-0.5290767014634118,-0.546460614528624,0.15987672130233085,-0.20397689801249047,-1.1454889133817834,-1.394259146222576,0.5490233343978613,0.28623686456416314,0.10553755720503172,0.27073185896046065,-0.6189191475250351,low,paid,growing,0.10052643241284598,0.48059910455195154,1.326548610461714,3.617810412312195
1106,0.18399235777514372,2.5385055649842676,1.174567120747143,-0.2884084509598372,-0.52337174710124,-2.8604393974915667,1.068694152984698,0.7866053537748128,-0.5438279692764925,-1.4317076828771276,-1.1552674431897259,0.44439786247942287,mid,paid,loyal,1.4170408975579334,1.6188725007186713,2.2723444808787203,3.6229471368454766
1107,-0.0893407336625143,0.6915920176072813,0.08644313836818336,0.9667588321164844,0.3695751403922469,0.8287953801606809,-2.0896834109219373,-1.23434557049746,-0.36435166988762735,1.079568784900242,1.8805297260677398,-0.16423578238687792,low,paid,mature,-0.763895180927171,0.433679201752254,0.21934770107089374,2.733073006260587
1108,-0.61158006388818,-1.954968544257803,0.8635637640731639,-0.5501905751944769,2.958334669358155,-0.7394039200345133,2.1052750968606646,0.748367383587467,-1.0282643993213667,0.23214378864358656,0.7713805265504663,-0.22525219251658304,low,partner,new,0.44035837439007575,0.731136580448823,0.2412867127969779,0.2701698733350736
1109,0.8379827105522986,0.81595715934866,0.5963385005941313,-0.016473368047505613,-1.1749400893061266,-0.07678537547523347,0.176064663715843,-1.8760508710378245,0.16923531599134378,-0.09680126481014333,-1.2966260707849544,-0.3330063906917568,high,organic,loyal,1.003769153172534,0.4623499058834695,2.610171165084064,4.755847813730528
1110,-0.3118463468342989,1.9300945334934188,0.22011834617736706,1.0360452513145988,-0.11781530449064863,-1.8739165168350838,0.6723418488216234,-0.6581867295875414,-0.3356001299879106,-1.0529712491154706,0.07276786392135985,1.0651783616224522,low,partner,loyal,1.0141610373085939,0.9287044164387316,1.8608483358850867,3.354407693313835
1111,0.9327381084746261,1.5861895077851644,1.7279594579541113,-2.0458742302582236,-1.193620560929132,-1.808191578326553,0.6319304103895901,-0.6930817837991526,-0.48918033184392967,-0.21659743192745534,0.38257068809075157,-1.4853210480064563,high,organic,loyal,1.015959417295211,1.7443851800732626,1.057294369097514,3.0679354599855904
1112,-1.258863462634087,0.0012962065311068023,1.1987459361544675,-0.025397403251084714,-0.7916597063820323,-2.1482086803376363,0.952675585060279,-0.7359316493904802,-1.1474369157517212,-1.715325226458781,-1.4391008111419654,-0.9612142204538527,low,organic,growing,-2.119446939267662,0.26909089145449955,-1.8561573148100523,-3.446826491446394
1113,-0.23884873619415106,-1.208741704760657,0.18570803754763732,-0.24644773991810232,2.221992289184527,-1.7044431163926619,0.1614794303123818,0.17400498904095704,-1.0305574039231487,0.09525239744746067,0.7695943664067156,0.09649148255783252,mid,paid,new,0.1475992738282642,0.844062795103317,0.010866857365765398,1.7656898045994636
1114,1.3844628848198377,-2.1776876180953386,-0.8422334128027206,1.4750560472309444,0.9120263332638503,0.5405117112662879,1.2332154065194592,-1.91655787870177,0.7956106627228209,1.0643701624194226,-0.6587001661757365,2.6292371178912264,high,organic,new,4.152945740507673,0.37430696654547657,4.205184925374049,4.552689184426068
1115,0.19634896406205754,-2.192769042508541,0.38127199793375394,-0.7198600299893989,1.164995273929518,0.5479440333912979,-0.597922072276191,1.502451918262896,0.9394513059793105,-0.8279199876821015,-0.15204508056084765,0.5169167907640803,high,organic,new,2.6075663100963213,1.3673967019335955,2.563965575009578,3.2577817165843266
1116,-0.3642632627726218,-0.334399403847255,0.03672502826448412,-1.0657985840373894,-2.232765338576968,0.23913486233203762,-1.9888999492951858,-0.9930387031447206,-1.7715823589485722,-1.6484444477613032,0.4263551741192916,-0.22230816506007336,mid,organic,growing,-0.43586970343233017,2.3346746273381704,-0.05433607219583958,3.423740751890155
1117,-0.2584004554681235,-1.3159017836240094,-0.6558490888385612,0.3764551592101874,-0.05208726530650062,0.8226740610419853,0.9650920121259146,-0.25221985825821086,-1.8522492859204922,-0.7566448990662162,-0.09768928087269177,-0.7764870520041143,mid,organic,new,1.2740857561113696,1.6674804389957558,3.0140595575218336,7.375363459567218
1118,-1.0546242113337532,0.06975228422348613,2.430303102733281,-0.48818806203637516,-0.0028058524917748207,-1.3120358772309886,1.2434010550415135,0.8747430433514232,0.8057341394659173,1.359795811304745,-0.4273413546948073,-0.3024178198456219,mid,paid,growing,-2.639530276765921,0.828738437467345,-3.844744393724657,-4.8366750406057015
1119,1.7098785318866498,0.6327281029445585,-2.2192218213441612,0.4548209756370096,-0.5816980607695965,0.8981718246566575,0.4081904694201736,-1.740542764022799,0.26883017049547747,0.21062772725160755,0.3634624864647865,0.5755288519133087,high,organic,mature,2.4877472381048578,-0.8037963742776371,3.6301020016136647,4.918445451475363
1120,1.4959659598217314,0.41388898961429843,0.022898460474464498,1.1479675541882248,2.2427407235897676,0.9150707541680891,0.20620612680809017,0.43253054976891864,0.256043759398258,0.01851841527332736,2.1651708315063805,-0.7490533743164325,high,organic,growing,1.298586230491772,1.4941776369814708,0.9303517467805038,3.5001612611938038
1121,1.1549058282426994,-0.12585694270057374,-1.480419170138724,-0.1883177435865066,-0.5467758337539146,0.5775773184176594,0.09130022265857075,-1.0220268636479688,1.4710079134897154,1.0901340044757244,1.5860555320964014,0.2369646640681163,high,organic,growing,1.7770073208089099,0.5288916858303766,3.0466704690737156,4.398044600514728
1122,-0.03573306828069045,0.703560482618621,-0.5774750209209021,0.1300595547198361,-0.17567789932136524,-1.4610343171899207,0.12745550483907234,-0.440966891743302,-0.2425521640183039,0.36378494564995456,1.2725331339866255,-0.8487700905479784,mid,organic,mature,0.4042953176049929,0.7551203188458634,0.0708499545908336,2.1830421414181713
1123,-0.33655821512935696,-0.7650826963598107,-0.8301805877989914,-0.5945689436497724,-0.1964502828151946,0.5858716568775042,0.3204457647848381,-1.0568569990832495,1.294160323917153,0.9444123064770379,-0.9011856506097037,1.2241108919195605,mid,organic,new,0.47716077544182595,0.9444962885804099,0.8899144519820789,1.9377628958805488
1124,0.32693841259627626,-0.1564553029252464,0.3580800444793122,-0.025770795625521946,0.5450786544814065,0.18731552313116723,-0.33742605227220285,-2.0258267591613834,0.5271825406319262,-0.3736552783867337,0.7779466096452462,0.4816750622757203,mid,organic,growing,0.08273715422679015,0.43070462285823624,-0.07610709456857276,0.8492995452381167
1125,-0.34766421115600926,1.022988191077335,0.204841661836571,0.16364284737808724,-0.1381106867631423,1.6835557122397977,-0.7132667290956584,-0.3226745374590551,-1.2373351450799965,0.7267310773245059,-0.5821490063576735,-0.4700355817263217,mid,paid,loyal,-0.5218181969231394,1.2255963320428545,-2.2524103203013985,-2.9563069676916225
1126,-0.5169366321571809,0.06272191606238789,-1.250759584659146,-2.243245266102261,0.45770403739277193,-2.1135577062037103,0.8541377839773792,1.5585277495351475,-0.16422380393503327,1.2994929467204897,-0.024256419543219193,1.5992411590778703,low,paid,growing,-0.752674454694712,0.7131544829141099,0.9863024215992742,0.784318000842094
1127,-0.4562178521132108,-2.3648818094311217,-0.07991174410650202,1.7079631934107387,0.534968305940418,-0.515323228537844,0.32890116928473173,0.9711248384525527,-0.08561643891447089,2.6263900853423796,-0.5174179565194872,1.0025107220447482,low,organic,new,2.4120523567831085,1.7602443881836785,1.4692987432611413,4.839377719211942
1128,0.7619372364817996,-0.6998274246980576,-0.4244402673476728,1.0180986474793647,0.14478788760424122,0.33807172672727276,-1.6359673537043573,0.6559986551621014,0.28729684408256784,-0.0639100226411535,0.3608918630590762,-0.40921770712424965,high,organic,growing,1.116907073451263,1.1558852989914434,1.2007899346075783,3.268117425554707
1129,-0.5919025038834741,-0.24188553163910984,-0.4642031783182975,2.1805295610432003,0.9118707288435897,-0.968468923971701,2.0362960022608423,-0.43285661143631277,0.029455367464284527,0.89741719493132,-1.9699885438976152,-0.23702584694096898,mid,organic,growing,-0.9970427301860827,1.480236575684234,-2.049464516361157,-1.3265241715231892
1130,-0.5733338509671676,0.20508007954413482,0.3700496832654426,-0.07725936533235145,-0.12364729817898791,1.065131372635445,0.30148593033403814,0.04142501005194293,0.1478705914601392,1.8358889975302184,0.17267397698410603,-0.5144485049657053,mid,organic,growing,-0.45099324245831396,0.8747032837072439,-1.787994893945768,0.45815512254222046
1131,-1.908999088611059,-1.4339373740349537,-0.467025895079761,-0.10837684395414768,-0.5556214596102388,0.3511439770458093,-0.5685080445083084,-0.9144892701354301,0.6126438353574128,1.3693944968780132,-1.1071675977465478,0.24371586370781181,low,organic,new,0.40371658013059447,-0.6448296537519838,0.1987767404414625,1.51089578065399
1132,-1.905004658153818,-1.4745381307271594,-0.5887658279771728,1.1349104323771935,-0.7787060297054746,-0.8161004747655494,0.03608728189444972,0.0370836111498507,-0.7851314727546698,1.9862215672632384,-0.2653633731153731,0.11358498241807989,low,partner,new,0.5845594010007451,-0.5493662952485476,-0.00895186106952639,-0.12183571487879835
1133,-0.40177953771044195,0.4399715621511794,1.234957559704117,1.6636636969545726,-0.7622656752638802,1.1007951763012123,0.549680819551018,0.9745366094600776,-0.0918792726927976,-0.18704077328218052,0.9357146457139935,0.9546925060562871,low,paid,mature,-0.7297544463451846,0.5522224831511142,-1.8985694676516116,-3.371572943029194
1134,1.5657205638618863,0.19854755545048933,-0.10691462763475694,-2.459853579994204,-1.6112605379953344,-0.3942516051833931,-1.1010589312462153,0.8141305654332462,-1.3100209615789538,-0.5013043283502879,-0.4620264931384886,1.204743083399446,high,organic,growing,1.39144954341584,2.6207912725403446,1.3560169286886545,4.2720142918352595
1135,-0.6082387490196441,0.4524121180479882,0.1957061275227168,0.9032884854472796,0.8502150521164803,-0.03344011286954425,-1.6962945126071802,-0.23174088664562928,-0.01995564453215277,0.286009233152778,-0.7375551452208102,1.140901118408613,low,organic,mature,-0.4201780562848297,1.029742737799328,-1.90208477938266,-2.275549305393897
1136,0.013619418314992601,-0.9204973478121257,-0.4582278387416802,1.9285426539668302,0.6643778929464983,1.0484565555644039,-1.0415869697134141,-0.6888296921838009,-0.6814223058812449,0.18439373758862196,-0.1740018310855592,-0.48949441125702076,mid,paid,new,0.0039319342860261175,1.0842300552536446,0.12940573270054742,1.341971098577316
1137,-0.36406959250345405,-0.7940351866750697,-0.17983928690141016,1.1132155838337474,-1.513139351549754,0.3464794336352301,1.3800926948796235,-0.1831870985655671,-0.5288760291458959,0.9242314859505888,-0.9842218768688435,-0.022691529938730855,mid,partner,growing,0.30257909257573484,0.13768121030096997,0.1752522735782551,-0.5707880006248325
1138,-1.039844100385727,-1.8701009700242799,-0.15198426479479524,-1.2633950632669835,-0.011670513329168509,1.1150296243807063,1.8542554066796233,0.09352928394320842,1.0192158319755993,0.3989626501066333,-0.3831136138750589,-1.9247763539308946,low,organic,new,1.9541913842704162,0.8286444458082982,-0.5262146502308616,-1.051660523918427
1139,1.626492327082119,-1.0491021892811228,1.3827709114177693,0.536807629262251,-0.976012785247359,0.31199836181895313,2.1329110612853297,1.535652580863771,-0.5127130561344487,-0.7119807581846821,0.10020803731607193,-0.16551372896983654,high,paid,new,1.1430061973934746,0.07111462518184816,0.6198962943436305,-1.3856334358969846
1140,1.19973738564273,0.7395891364218043,-1.6922416015284223,0.4586752554239115,-0.1790909608673681,0.03710813602806655,0.24894301426065893,1.1987290052766018,0.9777929635460209,-0.7497427406872955,-0.05861196768966943,-0.44852139285721176,high,organic,mature,2.13425500532284,1.0646171225393062,2.602665015549593,4.615338956254748
1141,-1.6818459689065979,-0.10937050760109031,1.8447544275590961,-1.712043393749747,-0.02406179366006721,-0.05613814540967522,0.28773547176431985,-0.9627249573939305,-1.4251105907999537,-1.378597656794626,1.3309337583314786,-0.982685974361857,low,paid,growing,-1.82569197074094,-0.2818427397151293,-2.88923785569746,-6.336615068900921
1142,-0.49956219165317295,2.104632598612974,-0.734255656776456,0.34239959795092606,1.0638116766255068,1.015720186979243,-1.3315763570436807,-0.7133524477014987,0.30236397625198513,1.9290174573832923,-0.7615106586411955,-0.493612984111077,mid,organic,loyal,1.6209176148212805,1.0468954212302928,2.13270980925709,3.4991775145134025
1143,0.41957442140100454,0.6196582273483766,0.6802540043027369,-0.8463558648348002,-0.5320481369344054,0.21550119980196858,1.2623113126282814,-0.23848408211842734,-0.02230190008381943,-1.0259284371394095,1.8632268318922425,0.15426294714170982,high,paid,mature,0.47058315840852766,0.7255846279711858,0.9032623683221057,2.5942226800542176
1144,1.077754779556742,0.029897208067600572,0.0852670652434121,-1.5003088908520608,-2.150761869692567,1.251905211835959,0.07805821426242007,0.20642812298661822,-1.2490537522004106,-0.9030641777936236,1.0623020011349846,1.7401437708414367,high,organic,growing,1.0558832152423179,2.437531468914067,0.038161788290113074,1.7650461064871548
1145,-0.6212740137725519,0.6714832883630556,0.19002493268160509,-0.12052894007772563,1.8519590201783194,-0.453201646022752,1.2407126370174857,0.3814233170420487,-0.016889322364818993,1.3720171730330784,0.2901344984230279,-0.09642752991228078,low,organic,mature,-0.5506407850283401,0.9311280053210682,-0.5629230883343249,-0.8855005225130255
1146,1.379442172982033,1.2492622537718918,1.2019633211538756,-3.887804341619664,0.44017662573841065,0.21211719306996976,-0.03486325408548587,0.6097796339726784,0.26055687250452786,0.6778074173271814,-0.26796180775499273,1.4981806301764926,high,paid,loyal,1.171884629260233,-0.1365501159718908,1.996875712607889,2.3915413528596616
1147,0.778944191772826,0.5425265905148402,0.4937052337068637,1.1572813074935637,1.0216877869354895,-0.11277205354628778,0.9903103808232961,0.17405224004204453,1.9169267915003285,1.0977278110469655,-0.6256093185616934,2.3307106894502656,mid,paid,mature,0.24235121261745216,2.015768244805008,-0.6340710178430634,0.362870393133475
1148,-2.1020398359898294,0.6373547406690422,-0.6962473294452859,1.8821802936730196,0.2528060652952868,-0.7937954650871212,-0.2664947122195833,-0.7139314586655916,-0.30577697857007885,-0.3286476158895048,-0.7511558687010546,0.270063811582624,low,paid,mature,-0.28870346599746255,-0.8869907391909189,-0.4945140235787513,-1.3442010468509251
1149,0.3912241634067323,-0.9963063912759672,-1.6582687630439978,0.3109564521495716,0.5319205511195337,0.7302167619612338,0.5511743815941278,1.5727167757369898,0.9970678869312632,2.679828196415576,3.1006471968329445,-1.7581025876447136,mid,organic,new,1.7085811607362589,1.7978850004894542,2.8588202787174,4.481521497310304
1150,-2.1971386312358456,-0.0073912978467148135,0.5042324298803218,-0.0758850090057223,0.7035804460577602,-0.27024207539837525,-0.6939507634141234,-0.5428908598510445,-0.200168369064204,0.8435123440601495,-0.48674069666583025,-0.2889687029167053,low,paid,growing,-1.0000050083798981,-1.1472983766975473,-1.8576370731391085,-3.6667204979614128
1151,0.5702168440443536,-0.19879639754518968,1.1167105506453896,-0.9195062322350612,-1.136363756465487,0.30462903401834257,0.4042884622647964,-0.8649594940834129,1.3435954013274256,1.924936809770226,-0.6278542128407156,1.4873006727311908,mid,organic,growing,-0.0016448646558966107,1.3440157210695782,0.45751342114622184,1.5923624467197068
1152,-2.3821321720007225,1.076112266718025,-0.8577627711284175,0.9760726819721396,-0.9612759859566656,-0.06848753462679526,-0.8101155965418396,-0.21388069778208085,1.8299240289304446,-0.10793779659340613,2.110301623925836,-0.3858125610928363,low,paid,loyal,0.23637095429330965,-0.33668273713025154,-0.8428201539989637,-1.4438705528405005
1153,1.491764703806802,-1.625692606512803,-0.28650905537819116,-0.5361099853253575,1.537705600797142,0.18524878603607414,-2.0880831696474953,-1.3101296547235624,-1.0126622493794006,0.9340502941121688,0.8050074836562757,-0.30039943296111976,high,organic,new,2.4431442526001206,-0.5542350418316351,2.2821823494051143,4.047753606412199
1154,-0.5485097936175729,0.7163882408500528,-1.1295230924319606,0.45766897795035283,0.37251799687023296,-0.2745895930667648,0.3976779650457155,0.10209435307468438,0.4974194947565403,-1.3341023084800938,0.6145019805287018,1.0266013295022722,high,organic,mature,0.6540791859332259,1.0529241586926228,1.1008059005071216,2.6837827042690408
1155,0.32095142056444487,0.6012158509915,-0.10991931740976253,0.8913325662630432,0.06524712797985452,-1.1479412824546105,0.8202161548832603,-1.6341462475077724,0.2827797442883831,-0.38422285004697937,-0.44812574970471186,0.17198874992620525,high,organic,mature,0.45594558084875303,0.43910752802025055,-1.948581209087954,-1.5896039215350632
1156,-0.7092881908179942,0.5122060141278323,0.056796632622002054,-0.617293951412198,1.3381795700463186,0.20478261029949818,0.6308009334244812,1.4165887294944217,1.4001785357943723,0.5797854538561881,-0.30265820100980434,-1.4297037875372114,mid,partner,mature,-0.3637451971250928,1.4105591524643195,-0.8980682782437263,-0.38172269310117257
1157,0.20669070047974605,1.0945843158173858,0.35431481939328524,-3.4445840497678972,0.8700621548264672,0.9314991547757419,-0.30122219372631365,0.9883616752535224,0.6279654143933764,-0.6855067922820294,1.2713011162176846,-1.2674769231061138,mid,paid,loyal,0.29155818958530993,0.2826472782311229,0.720890116771688,1.4430608489276635
1158,-0.05724467103893545,-0.15700231277208526,-0.8254381521887809,0.30379386764896504,1.3103688995730578,1.247741871861388,0.7236642147419157,-1.6959225068802954,-1.3359523008771192,0.16616911975876847,-0.03423504108354112,-0.49807982749831525,mid,organic,growing,0.6991797591657045,1.0627525880061968,0.9250238683641017,1.9904801766715954
1159,1.9053231974548321,0.10586015317114122,0.5424127411908184,0.9878938809484459,0.05495844967245965,2.5910621679123693,-0.9403723024357035,-0.6060715898941221,-0.9428257182825067,1.5626582864273035,0.8020858742186469,-0.5441519127185926,high,paid,growing,-0.30745518274792316,-0.656473847227313,-0.8298335673850462,-1.7056014441195162
1160,-0.8638763749547805,1.3848905006026038,0.3616877153388594,1.410417968616338,-0.06014935078155653,0.5115353224335996,0.30022765524400286,-0.624111334374069,-0.14414415880900922,-1.1843033442983446,0.4941068237272433,0.7612487463468598,low,organic,loyal,0.2493394335575294,0.6341227460576809,-0.8552425720236407,0.17125297329249223
1161,0.9901612001053197,0.6665448931710057,-0.1282101365030248,1.551970645076985,0.8923084877295449,1.388546301657105,1.4512867044703506,-0.12559965530689088,0.387879456893237,0.7745651834974777,-1.149141787534425,-1.1269731723787997,high,organic,mature,2.1047986564680565,1.1343781608671475,2.733263538662303,4.187386920881209
1162,-1.299311645995077,-0.10810008851988984,-0.33331705921159793,-1.4356706282952385,0.1493582276986776,-0.09561891671659228,1.182240170076993,2.012979079132458,0.45645034041423266,-0.6966305213662353,0.6467243773470688,0.009302923320473023,low,organic,growing,-0.6600813771382291,0.8027155218725778,-0.9824881146600455,-0.8725644631938736
1163,-0.24012525378149832,-0.8616011211798119,-0.464220039222007,-0.1777910112738275,0.8040963921654486,0.5110255804078663,1.8255761429284958,0.6743380738464718,0.4242949245623606,-0.30623036547257415,-1.0374629818467107,-0.5698934418531435,mid,paid,new,0.5629842762132293,1.0546779723317037,1.1083314778422348,2.009094224244727
1164,-0.6998386627619273,-2.560906817931806,-1.0086317825741715,1.6022097613659732,0.36860021295899326,-0.3765238553450964,0.39847982214002087,-1.9534045257293744,0.28209771646242404,1.2774922631474832,-0.12111594708938031,-1.7719895262485683,low,partner,new,3.1577158785972097,0.47424956996235884,3.537939014114717,4.567850644904511
1165,-0.41394053477669707,1.2792619949831199,0.25862965689766904,-1.4183100947935663,2.367629179183871,-1.253808516245133,-0.24292458161321462,-1.0373860006522035,-1.036002014913601,-0.4521511157351564,0.6361501598460775,1.2905314452196017,mid,partner,loyal,0.5019285076996561,-0.4433587821011578,0.05451022213116913,-0.1992602627570232
1166,-0.38616817203245973,-1.0101435541849244,0.47863931665980813,0.5079635789291874,0.2403763355534504,0.27573981290673266,-0.1125664463436816,0.09815085455588131,-0.18165112862357083,1.0702437270371223,2.228459500705877,0.17965315170719248,mid,organic,new,-0.018921545016956705,1.0482565861223778,1.0536401979776935,2.0540069181707565
1167,-0.006572247971360915,0.255861365690068,-0.6579218009832918,0.7649783711048204,0.44117640908112865,-0.4204702080426906,0.9020668190424783,0.018989768345387258,-0.9700566384743754,0.35160444542296,0.2369925033993263,0.9604181461106248,mid,organic,mature,0.17182267991450362,1.3984940497927747,-0.4224549301216576,2.3472590042131944
1168,0.8315469500748488,-0.10922633062876186,-0.4720869364135305,0.0017437500577992453,0.36330887966865616,0.4837543777650492,0.30141220813611785,-0.09076194347176915,0.9968170200232238,-0.6743018940932767,2.4794034521548225,0.7630703801537592,high,paid,growing,1.0179076965935092,0.618121414136017,2.208361670745412,6.168154297299219
1169,-1.1274854031700103,0.18522933093641553,0.7726835180321313,-0.34936910551970984,-1.4951440475767068,-1.0390639415988954,0.5420929443455513,-1.7546164725683715,-1.4493445718460223,0.5368347469339261,-0.22254921684682955,-0.6957803896047969,low,organic,mature,-1.2785294861584802,0.6240041199041528,0.042763044389050764,0.1116537924226062
1170,-0.4947321473225333,-1.4708138128443196,0.4844534304549453,-0.8065435550174455,-0.5357521845838709,0.3467851365871779,-0.25662753545421646,-0.7046533096343361,-1.9894384247239287,0.36742584586781474,0.07899296760840173,-0.5173874576833732,mid,paid,new,0.24820800054175549,1.4496227229065715,1.2983226750319805,3.4314450586528404
1171,-1.0373991054668465,0.012762478653524782,0.48047176052576845,0.09775888132430396,1.6380655204921528,0.7047745026050286,-0.10728308967404143,0.7382787560965639,0.04866227839107852,0.045192754522654074,1.2963637973110222,-0.8980578781405189,low,partner,growing,-0.9352427553089998,0.9579769831527268,-1.1158039086752976,0.5454394779300772
1172,0.023309648054958408,1.1897100026496046,0.30899055817489085,-0.3690529853687782,-1.7061597653741696,-2.2703469421937092,2.076181189760748,0.3085118212508116,-0.5840731390862621,0.34945688912984085,-0.94767413830335,-0.33120127739626604,mid,organic,loyal,-1.29815542240623,1.8978117944066797,1.2489237219617588,3.2556635709329877
1173,-0.9409403929929648,-1.4132735845645044,-2.104984945837922,-1.5976573922288342,1.02128776393746,-0.9868819612100316,0.5348921118028795,0.9566473898452137,0.01657968520745772,-0.2985672123210707,0.13302292052766373,-0.41662036652411394,low,organic,new,1.0882742868907154,0.30051310464057995,1.240118745979959,0.9182763351087937
1174,1.2039092620566303,1.8765338741444926,1.4498118303709555,-2.1515632347735676,-0.4370267588601139,0.004159138781156173,0.46305796042254327,-1.727314537702048,-1.7434436603689656,1.3067897496253924,-0.5591193186097794,-1.4874063384532321,high,partner,loyal,2.205803545206909,1.3284985091188302,2.446860024053368,6.2475898518529664
1175,-1.1036408077229607,0.3904746433122149,-0.8225476864634965,0.24162564218405003,-0.9787273627465037,-1.7442001273840204,1.4243801632213242,0.3981899112889757,-0.3337508612381163,-0.5213617216816094,1.464900369075235,0.5915300455287251,low,paid,mature,-1.4616622672024244,0.3488167541571813,-1.4837236124405329,-0.8938666482103089
1176,1.146813031635759,-0.5836926774892001,0.05066654017957831,0.4021989159965318,-0.5500691093138412,-0.0955321090036399,-0.5836103398832501,0.3990591975022172,-1.3213941638505806,0.571970019247058,0.3107132017429109,-0.20330852850732195,high,partner,growing,1.2490160148797185,0.9758444181225712,0.119249537823376,1.4495592702660178
1177,0.44951714565208367,-0.36494046373297717,-0.6701307413272868,0.5437261547886781,0.5870140051543722,-0.5072702388090342,-0.5930522922430583,-0.18297348376045655,-0.5520056528140176,1.5251191098822687,0.3164757141942066,0.014600233547214906,high,paid,growing,0.9861092746962076,0.7618881598007576,2.2811825120809717,5.177947825636959
1178,-0.932724973689029,0.7389894470366405,-0.6116048999444152,-0.65274731108104,0.7726146630765858,0.3873227209918976,-2.5034476091355575,-0.15777076376430912,0.12551962054762003,-0.3395961557811601,0.16036366568980487,-1.8096880029090108,mid,organic,mature,-0.48217878516933305,0.2787564344530144,-1.054582214833271,-0.3219672710065029
1179,-2.831020599340725,-0.9754682383702709,0.28224712176715,-3.2249562285208904,-0.8435460672395073,-1.9227609691993868,-0.24262417253134777,1.9578992579558496,-0.2171759946641017,-0.10750284533086794,0.8392309407882321,0.021306557810573525,low,paid,new,0.09087855451897492,0.6103695879186275,1.0104895805562881,1.8760710066812059
1180,-0.21499177018933932,0.9266459241450039,0.47188715051180563,0.28862576156645264,-0.13878015256746545,-0.3460647047270636,0.9171708852316622,-0.3364626198791729,1.231252879356013,-1.0471463662892824,1.433783954505778,0.472040083088418,low,paid,loyal,-0.2806445823660708,1.2433596444992565,0.8789085259524716,1.4093098624839462
1181,-0.9685349230520062,0.5089786345523063,-0.6503028983172799,0.033428054347475485,-0.48662713714525124,-0.1329121641330784,0.9414307938098668,0.5185116521466865,-1.1253653917690785,-1.0680964416584386,0.27077561026533337,0.34318712689577674,low,partner,mature,-0.28713040904450915,1.161729402950904,0.31619097150477793,1.0794459214827996
1182,-0.6744449793870979,1.5913154829820375,0.8134949372695958,-0.6255763653847941,-0.7222553158159929,-0.22781321371324711,-0.3318544110741597,1.256157493731777,0.9845229729948867,0.03506951350139048,0.6779055608892148,0.822975226344549,low,organic,loyal,0.4307389597263182,2.0866974472613204,-0.2612303161719856,2.951921241576253
1183,0.058260728266534306,0.40261867936908985,0.5941875540922819,0.48760572364888405,-0.7788038284757912,-0.6777097573460621,-0.28859466168605025,-0.7066642790468888,-1.4731005726356527,0.6759519609490408,0.34640812686900146,-1.3393665762925462,high,organic,mature,0.2884820881430237,1.0047740094666748,-0.052596167369158564,1.6184846466967175
1184,-0.24091671172753645,-0.18428581725262724,0.18194442850993936,-1.0819224486476589,-1.3539942359944126,0.5197244960339101,-1.5339620122686228,-0.23266349305466327,-0.32607718575822703,-0.12328431822678534,0.25271762117785185,1.5985706178114065,mid,organic,growing,-0.5746637857837789,1.5197812399938742,-3.2517399664651006,-2.8941473357884298
1185,-1.5994922005909002,0.8765815827327491,-2.5121579061313772,1.3937111488173184,-2.0428693405371567,2.436394638034791,-0.3897678294771549,1.2903830607730349,1.0841560234108645,-0.43648909130440844,-0.35974921818760114,-0.837158963132276,low,organic,mature,0.33514675209288847,-0.5005336662086532,0.21867909572629352,1.5503123527309741
1186,0.787370166444289,-0.423468104218468,-0.8189835280507342,0.5372760119561523,-0.897176441405749,-0.32898229175200283,0.10710586487219341,-0.6424294892612682,-0.4915486809199354,1.5349832011394577,-0.20423520028514647,-0.35962695978361237,mid,partner,growing,1.0109106898042488,0.20927099945004335,1.8136208775042324,2.409756853814734
1187,-0.175125138068722,0.4544549884990673,-1.0338636826738634,0.4272154004583863,0.2558201900592407,-1.7886553840741175,1.7942556034087618,1.4608135607632065,-0.8005629327448375,-1.1224265376972833,0.22805149702524258,-1.425863287831288,mid,partner,mature,-0.854603743093689,1.7327969376481855,-1.0921088221756126,1.3005734295510472
1188,1.3642829537022556,-0.46845373575239274,1.6218069283088166,-0.8244033703862671,-0.11220208556672034,1.267212606577366,-0.3232394796388301,0.27209174317574075,1.0926587556380132,-0.5560474508341664,-1.2617390905476908,-1.4587105963075782,high,organic,growing,0.34906750843784984,0.7044913783357027,-0.24101278381947755,0.6112138066571164
1189,0.5834327494378747,0.3887783869976185,1.0616631730810906,-0.27404471898259025,-1.4307372576005426,-2.3527523062815763,2.867962534351701,0.5269230185375029,0.13679175608229402,0.2786397603138164,-1.4313389482324363,-0.7948719909630466,high,partner,mature,-2.3105026424355546,1.305508499520897,-2.6082495665450542,-0.15226289956492356
1190,1.743330127991242,0.6583472858522185,-0.7635976576279362,-1.226815328083239,-0.5156941089445665,-0.3154306472228784,2.0491460358467033,-0.18826737596595502,-1.1895517841330125,-0.05860236361008462,0.264338468378001,-1.2805465775873714,high,organic,mature,1.439906479495491,0.3551324621358255,2.6552724498145093,4.560032133956015
1191,0.4021655344526143,1.20891595227157,0.13867128325076328,-0.7970651518496797,-0.5288704375701501,-1.658835976661862,-0.13383523410253537,0.31077995682991316,-0.8966325848654781,1.9397001510276282,0.7922794954511481,-1.7927773389484423,mid,paid,loyal,0.8702707064505436,1.5915858143186088,0.8159050175570803,2.6984218183558752
1192,-1.7722625585075578,-0.9840238027038185,1.5731854067592725,0.8909217105523625,1.6237121955582872,0.010209286562754749,-0.2094893279622779,-1.247509486060624,0.3496839249167958,-0.19616816691702066,-0.23467219048186205,1.618050841052838,low,paid,new,-1.2084568888756166,-0.27711647999699723,0.6494592875329963,0.3883791150290582
1193,-0.12634560286456042,1.3309814440476846,-1.5880746611426133,2.688112232862922,-0.3732704617553693,0.707184023274026,0.8662729119465122,-0.49735673037543554,0.8190300900590537,0.8710031765812385,-0.7131445010457679,-0.701300224181893,mid,paid,loyal,1.5446273656555758,0.5321832801480302,0.9738938607708527,1.7828727980879586
1194,0.04530682348474259,-0.1154939476853354,1.3931300958495347,0.7026681849450789,-0.070423569463091,0.6060779587076734,-2.0466530777966914,-0.6153109736317417,0.2878210083188878,1.1153655018924507,0.1997693346557936,1.4582389999776564,mid,paid,growing,-1.280178585150809,0.4187031805979144,-1.062946800019546,-1.6885249305698369
1195,0.8679398580252639,-0.4883294240713444,-0.14003064595376932,0.40842168623857145,-0.4486355528563638,1.5312901779165933,-1.1087261342922892,0.3161064504243861,0.7354468136050571,-0.31344698946110233,-0.5387993326492484,-0.07608129644999888,high,paid,growing,0.26353313351178254,0.6327549612597441,-0.1698687921152447,-0.9547776060286903
1196,0.8119985127851743,-0.4998479975278538,-1.0689211869092923,1.1505847769930262,0.3992964729355876,1.0078574304895174,0.7593317312674405,2.179889308281965,1.1149720356065458,-0.7240795618748207,0.4702679672315828,-0.5574887210435456,high,partner,growing,1.8425887542241444,1.7904373165494234,3.9170751679821336,7.191370425035376
1197,-0.4541261638378336,-1.4125004006152988,-0.2861131818665387,0.5450342885346998,-0.06602170513374042,-1.0993684032486915,-1.5230193324683148,2.111845935480567,0.3251607530414996,-0.8240691695998863,0.4617834597028763,2.1891860778060868,mid,organic,new,1.4451315848486948,1.4915645038331262,1.6248368961580548,3.0703339554742217
1198,0.620462359645895,-2.7870678690285327,2.652291687986943,-1.8492464802903776,-0.2060119453768321,-1.1334043000328504,-0.7400021099732134,0.2844096849826374,-2.0710235087986093,-0.09024558548958914,1.147342422741361,-0.8432403245875508,mid,paid,new,3.290960145460794,1.9735182527528703,5.419036282661976,8.48209020256805
1199,-1.3902850599421557,-0.1393051021557423,-0.3383414900513758,-0.595227670334469,-1.1883460761176137,0.519184581186122,0.5952635114417304,-1.0656467344564875,-0.9272536446037599,0.13649199400572554,-0.964971658087667,0.17866198269678846,low,organic,growing,-0.5014243448364606,0.24009450994373246,-0.9215518997387797,-1.0467631962640347
1200,1.4680465286160624,-0.05982268122831417,-1.2136163674392415,0.39210349732174843,-0.17765472951961592,-0.15015703749131398,0.4753228728787888,0.6910374027783259,0.03550216547330453,-0.06068031670928348,2.0635414904733906,1.200553998907298,high,organic,growing,1.6651482178224275,0.4307264486863633,3.1927273936774894,4.633495498864368
1201,0.8335461180651682,0.1312059458801964,-1.0057432358949738,1.1273863859339939,0.14429414671802135,-0.5771690138231336,-0.2431404535876946,-0.9661825662381481,1.057329042985862,0.6830370831217859,0.18163246152835105,-0.04278557362527005,high,paid,growing,1.259581142994886,0.3267316043835274,1.3775845152683812,2.124967485817329
1202,-0.6806688772498428,-2.1300726437585205,-1.4129268966600668,-0.7426453395192898,-0.892966382013853,0.2893606246160652,0.811493741973321,-0.1284392189010354,1.4089169351214348,-0.7828977195866305,-0.135537126748278,-0.05098717927759595,low,paid,new,2.2948971845439057,1.2451919407595913,3.131552779089503,7.054505905384395
1203,1.0921863288344187,0.10588708208217844,0.13356891455812855,-1.6548431150079215,-0.8999067092107549,1.0959522736975829,-2.0753422635971837,1.3429926524306277,0.49966448895423055,-0.7475213283637553,-0.8320489764072876,1.8959552998483071,high,partner,growing,0.09581834827643587,1.7165374488465879,-1.1238926296326146,0.9178564982355915
1204,1.411405806479421,-0.11944077154349764,0.13459172945237918,-0.6461813609102723,0.1347839778261051,-0.6739036885692954,-0.0785430241741799,1.8103293797647417,-0.09561404655042607,-1.0480218812736268,-1.3663720479849741,0.1271177573644799,high,organic,growing,1.1075983051564262,0.6905284766312337,1.456012254365733,4.691159985636978
1205,-0.7608951544927903,0.24660314198253636,-1.6195030931285463,0.690250134575882,-1.0601648717930052,0.04629725927733898,-0.3383032174399716,1.7183889622788697,0.17148917342952746,1.9454719481145941,0.5607424000624197,1.4254059223124789,mid,organic,mature,0.20126193464196357,0.9648718871116938,-0.8678585033487367,-0.6023345371061797
1206,-0.2087982064229208,0.3455030494903224,1.218643589018956,0.9049599485840485,0.530993278184569,-0.3279348327877281,-0.15877649380672046,1.1376619516033566,1.34591124873214,-0.5928627292796731,-0.7437589743549698,-0.9041337882702167,mid,organic,mature,-0.6337035859300629,2.1355626306483035,-0.37660718522503406,2.429693932984004
1207,0.8297006157301556,-0.9294750220625191,0.8176034060217474,0.5456903431210129,-0.5450918443657804,1.5638593138512664,-1.4622589081012267,1.6595325997585602,0.3188858642454964,-2.0734663566586917,1.5918796358216134,0.9722125042199887,high,partner,new,0.08951692321529914,1.124758112628998,-1.428873129822854,-1.1161894967705677
1208,-0.428211683413038,-0.9647205652413965,-1.5690667438383852,2.415446161810391,-0.9233818741618439,-1.2635885620009257,0.26791912435014975,-1.6378934667611151,-0.9815483984445561,0.9949691941604685,0.4642105948193797,-0.38636995973938226,low,partner,growing,0.7038114082579421,-0.4094080398238248,0.6097283886865147,-0.1778929924562469
1209,0.01830667293137945,-0.4424705302000037,-0.061997809369039564,-0.7618113825596522,-0.5802393195274274,-0.6106781375454329,-0.7258608518557548,1.0439109964164817,0.770117392013053,-0.9323632683909493,-1.194393792542571,-0.15727664313061587,mid,partner,growing,0.31774056084817515,1.8146741231474164,1.413352597974879,5.797575126921129
1210,2.1552875982895463,-1.0277052036965477,-0.16122438970404027,0.08872041371766212,-0.10864217404514981,-0.4582098742194886,1.155079972198554,0.4544586229434542,0.8458053237450754,0.5893799496663307,0.8939483218059867,1.584405832974063,high,organic,new,1.4061266667551204,-0.12193171073543965,1.9536805457493256,1.649704729343367
1211,1.3310439667883345,2.3248039595959145,1.2173412814071918,-0.6694467765275067,0.8473120418058289,0.7104351789845953,1.9202949052321883,-0.9671585166762892,0.5579510813929365,-0.6810703447669576,0.5125451041001348,-0.2147466645997193,high,partner,loyal,3.8273686183194,-0.03843598933151143,2.5934185687285156,1.1012741467929703
1212,0.47946880419088844,-1.4103381860814241,0.7932264815558977,0.2060595151861,0.15219288177190468,1.95022829984733,-0.38248339826782335,0.34226542477198163,0.10027069903925505,0.19803916024073265,2.221803904642779,0.06380709241374871,high,organic,new,1.0582493577925545,1.1015650238382557,-0.8401370250445426,-0.6985624178845041
1213,-0.567279799488263,1.8709027954472213,-0.3076887654389624,-1.6051781472090552,-0.7408437064288511,-1.2465874940428558,-1.7999654663144513,-0.36301500436813444,-0.07021596527343232,1.1805279151289065,0.6294016120620651,0.5838343081286667,low,partner,loyal,2.356252422984415,1.5210119162166216,2.853197003445183,3.221844358947989
1214,-0.8932100051977196,0.884933261964115,1.391232836398735,0.3945708915461603,0.4225175362979251,-1.2646922996999788,1.0544358076053275,1.780830548761419,0.32295239904683726,-0.5943572783674849,-0.16199485598784275,-0.4204207150125877,low,paid,mature,-1.591186601006231,1.0448804982200992,-0.009987805647818426,0.0805718498061001
1215,-0.3604496531602945,0.6479830636940592,0.2794641116703421,1.0039366059713688,0.3709025447782209,-0.8640879739781828,-0.5006920238493904,-0.5628410727878568,-0.1864700766184518,1.7947136914145883,1.9548995916476282,0.8366012004465857,low,organic,mature,-0.024917063534526634,0.8059448798514928,-0.9888631004046937,-1.3382429715246293
1216,0.11876379683361804,-1.361652219504395,0.22000830573008343,-0.7900072964370534,1.63052189656592,-1.6061056897904893,0.38448433333011733,-0.8742393776503687,-0.009515185483472202,0.6660681903110566,1.0219686887820973,-0.06069020093158128,mid,paid,new,0.4758234980635867,-0.25879037833471424,2.5732275762399484,3.1216872356287695
1217,0.7612165501815288,-0.6624700986121024,0.24553838477322035,1.0022074144378648,0.3320994781399878,-0.529343696373306,-0.27904236756343237,1.0156560625479392,-1.0918446169281573,-0.9443151340074528,0.6015887598117357,-0.4391435945417976,high,paid,new,0.8698669575248327,1.3826579659667564,0.8633736693558323,0.45544710884895245
1218,-1.4530581963496891,1.3508186670419104,-1.0996002878799076,-0.1994300133196385,-0.619520643687098,-0.2976834855402208,-0.8846194576513401,0.7142792376934625,0.11082352430691157,0.9836535952108916,-0.6091682115417223,2.133021769949211,low,organic,loyal,0.7180488110606742,0.8941466495309415,-1.2406447226136919,0.4772607362142737
1219,-1.9046487855039445,-1.585134907922294,1.7530848477164287,0.47404166744638443,0.3413860830560752,0.43127530731801106,0.5712072701504491,0.2997677204339506,-0.9659044916251056,0.8181909050727912,0.6606782115382321,1.4284311467398303,low,organic,new,-0.1898523780638713,0.15304173881690583,-1.7507327347773731,-3.9986800798015953
1220,1.7642410769011654,0.33047607964326225,-1.2275490176321833,1.7725229312021364,-1.018149935002941,0.3379641936723808,-0.256733926420855,-0.43062535018479275,0.7643001215315177,0.24445959926796562,0.5132414912681309,-0.8156862901633702,high,paid,mature,1.507375798435079,-1.3518204805415606,2.2773249478064916,1.4809511289529973
1221,-0.17407496537466038,-0.7695349798407002,-0.19907158797746502,-0.1187622248674092,1.8443041732047962,-0.2593885144687406,-2.125598324530646,1.3950915373207864,0.44925937402602345,-0.13101043455338934,-0.4372153668610949,-0.9469256560568857,mid,partner,new,0.4676588482221176,1.467352149607969,0.5972268890571522,1.9195922943946204
1222,1.938048097086492,0.051844888660036635,-1.7377511434814747,0.32774003328524176,1.2061717020348408,0.15643466835349723,-0.9015934721953135,-0.9910742860246571,-0.9173189277192353,1.5216579970469513,-0.07166405523682462,-1.6787244146786302,high,paid,growing,1.6235698711257416,-0.675485494707539,3.105790836919005,4.187392953188461
1223,0.3841339258444641,0.14103678557355223,-0.44889546688333115,-1.020406756088811,-1.0638948997728754,1.0866338154663382,0.24751285580509758,0.47864366466178415,0.24475880958012003,0.32768870491182184,-0.468394663428241,-0.20582935448077644,high,organic,mature,0.969336038954059,1.6977165859984178,-0.22878872774412706,1.7518345148317604
1224,1.164911805425043,1.4145901678191124,-1.2220919877597505,-0.20825883310778268,0.8392853589936647,1.8820797322157303,1.7819595813307498,-0.7957578149464997,1.2750461182058257,0.058636302107016376,1.0444166388757383,0.7882786808212866,mid,paid,loyal,3.4269928863210732,0.42561727577144065,3.545487684484853,6.2216241868625115
1225,-1.2639640425647631,0.5499739566271756,1.005696591169289,-0.02015525502783204,-0.24631642730662087,-1.5716639117730884,0.6836175165509342,0.208748367813911,-0.9221839147100857,-0.32583999687640003,0.15450324912777277,-0.5586357890526705,low,organic,mature,-1.4937306850440935,0.6403411416468385,-1.4869696236557368,-1.6541726610836454
1226,0.002677127509891169,-1.749932647203449,1.3494216968519552,0.015909284966284666,-1.0993535064903106,-2.459708848387683,1.0291349410333923,0.558091552723642,0.21068571346905124,0.8636480012646043,0.8608983962967114,0.19443807005353256,mid,organic,new,-0.08651485751740629,1.3071591089043364,-0.22952938057464825,0.5440241844892264
1227,-0.254214217257817,-0.4171415986152579,0.4209420239051994,1.3970313748793493,-0.10290317131597083,1.4764774059167223,0.373152473452412,0.3806909685166615,2.405109467323973,1.6526782162184324,1.678609244388215,-0.7976136583668579,mid,organic,growing,-0.08322784187960436,2.5672919934230243,-0.4658350705265969,2.37449738679163
1228,2.1921825021562906,-0.08221679411995671,-0.22749117975350636,-2.159248413413239,0.3262908245538229,-1.0833539581026397,0.40825382854699094,-1.1615651332376917,1.797699837794804,0.5515739628767288,2.2798715757495764,-1.0230240314925128,high,organic,growing,0.9292952777763797,-0.5842055047109812,0.5665959022378989,1.1815710477260928
1229,1.5491792447079755,-1.8027124170328268,0.20807547647429409,-0.631623119941951,-0.44795653525035717,-0.5164964179088289,-0.914716185351329,-1.2596883066506925,-0.44242680693146963,0.11602839728687098,1.1636943566260185,0.29535039662105395,high,organic,new,2.870044206087239,-0.312713258328343,3.0446900303676134,4.47045287723161
1230,1.1665402012943862,-1.4781768719571002,-0.43296940570874193,0.7110049191364247,0.34319075579135827,-0.8611751146591777,0.934068892165902,-0.5312731819524812,-0.7773635613937209,0.48694776049680805,0.0061693653342358,-0.52291233502861,high,organic,new,2.0510971055228318,0.36240089368362044,2.3536781333610475,3.7439966805205764
1231,-0.556868525247105,-1.0697967998066982,-0.39574824605886477,1.1000094354874357,0.24455046298816424,0.9585940807773453,0.5160685376747014,-0.6122462069718194,-1.649141274784243,-0.9268543647037955,-0.6712358110975197,-0.7485828702916597,low,organic,new,0.5253750534983618,1.322460806593556,0.7779479036016053,2.566455583543443
1232,0.9810199268597204,0.9705884668497021,2.211879640276645,-0.7637211711923855,1.597448306064415,1.5912672056641302,-0.23226375803886393,0.47355539694023474,1.2407332491412106,-0.05892462266226093,-0.1363917772146426,-0.6273374211174519,mid,paid,mature,-0.20731028407616392,0.4066681856090075,0.9986772248309553,1.6686594540887796
1233,-2.3600385186630297,0.07047161648847906,-0.7098693274534263,-1.0753486236168277,0.42219165014431453,-1.451312240821098,0.8060798912806176,0.4835993152605212,-0.40019321169725186,-0.06331025284445918,-1.1902210941542422,0.750338603365376,low,organic,growing,-0.7095318635886851,-0.6046095534438803,-1.9108103758774058,-2.6787328776025707
1234,0.18736424105126542,0.2618499545895443,0.5018903796731302,-0.642415413891724,-1.519058274920934,0.9573183749126308,0.6887184136124077,-0.5353588032709344,0.4091101991300401,1.25797343871795,1.1387008030839398,-0.5645588364319957,mid,organic,mature,0.22117707790372348,1.169801268452631,-1.5905064566010125,1.1370773193505228
1235,-1.4887610454342513,-1.3172151395967535,-0.3117260129551111,1.4623171332871585,-0.7284454121413682,-0.5963278530093554,-0.6169110981183182,-0.5317307962886673,-0.011226844086627264,-1.2800501745517556,1.0843599563269513,-0.1448210780096468,low,organic,new,0.35764748170250626,-0.6893951886421961,1.3746125360903703,0.8550277267184065
1236,2.479134574725335,-1.173570998550015,1.5898661718249083,1.3913453979864867,-0.41168400884564893,-0.3950606135118676,-0.9212978161298966,-0.9098214252395551,-0.0006059497748582492,0.02069598424636107,-1.6023552669411647,2.2935053233258635,high,paid,new,0.7608275479475397,-1.7288681777218693,-0.18269749296145177,-2.330865079987177
1237,-0.25951685716306216,0.06561227721718836,-0.626237433413442,-0.2670095390918342,-0.35787811124420843,-0.0029304258252604446,-0.014589910428114545,0.8048663485410703,0.22721993709877608,0.7042830203995033,-0.009810821805434359,0.23125255510589088,mid,paid,growing,-0.12131446165095586,1.1724710141574752,-0.5007902802661335,0.08038778385832657
1238,-0.2413056826832715,1.0031117343376488,0.32262242951592457,-0.15807485451290068,-0.18791013455132072,-0.10923934124699704,0.03044392367703176,-0.05636110121892039,-0.5588416552113599,0.764900555268261,0.8280759925481701,1.7838568379007467,mid,organic,loyal,0.1654296667365214,1.37868862276468,-0.44666997314625556,1.187390415796962
1239,-0.6036297106447612,0.6664387251521058,-1.9091373162826824,0.8290430650218876,-1.456582115007185,-0.9843311035722854,0.3322253290158185,-0.6214990354223122,-0.7583535100029103,-0.4848160224983458,0.7296259919185254,-0.9328903964177435,mid,paid,mature,0.29626660821055517,-0.15765300901468343,-0.33724571388121727,-2.717817706157218
1240,-0.0541548642225358,-0.3786562845393365,0.8198907713290137,0.8479217540828429,-1.8352817974361126,1.0451094187643148,-0.6107559064588114,0.2362921985966739,-0.9389087403832965,0.37113460270978327,2.551348953621102,0.12716556128503306,mid,paid,growing,-0.7958859744808078,0.4078367959871854,-2.254150012705732,-2.6576199236646025
1241,-0.45984771764635685,-0.23216123467554106,-1.4690299572380199,1.4489632861644581,0.3128831075966104,-1.0488979062978467,-1.016318290128753,0.015282379148826237,0.9319953933384871,-1.1509899087369713,1.1134093418671713,-0.09163355195690347,mid,paid,growing,0.5593692317913062,1.0764529207077242,-0.010158355943408748,1.9438939092312695
1242,-0.9302433850070968,-0.4676904265729778,1.7485538771297098,-1.3882133365453373,-0.7318929559461467,0.9525835846349205,0.2164570434536348,-0.7912408182580523,0.9647932363648231,1.0122957331691809,0.3313906685180812,-0.6123965875835142,low,organic,growing,-1.2364170433796489,0.8920891332304011,-0.5870859311001176,-0.39735337106197166
1243,-0.45830461983435805,0.28467606529839856,-1.3119290612133796,1.3277848811331123,1.7002090886758383,-0.23595484984027074,0.3561044924308068,1.1858020428493259,1.9555608385676886,1.5569813354906985,-1.7355375133587927,-0.31555368832751896,mid,organic,mature,0.24333581977641736,3.3663022067568193,0.23940438016644153,3.864232530787041
1244,0.500688251483219,-0.4942172969019316,1.7827667450403646,1.6293751728026327,-0.8159301412587299,-0.16240001990572364,-0.749554136189637,-0.19512844410616964,-0.2254323493333833,0.9542579147468584,-0.8884646637338346,-2.6167496049557637,mid,organic,growing,-0.24740508632913266,0.17608853700093047,0.2571020421777815,2.6196566551385048
1245,-1.60454308223482,-1.02830161270673,-0.6556915889970717,0.1871744006152133,-1.0797939055288595,-1.2111005902599319,-0.92944741765211,-1.1156540011597813,-0.5544937442956455,-0.5972873958950655,0.6890568169738107,-0.9895293850696225,low,organic,new,0.47448053902050813,-0.5314550755105953,-0.021601458424340414,-0.22793709648349475
1246,-0.35759662832977124,-0.5450226799167689,0.8088849760375675,-0.15427927601770416,1.0506967233991944,-1.1523701760048088,-0.04936660843481989,-0.5758910170299324,-1.2260460978856038,-0.0675110409850576,1.7329277582352234,-0.8529088029261331,mid,organic,growing,-0.47273706360580037,0.9277891812958845,0.4301089271761295,-0.7522958346622426
1247,-0.12745498183776638,-1.3122316195925512,-1.4592277719040092,-0.787252329342901,-0.4499830116291807,-0.40558304093114994,-0.22602501507922626,-1.6483326407033696,-0.6259462115069723,0.501758473403675,-1.3582450728945377,-0.3551456948450711,low,partner,new,1.4526090282726911,0.6920762671200228,0.9442471529291558,0.5097131993706165
1248,0.2928437599380678,-0.7822669220236698,0.34152439616084757,-1.521126279385031,0.8884495729322054,0.3658007330936959,0.05566540350946721,1.1248180263058407,-0.32934905923661484,-0.6178561124619121,1.3725442840972462,1.8407658022347948,mid,organic,growing,0.39137063312508197,0.8619376907546894,-1.7171866674008123,-1.6214082282888498
1249,-0.6934377061177628,-0.11374323710781528,1.0450425432614543,-0.07814500181077243,0.5945885087379836,0.7804035974883825,-0.562304575556544,0.4192746634002592,-0.006192694509936961,-1.2168685933937622,-0.9896526464284002,-0.6524169243963687,low,organic,growing,-1.1506779742576618,0.9859454870751321,-0.8340541813313647,-0.9021508568679659
1250,0.9285198508026042,0.9613581623133276,0.7499129183216177,0.4401107032656179,0.4128263071564397,0.27756044955483006,0.40759705542163416,0.4753625836642024,-1.404422165727381,-0.7902471459442385,-1.0289216244820427,1.1071450076540088,high,partner,mature,1.1604844173399709,1.43939361332153,1.9278691863686512,4.049006761401418
1251,1.6541001035836127,-2.169047920412175,1.5648146118716608,0.08672137353152956,1.012719819158702,0.5064671545848963,1.4403950535999206,0.20974243335749618,-1.3634544588129167,-0.10567488377320998,0.5156560461068058,-0.21596110153435863,high,paid,new,2.887248776058633,0.2950975290117891,2.328009763639406,3.0269341994612513
1252,0.6577317221526706,-0.06569738864044394,-0.59550931911487,-1.0859783833115408,-0.39181538253334447,0.20457164970032737,-1.9593918042559506,-0.7800764107150233,-1.9966920447743985,-0.6170748539780397,1.1973147342872235,-1.1861163817288356,high,organic,growing,0.9488615450071758,1.5879017269418663,2.14806781241559,5.5464614159134324
1253,0.7031597458613295,2.84882512731232,1.4535381312573497,0.1335133803912118,0.8584344557964826,-1.3696828024367917,-1.5734146534105542,0.02869810907939372,0.3986105634684114,1.0944042842492405,-0.5687621414013152,0.19339548436164583,high,partner,loyal,5.133146680066278,1.221315162416251,4.282454492361448,5.697174555309589
1254,0.15911155655297451,-0.13139410557646702,-0.0724748761340012,-0.8547045026395605,0.27970740838496316,0.19504998019507824,-0.4400117659560351,0.6657742660235674,1.027831588432296,0.6773762959754626,-1.0424433200607244,0.09964576686199166,high,organic,growing,0.4836690238495193,1.493213648617908,1.1543958367168528,2.78642885417298
1255,-0.9114315628634524,0.09655474629983324,-0.9075366970199139,1.2771633373547857,0.7833314690198421,1.1529893053423892,1.0517220901954962,-0.27059971157366486,-0.4256097435274256,1.741723828700153,-0.16511965017241503,-1.354580642471999,mid,organic,mature,0.2657974152353452,0.9495901471542728,2.0105733573924947,3.780593999039703
1256,1.007466733665825,0.14377566826372068,1.5059441239789821,0.2429696779808486,-0.020001487346713052,1.5261208087746898,-1.5384663450369873,-0.5853623046030073,-0.8873629718552081,-2.1950797785732843,0.8731764280166031,-0.557418413982939,high,organic,mature,-0.5801079083383505,0.41273947359763474,-0.5433769239668006,0.04748391594275864
1257,0.9053680416465748,0.389086491234604,0.6071424666276842,-0.4553994808406475,-0.7642481439850484,0.08976087521972068,0.9191681833081691,-0.05038200548374193,-0.7019363226322926,-1.1990180913983586,0.204163015323827,-0.5540675349285377,high,organic,mature,0.8148041236536929,0.8669882929202533,0.5883210376306671,1.7786109004181248
1258,-0.0717405873897399,-0.23877878224865942,-0.4444309746845453,0.29380356075951225,0.554504084144107,1.9652789446507835,0.7579677146845119,1.5936823294741405,-0.8186003714017367,-1.6009447707270237,-0.014430255720158127,0.8580272441490993,low,paid,growing,0.5670055360307377,1.5406934732116833,0.4613338605566727,-0.2708459314227625
1259,0.7011617181594295,1.2113815723265748,-2.5365453589852063,1.2529768948842077,0.3354626264296404,-1.5440133451250129,0.7235288467288058,0.1694825768329633,0.38122929857805077,0.9991091503153616,0.43027536843071573,-1.4728250984696853,high,organic,loyal,2.2943974171617656,1.4403012798948376,3.922692804113563,6.623094003250535
1260,-0.143026269782909,-1.6176451708508919,0.6490618805588924,1.3979702415840396,-1.2414519625523257,-0.6714637605324103,-0.8823693211221685,-0.45390527193833696,0.412423158198868,-0.44306912210115895,0.652530172699025,1.065379770075975,mid,paid,new,0.9392704066894781,-0.25373073038824645,1.3420529804806554,1.3401837713613498
1261,1.101759261329277,-1.1181810953696476,1.385928944472723,1.4660722848762389,1.5526799312371686,-0.15781481971769576,-0.7518424733102778,-0.9842411914800846,-1.1017798865748192,0.011690406664868707,0.8478518564904252,1.3065584409873443,high,organic,new,1.1125603894586258,1.3269231245050828,3.256763066677297,6.424824864098425
1262,-0.48555711636235127,-0.038688267080288836,-0.10418755340144568,-0.635280249865139,0.7357495297606192,0.36284824662322557,0.1418231751196062,0.35830543919592484,0.6154512479574837,0.6054370191303882,-0.8384899561218573,0.8963285487429461,low,partner,mature,-0.3051440169651411,0.975009251797124,-0.025892629021120495,1.6643191426390707
1263,0.25536611768055933,-0.43461619498026516,0.2342296914461701,0.34447747672505324,1.0817836671641239,-1.0461556284851803,1.3249843536541932,0.023166356309827475,-0.5061532507485986,-0.5367580998571346,-1.0013677583425795,-1.740914883756743,mid,organic,growing,-0.36333394208360037,1.2132085339911474,-1.0171306019873443,0.1317832624009146
1264,0.6773998803592036,1.9808864004219644,-1.6176153488358151,-0.9504279159303584,0.7515831891453333,-0.045636908671423004,0.8344192422751492,-0.10172052314883664,-0.5806274992663778,-0.22584211067313115,-2.382089422255963,-1.143484345648465,high,partner,loyal,3.5260655417099493,0.8312178792254896,2.9425586064967395,4.969708196077009
1265,0.9482793742187017,1.1918998441788446,1.406166055092316,0.4408693464480327,-2.25606887428627,-0.6350065291871417,1.324655676548632,1.6230542386835534,1.3626477430072432,-0.2362524647697995,-1.3065758665745653,-0.04063158995848167,high,organic,loyal,0.7410026468986417,1.5047394337893176,0.8026099123915889,3.90051541912805
1266,0.014807018230262495,1.565564820091453,0.2277913001222113,0.0166811788807713,0.07349514814345873,0.3998588297626864,0.6264400860615683,-0.7245374340179959,-1.0576203946255687,1.3705585214046985,-1.6410412944356836,1.6377474592047725,mid,partner,loyal,1.2350307395254236,1.2582550791297982,-0.8062918764442624,1.360371746847948
1267,-1.9106786972536998,-0.584541132831021,0.9718539705834471,0.00034188907827354173,-1.3164768037618408,0.4264281541259961,0.06700434180048112,-0.21604828844197785,-0.6239222907829078,-0.034605999530600194,-0.5819216119523554,2.4345326688491586,low,paid,growing,-1.2092962132115725,-0.6139080182836223,-1.6842860499322003,-2.528147880934321
1268,-0.24001715181677286,-0.3737569538191105,-0.5416361454877889,1.7769508428381933,-1.6390668778955666,0.3594324218994177,-0.23928997187640463,-1.4234001046420122,-0.8190763278631161,0.3169539939058328,-0.8643932196560877,0.2595639282200429,mid,paid,growing,-0.11099546320004747,-0.9557718209590433,-0.5637932972498156,0.4567151802422009
1269,1.7291532286863516,0.17060067721733546,-1.4535124785244957,-0.8467962618468898,-0.2854057387452622,-0.352235118994659,0.15201384511591828,0.31244294207806683,1.7305279551188588,-0.003719665087893742,-1.15219444687591,1.153806130248567,high,organic,mature,1.7872052457867076,0.8813368399150983,2.026995001205574,2.888234016925352
1270,1.2630245767810238,0.2324430940059693,-0.24639439520896178,0.6225464025490614,-0.21107981367953002,-2.0557089287774843,0.5634742829724668,0.8922514769745777,1.4410872303793294,-0.7307584429525649,0.22616531586127328,0.24779955785298277,high,paid,growing,0.5869654895718596,0.9404882038909461,2.5287837099733093,3.0424639187630214
1271,0.08538255970381457,0.11485603828621535,0.037136015376966126,0.21174940158281658,0.7406810339953532,1.2202875245843159,-0.7563324206936382,-0.1723013547881824,-0.4226081198876573,-0.5656723572000585,-1.6160314153060262,0.024222455852962142,mid,paid,growing,-0.5110693750231456,0.7592142041993875,-0.45625288661396635,0.15524744471293606
1272,0.47932036954528806,-0.1550997518988721,-0.008957896397085302,0.4184369279091314,1.4111196951636316,-0.419764529523036,-1.1716121143338896,-0.09044014699361407,1.8835612633699454,-1.160900558428388,0.650135695580284,1.157913229285114,high,paid,growing,0.7317204952232663,1.735851759820275,-1.190938591903099,-0.1861782717797379
1273,-2.3655342193942603,0.4102225236084852,0.6034106370730951,-0.2673352013798542,-0.6464385610897172,-0.5906623525239804,-0.32856849587562137,-0.3020960316877769,-0.49077704275676737,-0.3444752526824457,1.1907918238466282,-1.214428778915135,low,paid,mature,-0.8701417916837019,-1.0016351589855472,-1.7840494415606631,-5.786240742482506
1274,-1.7490584232715904,1.2067851072343152,-0.19201775934058218,-0.3882322924825359,-0.11121712373266902,0.2092767007791268,-0.5240512271183657,0.505931127647303,-0.9622625738088963,-0.3018261778491861,-2.2146962552847524,1.172237134863775,low,partner,loyal,-0.016618219917699864,0.7036592971389228,0.24566964195321384,0.3706490216867149
1275,-0.1760876965596295,0.6701040917371585,0.4765745842662499,0.549813780371322,-0.007775528574346402,0.3882273927391748,-0.9612844126119443,-1.1711785562297325,-0.10110593350525482,-0.6797763803957657,1.4254641732494264,0.37514442930711006,mid,partner,mature,-0.27936088696098343,0.4903786185495182,-0.1863661272822863,0.5916878068873194
1276,-0.7164813901205392,-0.2715404385055802,0.13300658198809953,-0.06800295614891692,0.2717460329342649,0.06865454446230801,-1.39065674847008,-2.1509045675039107,-0.373609044891991,0.5604927050983572,-0.3623690345635789,1.2365641134052252,mid,organic,growing,-0.5865640469098672,0.19673698056289082,1.0378914754027166,1.487968152831072
1277,-0.04688669929889871,1.3571960642519787,1.1519034392643055,1.051286865174467,-1.2035116342070005,0.017140667973201705,1.2227734874823142,0.27234472475803834,0.5543599049989679,-1.3878873051156215,1.9187899306080671,-0.7913744025654164,mid,organic,loyal,0.37352207472938403,1.0158567110166252,1.3335993731007578,1.9730744843533854
1278,-1.9944251417501968,-0.3511257378250668,-2.4474838515210666,-1.0851251447911667,2.5585118331044456,-0.3800407775032198,-1.4277871679797909,0.025297886566117544,-0.8978037450319751,0.8645191996739301,-0.8895447793860404,0.2707337101351589,low,organic,new,0.6507767176993184,-1.4437202914704104,1.580892191477035,0.6537650770058077
1279,-1.1470590368724591,2.5990281447905534,0.5036237200273143,-0.14550579748246745,-0.29295825063128517,-0.5535999832493642,-0.7609134798075177,-0.7883967261811863,1.6783288504619516,-0.5526139577212386,-2.129418906638421,-1.1659677208798944,low,paid,loyal,2.3900927320644785,0.840049318100583,2.172959639911968,3.787969329229279
1280,0.9277246199991376,-0.25232405659133683,-0.134081600136371,1.1698144514190927,-0.7771665891723032,0.632417722130904,-0.6678831497875924,0.5758766367523337,-0.3911352507696586,-0.2415491748556903,0.8201336575112773,0.7480248076824996,high,partner,growing,0.9134240326823428,0.5405870175164214,2.0125450692332207,3.8719699913809498
1281,-0.16542798540458478,-0.47162366999478544,1.599147584481654,0.5893308114979687,-0.39114180865788506,-0.653084363289755,1.0248975069421395,0.11540008605315935,-0.16355299512608623,0.11497517556259378,0.3377968746369915,-0.05668914743077159,mid,organic,growing,-1.0078793751451527,0.9582393185665796,-1.903802501342444,-2.158204578707191
1282,1.2036868668429943,1.2593384762119868,0.5318881192017995,1.3747189904956274,0.008496768138222052,0.6903310050046153,1.0044563188719415,1.01903828001661,0.9159991477383439,0.6311891940816846,1.957128115638086,-0.5396957852654911,high,organic,loyal,1.927674951741529,1.3856236251590028,2.895969261035265,6.024240455021304
1283,-0.15522078756021063,-0.21451047665013417,-0.3680671447638095,-1.9887720434149363,1.3748648057082475,-1.0260404590462775,0.1698149087460972,-1.4218611776748866,0.6207157307197384,-0.7853960359401979,-1.1359619241090577,0.19434346448170625,mid,organic,growing,-0.004735788274583666,-0.6801242136757139,-0.28715469143195094,-2.144068286796595
1284,-0.7007345804826288,-0.5741590960863729,0.1717896151996206,0.7999894536344173,-0.8184004878717116,-0.9911924739914997,0.023483666682274893,0.5392525802580823,1.462755191860625,-1.0713295982937014,-0.31796710127038064,1.1757860250752543,mid,organic,growing,-0.4376102077154074,1.3001148409905778,-1.8856036136759335,-1.654546775987813
1285,1.9730945361387187,-0.9930909993087541,-0.73881191980665,0.3811000946098597,-0.5777431421930873,-0.7592317545099526,0.24447060636890713,1.5494199537397775,-1.309482295099386,1.498334107779513,-0.5747692185828881,0.3457919212581986,high,partner,new,1.8374671694107363,0.4862856229168715,2.4307038700256105,5.3451938555508764
1286,1.5908507211018605,0.32532359230211194,-0.29749104819918826,0.7181756226947392,-0.17316620233244048,0.5213510495946143,-0.20468099837781942,0.8611528969890385,-1.3942316925502163,-1.013521624093676,-1.4089284248679461,-0.056429429196339594,high,paid,mature,1.0939435641083812,0.5780644862821238,2.4914871827227674,2.793120056224537
1287,-1.5295382188097704,-0.6918315750668192,-1.1075086045688078,1.479676229538824,-0.990680352175839,-1.2865457029233422,0.2483385337657695,1.6868211545616603,-0.11606707924568499,-0.038719306477064175,1.290757461078476,0.8782293382164461,low,organic,growing,-0.18942441720008674,-0.05478980839258874,-0.5960262885160494,-1.4883912960942585
1288,0.4254149846118925,-0.5823407284001934,0.45595790628661287,-1.360784095352687,-0.623675549392598,1.4314626509552495,1.3019926847411216,0.43748469933537587,-1.9293537213766583,-1.20822152798315,-0.6794724286140688,-0.17169903133871717,high,organic,growing,1.3900399147848037,2.4703128970286015,2.9528016650282645,5.055844000971027
1289,-1.250411150505963,-0.24631372358223186,1.7672952381553557,0.4008358768586728,0.21882662896103644,-1.0175554190184881,-1.6389847867125071,-1.2281964255430382,-1.6793891480410101,0.0750352622415091,0.3838858044073592,-0.9652899528193466,low,organic,growing,-0.8571358386664464,0.554257010512113,-2.5130767529879927,-3.540009151684184
1290,0.14791933990914743,1.4689938162322835,1.957697342347237,0.7704103507492184,-0.1748405039583434,0.7381042438762555,1.3518099836779613,-2.007228137790559,1.482069037796416,-0.5445868205930625,-0.5349629549374902,-0.35492797258591785,mid,paid,loyal,0.515022697528867,0.9988766784789477,-0.6817705392474951,0.2509381354859733
1291,0.32008413877575526,-1.1112542536987664,-0.2848140346909515,0.5252772064978907,0.21857124927399274,0.38081451436146924,-0.3239687123812294,0.6937099524626579,1.0564161220028556,0.9964393121627113,0.42761023284313576,0.938892608723679,mid,paid,new,0.7479776702500569,1.3900934574837875,0.6012516284979188,2.8782628673740316
1292,0.8710605841147306,2.6765079066841464,1.2180670700487084,-0.08874413663528145,-0.9116792873468695,-0.2611402547591107,-0.33178485559997944,0.5114225677258678,-0.7002562451892993,1.1921771715204037,-1.3895630058952957,-1.6325251363164162,high,organic,loyal,4.030383978289473,1.435644749978543,3.659620092361779,6.1745127365301835
1293,-0.135116007925349,-0.8425590491955116,-1.2582338539842965,-0.6370699550048425,-0.7614858290789228,0.010134331234219035,-0.6204707883142613,-0.5391343582500725,-0.004865718221292914,1.0142415707354244,1.4707454654887906,0.1477675624840646,mid,organic,growing,0.810878677380301,0.9137960570310628,0.14374529132107683,0.7759750865277968
1294,0.22554311877052022,-0.183187017295841,0.4812486200590785,0.39021936058413886,1.3258476830884123,-1.888704629155429,-0.23449774371220775,0.33918986912764376,-0.02628395754211129,-0.939173032096112,-1.2993666792404774,0.806322426028862,mid,partner,growing,0.15628425879812852,1.4037150185255503,0.2899619776163517,0.5378917033068347
1295,-0.7569258503964148,-1.7549004915056021,0.8565728600098982,0.45898290044606543,-0.11587409745823536,-0.9145515927610286,-0.11344144337049392,1.2155876005192052,-1.6146992860287996,-1.563977616739594,-0.6277653229124105,-0.026643686793205047,mid,paid,new,0.44652735042867236,1.607839635252596,-0.08206310740168227,0.7740271404484643
1296,-0.49629189788378053,0.6428165751670194,1.0888339444483472,0.27876877460746785,0.5604323437561043,0.2720995520236724,0.009508090915318122,-1.293558699814695,-1.0279917076026281,-1.350918476971927,-0.14850479496108387,0.2322780312543723,mid,paid,mature,-0.863268308839454,0.44781655444297813,-1.2222429726421882,-2.687135108712818
1297,-1.4492623847813766,0.0725950471020076,-0.8752163282602088,-1.069199343536859,-0.6253494165607089,-1.1204764983450464,0.6066591179592864,-0.16800441804892752,0.815214056987588,-0.4434963521062697,-0.4056860618836856,1.8733826408134555,low,organic,mature,-0.6695156145737433,0.48839406366075755,-0.3910905442233723,0.7165359810549127
1298,-1.6230604716803392,1.2844812434196993,1.654524037645827,0.7658174962614995,-0.33047046937102437,1.4269020717397416,-0.32176135988999893,-0.7057855857107213,-0.3882683441916638,-0.5701937391185379,-0.946623124919582,1.1100078341089648,low,partner,loyal,-0.9021461973568734,-0.14325467651383722,-1.569683079828235,-1.3777694816433308
1299,-0.7734483526217836,-0.02964698892137299,-1.443771889398804,0.03081068174919174,-1.1559260442227393,-1.180485822925233,-0.10928791009608284,1.0569722651809352,0.4404136877397962,0.5091203861327592,-0.12991717997900754,-0.33564026515051754,mid,paid,growing,-0.05714340955673641,0.9686716215575264,-0.16316157087570973,0.7161139800875571
1300,0.7911406384942357,-0.5631771623208023,0.8344341544476959,1.2359469389340596,-0.8413867829757772,-0.6944454956332078,-0.5456955064146043,-1.4669626257534132,-0.46940273163385776,1.3014497372195053,-1.0455755423353477,1.3251961086539485,high,partner,growing,0.8535957177050215,-0.24923778001557095,0.20805667134543204,0.46268687661809377
1301,-0.43344445795307723,2.114035637102753,-0.6818130653154276,-0.1439819498221597,-0.9101830651923999,-0.6877007735858263,1.3381791668583911,0.4745366851389799,1.0288177791774493,-1.3155893009900326,0.654828453157915,-0.9714433167204711,mid,organic,loyal,1.8372831034777362,1.8462279862778859,0.6316626867177064,3.5436220523581334
1302,-1.3373185130328527,0.23876613885355588,0.2285383334114134,0.053345786299150315,0.7175584126276655,0.873566317633677,1.469729339193701,-1.1903429983058353,1.5020162454502248,1.8823114896955764,-0.3662300164520345,-1.6684916830731764,low,organic,mature,-0.3390693127217741,0.3141898625832544,0.42463286195192984,0.9674214708033031
1303,-1.383498913069118,-0.46185138093371175,2.014141590307422,0.01708000020317875,-0.617184116751813,-0.685402258357297,-1.3227223250057913,0.87457602968039,-0.0920687447190845,2.0998295097624324,0.6282093964264505,0.8299363160572701,low,organic,growing,-1.2230804636592776,0.6057947275332993,0.484713977182736,2.629533581863282
1304,-0.24210483074267797,-1.091030338173488,-0.8735809803291802,-1.3692469438890817,0.910394719818091,-0.3849151872458864,0.9525005395920663,0.13591440230756358,-0.29281835577044596,-1.1696028349685499,0.30163273296267773,-0.218633016446795,mid,partner,new,0.6498349908158579,0.5123714949511684,1.7144069858897741,1.717307880366176
1305,0.9021839279554212,-0.7154106758755986,0.6161077734970362,1.6408484162225372,0.2725559146597197,0.7852914527418813,0.5718902461775794,1.8980914845175216,0.3715604216938288,0.69995885173551,-0.036276028515956675,-0.7743885356827591,high,paid,growing,0.9360440019015033,1.1793066308867692,1.2677600837628198,2.478724511728318
1306,-1.208175685681169,1.266924065636675,-1.00835937134254,0.7458644997834322,0.41601663038376163,0.9177853448957316,-0.5147120225832186,-0.7907299144832106,0.37837183809975755,-0.29234167320751325,-1.2310283366062782,1.9385255423403462,mid,organic,loyal,0.31937560936930887,0.4848549994157899,-0.322152833366658,-0.40168585200847534
1307,-0.7914081659625453,-0.9936327119850145,-0.24213576817937757,1.252858569157914,-2.1667350431236163,1.1698836145754492,-0.911473501456303,0.2645252401082543,-0.6760069617238005,1.991916854002006,0.12462008664235147,-0.708091550341236,mid,partner,growing,-0.39298804599784387,-0.24937102951702644,-0.6799067701805845,-0.4860117367222778
1308,-0.3010913218376905,0.08963707490168742,0.17767660776220065,0.43876248352132075,-0.0014046076823149307,-1.377162416608716,-0.3402676709016609,0.6066583748408585,-0.6698828063790009,0.6727812796983775,0.03171813295781028,-0.2177401567664898,mid,partner,growing,-0.1257456197514326,1.3919841662822885,0.9312756407158962,1.168501169886876
1309,1.1941438925395924,-1.7381314443842815,-0.6753208982646495,1.2324287096787758,1.8300491631535343,2.2859924846717004,0.05035553033830387,0.45789737961554294,0.817427827235667,1.275075272158284,0.31309193467476126,0.9261489234460668,high,organic,new,2.954410697180229,1.8068103836839382,0.6729239301568142,4.1295861000023475
1310,0.459773800444522,0.5222239419083764,-0.9183692369000799,-0.32921371937622396,-0.5227691980778195,-1.1888954535785217,-1.6516052242109154,-0.4236274985921485,-0.26388232643625964,0.10503707602784203,0.5557378408401406,0.1881222436058222,high,paid,growing,1.840055783370991,0.5010184240699205,1.4767955589771402,2.9826270312352556
1311,-0.2569111775305763,-0.915126315776875,0.8770690975012179,-0.10182221728940127,-0.4337897950069095,-0.18645428241326925,-0.7327443473547077,-0.5306739234111065,-0.562458313290188,-0.28733741800046864,0.6557549568180899,0.4071120685406081,mid,paid,growing,-0.32457913691517315,0.5246078853960394,0.40953678282909334,2.8073001756918323
1312,1.546737407280784,1.2117290921120087,1.9564217732345757,0.5591584796708293,0.5431052223735305,-0.4874157776371357,0.8260148974954985,-0.6561169300430894,-1.4704555243815784,1.5263233922477548,-1.2491815946326714,0.4388517895955985,high,organic,loyal,0.8424772994633973,0.7058092458631711,-0.2958030827211062,0.28069402494101453
1313,-0.8803313728333623,1.1266676227918337,1.2629499857706958,0.529177807423186,1.2463647094761992,0.0073370758311229805,2.23417468082605,0.7461652334929074,-0.9005515596236933,0.06960670874413896,-0.15250202621506806,-0.2504240584376609,mid,paid,loyal,-0.7438405807785612,1.616154196422444,-0.32045229653302454,0.6492469119457557
1314,-1.657139227899207,0.3868645444434601,-1.3857529789405525,-2.5254072805223835,-0.34401364112330424,-0.7558936533922377,-0.8615370126355533,-3.103095950365521,-0.8508428759530484,-0.17364186517270233,-0.6341539400960937,0.3873436762533315,low,organic,mature,0.16189325887572759,-0.11188829704299588,0.5388825296414171,1.2457650812518093
1315,1.3926606484755626,0.5163674402551751,1.0263942941019852,1.1091266896484484,-1.0188607670667127,0.4391146926861949,0.9951573533654661,-0.43596047804847926,-0.7906266500302912,0.530406459216443,-1.481628871787679,-1.088004583066293,high,partner,mature,0.9835761217229609,-0.42122716631604157,-0.4707563085395311,-0.0026452895031581214
1316,-0.6667563475834333,0.4505142131307084,0.21891252155566446,1.0323708795521318,-0.9218700543634186,-0.9754729712675083,0.5239119687496643,-0.7986669041070357,-0.603503915494421,-1.8567648392517488,0.29084600141358746,1.5412904718161682,mid,paid,mature,-0.8962061162575908,-0.19935876558050747,-0.8092280061146571,-1.9657760140011047
1317,-1.02928891630038,1.0217036117201135,-0.059398580989951294,-1.765414638410031,-0.8947268556281281,-0.9564673328037719,-0.3165277851406263,0.41951428844670424,1.8489228372414315,-1.4311457949184863,-0.4847773969199881,-0.8959808529107114,low,partner,loyal,-0.015778263439428022,2.6687736907136017,-0.6332235314409478,-0.15201340774328376
1318,-1.2679794614892974,0.0954476866095655,0.0014799911868473672,-1.8138023470828688,0.018150527945465157,-1.205395992911139,0.011827719134975713,1.2694964932060901,0.463067961075939,0.17751709440708988,-0.5287657574033869,0.06686765084477449,low,paid,growing,-0.9654139072492396,0.5992000849857237,-0.5493152313657065,-1.9411751076839696
1319,0.5632542222474821,0.4641663428084097,-0.0992187638135439,0.21737632393891565,-1.31656182004208,-0.7343367747777377,0.7075597525459859,0.8420329513742077,0.093598590839362,1.4789657343651517,0.508019416461367,-0.2331275178630646,high,organic,mature,0.7216912114493931,1.1310575960612606,1.3914798973406566,3.2013663884510946
1320,-1.2197527530405574,1.4387332500289147,0.7703174571545773,1.798311422930518,2.1668474555039157,-1.2869403067827607,-1.2843337441271854,-2.8631999125690673,0.9183621370297562,0.656482687487599,0.09777900012584652,-1.226133231043401,low,organic,loyal,0.5982666819212488,2.0621229616637033,0.9972056156943996,4.898679649938844
1321,-0.08903368912477153,0.18470549500770564,0.7827256668791696,0.27298691446528606,0.6638012949911665,-0.12413086991404836,1.1814818939252518,0.6317300774434418,-1.1869330707008243,1.3892203676562416,1.2255715227151365,0.4654747370529418,mid,paid,mature,-0.6649647262075145,1.5153311423784364,-0.5923724019644181,-0.5555916462333204
1322,0.28071770498746496,1.6586115688783254,-1.6333128662720742,1.241224524059651,-0.47620669857435094,1.0951774464103856,0.12037584716904297,-1.2429260234082382,-0.49651981003569134,1.0217290731659654,-0.2102078813198733,-0.6214854147181051,high,organic,loyal,2.7348563884843737,0.598731254644518,3.023727660906946,4.257210870597125
1323,-0.6281720577950204,0.6422474222337905,1.7506350301399634,-2.1408833706362818,2.8006844473432873,0.20374622897613145,0.5802241352988272,-0.43626174714740623,-0.0035151248568269806,0.19251301213110772,-1.0490959923370353,-0.8056814382575295,mid,paid,mature,-1.2043908935917869,-2.3853908884061457,-2.380455982507791,-5.8284332178982154
1324,1.1845675408912535,-1.5523468453592213,0.4410391033135405,-0.37051690936918447,-0.9607071494755755,1.9719318519694005,-0.954502561261438,-1.1301019997344715,-0.1869727035205362,-0.7685586341021013,0.006380656994548653,0.15539929665139038,high,organic,new,1.3446061673804304,0.058986096434124426,1.313854383517207,3.6875288622313436
1325,0.23465806563492655,-0.12389084724356332,-0.7021617030922251,0.6434030426793305,-0.11169276650414407,-0.49561731205497855,1.4799936990975222,-0.12131196039145109,1.0919866014965909,1.2268384471093907,1.287672835425793,0.6911578081111006,high,organic,growing,0.5662513864713947,1.1659318203915285,-0.2302318602506106,3.125326155153146
1326,-0.0006334968757647034,-0.06404169065102566,-0.24412011848328874,-2.1668956700131257,0.7188068057478623,0.24446556638507907,0.8255242662086274,-0.1170015514719639,0.6648251619535254,-1.3775070628614443,-1.16926560926157,-2.4762115997213816,mid,organic,growing,0.19212282784281443,0.33970487365525914,1.2236615813298641,2.3549176176666817
1327,-0.13434919583162616,-0.7725255877786001,-0.9033818751704199,0.33465237796530783,-0.4255071941976285,-1.4330910068036626,2.544766772752098,-0.03701062048807586,-1.0831630529356961,-0.6698354609330497,-0.17314296900920387,-0.1752459622572007,mid,paid,new,-1.0609895347312828,0.948024377108974,-0.37775137874984255,1.354947951655662
1328,1.302164273045876,-0.07942995763220768,1.8552081718682523,-0.43242294401210585,0.42643604025989235,1.0219801943278304,1.1951523047116783,1.311872217428813,-0.2720117408801346,-0.005489260274919299,-2.4794225665636755,-0.19601003860056074,high,organic,growing,0.7781875706162051,0.7197790922307955,1.4585889207360752,3.4861436835042237
1329,1.0912541779299818,0.8968364798558827,-0.08648712101008141,1.6991394429299576,-0.384005284344807,-0.7161398240198995,-0.4681617352263691,-1.1224650248361154,0.6223950317035366,0.2884818116086091,0.6099794463730516,-0.4143711519312114,high,paid,mature,1.434949750063622,-0.4704532030313537,3.1484413058276033,2.342198924908856
1330,-0.058072979339253566,-2.1784187234089076,0.3762255513110471,0.09884145505964942,-1.1005276614934647,-0.10465753208659741,-0.2578493020701671,1.7643119350074923,-1.0611269681278044,0.3314261788667022,-1.0907683526783607,-0.5578734440702703,mid,organic,new,2.1678146431848297,1.796651447667032,1.8378371783844807,4.884362795002723
1331,0.27681895369223025,-0.21136299086311158,-0.005990856213556338,0.3327221082319697,-0.49368957119855783,0.8841465348154398,-0.30547974323760496,-0.09755546155257169,0.3613112745878556,0.22700020116483485,0.6442279245428527,0.31696440148470517,mid,paid,growing,-0.06436482541570865,0.6123001953147156,-0.6133721776265586,-1.2046901068999019
1332,0.46903066155617457,-0.32537251416514174,-1.0687710980855205,-1.4276389027528602,-1.6707101476422996,1.7627267177292758,-2.2127734108941257,1.1937234989771022,-0.8208690112974731,1.1864409721198046,-2.20254002791545,-0.23509390188328258,high,paid,growing,-0.5147078209780083,2.38282827615233,-0.8683105372354513,1.0824887487696266
1333,1.454024403025268,0.7132095634755817,-0.3372654606907917,-1.9429773015284817,-1.322488522150932,1.389147096559379,-0.3482412012537256,-0.07182410341343931,0.2835351047026308,-1.3028389130875562,0.40729017984017907,-0.419615480669006,high,paid,loyal,1.1571520186167374,1.3498885862849064,-0.4450843892214664,1.911015925380131
1334,0.29370278557554075,-0.5780509205370341,-1.5731160600611571,-0.4273725318120172,0.6407776171080019,0.3940600890770358,0.03093086733472682,0.8981318530103427,-0.20359401254422652,0.0562763140152175,-0.47976687969372556,0.9566179767534554,mid,organic,growing,1.111447851175595,1.273540492464313,-0.4121352696704128,0.818697967699632
1335,0.2915285477217645,-0.556958110173372,-1.4890297465278044,1.1049612748983266,-0.74406505118464,0.072064352489547,2.3525996831445712,0.8015095417333089,1.6111495888269913,-0.5381248125411486,1.070976396820207,0.02666899295189106,mid,organic,growing,1.1229132728903353,1.6357109385912059,1.744016281858447,5.005428546067559
1336,0.3660169207685819,2.0208417130395606,-0.2786458241497061,0.019254453676536366,-0.9032146515079627,0.8884685559080765,-0.5606268982866358,1.0227104158188787,-1.6499132417448512,0.548638071833607,-0.6436933060630557,0.7305176393302107,mid,organic,loyal,2.254370718838723,2.419068729331787,0.8592305879148951,4.835331935609717
1337,-0.01355917285422831,-0.5353389148682913,-0.3865596168759948,-0.8503883000586403,0.837787755320859,-1.0486373494254146,-0.26707863873279747,0.3452395797024737,1.6134945254485191,-0.009298600891814125,-0.2425105865384407,0.27363486511602797,mid,paid,growing,0.21842615290013934,1.279437226064601,-0.8564864121099197,-1.5909288050074895
1338,-2.0734642156744294,-1.1986457006907194,-0.3753664988784509,-0.7129691507326527,-1.6008332892434123,0.857778651167585,0.25975672955732215,0.14026524728250794,-0.6939911511543736,0.07939296466366516,0.5144494594410594,-0.26489605390328086,low,organic,new,0.27537588427837445,0.23585747722297232,0.17365600717341428,-1.7160872763322181
1339,0.44457223924036476,-0.7960604818251151,0.09748531298971336,1.1424982829260997,1.2320197035760392,1.3275888049496622,0.28556841543291694,0.031613954857745735,-0.4487889161594143,-1.8074847565174166,-1.3448996964004922,-0.16805497196525931,mid,partner,new,0.7686921186719208,1.6055208229339597,0.35646451593425393,3.2310171484796064
1340,-0.1082884491284303,1.4122230288064919,1.3147991293756258,-0.6864861414865847,0.8183257150890185,-0.4770688645739107,0.682616343003801,0.806017728106745,1.2420928121477375,-0.492643354782697,1.014303687180924,-1.872814036121272,mid,paid,loyal,-0.011196215711439361,1.6274775526727694,0.8744561420846276,3.966677907348986
1341,1.2962156815388617,-0.025016722818516402,-0.003727997985697524,-2.0374365056904526,-0.38866588724738077,1.355479399613551,-0.42670189170281425,0.7134627609752084,0.03455512771410905,1.0626691395996983,0.19150096520412463,-0.9318115310981023,high,organic,growing,0.8906674577088103,0.9954949492791004,0.9511287627103052,2.4885569571055575
1342,0.05645067984894327,1.6012169037012125,0.49764507803620156,-0.11644630729366463,2.2557438191333072,1.159215702561221,0.8167339153984602,0.3173424652443748,0.7302738347511075,0.7627320731828406,-2.1828153455521377,0.3949362128294486,mid,paid,loyal,1.2818523753897964,1.297790379591527,0.4833836962175968,2.318405201611534
1343,-0.16080585933565836,-0.4997762731365756,-0.19543728004423777,-1.5558486868222012,-1.8046101000371793,1.246502417448497,0.46215781970892605,-2.413012127212279,-0.5763845414017408,0.8805517333965305,-0.2800143737206313,1.2450049537983614,mid,paid,growing,0.11517629652340623,1.4931639395836265,1.0868093062664856,3.7990637358128145
1344,1.049751799276634,-1.3567112093107137,-0.1433240988488318,-0.44808942480870406,-1.3892382943521004,-1.4542743248552714,-0.8060215462417276,-0.6409254095126383,0.2832297772433627,1.0442134732144202,0.5136449558123697,0.7503722402808238,high,organic,new,2.497538834314901,0.4586498545407937,3.2263302191536836,5.52728805079244
1345,-0.26661782147036733,0.6030001966128898,-0.14837498159026113,-0.44147238325278276,1.8971009488956259,-2.3304759565474984,-1.8733042973073608,0.3826997541336044,-0.2649823485324501,-1.4369843501669224,-1.0546109511637682,-0.9244057968617817,mid,paid,mature,1.5840733922750223,0.5743683231520734,0.1730899547011231,0.49520128167147515
1346,0.8923365371309138,1.212410431064439,1.639562565230618,-1.589011222209338,-1.3671235325115318,-1.4356264745005227,1.2888570057700093,0.4172244544195296,0.08019921646972153,0.22962869384744733,-0.05677827713874367,-1.121142047406505,high,partner,mature,0.2298716922599059,1.8435249843286239,0.48213833691993857,3.4261550576640873
1347,0.5131727897849043,-0.18613850565368634,-1.200321513479293,0.5742854453580579,-0.4257876362725878,0.22748348684137715,-0.12497916129802501,0.8913787722248085,0.2201629742289416,-0.8837001748568056,0.32200322353853206,0.3546887244730622,mid,organic,growing,0.9388512305165797,1.2005179679364133,0.2237744409314314,1.1449515930600533
1348,0.5113329740388726,1.0358742547319129,-0.6159827851771732,0.6679356671805321,-1.7248172378408049,-0.11998481528830646,-0.2746598848076422,1.4478452201802798,-0.15633542897648545,0.6079887781716096,-1.761778622872557,-0.3517579646885818,mid,organic,loyal,1.218364122242808,1.2469326538947179,0.47692632944264024,2.110487983001745
1349,-0.8463598674335794,2.475511123295525,-0.6667967571213573,0.07327907266145216,0.1265758022751699,-1.5894782909366534,-0.526035410543114,0.4047665126492551,0.08572227524128519,-2.3004109720079366,-0.5669914445046008,1.0208216614468928,mid,paid,loyal,2.8994865421224096,0.9991364985753447,4.76900120343492,7.398860518555391
1350,0.5882229273129349,1.218033351825204,-0.9856473374232908,1.280929535279058,-0.04440604828918175,1.5922225009389395,0.003304434083773343,-2.0474754927143133,0.849254571307144,-0.4435136779746426,-0.3762296113684838,-1.4530964310697694,mid,organic,mature,1.631355285211601,0.4063003342892679,1.755626673663389,1.82917591142794
1351,1.6221994990060429,-0.5211011738028473,1.5750357749125201,-0.43124316159285314,-0.927745202149278,1.3195291740298136,-0.07333474900022934,-0.06357200735515597,-1.28162594028312,-0.4576233546962562,0.4286958236309989,-1.2991799937588524,high,paid,growing,0.3372434999050222,0.25120651947961636,0.11970501139107542,-0.33616425192097793
1352,-0.5390876941718167,-0.4204464374074576,0.06644080471399794,1.4795596456382638,-0.29995313298298404,-0.6905006624125621,2.746370632024671,-0.4331853535234298,-0.19065816116919607,-0.35784636919103263,-0.2767691011096277,0.07775486301596105,mid,paid,growing,-1.3107416831540397,0.1727677109597947,-1.2257904578584193,0.8133489925253468
1353,0.9207964775932745,0.40398772327340576,1.077095563366421,1.0440286746074332,0.20855210561587617,0.3763119700637755,1.1087366762686228,-1.1112099280024825,2.4982112022383007,-0.5125851305276068,-0.3509649215689761,-1.2119009746737657,mid,paid,mature,0.2006695017825088,1.5307377595340355,1.0749097646118024,2.036234700755132
1354,-1.182150807954398,0.9740340688897365,2.2701932776422518,-0.5672401108083478,0.3473165281275181,0.22016659571216307,1.0002445624167586,2.218714464517398,1.520973417981586,-0.2386592809807474,0.528767635709635,0.6280578427422266,low,organic,mature,-1.1994661506391968,1.4545942950269275,-1.9010706265926407,-0.6468382528879684
1355,-0.02009063116761963,-1.0959361334967308,-0.7987762185630215,1.148152650929215,1.2513079958220497,-0.20756736483918675,0.2610553940600878,1.1972638213296438,-1.7042688720332984,-0.44635243083885634,2.017871381482644,0.2993077162033172,mid,organic,new,0.9222412468939469,2.8721338208365683,0.3913912774529451,3.9607416579920045
1356,-1.1292160847034343,0.1172822935737143,1.0214355922682763,-2.546532937328582,0.17628581719109268,-0.37241455459248757,-1.6419981264369476,0.08192725513030905,-0.13648023176044785,-0.024090252197638936,-0.34826062024476284,-1.02133755195414,low,partner,mature,-0.9314288050659607,0.2790591019673237,-0.27475734691963305,-0.13234174031009888
1357,-1.4548028335982468,-0.6906899402746245,0.8592521140760645,0.23307029372674537,-0.06917332944659019,-1.0397681490714896,-0.37391493285421107,0.7371575583572125,0.5047837624854907,-0.4771988697727153,-2.611402151467802,-0.6748476301615814,low,organic,growing,-0.7872474546976658,0.548635064602904,-2.303636745188035,-1.774602768778386
1358,-0.48269451761063775,-0.9071059377027617,-0.41317578313970504,0.8165501281952182,-0.037296452956514285,0.9896960479049417,-1.5083720856454044,-0.30506405795494373,-1.9390221108450003,-0.4265775298368483,-1.0456574552976734,1.2812528334283821,mid,organic,new,-0.37111627903972955,1.6344305964258925,0.6196555618695616,2.7689660929290048
1359,0.4097120058435059,1.0148294955930137,-0.42934782527292964,-1.019718097116643,-1.0515629945384386,0.26543928077085766,1.8101614941934243,0.41238229202048804,-0.374767729287583,-0.18877085512658376,-0.031300331751797576,2.0266425601781592,high,organic,mature,1.5690173087906039,1.6691784621911896,-0.036162426032956274,0.7519157602309715
1360,1.2336085658348825,0.2599590041503656,0.10973196780610626,0.29935339036987596,0.49427566928307665,-0.41319795297559575,-0.8440789473766365,1.0322202605548654,0.021982730571983654,0.9487279358149685,1.6461587487764429,0.52061473409956,high,organic,mature,1.2288696590794164,0.862417098390091,0.9831028505040071,2.677268098183883
1361,0.35854847957007036,3.2002429805170642,0.20702012827981786,-1.0905468078463483,-0.28122523217198736,1.5516847117455415,-1.2941673502800466,-0.7524596041529804,1.1064268059685174,-0.2716206425130341,-0.11024578697649515,1.0733728201306294,mid,organic,loyal,4.505094944130127,1.3484940003514332,2.9062620709627875,4.5819282698587065
1362,-0.7168211756539609,-1.4686024515220615,-1.3888859708625358,0.5817804434096219,0.25913209383079455,-0.6925665132793299,-1.158791620807134,-0.2705731251488672,1.1165172862504722,-0.8358179538292559,-0.6626840219525623,-1.190521567346379,low,organic,new,1.498818187270078,0.9748969714692851,0.44256652533573515,3.290902637740566
1363,-0.36741288910217135,0.3380789907165799,2.1151691570430904,0.2177815128199371,-0.05367810523701921,0.8629366059851313,0.6962155518302443,-0.577660814366683,2.3020600734300767,-0.024383352293952932,0.2363753203557955,0.551348587286132,mid,paid,mature,-1.1417232167538733,1.6902914549453665,0.15594364185107978,2.3221434665688547
1364,0.3458723676129533,1.5253976688745898,-0.5899087391299694,0.783382248852705,0.164568445384979,0.9827231951095236,-0.21498544996827815,-0.35041535615312086,0.7320734874260121,0.3579932570899805,-0.8202943023252682,1.3456122864142581,mid,paid,loyal,1.4155834911559597,1.0307306487001586,2.4600413649906807,3.528630897102791
1365,0.7325093751084598,-0.07420419049605342,-0.4682311117311159,0.3641308968735852,0.6604852240267834,-1.5940750739708296,0.3756809225228319,0.6525547024135345,-2.3524485999677713,0.19618965874528982,0.6946091343955793,0.5808783142645458,high,partner,growing,0.8589016578883286,2.579260978348417,2.010223957666433,5.534841677263423
1366,0.8024483547808251,-0.32756659201824834,-1.0399064346754558,-1.7997443317653965,1.0922232405680579,0.7030654937943431,1.1684889308284685,-0.7251413588441443,0.8038364226253637,-1.5026809519567987,-0.8694935587098114,0.12597721650783666,mid,partner,growing,1.4254653100253374,-0.4001389633540622,-0.02352297351306798,-1.355573267830671
1367,0.6632076298264207,1.679012447897024,-0.2400640653984051,-0.8657497217890644,-0.9171488778314291,-0.6878459450242931,2.2210267964751194,0.7568735811344582,1.1125318503624593,-0.23898558717989435,-0.0016486823987459664,0.6992645059585234,high,organic,loyal,1.7489986761312086,2.1883019688006775,0.6979425179295455,3.353406322102679
1368,-0.5057987557809394,-0.29130788654667616,-0.6747043162638402,-0.44749269975711503,0.04897861250332282,-0.8217101261639599,0.28597897912938647,0.2845817455511169,-0.17924864285618322,-0.827459855563421,0.10496304895186157,-0.5049045629517913,low,organic,growing,-0.135554713773968,1.0392415223185203,0.20431785505716388,1.079156944226323
1369,0.046594167106034326,1.098127467403435,-1.2529401171040329,2.173486336893375,-0.07252359178774072,0.4118392739059206,-0.7527500902418349,1.142211549541648,-0.12562646945066996,-0.3941183097991737,-0.5755150212755739,-0.26849202578919495,mid,partner,loyal,1.0800220473792919,1.7710215933306184,1.79533953755864,3.2780918237633925
1370,0.4183473229529084,0.17281069063057544,-0.03985973311027262,-0.7114214179498202,-0.7691734739249758,-0.4608742825797307,0.46027571216071417,0.6622598757704032,0.7970441968980189,-0.0014668935388082768,0.38356194091782453,-0.16845070488291147,high,organic,mature,0.6230176364425797,1.666743600950625,-0.17649604865604507,0.5978573431607884
1371,-1.7422979909283682,-0.21592678953939803,-0.37532662535775185,-1.0390452044290517,-0.5673941757528043,0.13509141429097746,-1.1332467856850759,-0.7107854714158094,1.5479020155527181,-1.6027063258803063,-0.18318215960710474,-1.1663093657640848,low,organic,growing,-0.6572912743323339,0.3269331891153963,-1.2362126568762557,1.1547909933393483
1372,-0.7516367978261096,-0.1977372296181141,-0.9875761226287689,0.5739306153664281,1.3511506197724128,0.8416781361027316,1.024613117720868,-1.3797356790288142,-0.24307102181913384,0.4674210673534321,0.8711909141145365,1.753352992609825,low,organic,growing,0.26264866631366596,0.5657678430682704,-0.8686989797449693,-0.4721485488985017
1373,1.0690395916289455,0.8964886236738843,2.6335955805393603,0.09630908160729591,-0.28905843824156896,0.17735790366044885,-0.9150527556868009,0.06763378576780682,-1.726852193777482,-0.5295190365678055,-0.11533388206559148,0.9496352908530433,high,paid,mature,0.003202367117852531,1.004462082872811,1.6614476576993935,2.7326048732528254
1374,1.1110905443863612,-0.9636170647510816,2.076033433963592,0.14837347843950222,0.24004496603076966,-1.617693484988327,-0.620057390120057,1.049823811532478,0.1697784627130989,0.10781472625287399,0.22717217057548106,-1.4432043050860484,mid,organic,new,0.6482354594493354,0.9359606828104665,0.1732796603958187,0.5563056415831829
1375,-0.09660855340148841,1.4083303552976218,1.0867076220654937,-0.1251994421155985,1.5636686743615553,-1.2590985067683942,-0.97169766485626,1.863622377157307,0.5779731183085232,-0.28888734210231437,-0.05531856603524731,-0.806631113127184,mid,organic,loyal,0.914897320047694,1.9125609987446537,0.9461896236604589,3.6137736124058346
1376,0.27659260180744516,0.19738844631147082,0.01988470986269033,-1.1597562152110958,0.26475611106891084,-0.5295114324220319,-0.985977260489188,1.2667424915373615,2.169721357835259,1.942620128819636,0.6501227637622845,-0.2655850790791903,mid,organic,growing,0.43783095418075807,2.512487946087761,0.5214755564033854,2.551910134858902
1377,-0.07035558260462091,0.4056022634622747,-0.4202477524611892,1.318810060122396,-2.0357274943285386,-0.2957255539874333,0.8010714920673201,-0.8451596472798208,-0.24014889117783317,0.5936434162432024,1.518269107037796,-1.2939382821662444,mid,paid,mature,-0.07962888139263884,-0.8593074901442009,1.0259915720811705,-0.6201364133324273
1378,-1.36807448775486,-0.9460301878398408,-1.5375358505081602,-1.4663784554114703,-0.9726611976947006,1.2334935482459914,-0.3120768180687575,0.03137510615660677,-0.9554642567541786,0.6335370750645821,1.8757640278327723,-0.8876298840394212,low,organic,new,0.20178203245953474,1.090213291679979,-0.7506845321728743,0.0819090029510077
1379,1.7247483710747342,0.3644243831678454,0.01686349928871105,0.4001238323252412,0.39052649896701547,1.8571044190632442,0.5202207318217247,0.541107171140971,-0.4214998199625444,0.8390771364644041,-0.9568469736229859,0.10900398957959404,high,paid,growing,1.385793896209607,0.007682791853620134,2.5540547304357606,3.287984852268775
1380,2.883283555780828,-2.5041899196462913,0.23314699633545147,0.27162292087889706,-0.22808904248720263,-0.20451926106743099,0.09140977316148323,-0.25200327546453133,0.2219797288210042,-0.487610705816899,2.022392818747079,-0.2520137432973516,high,organic,new,3.577446296152396,-1.130464446897955,2.2987255805307045,1.4408438295655317
1381,0.5696114076247163,-0.6690360998432168,0.9331430304011468,0.7334677873513347,0.41926023653217015,-1.02733535621852,-0.7524030405635209,1.6861729857461807,-0.7634737077106796,0.6409021702125045,-0.9446713301813023,1.008383235601769,high,organic,growing,0.8945222674044468,1.6864096917918368,2.0602425251821703,3.4734326950890018
1382,-0.6863973574973848,-0.9631878875400001,-0.7123424766969014,-0.5538025966610233,0.4046733549242198,0.06938370613778329,-1.0951560799128308,-0.027947013798820246,-1.1435014072910963,0.6435573650009794,0.826902898872407,-0.023947338549361843,low,organic,new,0.2470215458202514,0.982820124293772,-1.4682780392844954,-1.3169129275795664
1383,0.2716534029927614,1.75212411066441,-0.15760299239211897,-0.9442579500508896,0.5791952359377902,-1.1326537657653448,-0.21056896327294264,-0.5989900460835171,-0.7018198332088703,-0.2500875956445107,0.8998913262140824,1.105668788324186,high,organic,loyal,2.2659511462918878,0.8685586565671033,2.161395494423783,3.2087354350026915
1384,0.9262058630906704,0.33635408912841436,-0.257716561387656,-2.3578249953999575,0.36766099327727453,-2.279331724758887,-1.923367276473013,-0.16166765578694714,0.2645772446304975,-0.4510849038292606,1.5355311485939678,0.46210165751850674,high,organic,growing,2.9156130399164475,0.13211102857514906,4.5410502616193416,5.427112192947393
1385,-0.24940790679525762,1.3863099451817955,1.5651133475640908,0.5125586934746691,-0.7752576597574965,-0.5502704310217322,-1.446738712993337,-0.04241687980051322,-1.0500414414445323,-0.32907476919651824,0.2606003030551612,-1.9837086420039391,mid,partner,loyal,0.3776014561526706,1.3904563456814525,1.0748575643983256,3.0642712476379734
1386,-1.263741268521237,-0.5068480548353258,-0.052527368723172436,-0.49389079973810796,-0.2705179313863771,-0.7061871961255575,-1.4493998418086262,-0.5347507773916986,-0.21316852493030483,-0.31039010360624836,0.11179591879645313,0.41889457047519724,low,organic,growing,-0.20107841967239942,0.0803332621335366,0.22016386896884949,2.5927742747672764
1387,0.6817262268966698,-0.6335508355113907,-1.575796803919785,1.271596365728607,0.3854459156110882,-0.9546623511739386,0.27770505649242144,1.0679947332681239,1.7291765252393914,0.250610276157731,1.0596706373498608,-1.2096020723147243,high,partner,new,1.6578635502356576,2.2177809393779837,0.6094484086114851,4.341829040910279
1388,-0.03590275159667653,-0.3350126492563195,0.34256985170420967,1.6111939354362215,0.24988939427925833,-0.9376907392668767,-1.2634385798838812,1.6457800627539385,0.5137934123852327,0.44808134697505675,-0.3437313885581705,0.26786178466784333,mid,organic,growing,0.34713013555728633,1.8034963704832736,-0.3876711086110711,3.241443398577395
1389,-0.9869599061268101,0.38719835570365185,-1.1748701365740277,-0.3592884450277593,-0.6428931486594057,-3.257367642666575,-0.34676862653340684,-0.8988664244629286,-0.21038988389078375,0.0017228004818540896,1.7679319429815843,0.3047089971575089,low,organic,mature,0.3879907668992082,0.2367904516864187,1.732386587930367,1.921201706961855
1390,0.33411263298353794,0.49561383521924485,0.8718085122411259,0.45427945385451823,0.28171302442411916,0.7112469185631435,-2.426634420831104,2.089051583278826,1.5897298447133985,0.21713575185929004,-1.4130064504087665,1.2103504324929446,mid,paid,mature,-0.8975269938079973,1.9659859191504157,-0.42518750255101634,3.0879304033052852
1391,-0.693876499064711,0.5338410165749355,-1.2829056017854663,2.2264068989731225,-1.4422167621086202,0.06898607031650121,-2.122187214511493,-0.04122245219632214,-0.4252852051382757,1.1371833939059661,-0.42537943159186536,1.13862358284633,low,paid,mature,-0.05037760746629184,-0.9056625111182675,0.8398716395342724,0.4134464366454538
1392,-1.0241205675886709,-0.28196160304474394,-0.26191209792050607,0.4955882556329172,0.3683744264070565,0.7222251549233616,0.2668306032897393,0.6613148266131155,-0.8978639286931384,0.38879866688123427,1.6082059274456812,-1.6799927673875972,low,organic,growing,-0.44870955092320697,1.1510858312159653,-0.37491573844246606,1.650058862960522
1393,0.4890079549689279,0.6767797779381175,1.4611863774716831,0.7260469332902094,0.10031594215870858,0.43007319551003853,-0.7350378345613403,-0.3879680723577459,-1.3357028397019948,1.4870295143442231,0.450157318950846,-0.9161124603246138,mid,organic,mature,-0.179166189839428,1.1398358425348138,-0.4608976738529134,0.9983728245741812
1394,0.2713569626625843,1.1593477099943326,0.9927923254543841,-0.9276386131664013,-3.133838815879548,0.3953860848963799,-0.8868696318382332,0.6223275059805008,0.9502703883362412,1.1136331111633824,1.7447404859785316,1.2363569180773035,mid,paid,loyal,0.0994558387308859,2.9289908655315564,0.8661174692063175,3.711676359289622
1395,1.7495488287840217,1.379060343235331,1.466217574022167,-0.04086813929777262,-1.2893264312323773,2.4822702544824122,0.06295293521602019,1.2287080639742345,-0.550274831024222,0.9639224425456392,-2.4449633250399656,-0.410443391000954,high,organic,loyal,1.4908652992102507,0.7769325805726999,1.7502183336662203,3.7717140329448307
1396,-0.09841108339228836,0.4626087683051862,1.072024676601108,-1.0941429216303153,0.6599681889202039,1.2266669766367415,2.3459115827542574,0.7066279838375339,-0.459505981481222,-1.271764657108261,1.8292022978652303,0.7373419355929418,mid,paid,mature,0.4970513891383348,0.83813797263067,0.32709138805029125,1.7482873307145246
1397,-0.021975631580239508,-1.6198182942218182,-0.9311839508980528,0.6313202887739365,0.3538330241259001,-1.9463315589664538,0.6326125565018283,-1.56843644821996,1.35400906860226,0.2085559149049571,-0.4634214487492999,0.9901543391106727,mid,paid,new,1.0208498274472533,0.7585495500796996,-0.3931572290941481,-1.5207413471555884
1398,0.3534992884457847,1.3249276085050186,0.08047561338956731,0.13881936640571377,-0.2852504325979089,0.2629671427671633,1.6979508797892537,-0.5027641700610439,0.6479551493306358,-0.880443583007951,-2.066732117678449,0.20745874037010945,mid,organic,loyal,1.2970509443783782,1.0967363543611104,2.250959241697954,3.898859137455322
1399,0.370405423469423,-0.11005126944248407,-1.4959849707722361,0.3043010746416213,0.26631363413944587,-0.8887806310925734,-1.35349157147302,-0.2523879277059673,0.6529292467777684,0.4166547317919907,-0.8808369978340781,0.13692508502200743,mid,paid,growing,1.2500264267274965,0.676930378040242,1.6900527383668804,3.7464031244954663
