feature_exposure,weekly_value,user_engagement,prior_activity,is_power_segment,account_age_weeks,treatment_probability
1,6.8169068897039695,0.30471707975443135,0,0,7.128566670346707,0.4843110731286927
0,5.3004693767832345,-1.0399841062404955,1,0,1.6150204600070421,0.21439887976326943
1,9.091265207191844,0.7504511958064572,0,1,3.7485149405675133,0.664094901916646
1,8.232118993273868,0.9405647163912139,6,0,7.299609601652407,0.6796078549210155
0,3.5495683250303482,-1.9510351886538364,0,0,2.9432331070611624,0.110583072684167
0,3.2565782109242982,-1.302179506862318,2,0,6.089871370612313,0.20349275929569574
1,7.310466071630808,0.12784040316728537,7,0,5.8236728251150085,0.5173071237023075
1,8.20646730839116,-0.3162425923435822,1,1,4.725567698084102,0.46116164387716907
1,5.148712966733459,-0.016801157504288795,1,1,1.4459682459077605,0.5042169555777728
0,4.785995105262839,-0.85304392757358,1,0,2.6711714793261407,0.2472546800280187
0,6.130769991611397,0.8793979748628286,2,0,18.021580616779293,0.687407702930262
0,5.8029178818167235,0.7777919354289483,5,0,3.546522313715422,0.6165159590219706
0,7.821421020482692,0.06603069756121605,2,1,3.914805957679586,0.5483475274026878
1,9.111135898748442,1.1272412069680329,7,1,3.897836715326893,0.7892816705363938
1,9.489632478276954,0.4675093422520456,2,1,8.865190019563459,0.6590385684096493
1,7.104432335864597,-0.8592924628832382,4,1,4.075593614926071,0.37789118130533994
0,6.746687249416055,0.36875078408249884,3,1,4.810673491974447,0.626844903056787
0,4.150646615352314,-0.9588826008289989,6,0,5.591208475236481,0.28796871612085384
1,8.946529823088806,0.8784503013072725,4,1,9.575331124408368,0.7532582772910031
0,6.687933017007156,-0.049925910986252896,1,0,4.828277037579744,0.4069157990269537
0,6.667493011699564,-0.18486236354526056,4,1,5.245133817339018,0.5259754279043234
0,3.7871704787552605,-0.6809295444039414,1,0,3.0686615027144093,0.2774644962865522
1,8.209305449810763,1.2225413386740303,6,0,6.195928340798406,0.7239336174697861
0,5.081382909914689,-0.15452948206880215,8,0,7.558165666159873,0.4794126665898521
0,6.482818468576047,-0.4283278221631072,4,1,7.938312244576693,0.4910957308100693
1,8.366702383013227,-0.3521335504882296,2,0,16.192807466050525,0.4244594201577052
1,9.062083965969164,0.5323091855533487,3,1,2.504614091129227,0.6456741877981222
1,6.167879360527413,0.36544406436407834,2,0,4.985766935417622,0.5063175707981926
0,6.73325434872005,0.4127326115959884,4,0,4.097429103885027,0.5332653996953934
1,10.19176063798066,0.43082100300788273,5,1,14.270504348916997,0.7105301965343623
1,11.182419001697628,2.1416476008704612,6,1,8.157352496266327,0.9041606994425361
1,8.72263215616162,-0.4064150163846156,3,0,1.0389540619984592,0.3352623900029526
0,3.9185394476210247,-0.5122427290715373,4,1,2.847521710763781,0.4417116536045646
0,4.818171124643165,-0.8137727282478777,1,0,3.708938363947725,0.2584609203104668
1,7.216933929297336,0.6159794225754956,5,0,1.2127346137397392,0.5692767381151801
1,10.504631068637469,1.1289722927208916,4,1,5.28083932121869,0.7723533368802045
0,6.300274448201014,-0.11394745765487507,3,1,3.1848429137107885,0.5169349532381387
0,6.369204084231991,-0.840156476962528,2,0,16.668389584018307,0.3301684540422489
1,6.772644061807449,-0.8244812156912396,2,0,6.1587017165945355,0.27751102656486887
0,5.869456979066446,0.6505927878247011,4,0,3.5897457651581814,0.579993695988466
0,6.277289627046144,0.7432541712034423,3,1,2.0709805634231717,0.6832051029471324
1,7.755675228525337,0.543154268305195,2,0,4.658397358044847,0.5419365116420161
0,4.187575023708929,-0.6655097072886943,2,0,13.448722813669447,0.34536744599647223
1,8.932982895625424,0.23216132306671977,2,0,4.135473493046726,0.472708143325667
0,7.308050891676177,0.11668580914072822,3,1,4.690702101050233,0.5747970628751234
0,4.842978417256017,0.21868859672901295,3,1,10.508356215021694,0.6303210141393055
0,7.01203166437409,0.8714287779481898,2,1,6.027136998626553,0.7173577864471691
1,8.195356072756857,0.22359554877468227,1,1,8.739678084987464,0.5995398464462559
1,8.035791491853617,0.6789135630718949,3,1,6.483304722026716,0.6951184975746795
1,8.852668346006324,0.06757906948889146,8,1,6.2188521198973845,0.6278287901127939
0,6.946026978967902,0.28911939868998415,1,0,0.9773640947639975,0.45392746242401627
1,9.666704299084417,0.6312882258385404,5,1,1.8073540513682993,0.6806539776239117
0,4.779432234206066,-1.4571558198556664,2,0,5.555547035880934,0.18098418071068648
0,4.753524975016461,-0.31967121635730134,4,1,2.252180127220402,0.4786589659095864
1,7.144892177773574,-0.4703726542927955,1,1,4.662295186251318,0.42843005382366117
1,6.033319348228144,-0.6388778482433419,1,1,1.6502743403544684,0.3759464867078128
0,5.278772229025044,-0.27514225122668373,1,0,10.567569501305579,0.39539701071626404
1,10.327999241509055,1.4949413112343959,6,1,2.5041542599030437,0.8253904157426827
0,5.2962122369476665,-0.8658311156932432,5,0,2.0651560649325216,0.27701285142486093
1,9.931347625482159,0.9682783545914808,4,0,1.3031303555426157,0.6307917341421521
0,3.817491737276387,-1.6828697716158048,1,0,7.874842547705717,0.15596422301627105
0,3.9241964638507665,-0.33488502998577485,1,0,4.657228855771801,0.34904911428211116
1,6.3284311566654035,0.1627530651050056,2,0,10.300829545103806,0.49646526987886336
1,8.454709782467864,0.5862223313592781,1,0,3.0866906998490826,0.5300777028560263
0,8.057966522938202,0.711226579792855,1,1,1.7616953448759092,0.6555633992192434
0,6.64140235227287,0.7933472351999252,0,1,4.4947607860403265,0.6762769181208572
1,6.111452163832552,-0.3487250722484376,3,1,11.739610662951325,0.5205069786029781
0,7.252206720811978,-0.46235179266456716,3,1,0.9502698189300149,0.42941403333807965
1,9.842548160292854,0.8579758812571538,7,1,5.925832149903668,0.7581246491921891
1,8.013831444270542,-0.1913043248816149,5,1,6.379518352250477,0.5428643459681738
1,4.645839198519873,-1.2756863233379219,1,0,13.07341899551827,0.22925937477827085
0,3.613200717800535,-1.1332872140034806,0,0,2.341929103653566,0.19706408801745726
0,4.757973811417806,-0.9194522860016113,3,0,0.8792540341449075,0.24516770868664836
1,8.409941754623805,0.49716074405376404,2,0,3.3537355600121854,0.5240888419124615
1,7.344818776422254,0.14242573607056525,1,1,8.651748256098394,0.5823324156166798
0,6.8074090806702685,0.6904853540677682,4,1,4.894780111322283,0.6983139866805015
0,4.434994357806929,-0.42725264633653426,5,0,6.880983336039589,0.3855302204709688
0,7.666386383371082,0.15853969107671423,3,1,1.8707734024986613,0.5662403540821871
1,9.486267709947347,0.6255903939673367,2,1,3.9375406384565297,0.661545780628686
0,4.884602075679921,-0.3093465397202384,2,1,5.036248197195743,0.47575943021750083
1,6.618768032828695,0.45677523755741145,2,0,1.1143294286365193,0.5015292921410904
1,6.647708598851759,-0.6619259410666513,1,0,5.013241333571486,0.290634175899353
0,4.224530987316174,-0.3630538465650718,1,0,3.643945918934852,0.3379379191931107
1,7.022766901052817,-0.3817378939983291,2,0,25.91109423177501,0.4783386035898427
0,2.5324727866011605,-1.1958396455890397,1,0,4.742615314245144,0.20539693654808344
0,5.268508141337269,0.4869724807855818,3,0,13.561754694591837,0.5957940373983092
1,7.257748234790036,-0.46940234020272387,0,1,6.843370816435103,0.43096680114457453
0,5.538422942450881,0.01249411872768743,2,1,4.30196786489699,0.539460067662356
1,11.38791817631713,0.48074665890590895,5,1,12.214437790625226,0.708682857183627
1,8.543224472363109,0.4465311760299441,4,0,1.6160170285456041,0.5249671987959748
0,5.632023847629086,0.6653851089727862,4,1,3.2906129125492534,0.6852149728048047
0,4.1868739315425,-0.09848548450942361,1,1,9.0180434807288,0.5341314421012503
0,5.100046752352422,-0.42329831204415375,3,0,0.40543897839069387,0.328568294782815
0,4.878110032332614,-0.07971821090639905,3,0,4.620360041264988,0.4213457293169869
0,4.435620391215165,-1.6873344339580298,2,0,4.589340195198313,0.1506514486440728
0,3.7340720805624175,-1.4471124724230873,2,0,5.781815208416361,0.18309760911307318
0,1.9971494507291032,-1.3226996123544024,1,1,3.9726418828053145,0.26308824848132667
0,2.9469815852437646,-0.9972468276014818,0,0,8.760891984774089,0.2444126323846322
1,7.817925354942496,0.3997742267234366,5,1,2.4500305403052325,0.6401600459154592
0,4.714016312821473,-0.9054790553600608,2,0,9.636738214043746,0.2811551812705638
1,5.75017168991088,-0.3781625540393897,3,0,1.8178480003610913,0.3450223374465836
1,9.60565664809398,1.2992282977860654,1,1,6.128075567117229,0.7777402648153436
0,3.77766789313164,-0.35626397106142593,3,0,11.232029224130226,0.40443400248190337
0,6.772756910299446,0.7375155684670865,3,1,2.260041743792673,0.683172359008566
0,4.97989765622869,-0.933617680009877,3,1,2.7858218597772275,0.3454885716337434
1,8.650643324683468,-0.20543755786763002,2,0,9.873394418447555,0.4163471256919767
0,4.255045094619094,-0.9500220549105812,1,0,5.483278079922761,0.24500420710104812
0,3.7692678242215933,-0.3390330759005625,0,0,0.8915249047702476,0.31736885341111676
1,10.074765941189769,0.8403081374573955,4,0,5.645342517899882,0.630740640377777
0,3.3832785404919172,-1.7273204231923487,1,1,7.732437561658963,0.21756530211546382
0,7.383086890207171,0.43442364354585733,3,1,10.158979516536986,0.6700109503281456
0,5.616749154181358,0.2377356023322779,3,1,6.019621410651359,0.6076788563544693
0,5.088685546871402,-0.5941499556967944,7,0,7.010074312827385,0.374074681337365
0,2.833264902962642,-1.4460578543884546,1,0,14.480268274852605,0.21046206325118103
0,6.272207248454641,0.07212950771386951,1,1,9.205964435913401,0.5711290644887624
1,7.811141797260526,-0.5294927090638024,1,1,3.855140795995043,0.41127664847395706
1,7.095808658309192,0.23267621135470395,2,0,4.270961969087644,0.47366160949517067
1,7.624930848990608,0.02185214552344288,4,1,10.917699306560188,0.6038461512722519
1,10.436967255102548,1.6017788913209154,4,1,5.927882597379879,0.8374953537912876
1,6.842407507139699,-0.23935562747302427,4,1,5.28619309448064,0.514671423114617
0,2.9242165182702773,-1.023497492621865,2,1,3.756898200472884,0.3238684125897898
0,6.06520098173931,0.17927563495631615,2,0,10.631541263162104,0.5020431939500634
1,8.22977539908926,0.21999668397176517,6,1,2.3825628848632965,0.6145695289487713
1,9.55699912869712,1.3591875752404365,4,1,3.297155744170965,0.7970145013959473
1,9.584966862104352,0.8351112459145785,2,1,10.60839426113862,0.7340081407603205
0,7.260252088258953,0.35687105914950934,4,1,10.518978631139309,0.6673702247467117
0,7.436406645433697,1.4633028912195618,1,0,20.503825947848828,0.7860710288174176
1,4.710957149599398,-1.188763054322851,3,0,4.63395085030187,0.22104278782415865
0,3.6438744303637467,-0.6397515327497477,0,0,3.8046075369854835,0.27915164704976153
0,5.164168758174568,-0.9265759414055249,2,1,4.12511838454535,0.34423868828557064
1,7.1402793814206005,-0.38980980315576796,6,0,1.0209820692705869,0.36916193973027395
0,2.9157546804610104,-1.3766861475563088,3,0,0.5068679347230756,0.17909198197083367
1,8.121430533845018,0.6351509468144043,5,1,6.004026294047229,0.703699851491451
0,6.016061341245114,-0.22222269709877338,1,1,3.570934573919721,0.47386984538081617
0,3.1023975253533234,-1.4708062945026579,2,0,2.5366037922944646,0.16843350038122776
0,4.82931473071429,-1.0155790812075416,3,0,5.228358583731959,0.250202373491408
1,8.71020705445294,0.3135138474501953,3,0,6.110108510970836,0.513556547414792
1,8.548229857576695,0.8381265678943811,8,0,4.38350231997282,0.6641838465692479
1,11.499636226721538,1.9967308916917865,4,1,4.474619422870562,0.8742517783891761
1,12.332511211129844,2.9138624660073296,10,1,3.536008361946072,0.9509762076311224
1,8.131131394478379,0.4144094332759964,1,0,8.154696454518106,0.5252573411286567
0,2.1980656693217595,-0.9895381200318641,1,1,3.1071440158380144,0.3168190859854272
1,3.3996147445404636,-2.132046280731309,1,0,2.0732069271540188,0.09837525000651916
0,5.513715015001943,0.2677114623438358,6,1,3.4128159277465233,0.6301534429883545
0,3.9585926043871034,-0.812941095310326,2,0,5.802358356469898,0.2776916154482484
1,7.6496513170725695,-0.41535726017968533,4,1,8.508824921746065,0.4974167609574637
1,7.011828650657427,-0.6120967990598081,2,0,16.410138813140094,0.37284549723360083
0,5.34016752960652,-0.14079088641638526,1,0,5.248291171885606,0.390915645689645
1,8.771199681706833,1.0659802307876436,2,1,13.678999098302292,0.7838183335701265
0,6.142107527819592,0.15704856744534462,2,0,2.886047545526859,0.4490876779035438
1,8.996806503725615,-0.1586348370386883,4,0,2.4581116108106413,0.4029022590036978
0,3.5037301363422504,-1.0356537528258116,0,0,6.780163415497752,0.22955924700319
0,2.625057353044979,-1.674682944704357,3,0,7.527111619809719,0.16793931087085967
0,4.5122102554889825,-0.4863079090733309,2,1,5.658078706506169,0.4422810171627887
0,5.964437760450817,-0.05378255081832049,2,0,26.296241666138044,0.550252481153259
1,9.843374079016378,1.767929913579883,6,1,3.0276100325177913,0.8579577950980959
0,3.957569213933452,0.13027452147288585,2,0,11.951358303397019,0.4998793252115627
1,7.556370264739288,0.9827395110230576,2,1,2.5186924286995267,0.7187553076787825
1,8.109968563502246,-0.49929559853915206,0,1,7.962090071189987,0.43159439585154363
0,5.213673657837492,-1.1849437664170246,4,0,5.0768838018749785,0.2314253908762671
1,8.263845562274186,-0.9651167622323719,3,1,5.953592173943139,0.3574361502136906
0,5.06849162381776,-0.7252260645357532,1,1,6.832702297828737,0.38921227268674957
0,7.912755901535729,2.1284697324351645,6,1,5.2216919107942035,0.8965755873828358
0,3.78803283309915,-0.8213866792243861,2,0,4.461722174934464,0.2696034120285803
1,7.442100426775802,0.838489203736345,4,1,0.7817365632800486,0.7031324575360126
0,2.580292936625462,-0.9029271780870264,0,0,9.466341922685674,0.26292330956586346
1,9.252097440888935,0.9315730128742441,3,1,1.5263271196563843,0.7140212545929898
0,6.807649263046842,0.38495096610586316,2,1,3.606715256740065,0.6123915542004316
0,7.763117901047483,-0.1566378976580904,4,1,6.279120409225252,0.53838328266561
0,5.498541290502303,-0.040762526135434025,1,1,1.8208716888120986,0.5014684070296641
0,3.484676156138446,-0.6547876954293904,7,0,4.457832366741822,0.3474824824934395
1,8.299699869248183,0.44607220148208054,1,1,8.724213035883674,0.6438850620988351
1,6.312195613611273,-0.45498348034078,1,0,3.5377779055895733,0.32010452051372856
0,3.2909960315090636,-1.2256057637672482,3,0,4.517173373497753,0.21520430924981557
1,5.90801529698905,-1.2779375743196193,2,0,2.186152537655998,0.19129876529638637
0,4.286699989704877,0.17258791772211948,2,0,3.893607525738277,0.45860494709440375
1,10.210629621364271,1.579091256410435,6,1,1.569651840158126,0.8322235790219376
0,6.7717460682846164,0.15999161357343825,3,1,5.739790163988915,0.5901263259561148
0,6.882122551866009,-0.11863832610988256,1,1,1.2204868525630905,0.4811762992126535
0,5.84986570658084,0.2858261396025429,1,0,2.930529202053181,0.46535944575155924
1,10.794255098898345,1.3060017417068248,5,1,5.111079472006546,0.8042195565403446
0,5.128044698138499,0.21938250136385634,2,0,4.224782889052701,0.47055777468058807
1,6.677659162506326,-0.41092723083373717,4,0,6.53849455564697,0.37617256822869877
1,10.741885201721075,1.1062887100598888,4,1,4.5287612475859245,0.7655880932557081
0,4.369145115008706,0.4287564384616135,2,0,0.7782056657474612,0.4934748990470012
1,8.807081932103504,1.535755991995992,2,0,1.7913148251435196,0.7191350989288233
0,6.594408180377071,0.18323443722190613,1,0,4.925236842087574,0.45608350702844314
0,3.668310457812125,-1.2244690317205003,2,0,10.374397126709539,0.2330017154525132
0,3.2896125695864433,-1.368159199245665,1,0,9.127385349235386,0.19944756145074338
1,10.796085880264478,1.6509279322312496,8,1,25.840389497678828,0.9136704879448633
1,9.69457378020189,1.723665720783297,3,0,3.2218856112119405,0.7650669925167084
1,8.608266034532154,-0.17951921328260065,0,1,8.518572329343113,0.5025932209836269
0,5.749029804788515,-0.38318732113598775,1,0,8.09806013140284,0.35933359079904337
1,9.652135792147172,1.4614442922422022,4,0,14.026699024444905,0.7812379425690721
0,5.159549989908401,-1.107045682043488,2,0,11.54402696913797,0.25685333965009455
0,4.680476834652565,-0.8947270189558264,4,0,6.060966532180119,0.28312889468328856
0,7.0822225213764725,0.6433267946890444,2,0,7.559250681996094,0.5807393042971126
1,5.815321145685258,-0.3946051228595896,2,0,6.555909316524061,0.35858369378647054
0,7.035371980043854,-0.005121866720071296,2,0,4.782589111562775,0.4268318814319412
0,5.722960824937977,-0.16344289852451258,0,1,7.174117962480465,0.4976066396087416
0,3.3587093758339557,0.33757454879893356,0,1,5.605726990438553,0.5931690137722297
0,8.972103531977428,1.4074818613137168,4,0,5.428331293341282,0.733424638592141
1,7.716858432273889,0.09058490690174555,2,0,14.468104069698603,0.5071744507065258
0,6.286076552358292,0.6439387932768579,2,1,6.148336074992308,0.6772268134148959
0,2.466574039732738,-2.0501721010310225,1,1,5.249361208675548,0.16570025849009273
1,7.9059651059628635,-0.04871840193011795,5,0,4.326571997921594,0.44812574645573755
0,3.296482261434805,-0.8432302702928711,2,0,4.0356843917609035,0.26388875571602827
0,3.0508546751454215,-1.218813060423628,2,0,1.7406038788956666,0.197423500894138
0,3.529111624635645,-0.8781523669287508,1,0,4.786260181823602,0.253170638143022
0,4.835625006866143,-0.33412344070081207,3,0,10.741084115981188,0.40601165745401435
1,8.509761316627081,0.9159025423560131,3,1,3.1432087098708923,0.7195231233975656
0,4.141596551172323,-1.326392717739564,0,0,0.4364317526297793,0.16568494710332013
1,7.920283293611054,0.030631492594417446,5,0,6.980001614687041,0.48139279918945316
0,5.436527689634355,-0.4841694333335785,0,1,5.763707154124111,0.42129700121317726
0,6.193505553140705,-0.32767309436196085,1,1,14.295945409798897,0.5184607308702677
1,9.116278959630801,1.0027578253046041,4,1,2.8596018966838486,0.7415104906331054
0,5.045714076646364,0.5381154370039261,4,0,1.5491112555027349,0.5439180050978827
1,11.068302757437664,1.3373981074427437,5,0,4.150424612840518,0.724231432020899
0,6.495952938747492,-0.15450567924990047,2,1,3.6425222380983264,0.4999333071479062
0,5.898271883466249,-0.695942611670703,2,0,1.0056754900859244,0.27360483124545826
1,7.982119545156754,-0.22385881688049952,1,0,5.28658620466517,0.37446350172564746
0,5.436852617329714,0.2424967912712216,6,0,3.399273084753588,0.515271273676957
1,6.078085285527585,0.17657335845371103,4,1,12.550595262220874,0.6442485385972145
0,2.6017675823873567,-1.0843880722333665,1,0,5.352283393949297,0.22392764395454662
1,8.490845965854408,0.09048978162787422,2,1,2.556240100997837,0.5450828078230118
1,8.000577388050347,0.22822833013890514,2,1,4.854282606875683,0.5879146135569334
1,10.763308288185831,2.5174740375339204,3,1,5.6813966102492595,0.9142672360488837
1,8.308524612425327,1.8768446112816701,8,1,7.472670647016742,0.8901363582138526
1,6.608817818927998,-0.8532433505588201,1,1,5.038714629958163,0.3533630563577197
1,6.168638319339341,-0.2873833615491761,1,0,18.13384132018573,0.4388255602812378
0,2.5037336030922734,-1.4634420018370031,1,0,1.686359541543308,0.16019650486638873
0,5.842760138164342,-0.5907070139634865,2,1,3.352505313991277,0.4065397975374275
0,5.358121663689833,0.3156050035903405,5,1,2.5659037702133096,0.6241995553524222
1,8.6473462984174,1.2058536208882336,5,1,3.780863221196284,0.7849074071452025
0,4.66378387988106,-0.7290838377436085,3,0,6.200418051254349,0.30370622118362023
1,7.858539726638036,-0.6541464400677965,2,1,5.885600237095438,0.40881060087130644
0,2.0261368911645135,-2.147289029738655,0,0,7.343950841052041,0.1051190754937706
0,6.575588317103304,-0.16266592054490767,2,0,5.327953626292577,0.39769772826224203
1,4.5073071831776605,-1.062414411859563,0,0,5.570503217341732,0.22032221157241813
0,3.2599476118914055,-0.5294394273660737,3,0,5.409148935856981,0.33630710491048543
1,4.745684189533081,-0.8768607781675882,4,0,3.4963066478733817,0.27330390253646175
1,5.323854611332159,-0.09426255425255699,0,0,3.285989875697163,0.37801703968838496
0,3.127124441564711,-1.7577283913566313,0,0,2.520746172273844,0.12663435364433273
1,4.663682479493995,-1.4670452453909906,4,0,7.621020596381828,0.201577667295603
1,9.114567316415195,2.129247112028298,3,1,0.5579478209208857,0.8708852569195842
1,6.610549247020354,-1.287422581274031,3,1,5.480063584699641,0.2947743644828383
0,4.737106130223829,-1.0967855784546396,1,0,8.632604500804756,0.2365925150985136
1,11.726047612265102,1.836913528321314,6,1,10.240054284399818,0.8846659949247805
1,13.122529485554178,2.905067169240407,12,1,0.35525669572921703,0.9511161219940705
0,2.826441354120352,-1.1715666288253417,2,0,3.586047921196176,0.21145447122874433
1,7.0369418450855665,-0.36824895678803055,2,0,2.6524841486766952,0.34148141018908207
0,7.021287296983738,0.34155555094050954,6,1,3.34645011228839,0.6442786160562061
1,9.624084105430278,1.7286976444055924,0,1,11.722013759736674,0.847152928383719
1,6.281854157987903,-0.9868570784282374,4,0,2.6672085346632284,0.251213954776586
0,4.3280745101723905,-0.24527784594210975,8,0,8.618464661960545,0.4667928156702058
0,5.869051379126657,0.777337576061744,4,0,5.53709021135303,0.6175504921606871
0,6.613842410585673,0.43476607446661863,1,1,3.228640273032866,0.6095133738000118
1,8.26739273088818,-0.37615607123009925,2,0,2.961765638003768,0.34170878979854485
1,8.3165053672494,-0.13382296451604114,2,0,5.9678535932804575,0.4074412726215696
0,4.013174434525344,-1.3748958083699818,0,0,4.65601692240006,0.1747599473575002
1,6.797957225439646,-0.23817374397466523,0,0,0.9294351277311501,0.3364372424323573
0,4.722895124137408,-0.2663874900089551,1,0,2.1476458041456117,0.34802356596033596
0,4.356637422970304,0.23216988962625595,4,0,6.080550678127427,0.5073390161651868
0,3.810954890976796,-0.555327218819016,4,0,1.6128936443674127,0.3204497303160415
1,7.414458057827635,0.471538522545139,4,0,9.477094437088148,0.5787721809536679
1,9.826918870528262,1.0127158178198286,5,1,1.1876330607278167,0.7437400599132049
0,6.746281450704694,0.15542932766846604,6,0,3.9758517749953874,0.5003778056513676
0,6.907469201373721,0.35175640839920347,6,0,7.787081697609834,0.5655382415632291
1,8.971609709165046,0.053155347577867364,2,1,1.994710641467298,0.5337112317150698
1,7.777602854798299,8.439309141418043e-05,2,1,1.5078530750993329,0.519432222606528
0,3.4436327066437187,-0.7215580335428474,2,0,6.819611094776908,0.2988386887557317
0,6.285775187197597,0.316494261673308,2,1,8.808851445718458,0.6293061651867854
1,6.674799616293041,-0.09728659841348947,5,0,4.20364282210188,0.4371830297865782
1,11.464191139940853,2.093168308930595,6,1,3.507078219166131,0.8896204488369558
1,9.620460911577563,1.5733549024752425,5,1,1.139564715237984,0.8235869173755792
0,5.63818931244683,0.3858465525565008,1,0,5.170680378594391,0.500559144551388
0,4.884815326928175,-0.7630572096947675,2,0,0.7722489953429739,0.26128654823863734
1,5.167732365202226,-1.112411471983418,0,0,11.832052279074531,0.24053503374294388
1,10.303422087351558,1.191142953088865,2,1,4.365322083792777,0.7616241498931584
0,4.219616926901786,0.2627492251471385,2,0,2.1879762056706507,0.46705685493997756
1,8.918863332965316,0.4801434033916108,5,1,2.9375313539132,0.6584872570885003
0,3.0452763341874225,-1.7445859869741926,3,0,5.471237152549337,0.15301887110659254
1,10.193903792914318,0.9274384815581808,7,1,3.363065682156752,0.7572018368642643
1,7.100845497386476,0.45442033821436295,3,1,4.815767319059657,0.6437439799235136
0,2.1630115218917356,-1.110430684414478,1,0,1.912084480725615,0.20569648020538264
1,8.188418870400323,-0.47152480744994896,3,1,10.37855780747065,0.4859206876853742
0,5.621626376048806,0.2637172043565196,1,1,2.9905383978172684,0.5729562963359577
1,7.653030818128783,0.05246679835624363,2,1,0.5208694677957053,0.5243852672039367
1,6.308554145182044,-0.292171185803555,3,0,3.604194921193451,0.37209477762640564
1,8.516760812576484,-0.10348826806596086,2,1,2.6161727078332127,0.5043597119676593
0,5.349032063291926,-0.25197737820688537,1,0,9.912881485027917,0.3961916626983868
1,8.084935138745573,0.15256251210246857,1,1,2.19799283184398,0.5447866291941592
1,8.083056050928025,1.471491972993157,3,0,3.324565140392715,0.7248966615328146
0,2.332399032653733,-2.5666584409312976,0,0,5.584981755333939,0.07296339800607274
0,4.24121533709227,-0.23685026450968424,4,0,7.377786657077964,0.41656803276424254
1,7.521738738853588,0.17651242137244696,1,1,12.36085395835605,0.611603365891878
0,4.830355082378099,0.2959939896870995,3,1,2.3636853523339756,0.597650981890743
0,4.863463499245054,-0.37191458132128985,2,0,11.449797651571405,0.3917689787465637
0,4.730324032375824,-1.7567217824785826,2,1,9.652969651022373,0.22936693643811812
1,7.810555302252829,0.32799548371410964,1,0,2.582206142043528,0.47211678734498724
1,9.69337913308669,1.727350214164185,4,1,2.321492038991722,0.8397386756594342
0,3.3098032189875144,-1.5338614049161376,0,0,6.489224242576832,0.16225404828211545
1,9.188441673662757,0.8638280136981883,4,1,4.72837612402978,0.7275966984756433
1,6.9132965792308045,-0.3285252231228939,1,0,6.477022845469143,0.36070146920495894
0,5.948531921075622,-0.0613243458288473,3,1,3.6973046797766647,0.5312858044502968
0,2.744095286128993,-1.052898510703949,0,0,5.095256799638435,0.21967140094470924
0,5.303357375558665,-0.33445617235587666,0,1,4.3870679863698125,0.4440821294730391
1,7.5272161031913445,1.3000445946989585,5,0,6.413549979436256,0.7291623123405092
1,9.060594501393306,0.582655241987707,2,1,2.250635946843609,0.6437144828621926
1,9.351056366911244,1.732311605409944,13,0,5.39334905962327,0.8445262078420185
1,10.874019667590867,1.1774118889776937,10,0,12.192879392031605,0.7782715545072516
0,4.217391238288227,0.4390866789295762,3,1,11.727160644719381,0.6794842621551439
1,11.937484506211932,1.743934526167792,4,1,5.864822655569634,0.8530799755414616
1,6.657755024054526,0.43899315873829875,2,1,2.209486482421729,0.61500057144905
0,6.182002619244623,0.8279881767970589,4,1,16.185087284852603,0.7752883730806035
0,5.185967218740684,-0.29657095353470836,1,0,6.415080679826779,0.36662844671391087
1,8.399511448524784,0.06654581585920483,3,0,15.142896782774557,0.5175269066204367
1,6.5881865358251455,-0.6974238233002769,1,1,6.6074310877185365,0.39349980618948877
1,9.508079378029498,0.989583934594853,4,0,0.30047369327722273,0.6291701009907007
0,3.2351299452316797,-1.1783036231148656,1,0,16.115963601235492,0.25852309362630055
1,8.43927817554968,0.7823503424176613,7,0,8.730489239625362,0.6678018838262687
0,4.9186052785870515,-0.19065105750515945,4,0,4.950986527537648,0.41137629925934427
0,6.910126259408821,1.1712470934673194,5,1,0.8633632026518454,0.7671243171720922
1,6.643942339199002,0.7508689887312598,4,0,9.399707607986294,0.6348849589572896
1,10.279030335518547,1.8206461576468016,3,1,6.561913236206583,0.857734192985481
1,9.15102855672469,0.7307746911386448,3,1,19.200953731572717,0.7660575819410107
1,6.619065933421291,-1.5720402556532407,2,0,14.151183402005522,0.19901617791285406
0,4.072529790137609,-0.06695317289820084,0,0,14.850444353638796,0.4537205723037832
1,5.089477122597316,-1.172007192594816,1,0,5.749793234675602,0.21291197344736662
0,5.776523232610151,-0.5182798423662747,1,0,5.559860072092082,0.31939764401742965
0,8.436344776429564,1.5112284332767216,6,1,6.615298396182478,0.8415660385429584
0,7.04299954000549,0.637533810897696,1,1,2.8275299894037724,0.6473913067286376
0,4.8567030985756405,-0.6989304285787463,2,0,5.062634412949323,0.29369092129958596
0,5.089463897936677,-1.013717366440399,4,1,4.3141608958213915,0.348916391081875
0,7.7804870672478135,0.03278209287626079,1,1,11.227345055366403,0.5753097240029386
0,4.054207051386227,-1.2165601493811278,2,0,12.806486253379177,0.24528600411575743
0,3.5948327479243476,-0.6711402773965811,3,0,7.9552795127547355,0.32375086899647165
1,8.357574587580046,0.31200947155124387,3,0,2.438826277851251,0.4902958956593572
0,7.099474059868577,1.1553120361066962,2,1,16.80400290523265,0.8087820045624978
0,6.862431116227697,0.6087614722244398,5,1,9.365939291807168,0.7163841235721045
0,2.9000837164279534,-2.2912895085981,4,0,6.285969194992164,0.10808558126259711
1,7.4573247025186244,0.3043667290302598,2,1,7.433408999938054,0.6188209931523744
0,4.864708800291399,0.07203357323257792,3,0,1.3786634302938463,0.43307775467118664
0,6.883518460101302,0.41389028537269307,3,1,4.320417268212976,0.6329323019937617
0,6.989010743205269,1.6162096816512073,1,0,11.88610427559238,0.7713466595399313
0,3.5704736005461775,-2.063238276804743,3,0,1.309934813399528,0.11046460308190195
0,3.443499526911083,-0.5911034251911056,2,0,1.2697192507383792,0.2930337930074122
1,7.720868139541929,0.5909063227933546,2,1,9.407143210737875,0.6851300449994013
0,5.561884869498426,-1.5815943994539423,0,1,7.0633907677743055,0.22832904435422086
0,6.1683004170657885,1.475949048053509,3,1,1.326436539639308,0.7978188686111265
0,6.152692111821235,0.3683566127006584,1,1,4.018168143622282,0.6007419019034346
1,11.120622544694859,0.846583985843404,6,1,6.285983851184431,0.7496499046764542
0,4.721724545927625,-0.5709436615217945,4,0,5.751425126841036,0.3403990367456285
1,10.004243351073168,0.8137636899662105,5,0,6.65266283510321,0.6417610249526627
1,9.814973262420635,1.0684715559890383,2,1,3.782845840995634,0.7393845050727136
1,7.714666145402093,0.23287802013716835,3,0,5.970886781952514,0.49555473879177936
1,7.892433037920826,0.23440089269869593,6,0,7.945237962513175,0.5418696460540093
1,6.277673231525476,0.2703432392817259,4,1,7.51814782006589,0.6336123599099128
1,5.914760051401034,-0.8633452647393817,3,0,3.8740185149197366,0.2685497518915739
1,7.454644942791841,-0.14752868024035293,2,0,8.473790709103515,0.4198097071456497
0,5.339287831878464,-0.1525225324523588,3,0,2.1968071457984504,0.39180674270332017
1,10.372383739844224,0.3833938643534951,4,0,2.937098634359507,0.5198176752488248
0,7.442669813077584,0.9998242469102946,1,1,9.398007531489839,0.7464562843880138
0,4.664559172571814,-1.0585360819784093,2,0,8.35035861166338,0.24955318860985276
0,6.787121149507371,-0.12500903031957764,2,1,4.155657383764023,0.5094073294319208
1,10.132990745954912,1.4814555476589732,1,1,2.886574082348524,0.7902447889189598
0,4.203930448257213,-0.7435882288125641,2,0,3.221473748341217,0.27657533918680843
0,4.240943606613223,-0.8222500172903203,2,0,7.7018659876681035,0.28569895266913087
0,5.593538664507321,0.20230619183119358,6,0,6.7065032454350195,0.5273782990696471
0,6.94396411954947,0.8443851904853201,4,0,2.7350780927324534,0.6144612981779313
0,5.173828510305702,0.01142605556065933,1,0,8.309845301890785,0.4408922437747791
0,7.712979281696886,1.3289605904369892,3,0,4.013137453239853,0.7036927572338383
0,5.832646130532543,0.8567939825665268,2,1,2.263375450858576,0.6952668538892501
1,9.006200134575238,0.8418200668900618,2,1,3.499519640317107,0.6991040468709236
1,10.09311589445752,0.5541165013240933,2,1,5.356570710961001,0.6558632713296323
1,10.704521825906836,2.327653100346085,2,1,8.106543093391316,0.9021344273938906
0,6.968607285182755,-0.2051616888660442,2,0,7.743861791394497,0.40352692436285176
0,2.858010746445731,-2.003522292066514,2,0,4.630609293442356,0.1194941962681854
1,9.864066671902943,1.604254361517141,2,1,5.834806469222035,0.8248395351848284
1,7.551403886194994,-0.45769943095682564,5,1,4.3264881378333815,0.4735541243685442
1,7.070998843112134,0.10788044434303304,2,0,2.7392503209992682,0.4378677140802476
0,5.5248037005086434,1.309550684860527,2,1,4.764796043212433,0.7811256130194956
0,3.902905398616785,-1.6022595410589253,1,0,0.8555981256745582,0.14239598644851506
0,6.114690692942013,-1.2516472141061394,2,0,12.970630244429348,0.24055587212613808
0,3.6504881323914704,-1.6012779371188537,1,0,5.724006020443699,0.15802646068793325
0,4.795825129863938,-0.7941362900254239,1,0,6.896044851350981,0.27735602069746523
1,7.634183113840277,0.43963660601699356,2,0,2.8416070525393624,0.5086819501485442
0,7.169880593684419,0.524187842812771,2,0,5.6882433065724785,0.544324774344371
1,8.25184090168262,0.27627417932855375,3,1,6.398536233842459,0.6176998102031672
0,3.5556681833900203,-1.4127658838923665,0,0,4.168124475106668,0.1684506401184519
0,0.6419477068008728,-2.310103436632644,1,0,4.343288062917779,0.09029767487386031
1,6.669186426522127,0.054353585390382264,1,0,1.5956211919692773,0.40880469061377106
0,5.787864098643195,-0.47177603363833576,7,0,15.79399313972643,0.4523550487808485
0,6.828621415809447,0.45938577171661177,3,0,2.806939266462031,0.5238946316429016
1,9.76100013955685,0.7019536262212701,4,1,3.1173561113231782,0.6909564272306569
0,4.666218077043187,0.13824143205868192,2,1,13.522837689488336,0.6214191504474303
1,7.46415033084303,0.7601330853758538,3,1,7.125236503416737,0.7128454440569414
1,8.946692345948268,0.22921137411506842,4,1,8.152681951448844,0.6291674248735538
1,7.467208082082846,0.5300647056014667,6,0,1.497745093525726,0.5641442465266984
0,5.887622819286063,-0.7046732628698824,3,1,5.636848499171126,0.40780398391313616
0,3.7617854030956877,-0.17961141383145854,1,1,1.5149483386200364,0.4700867670568104
0,6.0514886292374,0.19677609665695725,4,1,2.469654910560079,0.5887985961340045
1,9.291406792818908,0.8205284754174188,3,1,17.298553067312632,0.7711670985995958
1,7.031317142705531,-0.3937411722245721,0,0,2.090452319807663,0.3137988375940048
0,5.6229813646979085,0.5211672557321126,3,1,7.887464279750487,0.6737463974598742
0,3.4157513615728305,-0.265838791915379,2,1,2.270195079608013,0.4677428405366365
0,5.914017077920623,-0.11754216732813036,4,1,2.518304463383709,0.5232449241242142
1,9.992821896252815,0.829519042024073,2,1,24.26722896920139,0.7944191628181353
0,3.5559295209974,-1.993060371054156,0,0,4.648434691158837,0.11126439796943229
0,3.157827104700938,-1.296472328074761,2,0,1.3930928194092471,0.18585462544642148
1,6.6724296588666325,-1.4821853974428207,1,1,8.1196344842284,0.25695288263057303
0,3.1118269343665372,-2.3336161198483047,4,0,11.325137176030145,0.11707295660162771
0,6.019888756862425,-0.6782644401551767,4,0,8.640915044993932,0.3361492933679362
1,9.109221787086799,0.7494338997277404,7,1,4.344854449498439,0.7331454140234387
0,3.853469054716973,-0.28488406638257474,4,1,4.457254793613316,0.4998199783615649
0,6.267834746990272,0.19779008194185213,6,1,3.27891046950372,0.615406083122633
1,9.620523119234328,1.0892174967107926,7,1,1.8696541682528685,0.7751418396282422
0,7.513563810651067,1.3276861322676916,1,0,6.312586543485777,0.6966398556671691
0,3.902886632437543,-0.06913793472613955,5,0,4.1816104640713725,0.4429428746816184
1,8.573732307489209,1.3535858895693973,1,0,1.5371821952288758,0.6756775133503626
1,8.289937439209815,0.09212665843410921,2,0,4.735640389361926,0.4468759322846404
0,4.131935617434541,-0.8373982238274621,3,0,2.821292037712501,0.2677131594105159
0,4.343845727937081,-0.5944003521987352,3,0,6.076685597584095,0.32776234147657
0,5.151140655962333,-1.4805365125650163,0,0,5.650390817111813,0.1655919025216085
0,2.9675710965869593,-0.8881338537336524,1,0,3.7383097757419677,0.24666924491967931
0,6.0749116577790065,-0.35801668807442916,2,0,4.905954743048319,0.35625284471281593
1,10.042681953697421,0.8035850193786016,4,1,5.225723087701589,0.7198444865608645
1,9.873716492131283,1.7207698311659838,1,1,9.396072441082284,0.8445600250618192
0,3.713461212291211,-1.38218151537704,5,0,4.772924512122982,0.20907151616935213
0,6.634514937173129,0.39282746825991893,7,1,3.343265379579916,0.6642930938912519
1,6.270299617066898,-1.0405439391575344,4,0,4.0352993876051455,0.2490697369023395
1,7.553192530880302,0.47469708846320197,1,0,15.020922443864272,0.5803025683582498
0,4.551721093199049,-0.1310866506877266,1,0,2.3427321840587676,0.3756964163259398
0,2.63185587139218,-1.8309058258475304,3,0,4.241932529726055,0.14000822688284642
1,8.749287508809775,0.9282969915684843,3,1,4.193304012320954,0.7268869285188823
0,4.61266681780954,-0.605000712808731,1,1,4.330799167098649,0.39867700858783045
0,2.6994196250456115,-0.5339002383735546,1,1,1.8104907989101533,0.3980605013160619
0,4.067516490157482,-1.06975241128969,3,0,4.018184563487574,0.23616250131682462
0,3.7182024253576116,-0.6542832766875555,0,0,3.207948840178884,0.27369770845098096
1,6.111148184606245,0.4278904406949172,3,0,6.056723277251719,0.5374609092656603
1,7.293566661604084,-0.18924434093640552,1,1,10.321177324411623,0.5230266359876026
0,5.978254804836296,0.32866200228248105,3,1,6.398389329215372,0.6281579394703414
1,9.646806762303612,0.3619218539288437,3,1,5.3687941704547795,0.6287489259723411
1,9.04316039301988,1.320661655528167,2,1,6.851006642089282,0.7914747059197733
0,6.134226434184191,-0.3427861508643793,3,1,5.735275014479582,0.48425861564520073
0,4.769186772087286,-1.4768578168457318,2,0,4.876331020034017,0.17603853127009686
1,8.774005319431797,1.067222416571983,3,1,9.156162896993681,0.7722470682180579
0,5.039579938553681,-0.3314881720972547,5,0,3.9337257380622495,0.3873602828069513
1,10.631293264833246,1.114592444577377,5,0,1.7877103990984562,0.6719672906936068
0,6.061021420349977,0.3833771131824704,3,0,3.1218339354506233,0.5097278709519873
0,5.527154530245039,-0.13113753020334493,3,0,2.796115914682021,0.39973629427758817
0,6.077343966060592,0.3487758940462951,0,1,17.70630759229124,0.6657705146751116
1,11.68526089382511,1.9510125601262995,8,1,10.72979117428931,0.903488870239816
1,11.042924696266068,2.076980529053753,9,1,5.41642073939244,0.9051534331167312
1,5.663768513357621,0.0693811351327787,4,0,2.8558658521623617,0.45273420507323375
1,7.285824249363177,0.1601905933170753,2,0,9.093633734459866,0.48837780576244183
1,7.613902895275487,1.0762401574663856,3,0,5.265649359632269,0.6640612121467878
0,4.2910914898028985,-0.8456610327673472,2,0,3.940328937596827,0.263025238660305
0,5.255060877964339,0.3330703726182551,1,1,5.296949687316191,0.6012158093623058
0,5.88520035523933,-0.0258628479538564,4,0,4.023119729562084,0.4399400343342571
1,8.556684933247189,0.3139082114575536,5,1,6.794694580619076,0.6483260679650485
1,4.717837827859639,-0.8333688059494058,0,0,1.6408759724243605,0.23733584124545162
0,2.6438604808488084,-1.589567493308969,0,0,6.761211258805041,0.1568173184049431
0,3.126255709692856,-2.0729834359912918,1,0,4.019049161681712,0.10749769492857936
0,5.29230873493923,-1.1173841129896078,4,0,9.230501533725148,0.2613402962469572
1,6.408209625197716,-0.458675284939333,1,1,10.896957563092753,0.46942567982884525
0,4.87575184510926,-0.2931915866487618,6,1,12.478046756456608,0.5702174313888272
1,12.686275881596895,1.9372311624295169,2,1,18.563014337915643,0.8957362114452786
0,7.453879437663081,1.1059933699072981,2,1,12.195200109286695,0.7832953340050309
1,6.271818646014016,-0.9620911163416273,2,0,9.03560539787191,0.26857051478198274
0,4.928441239131231,0.34770845245095694,2,0,1.8603768682211879,0.48302193143686095
0,5.279427490920759,-0.4070782363503251,1,1,0.44696565452650794,0.41584777032650294
0,6.641774717581974,-0.28436383804009513,0,0,9.878401016464025,0.3787754087202503
1,8.069050173717496,0.18532564941538202,0,1,2.4587186873522393,0.5421484294461949
1,10.420538008184268,0.6191711169753933,3,1,27.021743565897076,0.783611683127925
0,4.945158506438758,-0.33925848388401536,4,0,1.2403559650550404,0.35954009657182
1,8.440496618578894,1.0638515327343585,4,1,8.776427221605685,0.7779370111814088
0,3.0839295534888005,-1.141938226142404,1,0,5.72286389223063,0.21711206830066485
1,6.912072425246809,0.006339062362268442,6,1,1.3877939826895989,0.5646567078559925
1,11.8256852889993,2.5976737265958323,7,1,5.69742869460101,0.9318498530217413
1,8.755708223460115,0.2230797426252751,2,0,2.7271921465751965,0.46202268180187295
1,9.903998335531188,1.4332145066061728,3,1,4.660284493077932,0.8052975660322054
1,7.6924819163725475,0.09152017817320818,3,1,4.709583445921468,0.5696765816711624
1,7.208178563379829,0.5807770953297967,2,0,2.7602697246155574,0.5380928604612835
1,7.714113229919641,-0.056783194392691534,4,0,3.7495173261654804,0.43179587060348484
1,6.356619388312085,-0.17040758116420443,3,1,2.542709887305825,0.5009303247246659
0,3.1194091839487736,-0.7794823967254196,3,0,0.8945792651624245,0.2679211402614758
1,8.78025556883538,0.4303013589575532,2,0,5.356684484999224,0.5224033061887866
0,4.219889768257297,-0.8515371891857679,3,0,12.154105884646428,0.3132531768604976
0,6.467968783969478,0.6655852363134291,4,1,2.6720723259567447,0.6819069494515391
1,8.970227548236972,1.08528700444591,3,0,16.280681959001303,0.7240240733636185
1,9.41768007945613,0.36653140723722993,2,1,18.510606110059847,0.6930286349663632
0,5.058463446210958,-0.28624873355569186,2,0,3.5028042269663056,0.36222007309536675
0,5.472597167483014,0.4539655793086961,0,1,4.184111868254089,0.6083718598530493
1,6.658373732728994,-0.3086730555464126,2,1,3.558030729594381,0.4666940603866792
0,6.317693456920718,0.9355471254651493,3,0,1.8864334887685827,0.6171280391546994
0,3.1273822151125232,-1.8314060842151236,1,0,4.199679396618074,0.12935168521413926
0,4.723486447319413,-0.3356073681186462,1,0,3.842865645719221,0.34429895591002085
0,2.6861236099938752,-1.9908119951239978,3,0,5.288979660938579,0.12730884832016376
0,3.5077828804531745,-1.495060830227205,3,0,5.502613356279982,0.18268871003522266
1,9.449534137132295,1.3638622298139094,2,1,1.7579214489465151,0.7761259039175332
1,8.351241637828242,0.895184981971686,3,1,7.596135460966335,0.7380408541378609
0,5.4565622755593095,-0.7194802332847904,2,0,4.161188883025385,0.28546175184014055
0,3.2069530794003196,-1.502503456040897,1,1,2.0839675815106684,0.2261763941808079
0,1.7179927903446899,-2.964528837841651,4,0,4.088657628492572,0.060788899406478476
1,4.482899485186987,-0.5434955079326346,1,0,5.65929638459272,0.31529297240495985
1,10.661815041759654,2.4204150122474024,4,0,13.681660463211442,0.888884220191782
1,7.5733005866637235,0.4348842714636474,3,1,12.25133990580041,0.6815567258434041
0,3.6316257456607874,-0.5595722860494895,3,0,3.269716240813806,0.3188865394663635
1,10.398279105563333,0.46508020950030626,3,0,4.382962874871725,0.5349161391079055
1,5.534643188065931,-1.5609583529944429,3,0,2.4787715442615883,0.16385155310730862
0,6.429652076848937,-0.29732336269763543,5,0,6.338342343566467,0.40871832131504904
1,8.327104337397639,0.09947747301573849,3,0,3.416001305213025,0.45139296679561697
1,8.239397575429894,-0.08610065182104851,3,0,4.269518026639723,0.4178884407001427
1,8.792473573872646,0.7908061216900806,2,1,10.11657590895469,0.7241416675938831
1,9.50698189166683,0.34464522623605237,5,0,1.7513695216143965,0.5154282707327212
1,9.823615955464023,0.668326018107997,3,1,12.270161111571156,0.7230879959023698
0,4.5101849739470214,-0.6883722822307594,2,0,6.791132968156889,0.30463170245917065
1,9.687093639466147,0.8978154084105481,5,1,11.888132802494173,0.7747529522187521
0,7.893675321771486,1.6289369476239914,2,1,8.426323544093204,0.8368881808972122
0,4.236211720647384,-0.9701495196514126,2,0,9.505563710928124,0.26953402869946913
0,3.9552470192163427,-0.8876956557145598,0,0,5.095070224400472,0.24468475235157428
1,10.239126198135628,1.3357843363202329,7,1,2.03576432276117,0.8102000844765731
1,8.903390383341355,-0.19134398669506028,4,0,3.072125487815624,0.39991020894758117
1,8.517876250724004,1.403821392066557,4,1,2.6040852665405376,0.8003287497239574
0,6.167319760027904,-0.4425357118921839,1,1,0.6753807326311888,0.4099261113567713
1,9.486455708678726,1.4550455762707113,2,1,10.104364774602276,0.821918196745584
1,9.320720260695435,0.13148581680545218,3,1,4.670851686118034,0.5777476929093862
0,5.235130319981543,0.2582288233226952,2,0,2.4292737558732775,0.46760204155287577
0,8.568236044995523,1.5647180216699044,1,1,18.04496467614643,0.8552188903833736
0,5.388109283367287,-0.36177047744417123,4,0,23.241838428002424,0.48838735240370446
1,4.59248683755241,-0.9411220959249583,0,1,1.551256187770482,0.3076407255827379
1,8.52175891855415,-0.44856420802835434,3,0,4.197183756567485,0.3449414376987495
0,5.084926910761875,0.4523339506431387,4,0,3.9882129482587096,0.5409553303025669
1,5.27634881399989,-1.5657590721805144,2,0,2.2650915559414715,0.15653115233440956
1,7.89456584713114,0.6374709026511215,4,1,9.942515328658537,0.7151262804773048
0,3.563164889575587,-0.5387713176177432,1,1,0.6856417988702234,0.39035634791770885
1,8.89925433145622,1.1478126607335635,2,0,15.067923739723966,0.7195718530628575
0,1.8516855461159638,-2.3942603049004716,5,0,5.257840151894946,0.10168186977052615
0,3.6406290919443887,-0.7865657751041687,4,0,17.065987362874502,0.36310072943329685
0,3.0001263835856706,-1.686468151234102,1,0,4.932253163906284,0.14614132022377405
1,4.723297506252353,-0.8262294663639526,2,0,3.976751187444022,0.2664173381320437
1,8.421993551645482,0.24766590110894313,2,1,10.485136059644475,0.6254261827560755
0,6.129458316659994,-0.1792266254497549,6,1,16.992658291405142,0.6206890290484298
1,5.226156409415366,-0.25337756894801494,1,1,15.198442784968769,0.5398130698904174
0,4.701644144433976,-0.1591848713800608,5,0,1.0564793425966323,0.4051877771114064
1,8.191766946485542,0.20338824061994343,1,0,12.63174078176209,0.5084175856367208
0,3.480028356466762,-1.0085360419431078,3,1,3.8223698649773956,0.33699903272460374
1,8.88712407103108,0.7068496408990508,4,0,4.547578114216808,0.5973683131870512
1,8.646910030633775,0.6626659703854839,3,0,3.758835307302255,0.572543688753525
0,4.734952366194174,0.385037937656101,2,0,3.0708158064482864,0.4985131649247991
1,8.498224871499897,0.5565334427512632,2,1,4.233789974307995,0.6499679143797713
0,6.9360963243221025,0.2964180008086595,2,1,2.192061330772944,0.5858308992994785
1,9.809653781353513,2.0350733027310675,2,1,12.68269060878804,0.889621387043393
1,7.011273704746719,-0.0870941710525099,1,0,8.343556156542336,0.4205682420555533
1,8.17131121369382,-0.30708321833457675,3,0,6.009342651587623,0.383247416098372
0,3.5155092659642015,-0.7535275803573779,3,0,3.757572839600106,0.28668089857963236
0,4.2944891551553575,-1.0322626705778368,1,0,3.2424113701475585,0.22246428864699444
1,4.752669838396523,-1.2444717876010754,3,0,6.989142352339799,0.22303398345221498
0,3.9483016286462895,-0.8887973132309185,1,0,6.1566679680496526,0.2579671971172791
1,8.424612991750752,-0.07068038165207131,3,1,10.992359110818338,0.5743766714684436
0,4.028675909415273,0.3342951284977145,5,1,3.287301076831658,0.6321225427839975
0,5.2031927021621,0.051142058552161786,1,1,3.034370238764058,0.5285514077537673
1,6.67718463180547,-0.765535277429713,0,0,8.101618842590625,0.2792541026581868
0,6.835991714813175,0.9001845640199633,2,0,9.330255746294181,0.6430009940966965
1,8.681974098194898,0.7394126723009475,1,1,22.10386696135967,0.7642453886901204
1,5.797908916201995,-0.159648307422017,1,0,1.0011240477262149,0.3622358650213393
0,5.254388092113518,-0.652916144664712,1,0,13.15713993277991,0.3360269436586465
0,6.459799739449351,0.5484279208297995,5,1,5.641672663080914,0.68615526552544
0,6.213022228267683,0.18797358748610446,4,0,3.443645430224727,0.4814756538071836
0,3.949330012349453,-1.4481272594150476,3,0,7.055743802383592,0.1947376941271656
0,5.070639868337498,-0.0679802559844049,5,0,6.881082889523688,0.4598972894743455
0,7.098967402293403,0.26203581207438104,1,1,3.525303453401907,0.5758751530051761
0,3.348661329153167,-0.8996947864877538,1,0,1.084738720780255,0.23279030322374727
0,6.9928878392298985,0.189843392837443,2,0,13.187915146310658,0.5202550996653321
0,4.674501206426395,-1.4548224852577891,2,0,2.8159302237996626,0.17133420646444386
1,10.680964893516329,1.3361861000121709,4,1,2.4602763003427444,0.7903878891806282
1,9.273237167663215,1.2479499850594318,3,1,3.048778015075054,0.772411266602669
1,10.149232409675879,-0.25251733430296475,2,1,9.01419333005812,0.5126760579657105
0,5.980649492039665,0.36345433783907316,3,0,3.8771464586541864,0.5102147906931859
1,4.2811166770743085,-2.409921965799875,1,0,3.0986251255895576,0.08121381677823367
0,3.836389139167123,-1.1563476602653329,2,0,6.723414758338798,0.22709106284107464
0,3.9098300379019295,-0.2937789201521298,3,0,6.050303705201326,0.38616664355825375
0,5.075958171302021,-1.0721330214268592,1,0,3.1552620590724807,0.21628787054193802
0,6.04820671664395,0.7143964826306588,2,1,1.0631572962676996,0.6623570853001617
1,10.942329938970264,1.997296530747994,2,0,8.874447432018595,0.8189964695648926
1,7.053958548452452,-1.176614719429302,3,0,6.133485846400074,0.2293853035825583
0,4.616418498376682,-0.8374634040851927,1,0,0.7266514379381595,0.24073070632119106
0,5.368205063863666,0.23544836830993032,4,0,14.469715365301997,0.5601754146089171
1,9.09410701897894,1.6111161484996208,4,0,0.6911427147204796,0.7439740396056692
0,1.0526519126134466,-1.2223743125399031,3,0,2.627156653221418,0.20778330106553602
1,7.610536924113489,0.24903612230694197,4,0,2.7752540493686233,0.49026674353509075
0,8.346209389572577,1.8212988508131087,1,0,3.193689860518411,0.7636771548750072
0,2.788478878181465,-1.6517591481792673,1,0,3.109028329881208,0.14414643898250068
1,4.795203129740084,-1.281069206845832,0,0,1.689113029899781,0.1755661519253206
0,4.402866441054257,-0.42360660646083825,1,0,5.710065118761515,0.33797889407495424
0,5.996071538413721,-0.520588412855411,2,0,9.91568349355792,0.35329015044193834
0,6.731607018538869,0.8126012877536446,7,0,5.65303444508643,0.6563424371201265
0,7.523535717498611,0.24165971982083806,2,0,6.382063510763587,0.4887424902248498
0,2.4002534818533516,-1.7749620596421283,2,0,3.9479221424280384,0.13943150947845998
0,6.632005968589812,0.5154104029008109,1,1,5.491355322916511,0.638851482378598
1,6.837752274066966,-0.5775388873556505,4,1,6.731825108544621,0.45199521466066234
1,11.56167081814302,1.274447216941239,1,1,8.34676741204726,0.7836303822972518
0,4.7709888382637855,-0.6275875364369197,4,0,2.9049108107473844,0.3141417544932769
1,9.19835920343499,-0.6366152831022357,4,1,2.596097808890447,0.41429922801542296
1,7.877061484020865,0.5411316108045314,1,1,0.45726482924316086,0.6145297893838573
1,10.278529163791891,0.7629264823369366,3,0,17.304852029960372,0.6717495758473406
1,8.518196278352434,0.4480993639362036,4,0,16.588791098729125,0.6167093434410345
0,3.869671680007392,-1.6855973173848082,1,0,4.809753268734862,0.14585177374990885
1,7.030276924862372,0.5380344399282511,5,0,5.018104362156544,0.5763437518043087
0,5.157339306551098,-1.034308051674399,3,1,13.784194150616969,0.389466100771268
1,6.2889452171350015,0.2352761115882635,0,0,1.740223668698655,0.4362218906784061
1,5.477386586555278,-1.4237344353990602,0,0,2.371498395634248,0.1609891306628746
0,4.732510253534683,0.44632214754306365,3,0,14.356050492228398,0.592250117407462
1,6.1348074896486935,-0.8065989043073726,2,0,3.9156361606568626,0.2693902938982358
1,6.4907956552496024,-1.2826346502605217,0,0,2.086955448719219,0.17681666046329547
1,9.425998183402026,0.7138201364823995,3,1,7.015937566023316,0.704151400476962
1,6.907768907493178,0.2416445216767513,3,1,2.919369296809529,0.5898588919982363
1,5.425607982914503,-0.6139768013928971,3,1,12.738806918745524,0.47043201249107774
0,7.947213996341748,1.4511788490210642,5,0,5.457897071786542,0.749312588760628
1,8.178892425411398,-0.44065242156974244,1,0,3.0180592697883535,0.31992791903001055
1,6.91251616995329,0.03210767397093466,3,1,3.157407688708074,0.5476615280148847
0,8.390309912371197,0.2689134476786009,3,1,6.777278407088497,0.6184580103377284
1,6.476973569272444,-0.6196659341286136,2,0,4.301085726954764,0.3038166001383993
1,5.929828818337336,0.47113629339992935,2,0,3.868172353059798,0.5217787505662542
1,5.32276243165607,-0.5334523471647244,4,0,8.5710279894571,0.3637421205745116
1,7.732158792221207,-0.4116383222162092,1,0,13.911315391028886,0.3876717095076807
0,7.95363086633265,1.362642639803341,4,1,7.754246458442363,0.8148899266080524
1,7.371313926255565,-1.040586052512433,2,0,2.7284942909488197,0.22683216087448602
0,0.724449248537278,-2.41278033092949,0,0,1.9729481814600403,0.075750320422415
1,10.359502358486962,1.6109369950118944,5,1,8.226315560257344,0.8519470421552259
1,11.533190220725828,2.549327952607003,6,1,7.743427364945589,0.9295969450795765
1,6.519648435730286,-0.40526926544933184,1,0,3.65043346238863,0.32999270790912266
1,4.3905022813565,-1.9368380406201853,2,0,4.366632093657737,0.12486483328152483
1,7.219564749224255,-0.31048397619594376,5,1,2.8631097939154166,0.4956666997665638
1,6.943033031155195,-0.2862229498406692,1,0,2.0159013889230186,0.34346473357967905
0,5.887659899979354,-0.18992384102225704,3,1,3.0659955156690515,0.500053655755496
0,4.474620031655165,-1.1133880419218483,2,1,0.31505453501081704,0.28935813134596355
1,10.194526326341608,0.5795611424764774,5,1,11.170311073835546,0.7204882443272231
1,7.264693553169673,0.5245073752860862,3,1,1.4704159195493438,0.6382072793684932
0,1.4722251064384064,-1.4944056198193065,1,0,4.887864890274685,0.16755602426790583
0,7.582773539316296,0.6991967316948878,8,0,0.5617577908359505,0.6149957932556348
1,9.771817716576077,2.052684981945891,4,1,7.561742698513646,0.8873372020906608
1,7.860478361571723,0.17196033243705985,3,1,9.213524933957425,0.613371002305521
1,6.686206323562574,-0.33732516206850605,1,1,5.227622471146946,0.4598278198862913
0,4.481975881527643,-0.1420032144075213,2,0,4.6697460783064475,0.39796318898417227
0,4.427174543943767,0.6152567669685612,0,0,2.8534928369853962,0.5235589356027004
1,4.590136368779701,-1.7306716055072182,1,0,10.984568122459981,0.16091217477114442
1,8.398230356570398,0.16439070297730224,0,1,1.173044347345812,0.5297294422991063
1,6.752264670312766,-0.3904639494628101,2,0,3.4599748074798047,0.3417748212631225
1,10.883940269663537,1.8478250129560454,5,1,2.5753541437921346,0.8593661181301748
0,4.672432775925187,-0.17417273380495787,4,0,2.4979775772160036,0.3999682541330126
1,10.634764967147513,1.6678876111195198,3,0,10.788836063673543,0.7895849420440475
0,3.350283131199869,-1.1037406977820072,2,0,4.450263788667112,0.22497203649674694
1,5.739915005698425,0.5872591668027922,0,0,2.834512979356297,0.5175011265945892
1,8.240242669501928,0.3194002637912288,4,0,6.27995112156775,0.5270956797393297
0,4.894807185356294,-0.8690472478647824,1,0,5.906127951727698,0.259986838765234
1,7.604344359106391,0.17739611463694044,2,1,9.0989474165865,0.6030668999144102
1,10.718986373582688,1.2125188368316004,3,1,6.783520609773088,0.7833385577285811
0,4.186683001621155,-0.3237917042866007,4,0,4.6101468299521935,0.3822593798347596
1,5.696932809550154,-1.6919626491697632,1,0,4.858581353450413,0.14533058290535533
1,9.579040163291188,-0.01756282647744591,2,1,6.569863185157226,0.5471886861298413
0,4.090831299087716,-0.9024230947925126,2,0,2.2416779315477515,0.24582256273365197
0,4.9829522648936635,-0.3423409386638824,6,0,5.815952372657872,0.40719073560314195
1,7.939284656641364,-0.08158776968512098,3,1,13.700681090202913,0.5885967465752696
0,4.567874176459612,-1.7056522160155172,0,0,5.230889010932928,0.13955004681620586
0,3.9142992192680484,-1.615658339320678,0,1,3.7290828864584187,0.2091457163835258
1,10.46161109164742,0.48206683552552526,1,1,3.6907176081855564,0.621759882175201
1,6.950996852524656,-0.5227186961696804,2,0,6.375992320040658,0.3329414701512175
0,1.259517964515351,-2.564744341820567,1,0,5.582742292861062,0.07617677351998067
1,8.411225811282348,0.7848440366081351,3,1,7.8145166301660955,0.7206081732236053
1,8.16541239009325,0.27236975527423984,2,1,2.9908147581263567,0.5857163298751998
1,4.398291939291016,-0.713874824036484,3,0,4.255060883604372,0.2962088066435477
0,3.235323202330058,-1.3168302110582415,2,0,8.739743780879989,0.2123509846657043
0,6.650414834516582,0.8358078963143372,3,1,9.222080111923734,0.736137485794368
1,8.71212595039064,0.3493506225604296,3,1,9.27267952144045,0.6487991742793556
1,13.022492114283187,2.3826022826840734,3,1,8.109697546414758,0.9099442473811864
1,8.670144413473153,0.42018859872493736,4,1,8.302758224051846,0.6670181481272789
1,5.9956031891646315,0.3877031412620148,3,0,5.808273088345908,0.5274111135401928
1,6.651570788557684,-0.16692793010856513,3,1,1.4161582525259542,0.49462901053087904
0,7.110754648187567,0.816775867200791,3,1,1.5552719651874884,0.6938416443858366
1,8.22027291761336,0.6250852012481537,2,0,5.155579877068779,0.5622286604378378
1,11.391495853706218,1.251725008565195,6,1,5.326594008629362,0.8048882705617673
1,8.175817374573834,-0.5213229186372847,4,1,2.4486623476976437,0.43735395029009944
0,5.841664721923226,-0.4354074729439623,5,0,2.5859654324220047,0.35882969571862
0,4.297668676248605,-0.4791031709119801,0,0,4.58786301955638,0.31162330232177654
1,10.51707291981447,0.7908017211789892,4,1,18.996988191030184,0.7819567795433439
1,9.09419873955824,1.498374440296732,6,1,2.074503112325959,0.824260067793557
1,7.719107843704159,-0.45884049314930064,3,0,3.5768725168171454,0.33948443136622297
0,4.678039004978135,-0.42477372779309125,3,0,9.088791808884036,0.3778138117038301
0,4.359756511947074,0.3140772238697992,2,0,7.981650895895374,0.5141229704478982
1,7.777949822730628,-0.24576150001290142,4,0,6.140102404417535,0.40723811426312057
1,9.820811205593472,0.95205365313989,2,0,0.8532612632409224,0.6036213453685437
0,1.9482709666554423,-2.2517772906190467,2,0,4.072777192538856,0.09777533052272223
0,5.958946667411258,-0.8267050469168946,0,0,15.696715938658677,0.30783053613550615
1,4.642274910938186,-0.7824163339614458,3,0,2.5119019803203786,0.27542771061167826
0,1.019600645480177,-2.320356012386145,2,0,2.4285566119509037,0.08935070735551646
1,6.819413277163115,-0.9636384443688041,4,1,13.295643219823255,0.4117582500859722
0,3.6569476236845926,-0.9151561158459262,1,0,4.580482007066371,0.2463136366204781
1,6.759279593005153,-0.20110465451883033,2,1,0.9283009979618977,0.4730931606551459
1,9.135774837080188,1.1129658916602636,0,1,1.8413819701206897,0.7195146833227826
0,4.484490751491448,-0.24506065119070236,3,0,3.055335195657169,0.3782651822944502
0,3.6387339910148797,-1.0308137202711538,2,0,5.92554970567045,0.24267802663947108
1,8.150265529267955,-0.056954541213528984,4,1,4.1960454165057,0.5464877908202004
1,8.506407534965492,1.0491736214413494,3,1,2.3339569854366164,0.737912435491595
0,4.332530120713969,-0.9759588161149049,1,1,4.243158099410615,0.3255270431357665
1,5.326024056941916,-0.9105748839214486,1,0,2.510348413312972,0.2375371160753039
0,5.589722078761765,0.5585489592742234,1,1,16.307628282176807,0.7062950388802011
0,6.268157502220263,-0.22153611573080054,3,1,1.7484092665533166,0.48510554134991324
0,8.151101519940458,0.6474846907094743,0,1,3.385899372537546,0.6422192692425862
0,6.716890866348855,-0.013646791795296761,1,1,3.001990020294139,0.5146083356141434
1,8.915176318584237,0.701663648089567,1,1,3.0432498068827343,0.6609420986203249
1,5.391002714359172,-1.0350781140406409,4,0,1.937756844932433,0.2402384840346022
1,7.395920600272633,-0.01208465078826744,4,0,12.618312349337348,0.49629653162052106
1,9.122091748577072,-0.21069001436315682,3,1,19.965583559394865,0.5999011084070813
0,1.4118429953673894,-1.2158909241041307,1,0,6.466265457539148,0.20968078195232748
0,2.8661101050264164,-1.5634779478686884,1,0,6.063055388318757,0.16350460353276655
0,7.159487456970345,0.6857490352746618,0,1,1.1299263789672578,0.6367150795516521
0,4.2778078849975705,-0.3509523822179781,0,1,12.410878802181529,0.4904917576857888
0,4.749679382976801,-1.0222802816473295,1,1,2.5085154957597613,0.30762944209847204
0,5.861885095556621,-0.09617893692333225,1,1,0.9976147597087834,0.4845519863442808
1,8.131989747717387,1.1280188573493026,5,1,7.329922114192833,0.7886928314984871
0,2.4292350262516433,-2.280737845371923,0,0,10.240537169740321,0.10132268208866525
1,4.886741146876787,-1.4966386899033264,1,0,12.327223725087716,0.19482431481254509
0,4.318989489973222,-0.9228864418952676,0,0,3.4214396184512195,0.2316678458498551
0,8.322415651834104,1.461178866720329,2,1,3.103147973547089,0.7956915478892931
1,8.097570098123862,0.2825869829192965,2,0,5.708936218520844,0.49323099881680976
1,8.696013004928965,0.7673172404612268,0,1,4.196942269542486,0.6697696068888778
0,4.109697931379385,-1.1401609191262305,1,0,7.434528460697054,0.22473663886478554
0,2.781159803871534,-1.1195358752705262,3,0,5.754051021307393,0.23635750720743848
0,6.361391704633132,0.4478137167227104,3,1,2.332855225227705,0.6280739896464264
1,6.817268307425529,0.05827433093544655,2,0,12.599830797715118,0.48863419608545006
1,9.128898390654895,0.5487388188641266,2,0,7.466639088149359,0.5604759688862568
1,7.981553064824929,-0.18767099092845213,3,0,10.076239901682536,0.43226539013366166
0,6.773058253931991,0.278143726454627,2,1,2.3690019807035347,0.5831327939558975
0,7.218459486486327,0.15811908490510918,1,0,7.313770678190117,0.46561572896050596
1,8.924715495475516,0.7777673890849254,6,1,8.78651181551542,0.7504034303646044
0,6.48774799462199,0.8070082819444706,4,1,5.588152676834261,0.7222521957655614
0,2.598100567736703,-1.6198719943917699,0,0,1.9178958901148926,0.13836414496826863
0,0.8724489591300941,-2.2472685553408556,3,0,5.204482963713674,0.104793169117633
1,8.165037642545636,1.0017453976515072,8,1,8.21172488148946,0.7968588833756737
1,10.381716341676384,1.1877250932619365,5,1,10.55235704892517,0.8097482582774517
0,2.315051057982526,-1.0206230195133374,0,0,1.2333704757897517,0.2080540398059397
0,1.8324697492822293,-1.8598354065456286,2,0,5.505611426720173,0.13549529748274913
0,5.89285465347063,0.09903482100720092,4,1,1.5276421088743224,0.5627599125239192
1,8.866485507791923,0.9308382263505294,4,1,8.287447209130113,0.7555432587450233
1,11.337724531231364,1.7975945224343146,4,1,9.839976475689628,0.8703384715532944
1,8.29709690396086,0.516297572101451,0,1,2.1816251742493122,0.6090673517675548
0,4.513249192909253,-0.37171669658569495,3,1,1.831652588095164,0.4538398469893845
0,5.060000486474554,-0.8931306215848627,2,0,2.9812428263931827,0.25074743019972273
1,8.113248855330754,0.011451291670654416,3,0,4.319026377337359,0.4384904516294265
1,5.779764726140748,-0.2992647038852564,0,1,2.659742625515979,0.44080850420991113
0,4.4369560971390305,-1.0150679057288161,3,0,8.809257664215291,0.2674544448141664
1,10.00599659501327,2.0487556508632867,3,1,10.589701282538215,0.8900434344683913
0,7.559352321130508,1.785168402072131,4,1,5.33570637456344,0.855793869309688
1,10.668450505516365,1.1360486835554284,3,0,2.735751852726567,0.6612870856161381
1,6.373115509468746,-0.9208503978091276,4,0,4.198321272294098,0.2693811140194424
1,8.714026503273063,0.8550193242972788,2,1,5.334662340018233,0.7109768301426889
1,8.778168829128855,0.6396264094979018,3,1,4.056775716198785,0.6748276204861079
0,7.567927892015111,0.44254562420405297,6,1,4.612610590684932,0.6707278923559342
1,9.36356678414813,1.2496652670437771,8,1,10.020213764822062,0.8351700225637503
1,8.272787139719663,0.6353711428612774,5,1,2.5884874480334803,0.6856321920893214
1,9.874759038212646,0.7400142363043355,3,1,17.202302429022783,0.758426050000793
1,6.475210901635734,0.6369062833722101,0,0,5.454067458074332,0.5443139297885917
1,9.370457894713123,0.3407914080021059,4,1,3.888574113369746,0.6264195667671083
0,1.3121624209334362,-1.7836111297141835,2,0,2.5345541461811596,0.1343880030502686
0,5.684684230582159,0.08362107741055723,3,1,2.7247879507947985,0.5558158028236304
0,2.9070597322569585,-0.5561919588491252,1,0,4.964738397605342,0.30924642142474235
1,4.52272885483535,-1.2798409576400205,1,0,5.4257920567239735,0.19667290367014337
1,11.157444478887067,1.681816619300824,7,0,3.780533839701345,0.7923349003908573
1,10.497629089719435,1.7289953408857035,2,0,1.5159090911099897,0.7497995986787466
0,8.807271314756075,1.359220600295612,3,1,4.965407819789167,0.796485668032662
1,6.70581686425645,0.2552134168558746,3,1,2.767590196073914,0.5917298622245335
1,8.052486814078206,1.3506251209526567,4,0,0.9243438347137714,0.7008062180370496
0,6.24470799307898,0.012053180601825543,2,1,7.6388763155157875,0.5600135654043287
0,6.011385128555704,0.20279727689777938,0,0,1.0810392803080682,0.42541171119610743
0,3.0485556887766574,-1.093471370461983,2,0,3.6527385158619943,0.22302363105647374
0,5.312684183211948,0.39699130449884,3,0,4.517228996912618,0.5213303792825147
1,7.354157338299215,0.0603859284244171,7,1,11.566775913536908,0.6469130237096963
0,5.73413262398284,-1.3026521168344645,3,1,0.9778361762034488,0.26937253522360394
1,7.445160927452999,-0.051197111816596905,3,1,8.222432395603036,0.5614486143067796
0,5.441533620142459,-0.07972956385680847,3,0,9.129658318118176,0.44904533631143506
1,10.818946434468566,1.79756116664464,6,1,13.949077186930229,0.8905775320351695
1,10.478233507390334,0.8942133285134095,5,1,10.337857561636397,0.7673714089705947
0,4.361371147422467,0.011445439091466015,2,0,4.631954707865698,0.42935762365600294
0,6.906027885116734,0.248787309801083,2,0,8.478118271639072,0.5033554921549992
0,4.7171271371817,0.044212378104198057,1,1,11.945725375597807,0.5820570813212165
0,6.16368666507351,-0.20291398479554773,3,0,0.7251529176666082,0.3730046907285797
0,1.9226347000266149,-1.0824271973882869,0,0,1.502988057871145,0.20060964651424693
1,6.954323453348388,-0.15105187760692926,1,0,5.841551536850015,0.39237132663620605
1,8.16725504579471,-0.7460982566525134,3,0,9.058185258002782,0.3158890891204688
0,4.3752384259210935,-1.2503155389231464,1,0,7.446417275850978,0.20889354453685027
0,6.93268181477471,0.5112218145475347,2,1,6.228372240722178,0.6525456589370039
1,7.374783796746975,0.39126465993323495,0,1,13.818496015264746,0.6520443067478937
1,4.135719577279729,-1.786707511368078,1,0,3.77468620755291,0.13246536403378067
0,7.08505729635399,-0.12268463749512722,4,1,2.671716802216541,0.5231112641721392
1,9.183321004531066,0.9957013858999235,4,0,3.218990386806163,0.6472152743745309
1,9.765178307625959,1.0592237388963208,4,0,5.93127333533926,0.6745028096698323
1,9.202390059920594,1.0258368428852387,2,1,4.500278389634748,0.7358420511988016
1,7.2111768055698136,0.0389132069014598,2,0,9.410704020380027,0.4646450575764182
1,6.832102527753229,-0.8450453279691511,1,0,2.7999941212564092,0.24912420291116022
0,4.785462012386723,-1.0836988273580606,3,1,6.4972484498744,0.3376659837124723
1,8.272988214082112,0.3446049047503575,3,1,8.49872796648966,0.6434528739045817
0,5.097269769566735,0.379280034365163,2,1,11.940426047780795,0.6594622356356563
0,7.920613983996256,1.2873311116050654,3,0,1.7725080530032102,0.6842870645905017
1,9.285044109068744,1.0999796503420836,4,0,3.168141732821721,0.6668975301213782
1,6.5893670079669375,-0.1322286565311721,3,0,4.250877020177147,0.4082698301602344
0,4.841107398743109,-1.2442058788608694,3,0,1.310743571139604,0.19943866454653078
0,5.2547501398765455,-0.31910659701089783,3,0,6.192540564136262,0.38191519459018436
0,5.7295056996391995,0.21723119481052466,0,0,6.123543576348044,0.45952255121804547
1,8.193597015501071,-0.2020832453894041,5,0,5.746988608748694,0.4248008046566998
0,5.859017837780691,-0.5778941080776558,4,1,4.0524519325448045,0.4353886117287586
1,8.034469306676348,0.2528848149698989,1,0,11.068152269487797,0.509162948901562
0,4.99330696403739,-0.5039577414106104,3,1,3.234569380539341,0.43474929035449805
1,8.638763981705846,-0.628066083725374,2,0,10.38619121047676,0.3353242416874161
1,6.9263579514266125,0.31145283430343956,2,0,3.1756695898718337,0.48353761472918266
1,7.435209733945559,-0.4019925801292048,2,0,1.7276083039814973,0.3299295994723442
0,6.033333695883627,0.24410438897835213,2,1,4.661905219469877,0.5900171708998021
1,8.630148482522474,0.2732040228521227,2,1,5.342320845051404,0.6000759173840359
0,5.189334276870372,-1.1394290010915746,3,0,6.572288663971536,0.2369982741208589
0,5.057451027361548,-0.4812411238654122,6,1,0.48809717851253703,0.45590174642062953
1,10.642470202880293,1.4377769399164624,7,1,3.7174612951742416,0.829211164492634
1,6.906614460718404,-1.1620795127342871,2,1,16.392018225440133,0.36866060618033436
0,1.93661881682096,-2.116654448970531,3,0,2.9857031586989304,0.11012021943164693
0,4.272072403801559,-1.8618451532425115,2,0,9.145736809920546,0.14629944745734866
0,6.652159684002141,0.029109946576669203,1,0,27.437631925952722,0.5635750911544835
0,5.397311336611372,0.03091727803269891,3,0,18.388960222684396,0.5302140660390655
0,6.250138798247836,-0.11761085542512094,3,0,1.9813044354137324,0.39760924180777457
0,6.825689397718869,1.2141898289285016,4,1,8.62207567282833,0.7986074036053908
0,1.926331573248008,-2.672834433102938,2,0,8.998353305565338,0.0789317607036254
1,7.395994624384156,0.3959338744308236,1,0,7.6834807393399975,0.5183993910023815
0,8.071892525331613,1.5614382018035733,3,0,1.690362465565851,0.7319387886031767
0,3.465602570340889,-1.127780764891714,3,0,5.713364007774982,0.23491206002901793
1,8.095269751111609,-0.3798065117898951,2,1,5.684503315914235,0.464877204093484
0,4.739854912766333,-0.7528919172286209,1,0,1.471808752483531,0.25766068131761977
1,5.578706863140446,-0.8943460460775288,0,0,3.8868623484801677,0.2381185004368605
1,9.322633525594457,-0.32626200502304,3,1,5.901884688936871,0.4888079730402335
1,9.227219508677697,1.4274852836845047,6,1,4.557442987043558,0.8245232182843663
1,8.96205370064623,1.8373866754875203,3,1,8.082170285640522,0.863990017519411
0,5.853666162637451,-0.3359392250401477,4,0,3.8096006173651027,0.3751212495366235
0,6.38578504899598,1.9050602140644701,5,1,5.287157049987553,0.8728593089861206
1,8.824635871421375,0.035576476984624864,0,0,9.5523208336908,0.4425172847080479
0,7.995219831888892,1.753691026701081,2,0,15.122254021704016,0.8113328018521275
0,3.9013915083809474,-0.09329864965349177,5,0,1.6554942578574774,0.42240301543426917
1,6.8579660029372675,0.1310578260461443,5,0,7.868511051821704,0.508277225860109
0,4.841067195940674,0.36547447264283456,5,1,3.3346352340000847,0.6385368258633369
1,12.454378816684818,3.1788536793675353,3,1,6.632869360115947,0.9503978902887849
1,7.645881491393195,0.8512855748447891,4,1,1.5374805029075462,0.7093088642921342
0,5.6594842911133085,-0.7072645299514636,3,1,11.227971645142095,0.44140162742482536
0,6.77041122532509,0.9689978702758579,3,1,2.51793818066831,0.7254376284415337
1,6.424404674712963,-0.3618325370843415,1,0,9.671703771156723,0.3726733539559604
0,4.924948266892734,-0.48975018290120914,0,0,1.7425845934237498,0.2946880099634749
1,9.741919683826248,0.9086013598921112,5,1,1.2408862112803907,0.7267773837009198
1,9.21013870016727,0.031085587771152785,5,1,4.130818800643831,0.5755894105554967
1,7.640998837600946,0.2785759145118061,3,1,5.754282832207177,0.6143528483463025
1,7.73298678052255,0.013985221865292462,2,0,19.487181825286655,0.5222520376818461
1,7.131786286492419,0.3365831266054347,2,0,5.651845147892142,0.5043478369861458
0,6.674738657178755,0.4249658974361492,5,1,1.976517165498882,0.6423627433898144
0,2.202017253022146,-1.9369669327054153,3,0,8.612131693643915,0.14232420222931344
0,6.537661613709827,0.6665726686095336,9,0,12.507129167265038,0.686598589791326
0,3.376253684186062,-0.9820194198303006,0,0,2.3959813245505073,0.21843378081511194
0,4.021252451480649,-1.4422991355594112,4,0,9.42934612268909,0.21244993006713328
0,5.510774156800561,-0.05841124385868244,3,0,11.458460219408979,0.46799679857562443
1,8.538208742983688,0.08398100331445427,2,1,8.757727763539219,0.5818389502635024
0,4.157190003678712,-0.6935061645722808,1,0,2.858153325619866,0.274277686310921
0,5.994578568869523,0.8310318576679744,4,0,5.799660690354102,0.6298022587148513
1,6.3052591404333524,-1.342175166370907,2,1,6.626798648601966,0.28187520508253333
0,4.703948327960087,-0.40694374877255896,4,1,11.005304825175042,0.5148032810023138
1,7.059522562409523,-0.5848741349330007,2,0,3.023370734769026,0.30331558237483647
1,7.181743606573902,-0.04658727033933937,3,0,9.592408199329487,0.45889573115384197
1,8.760061393470679,0.2788642846472388,7,1,4.433947124324389,0.6485982454707997
0,4.341295439712497,-1.0078929496235447,4,0,3.7177423092614807,0.2527941019243724
1,9.937420617486625,0.7242826774562282,3,0,5.1435884135995895,0.5936873715470183
0,5.794880331310352,0.06300236833469973,4,0,0.37978503041541833,0.43611278643907836
0,2.8709573286517966,-1.8919462533119105,3,0,0.575616829583601,0.12360088479854667
0,2.445419996060208,-1.958591440397031,2,1,0.7986562812267727,0.1673067577849267
0,6.151561540913802,-0.012319292929311235,2,0,6.839715559713397,0.43795185973683776
1,6.884472121892575,-0.2209673177863541,4,0,4.064505180911887,0.39982133751237586
0,3.586046675672432,-0.1034201135746335,2,0,2.8657656415302024,0.3950190554595492
0,5.732563618534009,-0.02798245653021798,4,1,4.800967809487412,0.5563197583045746
0,6.437114144141465,0.22555983951018072,2,1,9.74655194700055,0.6166586212673876
1,8.372372215174932,0.9476496098482997,4,1,4.63111400082763,0.7410206220827775
1,6.155185390799124,-1.1111049009175582,2,1,1.926735570056136,0.298119075705439
1,6.791583574966398,-1.1719715929007948,3,1,21.554316079551104,0.4079810416146799
1,6.252445315998617,-1.0933238578873825,1,1,4.989140850934447,0.3079764307947628
0,7.856048570354302,0.2889166671687069,5,1,11.527167777317581,0.6701267450701196
1,7.8913184123539075,1.2449473786464456,4,0,8.814822709941325,0.7228365738980699
0,7.158685728084443,-0.4313394382395105,1,1,3.520817953674757,0.42956698120564313
0,2.4042430907884422,-2.5016998441596545,3,0,14.976273612906713,0.10745181109237037
0,4.037076269824728,-1.7039928626103755,1,1,3.0685252421917952,0.20154260653390707
0,4.247490164843309,-0.8330367227960116,0,0,6.75338793134228,0.2612954053066473
0,3.552382371071673,-0.5577288874952148,4,1,6.1151165526881135,0.4523471609583877
0,4.26883477839054,-0.4083886272547264,2,1,6.5439216269186495,0.4641784040451053
0,5.585476636765536,0.038581122980917065,2,1,13.319901884271108,0.6000783318903766
1,7.821125909915511,-0.3117463308224471,1,0,5.089210728924257,0.3560031827125673
0,5.975077612904295,1.0493396105434072,4,1,5.8419084982526615,0.7627808518649805
0,3.527199765059682,-0.6760173056813688,1,0,6.058656316218134,0.2935616431416442
0,4.852254370595904,-0.862317959475543,3,0,18.947229254528434,0.3488064935702746
0,6.503574155761022,0.4788755385204616,1,0,10.93931693004953,0.5561440155448811
0,3.56174886483857,-1.5356420699261193,1,0,1.178755963700798,0.15048184579907314
1,7.4376113387345315,0.3896917053200022,4,1,3.16724118474148,0.631909877578709
1,6.436187942861526,0.10255318372626686,3,1,5.362005473624056,0.5759624226562063
1,7.741434638704622,-0.1474424899181674,0,0,13.135007746173539,0.4263030241047193
1,11.57793476038252,1.5882761071492624,2,1,14.00172931829173,0.8506969629990143
1,6.3917150861500165,-0.6222074452947179,5,0,4.862879346961176,0.335747190912947
0,7.366111698852383,2.0602981705240784,3,1,3.0803520551705006,0.871385200859294
1,6.487558748634955,-0.2254314492280993,1,0,4.349998503210898,0.36868396548975596
0,4.7192428795384505,-1.2770164449702281,4,1,5.510056153833878,0.30624943247949443
0,5.06129838607043,0.0699195809948253,1,0,4.118202918459668,0.42736421278774434
1,7.599830700438608,-1.0762452003187681,3,0,11.725193977939812,0.2715686210629985
0,5.801883297651429,-0.7517558478135002,3,1,3.8065060134897255,0.38726345969560155
1,8.01322177120106,0.39703330001549114,3,0,2.424680499222311,0.5082730742623349
0,4.556246561336669,0.5555820886501248,2,1,4.2770915240289415,0.6500302239208622
1,6.509316319464415,-0.6221677002542582,4,1,6.346598621202373,0.44024258947487044
0,6.251814259128287,0.9874051450464006,2,0,11.87366323045441,0.6739567622209048
1,7.9059101418269595,1.157507758021134,1,0,2.2588679349159757,0.6422982664582889
1,10.149297258244959,1.436301756563291,5,1,6.376123428258487,0.8256720807134758
0,6.675249839447847,0.5294134071257222,1,1,6.519010971639279,0.6474791151928193
1,8.06104634608129,1.3634287120856987,3,1,7.422129617503238,0.8068183552503887
0,3.553671236390368,-1.8807984279740577,1,0,3.803704356516405,0.12362015034463493
0,5.402814212997583,-0.31790654862846257,1,1,7.332300662941754,0.477037900618857
0,4.650295472559493,-0.8670052563234263,2,0,8.658696409044541,0.28282591151750075
0,6.332942634302249,0.11922586112739209,4,0,3.77075599893715,0.46894275499053983
1,5.6652277418978585,-0.5714492191967373,0,0,5.836048206459422,0.3015704562326285
0,6.577418917948412,-0.16615784194973238,5,0,4.483947438908146,0.4245468433780061
1,9.78648522834595,1.8821748802040494,5,0,2.7150480389285674,0.8010268935177391
1,8.49918487553133,-0.1697197964203783,2,0,1.5757794770295916,0.37405320237503725
0,4.976015501284952,0.4137923171902139,3,0,3.0672641406282706,0.5158459599724662
1,8.633893903691003,-0.2322693299242352,5,0,3.253247522053944,0.4034530695263233
0,5.060997958928473,0.07571328795683367,4,1,1.5518236317382312,0.5580253553252077
1,10.426315740210674,0.006016680436071459,2,1,6.990425634606342,0.5547483153421893
1,7.963724839171413,0.4483240659731595,7,1,9.091243893013516,0.7054436466285876
1,10.36320308297095,1.165307535547177,2,1,4.3905522101409264,0.7577301643936151
1,9.40641724629087,1.6473939976033294,6,0,4.906642436634799,0.7846462507549363
0,6.54051963551707,0.30962008190916684,4,0,3.433038178953452,0.5072502478037699
0,6.106791238095348,0.5895468860356021,3,0,4.6968451124910615,0.5630466341019791
0,2.6337845062002705,-1.150864509185567,0,0,7.371291450140708,0.21518455270503156
0,2.2804820845725735,-0.08787674241562057,0,0,6.385066900843397,0.39769740088452665
0,9.27023015410412,0.940289464883589,5,0,4.675685118751991,0.6550107008581979
1,8.876338894960373,0.8659686384171532,1,1,3.251847980102035,0.6926142093884109
1,5.48865025270546,0.21160973279505021,5,1,8.56958926683165,0.6385573263875793
1,9.300812311620787,0.8863939595679524,3,1,3.529718590584774,0.7164008035141184
1,8.537786332078277,0.49076670899381886,2,0,1.6734317952161897,0.5122444258237254
1,8.592776927539749,1.2003062582593216,1,1,5.581985843887642,0.7603883798382236
0,5.0967166116320195,0.2893591569571111,5,0,0.963474849712666,0.4987605412029378
0,4.943668631350497,-0.35569831557103465,3,0,6.197276287760829,0.37462834627357694
1,8.995148360957023,0.33584125693302364,2,0,6.532016539397256,0.5096901569994441
0,1.4613895995204391,-2.9305943758527757,1,0,3.0400722768673605,0.05365647872612212
0,7.063247491182355,0.38288573638504947,0,0,3.4090243179768134,0.47768445573406576
0,1.671135287245066,-3.6484128252147836,0,0,9.428426249801463,0.03339317620221453
0,3.8035050877243033,-1.723463407405418,3,1,17.759743053828537,0.28171908442010835
0,4.330223921005029,0.45176860094098414,2,0,5.114949965830634,0.5254472591712673
0,5.986876671468813,0.47752933726679525,0,1,3.0919790606110884,0.6066373994068768
0,4.792559815248315,-1.1624287801399305,1,1,6.574494301173507,0.3039195730422735
0,4.2702480827738505,-0.7121020418789388,0,0,4.536242027900047,0.27054076725502124
1,10.50395518423096,1.370540988614132,5,1,6.260902244709772,0.8170492519157938
0,5.482026134937075,-0.48403013157267616,1,0,5.594844327727774,0.32595127278861435
1,11.43762564509363,2.242920312402985,4,1,5.699022851795433,0.8983439390694244
1,6.90173561551946,-0.001919853176346149,2,0,0.6519992900345295,0.40243441765510013
1,8.632347382097018,0.4080361768812668,6,0,3.400562571978633,0.550290577406625
1,12.171682140531935,1.6168743984986076,3,1,3.1420396984934786,0.8231583998670389
1,6.593622645285874,0.13102711619341956,4,1,3.105565163514708,0.5790834934757954
0,4.497276762963838,-1.0023439806908012,1,0,7.76788236568067,0.24735012104413617
0,6.743986705431716,-0.10972745169429012,0,0,1.8209702526186926,0.36638795842654553
1,5.79879561408658,-0.03561073619009093,0,0,0.6559855739379415,0.3742868665777046
0,4.478399927124161,-1.3647416522015654,2,0,3.0487994380093584,0.1833504931545083
1,7.878630379623524,-0.25583207134082336,0,0,2.549827593332259,0.342153631415991
1,5.292536276249121,-0.7421920939974367,1,1,5.1410717784883975,0.375818122784137
1,8.990046077836709,0.9243577571874341,0,0,2.533975969161765,0.5863880345944017
0,5.474911381353438,0.03461187418525562,1,1,4.041061535791186,0.5313205946544517
1,6.919912507159815,-0.28279574914757005,3,0,3.5997592520503034,0.37393261411465945
1,7.621114541482271,-0.10618193062257626,3,1,11.470192550377297,0.569913972833746
1,8.840468317984593,0.22312201840616613,2,0,2.590686754064842,0.46118348525271485
0,5.99309788004179,0.6168141996897798,1,0,7.445348028150122,0.5635115142670895
0,3.696636412652618,-0.9997122286693814,4,0,4.652528152448182,0.25856465377582954
0,3.88666300015773,-1.0415876326212719,5,0,9.570081196919762,0.28473433248963764
1,9.170468276572546,1.10467921540253,2,1,13.845841747944817,0.7900328400182064
1,6.022343955680182,-0.4123368722047306,0,1,4.5972469825623055,0.42909238237035346
1,4.715843786277246,-1.416842092596874,0,0,0.9957521407553422,0.1571720240694853
1,8.229618021146614,0.44381270938310463,6,0,1.8330624748386382,0.5481174690665822
1,8.450231309750793,0.4633698060326869,5,0,1.4489713975262877,0.5386946276099575
0,4.4765759937749054,-1.5307152572567064,2,0,3.4155590121939117,0.16441766052263262
1,7.949151803897926,0.2294817154636063,4,0,2.99488914178267,0.48748553587203464
1,8.15569566825195,0.7355830924283736,0,1,5.796912589731098,0.6726441083539396
1,7.0677212923417585,0.37438645170626306,4,0,9.06862996461912,0.5560001237399456
1,9.04269110830659,0.6319814837613953,5,1,0.8876099536724664,0.6757644936652485
0,3.2847726816697875,-1.404269098090749,1,0,4.923109664853319,0.17864556159281708
1,7.925622473643715,0.3310401549961956,0,1,2.652917205427826,0.5738818935823128
0,5.680711834425484,-0.30261975947044656,2,1,5.052933486298896,0.4772897719633564
0,5.814571366829766,-0.4827901587246448,4,1,3.4269830642358095,0.45147891252165123
1,9.22265037268705,0.8705556094197265,1,1,8.039761876831196,0.7182841522075751
1,9.0511466911266,1.47927451067423,3,0,1.9535976831600415,0.7193466872591959
1,9.35523827551463,1.794370054600359,3,1,2.797966952586469,0.8429262091537959
1,8.467142974969251,1.314807871505905,3,0,4.355917029587007,0.7029707399301435
0,5.977156127990709,-0.10973418163018368,2,0,3.7183579661505677,0.3988365672354286
1,7.905009783854839,0.35272016302634307,3,1,4.335327010577082,0.6208588772147081
0,4.844758534011966,0.7668228717842437,2,0,1.1310531043303418,0.5671115059578282
1,8.931384991898685,0.12117794929946196,3,0,12.475965876571763,0.5124725129633892
0,4.564174447726902,0.13076418791154437,3,0,3.2186498557571186,0.456762215437511
1,8.248369017899416,0.823753131876182,1,0,2.074761421778549,0.5737234563325037
1,8.36712058145148,-0.059282646025932216,4,1,4.434164535858029,0.5474725413562377
0,4.203793449061332,-0.7292869363736615,0,0,4.954936360310484,0.2697245601951427
1,4.628101279796578,-0.4144730658358585,2,0,16.16847203649096,0.411421927717383
1,9.416891405924497,0.6339103777337424,5,1,10.077330608796878,0.724272987803909
1,8.840098840391821,0.002993291199955732,5,0,3.6581437235489016,0.4548726098387541
0,7.398260754586101,0.34020997686833787,3,1,14.315185221913495,0.6752567482634352
1,6.701960765746383,0.6700792422021898,1,1,12.495057762633476,0.7061885012785538
1,9.362725406037345,-0.3748414628976096,2,1,2.092499493384544,0.44366453140532824
1,7.796625961752103,0.7562481636298061,1,1,18.645163365588836,0.7509976191072161
0,5.01204229275225,0.37884260345839443,0,1,3.2655455966961,0.5875035897396403
1,6.418567550002035,-1.2348130869114786,1,0,5.398232314988889,0.2026787730076484
1,10.244874408907066,1.4423047911862443,1,1,11.234557649087714,0.8178462148280312
1,6.456144256701408,-0.5007447437569161,0,0,0.8925772781863353,0.28836900171729474
0,2.489108698395344,-1.6550953431851838,1,0,4.337962891084193,0.1476211403876287
0,5.313123482975623,-1.0450437095863023,2,0,6.027452573599998,0.24092757243757962
0,4.08802085483774,-1.021045160678322,2,0,9.823513796706612,0.26263833933459485
0,3.805300750378251,0.05217331865753347,2,0,4.776414858266982,0.43874861032007
0,6.54345638329663,-0.2738505055462372,8,0,0.9054030176091834,0.413348992179529
0,6.164047613513125,-0.33683196764059287,5,1,16.08813928262401,0.5722155501807147
0,7.307840867759029,0.6197019654824789,3,0,4.907386844794543,0.5706322899297772
0,6.440363693187229,0.3398753611927038,3,0,6.199236672696326,0.5197085268588145
0,8.160357208781699,0.31604787064428624,4,0,1.2624076912813091,0.4950503822709624
1,8.486676077040826,0.40982845732869266,5,1,12.128978476858407,0.6956310178779748
1,8.656189398221871,0.6161346680022383,3,1,3.3040362832581125,0.6662594745362543
0,3.1393303360271405,-2.107953341777443,1,0,2.66130121260082,0.10154014294554914
0,4.773101075910745,-0.3644382522644612,3,0,10.355436322041726,0.39750146687539384
1,5.250746193965652,-2.180210064489474,3,0,1.4127189657225672,0.10130020781668062
1,4.527410452144907,0.03605992679779541,3,0,6.264853776514905,0.45568465876362857
1,7.8989710884183735,-0.00463297222434532,5,1,2.5925736045232637,0.5586971827533709
1,9.100421625287122,1.0455322747896802,8,0,6.807404557566437,0.7148153816238588
1,9.388443005305065,1.1876343927211208,3,1,8.124450275191547,0.7854308725846166
1,6.802965591181097,0.20277504825236733,4,0,3.2094992320488562,0.4831554449074722
1,7.685317078329385,-0.5003610773968998,1,0,11.65545467996855,0.35688256884909275
1,8.01368826851108,0.48516111254573785,3,1,4.914121532451981,0.6502731272144463
0,5.241318642387477,-0.5279176373243135,3,0,16.24457236123664,0.39948397327349977
0,5.514328682938507,-0.001392651443348899,3,0,10.443425650973856,0.4737496300593453
0,7.762468272442427,0.9861363169607678,4,1,5.337561751321042,0.7505700580417445
1,8.605111614611719,-0.5577713459894236,3,1,5.308452183136065,0.4362502650667326
0,6.949131709854934,0.8056786392425009,2,1,1.5548541208771853,0.6821561131934822
1,9.692396979495081,0.6774013686923024,2,1,10.34593912711982,0.7056686545785347
0,4.152415572822536,-0.9547918171308215,2,0,2.9591587751005175,0.24092880938141883
1,8.833234075831227,0.973894128217401,5,1,5.772663435836472,0.7589856864766514
0,6.83104964729704,0.6985663453715051,1,1,16.14903116246747,0.7295828513589625
1,7.69423146353598,0.10192588737265744,0,1,11.509006379144566,0.5803869754664467
0,4.7235919700984015,-0.7623234580276522,1,0,2.21501112049382,0.2596862980539127
0,4.377730401230652,-0.85920601857557,3,0,4.9348727703236115,0.27449134002687714
0,4.273073050480853,-0.5376625769030224,1,1,6.20996610055948,0.42390479639629824
1,8.677550483626352,0.54259446329196,4,1,12.471331515333489,0.7115632696790519
0,2.6492511877564615,-0.9556251674013979,1,0,11.249353481812175,0.27169346599114574
0,6.086091006556334,0.4375122486198699,6,0,7.397609066697367,0.5809868058074323
1,5.594200455563892,-1.2417555288783926,0,0,6.905892506718478,0.20055248706773665
1,9.269144650525687,-0.20406858443884895,1,1,4.866186997008375,0.4858029117540584
0,6.833350484398986,0.10964775457400863,2,0,6.078544753609972,0.4588841065312908
1,10.1655646692516,2.4451301450589167,5,1,4.032335944046386,0.9132650336427592
0,3.91118714431975,-1.3773156555203674,3,0,8.664269238814917,0.21096614201755393
0,7.74791567240448,1.4720145664901334,5,0,7.166214061507494,0.7604899891292387
0,6.087136208458047,0.14984241398728004,4,1,10.092614101312455,0.6247317852584531
1,7.984827734765686,0.41117191801596314,4,0,9.899758874204968,0.5688081534449185
1,7.628322706698052,0.11834791338820451,3,1,2.947338752852742,0.564459093769827
1,9.86519398926664,0.444726818195233,5,0,0.47802129098437773,0.5287104650009081
0,5.0267998367913025,-0.15368510436201774,7,0,2.759157529862343,0.43864738198647046
0,8.072534834476764,1.4540501814574582,2,1,6.04441516609335,0.8064417289056571
0,2.0786752067553516,-0.4564711442247224,1,0,4.037260932555253,0.3225518872947938
1,10.552676420585398,1.1322345721792477,8,1,3.9067697784172717,0.7973912416828697
0,5.74513385947696,-0.6443671202130229,4,0,2.6185436167151006,0.30954475665928083
0,4.649845008837421,-0.06025184640128695,1,1,6.673414608657225,0.5276271567313492
0,3.282610304435761,-1.0719625522902192,2,0,0.934945750048842,0.21453642865938521
1,8.743714716576948,0.4550237203475199,6,0,7.356011999959737,0.5843533770440021
1,9.861711246448495,1.4451259569265338,3,1,7.452893601051765,0.8175266554818987
1,8.324039050896806,-0.07735617982085408,2,1,9.941083138156396,0.5554643868450017
1,7.992458784780911,-0.19688569870390954,2,1,29.188375255692087,0.6461952596242353
0,6.086415557008848,-1.1146169630679268,2,1,0.4050740648543729,0.28960616462475397
1,6.988724456901313,-0.2292926535523081,3,1,7.218167955277423,0.5176315471901871
1,7.948440880729686,-1.5927942597215277,1,0,8.249956843981856,0.16761488722038387
1,7.298136911967511,-0.9128779867188273,2,0,2.7651459117616897,0.246602055496742
0,6.834860997688363,0.22678604610913541,1,1,4.264128345405483,0.5730659728517377
0,6.514495112548384,1.3190131977413961,3,1,3.341852994728984,0.7840976836736998
1,12.608142843192855,2.809210861229503,4,1,7.549544663317635,0.9374130870600502
0,5.982134774872076,-0.5865850850709007,4,1,10.691898492787725,0.4746966691542019
1,7.4591970994839585,1.43530015664544,2,1,1.763909950593738,0.786524681540518
1,6.934326085965954,0.2437524804016479,4,1,6.734938955501159,0.6237657827857335
0,6.107537797437675,-0.15124764674637586,1,1,12.217727059748867,0.5428651882574931
1,7.757309981581303,0.4325944517261522,3,0,2.9412305334371514,0.5190497863761778
0,4.874793394606751,0.06191648367995918,3,0,2.359339179121171,0.4369898939707104
1,8.446201507344327,0.11039572561221853,2,0,2.124595653099332,0.4346144081454401
1,6.05957652955952,-0.4083331628266692,5,0,2.4729643217837984,0.36348751564221365
0,3.4461148312103402,-1.3981096597988507,3,0,15.963277732163526,0.23970249370134744
0,3.3793189571513524,-1.5436252025220816,6,0,18.43538361490048,0.25327959418513707
1,8.998047330562887,0.653244883281227,3,0,13.2886574805855,0.6277262254049968
0,3.0399442369650362,-0.2767000900857134,0,0,3.9704184632490986,0.3461661024903302
1,6.456401998518688,-0.5960888996561666,4,0,13.632980664070297,0.38087144058309724
0,3.6687146007696194,0.008505626723153567,4,0,2.0140835564068373,0.43476937186503645
0,6.064857940560057,0.7949322529156275,1,0,8.810716233721195,0.6084878321702247
1,8.632390850554572,0.1803639430263982,1,1,3.1622904954245175,0.5565980409409419
0,5.021340197304138,-0.6560549366409674,1,0,1.7771706563428074,0.2752359488186326
0,6.724161753094769,1.2262929556489497,2,1,6.58597478395349,0.7767798342598664
1,10.52737592992008,1.579185502981632,3,1,6.703760770934283,0.8313046202819474
1,8.41329571409694,0.4945566553228533,3,1,7.184516147405643,0.664850624400873
1,10.180173730818094,0.9736635113440901,4,0,7.7775397664122075,0.6686426759475871
0,6.915051977531066,1.241959996813811,3,0,6.348894771568693,0.7004388226685744
1,6.213669317089511,1.1300993164045137,1,1,4.586252268228817,0.7446426924940753
1,9.750719402987464,0.6140991771126236,5,1,5.2569821343359475,0.6960183852734485
0,6.245659855594517,0.5983470470748828,2,1,8.896929787875228,0.6837411171803497
0,6.246672146650821,0.5196605733465026,2,1,6.177111781660025,0.6538802193596334
0,4.253109132892331,-1.0973376745470436,3,0,3.4574879187662404,0.22947114263469598
1,7.307991696867959,0.7007231568595857,3,1,2.725316867507792,0.6789057473632844
0,3.468791833572849,-1.355813971126554,0,0,5.223214038624005,0.17918756401038186
1,7.366909104203299,-0.7945994551250549,0,1,12.1797133660118,0.3962974120516406
1,9.954576601518292,1.3035650678080875,2,1,7.862594130156946,0.7932445983520094
0,6.351943691385156,0.8402201626941975,6,0,12.619624363870678,0.6899055439492056
0,8.94306051124991,1.4873982896858626,5,1,3.917025704568138,0.8230593852669972
0,4.144647071626354,-0.27167438368729224,4,0,5.843990655525889,0.40015400548335994
0,3.231603553249188,-1.1522488412767675,2,0,6.50162264291065,0.22672955201996034
1,6.9869331518233935,-0.24043719707034283,2,0,9.183431451399453,0.4049731333105573
1,7.705761664577498,0.1020312972405742,2,0,3.9217539630967178,0.44392944333774287
0,5.593574601173864,0.07898871634000969,1,1,7.847752942928103,0.5642267652472187
1,10.533874733041177,1.1336804787567016,6,0,11.71677372186234,0.7362460579704903
1,7.369081255589467,-0.36127042500344553,5,0,4.781553149759832,0.38638319370221197
0,6.426383836515721,0.35203447180292424,4,1,2.4360353157350363,0.6201370998696026
1,6.414493423321768,-0.9886271494346061,1,0,11.985751948786152,0.26978980439769457
1,8.889089783735354,0.450317278043813,4,0,8.359046377223207,0.5675214572493552
0,5.446979028871268,0.003108550185636745,2,0,1.405434016297441,0.40800424585832873
0,2.521783132301275,-0.7498133382845175,2,0,4.868576840674322,0.28381275993346583
0,6.941076069714687,-0.2358293621748528,2,1,16.60484588377082,0.5633246738960027
1,8.082507794864302,-0.18417574651522164,6,1,7.4087019085996975,0.5618486633516027
0,6.150127775434227,-0.2701551293370962,2,1,5.2158878783568685,0.4851956627232133
1,9.701920595094611,1.7713412422676835,3,1,2.1706835393260473,0.8382015479075504
1,5.430260854777302,-0.09844600230787963,4,0,2.1652401288151206,0.41349201024844645
0,2.827851992228192,-0.24389611017733773,2,0,8.794218511102237,0.4019236608904919
0,1.4792964758748766,-2.0974509576101417,1,0,2.345017004194365,0.10163322792730839
0,5.290895701816453,-0.8942073519794773,3,1,6.535700751074092,0.3747989028390083
0,6.179014756602442,-0.26307342445635284,1,0,4.7706417810474395,0.3636987114378737
0,5.0980200193880005,-0.6858526761766428,0,1,6.255242438057284,0.3830567920749311
1,8.457860017421357,1.381707593377797,1,1,4.462251846812896,0.7826212690325535
0,5.036502490429008,-0.16493777539621862,4,1,7.168191402924657,0.542151633215513
1,11.152726059219791,1.2884442493182524,4,1,9.898847881829566,0.8134596581332983
0,4.225026175656865,0.061704634050368024,4,0,4.519700731097863,0.46143710073935956
1,9.829566802173236,0.037227836421576635,5,0,9.31325777702743,0.4973688006348714
1,9.890305903502261,-0.08879644771250095,3,1,12.990125323462795,0.5827994654077157
1,9.654564400615994,0.0037962516214591325,4,0,6.496906787940365,0.46148879838760715
1,10.774329723514425,1.7187950030498593,5,1,8.639824402172081,0.864358397439175
0,1.7764451573830111,-2.3196107267512183,1,0,1.7821306586029886,0.0845466579524674
0,3.0521240103648872,-2.001545744438679,2,0,4.592907066121118,0.11957181538617338
0,5.559847074378523,-0.5431708310561139,4,0,1.246140123317622,0.32070327784261426
0,5.369963642972984,0.014527881937568883,5,1,3.3951100748154044,0.5676394137042786
0,5.095094632241254,0.6901044247640123,2,0,4.6387372624733025,0.5726220604424477
1,8.257587108688616,0.4730871980274752,5,0,17.550341509452025,0.6378125777547818
1,6.050917311273341,-0.3842459128805702,3,0,2.7581591850149807,0.34917784368726223
1,10.376726780287658,1.0190436932417624,2,1,5.036116680766875,0.7373208961468425
1,8.533334722019205,1.030195403152731,3,1,2.3503403883323193,0.7348605038344477
1,7.785192977241443,0.18405783127156553,4,0,4.342544333035487,0.48625665391273504
1,10.03205015985845,0.9626575724868413,1,1,7.251826500590428,0.7299866017178777
0,6.957065860634319,0.2726452634321288,1,0,8.09282359422377,0.49476745697504004
0,4.9957897570251495,-0.5614830267828836,5,0,3.9052803329392343,0.3419472602255615
0,6.624507950934068,0.6978168390000047,3,0,3.1016607873603195,0.5758318740937404
1,7.610598373037617,0.11061312257867771,7,1,14.126398039627055,0.6708829250780936
0,6.215165609253002,0.001339846754486929,1,0,3.6789053849421576,0.41050249139562145
1,10.676625890347081,1.4729535721895743,6,0,0.6087668067788503,0.7383151225083581
0,0.29628700257675056,-2.4508721285400865,0,0,11.759128069932771,0.09201609815502441
0,5.023902163180977,-1.4176841701595697,1,0,0.7981921284265154,0.1624546206327415
1,5.189286591021185,-1.18707042637437,1,0,11.77125373927268,0.23690405925710212
0,5.24058079608758,-0.3632606475688056,1,0,1.272958326391787,0.3247674872878238
0,4.8729636104997365,-0.2546081697660301,1,0,1.5464168793229418,0.34688576775248753
0,3.698970000917946,-1.5073256477730475,2,1,1.9623063044494662,0.23287121076139514
0,3.696135912382904,-0.9851580323108263,1,0,3.445311088794731,0.23036496785313196
1,5.563802412430927,-0.8608416785235702,4,0,11.848664217837438,0.31962431756171444
1,11.519061595248633,2.457424092075892,3,1,2.019408830066522,0.9024101555183435
1,10.013319124630957,1.8017419477471466,3,1,7.236642043845001,0.8578317423604221
0,4.23967661195778,-0.4117494176846493,5,1,6.145772542407194,0.4946645296607403
0,4.394032581999946,-0.3635832903067989,3,1,5.3898515949273476,0.47768994708544904
1,4.605467482333379,-1.1492039971882941,1,0,10.395964745651547,0.23650733794709
0,2.2466969513709523,-1.9081304132252668,1,0,5.728567962193898,0.12634198089295592
1,7.674890669749799,-0.11688018640852403,2,0,6.057853454950685,0.41146757037141973
0,3.4892684341388533,-0.9978519832440257,3,0,8.586468765165556,0.2692339886855571
0,6.791393560451913,-0.08485053166200977,4,1,3.541923162530101,0.5365410175196272
1,5.2727351645429374,-1.6002058490434774,4,0,5.0739082572273855,0.17460622709620074
0,4.314702029975097,-0.7619744583102578,5,0,6.48912492066007,0.31854853816142076
1,7.821530614051614,0.14862709530283086,4,0,9.718331995395484,0.512320338330002
0,7.168891003206793,0.3662095977839374,2,0,4.5887864777117695,0.5039993697185092
1,7.141577551103943,0.41747195874201454,4,1,5.006756556054405,0.6479453823200876
0,5.97325132060567,-1.3204889841570373,4,1,7.11733428635582,0.3069361724879386
0,7.950951174664396,0.8546857301355617,3,1,4.656653885451003,0.7166488880264861
1,6.342570369157904,-0.8002116966018503,4,0,2.8167356592569197,0.28297309321861364
0,8.323017255968592,0.6328579146073064,7,1,8.575876073632667,0.7344514347296002
1,7.076264277949377,-0.010638676618193147,3,0,5.752246987578042,0.44269374682637785
0,3.849333262652991,-1.3763874990779479,3,0,3.765287870911604,0.19142193142206743
1,6.766293221417809,-0.31619770458118795,2,1,1.9588248305028415,0.45517134304705364
1,9.125992738264323,0.3653637420637676,2,1,0.8181569898710366,0.5917037577375205
0,6.1310191594751275,0.612965380474599,4,1,7.380659003127207,0.6975244351034635
1,7.088159176081424,-0.14098789744441861,3,0,2.7603743920303,0.39751493929494985
1,10.766241675720943,1.5317788906010528,7,1,1.1930099871459485,0.8315758908419656
0,7.672402442742741,1.007510770986559,3,0,2.481626632401059,0.6349298100610287
0,4.039202876787279,-0.25665411639975283,0,0,6.466942329194655,0.3643617450652041
0,6.890415961902977,0.7501218121369445,1,0,2.7373123668194386,0.5624315653578369
1,9.948815602383867,1.9337934851881868,9,1,6.562305092180095,0.8968571882957977
1,8.475857254889332,1.960484600783027,6,1,3.251936649344197,0.877364967027139
0,3.3070242655115956,-1.2279998808224974,0,1,5.049591927054288,0.2753670929582345
1,6.871814603371769,-0.9265331111571506,1,0,5.388255726658241,0.24827253857361362
1,9.245870021918261,1.484918786733851,1,0,8.256415938070074,0.7337223971387692
0,3.5824075674751628,-1.0582810508376372,3,0,8.4390301773428,0.2585414675936824
0,3.4914872836529045,-1.322541133291679,0,0,5.177081114702642,0.18321240218048163
1,6.9583275346465285,-0.4861941306990469,0,1,2.266007717951148,0.3997241013417975
0,7.403235260310047,0.42022670947458574,5,1,11.168066304291951,0.6924065544875239
1,6.106250494358346,-0.10239670661109637,3,1,3.7025379126139795,0.5226161189808028
0,4.642542528386535,-0.6505636204055921,1,1,0.35427305827742667,0.3660680774583777
1,6.516578109548799,-0.674212461724509,1,0,6.292567941637881,0.29509485639513305
0,2.9829686655102625,-0.7123370644127087,1,0,6.479233770034681,0.2893576813780367
0,3.1722699731965913,-0.8795096286589426,1,1,3.823830389595047,0.34141666914854846
1,10.539838621485169,2.2816328772760617,5,1,1.280810000289288,0.8953326590315062
1,8.245703494554059,0.2975110711855549,4,1,1.0138272914237927,0.600663412469248
0,7.026535572921137,0.8867590544047386,3,1,4.056759237981555,0.719132819251494
1,6.029921864123726,-0.4890774681189237,2,0,2.069035134052403,0.31561662841263366
1,6.611789864610983,-0.18595667718604886,2,0,9.695604597332348,0.41929380508818787
0,4.455118679302379,-0.713553981370355,2,1,3.930505885436993,0.38502857830802084
1,3.957914476050323,-2.651708334919202,0,0,3.553785003218082,0.0650639523867956
0,5.023945612464991,-1.3780092768478662,1,0,16.357888852463283,0.22840125817537216
1,2.7589697155009096,-1.8106186799803947,4,0,0.43902953065142836,0.1361019955244719
0,3.0087669773605827,-2.2497837779516074,2,0,5.016125579861561,0.10002803899514488
0,3.5203876768532156,-1.1953589742981028,2,0,0.8502001544743083,0.19705550893999327
1,10.346992873009135,1.3249556793816308,3,1,11.960940290472664,0.8190961549132412
1,8.562830085924844,-0.04443616770435442,5,0,1.1684588893172156,0.42958139038956883
1,8.942703703219733,1.290563762321174,4,1,6.669896267292669,0.8011865079790775
1,9.558444302690578,0.4109825769008753,5,1,5.995409160739768,0.6624475366090202
1,7.528192172741331,0.7825588257151592,3,1,0.8302854546517716,0.6837224994503475
1,6.237618295970225,-0.9008969953045751,1,0,6.706171903297216,0.2586286978144894
0,6.115831346587694,0.5239509541926708,1,1,3.240395849106839,0.6274676432412103
0,6.303369209176611,0.7287142340743459,1,0,7.658707895752437,0.5880414730712417
0,3.5932127283444304,-0.5766472922336929,3,0,3.062949769924366,0.3146267738508295
0,7.426038135532718,0.5595403706161663,7,1,6.725073256049981,0.7127414696129787
1,9.701503064021805,0.5661877585748329,3,0,4.6390570786580705,0.5577994610459717
0,3.835032741831886,-0.5495526211300829,4,0,6.710267337245739,0.3499263308611243
1,6.616801102873245,-1.122768432270995,2,1,7.558484772077157,0.32620694390070576
0,4.6041023059198665,-1.1841283318982723,2,0,4.253200543620217,0.21245688102172408
0,5.167184179174634,0.08650554192146179,3,0,3.715590094739464,0.4505173681005213
1,9.167965210060045,0.3270098687893148,2,0,7.4153153025759195,0.5133321567530398
1,5.8784712631602645,-0.7925258304579145,3,0,3.281439472475605,0.27755724815538213
1,7.52799520492791,0.02658534132609864,6,0,4.324298813425893,0.4751966283275129
1,8.214685798121245,0.5705370361384854,7,1,13.538061585592818,0.7480818229379024
0,6.821941083016529,0.6181907146653008,3,1,5.056759896061608,0.6763134635967987
1,10.253755081651214,1.5518801201224885,6,1,8.442932666433569,0.8519744215799241
1,9.78219820651162,1.2769808321980434,5,0,2.8740626603098303,0.7072955620588305
0,3.261768525476563,-1.001291432756544,0,0,6.655114282745494,0.2342046141971236
1,9.1190717501419,1.6835862095380225,6,0,4.413510076434793,0.7877449964272669
0,4.886123799469666,-0.5309765045557148,0,0,3.796704583070452,0.29808943968687773
1,10.518204912010367,1.0448728124544275,3,1,0.7559921915015366,0.7294910067402192
1,8.02020325261102,0.06798662605108885,3,0,2.093679703787345,0.43662534502203454
0,7.5634852120834,-0.4121493784569676,3,1,17.062238515543747,0.5402201593155846
1,5.583154349626634,-1.8076968597749328,3,0,4.595093203736428,0.14348209104032872
1,7.528748234936602,-0.1715645102163482,1,0,5.08297474544953,0.38372776143849885
0,4.177575832996873,-1.559383235305609,3,0,9.516038607474888,0.18960562038547615
1,10.011756271451635,0.9672992358427723,1,0,6.203216969228878,0.6276818676619333
1,11.302677248174975,1.516792657139248,6,1,3.775890925892199,0.8325308372690126
0,3.2333419220978703,-0.7969109892966902,3,0,3.806814709744548,0.27944747305046536
0,6.331407233886486,0.30197074251927114,1,0,1.9421127000453946,0.46262682294560636
0,4.614149859566535,-0.7253915220079754,1,0,7.060077745946462,0.29006243223629313
0,4.286185035458144,-0.6284847301367896,1,0,7.2416733508299185,0.3082805547962518
0,4.387831567992369,0.7744947038653713,0,0,5.130586947493542,0.5711599217180893
0,3.624820258243218,-0.03853826184341251,1,0,4.502696963331076,0.40728750862802615
1,9.855746414057283,1.7396480419310116,3,1,7.2890393220021625,0.8514383179294867
0,3.205483381587179,-0.482232478702921,3,0,1.8992370778573293,0.32576187501655524
0,6.548892839585952,0.9993363324744892,5,0,6.450414204101019,0.6760540259371266
0,7.162245937939802,0.09741341295778198,5,1,14.042241611090919,0.6476801249587035
1,8.521977943591716,0.7957780097442332,6,1,2.947428479345651,0.7251388355644763
1,6.86721458305953,-0.4471576573299467,3,0,4.168564494574159,0.3450499246120477
0,4.454029653350553,-0.04955883755158271,3,0,11.613603348222565,0.4708369060195089
0,5.382730458621732,-0.11549887929893475,1,0,5.137057224650546,0.3953812471403908
0,4.92864004772519,-0.8360571148457872,3,0,8.912630185171533,0.2988389523816561
1,7.29958336922894,0.6620815345817527,2,1,6.727054376226803,0.683725424295367
1,8.127524193565625,0.6502490055783642,4,1,7.1362260970579445,0.7028940389627077
1,6.828683108825434,0.5935546949055667,3,0,2.8077424285184103,0.5522374510231567
1,10.329233251287949,1.5369656539176446,3,1,2.7321034792386096,0.8114903647921848
1,10.031198101459596,1.4493448012363035,3,1,8.101443310140668,0.8204617720111251
0,4.664853132493316,-0.37494468984913537,2,0,1.3997674510923985,0.33320854067661027
1,8.306277077079976,0.37305231843417824,4,1,4.319686708562097,0.6353149227939882
0,5.1310069470378314,-0.6236006892582127,5,0,7.295080254697222,0.34917135947386496
1,8.157771797830403,0.023355316114555456,2,1,4.151946495669172,0.540821605438767
0,4.020875011551424,-0.5997494491188647,2,0,4.5375596406496825,0.3086692515717407
1,9.567135159680467,1.620070309136051,4,1,9.221352055800486,0.8503811453807534
0,6.611009853311425,0.3636981503429628,4,1,12.573248430081406,0.679935333691485
1,7.675333250459277,-0.21802912810442213,0,1,21.61686716649189,0.5756880260596186
1,11.54781565121483,1.193618571856377,1,1,11.847642758407378,0.7868039354257441
0,2.7190908062410184,-2.1706154097954116,4,1,3.492850378204479,0.16414542953087002
0,2.8235730312402563,-2.0141025948652898,1,0,2.4080364150251348,0.10843897687496877
1,9.426497877260035,0.7958386552197739,4,1,3.532704573039335,0.7098757079940645
0,6.9406195185038655,0.06046844811736806,3,0,7.382874844569844,0.4677871924618725
0,5.449326257820392,0.25044630026076065,4,1,3.83102197425126,0.6079384748025856
1,6.862386212544677,-1.3263961033185487,2,0,2.901777257237314,0.18772020752585483
0,5.890772980374611,-0.023233710850366202,2,1,13.612412626697582,0.5891763896533841
1,12.297882441716249,2.003509410401342,1,0,3.73249928493677,0.792702902087243
1,9.543302844175338,0.8241996197958629,5,1,6.974703973818902,0.7407628543036289
1,6.597004037000384,0.1697065451428121,5,0,6.843821922186532,0.5100851598343783
1,6.335451676411541,-0.43905391010493766,1,0,0.7793477396948424,0.30816500084591014
0,6.535124076493873,-0.39457285186939384,4,0,13.059980886527711,0.41851136000814876
0,2.687313822623014,-2.1291978892000176,4,0,1.7909974723936846,0.11055905815391685
0,5.47314444505394,0.2576404209211606,2,0,1.2612435151178267,0.46021564245523977
1,9.240013833719058,0.8454831084818539,4,0,3.3962876274987495,0.6185900118739408
0,2.679852711908277,-1.5756193271706151,0,0,2.438517596587694,0.14451150908286578
0,4.940090651892369,-0.661416892306816,2,1,11.688859589138893,0.44275637207791696
0,3.234508700994347,-1.157464632233422,0,1,6.129574427644837,0.2930523042534751
0,5.648089110345273,-0.9653511948087635,1,0,3.1408294210091725,0.23200437984779057
0,3.8832488486798296,0.05348162682190022,0,0,1.2111337686297028,0.39549727685177544
0,2.7396020100960787,-2.0844021549884744,1,0,6.6619383939202415,0.11302644280571168
0,6.878794874554981,0.614270438357064,6,0,4.01195855362887,0.5968672552353789
1,8.926290571814183,0.7538550699336822,3,1,7.331003360628633,0.7128061116550244
1,6.104463915856848,-0.2511025880369125,0,1,6.15866919315525,0.4726596804208807
0,1.0916170550356643,-2.4807085099845416,3,0,2.5100715242233838,0.08234902912404765
0,4.627405130179532,-0.9964186260023896,2,0,8.007747520867332,0.2579286992297583
1,8.350734907463703,1.2329019341026966,6,0,1.5947233908784084,0.7022080687029669
0,-0.5671556557143387,-2.7779942807285725,0,0,3.875137724042343,0.0592775944734056
0,5.644369302956681,-0.34752341219351923,1,1,4.305713867305224,0.45196062987182384
0,2.896797136161452,-1.180000778467259,2,0,4.776450937488992,0.21524588927978716
1,9.702146821926041,0.8045703015848366,6,1,1.499538543183415,0.7193769579669848
1,6.339600105682329,-0.6751139521434614,1,0,11.295651389770448,0.32159410336655286
1,7.9304692000085435,0.40395402073561154,1,1,2.504710052201732,0.598922773112905
1,8.215363555434692,0.5654604191690931,5,0,0.9342275832598909,0.5570003888778331
1,9.017684657033046,1.83622583973002,1,1,6.302813181479994,0.8472718807284497
1,6.657811629710271,-0.20294194367537022,3,0,16.902974802862108,0.471300011775875
1,7.912175627058063,0.37604436962261134,2,1,0.7747331767777459,0.59363335038555
0,2.4442388288449255,-1.485055479127436,3,0,9.305129216038747,0.19866343523831526
1,9.73254463328202,1.190413563293744,4,0,5.039644717950263,0.6937782020930128
0,3.830687546430442,-0.7605088480713647,1,0,1.5576009803768767,0.25683342360646577
0,3.6099252709580285,-0.5607541640877456,2,1,4.278076197433481,0.41831626343542777
1,6.919529884697077,-0.022247794849210738,1,0,14.249366559669323,0.47061478669182627
0,3.5933322732486714,-1.5628843453398495,2,0,12.129311908952259,0.19228682200905864
1,7.8205723818107,0.228770028928938,3,0,24.308726590498914,0.607585133396599
0,7.6456058469459265,0.9674662729250108,3,1,8.269460191590763,0.7528894946236143
1,8.954165944605633,0.2929338234972916,5,1,3.3105208182171975,0.6240458785427386
0,5.7718003982166675,-1.588897564178725,2,0,9.188898523196485,0.17787074878994968
0,6.152072489801037,-0.12380929432965958,1,0,2.746012368962295,0.37951964317708536
1,6.9452442332891495,0.7420289029794906,6,0,4.565900125971669,0.6259479052464787
0,2.441309539148846,-1.8779887659659078,2,0,2.7642473301066772,0.12595752038819913
0,3.7435136202807264,-1.074766013817714,2,0,8.245024356390687,0.2464891385421613
1,10.0065922482591,0.87654360408152,7,1,7.73382135094945,0.769130421345121
0,5.086802043206888,0.27009543419728654,1,1,2.9754683150709065,0.5741901741621405
0,6.304808522352312,0.41197158212675383,6,1,10.6832543261957,0.6978872369846945
1,8.724163723535762,1.8594948076233115,2,0,13.041078317825946,0.8170664635820521
0,5.186967433507973,0.4685527785062026,1,0,3.337151498047265,0.5066742658387446
1,8.312923332236018,0.6578880104331793,4,1,6.75448219749873,0.7022566086242109
1,11.27849970749183,2.710745527218326,2,1,13.584544498813305,0.9360607707206956
1,6.225348842469759,-0.2138045580904907,0,1,6.326916830238446,0.4816180499026125
1,7.381226853486337,-0.7978827636184951,4,0,3.8816235596495803,0.28881222464151707
0,6.569681846569171,0.4277963982471327,5,0,4.711088867150439,0.5514186219527558
0,4.3809544626581385,0.4389910293888949,2,0,3.303196572234182,0.5114285814104337
0,5.248577035790204,-0.5267153919462082,1,1,10.911136871761565,0.45513855067130804
0,2.632848075925835,-1.0323970195548475,3,0,10.00730270298952,0.270447192007043
1,12.565671571863458,2.309844422090078,8,1,2.6872699039907992,0.912180114753265
1,9.373106993273385,0.3268434703880229,3,0,3.136736953744277,0.497808857445061
0,4.430752256515014,-0.7322853814020757,5,0,1.2820182075419004,0.2962140099219135
1,8.140721406264026,0.9159303022795986,1,1,7.421906021840497,0.7229392519974538
1,6.908934525537964,-0.1091451515613345,2,1,1.8364183387758335,0.49828427664472785
1,6.7710018991525835,-0.25288144631783127,0,0,18.449662054718992,0.4369111245653503
0,6.4373070871385485,0.5622728719144933,3,1,2.439319652476882,0.6511084143732906
0,4.952422833064638,-1.29188226823169,3,0,0.7133378119835676,0.19073112810884416
0,7.0271063383533585,0.3526272039171724,7,0,1.7696387650656857,0.5396600317298704
1,11.863377239202135,1.9129548077317522,9,1,6.184382847225376,0.8943174637511211
1,8.65636607228967,0.46617766219731077,3,1,4.658561358677233,0.6451333711367757
1,5.8291203627485935,-0.3762121037834645,5,0,2.3935940536271283,0.36936534855287645
0,4.1050958329352545,-0.507105280428242,5,0,4.4796469041198845,0.35570652274625864
0,4.698204464257457,-0.41033997334510935,1,0,3.030838881788928,0.325629813110915
1,5.767520140739595,-0.25396267804778105,1,0,7.29239063486008,0.38023320449624265
1,7.36996098721485,-0.377806532758272,0,1,1.9042176416165737,0.4198156742872217
0,7.982752798952814,0.9163114410745667,4,1,5.5474801381842775,0.7403044867639866
0,3.7039045322639597,-1.7332091032089831,3,0,5.7243658159104225,0.15510388086106994
1,8.768945580826523,0.862000050412134,0,0,4.7718680790805665,0.587101700445264
1,5.660451184039903,-0.3796865251425611,4,1,6.677543889387781,0.4935516202635015
1,9.27660891937638,0.37694778569537224,4,0,4.440700043376677,0.5278269960819505
0,2.2129996961813942,-1.1269879102008638,0,0,8.182310315817713,0.22211525343406147
1,9.037530643505317,1.328631066849436,4,0,4.7686490148957175,0.7167815537078736
0,8.155068517536291,1.245634960171873,1,1,11.239984184226069,0.7916317411276059
1,9.591832244731618,0.9595905257500736,4,1,5.52556784238995,0.7472107512703714
0,2.315802680222271,-1.5147547757935393,3,0,10.760673859994473,0.20044351193933863
1,7.891968076100616,0.8291210710660528,4,1,3.0812102206147456,0.713364915019438
1,8.77679943046042,0.4048550876357089,5,1,2.1138731375738415,0.6392184604253882
0,3.8281731062546904,-1.6052712471325676,2,0,8.139357125251259,0.17207436038303575
1,6.566293037990763,-0.02429738377081549,7,0,4.836116050188409,0.47882520381612115
1,8.70015782932741,0.3645344890332625,4,1,0.4556784873064074,0.6109355067866098
1,6.78682490358023,0.5560752738231508,0,1,2.6400175768066436,0.6197917539058571
1,8.701024144408068,0.17726136694885572,2,1,6.20650366902551,0.5856071544398113
0,4.790325159693108,0.2912314168473797,2,0,4.518871318618167,0.48763214519382114
0,7.812392643417744,1.4736113922530956,3,1,2.53947918568381,0.8023515114888089
1,9.05059986423036,1.2260339099106798,5,0,4.8051157880660735,0.7083237312470527
0,2.6761282827556334,-2.8670549537827434,1,0,5.421413158731051,0.05972277117087226
0,5.177638634246812,-0.317438554837682,4,0,0.9392908945153511,0.3620816636209209
0,5.083622127120791,-0.16465102754395128,1,1,10.55901058561479,0.5297203956393831
0,3.6882693348631186,-1.7520985727269711,3,0,12.213492462133578,0.17523848195495398
1,10.0036822169597,0.09418305823231217,2,1,2.627700067890518,0.5463039687870445
1,10.599234520175118,1.2487577724105066,3,1,16.524216491820816,0.8262887023646733
0,3.8248405885747196,-1.0865678595905903,2,0,4.551527325872746,0.22797261721705056
0,5.430458615184759,0.3364009386898723,3,1,2.8916788741966837,0.6090290648986354
1,5.51747161173395,-0.9158234772964378,3,0,2.817787760901186,0.25483198673112517
1,7.28048621639209,-0.6719120236796768,0,0,15.79929751801461,0.337122736641792
0,7.1530183955187185,1.477393634170035,7,1,1.9403081139782454,0.8276826954753174
0,4.7826234150070706,-0.542557820111825,4,0,5.508660669110239,0.34446535609857415
1,9.539010958525912,0.46221248901062467,4,0,6.017193682422912,0.555596766631449
0,2.9631511472558727,-1.871218116060987,0,0,8.178076837050053,0.1316916740953823
1,8.89732485325134,1.8623175613948801,5,0,5.1814604911808475,0.8080682122770046
1,10.992642039442373,0.602652446306499,1,1,15.04486688571047,0.7075213744840532
0,7.353799814161161,-0.18249984265026167,4,0,16.953377055353034,0.4871802003399922
1,9.213435419241279,0.5755465099998948,1,1,12.80161326207741,0.6908839015487076
0,4.876821641419139,-1.4098194289478103,3,0,6.4610495904068275,0.19752742019071812
0,6.951939264293707,1.1825307417526572,5,0,9.387632704985327,0.7240901957170119
0,5.658306865004219,-0.3239847754964302,3,0,3.834419849470943,0.36713521805636556
0,5.455984282568187,-0.2040695150484347,4,1,10.827148577063477,0.5565617646586704
0,3.1765547899586535,-0.49165561496548443,1,0,3.0374039789579426,0.3106735726460927
0,7.224640345775038,-0.5806514027455847,4,0,2.2521519501206972,0.31924364163941815
0,5.302382878811911,0.6946706116284086,3,1,2.1949716772761114,0.6748808248922837
0,6.672993422172704,0.25590685010422287,4,1,7.425212865976892,0.6302177659710407
0,6.6280982143694676,0.6517481414030399,1,0,13.831631512244819,0.6093966342011428
0,6.101815012725218,-0.008794689485571452,2,0,14.57475082889808,0.4867264406622602
1,8.25252152863059,0.513199811077181,2,1,0.501534680736697,0.6198138539133791
0,5.569936262895207,-0.41884874392503835,5,1,9.78964910752877,0.5159245611109615
1,11.00057505668112,2.2297318414095484,5,1,2.117064315279362,0.8931376040370181
1,6.163626844755259,-1.5679304164304986,1,0,21.402263492470777,0.22223582530697097
1,9.583276912352026,1.2609373235629844,5,1,1.5291584383458487,0.7833040449298745
1,9.63874818856482,1.3679074507209708,5,1,0.9609882817485018,0.7960433284483805
0,2.8689307099513695,-0.8521588059655938,0,0,9.92823668820057,0.2736605360714915
0,10.841175559298012,2.2292736105559734,4,1,3.6479131959289735,0.8924563121501831
1,9.834075822556832,0.9954902829453182,5,1,3.4746435141850167,0.7517621879691304
0,6.7891421289814335,0.9711390068229115,3,0,2.59182196024977,0.6283777705013691
0,5.241606975552111,0.028022187025876687,3,1,2.9881808919360617,0.5457525021524767
1,6.100913079849661,-0.21722615821867644,1,0,10.230709279459523,0.4051927551016775
1,8.313410474694786,-0.20940882703960811,2,1,2.18851672662464,0.4791908806346787
1,8.22028552888385,0.3905305963195172,3,1,4.415271291767111,0.6288608128381741
0,8.082080934499384,1.4011862750338961,1,1,1.9824730794141423,0.7747919954882486
1,6.62410467253864,0.1813142178614196,1,1,5.351544100664794,0.5702584475633257
0,5.5447892484302255,-0.9114436231372903,1,0,3.4270371510690127,0.24157734147036267
0,7.502374262924954,0.8244270623849798,4,0,6.974721547168103,0.6353252105324577
1,8.505862717358493,0.9211507463947922,2,0,7.6476479936634885,0.6374166938635444
1,9.398353986165512,0.6546595284477861,2,1,13.989039358682774,0.7203476228131684
1,10.144854582405792,0.7454989065249826,4,1,20.490054812949964,0.7817553981441162
1,5.475700318812861,-0.2709281301578081,1,0,2.8295812810827177,0.35102212293596585
0,6.378753449458946,-0.9289891671305796,2,1,8.287082511359323,0.36761464239425184
0,4.615923211628558,-0.8681934306407798,2,0,3.3771224459535003,0.2566342328881958
0,2.7144113087858273,-1.635463248457858,4,0,7.487193977124893,0.17902548291125875
1,6.829222629156343,0.23694861154594976,5,0,7.259369693705617,0.526946506658938
1,8.491504874380237,-0.08344878322659362,5,0,7.096351706358677,0.45796875823519667
0,5.221504700112322,-0.43998770452970876,4,0,8.744317292464615,0.3833432806683192
0,1.9686836283885327,-2.95561882434507,2,0,5.612906570167674,0.05830721018133908
0,3.5949556206894897,-1.247317469694169,1,0,3.6601258911876506,0.19407958313498766
0,5.616303789479355,1.1208406514031668,0,0,5.3984877277096635,0.6428319061815464
0,5.969165238098909,-0.664626000063131,3,1,19.485374941762057,0.5018005605892695
1,8.024504923393039,0.3605916776568414,2,1,3.1090293863200396,0.6044946871142269
1,5.8674325695270495,-1.3906854299752562,1,1,3.900491832934092,0.2516991986384063
1,12.066657187885898,1.4387054823592311,3,1,2.6445785037773573,0.798027921340981
0,5.944835069270716,-0.1440276600546764,3,0,0.7667296525695536,0.3850292809094243
0,6.845806081871123,0.2900403964835352,5,0,4.732955222820047,0.5224494507550261
1,13.879694888065737,2.325779791881685,5,1,7.855267706066288,0.9127985710885517
1,10.084259113607382,1.5164401005894037,2,1,2.2771036887012386,0.7999371632541048
0,5.337837446528217,-0.3065656212870578,3,0,12.555507258402596,0.42270152707326153
0,4.494248898765303,-0.5932201848703592,3,1,6.821416282933712,0.43814306842171075
0,4.933136059277965,-0.3255450115195318,0,1,10.296547749356733,0.48268203862213666
0,4.046503552015791,0.5098982484765356,3,0,6.357986518150179,0.5565971920098066
0,6.585586156546647,-0.10522413425087113,10,0,4.398473075540165,0.49263086183021126
1,6.231157950409267,-0.39524414500347166,5,1,3.72987787413935,0.4830788203151413
1,10.73494176408615,1.4671812507090423,3,1,6.162338540288015,0.8155015900577599
0,5.085854910928918,-0.11420989177783689,1,0,6.578459573356023,0.4042911104052454
1,11.196546064130626,2.2995890930373193,6,1,3.3007176139247663,0.9052670986187717
1,7.844957929362106,0.09074256375217302,8,0,4.312017554289389,0.5112310150970352
1,11.798065921228556,1.7853183942247275,1,1,17.035919328448138,0.8741783092713471
0,7.078184186065409,0.3573194227106268,3,0,5.474219220172189,0.5188852591110523
1,9.13999960046272,0.9629605732494478,3,1,5.901408696435338,0.740976804200639
1,5.669401815677453,-0.7246110515177244,1,0,14.346675302126375,0.3291013087270475
0,5.333256758765884,-0.8537592225874118,4,0,6.641821426582676,0.2932503534736832
1,7.011939919395093,0.4597059550149875,3,0,4.963238309695707,0.5373878366949764
1,7.033088478860989,0.9885532424653152,0,0,10.094351825808019,0.6439681446174484
0,6.547651093634398,0.040256502000462865,3,1,8.565592418202321,0.5825761653426734
0,4.886554463323621,-1.2863933350836971,2,0,6.0125292376400115,0.20536057792245838
0,3.258568701585956,-1.360258366289327,3,0,6.39965818519857,0.20404076714263733
0,3.9890984111533854,-1.4271364021862412,4,0,3.995268192024616,0.19260302801571097
1,4.741959545703292,-1.767622112939381,5,0,1.8514034754062272,0.15043495494395417
1,8.915642036161923,0.10948535944708751,4,1,7.710590673163035,0.6024843348695239
1,10.414176595940337,1.1250439217080253,4,1,1.2196603769229073,0.7533907361642639
0,4.857557882866724,-0.013415786924808768,1,0,1.9287873450332529,0.39695144791848036
0,1.401858674224919,-2.2604147573378524,3,0,4.266700549555209,0.10158967135369847
1,5.6529834560121,-0.19076046033454871,3,0,3.9334219019517267,0.3944103268255434
1,8.703288261941314,-0.1627989966326071,3,1,8.307950836781785,0.5385035242601715
1,9.624006763900407,2.0959987502254394,3,1,9.859162677172096,0.8921678084959986
0,4.197130788273701,-1.4571379129195563,2,0,18.646194462225225,0.23461872395677094
0,5.380445945640704,-0.3906776025991957,1,0,1.030658685904751,0.318362028202076
0,7.588401780840486,1.7058526805445642,2,1,7.069839156103169,0.8411381231102351
1,7.704657725924064,0.44997834134654807,1,0,6.863224411783582,0.5247453172765824
0,7.5789456772285835,0.5633130735164247,2,1,6.253174471681959,0.6626543577781788
0,5.3120100452865415,0.11458443702387822,3,1,7.708135483008654,0.59269077929469
1,7.025777502774413,0.32994353865726456,3,0,8.885416918468856,0.5343426983219712
1,8.981207782711447,0.777609530278536,4,1,12.823553818614062,0.7524192603816597
0,5.657347922380473,-0.8094863188927663,3,0,6.392249162156557,0.2904381252732919
1,11.116789969410066,0.8780585789081998,5,1,15.486090740860114,0.7872623884585741
1,5.9691072127606715,-1.3730030168855392,2,1,6.426471838420203,0.2756004828363422
1,7.720079554971978,0.3283679728315381,5,1,3.510760611192596,0.6322500618750994
1,8.876712042110663,0.17874096328632716,5,0,6.007805797295088,0.506780825179476
1,5.18330826831714,-0.6162930881921079,1,1,2.459495487578546,0.38524087467865115
0,5.535297005160438,-0.022685275325646737,3,0,2.5725669645229567,0.4206834709875311
1,6.863404094072936,-0.6225401526655531,1,1,4.553996179245349,0.3964427576089223
0,5.1824513071464455,-1.0717013268617444,2,0,4.061172951411052,0.22803909851195142
0,6.472813493937185,-0.35361474161364437,2,0,12.583137279884891,0.4022751801544732
0,3.077573285219119,-1.1039886353716615,4,0,4.509568971651765,0.24128432075378184
1,8.39199965557557,0.3227974640932481,3,1,2.1561638926457602,0.6018745652233761
1,5.250389343654936,-1.1500854941523635,2,0,5.203494276484958,0.2214070852905807
1,8.483635997186077,0.7119770229910514,2,1,6.379775073481698,0.6909735869709499
1,6.490385090843477,-1.18147906792882,3,0,5.630670153098949,0.22644574080405244
1,6.310723442839692,-0.5662949155810063,4,0,2.0600318395644464,0.3208540116095631
0,4.787302153708623,-0.624603408215179,0,0,13.51203759534435,0.3333411608149848
1,10.60724125637627,1.3251467288748389,5,1,0.9092781186405164,0.7898641384126437
1,9.771529631547777,0.33028994561659186,2,1,5.566365948342779,0.612991782185465
0,5.313359242167753,-0.21173380254439425,3,0,1.9977680222003378,0.3787094563332875
0,6.9010921791528075,0.4987194410697233,4,1,10.49971662406761,0.6934725700409501
0,1.686129283518921,-2.107192347329688,4,0,7.092316484312105,0.12632995761999596
1,8.88111102400157,-0.043133589640907445,2,0,6.379541214134284,0.4286956089709099
1,11.119802745581591,1.9975141778047627,5,1,4.244441553575031,0.8785743173924395
1,8.589976871280758,0.13234650640267256,5,1,12.723376282353025,0.6469316395513587
0,5.460416682654644,0.0679131691693355,2,0,4.236011351260475,0.43871629917740723
1,9.465378464302702,0.5481283796421961,5,1,16.40526990708645,0.7409747247660845
1,9.251314458894859,0.8956052433143455,3,0,2.507905090182528,0.6127679247682682
0,3.53576041903781,-1.9974666928898597,1,0,5.23055298880114,0.11690378996949159
0,4.845273391968449,-1.6823264817910268,2,0,8.716530749672597,0.16492038286934305
0,6.559472044141646,0.21029129108614655,4,1,7.446828573901303,0.6212643745535408
0,6.292532025675262,-0.7148765618975097,4,0,4.922344562554041,0.30904528565285116
1,10.194825275666947,1.3120252622199142,5,0,1.0489718432832584,0.7040055986503794
0,5.205727043762861,-0.3151743898852239,0,1,5.8528377261042275,0.4572105987330893
0,1.0129729559198541,-1.9345307357131178,1,0,3.841221359674426,0.11885472183827311
0,3.61114864474047,-1.268013916843997,1,0,3.1334824113560953,0.18931384984412622
0,3.4962855320308104,-2.7496760196305754,3,0,9.07955175534122,0.0776125785877186
1,6.765081550440058,-0.23412553728291255,4,1,0.8235959680018392,0.48789816211620346
0,5.069419377447992,-0.18838412726438336,1,0,5.0618698476379445,0.3802281964638623
0,5.020705815771166,-0.42446270978189776,5,0,0.24294763886190074,0.34757411757519646
1,10.229306525153934,1.0788790390297387,2,1,7.487906086135757,0.7584581431765424
1,9.344650982970483,1.1985198365166936,5,1,9.146224776069337,0.8057139905882618
0,4.402856128380289,-0.1703884233561112,4,0,5.791494239950786,0.420665316259463
0,2.9814657077419775,-2.134693667476856,1,0,3.552177474605195,0.10149842477504983
1,8.176990316033127,0.6172815804922585,3,1,12.597042681026426,0.7159815932756728
1,6.6017243290143774,0.5553602285085755,4,0,13.175379469844664,0.6180880128442088
1,10.261303480632092,0.309391570156945,4,1,6.6240838333399505,0.6361250573174504
1,10.378573738950932,0.9814797493081158,3,1,14.520646757094308,0.7828366053969449
1,7.604212370517233,-1.16482809646104,2,0,2.5033703499799316,0.20791825153870533
1,11.606043379913713,2.008755386185139,6,1,4.688287495249792,0.8854058392486936
0,4.526104112959649,-0.959427753141868,1,0,0.4331756783874876,0.22102826052985453
1,9.2995777983422,0.7492229272008546,5,1,1.8684119853577226,0.7023575744224241
0,2.751888498462062,-1.6873476944133516,1,0,1.7156260920565876,0.13630144323884805
0,5.346409883728431,-0.9302646872700508,4,1,7.454913175813337,0.3835866655854105
0,7.297814980361163,1.5163686467253361,4,1,1.9922741330776028,0.8128627852598397
0,4.4195308943273215,-0.2608998230008499,3,1,2.930994556921475,0.48413283325206374
1,8.017309406153732,0.8399226051327979,2,0,3.2545278800723345,0.5951501361065428
1,8.885615064068725,0.2369553887192461,3,0,1.5360255794103934,0.46874398928862526
0,4.5350369026319175,-0.10495815600017268,3,1,5.462973078579758,0.5330417490800226
1,7.823488864605907,1.3638503249326897,1,0,6.23333643311697,0.7026828393791495
0,6.139114887919367,-0.23665882465190033,4,1,1.1820732418004734,0.48959945796545956
1,4.678666953643063,-1.7807381075634705,2,0,8.290173263741348,0.15233892655236136
0,4.671823065780659,-0.8032400919517051,2,0,2.3513380052803434,0.2623150395762417
0,7.202758673763848,0.5511917287016942,5,0,3.211733152406663,0.5680271059259678
1,8.849684210301964,0.39550910636250813,2,1,7.132996259094208,0.6351807658212679
1,4.5876557099312745,-1.5670582502354382,2,0,3.235900463859736,0.15961412186755225
1,7.718162087684709,-0.724342519408201,4,0,1.8957851462254987,0.29146149243592495
0,5.302584557421499,-0.5817213492022466,2,0,5.223320959363629,0.3156403560874966
1,6.949264266973871,-0.365469594114225,1,0,10.58489617109287,0.37729940892354913
0,3.5609495233981185,-1.3759135886015514,1,0,9.707333415952228,0.20071313449552552
0,4.886626320083246,-0.6283711081194786,3,0,2.9838740387192915,0.30480533118526176
0,4.546847855836705,-0.7286104852595274,3,1,2.200839564413154,0.3824179241050308
1,7.110539249043427,0.7715332597619193,2,1,2.6250235357663745,0.6816638741653342
1,9.99540970176015,0.8091213109902438,5,1,9.779808373705315,0.7516157580876153
1,8.39880098227021,-0.145810458088816,4,1,2.5870519304832094,0.517676981857433
0,3.590538382359296,-0.3920397958707315,6,1,14.041869422932397,0.5591746049077337
0,6.644601754255561,0.1399243120391134,3,1,7.067466864915321,0.5940231942432821
0,5.918193111808126,-0.8165751074555749,1,0,4.775240420355377,0.26314075117533176
0,3.2897590183126364,-1.146832082167441,4,1,2.942635943461653,0.3162106339295733
0,4.022759090522357,-0.9402212089257169,2,0,5.277931767216674,0.25402872680375205
0,4.709296874821807,-0.6348131639714567,2,1,1.8845434039586542,0.3887718551685069
1,7.184565060821021,-1.163473799792271,0,0,1.222302206003012,0.18871290178767197
0,7.105121701894458,0.16205955906287475,7,0,7.116574365191935,0.5326198484758344
1,7.952977833198563,0.7297156737837084,3,1,4.758786793072418,0.6951330878017318
0,3.6140531929204744,-1.5870983007982418,1,0,8.505415353322098,0.16918727487537732
0,7.677866990852276,0.02512871121603335,2,0,6.084251133130199,0.4411405897224189
0,4.3364300225962005,-0.21993579526633558,2,0,2.901815186119165,0.3718239326428269
1,7.883796894040796,0.3415086855368029,2,0,9.699646216742828,0.5306548882343013
0,5.832685927560085,-0.012938768103588062,3,0,3.1999674202377184,0.4265359078887913
0,3.2490446739430547,-1.4535992799316308,5,0,11.625942919114413,0.22795214586376228
0,5.375598384740646,-1.2623892988571654,2,0,3.1167129420738533,0.19700599625633147
0,5.428686465713762,0.029423575584972723,4,1,1.4368039245605917,0.5475880562562143
1,7.840510925857213,1.0287809197455093,0,1,13.071028643741503,0.7597372434685793
0,1.7674080184816314,-2.214187371043003,1,0,3.027787991794156,0.094373678660105
1,8.518777056547066,0.34572657980157995,4,0,3.210413887294731,0.5135286820987653
0,6.773346484380219,1.1896220052876432,6,1,1.50040010868455,0.7805181935762916
0,5.5570604130259715,-0.1530258762062131,4,0,4.459822107564832,0.41615531769233055
0,6.6486017960572354,0.5502024960264408,4,0,1.6929370360398437,0.5473565150094893
0,3.8337655330434837,-0.7030690808978022,1,1,12.556312676342678,0.4283219375078568
1,6.389742813770488,-0.11936619927687682,0,0,3.6207030141550884,0.3749723276899705
0,3.3889602729489288,-1.6209135183081516,1,0,2.2392329070486126,0.14469925533404882
0,2.9671833877297336,-2.344343308418874,2,0,5.080584289025186,0.09315749760146674
1,8.692247442274182,0.9427658012252752,5,0,20.18119734829871,0.7370866341957711
1,6.269032240348832,-0.9849949277244419,3,0,5.258444538085917,0.2552539083155741
1,6.904943518358089,-0.4555278450034305,2,1,4.035532220277023,0.43873185194894354
0,4.075135014393677,-1.3864422532701932,0,0,4.988659094811154,0.174543951610581
0,4.1907505291298355,-1.4099697030838758,3,0,8.809918799108889,0.20697999903390427
0,4.888140682302617,-0.17383770009461635,3,0,8.253756920709682,0.4239892745483869
0,5.448498881096018,-0.7295771941356465,3,1,5.950179409206701,0.4045875682508221
1,8.118108138760785,0.37797099799469847,3,1,9.978140438679223,0.6583002843052367
0,6.861816204318642,0.4525384189795919,2,1,5.205143509623121,0.6352453215999294
1,8.097608075597249,0.32084964632460716,1,0,4.306966334355697,0.48135773507491675
0,7.834792698886458,0.2386007909284437,0,0,5.1188380703657685,0.45779606662114836
1,9.788823380858927,1.5777682049318862,6,1,3.1328985517195447,0.8374567415077921
1,6.139110749202245,-1.067593769044886,5,0,8.941704530802957,0.2770960653621676
1,6.611580811294528,-0.05493486620291775,3,0,3.0075912583481395,0.4166587386553024
1,8.279228917910583,1.1326898205195888,4,1,0.6518616341437085,0.7519580939363264
1,9.203871455190308,1.2645398093380364,6,1,1.2143398881093503,0.790048425493877
0,4.408814934910949,-1.4217636493445729,5,0,6.400232794588552,0.21023768948540297
0,6.069413662543612,-0.3123554416558699,2,1,2.6004735115645565,0.4599633270509088
1,10.052985665952688,1.3581210958672605,3,1,8.391613221263984,0.8098742451747573
0,5.668533302012647,0.5080791051990653,2,0,4.793178192792417,0.5353650219131978
0,5.347319337617103,0.19526303147977275,4,0,8.895079420806892,0.5170809911735802
0,3.982025597722794,-0.21768469343465674,2,0,0.7282069883290851,0.35966306993082364
0,4.353810211453169,-0.38380092570774543,4,0,2.987967194541439,0.3608834896954036
1,6.724774775728591,0.2882190630903242,1,1,2.173935094781495,0.5730569774044209
0,7.534374260522263,-0.25237412498448336,4,1,22.820077037547613,0.61915989115753
0,7.044462529143852,-0.04257862104444418,2,0,3.4221083393194833,0.4108048619649754
1,5.442185657120254,0.07859870611503737,3,0,1.1956697556877032,0.4333246482219338
0,4.6771403441325985,-0.6780715284934992,1,0,6.3123231107845506,0.29451559268523453
1,8.924651249347976,0.5321293738814383,5,1,2.006370264869292,0.6631736206583129
1,12.023763611698005,2.9142446484154196,3,1,9.547892638927573,0.942719323709756
0,3.077293779892823,-1.7769866393260751,2,1,10.67069107432428,0.23082274477280962
0,6.749527836896629,0.3240125241899799,3,0,2.19325322313217,0.4913113687599265
0,4.582249656808893,-0.7601900886189056,1,0,2.667315681163654,0.26221673977700743
1,9.701326936045158,0.57740257751925,3,1,5.886061043543343,0.673254913947716
0,4.615355126744632,0.04655747332786092,0,0,9.744746361040555,0.44600945001441983
1,7.459121078024592,0.7618547740424635,2,1,6.3964225475773215,0.7000397433555539
1,9.885866636083703,1.1755065765087795,4,1,3.426751901342346,0.77115586738799
0,5.230575854455887,0.19242111776818133,5,1,1.4457375725168262,0.592594509512316
1,10.633225346349557,1.1320522884141782,2,1,14.898592185908363,0.7981399382861122
0,0.1810879358705635,-2.3442978937886774,2,0,6.509883739089243,0.09622370597435692
1,9.930299656598923,1.5904522979160232,4,1,17.041718807009516,0.870786125564609
1,7.98767841259215,0.3750621518923401,5,1,7.200648759505739,0.6623577798039547
1,8.775936001056447,1.0778433557451819,3,0,15.570542680662411,0.719186591929795
0,4.149027814383981,-1.2198757448415216,5,0,2.4589070238251414,0.22262714777155854
0,5.134912176365746,-0.8307698816053357,3,1,2.622576215042888,0.3645684627556524
0,6.614759524652188,0.14593829414477413,2,1,4.176737998309515,0.5667162715076994
1,7.801477108328375,-0.017037889337463016,0,0,2.288000005914852,0.38763075788534385
1,7.966603089343668,0.2830685880099896,3,1,1.0046508534148626,0.5867932744977788
1,10.684559667603194,1.0845151609299661,1,0,2.8661865562593922,0.6314616769826035
0,4.386124255585987,-1.7652203153028492,1,0,7.127344384090081,0.14464258301790706
1,8.662675700422659,0.9738190717173091,2,1,1.6233040950506383,0.7126580645752192
1,7.58802058124229,0.008281909957927018,2,1,1.8042596812987641,0.5230202426179547
0,5.152789651199193,-0.20378186112454774,2,1,3.025128778711865,0.4856073865438795
0,3.5127492062903762,-1.4711152343848903,0,0,2.0633465710051997,0.15461365421196305
1,6.7771929965217135,0.503048668376865,0,0,3.1722519258212847,0.5017244097295038
0,1.2049012820833789,-2.414107851031037,0,0,4.4259649782559585,0.0800739613995978
1,5.887540152241453,0.6483940112387127,2,0,1.7331394348501143,0.5459855279281918
0,2.914146163734042,-1.492105835472992,2,0,3.0847959540702705,0.16781814618522076
0,6.276546334001413,0.053457912617474034,0,0,4.743062120823129,0.4167852863343902
0,5.344102047714638,-0.11916883732792043,1,1,2.3707518796800247,0.48824598723000423
1,9.047594407276877,1.1695381472938837,1,1,1.4452252424831848,0.7359916527475282
1,7.681770171793823,-0.17865516901389017,7,0,2.528758255212282,0.43201420565666915
0,3.783020611232912,-0.6941385611456656,1,1,3.5879391172467976,0.3762914304735061
0,4.555130286254663,-0.506602695971203,2,0,0.9475859457663351,0.3064172875631061
1,10.581255174059665,1.2728827687546636,4,1,7.205935972659198,0.800927085708662
1,8.276153222073685,0.5362969691808936,2,0,3.7467998508847016,0.5348241313262554
0,5.713076796286408,-0.3856299815231613,2,0,2.5410347001602918,0.33754369848346366
0,6.890339792205945,-0.23644641996451343,5,1,1.1196077297051557,0.500502683898833
1,6.141902436418372,-1.567177090585447,4,0,6.5547630847214995,0.18418732551100775
1,7.773972473919997,0.388474200851541,2,1,10.744101233101716,0.6544834153226045
0,2.537159209862762,-1.7598157076954657,1,0,2.968499782904247,0.1327763397738648
0,9.05045908109533,0.7517964658354561,2,1,16.054494084753394,0.7465676567754548
0,6.018545139854019,0.12862159249126584,5,0,4.5722852095625175,0.48716169346319244
1,11.165096267605536,2.3869517995739225,3,1,4.703411279567913,0.9030422751663119
1,5.630037228117168,-1.1001355537243058,2,1,8.672426277757337,0.336639811393097
0,5.299257482010466,-0.10266209104063294,4,0,6.805978532620373,0.440997851252563
1,10.922530828987341,1.7982877009230627,4,1,1.612774387819056,0.845386296187908
1,9.709900663736352,1.1913896402914144,7,1,2.8749473620348693,0.7940568467207483
0,4.107266195896745,-0.6962120515798997,3,0,9.724003260042096,0.3287861693891482
1,7.290938769795745,0.22396742837344774,1,0,6.905575861922712,0.477019130428499
0,6.759006635533314,0.001999356415087233,1,0,16.152738472586798,0.48763200215183855
0,6.298939455523289,0.2819558673941572,1,0,6.153867174888239,0.48463213367471825
0,4.998044239515419,-0.6986804359848298,2,0,7.076285981115409,0.30428587016039355
0,6.200407694553954,-0.08932040270073452,10,0,2.521402637208176,0.4842833602603156
0,2.2984177108269113,-1.5980523752767137,3,0,10.63052526406209,0.1888375244631599
0,5.9407831875579555,0.13512345186808206,6,0,0.4257871126727174,0.47389865160137684
1,9.473337767604798,0.45002067342183205,2,1,5.343447164209797,0.6355505451555563
0,4.7403100922417245,-0.227419412643884,1,0,7.229228996633946,0.3851901852172852
0,4.133575353715742,-1.6150508905847878,1,0,5.8571149705047345,0.15691475434432137
1,9.288371796730237,0.9885318628514624,4,0,4.601788550070248,0.6536895227692123
1,8.50783614893452,0.3645250379928023,1,0,4.209358566239001,0.4900213867260726
0,5.309612265041539,-0.7260150977009768,7,1,4.749846849857626,0.44192167441360186
0,5.6576992899958665,-0.28060044683806395,1,0,1.8631436555952012,0.34368128449396185
1,3.919494832540516,-1.5006694027818388,2,0,5.834888985918183,0.17657936015323586
1,6.016505793707456,-1.0254101277779044,3,0,2.546441321511794,0.23632441419624234
0,5.18297924158053,-0.5378113463571395,1,0,2.9706376922430118,0.3019827958020322
1,9.683329873499378,1.2284208122801512,3,1,1.669443042974243,0.7633065302279335
1,8.04844384945278,-0.6395033908874757,0,0,26.13915338674876,0.40369345724080374
1,8.741232704673124,0.6402136593287587,5,1,5.535125758062772,0.7021505650921649
0,3.8732372377323783,-0.5383162028615798,1,0,1.3501191485829802,0.2934232356313306
1,6.0766160173708865,0.24794756085187486,3,0,5.111972914193645,0.4933890726702782
1,7.179693703019756,-0.14139550214380217,4,0,10.549145205986559,0.45599972481492546
1,9.485459782454859,0.8730566000927434,2,1,5.787041850477605,0.7164203737147619
0,5.860999233822126,-0.5348113382185579,2,1,4.508181991904665,0.4250967226299886
1,3.8675234593195413,-1.572528250002441,3,0,2.366525532624507,0.16212709302138947
0,4.632614639996227,-1.3819490313636327,1,0,5.794108481410574,0.18470290509692977
1,5.65555404291627,-0.5318774939427574,1,0,8.047186872385634,0.3305018382669272
0,3.578345568349923,-1.2490599706780527,1,0,8.109055717535131,0.21182251274550107
0,5.366337463605978,0.4102120156795513,3,0,5.395940829336711,0.5296099963369735
0,5.213251926029764,-0.4657681648580778,3,0,5.383355217095936,0.3483456476522779
1,10.933769491203755,2.3746065500264315,5,0,11.756875287584933,0.8846618721047255
0,3.826743947776905,-1.737714595137132,1,0,10.926812202844575,0.15991144699372647
1,9.549232466985915,0.20363317870980122,4,0,4.023490671292938,0.4884209377831777
0,4.968534067018647,-1.127953023505669,1,1,15.234017485642322,0.3582633623482388
0,3.9831396866596323,-0.4934013403826786,2,0,1.3747022597120504,0.3110910278835139
1,8.632247383046456,0.14141947334054417,4,1,5.577768004939733,0.5961986222359278
0,4.182195047678202,-2.325371374874287,1,0,6.0012862759132855,0.09266393897489249
0,6.851575353859246,0.23682611678802748,4,1,2.2453712735284146,0.5956654322947773
1,11.192324075477735,1.9029074622741677,3,1,1.0950255153775372,0.8493928463770196
0,2.8856698028504306,-0.45343829836859284,0,0,2.290534687594019,0.3040344411563582
0,6.740674796620496,0.2598078568055095,3,1,9.201532793865281,0.6308523164983975
1,9.086081601822888,1.0249216931253993,3,1,9.39003835618415,0.7669081389243745
0,4.658915691745955,-0.16395350002699655,4,0,7.739336795115582,0.4339195506172215
0,4.460006530305756,-0.5809601885314832,2,0,2.585736755187071,0.3017090428262222
0,2.51432556807934,-2.2757364037217522,1,0,9.471630387348984,0.10408989448116034
0,6.111226848724229,0.6409907193949733,4,1,2.744360516757857,0.6777500606827596
1,7.5363388752229525,-0.11316840972889723,4,0,5.8331349220596636,0.4328175454429281
0,3.8118418404037056,-1.0126838513881617,2,0,4.727264833573395,0.24001456623706435
0,6.551075295653252,0.12659671027769356,1,1,3.4686899258711206,0.54719024084685
0,4.692882391684392,-0.5836803568061814,0,0,7.469733823728478,0.30802157296923566
1,7.845397093035525,-0.5284261311155256,5,1,8.547590154547034,0.484886491061913
1,9.241140551819358,0.6062911561087082,5,0,2.4524693397124677,0.574848075812866
1,6.1233883201255725,-1.3383824113238445,2,0,4.944319833578576,0.19403260861200466
0,6.76253198050239,1.0473152860737585,2,0,8.236883373854404,0.6651077184154753
1,4.082246160505997,-1.3976861631184037,6,1,0.20543741921071876,0.2762984816736079
0,4.924666926661723,-0.6627014083552638,1,0,6.415025457618537,0.2977739831366504
1,9.33865598687938,1.9229461940665773,0,1,8.358307894995697,0.8573511989570604
0,6.898121338851816,1.1273547616424222,4,0,6.626599113898647,0.6908116399042677
1,8.683685443205269,0.09760399249544019,6,1,6.858442256713889,0.6164304283344573
0,5.484327733795055,-0.9405302155012165,3,0,4.46626633851416,0.2586889324286477
1,8.95302743107973,-0.5292723066998932,7,0,7.958620944645659,0.3927145487959123
0,4.801091832648473,0.0732753145856964,1,1,1.568407018616126,0.5241048475051285
1,6.121978739912432,0.03752323233959842,4,0,2.302047141113922,0.4426154471210814
1,8.150788114342637,-0.09087092962596285,3,1,6.773438455652083,0.5441585664448662
0,6.021653900667346,-0.03083251408418433,1,1,7.976947164629683,0.5419551247515052
0,3.997318684171868,-0.2143751097051141,2,0,10.596073490420547,0.41889357977154057
0,3.5212191591346698,-1.4419787356400129,0,0,13.746483913225678,0.20068480250574613
1,7.244581468579066,-0.5165107421608328,3,0,2.616816254713104,0.32330735840134334
1,7.833808524570905,0.9146240539868465,4,1,1.8316325522310084,0.721762537714652
0,2.738230760063582,-1.3683342975511175,3,0,9.055024633698208,0.21387761339155656
1,7.109778652073379,-0.18955551153927852,5,1,3.345358414556448,0.52435864567098
0,4.100276875078815,-0.819753928770844,3,0,4.607241049477618,0.2795671267420291
0,6.751481613426845,0.11135042939811132,2,1,8.4251516477945,0.58547171367466
0,5.075385334682228,-0.38863318106681816,3,1,5.5696381214782775,0.4735005404970129
0,7.36940288590355,1.477393664974669,2,0,7.7824765137324885,0.738916863375136
0,8.716882047053463,0.5065831541902538,3,1,2.404870545539152,0.6400813962462787
1,4.60001581665927,-1.3118031657772113,1,0,6.0556738282797316,0.1948747446137784
0,5.478497135364355,0.6712280116136986,1,0,5.963137252261166,0.565772199674878
0,5.305109746314519,-0.774651856262063,4,0,10.468942838809596,0.3281133535039986
0,5.680570702405133,-0.5769963713775336,1,0,12.087426468772168,0.34450970100992667
0,6.661306828285835,0.3138190201071218,3,1,3.28470761668604,0.6067959434947366
0,6.470837027189395,-0.49174741973013475,3,0,2.038036802441174,0.32474845411591635
0,7.121443950247816,0.8928558163229553,5,0,8.109181805199464,0.6652228451650023
0,2.3666547068291717,-0.7745100615133954,4,0,0.9873823435464277,0.278151572302343
1,6.787733752291332,-0.6189465525913632,3,0,8.512286107091484,0.33664140734837067
0,4.325072688731872,-0.6563708935481088,6,0,8.977949148064104,0.36274575140176063
1,8.060626991841573,-0.5656387483550389,4,0,3.071520528250455,0.32651168200816805
1,10.142129555893106,1.099191555547813,3,1,0.2852156488641118,0.7362257577460057
0,4.59710325116165,0.6287962936103031,1,0,9.645294864295554,0.5794727168385524
0,9.273125028516574,1.709943954012071,4,0,12.662660823777966,0.8100013398495857
1,11.569859244351823,2.2676442038992546,4,0,12.085133682801487,0.8709771155621835
0,3.866168243415098,-1.0307170319323398,2,0,12.35208380093222,0.2734263844956342
0,5.1367476404911825,0.07041912732728889,1,0,1.4548223110477898,0.41125657590813625
0,5.094843635366292,-1.176200316643433,1,0,5.057566862207809,0.20943555523382276
0,2.5156545204799263,-0.7776059277482671,4,0,5.935138077587554,0.30309842796963377
0,4.8649931773703186,-0.6300825102556694,1,0,5.29008118876643,0.29769086166463976
0,5.114301610606939,-1.0571548741382744,2,0,7.839777062055443,0.24738886613543729
0,3.8414514302784006,-1.0518872728984137,3,0,1.9205971919457792,0.22950837707981425
1,7.649048132778831,-0.14428437852025486,2,0,0.9569337237790863,0.3754940155182582
0,4.120930430901956,-1.216718418386407,1,1,0.6503279415487272,0.26445269679975153
1,8.184350058128297,0.8421269591376328,1,1,9.787476032043095,0.7222188861532305
0,3.781031869516491,-0.9177535374175142,3,1,1.4380495191170568,0.3409329893635178
1,12.342289593674238,2.809568970096392,4,1,5.264022172327238,0.9339946048778834
1,6.426051526605816,-0.45138445096439517,7,0,2.95193461325601,0.37874501229746727
0,4.401078996760518,0.07201764191705222,3,1,3.06790002213696,0.5554985041737737
0,4.142260224889274,-1.2953411844660352,1,1,4.126835765787343,0.2683776936853513
1,9.620296245775783,1.7060917581276394,4,1,3.181946039278861,0.8402013050396784
0,6.025027025821796,1.1195006808029162,3,1,0.9594755339238346,0.7427980188094466
1,7.901617495905094,0.29691587073611253,4,0,4.1293143626753555,0.5089018965595233
0,4.249973117658351,-1.3468025487795656,2,0,2.4513230328263504,0.18339711382039375
0,5.444331271340167,0.21066687772462028,1,0,2.3438088702247644,0.445878389119669
1,5.249856547289719,-1.121431046017255,4,0,15.131925439263297,0.29009591634897863
1,10.239434613549468,1.4623552634733608,4,1,1.2189736210181858,0.8027349477301343
1,10.106332049940253,0.8091947318531727,5,1,3.9740838818224837,0.7235555886188324
0,8.245469642247246,0.09543903848773612,3,1,5.612157630542253,0.5760129237971201
0,3.8088477077337837,-2.4363756632473224,1,0,15.143067989653968,0.10457980701729223
0,3.0882050964245664,-0.9834159786590306,4,0,1.7334752959999062,0.24739268616764484
1,9.601981568874342,0.6877611315998724,0,1,11.660311989997066,0.6955306727589986
0,7.776426961085398,1.2128836917231558,4,1,4.105141372923244,0.7796417128922785
1,8.31660869404938,1.1091698114921316,5,1,4.22623666596297,0.7726701604471155
0,3.599635132887003,-1.5920130022414554,2,0,7.515227465964144,0.1714578331783314
0,8.51816312809993,0.30155230681290407,4,1,12.915614377868808,0.6702265354629738
1,10.510868138717054,1.0155152164829295,5,1,3.1611382190025377,0.7534720203074001
0,2.1685563858685524,-1.6583355655822452,2,0,5.92808091207031,0.15823984844031305
0,5.483582216468701,-0.007904515373236347,4,0,5.338028985632335,0.45183280906026047
1,8.582025867923097,0.27384239830845625,1,1,5.145210660508585,0.5881678020764965
0,3.532669224433552,-0.3007645848467349,5,0,8.45222621244844,0.4208355694554022
0,1.0549179989113482,-1.8521618554012016,1,0,2.605539154083216,0.12301332687033915
1,7.0772807231194985,-0.3256981100737287,3,0,3.535347403556144,0.36506210330626115
1,7.011861913774717,-0.327305430255024,3,0,0.9894641057409482,0.35012882037543513
0,3.761555711503531,-0.1480724045477542,1,1,7.0956256959454596,0.5116301764729602
0,5.464422264609407,-0.5634714254250696,2,1,4.965386398479015,0.42193963268427
0,5.971997102701481,-0.4430121532414673,1,0,12.698339947232412,0.3742324538115378
0,5.440978921749027,-0.0397062823469779,2,1,1.6966252551536367,0.5121639222785729
1,8.127541057847626,0.4424546049697111,0,0,16.41794283986078,0.571147629118545
0,5.734585682183996,-0.3044267628566672,4,0,7.96429190711387,0.40621000084242775
0,5.798086056265129,-0.4096489283680019,2,1,7.720012894982543,0.47123149264758196
0,3.8581673714917106,0.09235403825445808,4,0,2.8909874642043865,0.4577945760856032
0,1.7926590258980553,-1.9209159258951816,1,0,3.8323640558469876,0.12004866150902291
1,7.484189737123782,0.4770351272264581,2,0,3.32991693059987,0.5196717858197359
0,5.293697738238024,-0.0005630971229588082,4,1,11.175227176135184,0.6008245810826012
1,9.043308496590011,0.039693526597561826,0,1,0.8246138012015665,0.5010887089389098
1,9.172207935114352,0.960734307594464,2,0,4.292579899138884,0.6257293332234543
0,1.649059668587643,-1.9528155300482481,2,0,4.581508781565499,0.12397057070966204
0,2.556658251884956,-1.9738338698589637,3,0,3.232601349870462,0.1232568425369693
1,9.130010237684894,0.27380384532351953,1,1,2.122436723799663,0.5697409186061148
0,4.3562829544669786,-0.007116855128515773,0,0,0.3924752507465666,0.37842528960589533
1,9.023270447835316,0.17017694319193222,4,1,4.348552244718195,0.594684252023149
0,6.154880633309193,-0.46212707517244556,2,0,7.082204682423896,0.3484741781972449
0,8.128899118929732,0.6643536742399312,5,1,4.969945925708487,0.7034851093570917
1,9.196571956683243,0.93263884299112,3,1,2.1245772070319764,0.7172492104596324
1,9.758758535240883,0.48398229395152703,3,1,4.618551859620309,0.6483624106841241
1,6.92274605227141,-0.26082845840458313,5,0,12.802035492755955,0.4559511653079146
0,4.907088224647613,-2.107689387614403,1,0,2.7067696866747033,0.10166438063362412
0,6.806847378102159,0.7692362080371281,5,0,5.533025540645101,0.6264872811016053
1,10.15888265481253,1.2217286662175928,3,0,6.128040887325437,0.6956504410402602
0,5.995411077541079,0.64455841198398,6,0,1.3164666992339726,0.5868082459073449
0,4.466522790911741,-0.8796424273675065,0,0,3.6881137746002475,0.23948715500333417
1,9.431109195685847,0.6737943936677578,5,1,3.7237667752129093,0.6986377638852601
0,5.894472888659865,0.8605297079614455,7,0,4.82059808583345,0.6608232848838387
1,9.295609696895939,1.5588162477990857,5,1,10.919731488962764,0.8548287526564275
1,5.865671373210832,-0.8761099242279576,2,0,1.6372277043239727,0.2471700626554706
0,7.052590822513908,-0.22645458454413847,5,1,11.388307952509898,0.5664106118837686
1,7.024096145697963,0.7472720511434552,2,1,7.469004101883022,0.7030587907253044
1,7.95342025729368,0.05741007143815779,3,1,16.721212803892385,0.6345598011548974
0,4.954463767261578,-1.1173276020512748,1,0,0.5705675687350898,0.19933364872843132
1,7.813766556815669,0.414616285026703,4,1,22.89649265728802,0.7417024924746992
1,9.863908921858663,0.5786616338151667,4,1,1.2582711547731904,0.6577580392279266
1,6.714556443330173,0.08796289633100199,2,1,2.266588488918123,0.5427536363733686
0,5.257484294680658,0.21958492717994416,4,1,2.2855167810377135,0.5923732762757655
0,5.392915260782608,-0.25870590168573016,2,1,7.215157028334709,0.5001197273165859
1,11.893692829172714,1.4782789357160593,6,1,3.9490381453633074,0.8285326036587888
1,5.846914964372329,-0.9006921837126766,1,1,2.594066653704115,0.3305415593280999
1,5.185234385050185,-0.5873207627637789,3,0,14.72380550017757,0.3784511487572955
1,6.206030863071426,0.010985513527525621,1,1,0.45619143215891667,0.5039355367987518
1,9.600262109725685,0.8789540277008926,3,0,9.522456114733753,0.650257740511653
0,1.9136288320286339,-1.4973731700945367,1,0,4.498474608127102,0.16585334068767255
1,6.641187856713806,-1.3102967497654392,1,0,2.55363519759034,0.18169415448390597
0,2.505755559286636,-2.037728507734718,0,0,2.8337266080387846,0.10328683957721882
1,7.6992218579704526,0.03269522525327079,1,1,3.632976391871476,0.5283733230826421
0,4.232905756166808,-1.1183058172065439,4,0,2.3133024191952454,0.22921882755173417
1,6.853944076236721,-0.3845501100179167,5,1,8.49265183855946,0.5151075755781204
1,9.239267858672468,0.661378189891708,8,1,3.386809677268551,0.7224890161246967
0,3.2823433269199125,-0.6415427207828466,1,0,7.647395355822269,0.3080766796658791
0,6.895752368125864,0.23128202274336457,2,0,2.873160296847521,0.4646636890967032
1,5.987377251761064,-0.29933790775172203,3,0,5.460392058299066,0.3815610962852763
0,7.216388655824257,0.6721143150964368,3,1,5.4586470425064455,0.6884243659137661
0,4.886425440971851,0.4751280673480088,2,0,4.783641856001699,0.5283320941779938
0,4.076338336586335,-0.69193369617461,2,0,11.635224270157892,0.33020389121408544
1,7.020052216261599,-0.16865175340045263,3,0,12.437717661399887,0.45080689333007273
0,10.323569747299498,1.0437433977204944,3,1,8.17851164471683,0.7643439719200626
1,7.799230847879256,0.393376870254097,0,0,10.07623344280491,0.5215556746586422
0,3.178358360465543,-1.3969620577511315,1,1,7.86462775274064,0.26976758754308316
1,8.163373146767675,0.6556180611713827,2,1,3.1875093006251882,0.6630605526393805
0,2.871764730378281,-1.0846106224362382,2,1,4.214369711097255,0.3150618040703332
1,9.670753091572037,1.412513069961006,6,1,0.5757340692594829,0.8076837546930298
0,8.561993802995765,1.024098839841025,4,0,1.9859548931188369,0.6456867079040012
0,6.570913900461381,0.2898854759184008,4,1,1.2674416929144612,0.6006294957839959
1,8.423803387240046,0.1572328434361934,3,0,2.5333247015380267,0.45809379790305654
1,6.07204713126535,-0.20903225602742,1,0,5.791090130203342,0.3803883598769212
0,5.851428759210461,0.6785239514000281,1,0,3.0896597210710564,0.549583213681351
0,5.225362809698753,-0.37077816946206166,3,0,8.782393158108793,0.38684311374613345
0,4.802727353476468,0.23556987063989387,2,0,2.059778402361902,0.4605146031002474
0,7.655305585868515,0.8719343665194511,5,1,7.392805755404746,0.7504407531438269
0,5.5218602176403895,-0.5618065435255897,1,1,1.8926769678296327,0.39288086001850553
1,7.314082665704457,-0.6161927399906946,3,0,11.076172561860682,0.35163513420266407
0,3.437912901754427,-1.194365480724459,1,0,2.055710134485647,0.19484696564446283
0,5.485876591677348,-1.0644727461261723,1,1,6.625995366293701,0.3220968946224316
0,2.443416886638205,-1.8283953114415024,0,0,2.5982743343545804,0.12034373081551229
0,6.671608247514227,0.7298287890155296,2,1,13.72172031904389,0.7317260388640369
1,12.173253967042848,1.8089145420827708,6,1,13.337535174492842,0.8900268846893621
1,8.75983263658733,1.4253289434703056,4,1,6.462376992550345,0.8180347416911438
0,1.4541843926988267,-1.6260844886265164,1,0,6.368771623292618,0.1573667787448803
1,8.144368925261558,0.7248546715562,4,1,8.329138949219677,0.7219901486211322
0,8.355075792503898,1.4221063499235564,5,1,7.303187030841176,0.8272655176317314
0,6.363691396961571,-0.456809980738664,5,0,9.131778581888247,0.3929344385977339
0,5.031731213445433,0.10144743065004946,0,1,2.0122687260661256,0.5216207676896687
0,4.428115111523154,-2.0078930508046704,1,0,4.7846185759602005,0.11485371715502099
1,7.537074756316176,0.2667361679766415,1,0,2.770679455674297,0.46033172587489846
0,4.477813677524126,-1.0635597294347174,1,1,13.199029099581612,0.35915120814622115
1,6.934261955209886,0.19963501791151453,6,0,1.4891524248158345,0.494229900128443
0,5.685535818241487,-1.5612029221888803,4,0,14.791481615046607,0.2180211797037099
0,6.360972862590118,0.5428582244775959,2,1,4.85153495960767,0.6508364318436541
1,8.176807036231548,1.0245126754266898,5,1,9.230952812285405,0.7818721017456538
0,6.611536691028677,-0.7831798617151676,1,0,3.066728080931144,0.2603722501579587
0,4.196607794842112,-1.1369225814104345,3,0,1.3645685607776623,0.21462483334806814
0,3.38136744686295,-2.156023042549981,0,0,12.845565052454834,0.11800280713401172
1,8.782011734721015,-0.26641353407517704,3,0,6.892970272600749,0.3967256110772373
1,7.227247778972303,-0.5815939342816051,4,0,1.628577036131623,0.3156921373313384
0,4.249485843576945,-1.5510194123480547,2,0,4.36405741949868,0.16530625164825438
1,8.50641191541477,0.45301875631217164,3,1,4.105415329363066,0.6393862581104941
1,7.990330078689221,-0.44997038186464916,8,0,6.71864292260139,0.4122894892662552
0,3.707498380567873,-1.0757359586452324,1,0,2.0037647121100495,0.21093786680557391
0,4.546612618507417,-0.5545724056404471,3,0,1.592227722702067,0.310757382511567
0,7.251300966304729,1.0713045389296156,1,1,5.296276972076055,0.7384669685508046
0,5.610477513983304,0.6029369437552222,2,0,2.11582110492325,0.5387700000241805
0,5.728948814809051,-0.13002606149848983,0,0,13.120161980705642,0.42983653804177513
1,8.805181904933567,0.6191050184648526,3,0,8.616673523805108,0.5930663433366655
0,4.642873219404872,-1.160911956386739,1,0,8.438072093768076,0.22603735086120313
0,5.778457078199392,0.03237010072703053,1,0,0.5589810739593266,0.39807057571860727
0,8.026767035889488,0.14732233048647056,3,1,3.1734984880350123,0.5718887635563976
0,5.6342671457714015,-0.4698365084987269,1,0,3.7474955727726433,0.3185000289163837
1,7.993231258339274,0.43545833595741784,1,1,1.8129104003075032,0.6011987354600182
0,5.318191407291004,-0.7804334546444512,2,1,7.322779816762617,0.39166973989619613
0,7.594204865160514,0.5098207077761179,4,0,6.624661029718182,0.5692922476850739
0,5.833343993760788,0.5518587715312919,4,1,8.196692659521306,0.6908288864742419
0,3.6000509791588033,-2.917159880697066,1,0,9.937234364960599,0.06379527549788179
1,8.220430012092537,1.1903057035101177,2,0,9.589067709306788,0.6987782062607814
0,2.903752254205009,-3.047632565352754,3,0,24.17997319752718,0.0869872451272222
0,4.585660031188764,-0.6160490255561253,3,0,4.664110806241224,0.31603821603598276
0,7.303678135141352,1.025348034257755,5,1,4.055269684023689,0.7591321758104151
1,6.002228284932962,-0.31728672525244067,0,1,7.253796713632005,0.4654678626627991
1,6.416990366970126,-1.466185982469542,1,0,11.18440164199595,0.19440335228136113
0,2.3988215151478967,-1.0937370617166706,1,0,0.9679293495080206,0.20416258208084245
0,6.024063510501967,1.0269057463206197,7,1,2.3952091048960473,0.7681242991468773
0,3.9092344336387894,-1.9215045305486382,2,0,2.9162434981814442,0.1223488539866734
1,11.148474613754086,1.1289911009620173,3,1,5.0393528903461595,0.7632581961625489
0,4.676795110788564,-0.05510209904228934,4,0,3.1891201924844417,0.42871183262186263
1,6.914393976512195,-1.1923953304424335,2,0,10.046622747737416,0.23642677939494666
1,7.446309187133896,-0.5831150723026911,3,0,5.5944142576572045,0.32721960354387897
0,3.875796105690565,-1.0172243411016413,2,0,4.32354814113925,0.23747879432002297
0,8.241970589335857,0.8662252008585286,1,1,6.6686982205182,0.710540154278984
0,6.128706596392576,0.7324278097628383,4,0,0.6724207992483139,0.5791717221583694
1,5.475587224529949,-1.7191611338760466,0,0,6.43208510832616,0.14179205637113768
0,3.526760793135179,-0.4035921185193341,3,0,2.1733476850990714,0.34215182223219737
1,5.091373453858402,-0.8631856623442771,2,0,8.818148168567815,0.2842953114461182
0,8.195142762348103,1.2935099684593703,4,0,0.8178279520713965,0.6899593301261112
0,4.1659749680659015,-1.350099118126421,2,0,6.99662033522792,0.20058073007056373
1,9.589896751861422,1.604229104685014,1,1,2.228526390294096,0.8044445233202109
1,9.364767964167532,-0.033294739516937566,2,0,11.340197485835867,0.4613781916266044
0,5.498586469496724,-1.1619344063800876,1,0,1.0595175319588224,0.1952648606512103
0,5.285637091636811,-0.6772741840092779,1,1,4.897517702957947,0.38740221411263054
1,4.980011148521739,-0.8016188407684506,3,0,7.9256919917979225,0.29980350735312894
0,3.5761743903153747,-1.274618402015506,2,0,6.159243364528945,0.20760141569876986
0,5.214581359752642,0.09482685973037566,3,1,6.129609069964019,0.5790422705536671
0,4.117535533465825,-1.2279155506918433,1,1,1.477071951742039,0.26662745812292704
0,1.850648005184743,-2.1803662087381888,1,1,1.3807081040640818,0.13897929640375414
0,3.4888338821716087,-0.3796764708481731,0,0,5.954640623361295,0.3376332888479203
0,0.5522675722247898,-1.8028561964178826,0,0,5.286462376452999,0.1300783478908334
0,4.646358112331774,-0.7521608680675204,5,0,1.8969975772860102,0.29589729856552827
0,1.653247410616312,-0.9091028886033559,1,0,1.794809419325575,0.2345370541679654
0,4.418492618946982,-0.8712160720258142,3,1,4.377139044388237,0.36676850700010943
1,11.299794827074148,2.0009631015901537,5,1,3.471527391421759,0.8768147934693499
1,7.161169559291746,0.05641156716957076,4,0,16.331006972512128,0.5340036832806261
1,7.168365688505296,0.24537100899533215,1,1,11.807062993694496,0.6221636351498713
0,2.960569161388658,-1.7763982963422946,1,0,8.591130139744802,0.14802698085968047
0,3.9456162281795186,-0.6539631336369219,3,0,12.81246101276891,0.35421623966406635
1,8.047582702606762,0.21530262994151197,0,1,2.734378689680896,0.5501722557879463
1,4.888306995021676,-1.0245289129130064,2,0,3.100814910678506,0.2308834992843837
1,8.975453830639346,0.9080628435179854,1,1,10.648868674966339,0.7375116401772371
0,3.23665534869496,-1.2026965859010301,0,0,4.886054406875294,0.1977937794208593
0,5.089810840045328,-0.2863661358651756,4,0,5.120281072721729,0.3928366022870142
0,6.003683275038882,-0.5860516399755586,1,0,1.6799604329974165,0.28676561588522576
1,7.802801436403323,0.16432065938191598,1,0,10.312456809655725,0.4856249577912781
1,6.969078313458606,-0.640490071855426,1,0,7.242376153721091,0.3061125010494012
0,4.877329329387425,-0.27089362707093734,3,1,3.809470947609709,0.48749690474987273
0,5.249905881759335,-0.23613009177798555,3,0,3.1206194059123353,0.3804366949919197
0,4.3547982444484274,-0.734387757391301,3,0,11.476858975501735,0.3313006868548577
1,7.9031937241793635,0.48509386849711267,2,0,2.763855147491976,0.5178489540425228
0,6.154813172206837,0.23838837483742528,2,0,1.1987571350879802,0.45576570941920513
1,6.9822875970555325,-0.0886139452531673,3,0,11.92398553771942,0.4645042575843029
1,6.645025843981918,-0.4304583334619581,3,0,12.088903783028508,0.39444468720086756
1,8.69172304036467,0.796544030519997,7,1,2.75434899901852,0.7332003812575457
0,5.401793448503861,-0.23583424381418136,2,1,18.469920295642577,0.5747575688934855
0,5.228413782762989,-0.3066972878259372,4,0,4.462834212103119,0.3848241135067339
1,7.515559719252663,0.10469002988812601,2,1,2.78148685735741,0.549468560994934
1,11.735686691421268,1.6965866829708507,4,1,7.0722546660196315,0.8518146431882848
0,6.059886072223309,-1.340356208021204,1,0,1.4395477152235676,0.17388869811721797
1,8.31594417932443,0.7698568930553547,4,1,2.1024167846593875,0.6978200959816373
0,3.0123678907805074,-1.893171161238105,0,0,5.982918072844992,0.12350790371694641
0,7.136746667169453,0.21727315822862395,2,1,5.209466180566775,0.5878098741726205
0,7.877972633512115,1.5750828276087308,4,1,9.203800654824777,0.8453930294225909
1,7.430725252565649,0.48866852446730713,3,1,1.661577002129448,0.632256078900591
1,10.27220347107278,0.1706250785397928,4,1,16.40725191687633,0.6649011042389691
1,7.800055536899621,-0.5604494688030756,3,1,3.4160850846138673,0.4240962965235589
1,8.331045094955835,0.03104720048855424,4,1,5.066442711588497,0.570294104098504
1,8.701457895833927,-0.2520628154033563,6,0,3.2872385242451045,0.4104579818186641
0,4.951289658168215,-0.7859766079313554,2,0,1.4275358218414034,0.2606887733955219
0,4.7947815270104295,-0.28987561547486984,1,0,4.651828769611878,0.3577602622036721
0,5.096735519566375,0.19838116062643954,1,1,7.8490292168508775,0.5890040542842441
0,3.632877828850696,-0.7672170685306403,0,0,4.119725412161488,0.25939001486306285
0,5.386328883693395,-0.8062818206846841,2,0,2.3224015081656657,0.26167525530520525
0,4.356360294924694,-1.3602434375921744,2,0,9.419703632819052,0.2090412310162148
0,6.351395454080763,0.3907250260888961,3,1,9.670651318095729,0.6590093253070733
0,7.8339684682702675,0.5453232619670604,3,0,3.9495011072547577,0.5491562792406942
0,5.411784174972394,0.23166044423651747,1,0,6.261562795191081,0.47463440628352965
1,10.083377981976158,0.9651704927286658,7,0,9.371279356591145,0.7046784637306154
0,5.727843737090643,0.08786763708072752,2,0,7.785892053298763,0.4648915691314513
1,9.706516271617852,0.3920109373657567,1,0,6.131633853987246,0.5078743846693127
1,8.534776475158052,0.30383742563756283,2,0,7.558077825596472,0.509302365840307
1,7.444603037317097,-0.09154001941820787,4,0,6.581519378256829,0.44194525941422214
0,4.276954606285138,-0.5308218281296473,0,0,4.860815387350636,0.30371312390083577
1,10.731885732093843,2.214152615791911,4,1,1.6286610875513055,0.8862248180830324
0,3.9877620590364575,-0.4519509798535085,3,0,2.0231867996119925,0.3321274318644177
0,3.131370600564816,-0.6658777111204364,2,0,6.790492085333317,0.30869364040089026
1,8.290739797007554,0.43400982345010697,4,0,3.259721213774526,0.5325542273869709
1,7.2322898843429515,0.25185441529500513,3,0,6.6132552607940065,0.5036018463244486
0,2.685209327077726,-1.4047915476103274,0,0,1.5871185538846189,0.1605158571206897
1,9.426198140732595,1.1226782545637386,6,1,2.5185548782361944,0.775083298661113
0,5.373359093587348,-0.09419457535083331,4,0,4.119620104872111,0.42627270674601797
0,3.7359912875254064,-1.1109310952157205,2,0,0.4275233240312368,0.20691811384330788
0,9.250779389087185,1.188784114353874,5,1,2.2354896206233046,0.7757995640068861
1,9.300124720468379,0.625675571596154,3,1,2.812233649399202,0.665328194313181
0,5.628861436488391,-1.2645419919479142,0,0,5.498348256346296,0.19194798823170486
0,7.809012874466139,1.7771828402577243,4,1,3.922185066520435,0.8505167857718788
1,9.291762930152077,0.6587973683661927,6,0,5.720190271592748,0.6160894354809572
0,5.073169367573265,-0.010196115625046132,4,0,4.994561950522676,0.44922496337361423
1,9.359988798977671,1.5902188056217794,3,1,3.794540319808311,0.8222329103928883
0,8.177482526726319,0.15929778382964058,3,1,2.828426044713913,0.5722687797340127
1,6.589059310580258,-0.02808307510403198,3,0,5.123852587027213,0.43517337784733956
0,2.825798892212205,-0.660300116021989,1,1,11.197434875445964,0.42890521914830726
1,8.112877597946245,0.5818504393070786,6,1,2.8140445337298727,0.6867403742960196
1,6.750190052651371,0.4766029673239799,2,1,15.964328562585568,0.6993534065201158
0,4.463686864762049,0.014680139889711287,3,0,5.197572799241975,0.444582964857095
0,3.5407843687125524,-0.789986353867603,2,0,8.881081653015226,0.29745189538398326
1,7.873588612179883,0.12992985416607386,6,0,6.313267897081184,0.5095668506405671
0,3.3896785477224203,-0.06979878576213788,4,0,7.000453216452845,0.44909754740882074
0,4.689032919455284,-1.333474318734201,2,0,2.2199102576204717,0.18422880685547008
0,1.547964137613528,-1.4718123513241856,3,0,3.236315258096166,0.17724396338161746
1,8.215250877040859,0.5651533788097695,1,1,0.9434102414013477,0.6222162191745817
0,1.4147715958064915,-2.601888315051689,0,0,4.046040545377786,0.06846863816459924
0,6.396663447257181,0.20541052696125997,1,0,7.475980076875006,0.47664162760581874
1,6.93212123627042,-0.4780830577538245,1,0,4.069531214989442,0.3187260991196195
1,10.664319267178712,1.3082466068799101,0,1,9.224191899135612,0.7845893770136237
0,4.762070662129689,-0.49346820915387574,2,1,3.5010875335917944,0.42753369117602014
0,6.212537169184174,0.659484214251896,3,1,2.665147344159226,0.6708849477122515
1,7.230482585270363,-0.3969138412377916,3,0,3.122653127543683,0.34880174574129613
1,8.99689483679578,0.11374815348614345,1,1,7.994011924532961,0.5723721854558397
1,9.693997546865038,0.7368365309200512,0,1,13.70136535289723,0.7148067457844739
1,7.3919699309337545,-0.46255571632458015,2,0,17.049271622937148,0.40686500619827237
1,9.410549499587017,0.996554884498404,2,1,7.412188249043028,0.7450485706824433
0,3.93980209687331,-0.9936978771064832,0,0,8.929948697073598,0.245752713802159
0,6.148707176398481,0.2945928425583791,4,0,1.19354388635501,0.49006193735519776
1,10.521004890093174,0.9226397227878528,3,0,1.554626866325267,0.6125655861026599
0,5.92467805354785,0.6600374917903349,3,0,2.306756525909774,0.5630871786765643
1,10.216682297261105,1.9164448767354103,3,1,11.659803964016419,0.8813705368913878
0,4.23288934081871,-0.7634393173106605,4,0,11.547210642524803,0.3362070353809228
0,4.344606714907005,-1.379149251348588,2,0,19.60426611792519,0.2512098338963934
0,2.233428514779791,-0.9943351084951194,1,1,2.2603141640133075,0.3113796945635105
0,6.096483047594454,0.660442566548437,3,0,4.432313807194046,0.5761977656102241
0,7.376037975369304,0.4979229342693786,4,1,0.936376985637809,0.6402948070384833
0,5.1464313853511205,0.10225665964741577,0,1,1.3242840557233362,0.5174991654567462
0,3.8403349354105396,-1.12295704910713,0,0,3.782482314532023,0.20424819566482505
1,10.41677765960154,0.7668672933290608,3,0,2.350490498910081,0.585550054688654
0,3.890752277622543,-1.2247047776505404,1,0,2.3756204529834273,0.1920710835420034
1,6.515131869193485,1.1589495823768998,2,0,2.9241344463536962,0.6566070911033065
1,10.821757372859517,2.857438423139865,8,1,12.56572631116671,0.9549103967537727
1,7.769035918753618,0.3664511465715505,3,0,10.121755987769506,0.5497170118609411
0,5.1742452059784565,0.5831081356577431,2,0,2.0010179278571423,0.5338649147024179
0,5.3405471459454725,-0.4928597688955594,1,1,9.92938799030199,0.4561886176797974
0,2.6677608068230083,-1.8102133210868163,3,0,2.5204715505878585,0.1369721271923341
1,7.4178454278673795,-0.6027193630302223,0,0,1.176968899178973,0.27231926871234613
0,2.573006230772195,-1.0928952410987494,0,0,2.8367163792371386,0.20455854276484822
0,3.488294773083183,-1.4470045764150157,5,0,5.896670153318012,0.20464087377478324
1,10.26268727361251,1.7223599419956492,3,1,2.212028724765943,0.8326194411232828
0,6.655334603106601,0.272862518025773,3,1,7.315962872371056,0.6224198996197046
1,7.970637266624455,0.37968758061398367,3,0,3.007938441609081,0.5082324820911306
0,2.9533920202286095,-0.30902236519624954,1,1,6.2131506113951325,0.47194443838472433
0,5.5779346065446545,-0.17287108244343635,2,1,1.979164523768542,0.4856386245714908
1,8.406365327223426,0.9645506822393334,2,0,4.773460439584936,0.6292975763224281
1,7.9702803382195695,-0.03233711869521544,1,0,2.2736279870164475,0.39516653997516993
0,7.109019035678232,0.5306939380247327,1,1,3.8715535892225104,0.632481819247583
1,7.9497394601255245,-0.19600429784501586,6,0,16.12335121102431,0.5016200261078222
0,5.948795442106942,-0.3421528907320472,6,1,3.34766905509482,0.5032153979882747
0,4.64903824249188,-1.406914165601862,1,0,1.521451951487774,0.16619458737671572
0,3.889394351174588,-1.977749062367128,2,0,5.005734171872111,0.122825279000767
1,7.907420330337616,-0.2615619010664018,4,1,5.070626648759231,0.5086086617870549
0,7.530242445114663,0.05649669199323269,2,0,5.045948596581885,0.4413144588077406
0,3.570327603475707,-1.286130036708791,2,1,7.016432525137618,0.293633938779278
1,6.266308615480556,-0.03447486503463288,5,0,3.2189682706268576,0.44427509850893737
1,8.10446360077249,0.053752562990502024,4,1,7.5141091924377825,0.5898976799420258
0,2.1221443603470385,-2.156008006059379,2,0,4.625487678340507,0.10650301998862283
0,1.9681338149323397,-0.9151246594795012,1,1,1.437906057459591,0.3214953376453886
1,7.52520711651291,0.4072638937354685,5,0,8.271495488272866,0.5690464360990406
1,8.987901613613964,0.3870587293957439,6,1,5.371337053157399,0.6644711118711519
0,3.7393024254877596,-1.1536749163997606,1,0,7.236918752093304,0.22188748419506765
1,6.9777468449224145,0.15844805049973495,0,1,1.607526365566116,0.531176751351677
0,7.609939604241212,1.0224072253604721,6,1,8.616156390550826,0.7865829667377322
0,7.102157834747018,0.7770729589908982,5,0,18.963016960523767,0.7025744513544335
0,5.715992150557347,-0.09528578701393456,1,0,1.4929763271373693,0.377853624689049
0,4.614135700208415,-0.4679763133242924,1,1,9.466851768619623,0.4585680791873793
0,5.537359089784117,-0.6293444843345044,4,0,5.388337630083859,0.32734137494309024
1,6.657413951310298,0.4678197829096571,0,0,4.663040259569623,0.5035556455519151
0,5.83082071218553,0.19510397314288802,4,1,8.685415543315113,0.6255033354304671
1,10.498319326738889,0.6294040061022004,3,1,8.036697240177261,0.6944296511369735
0,4.880969257806956,0.13187381312115198,5,0,11.113702278221405,0.5287022348111152
1,7.855663458659791,0.8187639503474419,5,0,1.6679211946307673,0.6136420218659865
0,5.1920715696762425,0.09459253295770016,6,1,11.407077914185056,0.6423504890962792
0,5.537866587237171,0.7846887161316864,2,0,6.167921319262849,0.601371611989426
0,6.699440022190941,0.8708227703666389,5,0,0.966908756184655,0.6199584978052896
1,6.761851808874842,-0.8045266302248135,0,0,3.3731378441383106,0.24982999463374703
0,2.795200229158919,-1.808144046870746,0,0,5.480854120318691,0.13011966979057724
1,9.181240376538119,1.5434928560145533,5,0,3.3129837646621794,0.7539504148412788
1,6.717760152818075,0.2566587307122617,0,1,4.229256300403563,0.5680479699133666
0,2.2922488720576215,-1.7144858954961215,2,0,2.940366379484152,0.14260699304210198
0,4.113445378594894,-0.7138194972187111,4,1,25.581550790005643,0.5406084075673656
1,9.048016320055732,0.7718742923698284,1,0,7.600670503013845,0.5965498592183249
1,7.99208526814448,-0.279676831132893,5,0,4.98639833233429,0.4041831153726329
0,4.352015426999219,-0.5120614193191271,0,0,1.93809571485434,0.291770674781415
1,10.496619465264509,1.4008818603129667,5,1,11.13406876576828,0.8380922297881
0,4.802060366916963,-1.0472871463838105,1,0,6.910036128956245,0.2364136535484378
0,4.2873847553333295,-0.7981533577548339,2,0,2.1258410910691445,0.2620609105504741
1,9.472596821666784,0.21138647504826755,3,1,2.1394573370536176,0.5788769683031494
0,4.773106337419429,0.39045493205388226,2,0,4.310254066369319,0.5074102183647577
1,8.107318303995413,0.4963430343407315,2,1,5.024752913419243,0.6427937126528461
1,8.44107343092746,0.9112380445689469,0,1,7.473538034514623,0.7132846768180295
0,6.201451043639617,0.19857862068151685,2,0,4.535358090804541,0.4680873849022536
1,6.679921201035992,0.48938393893840915,3,0,7.928780324737884,0.5619785638071981
1,8.370471801986572,-0.2592092593150832,2,0,3.3156410660542894,0.3664592850250875
0,6.359623886764899,0.06269830323671424,1,1,4.544723735403915,0.5403897153250843
1,9.472556413418083,0.10753418005363442,3,0,11.415583557679561,0.5029483763228374
0,6.38454510065144,0.21509813581903608,5,1,8.182957915713724,0.6370093745224649
0,5.916663840800947,0.7725398075827608,4,0,4.756046330903764,0.611960356413909
0,7.219030433810926,0.555145681944831,2,1,6.007831917389441,0.6597251482252865
0,7.044859375254481,0.0442170029001831,4,1,4.560406452332307,0.5699371213173089
0,3.5138403481821716,-0.8091259849410398,3,0,1.337498969235527,0.265159952865463
0,3.8335456688193266,0.06767125806270954,4,0,14.105651364048576,0.5225252061805621
1,5.944927394967726,-0.028017784895743934,3,1,2.2538635742155613,0.5293490909923525
1,8.278314284007205,0.19318157981319836,2,1,3.5264434801022224,0.5725751304470349
1,12.991172483676946,2.206525307140402,5,1,22.750006550733378,0.9320932026569793
0,3.7343205898282372,-0.5237727785412354,2,1,1.8687955996618753,0.411325876690208
1,8.067377939223922,0.42228901912535954,2,1,4.3589519195792885,0.6243186218178629
0,7.2184189139269,1.0684620672442982,4,1,11.928925958041741,0.7918999206171994
1,9.693230833115761,0.09800191409938289,2,0,16.17654258539048,0.5194190252105617
1,13.643097453342463,2.337845119172165,8,1,6.840101511041151,0.9218801391256172
1,7.429125251979455,-0.3780392917314767,2,0,11.204121431592545,0.38906827627054313
1,9.259879193516356,0.32408922232004705,4,1,4.018761252627045,0.6238553773481481
0,4.838739191593072,-0.798805744892982,0,0,0.2329221879139832,0.23628394450787843
1,5.578568928795479,-0.35152473514329313,0,0,10.529088470581186,0.36921899001331887
1,8.402310933879878,0.2489339103966579,3,0,4.6724611642786025,0.4908523590657287
0,5.430249023056734,0.8463040623077297,3,0,3.655340445225877,0.6096263721257507
1,8.245202302753901,0.3190948340235742,5,1,3.397161583328977,0.6297535409333317
1,10.911145903418564,1.259114849334736,5,1,7.818651806675851,0.8085651812464294
0,5.850099880089003,-0.09496531059267174,2,1,7.754048601754033,0.5382080426864533
1,7.974030550261112,-0.33216852983900536,2,0,4.7784399330482366,0.36057202658205445
1,13.2325414091576,2.7039851072793866,9,1,6.603244256860949,0.9436657032645909
0,4.290598748640896,0.39423764944203077,6,0,1.8341166565150453,0.537667228616346
0,2.088967369479675,-0.7194815459785476,1,0,4.0663647377472065,0.2758981675358289
0,5.556952455971119,-0.6942637622480688,3,0,1.9134297354163912,0.28755502363479957
0,5.352530092494543,-0.9426799145313405,4,0,1.8535537139695135,0.2544649421342401
1,9.398651866723753,0.9365693558567879,3,1,6.15056959356231,0.7378547388321867
1,7.38783053774116,-0.36437729289324183,4,0,4.976833385508088,0.3762959917394631
1,9.058258571495468,0.12736247565648562,5,1,3.321321835309334,0.5905624864931386
0,6.489080028008415,-0.06350867443826871,1,1,3.9077464475435697,0.5096766135906164
1,8.162774885757095,0.7314924079409346,4,0,6.533957934197932,0.6142274838602085
1,7.833076679687833,-0.8467440928840201,3,1,7.933125503250517,0.3925980754438957
0,3.5466454256354667,-1.0755722861430155,1,0,7.045418190286917,0.2327047852666895
1,7.962715929339728,0.22429730718159427,5,0,0.9192776390686648,0.4846634754550185
1,8.573084788701289,0.600959284699897,1,1,0.39384210255908014,0.6261327085939838
0,5.12626316910846,0.33253231309764075,6,0,2.4470086901753643,0.5284262348579866
0,3.536757963147189,-0.8094537290973276,4,0,0.4011699060902487,0.2693335630824686
1,11.16514438835662,0.6774848420913938,2,1,13.010173895210373,0.7193251225957371
1,5.415221722821944,-0.7438609270956342,2,0,3.804222694017188,0.27945306122874786
0,5.214796882796229,-0.5215386447863833,6,0,1.4279284787663438,0.3457870841190546
1,6.625726738912188,-0.9439535247220022,2,0,3.7689048194727968,0.24635685186001618
1,9.398111168297907,1.3011583486520308,3,1,0.6940535444055453,0.7700043794837127
1,9.358773539170386,0.6334215410273492,4,1,1.461186682389247,0.6692816745055383
0,7.361811286478968,0.6049933756788733,8,1,3.544554400791678,0.7135846886243573
0,6.663485422449513,1.2472114211424503,4,1,3.078737436056758,0.7802455933255986
1,12.198882988325408,2.8126492482387233,5,1,3.520722382549488,0.9342429676948022
0,3.1739017820694886,-1.7092261039101555,3,1,6.68673799656805,0.23135538386760335
1,8.14120291726835,-0.7383765808771081,1,0,9.347442969125481,0.2996565190571792
0,5.104731855488561,-0.6161750841745238,4,0,5.221139589945215,0.3288876554594818
1,5.4846437884929635,-0.8508196223826928,0,0,9.695427455857256,0.2727308946364266
0,4.1155786281357996,-1.0775832476037126,1,0,3.138243202399404,0.21543170470715003
0,4.1640929962736575,-0.2996530640553656,2,0,10.616547281841784,0.4014825951683604
1,6.234724135664358,-1.216603715289405,5,0,5.284329518233054,0.23559114685967453
1,7.953586283581062,0.3350423675374132,6,0,8.790966514964545,0.568212076992472
1,7.316097196305135,0.051698321428614635,6,1,3.1920182280464657,0.5850997046751923
1,7.599015912653185,0.4810286647636553,2,1,5.104001433247021,0.6402557631959975
0,9.103604291919925,0.5077284516382525,6,0,17.620768220903763,0.6552253911946032
1,8.847549496959806,0.6030068534266765,4,1,5.074943526781286,0.6833974515130351
1,6.681552068356853,-0.3734089368238823,4,0,9.290761695236538,0.400080775723085
1,10.355536062122656,2.1211434026336673,5,1,10.098941281357897,0.9029503989836218
1,8.659129044894259,0.23443111648209775,2,1,7.440083018831565,0.6047432716159492
0,2.1921685230281156,-1.862484752624795,0,0,8.396491199786965,0.13317191761570218
0,2.9382943023587367,-1.0023757457662175,3,0,3.2000246249522535,0.24286813912782673
0,3.096232495437155,-1.7405029890278156,4,0,2.3766926025849946,0.14931163569314262
0,5.360737134692885,0.01733462915130733,4,0,1.9390401982506202,0.43615306851724
0,5.018413402666262,-0.12180522405333363,5,0,6.459839072067473,0.44595238026415673
1,6.04867650534259,-0.4684256978994578,5,0,4.964073068384732,0.3660825198290606
1,10.147325026348335,2.010926112400514,3,1,6.1364227010387555,0.8751953892502212
1,8.11342628461249,0.5489828740769108,4,1,1.6461970875945218,0.6542538001060618
1,8.237038150482936,0.7260983614463344,4,1,2.7158152111867127,0.6931907484351914
0,4.579472529716513,-0.9310734879421032,3,0,9.112266526751672,0.28320765272471005
1,8.334234328759054,-0.9991448913310123,3,0,5.563156817171145,0.254416539501316
1,8.779027337459802,0.03680549909695475,3,0,5.313833943213191,0.44995080201218096
0,8.108107714935569,0.17300713965222583,4,1,4.042632136638725,0.593420041582465
0,2.254318608289055,-1.856311567114457,2,0,2.5071651523963467,0.12728440815855663
0,7.08604501692096,-0.18030702284953407,4,0,10.858530305138776,0.4497210792048954
1,7.608737669783823,0.014072082873504806,0,0,12.105604855969965,0.45378265653986327
1,8.100372850683046,-0.21514916577112894,3,0,5.123442482191693,0.3965668279675857
0,4.691605218112276,-0.8133904123466764,2,0,4.376959870493346,0.2705255383743468
0,4.916525925539668,-0.53953518192114,1,1,12.706295941576588,0.46357775207363217
1,7.813120767962399,-0.17685919357279603,3,0,2.784670033366309,0.390380386678448
1,7.784087684249759,0.09080002361004777,1,0,3.3705699979406933,0.4271335892040165
1,7.022535328054667,0.604791582550568,3,1,8.816425671727476,0.6941266877276256
1,9.200721063203835,1.0808562049508712,4,1,3.3244075960276764,0.7561779293453338
1,7.716864200135298,-0.2943477235272498,1,0,4.903735138081455,0.35833405062822943
1,6.700386567847125,-0.45615619611535785,0,0,0.532266986773382,0.294334159673776
1,9.307465881037214,0.43765567353430623,5,1,12.301417814827312,0.7015192226018032
1,7.451780028737607,0.6108449164108543,2,0,8.303515484948196,0.5785456693784704
0,5.822197489719978,-0.4342004332588856,4,1,10.348248218394916,0.5049088015761778
0,6.076861373669894,0.7903934769661722,1,0,2.1897488268269862,0.5674803037952975
0,6.7335691438179435,0.9795853411559731,3,0,14.118714497276212,0.6943669573423682
1,8.37680885441726,1.291686465658673,3,0,4.562429236478677,0.6999362330584054
1,11.035703705028396,1.7783209067198225,6,0,10.967472387648856,0.8257440380754728
0,4.4091031684315105,-0.8664161386594389,0,0,6.33251886143665,0.25385802438134686
0,5.839835410687087,0.01389820933251119,4,0,8.573998787182589,0.476558060485593
0,7.666171398289582,0.011277696618660139,5,0,6.690857673124887,0.47548404587434207
0,6.1854057490794805,-0.0980735685325076,3,1,3.3034072884759142,0.5210432246136388
0,5.548577307299545,-0.6492629196101362,2,0,1.0707471716442656,0.2818902093835475
0,3.6881464986798433,-1.4855620032310715,0,0,11.548142510637954,0.18633173491944235
1,7.275354617222923,0.0926794460290038,0,1,0.2678341798969685,0.508867416057516
1,5.959335192339786,-0.7683556595479125,3,1,9.24449571321439,0.41654084681440334
0,6.519322009496401,0.085993480747625,4,1,11.538011884223575,0.6204702697423543
0,1.5853903444126614,-0.7940435416988534,3,0,1.3712162192559327,0.2678307199889113
1,6.266639164279861,-1.0996583458443414,4,0,3.457597932877163,0.23716789635802185
0,5.896520936102909,0.2342983603768977,3,0,1.2178224872692718,0.4662014132302174
1,7.305805370065853,0.15092152680649595,3,0,2.9058321688162008,0.45907404237748434
1,8.287678127077255,0.579281971320933,4,0,10.23259750951408,0.6054448652867797
0,7.505621408216952,2.1858637664176253,2,1,8.505600997771067,0.8919315169468595
1,9.137616697033105,0.2772895312108468,2,0,7.717889546275921,0.504660700052413
1,7.97768566183129,0.4850817670641296,1,1,3.477677358581616,0.6211098026866984
0,2.6365537677918214,-1.0775613288673254,0,0,0.3158747240903861,0.19654492174857924
0,4.318972981492827,-1.2869074405363745,5,0,1.5763862985541244,0.20924842574659258
1,9.689704651015454,1.5828294467733337,5,0,4.04234208065952,0.7634094631173771
0,3.7389443845279087,-0.9234797799333037,3,0,1.9267627656264916,0.24940488774949898
0,4.0382420086655495,-1.043944071468642,1,1,9.313422236740838,0.34084814052530554
1,7.69605752468835,-0.03909892121655298,4,0,14.417493833706022,0.5018008079156092
1,8.737462315502777,-0.09019241337738836,4,0,6.2965494119338565,0.4404712300421566
0,5.156915881104696,-0.9025065064432917,4,1,1.3542642998143641,0.35359502947399435
1,7.984240765121785,-0.3049732187131,7,1,11.837140998543529,0.5748583582964497
0,8.430134904867955,1.2293757176501043,4,1,5.317086540052594,0.7871609552719303
0,4.603239400568082,-0.8059936088317976,6,0,4.783306697372588,0.31098638461051653
0,3.9676526611425946,-1.3936724843661716,2,0,7.262487166108904,0.19575195195710532
1,8.745792570275189,0.9425936208997923,4,0,1.64310437062622,0.6276812629309307
1,9.235533892111317,0.4922969119380367,5,1,3.525582952600843,0.6640939112521663
0,4.545123905937296,-0.6205186206486616,2,1,4.531409566249787,0.40753726784160355
1,4.640902347671148,-1.582167016126918,2,1,5.902077739957265,0.23916005128849618
0,5.709447968500056,-0.7446233564385631,1,1,6.3536727151797,0.38246749557538345
0,7.311413111015621,-0.05470443684927131,2,1,7.253352036890307,0.5435977585015261
1,8.33270146865306,1.165672089883819,4,1,2.9736278521263824,0.7676630074610598
1,6.017330272887891,-1.036581974869657,2,0,0.8531722023958594,0.21929741890757604
1,7.121551013197531,-0.08451988151147344,7,0,4.009901615557478,0.4609312140571396
0,7.2936255717989456,0.675144659894898,5,0,4.418627397827162,0.6009292879344311
0,2.3352947878110424,-2.3812673401219207,2,0,0.8098865047051895,0.08212414537637489
1,12.736492578449713,1.0337861679388998,6,1,2.8366091233066424,0.7630787574666782
0,3.406573429142077,-1.1824505722064373,1,0,5.506421944031844,0.21041554529128384
1,9.965692247719312,0.3319954934569346,5,1,3.226858975005575,0.631316238067049
1,9.615500843861767,0.24668314961074406,0,1,5.339403467222219,0.5727709870829479
1,9.516855059598745,1.084586391463845,6,0,3.109843054856076,0.6834439889027609
0,7.042536038014904,0.5509243808935403,7,1,7.641700782503562,0.7159231936593423
0,2.1465108050839117,-2.377290491729981,1,0,2.0716915614286067,0.0813679179758682
0,4.454891245062077,-0.7847792471559913,4,0,4.829980475306904,0.2960221003585996
0,6.543350648789359,0.13820512935328008,1,0,5.012808940565156,0.44714683369256364
1,6.885782810940604,-0.19497988611978695,3,1,9.06309866580123,0.5363966487294991
0,6.230305003290399,0.47761072975677044,2,1,3.679834256149748,0.6313388925945389
0,6.832441221776855,0.7893665556697054,2,1,14.281688570991564,0.7442171059126553
1,7.142306064483394,0.6084517364296791,2,1,13.917107608292373,0.7119988178294933
0,6.306322796270786,-0.21427494255446522,2,1,2.1988437276392867,0.4782231334119035
1,5.964320860332868,-1.8463370111204804,2,0,4.721319779871736,0.13454537257796254
1,6.558585932569919,-0.4554812488548173,3,1,1.4976663214249328,0.4342044215637445
0,6.936937830047924,0.4163681481389552,2,0,6.850892693751245,0.5287645147429533
0,2.1744384739249396,-1.0904472525504776,1,0,3.18925410926152,0.21380359755219572
1,8.902464564965813,0.6312747301215763,5,1,5.261763753510985,0.6991235185929512
1,9.152430886525185,0.9083932972673044,6,1,3.925935692213674,0.7484349511776186
1,8.661536735179318,0.12686697629584257,2,1,24.962031919837656,0.6839291056371006
0,1.3085514890464744,-3.063779866312396,1,0,4.297338166683093,0.04965247797750443
1,5.961529095431959,-1.2780883627118034,1,1,4.002854339290514,0.27065463957585606
1,9.748711648138343,1.8861891585560817,5,0,9.481288581048792,0.8271115524428209
0,4.653972533183449,-0.546537793028378,2,0,10.439254419270128,0.35124395003876596
0,4.039394854017315,-1.984143223128996,1,0,5.851993499453152,0.11970550513095136
0,6.506324290747991,1.2352473883102724,2,0,10.640721195117933,0.7121764961131146
1,10.680457008643009,0.013355591543672855,3,1,22.258490881658886,0.6576444288425783
0,6.894063414430581,1.1049404889577255,6,1,3.760174383292694,0.7778539572611691
0,5.890410868731883,0.2769586752193653,3,0,1.6768458009931566,0.4780980292829608
0,7.021414953197478,0.4585591362121688,2,1,6.469385765058729,0.6437115140960535
0,6.138972591919132,0.3630092477145166,2,1,9.960549174790128,0.6451005279587425
1,10.174304844617378,0.697488311921,6,0,13.506894222301408,0.6683069144817445
1,11.38607819385278,2.2774304485560983,2,1,7.340227578394945,0.896536635254438
0,6.365083645331017,0.9710063359591881,2,0,4.922592255600527,0.6314448376532759
0,4.391839632716286,-1.580339317845535,0,0,2.5005324290222104,0.14420745016356284
1,7.07258898562572,0.4466615152789034,2,0,11.580693209379083,0.5644346131076162
1,8.760863808287379,1.1414807681032177,2,1,6.080744309611653,0.7617462586804102
0,7.232418189381804,1.202700806536146,1,0,0.87789029856906,0.6431914228224214
0,6.014704160793232,-0.42660498305909955,3,0,17.594140445184223,0.42855216696074866
1,9.2103826843259,1.1649444451881277,4,0,1.777767347529461,0.6714271542839358
0,6.461604421341305,0.9277423995512052,1,0,10.091054136050712,0.6424140758057176
1,11.484257606937904,2.57251743696973,9,1,5.714300227337812,0.9361056452830703
0,5.425069775077765,-0.7500017362485115,3,0,0.9557035408480616,0.2731678980167117
1,6.7154685719594704,-0.5074005764004252,0,0,4.489822391459448,0.305966432312307
0,4.002871740420952,-0.3061190484599539,2,0,3.768842527319771,0.35985808973523786
1,5.709319572182598,-0.4902221500387753,3,0,1.217024347603254,0.32054611408560374
0,5.721577173771534,-0.890020749763603,2,0,6.83809452900962,0.2698142343325536
0,1.123383739020749,-2.762675505673743,2,0,9.120783612845926,0.07376425037446294
1,6.92972723052669,-0.4346994737231341,1,0,4.7368493093983775,0.33046707277407766
1,9.0216863133728,0.36935805969990443,1,0,3.687146700861917,0.48778568510012943
0,5.197545765436044,-0.4932218455059107,1,0,7.220895793807859,0.3332069023764979
0,7.503537548689381,1.9353811835291097,3,1,0.17281392572073762,0.8499736436845533
0,4.7623098632384115,0.013375812715862578,2,1,3.353846729716837,0.5337524924575638
0,9.475158863056725,1.2910290551841355,4,1,3.5644206156996168,0.7885963430740273
1,7.024390085185476,0.26142041272996835,1,1,4.8569380190835005,0.5838578899088278
1,7.715197919690263,0.826407309893258,2,0,1.13792169100889,0.5795421736387232
0,6.574194252162158,0.27924155393356226,4,1,0.6225531143554172,0.5945769727249581
0,7.278897097466249,1.3687846319035628,2,1,1.9451841689367892,0.7776625715150296
0,6.169344089684725,0.05593935013240072,4,0,6.760590987232785,0.4741638369186329
1,6.442624918888998,0.4961207080887857,2,0,3.514670793270125,0.5248717979469895
1,7.723824050185349,0.3663329336500437,5,0,1.9330206782230195,0.5211644736233815
0,5.85685457441744,-0.2882854581273188,1,0,15.79789742134675,0.4243123932074866
0,6.638083635199646,0.4049823189246768,4,0,3.6844514526753125,0.5290537979648193
1,10.378641385990438,2.234386246197682,5,1,4.879751407915895,0.8999097403557338
0,4.630607146870616,-0.270396942095442,2,1,11.46110720641746,0.5241537549679909
0,6.582131815353391,0.4194648928532483,2,1,5.437144907509798,0.6300598972082491
1,8.357720676609526,1.2577789508694428,4,1,7.169022870109868,0.7987238916757924
0,8.418348070805337,1.1402532809442802,1,1,2.391606987128808,0.7357520805267729
0,5.485208794400046,0.011716417719365251,2,0,5.085622904130346,0.4321951723448739
0,1.6388624307886945,-2.3833887029573617,0,0,14.469310695174407,0.1030165616826837
1,7.5528475499214025,0.5167028186484662,3,1,6.521176435482955,0.6653497324290975
0,1.6569889915370863,-2.2194742586230527,0,0,5.845406451314268,0.09617920295813477
1,8.128627115115545,1.469937230941231,2,1,3.987992752322861,0.8004559462072433
0,6.4193759005330735,0.16947387119326057,2,1,1.4760265925617764,0.5550147255268985
1,7.975507436836106,0.999674019871989,2,0,10.625926731882078,0.6693775332660127
0,5.184479043503179,-0.9021111381810512,4,1,4.585058712749463,0.37234542276636523
1,6.260462871975779,-1.5525074733000543,2,1,2.705895660115874,0.2293502002115527
0,7.004556512160799,0.2607543841411672,2,1,1.3192860298154907,0.5731276335817861
0,6.190330964922532,-0.03360343995614198,10,0,6.072261329020959,0.5183027207757549
0,5.697858183945152,-0.4915408261571657,2,0,1.7208962261986178,0.31328903234311783
1,9.476889784555818,0.08466128073276377,2,1,10.690656162115374,0.5936870112804061
1,11.681308003462592,2.76743589203226,3,1,2.8475391110222295,0.9247361828698049
1,9.13855844778589,0.8345255473690577,1,1,5.171622043805149,0.6971234609404601
0,6.239684311870735,1.049498605863319,3,0,6.426997439898368,0.6654659382239339
1,8.02624671690327,0.8439368915533556,3,1,5.891781948097247,0.7210429556900698
1,10.799638427625979,1.4794621438521929,4,0,9.142104376900747,0.7624385216496145
1,7.691045470497841,-0.1900716729007449,3,0,3.079831094303941,0.3894641617894369
0,3.162824065755169,-2.0547613076752937,0,0,4.906156982800763,0.10679612769386888
1,7.047741641269407,-0.1885861330060098,2,1,7.453774031423653,0.5165055349798438
0,8.245382651993886,0.8117357099965018,2,0,13.54015751287303,0.6498726081666215
0,3.8513182829394608,-0.9698003951150737,1,0,8.689090703125135,0.25690776078915795
0,4.504488477054253,-0.17636595048933035,3,0,9.85349751696849,0.4332573027025538
0,3.79988325403082,-0.6917697430023131,2,0,3.761934837677818,0.2882382354185617
1,11.299387938920933,1.5020292518431304,1,1,6.518609826854091,0.8076310374868901
1,7.890203606626999,0.7494570154065637,2,1,12.231903753608666,0.7276705894310689
1,7.977422681848379,0.651540620643959,3,1,4.718079502246473,0.680650211095118
1,11.883001611893986,0.6216013131209713,6,1,6.5470195412950325,0.713416734212926
0,6.243172410124586,-0.037249252552126945,4,0,1.0186234039159092,0.4191664137273024
0,4.9230796282024025,0.1975562825275035,2,0,7.97707687806202,0.48933905653535414
1,4.551782074195268,-1.1851845805323176,0,0,5.7989795855357915,0.2038452573252806
1,2.8730488530220146,-2.1864419787505676,2,0,7.604020624860147,0.11121647581957372
0,5.56728806179904,0.15008113034502407,2,0,3.835614870965503,0.4534995961803409
0,6.4122169389970844,0.3239902562721444,3,0,0.766975046260559,0.48239879942988945
0,8.498257318347703,1.2092645684253776,2,0,8.24717231645819,0.6950962540101502
1,7.549289552120476,1.5713358160823676,4,0,2.6845524125612092,0.7470139014677865
1,8.8900012593191,1.5699984849989468,8,1,1.1461577131078098,0.8419956994122856
1,5.82813725091688,-0.9980235932938778,1,0,5.503949992193151,0.2376292491756375
0,8.011602875684469,-0.3522650349497693,3,0,14.729245508669976,0.4264881193541946
1,8.660556286907218,0.48033429588137955,1,0,2.340639995464005,0.502950003615769
1,11.967709051925146,2.5319046777421774,9,1,2.78110657017461,0.9293433900236433
1,8.615451366886843,1.480099203713916,2,1,8.54153308617683,0.8193015590478003
1,6.6991415761249975,1.1193971619983802,3,0,4.130352154194609,0.6659105079157193
0,5.281524495979273,-0.3877879555492906,0,1,8.226638420094389,0.4566208818491283
0,4.031106053109978,-0.8831996311551246,2,0,3.954502092229693,0.25695471393021163
1,8.761554893361719,0.7889078833832395,5,1,3.4594055171592553,0.7174923871167869
1,6.002056274124139,-1.10066126423436,3,1,2.4449861759421303,0.31228947897197873
0,4.207233245235658,-0.23843635098030264,1,0,6.185150731661659,0.3768260237283664
0,4.026082252014879,-0.11477794900192263,1,0,2.4311904250933534,0.37947398260909543
1,11.618944423980691,1.592912089122808,7,1,3.2883636630958897,0.8456893568009728
0,4.549551716021018,-0.35469730295967755,1,1,10.572883546132354,0.4894589073938458
0,2.123595927573385,-2.4392496385726155,0,0,19.02561721620484,0.1093184511095621
1,7.979820042275103,0.5044446476624683,2,0,6.770670201002013,0.546873135044688
0,5.3632519682796875,-0.6990218531039264,3,0,10.856668076116572,0.33453336669701295
0,4.712299393877327,0.042631024437746814,5,0,3.6236467768211384,0.4630245102863297
0,6.146268620598641,-0.08670470084212364,2,0,4.030557006437611,0.4054191892355545
0,4.815506462701681,-0.2737039958177683,1,1,5.699600627268596,0.4762283400336095
1,8.447139817348164,0.7903405817847039,0,1,2.7198076761487986,0.6659190274625215
0,4.752944888111346,-1.5328648783527072,0,0,3.419021477001505,0.15219867143503205
1,5.999509045606923,-0.5170142249543602,5,0,8.028508371541985,0.37431499501861665
0,7.159983626411027,0.6840379131173813,5,0,4.994320897258529,0.6061817257548352
0,5.417567384431249,-0.6140847753443682,1,0,4.375557477312563,0.2957574527546172
0,3.3447333916958044,-1.6088067092699718,0,0,4.2094770502148,0.14650892006207547
1,8.310357034584984,0.6685553432567358,0,1,1.9588636845466303,0.6381269150966944
1,11.491977114870211,1.123094630441539,3,1,5.541668673801423,0.7646189928120917
1,7.829304313744724,-0.04499520764300634,4,1,2.7214492699996153,0.5398627945183775
0,2.92519101885308,-1.9608455984695325,3,0,1.007093227688986,0.11851782303686707
0,5.712432983600327,0.7059697466988162,1,0,1.7066362256464864,0.5467976742149742
0,3.281405659256777,-1.659887881419688,2,0,4.272601590755025,0.1526340202373434
1,9.332611767283344,0.3087992768481657,3,1,7.568490955809133,0.6310424782984145
0,4.581578057014478,-0.8874638247421598,3,1,9.019545669682087,0.39082263919330423
0,1.5836960299842273,-1.1598392857669653,2,0,1.3339187581668728,0.2038317841224333
0,5.230214735756978,-0.4419100170796902,1,0,7.037585838125149,0.34193481583763835
0,4.303244884258959,-0.18329755642725984,2,0,15.328871624106998,0.4544810977266736
0,6.004539361871213,-0.6442082503864482,4,1,9.337788180480796,0.45409654495799057
1,8.5854602037176,0.5887032782151507,2,1,5.382355792153617,0.6626121530242532
0,6.194784117070087,-0.44606937845883377,2,1,5.7188401918352065,0.4511097221914458
1,8.22390072971669,0.980190871671822,3,1,5.266545482017746,0.7407414615716312
0,5.246807718291,0.28117316564347944,4,0,3.2167935596267707,0.49985425745103435
1,6.62274265511846,-0.697557206596308,1,1,9.65343498956704,0.4117858254737965
0,2.5355802014905375,-0.8659398838322859,1,0,2.119475102986822,0.24267635344380517
0,4.297583334755491,-1.6474962990474387,2,0,5.596943826726114,0.15836442349827257
1,6.602148606863301,0.2907331778668224,4,1,0.9872797249254275,0.5991213000726723
0,6.264379682277769,-0.3545875472513581,4,0,10.267662524211906,0.4098204073412283
0,2.5034231876764057,-2.3721955280635143,0,0,5.429296516177219,0.08466143826850135
0,4.8817419460675096,-0.5357148727694001,3,1,1.234620433686048,0.41593284978631023
0,5.034119146466073,-0.901034029254952,6,0,12.678241195424341,0.33650174365779784
1,10.322032477409095,1.5756775921706603,4,1,4.530610641897063,0.8295711848442942
0,3.0920718675720047,-1.7027786118933097,2,1,1.5370658203775935,0.20279193947240204
0,4.651831766745274,-1.4413507997340538,3,1,16.24793306799135,0.324328558525557
1,9.873019615421002,1.1099696431056998,1,1,3.9625250288861715,0.738374551345482
1,8.793551826676959,1.3567631574639631,5,1,2.4814140598274532,0.8006375839038786
1,6.791840320188006,-0.7449829387256415,3,0,5.804106273058794,0.2987760858280081
0,1.763535197533725,-0.6320858228089109,2,0,1.719062114419046,0.28816838740142225
0,4.128010580854452,0.6162353965533128,2,0,3.2168155078402254,0.5484030608840588
0,3.0498664978125247,-2.32709979694531,2,0,11.68565274283325,0.10949659155815765
0,2.283828474868978,-1.8611936845055561,0,0,4.040316552346721,0.12121156207464828
0,3.9838428148103144,-0.28073340085071186,0,0,6.741146946991954,0.36121496967383276
1,9.643164389845486,1.549890566129126,4,0,12.044404247818958,0.7855853054965322
0,4.235795858156397,-0.4357300881667396,1,0,3.9398875882461297,0.32588121614655213
0,4.374281470108136,0.10093679173515462,2,0,2.389047955513889,0.43426335289763185
1,7.964964720600799,1.133789272564012,5,1,7.669589273362828,0.7909168154559323
1,8.795085281325036,2.106884733278146,6,1,1.4764199599003611,0.8857213387377174
1,8.033633692147658,-0.5768484731483126,6,1,2.1581440660203057,0.4461181423591794
0,4.671601621808076,-0.016836723733426057,1,0,1.1996305046282671,0.3919029037128062
1,11.50203108556235,1.8220552213428425,4,1,11.460332796057928,0.8771005673979415
0,3.4021658472217697,-1.5221992751914284,2,1,5.122502319122939,0.2449357662336425
0,7.747133331252724,1.0275810705538218,4,1,7.876932900979323,0.7685901056761231
1,5.779482979486328,-1.0183155323612583,2,0,2.289920426349818,0.228232200698169
0,6.194112208655116,0.10247236710315673,4,1,6.5483800853971665,0.5940686947894854
1,7.95909061040607,-0.24261904740027426,6,1,6.715285380515178,0.5452895125573072
0,4.034656553433615,-0.9580116007012293,3,0,16.192613039223072,0.3155076511004901
0,2.794409938379431,-0.9831019276582751,1,0,7.40213190715522,0.2486952069485545
0,7.215609202329416,0.2764143642537545,4,1,9.004626107527717,0.6433807163066051
1,10.530772838102903,0.9955393281626821,6,0,5.4341639766453245,0.6796279475942907
1,8.737180024517855,-0.1297362031885032,3,0,0.22072262296286396,0.38467359268325024
1,7.461702040329527,0.07011315873321637,3,1,6.127494834810777,0.5739005994097183
0,6.036825293257716,0.5711740662910472,5,1,4.248992168334172,0.6828115350292719
0,3.3851968609010514,-0.9716187730129598,1,0,4.08612378844088,0.2352819066815348
1,8.045941194094897,0.739692508412923,2,0,3.339277843396287,0.5749852656758234
1,8.375267712581831,0.819343097059747,3,0,4.086088351015476,0.6067315172152726
1,10.451705819116942,2.60362629875041,6,1,2.8306696332904027,0.924411215689655
1,5.4437080314446575,-0.3761041905595823,2,0,8.412644190583983,0.37299898588399716
0,4.673933352245538,-0.4580818016681276,2,0,1.9832462635568788,0.3208674146383297
0,3.4928358018798473,0.7689658715737455,1,1,14.786308991017354,0.734637178554487
1,9.021647090269932,0.8191041689121383,4,1,7.9156163333320375,0.7357760885660499
0,4.399955210095329,-0.535087153376712,3,1,10.010537263203975,0.47014539300793085
0,6.219655442871839,-0.40316267693004887,5,1,2.120413208935347,0.4713618918854901
1,9.165521289031568,0.5411308382180404,4,0,3.1472107414322728,0.5544436570365094
1,7.233593190840242,-0.8275842407346614,1,0,5.273564784912266,0.26374234238265976
0,4.926635159428027,-0.4105339880150149,2,1,4.892540837939473,0.45347488652016327
1,7.119214379157985,0.08959276736843465,5,1,7.92959311808103,0.610495066321068
1,8.447362712892422,0.9959386848222581,4,1,4.907824649670218,0.750118333136422
1,7.121197370290121,-0.6045986161795408,2,0,15.31882960473746,0.3679693870981596
1,3.1838977234372297,-1.842384462030672,2,0,2.1620666372764648,0.12764147587474398
0,4.035105589471348,-1.916597467518211,1,0,1.7710935926995246,0.11508399197175045
0,3.2827454015183686,-1.2594130667061334,2,0,3.0204140011225107,0.1970253479430062
0,3.9958340141587034,-1.3131677181999373,1,0,4.092612512522925,0.18711332677767273
0,3.3362121411492076,-0.15461075861990903,0,0,10.621074703064346,0.40953396384282614
1,4.801046863034457,-1.188880153597605,1,0,6.419102948989753,0.2133128873989369
0,2.2697204840303957,-0.7027549598212041,1,0,0.2993692484780111,0.2602138269696151
1,7.345328282389778,-0.7740858849820498,4,0,0.34834796884297303,0.27502716650883485
1,7.139124139819965,-0.4405078608479934,3,1,4.399636626579191,0.45525979322796667
1,9.874016592943342,1.3225043315231224,6,0,3.4485336175681924,0.7271760757565596
0,6.719001653562646,0.6619475894305167,2,1,4.501870165763273,0.6715496363106158
0,6.09229078519843,0.016129415276003874,6,0,4.0949163809088,0.47155148641538486
0,5.138460116301836,-0.4610262805808381,2,1,13.841204715515053,0.4985394490027767
0,5.079361114987303,-0.4332326566230212,7,0,9.536971935704567,0.42193782580400613
1,7.929056059712057,0.3277464699519495,0,1,3.1572689194587933,0.5762788837197912
0,7.2101768329166855,0.5841690733522902,5,1,4.837512754382639,0.6883639149375812
0,4.527137325720348,-0.9076175061006004,2,0,3.830722081103369,0.25242757238778346
0,8.45627350713204,0.03648075561423148,1,1,0.580388027539875,0.5101282001253999
0,4.138976922105928,-2.031619568663027,0,0,3.2826744662752185,0.10481722730141993
1,6.256090989770413,0.21171378417059702,2,1,3.320728541275746,0.5751696016382806
1,8.329688695779929,0.762149241958686,5,0,2.7333386386963596,0.60853547740753
1,7.2260664423140195,-0.2800686268808754,5,1,3.2017165841551463,0.504246043365801
1,11.498364554436767,1.8165269961401054,3,1,3.891632621487742,0.8489435084708982
1,6.322767174344329,-0.8812384474360504,1,1,6.804170620413664,0.35802457041111335
0,6.574734465309785,0.21744041530326128,3,1,2.925768265629343,0.5849114408611458
0,3.707929936391618,-0.035824746665955476,3,1,11.718791244582654,0.5860157523588005
0,3.9001853992392306,-0.10029766744340833,6,0,2.139105943631336,0.4349273334276461
0,7.91512781498837,-0.11432216800474763,2,1,10.381781809736044,0.5504207158645421
0,5.870524025061461,0.10710503000947168,0,1,6.034769594696702,0.5478304237985712
0,5.812667758314777,0.8479587434636998,2,1,1.626047176032843,0.6902773195539313
0,7.888272948457255,1.3777362362747443,3,1,3.8114990025849345,0.794352417755755
1,6.369897279210999,-0.0022502445041573905,0,0,14.196051683963962,0.4633131963025452
1,8.821836658984186,0.8153160721716332,6,1,2.176643568558177,0.7246078939987319
1,5.229075006875909,-0.7017669462667825,2,0,14.466332542224682,0.34415246130022725
1,7.915338812425908,0.765955452726233,0,1,6.9439313891745815,0.6845281727396525
0,3.856399177984541,-0.7619915238269903,1,0,6.110828280608514,0.2789004909318331
1,10.398193175615628,1.0906599360881322,2,1,6.654531478811434,0.7564702753645296
1,11.189886496602899,2.2106408773932396,3,1,3.733578276950901,0.8866916275722284
0,5.7077397997341945,-0.12208388797139179,2,0,2.2641606051636867,0.38765803624465706
0,2.3541190709680877,-2.1925434908074086,1,0,5.006675346056646,0.10033615552846867
1,7.618616746797942,-0.548072933244823,4,0,6.275415388220871,0.3477426249092847
1,9.243186850474196,1.2318751342893033,10,1,7.175614841378078,0.8356874448403904
