feature_exposure,weekly_value,user_engagement,prior_activity,is_power_segment,account_age_weeks,treatment_probability
0,3.02483452956608,0.0012301533574825742,2,0,0.9464598082860112,0.3952656101830684
0,4.851886630076685,0.2987455375084699,1,0,2.2151986503451493,0.45617548279211934
0,5.810002322968328,-0.2741378553622176,3,1,6.011149087581321,0.5008886634051524
1,5.0448979833454475,-0.8905918387572742,3,1,1.2593624224227058,0.338485959801016
0,5.33065345139039,-0.45467078517172255,2,0,23.66514731942553,0.43350251977151383
0,4.107011884342125,-0.9916465549964624,2,1,6.341317463636701,0.33538050565655914
1,6.521104762835499,0.060143602597438485,5,0,2.6961214976172827,0.45550111744108673
1,8.652776284524284,1.3402152455545335,6,0,6.671410195422865,0.7545408677067069
0,4.0191895307890055,-0.49220651855132963,3,0,10.492041801521308,0.35877503143824785
1,5.576127261630927,-0.6204748998199404,2,1,9.8511538103488,0.4348356169751125
0,5.64396271295701,0.4898420501851982,1,0,23.000491731828255,0.6261815605763966
1,7.421033111299647,0.35688700816006075,6,0,3.4279808308392754,0.5391441891467708
0,4.384282291062379,0.10541424899789856,2,1,8.471804773436952,0.5882335984926239
0,0.988055550870321,-0.9304680447082047,2,1,3.508015466425128,0.33187412109282655
1,7.013876523950249,-0.02925182246327349,2,0,9.042882692298978,0.43776084103675805
1,7.106475153039245,0.6953031944582878,2,1,4.818849107668743,0.6891704855513954
0,2.999330255955925,-1.344214547285082,2,0,4.55699713436202,0.17568383499456644
1,5.427919162480825,-0.45761576104021817,4,1,1.9387775026108947,0.44685531359856245
0,2.155203275718248,-1.901222739800844,2,0,6.693047615260646,0.11985813438583678
0,2.8115042962127568,-1.289537739784976,1,1,5.376656983309113,0.2638277805648525
0,1.367677262235095,-1.8417350377917323,2,0,1.5857984452031606,0.11225449153220372
0,3.75091886465375,-0.23509113107468127,0,0,4.483293964317168,0.34310229466116127
0,3.4031885800126904,-1.2674464814437032,1,0,20.85874097590044,0.24615352456906797
0,2.7877565529011434,0.2712643588217015,1,0,2.727529713978967,0.45321876954573065
0,6.175852845448893,0.15675108662422516,1,1,4.747756523489613,0.5645797250849316
0,5.5467022644564805,-0.18693094462995438,5,0,13.528204297598467,0.4675375424269196
0,1.0996468310127514,-2.516759710820513,1,0,4.157154360281519,0.06530480400631888
0,2.7740007083804654,-0.5386928958466366,2,1,12.37093240575801,0.4686535909558701
0,5.217986327837675,-0.048500945401071985,3,0,7.842292019361285,0.438415896736216
0,4.987483758058782,0.11330898600330756,2,1,4.8445431347878465,0.5678517463952781
0,3.8939979107743437,-1.5301357655053935,2,0,7.005422984936576,0.1608406337068166
0,4.211549875320537,-0.47775327603393064,5,1,11.976372032346966,0.5173508683585555
1,4.803102219468194,-0.9785190780566395,3,0,3.535096871927374,0.23284966623016493
1,6.558640272438474,-0.8088372394255993,1,1,2.9497800570424713,0.3420416734319595
1,6.247353951838852,1.0608986233860787,3,1,4.761207054185226,0.763838220582998
0,2.8816195489248355,-0.8075346753318965,0,0,11.2067931244974,0.26960818597942293
0,3.9825628548292724,-0.0325217049455206,1,0,4.608683523761119,0.39794081976207063
0,3.28979883114469,0.8843898673831739,3,0,4.727910774506553,0.625778510182746
0,2.52041133825674,-0.583600432743302,1,0,5.538748217795426,0.29177648751609453
0,5.107166130617302,-0.11170194958415963,5,1,4.067628230862218,0.5501208403292565
0,5.092494227063298,0.11046414324948059,6,0,5.771280050632064,0.4984249377575447
1,7.8207006132933765,0.06378177425506196,1,0,2.3427300452935484,0.4051557243221179
0,3.886021326885065,-1.2250558264176934,7,0,3.502252510124058,0.22881862537815142
0,4.006629582666182,0.0761402303770081,1,1,17.800476871338212,0.6256355275693337
0,7.21568648819339,1.3588234217415376,5,0,7.805030476947488,0.7536299593572076
0,2.662274644168609,-1.5471446781284823,2,0,7.445057435672697,0.16025879545331786
1,8.422692560857868,0.8593826880215982,5,1,7.656808210419728,0.7622155184297316
1,5.274920284357696,0.11935402569658124,1,0,5.340168133330415,0.4355905728972327
1,7.604434885089303,-0.6414703941072214,1,1,1.6377689638070618,0.3690302900525455
1,11.794757669472741,2.000416546342423,7,1,9.586534221868524,0.9121391504045367
1,8.044444886210854,0.7622597120847118,2,1,1.5420331541325567,0.6845117927914346
0,1.878212596361071,-1.1992889021052233,3,0,2.878115203361207,0.19664334188010812
1,5.305928850692292,0.07451622877146342,4,0,1.467097118371102,0.4387447544546368
1,6.406777964355004,0.5766895836701853,0,1,5.875531179633199,0.6492875219691212
1,7.387617452713981,-0.1887821253507493,3,1,0.823171647692498,0.4876713440438678
1,5.463383239600124,0.682910267195206,2,0,2.5052120202225776,0.556569147529667
1,7.450498055979843,-0.06651732014941557,4,0,4.425164431841259,0.4257441432495418
1,7.387262455929981,0.6672475608343279,5,0,8.918504490658647,0.6279624115381309
1,9.11436326878929,1.438522591656152,2,1,4.472186927479225,0.8109929439487988
0,4.525480932313991,-0.6756622510056528,2,0,16.354298996738343,0.3431611486302342
0,7.767404267521897,0.20313861038960904,5,1,7.319648369615127,0.6377971699847789
0,4.595639789730298,-0.46330757653841514,2,0,10.733499053039326,0.35465505241307277
0,4.735853761508397,0.12726841122583082,1,1,3.7484294030313476,0.5518757283680505
0,3.6876228882867226,-1.18719452785014,3,1,4.996400277694444,0.3007844711181921
0,4.234929064738739,-0.5793015965026732,3,1,3.779354119532207,0.4189981140952377
1,6.540435756854673,-0.1961959728044967,3,1,0.594338296929969,0.4845754163142914
0,6.3397143503662665,0.8987638721004078,4,1,5.71877096086838,0.7506078446041003
1,7.491339602299446,1.145222007454132,4,1,2.711532472693769,0.7770380375359336
0,2.9313133416214714,-1.323527792484255,2,0,8.11121431143783,0.19179406846718725
0,2.2989304331951628,-0.7946423659870495,1,0,18.512501719899525,0.32030607002011346
1,9.400511296011464,0.6469034225734218,1,1,23.397891500021924,0.7626313553815994
0,1.4374620728208947,-1.9924197841744944,2,0,10.544677108175584,0.12136565632945609
1,5.116225302167918,-0.46316986495236695,1,1,8.055409733671468,0.44634053165208026
0,4.791862286716794,-0.09728692567008902,2,0,4.363691540305504,0.39449270926766744
1,9.478157259667977,1.2570149772868198,4,1,8.230254469548324,0.8156380644119906
0,6.34158498561432,0.6894039005707556,5,1,11.516774676400164,0.7518275068986167
1,4.371945132170877,-0.32721342022219785,3,0,2.568182601532868,0.347445347929314
1,4.944360800388913,-0.3685758940999591,2,1,1.0936022775357657,0.4367461581190481
1,6.701045702373453,-0.25019540051792494,6,0,2.291717419957289,0.39702345841765635
1,11.452299966452163,1.5235294004561601,4,1,10.225402737394909,0.8553027076291633
1,6.951816125658766,-0.4280249425728672,5,1,10.665549103607631,0.520342833999585
0,4.627378444652192,-0.3036803883647294,2,1,1.9719799352096135,0.45660623064443906
0,6.222006268373739,0.35258906728526535,7,1,3.3138275932471615,0.6682267593097614
0,4.315314196278154,-0.12077044508645512,9,1,3.436359731472467,0.5932013626062971
0,5.101676375691148,-0.19728422796572256,3,0,2.1249908285996666,0.3718166947461182
0,2.569083777645027,-1.1140671431510563,0,1,4.406393342088474,0.28039551083883246
1,7.166798728517181,-0.011521468038548173,4,1,8.851503391613091,0.5892627015826787
0,3.4427653093647237,-0.4435812229744192,1,1,6.534742401732159,0.44130818550955553
1,6.518631616510757,1.1661277761902227,0,0,4.150074921576335,0.6464033588236457
1,6.48112900966221,0.6530885027011638,4,0,1.9427152293500165,0.5711017143718509
1,6.242775472088486,-0.024143613009932233,3,1,12.191293468572646,0.5946092583577316
0,5.427389619703639,0.6683810232673438,3,1,4.586980654493056,0.6934328176367129
0,5.407760602172325,-0.3398695517131494,3,0,4.251440332700253,0.3544359934531213
1,8.107208395031035,1.052126358426947,2,0,7.552362579777644,0.6650147649752033
0,3.6716071739662426,-0.005399560671626605,0,0,6.989051033892857,0.406094740193362
0,5.3996372718991585,0.5833823541804138,2,0,2.108203235722371,0.5318939363312427
1,3.89809252807889,-1.2908932453234871,2,0,1.8530178913075948,0.17286192671929287
0,7.236612677358192,0.34668004887842974,6,1,19.363561464263718,0.7400254970787483
1,5.150500682903356,-1.6882041173665416,2,0,14.738628646965825,0.16785335228086715
0,1.5893364773916872,-2.0353289449399323,3,0,13.521911902614677,0.13081768644333172
0,4.210484728962847,-0.3044768777114372,2,0,15.113323741245187,0.4143051607105109
0,4.017219610160531,-0.8999276075985952,3,1,11.301740904940026,0.3947494309985166
0,3.612008971213128,0.16405279571222256,0,0,11.241838187568625,0.4697105017900465
1,8.943226426291591,2.2447566264860495,4,1,5.661437865303064,0.9098509932408412
0,3.707228094973214,-0.8317231814120817,2,1,7.78437440299791,0.37661484898304376
0,2.894700971274528,-0.6239435864439059,3,0,11.490176262136771,0.3375358265323757
1,6.655393769460366,0.2054039460646989,2,0,7.484415164175562,0.48050337303557605
1,7.869440591435332,0.49301329141235634,3,0,4.465174458700892,0.5387574245470622
0,3.862210145372459,-0.1764060659057582,0,0,9.26995052625684,0.3829568360164597
1,7.453239399080836,-0.20593033025321647,5,1,6.885303689910959,0.5465635093908887
1,9.621990250416054,0.7024629551205442,3,1,5.30836379589344,0.7036887572398112
1,6.530653907803325,0.5199076370338984,3,0,0.9043223880643345,0.522615791112023
0,4.366883300703943,-1.0336758320736887,1,0,8.226578966386196,0.22712026511954184
1,5.847529384451854,-0.07918131861584184,2,0,17.619624596739126,0.47981782857239896
1,5.44986209229602,0.035286848661474135,2,0,10.76018686634797,0.4627598001980969
0,3.1447490923494295,-1.0544846220491104,2,0,7.004021610809893,0.22724459632013772
1,7.2517364609034125,0.25983910067436333,2,1,10.291086573000117,0.6320757930139415
0,1.634815601940914,-0.8579564771765439,2,0,2.3013704681603273,0.23782763038373764
1,9.798522712091234,0.9720667079170427,6,1,6.429008863943446,0.783399011087476
0,5.746016763889266,0.1927459126050724,4,0,10.036593158599562,0.5185879673020942
0,3.566737478144434,0.08930648576905029,2,0,7.080439606254574,0.4519950298518548
1,5.717068985648297,-0.591028352856274,2,0,16.004274191860745,0.3585142268337498
0,4.230590634182664,-0.11860982387769403,2,0,9.137875347290302,0.41865384024870844
0,0.345660513016095,-1.9977462929070549,2,0,3.0452078072508475,0.10230778742082323
0,3.530991622209748,-1.1314074705230586,4,0,12.579993878650876,0.25850241344585284
0,4.033742060245274,0.3628397991887543,2,1,4.800668908404834,0.6216535284176419
0,-0.1928735650927147,-2.1285670418221447,0,0,10.678611712939556,0.0998632411280938
1,9.307300794183073,0.8466085214811634,3,0,15.098991614903358,0.6768695511699578
1,3.2051372201336656,-1.7460964753739088,1,0,2.97934995395766,0.11951793877163087
1,6.4437554527976175,0.7567385026642676,1,0,2.584313770848203,0.5611110698111191
1,5.217738419484376,-0.8454970328793241,2,0,12.283872751696244,0.28825985940547755
1,7.423964116081606,0.7789910843424612,3,1,8.62742660402696,0.7343444479266048
0,7.067326978155107,0.1309512075847998,2,1,2.6570678673517056,0.5583042538146316
1,5.254537134957823,-1.5368349402914887,1,1,7.276532795733416,0.23125503393481847
1,9.479640672849687,1.2491487495584548,4,1,3.562063952024313,0.7962931543819326
0,7.783607472226589,1.4417071555226115,6,0,14.741938598626461,0.8047239192150972
1,8.349088097295743,-0.0658049060002071,2,0,5.842894304897451,0.410196756360057
0,2.508844055129033,-0.27391627217232034,1,1,12.651425873003273,0.5174331810181227
0,5.378311665030672,-0.15986696597063635,8,0,6.658107023126422,0.468186138809491
0,3.04702641408406,-0.9751523227787462,2,0,1.15259420403936,0.21436329953919642
1,8.205984347467679,1.0985867597569177,1,1,0.518670427285556,0.7313916747535316
0,4.885758010639063,-0.5428919317301868,3,0,7.087884311312351,0.3292883216000881
0,4.88517964326151,-0.051190412691676575,1,0,7.632331949677499,0.4121067241703792
0,1.499439201835006,-0.7932964032030436,1,0,5.30583378062045,0.25325612652468155
0,3.8844593538603265,-0.6260730997201972,0,0,13.865542936925447,0.3171658423782184
0,2.388113705526357,-1.2777251516511705,2,0,3.5703306614188803,0.18083591036022176
1,9.84191601112443,1.2570693137143927,4,1,5.811659200320097,0.806379413292365
0,2.745730080170376,-0.15408757320601318,4,1,4.104395947445719,0.5284520010835865
0,6.230825585208717,0.9659216187288089,2,0,4.303281768652469,0.6287624810128044
1,6.869669743458736,0.01332459691325976,4,0,11.66836670438121,0.488427393357588
1,5.914535959051641,-0.6944035277028942,2,0,1.6302230889282487,0.2622691871369546
0,4.832836502789605,-0.3266852600022522,4,1,1.1084708999330806,0.47095649116348803
1,3.6969889285223587,-0.5602310505028996,3,0,7.820048824407115,0.3298846696749402
1,7.215587783991287,0.007959099184913658,6,0,2.1508969881648374,0.45287419726140193
0,4.480888739762079,-0.3752668396769557,4,1,4.899738505621988,0.4836941110144918
0,3.6190078986185577,-0.29992171594179834,4,0,14.193691464937697,0.4341135613380217
0,3.735881413023829,-1.3785746841359137,2,0,14.91972985495157,0.21119721490354937
1,5.200652464021224,-0.8068459276211205,3,0,3.0713621040698413,0.2593446976446225
0,8.346238422351579,1.65405754880043,3,0,7.597495794464061,0.7822095294467415
1,6.345464254496593,-0.6712332162517173,1,0,3.455688899888006,0.2654722086858036
0,1.62965438690716,-1.0540937876234928,1,0,1.904332421723549,0.19764540641638276
0,5.709765933156418,0.33732633257503086,5,0,3.184064530097486,0.5207868399185464
1,8.460209328642115,1.407272199556532,5,0,5.351655486745913,0.750323125290667
0,2.20979314564388,-1.454024302481208,2,0,1.4028283847948981,0.1514143167551124
1,6.469371202344466,-0.20852184825127065,2,1,5.619528141661327,0.5007046345623695
0,4.496327556267202,-0.6320525539349078,2,0,5.714162800739578,0.2940087679183234
0,1.112184635576695,-1.7610194743274028,3,0,1.4695066328290323,0.12475196147045767
0,6.202884238755725,0.7349267092583915,2,1,2.37277622776797,0.6836838562686531
0,3.862734175572017,-0.02344391855484465,6,1,11.520516845248403,0.626425731905456
1,7.422097802892415,0.07144184429260535,1,1,10.896284725314935,0.5833898527109124
0,1.9993465325536262,-0.7523114724455892,1,0,5.151967849538915,0.2595553078149744
1,6.1097693425734905,0.4547841629969166,3,0,14.843730217280413,0.5939693337904081
0,4.027274329326231,-0.539297349487321,2,1,2.8529444999935167,0.40998098078644185
0,3.070927108638779,-0.1429032084967607,4,0,1.9440939916054911,0.39412381522811096
1,6.18301943905958,-1.108260792181513,0,1,1.3752846185632392,0.26638287761625185
0,1.5460721185753417,-1.2161027602081953,3,0,1.1614597970308318,0.18763426391911248
1,9.79537519218459,1.3355318553000226,3,0,5.622329905127962,0.7196118179562537
0,4.447436101924595,-0.5071047045384752,1,0,7.200921770474871,0.3151025042052375
1,7.372079338712541,0.2916803563558019,2,1,5.23001942595401,0.6090362169766372
0,5.476341634982274,-0.03379043476737232,2,1,5.7420925020346,0.5406950123155351
1,6.572012459494734,-0.44114520276218416,2,1,7.513773872391494,0.4602872417503777
0,5.886290263417761,-0.5079609703372195,3,0,0.7483915931645844,0.3018602610044407
1,7.742172587496467,0.6300825914455861,1,0,9.208221711114728,0.5737774253996277
1,5.9319624501879415,-0.3018676045339098,4,0,17.588437009862268,0.4546326389033586
0,4.696032843593109,-0.15144364817129202,2,0,10.588077020621355,0.42028650890831476
1,6.153364727289246,0.022221557194479512,1,0,10.853833984478179,0.44802474579039275
0,6.549224806287435,1.1765083202520015,5,1,2.8986805004532283,0.791059638342735
1,6.777462835266321,0.6805109746331383,2,0,8.136741487494202,0.5904626838850411
1,6.54467275683435,0.3826002677279928,3,0,9.291011691316772,0.5440394656881317
0,4.430032180166216,-0.5635713933532417,4,0,1.7017388696788336,0.306896074411576
0,2.481150826558088,-1.3819687200064654,2,0,6.733568840007136,0.17866293007005707
1,9.233964233277202,0.949529931735302,5,1,7.712816726725572,0.7768490060324585
1,7.979419600350874,0.9664471342208761,3,1,5.64977921566228,0.7523242346609575
0,4.336209366574566,-0.1407083991233403,7,0,2.4257457436964898,0.43389084600649014
1,7.07677122443666,0.541883841603518,2,1,3.0197521051018787,0.6486679717078768
0,7.401461627859527,0.781443053885405,5,1,4.3780822788384075,0.7335581411095188
1,9.366108930469988,0.8311844526649818,1,1,0.08360359976528678,0.6792127110644245
0,5.450961731526007,0.9213834732464707,2,0,3.960119926885715,0.6173341095393482
0,4.878743381890338,-0.45561765066113274,2,0,13.085416482521792,0.3698359919137278
1,7.840084731902647,1.5149729826647176,6,1,5.790228064306433,0.8529880153875837
0,1.4944051382024528,-1.2465930582857083,1,0,9.793792074050106,0.20147693398778943
1,8.835865901233246,0.861723076993649,2,1,6.907099406719469,0.730710089742444
0,3.873625544689017,0.4939320790307585,3,1,3.8633586739793326,0.6550072355419648
1,10.278911561794047,0.8736191135245024,2,0,5.716039439926666,0.617549073470367
1,10.385895306761388,1.8790083070967372,3,1,2.0424384988490356,0.8632049630808699
1,10.759683765247484,1.484445473378649,5,1,3.2884153394967672,0.8345482997865574
0,2.727062265840092,-1.145176907189325,3,0,3.5162024721702947,0.20705750367970352
0,0.8001876293173611,-1.688671580267857,1,0,9.26038715936072,0.14328192021233213
1,7.549317549769543,0.8168890590537966,6,1,8.753836516861865,0.7692437740175715
0,2.278609194747291,-1.015012415875923,3,0,7.725578462810207,0.24594234116832786
1,7.649544082319504,-0.0124053886475133,2,1,3.397220620286591,0.5309019802746684
1,6.358224418058915,0.839727477005194,3,0,0.1757266337578211,0.5890762348321529
1,3.8374960800774494,-1.6437973511855861,2,1,4.0726677862590215,0.2095564778360127
0,3.0635213546329143,-2.1099804543094787,1,0,7.935015217776378,0.09969599100925314
1,5.553863982071409,0.259299020337227,2,0,6.804765009093305,0.4883741566981794
1,6.422733756994091,0.04438588961329704,2,1,7.813085383660704,0.5708388448569899
0,5.188399627859274,-0.24580307138192253,0,0,4.487035451974586,0.3409537496861421
1,8.953361056595815,0.03853476377021816,1,0,9.740787225981922,0.44477644928184057
0,1.5040299407319904,-0.8605156073672797,1,0,5.692288215656747,0.2437632831662728
0,-0.11683321981010986,-1.5134944072721068,3,0,2.1637400374060602,0.15341662046169888
1,5.769266456443296,-0.1666548508803217,4,0,10.5108394606893,0.4409719508702603
0,3.0632404632647705,-0.9717086910493917,1,0,2.1420610073647097,0.21065424620181175
1,3.9490504404768307,-1.643481322411107,1,0,3.384711114589269,0.13073048172893653
0,4.3996039694374875,0.5056810713932767,3,0,0.7737071544055207,0.5186053164701754
1,5.36737635302071,-0.061398628422175805,4,0,11.63575889173486,0.4714399237260204
1,8.283806202282149,0.40652853663281385,2,1,5.107434915409671,0.6326405367577456
0,2.597258739282064,-0.9892949414259369,1,0,9.991480747797615,0.24221417664090422
0,3.406033767805576,-0.6580587918366578,1,1,8.5714709266845,0.40661753299666453
0,2.976641095790193,-0.9990430272201656,3,0,1.1623378564328908,0.21924351011286458
0,4.711112041144374,-0.8866418670580481,3,0,6.349793310439726,0.26129804361106523
1,7.491924917444181,0.19540791774940214,5,1,3.0202965275225937,0.6109659932065331
0,6.266899132405463,-0.7829746163349458,0,1,5.238296102149539,0.3489359253086315
1,6.939588315477537,0.3560662888202746,2,1,1.5726223778902049,0.6010339794492217
1,7.893591812750003,0.3397559254182162,0,1,7.258149349915325,0.6075997672030383
1,7.475624655384036,2.0251609868801026,0,1,8.494493290676841,0.8792139233975341
1,3.816587701760878,-1.3927890458668095,1,0,7.000385249534471,0.17100795120927564
1,7.634295324591572,0.8879023778350454,2,0,8.18982889207902,0.6350301805246195
0,4.16216104024342,-0.0894879618884183,3,1,5.154113338046124,0.5370105984587056
1,6.212663751303336,-0.01402973013099694,2,1,8.146363091981181,0.5599680326442775
0,1.6767275649858515,-1.4498638219066111,1,0,2.530765808746354,0.149108766440639
1,5.104817814163691,-0.4601938127246543,1,1,1.243223288098068,0.4053809154962305
1,7.1956882930323705,0.743197263443954,5,0,9.373005872176948,0.6463886875547995
1,6.211834528537932,-0.08247837201730518,1,0,4.174221088982289,0.3846458280623522
1,7.49050640265515,0.08105437041126562,2,1,8.091922823391144,0.5806024522823099
0,3.5160468457966507,-0.29071668060054134,4,1,2.9733112235254184,0.49067302407352414
1,8.449055781569276,1.1545697469862868,4,1,6.263851140668031,0.7934272250970801
1,5.748464536047158,-0.021472567043494796,2,0,11.471061414273215,0.4544891200395021
0,2.2514189630280352,-2.200415672482062,2,0,3.897847698055907,0.0884323535450992
1,8.376244566150833,-0.6920725504744906,5,1,17.85480115370819,0.5058759128330558
0,2.351953777572128,-1.968796607080243,1,1,4.557978666975262,0.16003502732745167
0,0.8565632866348694,-3.2514384154965383,0,1,7.139352704202741,0.05744259321281147
0,4.01422875249492,-0.5301153497723121,2,1,7.598906608565279,0.4409934544691492
1,9.426333278879687,1.3335598501027237,6,1,2.966918843990551,0.8211820879942056
0,4.239709907392065,0.04711990613059292,4,0,1.4339650309961356,0.4324792513533149
0,1.3361460937366,-1.1725457074049794,1,0,2.1327363761352056,0.18213148284290354
1,6.2208931255373985,-0.9406998682024224,1,0,4.021125983128808,0.22337567710514442
1,10.993964629766738,1.1306132302500087,4,1,9.716675076113201,0.8038398726685652
1,7.258170438665842,0.15762662339846478,2,0,6.652967363752417,0.4646063320809802
0,4.926452987470129,0.04799924156205696,2,1,3.6529504568381257,0.5460003225276158
0,5.610320664628279,-0.05346178883805718,2,1,13.406930697249994,0.5834756161793277
0,6.774255200037202,0.038400261555346496,4,1,4.459729533287613,0.5734774733962164
0,5.109824156195874,0.8054056469437983,4,0,4.21540922564855,0.6178069807709246
1,8.247734196035111,0.5525672973560755,2,0,16.39832597348572,0.6123660402233667
1,6.7298633292725105,0.21570470002449457,2,0,2.0195845901462888,0.4488356747914501
1,3.310542523383694,-1.0428683575900106,2,1,4.201726723312906,0.31355779131021994
1,6.852470789342254,0.511108764909727,2,0,9.312156503721951,0.5604039931323834
1,6.231815589275012,-0.6842470779924941,5,0,4.823121891008595,0.3110437222980311
1,8.890695213506016,1.0938456759004787,3,1,6.835171761684789,0.7782229412099325
0,2.6445113668719893,-1.2710508217241274,1,0,10.202032820554761,0.19958423533347044
1,5.6010230424639,-0.13762097627558853,2,1,8.278077937084582,0.5332242380551393
0,4.543666454770484,-0.007358286291270949,3,0,0.8098462600297818,0.40458993593378356
1,5.163303613565714,-1.3246455506441366,3,0,14.326169578189258,0.2254774264107023
1,10.152275017198447,1.721971643856479,4,1,11.018871290645079,0.8781734979481142
1,10.495115862595707,1.4604067672595522,0,1,3.78052639115584,0.7955774861476261
0,4.481184627473586,-0.46358376160908316,1,1,11.078943346405715,0.4649944123986345
1,8.975986573560784,0.7717211655645232,4,0,13.840322360163762,0.6660908467420584
0,6.016361406352777,0.37867606967021183,1,1,9.700673965838323,0.6418322010829528
0,3.54170176817267,-2.613559463345258,1,0,5.067137875634973,0.061483876276439246
0,6.049209977837899,0.2503980162775905,4,1,8.559870614296905,0.6432171344745956
1,9.430759026982567,-0.061344079833248494,5,0,12.39948706860543,0.48869630255885277
0,3.7390761418279017,0.08321735347453037,3,0,9.783231018544203,0.47987996883231904
0,2.2117265313535714,-1.0768749198271783,1,1,5.5940785296415445,0.3037856010233035
1,6.694959609885526,-0.2693470462204049,3,0,8.253248670792566,0.39267515389548036
0,4.640618167203445,-0.17825876338229713,1,1,9.462925884640494,0.5190258742854059
1,9.915028723665204,1.1880942172123188,3,1,4.602453748756346,0.7831886772570987
1,7.749721928977827,0.33442706039101433,2,0,7.695030897553168,0.51083833365443
1,7.575533647051888,-0.005555030202663769,1,0,17.44845320775992,0.4828097286518705
1,7.72121609215706,1.5289699979109401,0,0,10.493468957752237,0.7480821436334899
0,4.168096972082293,-0.5552479297636472,3,0,18.436340442408085,0.39202345643199815
0,5.092348258315558,-0.3894303048753847,4,0,11.138395708490487,0.39603171743282234
0,1.210338068225321,-1.8167550113390598,1,0,2.12127234406941,0.11085397335650232
1,9.263516414297603,1.5691058462836123,2,1,9.940288627834148,0.8469273765751787
1,10.233772433882441,0.9643323681944285,4,1,22.280953758593682,0.8284842852456351
1,7.949128966440646,0.9168480445117076,2,0,14.709345023938283,0.6776289959238642
1,8.09295383489169,0.6688984464469374,3,1,2.504882913648944,0.6823582579885016
0,5.842954424145672,0.110148587663652,4,0,2.389343149296544,0.4523617641861358
0,5.554284724986332,0.21548893918232892,2,1,0.6058439410595946,0.5644116324504337
1,5.187099426145505,-0.2520065902673078,3,1,3.5926516632602103,0.49075364432561247
0,4.616756595898819,-0.20360042572294623,6,0,6.496212093536656,0.4327020954102352
0,4.407024469257606,0.05430361171369427,1,0,3.946800968650921,0.41278679865674406
1,8.942493433088952,1.5118295115637772,3,0,6.882881910614802,0.756340259585077
0,8.368881128317007,0.5556879018080786,3,1,12.960532681168075,0.7158833677421841
0,6.12920762726422,-0.058460125758861455,1,1,9.755740798869384,0.5476745812104651
0,3.907819691704634,-0.5793920504433961,2,0,8.453272016088247,0.31861998660898
0,2.9284284481543423,-0.6349984874116595,3,0,3.642123218834641,0.2930854568097436
1,9.950530253612406,1.6027050111724899,3,1,1.824704727914344,0.8303418746453274
1,8.332963816241179,0.5066873042271038,7,1,8.175023814285687,0.7232007174162393
0,5.809055127333933,0.06755055831065467,2,0,4.461088650537509,0.43102331325047716
1,6.346239128870478,-0.34618184215272274,1,0,9.123282176554966,0.35813187081659936
1,5.802346783715834,-1.1090534117005277,1,0,3.496142829974986,0.19611665576207366
1,5.668158102998873,-0.06686155746989603,2,0,8.998233999201869,0.42917460065724133
0,5.539101768656385,0.873658034470201,3,0,6.111496037981585,0.6315982907140639
1,6.485588186225283,-0.39253724683749003,2,1,4.721982203340831,0.45382346544189345
0,3.229814910691158,-0.2272425830005601,3,0,1.1292629275615802,0.35978745890547004
1,6.2915091883092344,-0.22103435143897837,0,0,2.904613606421225,0.33708412329072746
1,5.9739621798177165,0.10959436799816868,0,0,3.093922572605572,0.4075707294441873
0,2.4509381615850905,-1.593010878745609,3,1,2.774260363587564,0.22022540935285062
0,3.5973239401974606,-0.235398351965091,3,0,8.43458084317248,0.40107354518623367
1,5.692469515999831,-0.8543955181540714,1,1,6.2304891093207715,0.35133100764439146
1,6.79772143879714,0.8845850325626053,3,1,10.749286460099256,0.7622144429915761
0,4.873493077551181,-0.7705986765648598,3,1,4.211093102246458,0.3803032036541278
1,7.587305080246715,0.5770467473006955,3,0,2.3345315632828725,0.5443097960959278
1,9.439855352282992,1.5244374527267601,1,1,2.679731961816196,0.8082977345753196
0,5.784252138583099,-0.3135962612816255,1,1,6.751598434934314,0.4716687105712798
0,3.6218944737415533,-0.6015762521234661,0,0,1.919301538504365,0.26048754266362756
1,6.251814553999875,0.1914322591260928,2,0,1.5473918922562977,0.4405263498931253
1,8.725750611304907,-0.0020290276090286124,3,1,15.177504398989464,0.6171837033626936
0,2.6732043101835323,-0.9936163473397114,2,0,4.59665397035749,0.22629724859868752
0,5.181458661143411,0.4609194157133795,1,0,6.821926158887026,0.5213309518304307
1,7.636178900226863,2.015516053475408,5,1,2.016540932262734,0.8873923905927547
0,4.534249048124613,-0.25811199526572426,2,1,18.40584918689745,0.569017924406206
0,4.903047400353733,-0.2028761960646632,2,1,12.018787284649907,0.5418719790284459
0,3.9165521879335836,-1.0449320235690858,2,0,12.732845504170431,0.2550005679521869
0,6.048906666715871,0.3190884516865476,4,1,4.777747386321773,0.6356708755983195
1,5.672313492338285,-1.2469762247076281,3,0,2.586956439314961,0.18883395485080223
0,2.7394761103470797,-1.1069310243514836,1,1,2.777745107196908,0.28357553504344735
0,5.609287463762619,1.2796672718437896,3,0,4.242073667134332,0.7021908496363182
0,3.4346118311004283,-0.9054530593946442,3,0,4.370453827324175,0.24868342333582458
1,6.991883692675685,1.0813575693313382,3,0,1.0811886708492437,0.6457138500272528
1,8.111228173607715,1.524358003782807,4,0,2.5434210795989562,0.7475348544408628
0,4.922010944317995,0.2593264574767428,1,0,10.798323126498548,0.5008379716883206
0,3.456560537740743,0.5533914028508236,5,0,7.774605261665253,0.5968645020145944
0,6.251958549099426,1.9522509436867783,5,0,22.098815279787367,0.881790521457788
1,6.419840526574168,-0.19672840206571665,2,0,2.0938311627183057,0.36015077883826524
0,2.906054042518366,-0.5930057969416156,2,0,6.473295702187652,0.3053662558715398
0,3.145626305936072,-1.3532310647829418,1,0,2.8225991054653017,0.16146837675878095
0,4.473292752757573,0.041707080346346355,2,1,4.542722459275082,0.5501073479073028
1,8.13752140425819,1.4791442109183066,6,1,3.8549944605051003,0.842587086881149
1,9.258601300281375,0.9595953814008653,4,1,13.01007894871734,0.792306983851725
0,3.2536402151262696,-0.9420912414179574,2,0,17.027074112094407,0.29479563961667654
0,4.22929642290873,-0.855375383832596,3,1,5.837721593288295,0.3719419498074184
0,2.8794710484303847,-0.5041712293409636,0,0,5.680062843772026,0.2969733208969271
0,4.723074350418723,0.2922680824953417,5,1,4.951127611619688,0.6426350508791999
0,3.6601506181803414,-0.20531142710368377,1,0,4.558525054484869,0.36104829128860977
0,3.7107978948868756,0.21445394544308127,2,0,0.8220696153844654,0.4411639141933908
1,6.738081212042388,0.2967393780454473,4,0,5.576937093773172,0.5141184627706242
1,5.350007386826906,-0.2987735866784475,4,0,12.489876166684937,0.42393281089415435
0,4.6585405765113626,-0.040173941602943734,1,0,7.664428571796628,0.4147056641914635
1,7.749425402558248,0.20659237721603418,3,0,12.707454706132529,0.5258817232531855
1,6.571932205042992,-0.08396970353317602,1,0,3.4783033827262946,0.3802198574734855
1,5.813494042809214,0.5035208649940508,2,0,6.551803397130508,0.5416442679065132
1,10.790093336243393,1.8708757733280048,4,1,4.707951044441523,0.8756086904839542
0,3.8697678143805434,0.5919722847708305,1,1,4.821249126832127,0.657755139065727
0,4.543180252324132,0.05581054640855185,1,0,4.68850110888201,0.4176183575753628
1,4.630114105350296,-1.6861186233619148,3,0,16.04466584634168,0.17999370856215108
0,6.578194664808623,0.38795708601520174,3,1,14.29167451117418,0.6913531967564973
0,0.9317933983347418,-1.9466784117672074,0,0,6.1225177228531305,0.10442960430427095
0,2.100616615689671,-1.409034086156122,2,0,9.642127475340585,0.18586925294294881
1,9.351937220035367,0.8546392524687652,3,1,7.164079756206026,0.740443960370346
1,8.739129839936309,0.7062350601366643,6,0,5.3084058459851,0.6267552400354695
1,5.426736665197556,-0.14993899834888477,1,0,15.7847750550466,0.4402060831941788
0,1.6949092353622883,-1.7100111061522156,1,0,5.484984147861253,0.1298952340006464
1,4.992149838237846,-0.37134851689085024,1,0,5.312868831536012,0.3315036881179236
1,2.978564370507685,-0.678738318216024,4,0,4.875690168793023,0.3017512879230521
1,8.834195037632437,0.6368407461302101,1,1,5.7934625741590455,0.672164960953417
1,9.2871395644001,2.2577305324275314,2,1,5.131148187976777,0.9011649649273552
1,6.746484804157709,0.21693048795465586,0,0,10.81024303510614,0.47888594249643013
0,3.8775488058048695,-0.7793111280321169,4,0,10.410321642124678,0.3119278105894486
0,1.7614902869518578,-1.1705515303032201,0,1,1.7954966603677502,0.25757537383194934
0,4.883594884501705,-0.05609428076827262,0,0,1.199355310277011,0.3611212366908828
0,3.521623080457376,-0.17679319351358783,2,0,7.459537706630199,0.3958886784377667
0,1.1676751062437767,-1.1515191595274716,1,0,2.460431367343517,0.18620557806960006
1,6.982803972165562,0.1163552356921842,4,0,5.076613193583099,0.4704432605772987
0,2.7997481432503437,-1.1509135213108617,1,0,2.8219888333121204,0.18766224223281502
1,8.114370087671364,1.1121072717293008,1,1,14.711620526167646,0.7971679451649638
1,8.210788358124628,1.0626506057881553,1,1,5.5055088604782005,0.7491385716182782
1,9.520845643537875,1.0847512652964209,2,0,5.883132871426306,0.6622538716324284
0,4.680670629413026,-0.4740504706085282,5,0,6.7693359728743525,0.3641464785763594
0,5.512394004801307,0.5145205633180888,3,1,0.5531687661005419,0.6403532612016969
0,3.7078050125716167,-0.13206950521935684,1,0,4.514607222301648,0.37613230218613625
0,5.798902600582281,-0.38881206140248165,1,0,11.40769540803965,0.36245177966943615
1,6.240032305397403,-0.3391456571420661,4,1,7.6631069220696055,0.5090856451938591
1,2.9021092761737974,-1.2997152730341506,1,0,14.753662611845325,0.21401322062238096
0,3.8704142071507635,-1.4438636958951212,2,0,12.444018048292428,0.19179682459865474
1,7.356339433519001,0.7943147908760457,1,1,4.053101408231961,0.6934314166424234
1,4.69440494010704,-0.19123540391952007,4,1,7.390112539975087,0.5405708449641303
0,4.155383490180357,0.21642485112762316,1,1,17.806967631856406,0.6547436401481237
1,6.913211731039937,1.0017103884541199,2,1,5.869592968633957,0.7499375357654705
0,-0.1257837792248493,-1.7331324950160742,2,0,7.05093930739012,0.13781641350223695
0,2.5468331281158045,-0.784130073815894,1,0,7.852639244264077,0.26709707568310354
0,4.429962028310545,0.17533484346507067,2,1,2.242142306333011,0.5655836785011447
1,8.403869604012655,0.39209478666557296,1,0,4.441461878669635,0.4909814419576091
1,6.253857626767875,-0.3770744504010968,1,1,6.108502659815234,0.4534713994778439
1,7.241166201547777,1.0291792326978486,4,0,3.5320926033681124,0.6602847970716978
0,4.449451706416458,0.2103949388296369,2,0,4.95242702955659,0.4658448056436493
0,2.9922753810103866,-1.2133821388278598,1,0,10.040968879154565,0.20734241879346016
0,4.236727634123229,-0.9307637759906452,4,0,5.522871312710733,0.25929892000929466
0,6.672386997421498,0.8054710604946225,2,0,3.297069531255022,0.5883989605298033
0,3.5857362332141696,0.4638314564560598,1,1,7.989170280773989,0.6495763585910103
0,0.7268441282324964,-1.899061239006601,0,1,5.844262450286742,0.16616579206275
0,7.507117246534968,1.3477123038624088,8,1,15.62268175836738,0.8758286627475652
1,9.698171014740591,0.5980270310938874,2,1,7.499712536637812,0.6847563266306812
1,8.157818094223435,1.3433429876964984,2,1,3.675852680886059,0.7942775462118313
1,7.293529441517519,-0.383700881075084,1,1,2.5977010888495475,0.43035859011174105
1,6.031395391193195,-0.2957062213323259,2,1,7.989796699166842,0.49590242130567025
0,3.4250030324452423,-1.126457084751319,2,1,22.748462917661733,0.40249023205131895
1,10.394473131585938,2.5369295701318877,8,1,1.939712091459286,0.9359398913427224
0,6.125603127209781,-0.17545422540714875,3,1,5.383926069599369,0.5191629462890849
0,6.619588131730735,1.5875331920819455,4,1,2.6974412440190663,0.838378962950365
0,4.433261576011265,-0.6472924513872795,4,1,10.594158709250683,0.45817068673544636
1,7.47463794846473,0.16384119233310074,2,1,5.982392587646315,0.5858939955474941
0,2.886172511364561,-1.67135248657008,0,0,6.031001570162934,0.12971938121952778
0,4.004823992931315,-0.382867148766769,4,0,4.1927078719532584,0.35668929528573334
1,9.346831546252648,0.9837549084000277,4,1,7.451394081748903,0.7723562973433076
0,4.465614122761777,-1.2517438155744967,3,0,6.2571372212585405,0.202597066151993
1,9.772012327897357,1.072227544934612,9,1,8.182916661615076,0.8277233987242723
1,7.091216352805231,0.3372378158484627,4,1,4.0279095355129355,0.635112201279164
0,2.930897973311523,-1.0439509249842558,5,0,2.3558437912559715,0.23493359437667047
0,3.8858336318437368,-0.5015972714256735,2,0,3.2356452852263575,0.3056476840698802
0,3.439170359904988,-0.4590656767054133,0,0,8.653393112845503,0.32151366743909715
1,5.264349287756088,-0.04951933794250218,4,0,3.691061928985586,0.42499756014944234
0,2.7876033825308624,-0.5361439659430923,4,0,3.5440631178105635,0.3221457980497633
0,2.804285047252309,-0.8272879008045365,2,0,8.75456163291819,0.27374681051440347
0,2.110925602921335,-0.30458770251481737,6,0,0.42119349969724196,0.374350193427218
0,5.855473103995243,-1.026889738609049,3,0,2.3837697992665325,0.2201819248425233
0,3.500903017484699,-1.289526572643077,3,0,3.908988148443701,0.18803193247739855
1,5.500671696760115,-0.04817648250735862,1,0,0.9479297757588419,0.3729316025530861
0,5.132763077992439,0.8828742255545683,4,0,10.383148684617211,0.6691106736918788
0,3.911409859768267,-1.529371705117365,1,1,2.881909325248625,0.21342765121918725
0,2.9331710575054757,0.0035081514639604466,1,0,6.860106747511971,0.4193749042675278
0,2.957589769380501,-0.6499561948012956,7,0,8.918913349879825,0.3630876595372281
0,4.145688812462661,-0.9771454371346897,3,0,5.10232449198954,0.24014717819877354
0,5.870341530029667,0.8534376527146189,2,1,2.079715575148781,0.704763754128874
0,5.047353946068683,-0.5181696890906662,3,1,4.875524696557712,0.43918641463138275
1,8.903685508997079,1.4983016830648794,1,1,3.5326113738286233,0.8079565756468614
0,3.173760128599419,-0.7798393641463933,1,0,3.655421683827287,0.24778329773181273
1,6.644102991264175,0.38650199362583243,1,1,3.3595412009401935,0.6063130351474534
1,6.642580541406915,-0.22728300655720315,1,0,10.503976007129628,0.3912751577915818
0,3.776900485278263,-0.7540218091263632,1,0,13.002316852377643,0.29868624236217545
0,6.1504028991862585,0.5876750425777528,3,1,9.286614828040394,0.7028847670361438
0,3.7476326608424557,-0.15498257307480726,3,0,3.8395924090548643,0.3909086142718999
1,9.297901530083907,0.6032105807136467,3,1,13.73591999308585,0.7283540151920072
1,6.76873272914357,-0.047291507216996057,1,1,3.1873517075230344,0.5092792934996705
0,3.5385765497182353,-1.0858162553014383,2,0,6.435594315277113,0.21988360892056674
0,2.918033556788372,-0.10206924318890695,0,0,5.699973538515388,0.37769038244116254
1,5.594984186801586,0.05195516951614051,2,1,12.999312135370735,0.6039001289942401
1,9.222015430104923,0.9584629538811972,5,1,6.917814333313233,0.7747905744545005
0,2.36577361007069,-0.9062690073351785,1,0,4.057893274127946,0.22895967558378452
1,5.805613493132677,-0.03932985326730542,5,0,8.572312025781226,0.46976466810385015
0,2.4924272239777214,-1.721878730230039,2,0,7.8702226659002665,0.14149412940940087
0,7.416591367215524,0.6514930603433157,3,1,11.458026805615368,0.7256761353256709
1,5.264738325556595,-1.0814829746406458,2,1,7.8594624013282,0.32588676713240644
0,1.4915967809496617,-1.8063595210836054,0,0,5.676438583056889,0.1156982742874977
1,6.661173218317173,-0.0592168342747372,2,0,3.4683341246816823,0.3973337872521423
0,7.36671250808573,1.1056849586628463,5,1,10.63440546023933,0.8116819976608152
0,2.3320168963231014,-1.5244469482118754,2,0,4.203180046789867,0.15226795736173135
1,3.5554476772873116,-1.0880355853884272,2,1,3.0930895096339093,0.29903343725512216
0,4.183516824472702,-0.7432748910532813,1,0,9.02316835158828,0.2802204856177814
0,1.8436317941422544,-1.1294966463420033,0,0,3.3728350957832163,0.18509141482255081
0,7.1935032835186234,0.37942788833458474,3,0,9.71362216435384,0.5459513835367381
0,3.091279066012417,-0.8073674450444858,3,1,2.0355027273941086,0.3599126859249227
0,4.085375887112465,-0.7215147364602021,1,1,5.316787459822749,0.37368421982995226
1,7.703868264593486,0.5833053986823111,1,1,9.096061174588263,0.6796962816335608
1,5.652481265391413,-0.7555146309686842,2,0,8.400376906032722,0.28496731912280027
1,10.183197213863004,0.43278009778072224,2,1,10.364296845007454,0.6678794103767078
0,2.6804583591030826,-0.9713851718820432,1,0,4.053918872862886,0.21876144920459456
1,5.831675639826991,-1.2121385142152894,1,0,9.66821164374345,0.20599802427777658
0,2.0145513774757884,-1.8354492891909227,1,0,10.860234417308561,0.13234310773472752
1,8.713678542391499,1.861202786911729,5,0,4.201522718762734,0.8145907923372435
1,7.572839057903273,-0.32025903213099666,3,1,12.420160658927923,0.5305296960173855
0,5.631623824622312,0.24393336794842915,2,1,6.61103558806365,0.6070230775820109
0,4.700563324713407,-0.0310495089807992,1,1,7.649123662670414,0.5407304289880575
1,6.215313685385432,0.15996175700726273,4,1,2.602025895923593,0.588802269926441
0,4.617930008292581,0.04968647937437248,0,0,2.6777409967961017,0.39213690833800213
0,10.791237809911708,1.9082170392026987,8,0,4.863411063056299,0.8440900533732347
0,2.8276183563971244,-1.0389265909571472,3,0,3.0197977658258455,0.22105326312604762
0,2.9555318728508357,-1.557462106098177,1,0,9.007328390721,0.15755514452062355
0,2.3881237171742553,-1.0119596684843548,2,0,4.375674969207216,0.22246275927264908
0,6.252503992592305,-1.3347090097585461,3,0,9.07411754441751,0.20191228006282924
1,6.546470936023738,0.7469620524819425,2,1,6.652152453837989,0.7085949121391222
0,5.657551797156751,0.8203782095377569,5,1,5.001370861691285,0.7433349188849712
1,3.2685223300660464,-0.9613155451503265,2,0,7.572350227771216,0.24492311473975356
0,3.5824517184228455,-1.3904357764629918,2,1,0.8764543118845061,0.23514555524197994
1,6.911415935697974,-0.35479665314109476,4,1,9.968517891449782,0.5199633715382789
1,9.475158975958529,1.3911238778763935,6,1,3.7559923021031714,0.8314461565711665
0,0.6303755097106367,-2.819569417798316,1,0,9.646980634357904,0.0575169656090804
1,9.6587016278247,0.5266267690158747,10,1,1.3142765769598375,0.7224848664251063
1,6.272418799190509,-1.0757552274485853,1,0,6.685331830150094,0.21398896071922338
0,7.077557064496674,1.0403671465412743,1,0,11.030736884183284,0.6708647638400274
0,0.3984784578742797,-1.077923940876752,3,0,8.253837148051733,0.2379800992769981
0,2.912751031720018,-0.2854158272158405,2,0,0.6800000022350108,0.3340610487828749
0,2.439998874069892,-1.5062791006395633,2,0,5.073637465254254,0.15725307515320217
1,6.822825646145308,-0.9772578504980973,3,1,12.592172862003139,0.38586487261018326
1,6.617456555484337,1.3858391630461182,6,1,13.246557852628122,0.8615733000244916
1,9.70723769602023,0.8205786858900587,3,1,5.481267564919126,0.7262248455986201
0,4.366888075180611,-0.40166815215067564,5,0,4.4857705840384865,0.3660135859814097
0,5.007184299083867,-0.8701723702042559,2,0,11.135479710529694,0.27792692215777476
0,0.7181045695197321,-1.893807136511814,1,0,9.573428186888016,0.12291717030288386
0,3.4973301927302463,-0.3936567119009843,2,1,1.7632863645821306,0.43531236116735034
0,3.446832893407698,-0.030903252586298,4,0,5.740641801615158,0.4416922694211182
1,6.08122844642671,-0.08405435783448403,2,0,18.17967775597954,0.48221825771003685
1,5.945739725525665,-0.0937919279761702,1,1,5.507419231033064,0.5133150375580462
0,1.5822060515051635,-1.121809627226926,1,1,5.429207467670157,0.2944437578608876
0,5.783097370209261,-0.06627388536561797,4,0,6.702056151421968,0.439770112760026
1,7.654013094478802,-0.038673379535105926,1,1,14.385676841675346,0.5805023388177836
1,8.184492133690403,1.2905620378031775,5,1,8.895508790836455,0.8297552335510132
1,7.414416152441184,1.8667334543523622,4,1,2.268075368082825,0.8683858940583227
1,7.437057681790597,-0.13698902691779163,3,0,5.731504472506131,0.4061262911024475
1,3.262256333096415,-0.7663059511758866,3,0,9.603317484251152,0.2995183639411353
0,4.277883146942366,-0.06498212976196366,1,1,23.58429337947122,0.6297450931741689
1,4.174174073011285,-0.607621275254437,2,0,2.6854775792882433,0.2829810758296706
1,4.792126173429121,-0.7424338157462491,1,0,12.438659019969261,0.29791966636014405
0,4.765777820452155,-0.05865015192214237,2,0,5.983456395890418,0.4126069536751975
1,5.7588686726993235,-1.0433044311523152,3,0,1.5806808744184648,0.21425642284628008
1,8.289111370933577,0.6061067511550176,4,0,23.82328232863722,0.6880627800212159
0,3.9125507680023164,-0.10391554918407729,7,1,3.682376687236575,0.5740844497952803
1,7.7755384128363705,0.25000830685995257,1,0,0.9625593261808556,0.43759496681810106
1,7.512345762226292,-0.18294003597067152,3,0,9.019738908016514,0.4160153451274759
0,4.115099737922348,-0.7272544472524123,2,0,3.9792675328066642,0.26795021723763673
0,5.404306832631494,-0.9479595597488518,1,0,5.805273553979887,0.23004949273497022
0,3.775204516982755,-0.23727600432454096,3,1,10.724744561414314,0.5385657987497149
1,5.209740106816713,-0.5487603374278119,4,0,11.50988759752369,0.3644417273171196
1,6.969763116945579,0.23390133320957562,3,1,18.512224144038946,0.6842379478075612
0,3.9994045032985692,-0.004431703197639366,0,1,1.7892187626855154,0.49768550057894073
0,3.4953238319046287,-1.3623067479227293,0,1,3.372355985678186,0.23294302719303606
1,6.8600493460817455,0.06712129942835174,4,0,6.995483737583932,0.4713554650663128
1,4.38261494173827,-1.3428604171407572,2,0,12.478136326301664,0.2064233513648758
0,4.428015601102143,-0.6164776255192805,0,0,2.368868528027955,0.26006934799970904
0,4.669980601769652,-0.2943536092178474,2,1,12.465530771211217,0.5241611730125204
0,1.5922527037637308,-2.075273277911311,1,1,9.12482794052311,0.16251606110697508
0,5.042956323382768,0.09150744785998134,3,1,21.87827016954501,0.6746545974384615
0,3.895042955516771,0.15098334971433505,5,1,1.9537347869152164,0.5950130236623618
0,4.7884642996903395,-0.15802419342467286,5,1,8.55377308578273,0.5674911959306979
0,3.3287693010200785,-0.4243172724715942,0,1,6.19257237277058,0.4311719473647676
0,3.950951005560849,-0.37360366010814,0,0,16.038539845451208,0.38100615532193854
0,4.041180977971629,-0.9765394686110568,4,1,3.621500841827487,0.3456200715013308
0,4.590137226713129,-0.2697003697288119,4,0,5.317870925738513,0.38703717079255057
0,3.0158149955737645,-0.5526118035148618,2,0,1.824122783920324,0.2886915070117791
1,8.176262495235516,0.09168539268739877,1,0,1.8668058976426911,0.408344586929358
0,1.60554158366297,-1.2041360895448572,3,0,4.6516883136277585,0.20303534181513744
0,5.7507167945729885,0.235589909011144,3,0,14.12168994594941,0.5411748358501276
0,5.390299662077107,0.1432188934776698,3,1,11.278093590823932,0.625005559390042
1,7.478485884519686,-0.1415628321787237,9,1,4.5173120725094105,0.5952052734500439
0,2.9884802987330166,-0.439204823086289,1,0,5.395857338176045,0.31856205325798653
1,7.124197475070666,0.5523398924701125,5,1,6.799713696854782,0.704141648922124
0,2.739888323293563,-1.6646017067938645,3,0,3.4621049476460035,0.14044620092712148
1,5.714840861027214,0.4604533381451202,2,1,3.695865958361975,0.6357128768357392
0,5.414788535628793,0.24303746619037217,3,1,5.103807322130522,0.6097660439748728
0,3.2058135370863283,0.28337629253461555,3,0,2.075637136728406,0.47674917891553625
1,5.5153080178224645,0.3833125924326753,3,1,2.023442116522756,0.6214170864416674
0,3.4431060948081575,-0.6536444065928503,1,0,5.191809579247746,0.2771816804319571
0,3.8738621079079816,-0.25946005830143554,2,1,2.8460567852030314,0.47193885908259975
1,9.494280120367742,0.6370583312163494,6,0,6.860566483351215,0.6212522211185261
1,5.251041043659549,0.4306392440831103,4,0,4.090942866590493,0.5349053522997766
1,6.725069052177095,0.20671276544264874,3,0,2.2059704216849436,0.46038091972914325
0,2.4039499931890047,-1.5143202451196276,3,0,3.517006642355388,0.15776359605579238
1,8.061167317611948,0.5378871148832081,6,1,4.86682477103208,0.7017759246302787
1,7.462814795130893,1.1694709919931063,2,0,6.063409649002926,0.6800733989079502
1,6.745578133884321,1.0096714930428576,4,1,4.68617831919936,0.7642023884864844
1,7.604368320042877,0.2338780487691054,7,0,0.9094695397221554,0.5083059814376834
0,3.4676347456617185,-1.5576786036041945,0,1,7.8713229973939125,0.22181377715618714
0,6.140687270238309,0.9425448142280201,3,0,7.38946945719014,0.6531755237440995
0,4.189223843757957,-0.1472546367197673,1,0,1.2092849792795564,0.3538183412660214
0,2.0009627267412187,-2.5325196480669656,1,0,4.084785538883718,0.06433534040961919
0,5.8481674982065215,0.37720740310720396,2,0,5.9370771075863535,0.5094772623987891
0,3.0405927969282183,-1.4921717830795365,2,0,6.022965737808601,0.162141413014465
0,1.9908255075600185,-1.296440580195063,2,0,6.461769780086183,0.18919455121678075
1,7.073918499940975,-0.6349588923738527,1,1,8.309455731919803,0.4100577590660089
1,7.061614238889232,1.272591177882884,1,0,4.183881168226695,0.6791632478926034
1,6.579260289613673,-0.37084535417839304,1,1,1.9078915554584697,0.4289678520896105
1,6.299735867537449,0.2709915877367156,2,1,6.883943458800983,0.6144344456568004
1,9.091530375429787,1.7479679637522305,2,1,5.615173617467061,0.8536537787973036
1,10.887143761329863,1.5940297626557918,10,1,18.37767355526722,0.9124616141482779
1,6.32942478201243,-0.10335341582736501,2,1,2.359178860611247,0.5039902646026427
1,7.537340932718364,-0.2415210220605113,1,1,8.16491204217349,0.49668851871911013
0,2.136811776744532,-1.2608706340895501,3,0,2.666145571214275,0.18722702160185267
1,7.757087073052086,-0.6944580741815911,2,0,24.883989943918202,0.38866851232138017
0,5.197496885732833,0.4253583476127701,2,1,2.347640178203527,0.6204629134721317
0,7.343174858150947,0.39573076180964684,1,0,3.4053925224509323,0.4853273386275103
0,5.260098303883695,0.11023823117395956,2,0,6.893308925530023,0.45550480088965184
0,5.973526272760291,0.9948016575639254,6,0,6.287291057745932,0.6905098065260872
1,4.165870807570209,-0.7723680130331807,1,0,7.4634365161996055,0.2672646346075486
0,3.58525948458888,-0.05607652018346502,0,0,2.374576190486925,0.36793069335194595
1,10.074008622507643,0.7312429884948122,4,1,7.35607149556677,0.729486819622655
1,6.497251699823837,0.584145906227918,2,0,23.237311641806194,0.6585106286497947
0,3.978028855842626,1.0709457757324194,0,0,3.022886226488713,0.619970579834423
0,5.664929666118607,0.3970204067650606,2,1,3.698008415888692,0.6224049442758391
0,5.953048206389024,-0.3094025555968319,5,1,5.2265119029862115,0.5130471618434017
0,4.729731439081342,0.3621922602623995,2,0,13.436056736412908,0.552771348438165
1,4.253725656944478,-1.0025951963841089,1,0,11.348599758904708,0.24626722235642465
0,1.916779259104305,-1.6394593315431263,4,0,1.5512927545203876,0.1434739704775016
1,7.4722333494572215,0.5806717808971771,3,1,3.732681378580404,0.6717083023820378
0,6.18262634633189,-0.0551403328210084,5,1,5.829682480666144,0.5734927092197711
0,6.445739791403494,0.30840962641700853,1,0,1.8945806397658134,0.4563447350017357
0,1.702049647324227,-1.697684363841418,1,0,1.9441419448136028,0.1213921577936164
0,3.6696453406388163,-0.36511402472543003,2,0,24.068278850915583,0.45589104901526667
0,2.908473484379738,-0.5998571137315275,3,1,4.240781712131695,0.4173037026119279
0,1.6432226452742749,-0.8642121147366698,1,0,13.662147308036253,0.28166103272942616
0,1.5211977225686741,-2.25501500646246,2,0,14.02631326107134,0.10632367533106009
0,2.156873671787303,-0.33487348213705126,0,0,5.103664018701969,0.32655794871397437
0,6.840161172969077,0.8973042881661908,1,1,8.348264674835772,0.7342474483882081
0,5.332474931199511,0.3809977218637382,5,1,3.779383080379892,0.6541615377591603
1,5.383499304064653,-0.6009466096658063,3,1,3.7756031170123263,0.4142406703305839
0,6.237177844984583,-0.014875971650300183,3,0,16.9050818157751,0.5023096512993201
1,6.59506348713893,0.7568000802380088,4,1,13.548268824070338,0.7631137062871843
0,1.3423390081864839,-2.7604178626541933,1,0,2.577373183319768,0.05117652947216711
0,5.092291763864112,-0.12453654680663752,3,1,10.961963008985693,0.5651195615863176
1,8.021209944138548,0.5432001471814378,5,1,3.1126923493562684,0.6828060513386685
1,7.6364408546768425,0.6821286252341751,1,1,3.136627118886799,0.6664853664995315
1,7.631813685815872,1.7007302070100299,5,0,3.1582574919406055,0.7874484939435169
1,9.385008806366889,1.1350456790964805,6,1,7.180498766973775,0.8101605280689604
1,8.802942791652281,0.3125628347462472,3,1,11.786706422268587,0.6628395917400004
1,4.620454655192486,0.30197600611542663,2,0,2.995222404894491,0.4741877089015111
1,8.506653166199825,0.7869453479945998,4,1,14.317489697220108,0.7713920224019307
0,3.5589925961626485,-0.5393269947423406,1,0,9.739071762973449,0.32258498143303677
1,5.994899237210329,-0.040188054943185156,3,0,3.7581466788112734,0.41527138618214854
0,6.0921337111744975,0.9062390030785368,3,0,6.942725995079721,0.6431777239907451
1,9.464759863600953,1.9574452148950907,6,1,0.933532853380183,0.8844271433060364
0,3.662810484040272,-0.159267305731742,1,0,6.311717534874337,0.3809429901022952
0,5.413648725087136,-0.04840068932986404,2,0,4.019872242883498,0.40297996786251056
0,4.567007535935255,0.19848019378767898,9,1,1.740082231962453,0.6507037901612043
1,8.570938658516335,1.3432036940080567,4,1,9.459388806365215,0.8313700095325118
0,3.9650210535348607,-0.03031330358915025,4,0,4.196107381611844,0.43232307663427116
1,8.583813186110968,1.469359036471145,10,1,3.5569875423142285,0.8654539702665044
1,5.188766004241365,-0.9666572174287505,4,1,5.397378123017989,0.35776980022310056
0,5.216645140844868,-0.18603629573699512,0,0,2.1534157826076523,0.33993199793809864
1,5.041210092124901,-0.19816515668552595,1,0,2.6538534085757366,0.3516025803095198
1,10.164632432074285,0.78650572409622,5,0,6.514427747905008,0.6389283363224095
0,5.070306163728841,1.0452603769782782,3,1,14.165796722453116,0.8013700464690662
0,0.029832544323758814,-1.5094443581182324,2,0,10.935771073675207,0.17724789666076984
0,2.3821509119481203,-0.9151176258112247,2,0,5.602914793641096,0.24350968896407738
1,6.41610615661941,0.3368524787764621,6,1,7.595708621412963,0.6776646195511972
1,7.218778972396121,-0.6586936458858148,2,1,5.129915286469883,0.39781529581470104
0,2.6622956308608225,-1.522427775647643,1,0,5.9606926729735,0.15172082007090884
0,5.075575715223277,1.0384799720234792,2,1,2.3367470497620277,0.7394382022211026
0,5.16516349112236,0.49397008415364824,0,1,5.156912602361102,0.6279648584781988
1,6.972187721880638,0.4931774968607472,3,0,12.197335910405105,0.5863248891470892
1,8.53618426839374,-0.4754457164460954,2,0,11.704450729825584,0.35771630360651935
1,8.535131816211326,1.028938452167321,4,1,5.1743666377745825,0.7694846894511159
1,6.330225761738802,-0.23995999642712024,1,0,9.667161104895596,0.3836025516113211
1,8.850240993357723,1.0964352778229522,2,1,4.6241966483949515,0.7599484055174541
1,6.031862311137681,-0.9116651509426222,3,1,8.190142408125478,0.37384771436639236
0,2.9500483241644377,-0.8541354476838009,1,0,1.6936474696476291,0.22681551275453757
1,5.932227997604299,0.20466321059769635,2,0,11.564630749021372,0.5058279006226196
0,3.489015806857415,-0.7023321457970587,2,0,6.460991130358064,0.2848409211217763
0,5.807007483075373,0.6754510653688304,2,1,0.4705484553075999,0.6614291888921433
0,4.079408417817323,0.26008774412905367,6,1,3.1621301827029296,0.6371769663302723
0,3.977265897281949,-0.9229712178630985,1,1,15.705179192356233,0.3922069965583643
1,5.296482488803891,0.07286560094510024,3,0,7.739811625861,0.46482677543098777
1,4.780567091812974,-0.35127768818736665,3,1,5.791823995787102,0.4821689849499207
1,7.668519662014865,0.9158328291770471,1,0,13.279610868027742,0.658415210577537
0,4.038786920791188,-0.6325529831782043,2,0,7.232273222799609,0.3018527226930738
0,4.5760400244720705,-0.43917309547287997,1,0,5.2427910684322425,0.31773812904122106
1,8.047031444712658,1.2112369053763345,4,1,4.592708315812946,0.7949346046076944
1,8.703151476970342,2.238593389242513,5,1,7.681429315478216,0.9173420787435085
0,6.912001598210817,1.999008664227936,7,1,2.2195746317369647,0.8960975837022942
0,4.445801436026461,0.06322301166060816,5,0,8.099776723271056,0.4898501766539205
1,6.702915434084079,0.21885470706822427,1,0,13.824018034093818,0.5106408149308362
1,9.548738902428713,1.5334586622826605,3,0,23.339759180381336,0.8268702927491302
1,5.9836834559946706,-0.12443480624463125,4,0,2.1138655180820707,0.39911722672507266
0,4.759290125885695,-0.9763491371373664,2,1,9.984693333849068,0.3591404257100614
1,6.568404421791678,0.11687559743629844,5,1,4.770564266481445,0.6045481165387724
1,7.417311985832993,0.45151678053213146,2,0,6.340116806482499,0.5286854713346288
1,5.980301538788986,-0.8291496178182481,1,0,11.812725137408355,0.2787005382322843
0,2.9391721804230535,-1.6462311414991517,1,1,5.138055931724937,0.20535478071454344
0,3.18096236513777,-1.4367295145541013,2,0,13.340162096569395,0.196304646772419
1,6.995623619191979,0.665429284172329,8,1,2.348697484265983,0.7325509458818784
0,4.808326306400589,-0.7583765163118437,2,1,7.928528106690989,0.39309387786769706
1,6.075444673516736,-0.14134709237111392,3,1,1.1824836258531017,0.50058742660781
0,4.910224152951121,0.21255868433783848,3,1,1.8756983161207759,0.5837520668657351
1,5.970317849262393,0.6191408790947098,0,0,5.455456764434364,0.5358417215145334
0,4.811039972492824,-0.3349027987134741,2,1,6.4063734633182445,0.4772025220621636
1,6.999729340474483,0.49871570048060176,1,1,5.151656965251381,0.6405231661953289
0,2.471933109419313,-0.8900602921208429,0,0,11.31245225229737,0.25573736882117964
0,4.514795512880071,-0.36171402567801186,1,0,7.714947486574951,0.34690561123952635
0,2.1427732541947417,-1.0244155877878707,3,0,2.9172794588171462,0.2228660098971537
1,8.771038874816032,1.1317672163619168,2,1,5.950406717374759,0.7715969792408641
0,5.110641126860755,-0.027083228066991226,4,1,4.0336515160086455,0.5563758555511791
0,4.742649620411932,-0.7393074876302995,4,1,10.919933612786423,0.43970031530563863
0,4.465549414187254,-0.3523717980651465,1,1,8.406012835877915,0.47327940698956006
0,3.2924744314886,-0.22172848072327495,3,1,1.9337338702328282,0.4871997260085961
1,7.441124133539394,0.7005197913250095,1,0,8.54190738338895,0.5851656041585014
0,2.6656885882534573,-1.595636178185236,1,0,11.366140219362315,0.16084975247700004
0,4.69587477018239,-1.037205841625419,1,0,4.481093029334832,0.21057583389641327
1,8.346043584152053,-0.3781072515574971,2,1,8.608801096724902,0.48123968627192887
1,11.37271715747062,2.5323058327678063,6,1,2.5599545278945657,0.9304145090131333
0,6.9052500336345615,0.9556788925319947,3,0,12.042686302523231,0.6816094705880201
1,4.055309905324838,-0.11145167913094357,2,1,3.321003645894753,0.5081789153642593
0,4.742818116223247,0.7119995824108395,2,0,5.389689286941594,0.5806742480887765
1,9.100374858498045,2.057436169630336,6,1,12.636510001348272,0.9181599817383335
0,4.5306741558302015,-0.23374392677539008,2,0,3.014442402567666,0.35778095992976955
0,4.901541065759616,-0.36641334409756016,1,1,7.011971537093153,0.4614584285648068
1,9.371940931888174,1.2119435432218957,4,1,10.031856685753258,0.816310146262382
1,7.757500155225825,0.49417549813294265,4,0,6.104173454955944,0.5615271631308748
1,7.96655856308291,0.6713331553225568,1,1,2.3863311813547514,0.6601265281702113
0,3.621845312657141,-0.5082223992805806,2,0,8.064998937603146,0.3305330408191194
1,9.336725236457333,1.9242031323427422,3,1,16.250158434506666,0.9036136050000837
1,10.252282699866003,1.7095908015936603,3,1,13.283576422308823,0.8776885487643848
0,5.781443099268258,0.5659477888727499,4,1,4.953601409700414,0.686367879940082
0,6.691757903322482,0.6842898381472375,4,0,11.623762825263116,0.6356318822019874
0,1.0610569684247926,-2.0272608722430356,1,0,5.186441206553076,0.10021177306214046
1,7.6016931157888274,0.6377097934972082,4,1,5.063099530658641,0.7006754374713129
1,5.788525100348768,-0.19410858722532306,1,1,6.5804762305890785,0.497453566331696
1,8.307464027673653,0.43390570582822213,3,1,8.381187114327577,0.6681977077352379
1,6.975449007994507,0.6824594118460978,4,1,1.3144177423572772,0.6893482153236952
1,3.860233718926197,-0.3412917681082754,1,1,2.6972355885676507,0.44035246971888764
0,1.8281697426864314,-1.6904818001870843,3,1,4.680982947648847,0.2134239168344861
0,3.935827555414312,0.36787456507423494,1,0,2.1802999949168287,0.47142980728444833
0,3.7799000333032167,-0.7413836524403951,1,1,5.025575982345799,0.3678140910102374
0,3.538431998661986,-0.3301940927243394,2,0,5.8836195418440855,0.3543244315428641
0,5.393760257411898,-0.6045098440941945,2,1,6.877729541919678,0.42016024147275843
0,4.905270233016031,-0.34157425525518803,2,1,10.039963081587988,0.4983955673343914
0,2.580619015390224,-2.3095209572659416,0,1,5.041860479232686,0.11893834576498047
0,7.899721196687373,1.2169471272315173,3,1,2.2609142910128304,0.7776070179300586
1,7.834652153953082,0.253346102326474,5,0,1.8693372037641165,0.49368656611239903
0,7.074687951286565,1.111399262918864,7,0,3.495412500616908,0.7084038717919542
1,8.81624071948327,1.9798418298099358,0,1,2.1818613029443115,0.856485852348824
0,4.990500496542001,0.022593122562750742,4,0,6.16772426897057,0.45624394535427987
0,2.343075629788513,-1.8024362558405755,3,1,2.9584046807465993,0.19027373299847775
0,3.9463793963297333,-0.8938868503795847,3,0,4.1938481083601,0.2498051118042543
1,4.339649235785983,-1.2069044808967102,5,0,5.152781775660367,0.22142274259270112
1,6.588151434942288,-0.501874643144999,2,0,12.76346112614043,0.3583344037718625
1,6.849226434937842,0.07964797806597748,6,1,7.005631506455485,0.6217126620952391
0,3.187533618495752,-2.002187267023239,4,1,8.117840423587696,0.19015204522409393
1,8.615421607965803,0.34247549334155225,2,1,6.034616096439544,0.6245939096655683
0,3.471452657015147,-1.5103566532858779,1,0,5.389400862294252,0.1512814048195411
0,4.520421543875747,0.29736526280001135,3,0,8.53292508844661,0.5202269212102204
1,7.907274032957032,-0.1094911451769814,3,0,13.858888541813247,0.4620556402223486
1,4.572079695351453,-0.3136312391925775,5,0,9.921359241738749,0.4172107511360708
0,4.440636910726404,-0.07304305594131319,2,0,6.021273030201148,0.4096997032796886
1,4.774407757600239,-0.5397780157316924,1,1,8.692884122269826,0.433280754621795
0,3.8457823890894867,-0.6124714434041737,1,0,16.32274510266467,0.34453354432334554
0,1.2455524414628605,-1.6827563908688876,3,0,13.70948786643973,0.17196797620115836
0,4.8404845737730655,-0.02962731484932925,4,1,1.7983229506365888,0.5419743504264187
1,9.477984578044929,1.8455337106233174,6,1,19.821599430908584,0.9173231614840289
1,10.992993124709397,1.9804950628846045,4,1,4.977755537163078,0.8866419099621874
1,10.873228007572415,1.3218175965449428,2,1,5.47136317913978,0.7984154076242956
1,8.811528477694546,0.7058016008515581,5,1,1.3516091966644195,0.7045400056189346
0,4.717146911952807,-0.6764801240799883,3,0,9.954696363600757,0.3186539297115168
1,9.098862479526945,1.4427507882162613,1,1,0.9819162130830683,0.7896843173655971
0,4.185416234188216,-0.056127554440968945,1,0,7.246360796603053,0.40869669722022894
0,4.852933981294134,-0.06887550976307337,3,1,10.71643488842147,0.5758897798743026
0,3.167676144358202,-0.29122713183926474,4,0,11.840649434023394,0.4216293823766773
1,6.165127461141854,0.09196189901829563,2,1,3.267404069182026,0.5534081763724946
0,5.093618031960267,-0.43521490158805637,2,1,4.398108232472589,0.4423227167426594
0,3.9761887277584935,-0.08378216937310629,4,0,5.180685587640241,0.42656329255718545
0,3.119529951730005,-1.0845991087272615,0,0,4.870343499338373,0.19712189481304473
1,4.712594592230103,-0.3736637047405186,0,0,2.691327269176745,0.30597296800826634
1,12.311596308676569,2.280556469949822,1,1,7.527259528004781,0.9038437744343302
0,5.57894830198898,-0.0695940279619468,1,0,5.60987228443809,0.395945507671932
0,4.291288290116225,-0.23866056477176292,2,0,14.921770728384661,0.4275754334137471
1,9.873460419590259,0.5323742791050526,6,1,6.643600228861808,0.7099676334820818
0,6.510242173340105,0.708121821703462,4,1,4.370527877601788,0.7102447106214393
0,3.9396376449337303,-1.1137688591720734,3,0,2.1907403821090585,0.20625917799747956
1,6.405063028183591,-0.20715878280324507,3,1,0.9036576356642386,0.4840425552781663
1,7.8809400518981825,0.9182758409347652,5,1,3.8020833156937583,0.7542669080014611
1,8.047448341113917,0.26983762907210557,1,0,3.898342345909702,0.4601627248601935
1,7.334215446322455,0.12195404350177193,4,0,2.424541287860864,0.4552134024080624
1,9.731513109562416,1.5540176686087332,1,1,3.7738205033842105,0.8165223486628843
1,6.555759624841099,-0.6777727596396438,2,0,7.5381194614779545,0.29493344183015546
0,4.633146965156426,0.08274589510763317,3,0,3.503678669251091,0.4407948742361262
1,5.185946812163398,-0.5200586652550714,2,0,4.399978708267743,0.3083054741171565
1,9.35212872782841,1.4903082290762408,4,1,1.735084353857669,0.8226863049193064
0,0.9207364887221299,-1.9518603992765322,2,1,16.531369795398334,0.21527955154227937
1,5.529085868759852,-0.6701416954837595,1,0,6.381676804158175,0.2801766362368564
0,4.64573518481756,-0.5291569660279176,1,0,3.004373121799275,0.2888179386292663
1,7.800288295269543,0.66353962317159,3,1,8.908068044778357,0.7150191543708802
1,9.885137442705009,0.606275476109527,5,1,6.178233952932548,0.7109708284296682
1,7.885002327290206,1.3951942602387315,2,0,4.38778913219725,0.7140976834371668
1,3.361124146641763,-1.5740328423373253,3,0,7.3845273549312616,0.16355432537275905
1,8.175946302804885,0.7504750090304797,2,0,10.797030238038545,0.621366711236374
1,5.791262490511537,-0.29327986428830616,1,0,6.829900639999481,0.3558999631337579
1,6.27773330835051,-0.6656252372581756,1,0,12.386269564228792,0.31229623245596055
0,4.692862210539062,0.539568533372521,5,0,5.474227727060698,0.5799254519346434
0,3.6630143307082252,-0.9201395827356486,2,0,4.40593014067098,0.23722077854992735
0,2.0427574581057977,-2.0769132953143226,2,0,15.290025589188696,0.1259809654878889
1,6.600998602216578,-0.37021848892263526,1,1,5.000883111034523,0.44814349822731114
1,5.530110225040186,-1.4977708516419035,3,0,9.265621288418858,0.17999915205444386
1,4.6536909973977565,-0.6489158210706784,1,0,5.151272284256768,0.27783174969549307
1,7.398957759872656,0.3715547637511007,5,1,2.6778165228460034,0.6459638922048367
1,7.852267848270088,0.311999745614158,2,0,3.4418894445167183,0.4792237217386
1,10.309419858526306,1.5868994489785668,3,1,3.3082444984483477,0.8335384689344068
0,5.544182622444337,-0.19965474694348667,0,1,14.186748446754535,0.531204253127408
0,1.0059654045153572,-1.5333315905478553,1,0,2.0482425331487035,0.1383821993451237
0,3.5398513320469362,-0.7560968566356783,2,0,4.597975636438087,0.2658974977369802
0,2.801945199697544,-0.9193842246262718,3,0,5.06710978976743,0.24959601124216307
0,2.389439876608178,-1.2178251584582491,3,0,2.3520844024854446,0.19197303166218163
1,5.608224871463483,0.43536719501544086,4,0,6.342947338070063,0.5499340313383533
0,1.4186755254253534,-0.6452323379652398,2,0,5.48464111792137,0.29036889954069417
0,2.4535400779669003,-1.9773728166870077,0,0,2.6494816616212846,0.0941999877182969
1,8.167312470232105,0.6969228031192131,4,0,2.1093365982589374,0.5817506023183767
1,4.759040629381529,-0.11142656870670702,1,0,7.123701618730982,0.3959924933094249
0,4.902569951751616,0.3568372783525386,2,1,1.0583255646942022,0.598113707877145
0,5.768946475521158,0.10572154469998292,2,1,23.678602650525,0.6763645453306989
1,6.706531997828124,0.6316547341483746,0,0,11.394847968807559,0.5752638029517323
0,4.9459509146831016,0.038018747015535724,4,0,1.5515169431737357,0.431190595226467
0,6.408863856110907,1.2362024834782115,6,1,2.6940740600221775,0.8068910454926984
0,3.491628208840563,0.42498278997722555,3,0,1.4317459033713693,0.504569412424994
0,4.2331360694467985,0.3920676233884034,1,0,0.38972839046986957,0.4657049515381555
0,5.7828146686135975,0.40986691768255656,4,0,12.737278328298146,0.5835374729388337
0,1.444748528461958,-1.45663774256872,2,0,4.296226414682291,0.16062726556294704
0,5.5542369125137965,-0.16463575180371992,4,1,4.0367357971154885,0.5256639811191739
1,7.772964798768051,-0.2593164895494978,4,1,5.395028398486413,0.5128698739658152
1,7.329119911543785,0.2075467211604842,4,0,3.10037144165176,0.4785884365105412
0,3.132573902439569,-1.3586941642962918,1,0,8.50006889604451,0.18089092572936605
1,8.62174679378264,1.634114776892911,5,0,2.905929074607328,0.7761468570556239
1,7.64214252306151,0.10438866415652721,3,1,4.277923361384681,0.5746619967896794
0,2.0986385674606236,-1.211317540650674,4,0,3.839522735191891,0.20682059286813692
0,-0.3670030906650441,-1.7088869635788377,2,0,3.055285305321619,0.12879939668548432
0,3.604749275815994,-0.28128729372066874,6,0,5.981780194260111,0.41250629628705443
1,7.750213551554939,-0.08967541292646578,2,0,6.879915305168406,0.41127187705615587
1,6.837081537637061,-0.7182920859743898,2,1,1.3199089362415228,0.3627460696746861
0,4.322942250178542,0.09211382792392302,2,1,15.469372767406039,0.6270628257398159
1,5.500941379483154,-0.6411757672395606,2,0,11.946051887972459,0.32554442102348
1,6.54543767379931,0.5516582517062987,6,0,1.4502694138026782,0.570220088337519
0,2.84071382640526,-0.7245418183888837,7,0,13.167932708052248,0.37217686288631374
1,6.737973539080175,-0.03850022510492524,6,1,2.9354842209112273,0.5716868777735163
1,8.964335953866009,0.9788391733621384,9,0,4.63490397705237,0.7102971899894622
1,11.022355697781151,2.5716688829102927,9,1,7.310063783100263,0.9477105049269393
0,2.709605312892718,-1.0076431926306066,2,0,4.4468276684117765,0.2234439572172119
1,3.629558360070174,-0.46450777008709926,1,0,9.621204410741818,0.33681350005659755
1,7.331781528119439,-0.8398356977999346,1,0,5.426710560906851,0.24597708752399616
1,6.837918092278112,0.7843283217692749,4,1,2.2800740593639555,0.7135926822747053
0,2.604137780351396,-1.1480993057175632,1,0,1.3997337227942348,0.18267980211447488
0,4.470516551866453,-0.4843570455930865,3,0,2.0987549844311313,0.3135762779342296
0,4.59612397928178,-0.029601283237510274,2,0,8.51880623695689,0.43446151041990094
1,5.980372229503121,-0.9786785394797441,1,0,10.987215275036597,0.24859302323481852
0,0.783531128293677,-0.9573250423091814,1,0,9.083264059614192,0.2433295845775471
0,3.1473070763587603,-0.47562288812186493,4,0,10.376040066558643,0.37316571796762116
0,1.323046763122445,-2.10044024033736,1,0,21.63190538165703,0.1359200349969996
0,1.1496323860790552,-1.4454782170733342,2,0,8.399935287247603,0.17639982833306375
0,2.8826159262845716,-0.4130340877931743,1,1,11.244722969770702,0.4773623358388069
1,7.498373462552963,0.14823063634199898,5,0,1.3153112065751387,0.46662230136512883
1,5.385133760622503,-0.18575998595359344,3,1,3.8892643027928884,0.5075113399210294
0,3.3936426589424666,-1.7739686948393945,3,0,13.387946021818067,0.15951070574152285
0,4.575150852531248,-0.46378629175999775,3,0,2.2685210044909994,0.31849547190002647
0,5.439046446557577,0.7984376405061764,0,1,4.590101775231538,0.6864008957054144
1,6.147022303277513,0.5558655119913222,3,1,0.36438864241671537,0.6478013383975022
1,6.5782604250277235,-0.07874786152783442,4,1,12.207048043639936,0.5949105438603784
0,3.2773264437529455,-0.8873698750982034,3,1,12.02821997792979,0.40181040885596586
0,5.37751449481813,0.6312163709522058,3,1,11.675792337487792,0.7231197113125729
0,2.7293525459719055,-0.5789289812099466,2,0,4.041948008992511,0.29525692737221654
1,4.7898464134896805,-1.1692484024740184,2,0,4.926555437565901,0.20114399332995575
0,2.967397684703112,-0.8021862351617889,2,0,5.562211606181238,0.26251987959923895
1,8.134113116548923,1.4483452917741528,1,0,4.710415023781242,0.7153010380555643
1,7.271492233581601,0.22018003820169318,5,1,2.307218976636375,0.6120274414631246
1,9.22058105052376,1.1592470530477048,4,0,4.033886185222468,0.6887259017031461
1,7.624195817063901,-0.47933631330936793,0,0,7.666195093669316,0.31222282321703304
1,8.826703319146358,0.938149339185143,4,1,19.947248197277766,0.8165304678015632
1,5.434203222009031,-0.6015040436180767,3,0,3.0330472749515924,0.29618579653624544
1,6.848056844973083,-0.15742736903283047,8,1,2.1415541003818133,0.5650920454903839
1,11.654714907657546,2.4863502599556933,5,1,11.960443034001377,0.9391593096760283
0,6.920680136448457,0.7671486322996173,5,1,7.730074768672264,0.7471908223081417
0,4.110852590968025,-0.5011703753276925,1,1,1.582462352953486,0.3985544745387295
0,4.15456521130995,-0.08481903902671983,2,0,7.601822479827611,0.41671057859327865
1,7.170324876600185,0.32622342088564454,1,0,2.435076973975816,0.46368356654984716
1,9.754059948348326,1.2104575895159044,6,1,2.275826978187693,0.8015972915051972
0,3.1120765357968083,-0.48913309167015023,1,0,3.824062630486161,0.3005630265709209
0,2.7533146153340455,-1.7413190846044793,2,0,15.108145198991517,0.16253534879000442
0,2.796295575255092,-0.2796418131263074,2,1,8.083401701734598,0.5001018526810133
1,5.829206609507386,0.015385457163756576,4,0,5.048244121662684,0.44770519903039396
0,5.578719504463167,0.10953796873523998,4,1,3.0278127442581484,0.5803668412535075
1,6.374137808313004,1.3166901361826624,2,0,0.7121640350686589,0.6797939893381046
1,5.249095625952948,0.3166870783059282,4,0,0.8533603031069397,0.48908982655275846
0,5.557161335183127,0.8129169716359846,2,0,1.7777271525262917,0.5808024646054334
0,1.2770049114100885,-1.1011136939248025,1,1,3.0856926268679183,0.2862106099110362
1,8.079752726213348,0.8679014884245477,4,1,10.932364366684592,0.7693102231607721
1,11.990840226483797,2.096219831656284,6,1,2.5737120936102174,0.9003339498373683
1,8.180902414404835,0.7729092902501778,2,1,2.587742390475704,0.6921759687900859
0,6.389017826736896,0.25355571994071757,2,0,4.26330453965587,0.47122751291219367
0,6.328035417742639,0.15398818840774314,2,0,11.895186517526582,0.49649231567200863
1,8.609041965574765,1.7871422390260032,3,1,5.105485847271473,0.8624826760351052
0,3.355938802607158,-0.9271814833908629,2,1,3.0689901295889728,0.33009872336001483
0,4.428506791325078,-0.11110235795404999,2,0,1.5726303019810293,0.37503498326752344
0,5.908099376255225,0.4602075929382135,2,0,1.0728163783780682,0.4977518259266997
1,9.251811504050892,0.744001107813199,3,1,1.1944849366259125,0.6898596256737338
0,4.698590467655779,-0.43732790570838587,2,0,10.382919448845037,0.3580076279188077
1,7.89535075827388,0.3073213947272354,4,1,8.40844931308943,0.6540298488967058
1,5.345464742163545,-0.2779214813511223,5,0,11.289364339195062,0.4334238870815346
1,7.584714316603206,0.12047113280127958,3,0,4.209521768385077,0.4535498410816026
0,3.9626917405718687,-0.13209154037389578,4,0,11.875734929230967,0.4571084231612006
1,6.380642960663969,-1.1415936778555495,1,1,8.833346241802548,0.3086153483845043
0,6.056843154216548,-0.021113585023446714,1,1,3.5270024914895566,0.5172863167434762
0,4.237709646721072,0.8771515220618357,2,0,9.778792454038115,0.6419657224334631
0,5.386641965913336,-0.9670182915416742,2,0,15.028601318197856,0.2799718130358033
0,4.364213099057972,-0.24109174877483452,4,1,0.7595668327349718,0.48800395175007644
1,8.287353349370923,0.6647800644571485,2,0,4.476145854881303,0.5646868578242898
0,4.134617085416465,-1.0698651067471732,3,0,11.561925039525251,0.2546753174296173
0,6.648690353130065,0.18263833750815855,4,0,6.818016327766617,0.4962063007897278
0,4.823533080162928,-1.0601298189534365,2,1,10.384054912160416,0.3442265270301323
1,9.511139883986049,1.1346305008337747,2,0,5.354638911989022,0.6693028006729712
1,11.282470723375582,2.3128213818798624,7,1,6.752122803623772,0.9275965082172404
1,9.177624788238173,2.0222552842457637,6,1,6.380975005113136,0.9028722660237678
1,6.66067183551654,-0.21918067777313757,4,1,8.027900123294526,0.5382836457426466
0,5.9626081624470695,0.7401991287406264,2,0,3.2170485826784505,0.5736124771122916
1,8.114750030588441,0.120997728500156,3,1,6.0856906337833525,0.5892922190059664
1,6.646385969804057,0.10210589606928461,4,0,1.3722267642739066,0.44428260512967366
1,8.82000018623192,1.5477570609378302,8,1,8.109001444604777,0.8749777122553204
0,1.1102662599847852,-1.319179576184154,0,0,3.769129935969824,0.16205273388502736
0,6.335426428159096,1.0552945974661148,4,0,14.587539749656074,0.7240126096737765
1,9.522372300287017,-0.048975995155734274,1,0,14.127397626786626,0.45242103128554567
1,8.806642155696718,1.4085406206041422,5,1,2.5050091272012205,0.8220519277523342
0,4.663504712375698,0.18723336889944325,2,1,5.3289838811032,0.5870381586428562
0,4.428967359550258,-0.6726719945261853,1,1,2.6282164582107406,0.3682575160665491
1,8.278606784684285,0.27714037675138314,7,1,2.386867214895608,0.6477350206774742
1,8.13110850130124,0.7359670950296834,2,1,8.371976958233176,0.7153822186861046
1,4.967959622645095,0.0357636741111941,1,1,8.080014869242984,0.5582808007137354
1,7.135381725368143,0.4880382765565979,3,1,10.493323578913916,0.6903096928933143
1,5.4824667510098655,-0.521675175701983,2,1,2.8884241246473765,0.4140380312942584
0,2.0085941752839944,-2.133883900845073,1,0,4.9730176174667164,0.09144065123735784
1,7.840036823319735,0.900023583773342,5,1,8.929204937175397,0.7743871296834899
1,7.302960574758065,0.6991597361842888,4,0,7.900768943089583,0.6169832102990631
0,3.9376487810862013,0.1481783846143336,3,1,1.5601929698471864,0.5676735075378785
0,4.331201672586648,0.06841056221032339,2,1,2.1947301672035984,0.5415136516264109
1,11.116811617783508,1.0362957693547372,9,1,7.673560567692055,0.8212009373946493
0,5.3182254834621805,-0.4571067254765605,1,1,13.249114994777601,0.47996868267030135
1,5.5915193143506485,-0.7065340653585184,0,0,2.884814646235932,0.24717051860379813
1,5.813951083907017,-0.18854986949598598,3,1,3.3950159003815013,0.5037950558608038
1,6.923608906586885,1.1890971885515316,6,0,2.063993508145577,0.7051174633464447
0,3.4888506628467058,-1.387112904264485,1,0,6.960148717076445,0.17159034039980486
1,7.818690109183797,1.1918299926140086,2,0,1.484896656685537,0.6592085876526547
0,4.095340505682657,-0.639252854205514,3,0,3.3915649511192143,0.2909987237852812
0,3.1576665687740535,-1.100743499724022,3,0,2.8745794091565533,0.21101723489568264
1,8.351231876289242,1.2600618361423188,3,0,7.9977740968942665,0.7178860946705353
0,2.2418126385193595,-0.09689009479619475,3,1,1.655053806329136,0.5135405033874582
0,3.635009763310589,-1.3002343643849232,3,0,6.859507137717927,0.19801879063190703
0,6.1249879318563245,-0.3587330590564334,2,1,3.657567415512266,0.45476884938942336
1,7.818897100723341,0.9310524308870369,5,0,2.5560180290892123,0.6460789029529674
1,8.28234504636341,1.192074192621773,2,1,3.5105562550651346,0.7704105215356345
0,4.37861787779263,-0.42709868192105066,2,1,0.4070611673498975,0.41964952624405627
1,6.697313689009675,0.406320759097275,3,0,4.412647011313073,0.5189920728111865
0,4.748252272847353,0.7140846323944298,7,1,14.743898400664676,0.7877262020812394
0,3.6046298453298244,-0.6446264937163554,2,1,3.1508106828343303,0.38902948170005636
1,7.413047876131007,0.35503607516644337,0,1,10.560617438797998,0.6303102233218957
0,6.110732238451244,-0.03187791475556112,5,1,4.0792438942184885,0.5679006552219769
1,5.253634865489201,-0.5360244104730933,4,1,2.4099272230358952,0.43237351107215716
0,3.9254459885530144,-0.49214793537892493,2,1,5.113112670650936,0.4341091229364403
0,5.222523292916304,0.06703448186721092,6,1,2.478713819147146,0.5920143516716714
0,5.682458330717824,0.029853486958632845,4,0,24.25126283390506,0.5703182473401206
0,5.52089686225287,-0.5654899533243374,4,0,0.4544327330816097,0.2999407246985229
1,6.841278014409129,-0.4259451084001599,1,1,3.5408834933782996,0.42682218091057833
1,9.383430119356587,1.1133372383403377,5,1,7.71565253090346,0.8013725248988146
0,3.974396359756888,0.21382713517698357,3,1,2.271178870953062,0.586429362453295
0,7.290488772062448,0.8850943665882824,4,0,4.729871303372406,0.6375697665655562
1,6.662598307359875,1.2018222319374203,2,1,0.8892861278237003,0.7602174722633136
0,6.685066784457043,0.5888422596395486,6,0,1.6521503596728018,0.5796317298744678
1,10.900378376899841,2.2708863133824324,2,1,6.599535605044113,0.9054057138893316
1,6.027120029631,-0.8253040317638951,3,1,6.617559491123793,0.3828817080883128
1,7.167584455680899,0.8084095930822921,5,1,4.944936095972279,0.7410037371399327
0,4.631012825967371,-0.3181439730310917,5,0,3.2717961042452304,0.3764755970542266
1,9.302194401781335,1.855783263371278,8,1,2.4236062457120533,0.8890225026352141
1,11.05008926985964,1.7004401213924243,5,1,12.617431483303328,0.8855257770447262
0,-1.4722598171703076,-1.9542111820067407,0,0,1.7782687754800808,0.09412025055475128
0,3.203798945095704,-0.9688662425118804,5,0,0.5130649562253012,0.23882122456282615
1,5.289437499926706,0.6643129107943418,4,1,3.7307539751034904,0.6987074627521239
1,8.247677722188604,0.7898672098844762,3,1,8.524365276266902,0.7357490003666276
1,7.10562885758106,0.7365642161592768,3,0,4.7016250844638945,0.5939812522304252
1,7.670349702633142,-0.0708653281733429,4,1,1.1728401884166526,0.5288534599990673
1,6.0867641976418945,0.45512082456347686,2,0,12.445148427093297,0.5672739395835016
1,6.886712282951385,0.6530214357863233,4,1,3.2161064488723694,0.6938375375879156
0,2.0686048147067897,-0.07787126953732391,3,0,2.3353530695096105,0.3985044874712695
1,7.564126533542172,1.0273019683616285,6,0,4.282941814942587,0.686034609020849
0,1.5650770215279228,-2.259497249109046,3,0,5.525964580665189,0.09150478044615099
0,5.324551371892277,0.6337935195699923,5,0,9.094566101136852,0.6219370863177953
1,3.914222593003032,-1.034052612285726,2,0,3.1621486886870906,0.21389693316507277
0,5.7887094123836995,0.9586778079693892,7,0,4.8095921507766715,0.6863370498056233
1,6.627333706673559,-0.2286844248912001,2,0,5.7453767335947,0.37468225539709493
0,3.87637017667808,-0.8887872710840246,2,0,17.09683115587093,0.30523583174206653
1,5.477120034605346,0.3739021567442434,3,1,4.166438591918195,0.6319689389020633
0,2.9428630578599297,-0.9113334978457667,5,0,7.972431977158469,0.2847767180465425
0,2.133342494804438,-0.9127678975553941,2,0,2.52072600851849,0.22997135503166907
0,-0.29300752144708664,-1.567294355953092,4,0,8.198932517840273,0.17428013301875458
0,5.325749311360397,-0.026707754798113225,4,0,12.609962046038412,0.4853072492517601
1,7.56689007947034,0.4968235216908353,3,0,9.408773953083069,0.5701248412035502
1,6.656987468952055,1.0230259861312425,2,0,4.310185355177934,0.6407171239398161
0,4.653866320033821,-0.14172786178901123,1,0,6.421792635597553,0.38532411870352723
1,8.599617881742796,1.0478552084476458,3,1,4.25136667253237,0.7593928760301691
1,6.5860401337568675,0.017960975134801903,5,1,2.9352466460433226,0.5718849933004431
1,6.582601108688036,-0.09328848097955465,1,0,8.794746772327766,0.4099696210000217
0,5.755874727026274,0.5735629478577897,2,1,13.717061521847004,0.712822754100157
1,7.77569305762321,1.0583927761257572,4,1,4.8893453826108235,0.7729048985443975
0,4.877454343548688,-0.34143445445859266,2,0,3.921009354383827,0.3409045642567811
1,4.578653272745392,-0.2437616219559586,2,0,8.920923984574324,0.39022599478978465
0,6.7871711111058435,-0.16083140469983928,6,1,2.2201343969578278,0.5401024498000864
0,5.354240141732144,0.08276912699183876,2,1,7.799784076444249,0.5791991802363952
0,2.690803154120096,-0.9004082096051503,2,0,4.589915840232495,0.24129010992836206
1,8.898304812098171,1.0280060600662873,4,1,6.15938245423564,0.7736767765815536
1,5.64968435665506,-0.4004096317783333,5,0,21.102365062994117,0.46684633157540384
1,7.080150475133564,0.4624434567778641,3,0,17.758062044237903,0.6130499167937876
0,5.158920844070923,-0.8254725722239247,2,0,3.0595404951334837,0.24667281807395147
1,7.854231571346018,0.3588039528088937,3,1,2.970415009675358,0.6217973170884401
1,7.67620187239135,0.3915930157503348,6,1,8.303325722331259,0.6921130964644491
0,3.5488037025515777,-0.4206814067973341,2,0,2.972991638495976,0.3198875824607842
1,10.91763728569093,2.0208894329971416,6,1,7.0570423741587,0.9042379909557073
1,8.640663863238212,0.3710399612419042,6,1,5.6278290558235105,0.6736261305514314
1,9.500840043469626,1.7769289229773846,7,1,9.618668035509803,0.8947026081485043
1,9.217857875041002,0.9591389238981252,8,0,3.2542452156518826,0.6888141474583794
0,3.930738098479066,-0.6622748070560666,2,1,3.5538604469079083,0.3876500780080735
0,3.9283249508823563,-0.3821868156578954,2,0,9.116917147353114,0.36214987293636464
1,8.282368286855284,0.43610206735723056,0,1,10.314031861405882,0.6457346968698598
0,4.05769002111264,0.06117253183875087,8,0,2.637213177574145,0.49274691084173994
0,3.4076661488103603,0.04946114175893247,4,1,0.953947333910546,0.5543750368182351
1,5.758364453461327,-0.28620495437455035,1,0,5.706358481795136,0.3509364458890789
0,3.204208145755599,-1.808476355740995,0,1,5.4622069617338855,0.17637926695493567
0,4.267326948552057,-0.22543264342069147,3,1,2.1301604696949337,0.48759370514574135
0,2.0410239282842317,-2.2181214639227598,0,0,3.712024483634452,0.07918234266861432
0,6.344138077184437,0.3718195687849371,2,0,12.920915736337378,0.5517293665003702
0,3.274030079592115,-0.726057787427706,2,0,12.229624097924706,0.3105152839933023
0,3.9632832104980174,-0.7154167261721429,4,0,17.069424334818436,0.36189714460307654
0,3.758513944497697,-0.21930379562997881,1,0,2.6573275722621688,0.3472973748218091
1,7.374112297914141,0.27267234629586407,2,0,4.974737569717577,0.47995413831091815
0,2.7218129668078648,-1.4320061777359552,1,0,1.729385575205447,0.14860670564782996
0,2.2462820508392265,-1.7486011895534066,1,0,8.986277532713407,0.13598046623469162
1,6.406688823404379,-1.0660658714998135,4,0,4.047458320972497,0.23000679709741947
0,2.012957853342574,-2.0417275241987234,3,0,3.3546007482338878,0.1039869326724235
1,5.530205607938988,-0.9668496098892981,3,0,8.40104646091661,0.2572829904690511
1,7.833847473011636,1.590883030522966,1,0,9.047551912392752,0.7609661178144871
1,5.691261432816007,-1.0565859164970517,1,1,11.000602664544799,0.33717425399142614
0,6.440116688874043,0.6514051749001837,2,0,0.9792463058127294,0.5401001445647597
0,3.2169100800539634,-1.3716348082651353,0,0,9.28379169871916,0.17474328768305863
0,5.589860976283164,0.2991201525724937,0,1,13.825605146241895,0.637573591639749
1,6.372467506602184,-0.31973381221268193,0,1,8.866765341160848,0.47100972727292484
1,5.3720085071619055,-0.05981278553427285,2,0,5.522409560998268,0.4095632261341237
0,4.936895129165099,0.5687775943675412,3,1,2.374607212487603,0.661786359382329
1,10.665838803546055,1.7562401253161792,6,1,6.484171801731344,0.8800306462950663
1,6.597335242528212,0.19470634983327353,2,0,3.3279197602672403,0.452254350722981
0,5.166896234191033,0.1243589513960949,3,1,2.6752219583945527,0.569252887446768
0,4.140572077416697,-0.9733677174823148,1,0,1.9399400164321103,0.2095678206160225
1,7.155370128060475,0.5833396553323329,2,1,1.1415156514462825,0.6464666026545822
1,5.7619728654422415,-0.24607233054527072,3,0,8.707220709192105,0.4004033944999848
0,7.4312146518464495,0.8320070429084299,2,1,3.9656688555979156,0.7105276458708126
0,5.366613028811816,-0.0437064504849727,2,1,1.5308783044660579,0.5122315971761703
1,7.614248164339873,1.740855703809851,1,1,5.029032171703639,0.844552118027042
0,1.495232800181541,-1.982916503137466,0,0,4.002036451926983,0.09668841639554163
1,5.213903826824002,-0.2965993601550742,2,0,5.673744979941914,0.3600618290709342
0,4.826866428985439,0.8814816388012593,1,0,0.5875384296795867,0.5764023647819975
1,5.617758788849182,-0.35069219708498706,2,0,3.6469237823447203,0.33750115480230025
0,2.3879431797362143,-0.7921730690054608,3,1,7.673449638763855,0.3962488896202979
1,5.9720064629250995,-0.26588060573958244,4,1,4.362565494266192,0.5049427370326162
0,4.324074965733601,-1.3799287476073374,0,0,9.230417755400977,0.17347804531213937
0,4.8329680429109105,0.11895377168976948,3,1,1.5044906317467408,0.5608643370581534
1,10.422495614181926,2.440461840173224,11,1,5.165814832135584,0.9440415657429821
1,9.278428999008625,1.145031498226728,7,0,5.7258726200283965,0.7258514295242412
1,4.346245404525277,-1.1090091065152694,3,1,10.880582279580336,0.3483968201451631
0,3.4928222347374085,-0.8733410823282927,2,0,20.039552775356043,0.3240944953401073
1,7.5728928470989185,-0.40472780902245364,2,1,2.3183169622646087,0.43627417890954723
1,8.505947101539672,1.0044161277339365,2,1,11.20972305403677,0.7745558987958463
1,6.392338254656108,-0.8214870091691876,1,1,13.907914665140794,0.4033224602307829
1,5.330593444549014,-0.6902314189475338,3,0,5.842186158396753,0.29418307294877294
1,7.789222334401514,0.8847494335149046,0,0,5.564819480368133,0.595173644023509
1,9.297075345567416,0.8646525704751467,4,1,15.051207751429178,0.7865858970474093
1,5.801969974289688,-0.3738146603894485,3,0,5.618074932355067,0.35526364143687883
0,2.7832951665931667,-1.1177634143727924,0,0,3.8094278122442224,0.1883524308643117
0,2.874811624021447,-1.549744823262707,0,1,3.249254542758979,0.20366572773572145
1,3.63395484624568,-0.6989901269101042,3,0,5.5120678983087075,0.29084380876632016
0,2.283000610754687,-2.230528902271529,4,0,0.8605707441259633,0.08818809534303401
1,9.742756300726274,0.7498198819099152,4,0,16.03411323715028,0.6738589203608109
1,6.901735916864269,-0.6300306998045586,2,1,5.056398446913583,0.40356861839701597
1,7.7912679153413125,0.48129366424513825,3,1,2.051827751163326,0.6420930033792235
1,9.566169075201909,1.8683248876013339,8,1,5.7446235863733195,0.8979918232535741
1,8.574611610796381,1.172995707132864,6,0,3.379554887272291,0.7089283503713212
1,7.732503235140297,-1.1511348379469908,3,1,14.285675037107485,0.35919046644572605
0,7.528671628212006,0.8692489864766937,1,1,5.351292041613904,0.7142480917782695
0,5.989597710095652,1.1578570275164373,2,1,10.109633854265493,0.7932801874153891
0,5.072417695283712,-0.7463565180960922,0,0,14.264148034422544,0.2962713330549826
1,4.833741115339379,-0.9532969230720043,1,1,3.509164291478143,0.31642759762473743
1,6.5761366028818085,-0.1096918973385416,3,1,14.92361301669808,0.5925139257938228
0,2.003745148817698,-1.6014233495161816,2,0,2.5974376507835224,0.13867425491191177
0,7.6821918083666585,1.470734949301553,4,1,4.3976613305294645,0.8297141838106867
0,0.8780055759995309,-2.4053637930304905,1,0,5.839155132654341,0.0745473458463461
0,4.220477395817325,-1.1068074157420604,4,0,10.084860389655468,0.25086483036082696
0,4.217264830377878,-0.2695651640091679,1,0,3.6947413481466094,0.3429354302469747
0,5.590033766956042,-0.22708709133068325,0,0,7.446290273664227,0.36164739212881036
1,5.742171539826775,0.16612417314262437,0,1,7.715781480490254,0.5725851309350708
1,7.2531641394540785,0.2714485686748367,6,0,7.090562193604693,0.5427870382987716
0,4.929925882223915,-0.21361201462544818,1,0,11.676191717963613,0.40122920765255843
0,7.5328470609437925,1.1368863187699414,4,0,2.712728628275801,0.677217966209316
0,-0.5198088845519315,-2.1393761696371945,3,0,3.997831397935499,0.09748447411966422
0,4.303566043775469,-0.0001645139169606655,3,0,6.701532999097973,0.4421083604994051
0,2.0601481751052546,-0.7145844117153977,1,1,8.19343426332161,0.39214847620314375
0,5.098690551881799,0.13251343514348632,3,0,5.295370901221611,0.46297946428147335
1,6.353069067293752,0.22075983794627882,5,0,4.421899479684365,0.5023078188970529
0,3.9846198472675867,-0.911828876494789,3,1,1.0077956722244092,0.33282154863796753
0,4.418621299796895,-0.6409489965354924,1,0,3.619210475425276,0.27162890782759286
0,6.192976306159482,0.7925867232518442,1,0,2.9809894211934904,0.5714703784300402
1,7.406851064877813,0.34905626865098566,2,1,10.235326117414202,0.6502262346165395
0,4.829649246406147,-0.6802484366024778,3,1,7.969376118269491,0.4223852796908714
1,13.290108047911543,2.0398909593419425,7,1,8.611316451816283,0.9130283536998111
1,10.43227838527165,2.309177648495082,5,1,22.496668760825045,0.9448347387546384
0,3.304629469535499,-1.4624624789603549,1,0,15.792642606313658,0.19444217558875376
1,6.282134257123563,0.30179496030034325,0,0,7.862187814406367,0.47955394774088944
1,11.594707691732662,2.5089944356323914,8,1,3.8629769094908326,0.9373016138101152
0,4.8537812424093625,0.7838986291848924,6,0,1.473975891776956,0.6206617978610602
0,6.2955976298609535,0.22106014291254644,5,1,10.950307789382355,0.6621101156204848
1,5.3086106923384735,-0.20805683335943306,2,1,7.676641039762174,0.5136628168375644
1,6.424230048703244,-0.5411942858767205,2,1,4.875309498524092,0.4218479098755188
0,7.5890158238607786,-0.2125147026197359,4,1,12.474987052373457,0.5672430074017323
0,2.772392311921403,-0.5507294124081377,4,0,7.252550531768669,0.3397647582254899
0,5.434644521626004,0.7449083585580341,2,1,6.143158971336491,0.7055766048818476
0,5.3664660942747675,-0.3981536526914417,1,1,7.71273747606257,0.4587142525440826
0,2.519816935410777,-0.4411515120100576,1,0,1.0292407726088664,0.29498276020090225
0,1.0529471773494032,-1.2021606868290806,2,0,21.31813900959487,0.2691398209446742
1,5.5973911827924665,-0.04958987438030339,3,1,12.481282130725752,0.5908308596526028
1,5.849034911839354,-0.8941216734390032,1,1,4.041372579486332,0.330997894814524
0,5.819723452431882,-0.1807501687290939,2,1,5.013890546403816,0.5031679855575262
1,8.063916162725455,1.0418155527215323,3,0,6.964074960432683,0.6707846104274582
0,5.141573478227436,0.3659248863111264,3,0,7.423922281806506,0.5287010279551808
0,6.815887698364458,0.5047252947854309,3,1,5.388970384101702,0.6657393222264454
1,7.856040537692598,0.35609089975780356,2,1,17.589244591056215,0.6921548753784489
0,5.799944843796886,0.0591757301914933,2,0,3.957840001074901,0.4260963959442055
1,7.5787425960658865,-0.12732823067162988,1,0,2.85609995120831,0.3674451433925095
0,4.047187318990386,-0.30780621590166646,5,0,8.673118420192985,0.41091172521182245
1,9.925344393976976,0.759117008833072,8,1,11.047238279771038,0.7874104376723626
0,4.587719338723132,-1.0842398092882488,1,1,17.952676224012606,0.3712171132272225
1,8.72073558120154,1.3407225862255443,5,0,16.0015392454777,0.7869585462758012
1,6.996237222911597,0.03407806268481745,3,1,2.7451242924059915,0.549660324641368
0,4.565365880288818,-0.7487003905773738,1,0,9.427318906076858,0.2812747152733837
1,4.851707182776472,-0.48914607904001295,2,0,14.089393303161895,0.3686537381351822
0,2.330757842014683,-0.6769904011881117,5,0,10.145866447487,0.34171864684381886
0,5.685113586022762,0.16020649902804115,1,0,3.9284941106138485,0.43595333045659407
0,5.423657772774984,-0.7178430444883082,0,0,9.999747943385678,0.27967686204283965
1,9.189654017540892,1.1421311987837366,6,1,7.809488442312249,0.813536500899547
0,4.663088307226844,-0.7816389926142432,3,0,10.4607346703997,0.30112283486974856
0,0.2750333516537753,-2.272521930414174,2,1,4.975956734667163,0.1334409936703667
1,4.458178321416423,-0.730998492725895,3,0,12.757670731585492,0.32323228854409985
0,1.5231843469379889,-2.0085211732996573,3,0,13.2476192829663,0.13279387566049014
1,6.49402238667006,-0.0398688505726567,0,1,7.516780349583897,0.5254872759043765
1,8.854660738855921,1.0591579783713116,5,1,7.173039342585918,0.791265121947003
1,7.009115546636046,0.6477598002656734,4,0,6.344229098394996,0.5966652919102089
0,2.461294669244794,-1.3375895049472426,2,0,2.8566642114870024,0.17045387958710223
0,3.1319500461693544,-0.7622552815679994,1,0,5.453938126780297,0.2592863046150372
1,9.878741658875246,1.7786335355666851,7,0,7.251916965616794,0.8294972128602582
0,6.880603784199576,0.3185114087343339,5,1,10.590406100395526,0.6794881228600653
1,7.4747460034271676,0.004118692634058828,2,0,10.15672993409343,0.45205404259140003
1,9.197066435126487,1.0560625611935577,0,0,8.302208883662082,0.64748707121749
1,10.186278322945332,2.4527411254301583,4,1,3.709561937044242,0.9205765183755252
1,7.778606215775425,1.2965732775797387,1,0,9.284322183230456,0.7107488939432068
1,4.670523668957998,0.139415254770579,0,0,7.844692415418063,0.4431447266549307
0,3.715065017754394,0.3546881759848233,3,1,1.5540462054261206,0.6125563486232415
1,8.564021819846909,0.6170797910982172,3,1,2.0729857308416797,0.6697813832272919
1,6.374470788810875,-0.6126984965101239,1,1,0.5570000391440636,0.3687684887013612
1,5.889103581192679,-1.0587194727174403,0,1,18.62152218937979,0.3688136896169823
0,4.865134341670637,0.05244908348938066,5,1,3.1468864681559126,0.5807556891047579
1,3.94070367739445,-0.9472112294631205,0,0,10.8318047146713,0.24384843241566365
0,2.7661726790173766,-0.06146241903506856,4,1,3.5781787714724436,0.5459049383925897
1,6.556231163198778,0.0961230399920905,8,0,9.820764520298729,0.5453822202497179
1,9.986713826203701,2.341037321882936,4,1,4.722995504630402,0.914901615010289
1,3.166417697044042,-0.8510499946565668,2,1,3.535501743134109,0.3480645843246479
1,7.576326550429458,-0.1217889319709347,3,0,3.685587142766659,0.3971222288969998
1,6.0848175503518895,-0.1643028895845328,2,1,6.286374578159402,0.5148173510604598
1,8.132376215153988,0.4373105333753307,3,1,7.649301135240179,0.6648118402132347
1,9.072218764210884,1.0467243315836225,3,0,1.7988599067600806,0.6426818834681297
0,5.909679762916906,-0.4904835016266552,3,1,6.536190087846187,0.45560958382732814
0,2.8946916861294203,-0.8213520301050313,2,0,2.8114755917612166,0.2462098231352249
0,3.101979395662732,-1.6407106159316551,2,0,3.829824329956523,0.1381318131935407
0,4.057022022610274,-0.9262044968028467,3,0,3.0963693640897922,0.23936303622552074
1,7.781345599964236,0.5364408345765945,2,1,6.745486192138575,0.6685056108640849
1,7.820808198842579,0.045647041823202894,1,1,21.381239005175107,0.6400574062736585
0,2.6257581385786883,-1.0154339949061588,0,1,7.645598861822577,0.31588439166886184
0,4.710324538412243,-0.3727674764848574,2,1,5.419030660420563,0.4625664350389878
0,4.710186017721878,0.0314729477902652,3,1,14.10916058943825,0.617996888252871
0,4.928614292601713,0.5036789316089304,4,0,3.0809845553175776,0.5449621281593153
0,3.5396897208534552,-0.5933943528385258,2,0,0.7252659921093204,0.2756938267253927
1,7.705003320873564,-0.2504400576578742,4,1,5.2778601036946124,0.5141338462605823
0,1.573232433662875,-1.818434733340209,2,0,1.6139161387979333,0.11443251990196959
1,4.954758936401592,-1.1513858022379435,1,1,2.623679580907181,0.27474991974234064
0,6.833371777326207,1.6177156581788448,2,1,8.876884544339568,0.8491392810681678
0,3.9683552697065982,-2.1881406726948454,0,0,3.230181758499619,0.08027827895727707
0,3.465504864283985,-0.33780255263402675,2,0,3.7990881329648163,0.3409541505357588
0,5.664347958676209,0.21919822934425529,1,1,6.033837718159166,0.5861626647501301
1,4.9054453596917025,-0.3743492453270371,3,1,2.5491913880014057,0.456811757050334
0,3.673288021631948,-0.8081575233653976,5,0,7.984367366113737,0.30412471609949904
0,3.242425928012,-0.061078532387332324,3,0,7.093429645707303,0.4310336976335561
0,3.978759036262764,-0.004965401502279523,4,0,5.516244987086305,0.4460699253588861
0,5.0283795839721925,-0.08211740493189977,3,0,3.0325854519764466,0.4017710771735091
0,4.063742304142181,-1.8777121211521157,2,1,3.0115992487721446,0.17298028180027197
0,4.904641745094621,-0.14740362795539622,2,1,4.949828368740945,0.5102691667250542
0,4.6207716492665805,-0.8551126902915559,2,1,11.557726666874313,0.39396915740955146
0,4.3154284212276846,-0.5477358748135395,4,0,14.786256709536083,0.38383408767252664
1,6.692533042160118,0.22697476334145322,2,1,2.083663318865584,0.5759986969459865
0,5.142174888275427,0.6407287504805665,1,0,1.7108427615829154,0.5298212999499938
1,9.50353902753241,0.8967773342418733,6,1,7.209035005146903,0.775098131567322
0,3.689894191347169,-0.49641305697888843,1,0,0.6215066601594558,0.28267441254518655
1,7.835021866671645,0.9240027767201172,4,1,1.768229350685274,0.7361024276704202
1,8.085337410183453,1.1737275326239913,4,1,1.9682223119921343,0.7782608978746016
1,8.979030673562672,1.1366379245460594,1,1,7.9106254959344255,0.7721937089134314
0,6.367222015531991,1.3897679388114335,7,0,6.781816656305169,0.7721227725472679
0,5.887395862379651,-0.1456825059189122,3,1,9.108528896829489,0.5489920434151146
0,2.8482842847632384,-0.17413191507326234,2,0,8.266895702203856,0.4013012084152311
1,9.238168732542809,0.8250507793943487,7,1,6.370961394988845,0.768848346279105
0,1.5627517431382982,-1.3665243151280329,0,0,4.832538431311054,0.1598884329705924
1,6.8441229499644916,0.20942904726834088,2,0,12.235532165702303,0.5110917916680029
0,5.805907043392158,-0.5305589921699142,3,0,3.0352421427111578,0.3096786558802925
1,7.182240929335629,-0.3687890508614081,2,0,12.049750187154299,0.3820947790295006
0,2.204190834907435,-1.7415144478985787,2,1,8.935857612896514,0.21518218565094857
0,2.7515791491542427,-0.8905443058032078,3,0,1.5523207374884467,0.23818031938608183
1,7.085200608743579,-0.020493929457115093,1,0,2.1314635326585223,0.3857629307401426
1,9.320051841189635,0.8884531740936087,3,1,9.615862694055469,0.7576804512610464
1,7.679987443627096,0.9900265894080504,3,0,2.4018511000183245,0.6343838517768796
1,7.773866024455188,-0.08032647499591145,2,1,10.43353223715489,0.5593549277427887
1,7.0140278402532354,-0.18928835722896975,5,1,20.088089854325844,0.6299127956386539
0,0.47711572722063966,-0.8306791870163397,3,0,2.341947759002606,0.25179484285537845
0,6.066671335349458,0.40235649697613907,4,0,1.7185028103591047,0.5137673734996425
1,6.230249201854128,-0.2475780005075383,3,1,6.3365479906176745,0.508897435502326
0,6.357139455430458,0.605884539149004,3,1,2.855380901164099,0.6718756458988786
1,9.418307977618994,1.751686804125962,7,1,2.586320552381978,0.8744812976287298
1,6.885505970623598,-0.032374957261813664,4,1,8.676739258083211,0.5836514056482116
0,2.248493538785528,-1.4973544741740719,2,1,11.577448904242804,0.26733562946883205
1,6.546437355613847,-0.8608504430288475,1,1,7.1860069137506475,0.3554620465927631
0,3.155386672284304,-1.4581474413366173,2,0,1.9023788988907064,0.15254563102897917
0,4.380033086956025,-1.1971096894149784,1,1,1.0368837243826776,0.2589416486622299
1,9.59443507820798,1.305270723485468,5,1,3.864859279996889,0.8132647908730303
1,7.569668378282614,0.2266595734584829,1,1,3.9541095309108485,0.5751381839247586
1,3.7436685550753475,-1.5201744315757593,1,0,5.177627508989339,0.14947606161023674
1,7.9693873574595395,0.6536321660301218,2,1,7.8923435989365105,0.6975329779751264
1,9.025018323042229,1.2603748740788823,3,1,1.437131962597202,0.7807882255364127
1,4.17444879708983,-0.359874557435862,2,1,11.596790056504197,0.5040080765754936
0,2.191495261741609,-0.6759908391368861,1,0,3.8849270442053463,0.2667316611845019
1,6.148909556248657,-0.3373777124849492,5,0,9.911675957515456,0.41196500807987385
1,8.394812619932964,0.28460651025417144,2,1,12.114709828138984,0.6477157592087113
0,7.342050789572186,0.639970150256371,4,1,4.307421936096832,0.6971279830148108
0,8.621974556962316,1.1822168380402336,6,1,6.838052072402138,0.8153185514006069
1,8.148921258938731,1.2124782059131658,4,1,10.437784855704454,0.8178986466873509
0,5.953480395315966,1.1854038482269786,1,0,4.203671431541004,0.6619408338598279
1,8.18792352973292,1.361921431780073,3,1,0.9635904755682976,0.7941000435943801
1,7.239321122432612,0.6613877898003535,4,1,7.290015145323364,0.7165676905566722
0,2.1424292279796258,-1.5309066043319859,6,0,1.6216630398708203,0.16976771990984305
0,4.561697033851193,-0.13096422951361827,4,0,7.521336881507322,0.4304943793685963
1,7.732954357106135,0.31392051262338433,4,0,3.7152916196937116,0.5063523461545262
1,4.820040812961335,-0.38312626500769986,2,0,17.866134085540384,0.4138286178222055
1,8.072914960205948,0.9112608549019698,3,1,4.069358677938963,0.7353364467838268
1,5.691624834400956,-0.36021397218550477,7,1,1.4571734513025405,0.5030591521563037
1,6.8263116869344715,-0.92574702996371,1,0,15.063804397095543,0.27756401613847764
1,10.749414112532955,1.4442989994390623,4,1,4.831646166495503,0.8278777122756317
1,7.389181664081704,0.6660043098063377,1,1,8.194533993207685,0.6908865419550038
0,4.4862885506763295,0.21925378420038097,2,1,4.335887520550334,0.588005328469759
1,8.825274092170346,0.9267090914598398,2,1,5.630854869444108,0.7359083829463021
1,9.58653292935581,1.0625342393353856,5,1,5.9092444170295995,0.78650940928763
0,4.4168453764147495,0.3410358109726957,3,1,3.711209559324537,0.6223917579373898
0,0.517447410777959,-2.457661418894294,1,0,4.046823323774297,0.06845137859207172
0,3.665866705859574,-0.6755894506677215,1,0,5.129136946851533,0.2729310566952813
1,5.172876156742803,-0.4565791295783091,2,1,2.9292117073513397,0.42856926086220803
0,4.734596270384853,-0.9842008951131349,1,0,12.185696184785572,0.2532906453035709
1,6.658700549687656,0.19867743392031523,2,0,4.276489592298441,0.45902259689518937
1,8.87058350074213,1.1922021328513417,6,1,4.234070663921502,0.8067195255124948
0,3.0410279393550517,-0.48490558520706833,1,1,5.67265793438376,0.4268784335478055
0,4.741676581578673,-1.1348326696708735,2,1,8.312044300557345,0.31787638914222077
1,8.779413703018651,2.0280348109104995,4,1,14.415097443616924,0.9117835172704061
0,3.6469089332160696,-0.4514376060975332,2,1,6.953048399787741,0.454509236926713
0,1.8199204428318816,-1.232964924713251,0,0,1.280037194652722,0.1641501406109935
1,7.062997697829597,0.23767724961845885,2,1,3.8101658944047685,0.5888379675721709
0,4.376443288042842,0.42568258158953415,6,1,5.97056782595693,0.686192512717508
0,2.6455936338902384,-0.7050500896806735,2,0,5.496461967986125,0.2794616571598778
1,8.300749173716437,0.7904535745882663,5,0,6.342276048974647,0.6387551263520644
0,3.9351116131845223,-0.4873194382866741,0,1,1.2644402925237046,0.38770332977646915
0,3.0990621500078084,-0.9229509153903888,0,0,5.2345922463582,0.22273631675955932
1,8.129389032265314,0.17859086852485911,3,1,2.533396643979299,0.5803150165850209
1,8.657483457410178,0.7707689771249504,3,1,9.96698165611751,0.7394027436706482
0,4.536342751603365,-0.6338514911946994,3,0,3.145836052406876,0.29073429527322436
0,5.51971153210784,0.3306255560142178,4,1,4.557508739171498,0.6367997065189153
0,3.326143898783438,-0.09349163940534987,1,0,6.79654165867822,0.3978985369222856
1,12.699884299149504,2.8244336497361435,5,1,7.1344055168657565,0.9488433111641409
1,3.9776181570675027,-0.7085596811630914,3,0,10.987532162144696,0.31799194659625224
1,7.535150052170652,1.3841716005395124,3,1,6.798561719512737,0.8199071400419751
0,4.1136492684484125,-0.05234628843888603,6,1,8.721470264668861,0.6037045962511671
1,8.722809369543258,-0.12676200367229015,4,0,4.913038187893503,0.41550347727226816
1,7.566688063365097,0.7216651115364379,4,0,4.944970738077066,0.6042302829269492
1,8.624547758815662,0.8939905665405024,1,0,6.129771214939902,0.6125006400291432
1,7.235275425674803,1.2670156409533917,5,1,3.8313088357411003,0.8078494903908677
1,6.452367859025578,0.3286517351351579,2,1,10.83303358495488,0.6494477005933744
1,5.869439067316962,-0.6003963897579253,2,0,4.9152156423596205,0.29577969024128636
1,5.71926769159081,-0.5376461041840627,1,1,7.0812071542603015,0.42388348265001813
1,7.6364437333769075,0.5096531908833498,2,1,2.677742667670281,0.6400615821367336
1,9.09288154504685,0.5808998706077412,7,1,16.69437628745836,0.775593480396869
0,6.7046916104590775,1.3980509406964945,1,1,1.7028507050578097,0.7859724699142762
1,7.452733720787545,0.4184304554186962,2,1,1.7001438456015632,0.6151685871533001
1,8.044267779295335,1.0601682652577384,3,0,3.8208589507301003,0.6569367504680262
1,8.289134831984363,1.5167710347839571,1,0,9.539387827214647,0.7509300318098727
1,7.670024894029347,0.16480054453110587,4,1,6.937106830001401,0.6157974390651522
0,3.425051181909166,-1.4855586515906856,5,0,1.0354820740665431,0.16643376612294225
1,4.44141068413356,-1.17927708650058,6,0,13.595730038792142,0.27459036039639434
1,4.852291595876883,-1.4378028681905122,3,0,7.045057061454118,0.17977153024616047
1,10.218626113138768,1.5915903810140994,2,1,12.34085481397985,0.8570440422321596
0,3.3011608183635666,-0.8474085948289408,0,0,16.96060474979672,0.29138795830788744
1,8.781176081095069,1.2318415654122892,3,1,11.161996204809018,0.8157339035592174
1,9.580605877657325,0.5857319115638746,3,1,3.127918563545341,0.669374346223047
0,8.637052629758223,1.7152691268390476,2,1,12.741277123256172,0.8712744203938364
0,9.198428093661335,1.0030938194878394,5,1,16.167382920624085,0.8186115798978396
0,6.6755072830314255,-0.10237026121340073,4,1,1.017892043533617,0.5208164768894408
1,5.812598902915332,-0.20003045039326856,2,0,6.270217911620172,0.383842108085164
1,6.1382025712833395,0.0851677199461466,7,0,4.208977629224449,0.4954689712073496
1,6.643569809906004,0.17526095189885732,3,0,12.057376576700554,0.5147880036300266
1,7.190913400337053,-0.5307436711234165,4,1,3.7827168045484356,0.4419871000899878
1,3.192712668554625,-0.03262829758865476,4,0,9.317693345752811,0.4634594780604548
1,8.882932218179587,1.6093200620023946,6,0,4.586653036451704,0.7880238156159421
0,4.279166040523429,-1.7021383108256534,4,1,13.116999924652427,0.2584578304528147
1,7.660909301163536,0.258488139526861,3,1,12.48156636654132,0.6558102714030749
1,5.805522715924257,-0.9069528059807551,0,1,2.801862916480328,0.31083661575474014
1,6.753190890221813,0.18703708280488074,5,0,8.70042903481701,0.5214478555708875
1,6.230891585620978,0.8398557752082007,3,0,14.290483418797887,0.6710929101015842
0,5.403932089219353,-0.05761018045769089,3,0,7.092651676555444,0.4317946221696432
0,5.777183513513093,0.7729869198484017,4,1,3.279281197859244,0.7166023923683565
0,2.9076325723599132,-1.5898394013841861,3,0,8.475556409809782,0.165347444754691
1,7.802489339713034,1.1069891126654727,2,0,2.2967051289775595,0.6465041403498544
0,5.611611298056913,-0.6031292426481158,4,0,3.045959611459735,0.3064715512172404
1,7.8882360884087035,0.6224080697923652,1,0,12.64527483058098,0.5929801897641468
1,7.484694278363358,0.18244809597646958,1,1,3.450529988036151,0.5622913279829065
0,0.8314956190204581,-2.585562179123786,2,0,6.012242059243653,0.06743970247108586
0,3.0484128187745014,-0.7560641214702215,3,1,1.6446427478978771,0.3683407467197148
0,5.507127478004345,0.22050836793540218,6,0,8.430802038729066,0.5397230047914329
1,10.201993388720192,1.5539760815691257,4,1,3.0346882369080164,0.8354073311168673
1,7.1385655467171585,0.2872682859036707,7,0,4.612720026238536,0.5433557096499148
0,3.607692902661848,0.25769587977073977,3,1,17.137629954777424,0.681433416984612
1,4.0090061244091855,-1.412684089629386,2,0,14.024503085501298,0.20249012396214028
1,10.21848519203259,1.4311466965234902,3,0,1.587294337748223,0.716611353846569
1,8.525507536409611,1.8070769951881158,2,0,12.613511329684563,0.8163343575417784
0,4.531314543953843,0.02857504312397509,2,0,2.8622703371309544,0.4127216016882003
1,4.111313104540984,-0.2197570482201158,2,0,3.249056169346396,0.3620321340690139
0,1.5795121051237142,-1.6190497158096595,2,0,3.880735507848589,0.14062285509792613
1,7.4224886274488515,0.8833210589564918,3,1,7.52101676150651,0.747064001303429
1,11.603487145579624,2.7022793256924214,7,1,0.635643145360386,0.9397970431254534
1,8.767674170316093,0.7171130747864916,5,1,5.310630816902222,0.726744464492937
0,7.382838941343565,1.2637035181531975,5,1,4.063380106416186,0.8082869903260175
1,8.153214833299154,0.542087293708166,3,0,3.4013997669023106,0.5431210032010528
0,2.58967019458545,-0.9850158865687554,4,0,1.348871053792339,0.23097881499365397
1,10.274984721756915,1.3366726310198633,5,0,9.405042825862257,0.7573364037104795
0,2.549745841768096,-1.2345748994697192,0,0,11.486324358616603,0.20198091498500062
1,7.734151010765687,-0.21066490566304208,4,1,5.296693437432704,0.5231880848068612
1,8.69228903054545,0.2788517450025256,0,0,3.826323922704301,0.4493306935174483
1,7.736441411750898,0.8829096607766574,3,1,6.644791118027217,0.7428316430914725
1,7.6768592773986635,0.41598566543096366,4,0,10.813763335467307,0.573154008122586
1,6.867502190390378,0.3868345008334123,4,0,3.086145979018963,0.5188172834791256
0,3.4389871472097497,-0.7614880684287629,3,0,1.5469067112261203,0.25986571987032664
0,3.111807746771393,-1.289371413960456,4,0,5.404445242719751,0.20176117414258443
0,4.237854337143319,0.061480668263211365,1,0,2.692571006674373,0.40676544980683166
0,3.492207676742666,-0.7101947772428983,2,0,6.519437384853763,0.2836984488491052
1,6.018928010568697,-1.3077856280692512,1,1,11.146169869420415,0.28938911125630373
1,3.2384887251131866,-1.265946471501941,1,0,4.101651570004296,0.17699940755705448
0,3.6288801482646464,-0.49012847417311295,3,1,5.663311788686591,0.4502816371901656
0,1.6821027280068468,-1.852578860174007,6,0,4.9896329838991855,0.14275668083909995
0,1.4700824892040631,-1.3474687028443724,4,0,8.931699925164558,0.20760391996794272
0,2.554882673646336,-1.6351369290692526,0,0,10.276105528348229,0.14620010348723028
0,4.226731893333491,0.1822594637816633,3,0,4.491653476122021,0.4691205633556048
1,6.666684770150032,0.4079842295184183,3,1,4.158273207559095,0.6390267907905208
1,8.205929538818987,2.0071409631828265,3,1,0.9030334658847803,0.8731389931490069
0,1.7121317134666847,-1.4975297992323828,4,0,7.645030850417763,0.18143563807613394
1,6.413044616881715,-0.6795969589096627,2,1,3.831729516984094,0.3856003776395226
0,4.8839117725542085,0.9126113893228037,1,1,7.006763173896421,0.73037368719605
1,7.056152310898664,-0.2167738049889562,0,0,10.77804054195951,0.38328092390967017
0,4.58539137677265,-0.3269979387077995,2,0,5.5194804908726525,0.3529011369713518
1,9.824587574590677,1.709169703339553,8,1,0.6507201517720691,0.870402328774197
0,2.2487779568208834,-0.3384061595207278,3,0,3.3242663853669665,0.3494497238092774
0,2.1736833229425834,-1.1561948693340067,2,0,8.549626894710427,0.21808950764634707
0,3.7781945841117937,-1.3169399598669396,2,0,8.771638686872858,0.19529649580490083
1,7.366776198694703,0.3356943223139325,2,1,15.434225665283641,0.6765540963753714
1,5.835678944854349,0.30524160340596707,1,0,1.772996352159389,0.4548836346315125
0,2.0473802243843653,-1.3717023702861768,2,0,12.054545453010297,0.20050060731153382
0,3.9879116752676773,-0.9853962577263109,1,1,7.4503085174121075,0.3316794531538754
1,5.964516322647126,0.5347126378156121,7,0,14.518892999432595,0.6557053509061497
1,8.629702701155942,0.5772667725251409,3,0,15.680339469410358,0.6251694280193917
1,6.707486628557395,-0.6432220836039892,1,1,19.165985102467403,0.4750830951534088
1,7.3736402153923795,0.6222162018519841,8,1,10.592428042950619,0.7640124945861183
0,6.179591698098723,0.5718545872905609,7,0,6.351924201946737,0.6162040750863119
0,-0.6034416134008769,-1.7830817487195436,1,0,11.396029815304532,0.1394491332368527
1,4.70753329742596,-0.3120637504487101,3,0,2.673872262707051,0.3511448766654433
0,5.3135358043011856,0.41512559112112213,3,0,4.962240676110002,0.5243978705425465
0,5.246982528633854,-0.5730757021639871,5,0,2.887385096486904,0.3222210275262685
0,0.3088266747701498,-2.138931868967707,1,0,7.711208247349337,0.09689083756520758
1,5.173196069319401,-0.2830147214661213,4,0,18.037246556245126,0.4616300661815373
1,8.321366808221295,0.7520931599414118,6,1,9.429693792387187,0.7618095794775644
1,8.973332011016424,1.5804055858131327,7,0,5.082053402722565,0.7940341941977673
0,0.6459161100143307,-2.190782661253991,1,0,7.1742172412247545,0.09175860189078273
1,9.829241633928184,2.6133213455642696,7,0,15.095507121668934,0.9261757599835898
1,6.358223303533545,-1.1271363310292688,2,0,3.7291868418699434,0.20242716337395555
1,7.435737103828977,0.9569708708011316,4,1,5.379535162914404,0.75873600761771
0,4.475771206267756,1.2341980705343905,3,0,4.882292277449336,0.6969541622367259
1,7.765708018350638,0.9830173001338016,2,1,3.2837988041345545,0.7343508659441258
0,6.034036643629916,0.14961847956037583,4,0,5.408173056054545,0.4799759549998837
0,4.323245328123268,-1.1614176626879231,1,1,15.346831634275398,0.3403791390738802
0,6.063399872510346,0.6265587879860715,5,1,8.498709842834629,0.7263874817366559
1,4.242358825388175,-0.7152331767755107,2,0,9.1952199233349,0.2965399037853949
0,0.7644367435187587,-2.5226949434372874,2,0,2.205291424316518,0.06505265681402612
1,14.234873456627612,2.8288986337162725,8,1,10.265487730053943,0.959012853630944
0,6.101953392850945,0.7081020219606693,3,0,8.009727969472102,0.607671518633978
1,10.263123658151287,1.8180771284865394,0,1,4.973312348108651,0.8469143791829606
0,2.0276837324542054,-0.9116228074944426,2,1,3.3678571562130966,0.334864657931048
0,6.68590142625623,1.4675028234118994,4,1,6.749298717050425,0.8374648503265102
1,8.844730730720524,1.5898691581489963,8,1,2.2295747958141177,0.8625486613145055
1,11.260780037564668,1.5545495245011742,7,1,9.033463016635,0.8726873123175752
0,3.7620927468093504,-0.0212063332121524,0,0,1.4593209804054577,0.3699100601659119
0,2.7339203656103948,-1.2024620437425992,2,0,6.8747675998757725,0.2041839684547851
0,3.8770360688271,-0.17731280686363585,2,0,12.101445608946811,0.423836089983248
0,-1.2018435200668676,-2.2027691137666046,3,0,10.680576979265101,0.10760153991089978
0,3.046908633738518,-1.702012389403535,2,0,0.572191862763182,0.12265698127671715
0,3.250322327445791,0.09193878115026889,4,1,4.248743340356136,0.5839387194735962
0,2.9704214994987472,-0.991398465768181,1,1,6.732825588737814,0.32652640315849707
0,2.3993187550554254,-0.16444685545475027,1,0,2.8971815224831334,0.3599519660103848
1,5.531895878261521,-0.10899975140135905,1,0,5.14236420388711,0.3847249663444136
1,9.023404877396144,1.9307270485184007,2,1,4.414985728099028,0.8696682831747188
1,7.65790055193306,1.297626569750945,3,0,4.865971042991518,0.708789701619092
1,8.306480935247082,-0.04487258416282581,3,1,3.273084562029699,0.535301613665199
0,5.635432655463031,1.2088995341693431,3,1,11.662163447954097,0.8145066661318096
1,4.904476488185533,-0.7797131446903424,2,0,2.7337795295140275,0.2528636397921797
0,5.224949474172234,-0.33689702409487016,2,1,11.79890163942951,0.5104397873299363
1,7.580792470814537,0.9102243101173967,6,0,8.36411681854337,0.6853146444838482
0,2.4525178666721565,-1.2416605775709948,0,1,2.2808224673612805,0.2477825386737709
0,6.230979444399379,-0.2789807283002251,2,0,13.808103597823859,0.41195725048035414
0,3.6418831138996417,-1.3208458600880442,6,0,4.905978250827417,0.21146591303257178
0,4.068702529472237,0.11747240782797058,0,1,5.090351555762788,0.5456187716968909
1,9.596045665675922,1.6325157555894336,4,1,7.393959173025582,0.8586488900740795
0,3.0543581731059932,-0.7520968891009723,2,1,7.174087072559644,0.38994699591050175
1,7.311304058657699,0.22587949591382886,5,0,4.348807091755399,0.503002894798988
0,1.5343806902628134,-0.8973219016364986,1,0,2.393133211290353,0.22308789500242754
0,3.562467268938158,-1.1495489432403887,2,0,3.8165351950655957,0.1995385905840491
0,3.863015469336143,-1.235849520341746,2,1,12.292272470266894,0.3197419914793959
1,8.624564671971267,1.4547520814096038,3,0,2.041318852046662,0.7231838368803579
1,10.384223410356727,2.362435470617594,3,1,11.481787133170714,0.9250645610431885
0,5.460831082922328,0.4830437053055756,3,0,9.615421789985922,0.5683506202078047
0,3.313056428579623,-0.7162929691373378,3,1,10.188946458753364,0.4280185534923724
1,7.645497643435233,0.7048916343431867,4,0,8.880936016786046,0.6239682422520156
0,4.200810927811557,-0.3343235263430333,0,0,0.9308360117377803,0.30414848584278315
0,6.931070015081029,0.8013983475373727,8,1,6.899274994972751,0.7762144117459382
0,4.333774132786956,0.29099363819943935,3,1,2.4181063267250824,0.6040447135908531
1,7.14443058246091,0.27970415085508915,1,0,2.8974207589878507,0.4561552159496815
1,6.149224238015714,0.6072760593752837,2,0,10.476181505643327,0.5886658953061498
1,5.683623066298913,-0.5794936369771572,4,1,9.468253919967292,0.46634149941332703
1,5.713256494480428,-0.4043678231128611,1,1,13.591661216399382,0.49396541543665223
0,1.3928306689645975,-1.7212455900539538,1,0,6.7233649412020196,0.13226981760102752
1,6.110176208390154,-0.441869441453459,3,1,1.1745568525470957,0.4333199286517356
0,3.05390291439123,-1.422332690064836,2,0,3.616215034267398,0.16250669820030392
0,5.4966646945659745,-0.14468119903994156,4,0,8.773293431572023,0.4351472143126471
0,4.190482724761086,-0.9576309493862568,1,1,11.17454339236792,0.35835656504940405
0,4.314245448599136,0.10123442032130817,1,1,8.018283139028464,0.5723799757774204
0,5.753569931132305,0.45323930641573995,3,0,4.2687861412815415,0.5286274143331974
0,3.25398411511364,-1.420122571064877,1,0,2.649972853856975,0.15292249224744478
0,2.4118271781014227,-0.8132790942459649,1,0,5.31099129245778,0.24989424357213058
1,3.70328719994711,-0.9433119018353825,2,0,0.2808490231936185,0.21552133214296634
0,5.078643783072781,0.7464934250784422,1,0,3.9688148460876347,0.5673542081162992
1,11.548597436424,1.7063620273868247,4,1,12.408632583500612,0.8803703171949114
0,4.924913347778473,0.8515366153697317,0,0,1.9435875770971154,0.5658582823773899
0,3.8081716046577343,-0.34941892769912597,1,0,10.534501435424065,0.3656058753686978
1,9.86022712760992,1.4650063896361285,7,1,2.483256319489872,0.842982264945853
0,1.0751077323513771,-1.5141077364412707,2,0,4.081889628991972,0.15307946281794826
1,8.254456135891651,1.4993580521280918,6,1,8.805024817265538,0.8605118658613473
1,5.618176493375278,-0.6562142063018171,4,0,8.938980171980432,0.32802787237840686
0,1.272964644862344,-2.7802932151547175,0,0,4.824792395075992,0.0506112686960808
1,10.261090910661595,2.6508047390847573,4,1,3.838463061423851,0.9328731952341255
1,8.886051190890571,1.5780230743235615,8,1,7.078869435261327,0.8751401900036927
0,1.5611625763599604,-1.0318837271201073,2,0,13.620790051380606,0.26150216588757497
1,8.165887320694546,0.16900864759315984,2,0,5.285254818239537,0.4586544148735051
0,3.43251280577509,-0.21449945225320038,5,1,1.5504980709942737,0.511426246495838
0,6.387855892107082,0.10222080329493188,3,1,4.1880777489249414,0.5736357699468243
0,1.5087725261052074,-1.4832864375412333,1,0,4.207724004676553,0.15061768047922977
0,4.359934954565025,-0.681493982666794,0,0,3.421819334802093,0.25392274226855105
1,8.762511602360027,0.46796128274761895,3,0,5.17493034840495,0.5375636916256203
0,3.7501238667142216,0.2226961699555749,3,0,2.8041272896744767,0.4676775717167858
0,7.143765015855131,1.1992385100066276,2,1,6.6229729367446595,0.7849735505560098
0,5.582058786959459,0.07975025742709378,2,1,0.7820577168394134,0.5352729785793023
1,11.409294571612016,2.3492216858979997,2,1,7.70522178634544,0.9134834917729461
0,3.3016909857182166,-0.7157315571686473,3,0,9.913153568333996,0.31081120806975127
0,5.959912163071169,0.2593323919535436,2,0,5.996806733371621,0.4833360042605999
0,2.5068122016925276,-1.916317895933467,2,1,8.05561552552653,0.18644219779598253
0,2.174271660780252,-1.2531331287645449,1,1,7.040278145196979,0.27852038691673026
0,7.9662731846195705,1.3285259609313695,4,1,8.761623445130258,0.8270287339860937
0,5.006638952202425,-0.9428027674786568,4,1,4.291089290497852,0.35634918522584497
1,7.801813871306567,0.5306751740014318,5,1,4.766055856704938,0.6892807846426519
0,4.787408853984993,-0.06177085735139875,3,1,6.144103271360633,0.5493410960823676
1,5.627074135471975,-1.0445489576875715,2,0,2.911604649109976,0.21126719637227478
0,6.2442995829459385,-0.34824927418715956,1,1,11.014341237789914,0.49048469499443126
0,2.236638344970427,-0.5142336346467203,1,0,2.7012376001542235,0.29002156147312624
0,5.29977867351297,-0.4873658684579376,3,1,3.04950692395987,0.4347758889988735
1,9.686799897970783,0.753608210927443,4,0,9.231486544508428,0.6362291251634858
0,4.693407090125397,0.6523445544165802,3,0,13.304814787689793,0.6270847387133697
1,6.038581908228891,-0.5774256966270559,2,0,2.3662325051425572,0.28689194454522887
0,3.3412841578928294,-0.907102803839221,3,0,7.7712684070963665,0.26461644367559983
1,7.517926787713032,0.2823373345183147,1,1,4.212535159974907,0.5888992940502168
1,8.498968115186544,-0.10001541175059649,5,1,12.709157552275204,0.6053279160359444
1,7.089121953977081,1.0282824624497804,6,1,8.561799121515124,0.8005122803292888
1,9.941517237884778,2.655293570613392,3,1,2.498636984270507,0.9277231945148925
1,6.031647987036168,0.8429244344247891,2,0,3.5992192073957483,0.5983542457987583
0,4.6334769170385295,-0.034730271064206376,2,1,8.341981689067502,0.5565796999998074
1,8.07850474697032,-0.17204397087905782,2,0,7.866433210954707,0.3993489045849141
0,2.1106992462752525,-0.8566941204641656,1,0,6.895152482584596,0.2499936986120023
0,3.0496449956347926,-0.9066727843825847,0,1,5.459878964882109,0.32530258599044604
0,2.441039194357682,-1.003415510501075,3,0,5.0767827896724125,0.23574435157515533
0,4.956414333729473,-0.39533517140537894,1,1,13.032307427503614,0.4925020699659185
0,3.972273179642134,-0.42714344576083985,2,1,4.698052603703225,0.44596737245324836
1,7.3431125776500465,0.7437307065618273,4,1,7.763098529509865,0.7336918653380325
0,3.0380100898331532,-0.39899901500045487,1,0,7.743943420498093,0.3395050788191046
1,6.25354006200115,-0.1974497164360777,4,0,10.786167373243586,0.4358429838543512
0,2.05985193408163,-1.2182740255558127,1,1,8.85154957547314,0.2941821882976516
1,7.170927358485674,1.644575629197004,6,1,10.601994647686801,0.8802888076355664
1,8.615526628791654,0.5069864095865559,2,1,1.5551728300339023,0.633013593639539
1,9.485404260753766,1.7888731692239133,3,1,4.630626253345893,0.8612548323188147
1,7.540962019770387,0.7968857920360226,5,1,4.006352959276074,0.7344572676351085
1,9.035094359004093,1.489635951913291,3,1,11.700096556784475,0.8498180579002261
0,4.8617344828357165,-0.24848752544496672,3,0,6.6901159344214935,0.38784354427805584
1,7.152258275851511,0.7171608079569028,5,1,3.477697736096764,0.7175593395828658
1,10.748974557671616,2.705506369509455,2,1,10.443235301867613,0.939689122073189
0,2.5867796823777836,-1.2235344616058148,1,1,4.273462342336148,0.27005482061486835
0,7.61489576890226,1.1762689550642216,0,1,6.87750932621372,0.765052036022041
1,6.957246965398809,1.6979442184119353,6,1,3.1478811456978546,0.8649289963420089
0,3.6298574870168774,0.4211275777094194,2,0,9.158872721304476,0.5394147117062263
1,9.245087055704975,0.7652124357168802,1,1,4.888134765681182,0.6923000971227875
0,4.998270833095119,1.279634467713052,4,0,4.826054959812495,0.7155150732585792
1,4.514217851105593,-0.6702951659654681,2,0,1.848257286826712,0.26755576092434596
1,6.446579271486686,0.4174117281438917,2,1,11.781952475505156,0.6726553213953395
1,3.2711532129011602,-0.888004935618753,1,1,5.420848993191432,0.33991271387489036
0,3.988250758631557,-0.6912470413214244,2,1,9.21982457623511,0.4154143808490405
1,6.318750637572963,-0.6315627456115833,2,0,9.69897531735263,0.3151972757177462
1,7.385470576837274,-0.14626827269219284,6,1,7.856266360017158,0.5780479675263273
0,3.4499224118222536,0.14977563848346317,1,0,12.03353720723666,0.4839146788213753
0,4.3305516933381405,0.4630331670186004,2,0,2.731125712378078,0.5087511045497999
0,4.419944132245442,-1.4509086898153556,1,1,2.9610909636478957,0.2258681918301469
1,9.694009266073433,2.0267754218405436,4,1,8.655128799477898,0.8993909953772748
1,7.608253614294654,1.183528956756262,3,1,5.093996582931307,0.7845744298849023
1,9.122938457446498,0.7435627693927573,7,1,4.457231122862121,0.7466145619232502
1,6.0848958123309025,-0.36653039160670736,3,1,3.1107962634786164,0.46204628722632957
0,2.3163836673667246,-0.09130666673423081,3,0,3.022042192208392,0.39972167139740233
1,6.6998645275632365,0.5611664206332558,7,0,8.183240868084887,0.6247199214463739
1,8.644799902266216,0.42143998639528435,4,1,8.88163262079582,0.6794699121201668
0,1.657581593804884,-1.7210624380768245,1,0,2.32659857798165,0.12017317933884078
0,5.333902110897138,0.7592792642700629,4,0,3.264722797942227,0.602278848883421
1,11.665589880648794,2.9882475884033077,3,1,6.288149666766699,0.9501038083910368
1,3.044151699388235,-1.8932899501520968,3,0,4.7503456384270475,0.12076535980668154
1,6.649815257242975,1.019677621634092,7,0,7.670531511629085,0.7128923402887468
0,4.7293105759168395,0.37850197507595706,3,0,0.6015773469546676,0.4889246147477595
0,3.2115493233728714,-0.11441521971153995,0,0,0.3726401997838922,0.34442018162386934
1,8.666181687656017,1.4070157400223116,9,0,3.2213779765901442,0.776753864738126
0,2.1049835022509296,-1.213596313080212,4,0,5.393752796569563,0.2129234396923626
1,5.85649452632064,0.16709499277851292,4,0,2.768596310133155,0.46744621610776416
1,7.197894755117822,1.5019546519282645,4,0,8.753802491536693,0.772169868549626
0,4.930242041845245,-0.2020985448325452,1,1,8.61973396403676,0.5084003741764103
0,5.598609393072217,-0.42926303302657054,1,0,4.571587276855904,0.31603645516406953
0,3.118068679713571,0.11797722239794746,1,0,3.8399576886534845,0.4260901076977306
0,5.150900855376006,-0.45675534800482764,2,0,13.268447008119873,0.3706641552294147
1,9.530594312953006,1.5891687302935997,1,1,2.383431859728025,0.8160539040478392
0,2.824910707488267,-0.931847773671157,0,1,5.460843539073056,0.32035476905786736
0,4.558283374392021,0.8969312703305735,4,0,2.1972892226754466,0.6253151227866527
0,3.5665623968772366,-1.286683799566433,4,0,13.3881404100164,0.2362568629050837
0,4.85365971634167,0.6875724027218497,2,0,3.902534158834471,0.5662036209238173
0,4.008668395968704,-0.10779946957536914,5,0,2.0327439321830876,0.41430398918919575
0,0.48735003487708,-2.65516197132188,3,0,8.931509386554774,0.07133519482335958
0,6.469318436845915,-0.006143153353732409,3,0,9.56361502552297,0.4584861740310468
1,3.2757656921936067,-1.0967837412742523,4,0,2.3489214668981258,0.21782571253283542
0,4.481608602134128,-0.45678151259372246,3,0,12.523686336331743,0.37800815719453323
1,10.84544604093206,1.581551798649239,1,1,5.145011391108916,0.825205565706524
0,3.0782467015157553,-1.1485810870406674,5,0,2.5528461848664414,0.2192740587121129
0,4.944048893666896,-1.0899504257265902,2,0,3.088252175582104,0.20525811916227604
1,8.97524621628812,1.4808828568718004,1,1,9.898683131436066,0.8292415707312693
1,7.54000336759511,0.11919692046819659,2,1,14.494165676518666,0.6270615643290051
0,7.484651164955956,1.5847309175915665,4,0,7.244198583517944,0.7785717927923071
0,4.444799995730638,0.33260737411589053,2,0,16.193255363333712,0.5632045856340949
0,3.3142832047029294,-0.90706467160641,1,0,12.163591813063736,0.2665361541659094
0,4.869893277917869,-0.06816737185530974,1,0,8.573647048554573,0.41410780697542665
1,8.054914942577284,1.2641284304472291,4,1,4.637681446565737,0.8027636567297636
0,5.97023780420351,0.9675052248511342,1,0,3.1936262142030096,0.6107807762542034
0,5.449884994397818,0.0009115320758069846,3,0,3.2913005491001313,0.4214321321198581
1,5.408547453532222,0.05014367071243192,3,0,7.991140864546114,0.46130448904268917
1,6.590360111826677,-0.11570044011517851,3,1,2.374974555637401,0.5138074805425622
0,4.579368684529493,-0.5946671712463415,5,1,1.2826853803218827,0.424791696413568
1,8.651388106281706,1.9858797493751439,7,0,4.4986222894092736,0.8455030383807247
1,7.293926409772446,0.007393170164879609,0,0,7.177308898373826,0.41001256744329256
0,4.004110627329943,-1.1629091187923692,0,0,9.116686880388208,0.2028297948551634
1,5.691983991577617,-0.49041754861728876,1,1,8.033678877545428,0.44015480293405695
0,5.888474895330331,0.7468198607642406,7,0,2.5821583456433386,0.6310425188367096
1,7.1750892389716805,0.6595594318782978,1,1,7.9048848721190605,0.688094432320832
0,3.8675994884165346,-0.14099903467320576,0,0,4.630184332081008,0.36328268058317814
0,4.021075510500051,-0.6872569566347936,3,0,6.640438192993423,0.2989044331882364
0,3.992415476255698,0.024582120939776186,0,0,2.7009585526225965,0.3869022927932252
1,4.829729282711205,-1.7206875500530123,5,0,16.646469896601385,0.19271613641431481
1,4.507455706690374,-1.3384432150414223,1,1,3.3109842529359,0.24567305381680835
0,7.664289430479403,0.821399594139533,8,1,5.246221708963292,0.7721366046930521
0,4.622607105173798,-0.4927687948123542,0,0,9.313726149558741,0.3185054296227317
0,5.484094014286792,0.385483933892715,8,1,11.81619511347768,0.7295499508603032
0,7.16527678545327,1.252592533070883,2,1,5.392870430705754,0.7878735486991647
1,10.398945556504286,0.6679124924998421,3,1,1.1572230159831953,0.6748166437252437
0,3.766740507606405,0.021189653318113826,2,0,0.724910874059639,0.39823935677900785
1,11.298447309800494,2.187981864530712,3,1,4.208555071097499,0.8979267273465197
1,10.526379379172553,0.6864987964126616,1,1,7.248295619253016,0.689772579917065
1,6.536143795870518,-0.36446034394198246,6,1,5.7621535376600495,0.5165038845709355
0,6.2881449317449185,0.7526967264568842,3,0,5.7709149542147715,0.6038899559816103
0,2.794310306226407,0.419346493896769,3,0,4.923111319653632,0.5251012873498873
0,5.260061527823435,-0.8799859722813214,2,1,9.239931934037097,0.3749616915008513
0,5.38158516589678,0.07501520407748195,6,0,3.942548450220182,0.4790316539650773
1,6.89297413910171,-0.16962420039136794,0,0,6.776365982449118,0.3697585835769216
0,1.7283891777632372,-2.0215523437034415,1,0,4.153302830711019,0.09836146964957385
0,5.668724156870204,-0.17725145727058092,4,0,16.86785064271543,0.4780565929850334
1,7.748784310229144,-0.29105534618990875,6,0,14.935278287657955,0.4654133603534645
1,6.67685564389858,-0.45063933502457765,3,0,8.565323448537583,0.3563039886728824
0,1.791619729525085,-1.691096798191634,1,0,6.603047325984005,0.13506351406416675
0,3.701003514090977,-0.3646500182510735,1,0,6.744879376088077,0.3408377771730988
1,6.962059208953223,-0.04080209072452791,8,0,9.49829506100365,0.51268115363192
1,6.683812262269344,0.10479554070860274,1,1,2.508499541305417,0.5391766505583072
1,4.220151628201725,-1.1673596004573077,1,0,14.567665622541195,0.23389767699377073
1,6.031560497077522,0.6502266590909276,4,0,2.439770959705945,0.5735128896490018
1,4.793551152391833,-1.2496713584632424,4,0,6.741735619287493,0.21312998494358268
1,4.905611085919195,-0.23004121509448516,1,0,0.5848099106082416,0.33349564969257894
1,8.311755838610313,1.341658720456726,3,1,1.3477165900255659,0.7926848721290589
1,4.251458780602197,-0.7117573020089456,2,0,8.60447039316326,0.29411742395332213
1,4.96135643792118,-0.5250016779687878,2,1,8.497271949943668,0.4476748533713452
1,7.868873211492003,1.1033530773375757,1,1,3.759753703294767,0.7478185711108241
0,3.5993680196616666,-0.3947134948174819,1,0,7.110620417294712,0.33682472403185226
1,8.503230446122597,-0.3052563851455138,5,0,8.955051481598668,0.41317523220460906
0,5.5052430543231905,0.22735868500971498,4,1,11.053448849800741,0.6527068892778077
1,9.693380239721009,1.0784191064946678,2,1,12.53403961624482,0.7914896605204884
0,2.079544377600172,-2.2646259109564686,2,0,12.618055391904633,0.10222787064920555
0,4.235486785583236,-0.8511711525341055,3,1,7.443094235942922,0.38225763159791565
0,3.2572796213925117,-1.0349134408139684,4,0,17.440742197799942,0.3003979575585995
0,3.320024078444982,-1.1144134810834543,1,0,1.6205365935424334,0.18809155870140923
0,3.948210478405541,-0.8777834753447102,2,0,11.65652532975146,0.27916807138138966
0,1.828552015493785,-0.8615483089052315,0,0,10.107374748556083,0.2548882279728092
1,7.332749279991946,0.3092160512002342,1,0,3.491020064761449,0.4664430069732108
0,3.7129504059831127,-0.9121276954716766,1,1,13.70453439518585,0.3826532658031049
1,5.158785448974054,0.12558427796144458,4,0,7.052810681131012,0.48484117632162715
1,6.7299982799843985,0.41142057487189804,3,1,3.8292570264400494,0.6378419815119988
0,4.640809478243462,-0.7480531806818757,3,0,19.19931870063222,0.35588608690704077
1,8.327294744298102,0.1338761754133952,6,1,4.553092601091385,0.6187664860826645
1,8.722659904598173,1.6775191154460816,4,0,6.638828783419706,0.7901347634391337
1,7.99725735911316,0.33005396421210825,2,0,3.7622071794339407,0.4852801915406451
0,4.34999811971701,-0.6529794238599105,2,0,6.864445510160264,0.29607263909837195
0,3.599331813135369,-0.06652061107914677,3,0,27.866935640997596,0.5589261029829152
1,4.167366918032991,-0.9379420327921617,3,0,7.595397897071053,0.2584073510226999
1,7.835228176245384,0.27713621736140426,5,1,4.092980031049551,0.6345408356581249
1,7.3718396739718175,0.8824491394473416,4,1,5.463958927212183,0.7466459511363417
0,2.6008559057184772,-0.8379442947522655,3,0,2.7264463695551457,0.25237438351904434
0,4.358928867890323,-0.21394383528031954,3,0,2.3396035767717827,0.36957060489973287
0,5.722998281355182,1.1372961410537146,4,0,3.957555618735933,0.6840626164706946
1,5.067082774757324,-0.5084857091926813,3,0,5.337807011910038,0.3264705528919442
0,3.7189111249827578,0.19210250301024473,2,1,3.804464188166772,0.5788377000235803
0,5.723724967217766,-1.046130800054778,2,1,9.462986310037948,0.3418764956462719
1,4.331103738007156,-0.8367857772429679,0,1,7.8466391992663365,0.352757262437652
0,3.176174519465656,-0.52346318956414,3,0,1.4878300739005732,0.30281660915269004
1,11.08241805578764,2.176320023214294,4,1,4.4873863937771326,0.9021082882476267
1,6.292020650205719,-0.40905014133652295,3,1,3.8126251178423143,0.45689985538628153
1,5.074253991271346,-0.5299586860696227,5,0,9.593990438090078,0.3688594140866624
1,4.474604094405635,-0.563193528477139,2,0,5.723943322393051,0.30708652390560565
0,5.858902405866004,-0.16560235405827292,3,1,3.1080303484692964,0.5071641696832828
1,8.722150107599466,0.6559301183529251,4,1,4.828408651710795,0.7028794236412115
1,5.256173053525056,0.18949043700352977,2,1,6.814146454447119,0.5964981469042564
1,7.671902660456824,2.0578146747003956,1,0,5.1899029301800415,0.8148414064143629
1,7.8672523677579,0.21379444673291043,3,1,3.6481381567929327,0.5947455332226625
1,10.642366633390669,1.4474041493565695,3,1,6.954924109181766,0.8287134903433432
0,5.202496720680128,0.2767111160248597,5,1,12.04490319113528,0.6792141244267292
0,6.440345885973793,0.6055814984474479,6,0,5.053211736171398,0.6038071190911378
1,3.3103767278124367,-1.4435999397133137,2,1,4.097833669325856,0.24107514012353454
0,2.45570069222722,-0.12705944813917863,2,0,3.927012452718749,0.38552121227215824
1,5.643428504987118,-0.06894774062879866,3,1,5.636492530864907,0.5445960120065635
1,7.090024838072938,-0.24295700689747154,4,1,0.9683482933981638,0.4888886799166539
0,1.5858211462499137,-2.152878627190867,1,0,5.200929784939607,0.0904981585340877
1,8.958929209543243,0.8806244618726567,5,1,2.4944548619896367,0.7417192033559141
0,1.8751821493731162,-0.3871503296821815,1,0,2.3347138017643094,0.3121541864191677
0,5.860406098855443,-0.4380713222463156,3,0,14.59524900340811,0.39427368346540637
0,3.437468832866742,-0.25517146104015803,2,0,0.495612698946612,0.33910974798217025
1,8.822566050010618,-0.22807918887443684,4,0,3.0891026495703806,0.3827141823904917
0,5.008824903873983,0.40709842078875075,1,0,2.7071972278865686,0.483523095625056
0,0.9522537616766782,-1.2710322515652643,0,0,13.463324568404222,0.20467199970918504
0,3.416920439103191,-0.9310420569169968,1,1,1.7339915470340956,0.3111843733946539
0,4.150238801880516,0.2906332958993996,6,0,3.99151158471991,0.5278107059161161
1,8.74057100219736,0.1455828113203634,4,1,2.8925448934839038,0.5874268374662582
0,4.240123960857225,-0.37665480890873254,4,0,5.673067358610627,0.3665229474471696
0,5.556456744317098,-0.5739124056409823,4,1,5.300903833732054,0.44176583476142367
0,3.036454873512064,-0.8344247031699268,3,0,20.71046490650288,0.3467806333182695
0,3.60266420694888,-0.0583551638956689,4,0,3.908519922409291,0.42438288033671795
0,6.9591545238282695,1.1807324731914441,2,1,14.0350429078085,0.8120727940550765
1,4.938813830455258,-1.0580507513790518,3,0,1.1907501892689192,0.21040649346044965
1,8.282377066166527,1.5233180466501626,4,1,8.532942683376627,0.8499628623089726
0,6.805280562988003,0.8439814653804283,5,1,5.324519917236544,0.7488891155193411
0,4.683714121372912,-0.45296373730993883,1,0,0.2294650874973181,0.2886538921088656
1,7.745019722856194,0.7830748754630861,4,1,4.952916914661983,0.7268284136544007
0,1.9513870187114777,-1.4659034168620872,3,0,5.429928212293962,0.17029120186116845
0,1.933185836032612,-1.7315749451612408,1,0,19.306494697593454,0.17139750614633
0,3.722029302467014,-1.2897822561511796,3,1,3.466944391931591,0.2740579877186278
0,3.8974843993325914,-0.4097464653141918,3,0,9.504922099802561,0.370248996411361
0,4.407081774361361,-0.3254099689496813,0,0,10.869694558923124,0.3609769065767987
1,6.718472446585203,-0.51514241714267,2,0,3.2648278445639285,0.3032207666252326
0,4.274765776387392,0.09942269056475599,5,0,1.5996985033603088,0.45747123071143847
0,1.0544044228583291,-2.1351539077186805,1,0,3.591533037422308,0.08851926947415559
0,4.766477940126956,0.4953494063515442,3,0,4.5900994480873445,0.5400557160777767
1,6.365324465685522,-1.4193005788923314,3,0,15.215687541177253,0.21467399787272365
1,6.000740792756245,-0.6608506052253199,0,1,12.753770552495276,0.41923336802520156
0,3.842682760998392,-0.4128504662929992,3,0,2.7332604358948935,0.33109561901815443
1,4.624901114708861,-1.156210636742483,1,0,11.614631488327134,0.22266140282562652
0,3.3723378074398394,-1.3709996686375883,2,0,4.284461083897691,0.17125083588544152
0,3.465427612770422,-1.0060816652143074,2,0,7.040040889846962,0.2351470596315035
1,5.66686760035549,-0.0119236421411786,1,1,6.293443103543226,0.5365856954469271
1,8.74702283202731,0.5899821790594377,4,1,3.583622096329555,0.6836451594514446
0,5.99532598771301,0.5642351777039467,2,1,3.1134960745824216,0.6537692639511605
0,3.9597853622595363,-0.9944910382704913,0,0,1.8918428750544347,0.1981740526740267
1,6.21559866502874,-0.791577148211955,1,1,3.134233677306326,0.34658970264864347
1,5.477245417736758,-0.9206031646499282,4,0,13.409420481814518,0.300838678332301
0,4.5598231796677045,0.44981231209647754,3,1,5.4550241170092475,0.6550261821701783
0,3.020760237137587,-2.037420180518552,1,1,3.7167959485341093,0.14921664655289313
1,10.083997596536818,1.2383392605822288,4,1,8.177056121945016,0.8128949611023608
1,5.258058352669903,-0.48480487528966326,1,1,4.908833414496801,0.42223539718602554
0,3.1427428830510333,-0.7835248638003831,0,0,7.392896900069761,0.255336538120572
0,5.425735867691243,0.3394537959075636,1,0,11.66500946037306,0.5242643384778427
1,8.594185236469205,1.0326190551063525,4,1,13.599659221653722,0.8052362818539271
1,8.236969339587121,0.34258325688492597,5,1,12.72106146688363,0.6955829146694548
1,8.320312685780667,1.0527444573186129,5,1,10.085679962203425,0.8021223132884856
1,6.527974907790705,0.13435881665376626,3,1,6.240271391993668,0.5931323757719152
1,9.670175075061264,1.2296386057077333,5,0,11.08706943994769,0.7472221481903646
1,7.071186877903928,1.245160038618696,4,1,7.6192067717273275,0.8117045586479623
0,5.156961756262547,-0.09947878933206503,1,0,15.99158568784487,0.45270648532213875
1,8.085233179910167,1.4392058879269531,3,1,4.723271666499842,0.8195596735453468
0,5.254554919668026,0.16473370131349793,5,1,1.9745154867287833,0.59811647907407
0,3.636978395250348,0.08689322030202752,2,0,1.3887205134696754,0.41651941834527517
1,5.100783375261419,-0.9214736704473936,0,0,5.27046674922386,0.22312199690507445
1,5.123636310197764,-0.28878000578719426,1,0,1.8788164475568707,0.3289513889740269
1,8.072451748546198,0.7775827458435827,1,1,3.358298329966834,0.6864946333855793
1,2.906141655838696,-1.3126469097364055,1,0,1.440256992489636,0.1617349040497627
1,6.93171272409329,0.6496240093252744,2,1,12.677085716378135,0.7214345764728353
1,6.4523458347621885,0.34861595126946426,1,0,1.316288974893986,0.4617403313509115
0,5.960631932626365,0.2775614162501203,6,0,14.20599793695952,0.587818689612767
0,0.3403505107859409,-2.2064921954239676,2,0,0.6851434952892546,0.08175671772315246
0,6.312319853832405,-0.1032429196345987,5,0,2.746962863085212,0.4196416667287637
1,7.305941216434982,0.648260007690957,3,1,1.2969241670817373,0.6716940731541026
0,4.102523752791072,-0.7629549569181814,3,0,3.2095642781952822,0.2676809772753055
0,3.3790597562201032,0.090306699097783,3,1,9.577917544008681,0.6036564760124208
1,2.1845362381780107,-2.3780732690682194,2,0,7.454254313496315,0.08287505656454411
0,4.128512812626197,0.6713930362884684,2,0,2.7992959083218483,0.5558253117606253
0,2.2164106048706733,-0.6624328096757435,1,0,6.546246668970576,0.2824110330464144
0,4.43067244998407,0.8713569475667259,4,1,0.4928555149885783,0.7204193438814425
0,1.407915098444076,-1.8427862759322255,3,0,3.3946779985029982,0.12199837725817483
1,6.903611927935313,0.692267388325644,2,1,4.06590219549128,0.6845341728257627
1,8.018419485038763,-0.2369392876523166,1,1,1.9505358530285377,0.45897196646036476
1,7.507966913095692,0.8076037976689606,3,0,7.734070307317809,0.62719340376003
0,3.5355760801265266,-0.9257097871121,4,0,5.898940968809059,0.2619872457924184
0,1.7040422562554145,-0.6184570247432196,3,0,12.822473863670902,0.3461401059412932
1,10.813648193097393,2.242451344822542,3,0,1.27206242563414,0.8388921006909437
0,4.743112599468258,-0.8299521504372301,1,0,6.361066190478865,0.2520082203677058
0,2.20804693369607,-0.7060272074078802,2,0,4.154129952509315,0.27258012700033785
1,5.540474036063662,-0.2765820371650829,4,1,4.534987560053802,0.5036126510200871
0,1.9573780070523754,-1.0225587258203659,0,0,3.6304693889420117,0.20108270823938587
0,7.45449211340671,1.1904567863502933,4,0,3.113329135375948,0.6898128140913012
1,7.975428887281083,1.7250133142042525,5,1,2.4601710805694887,0.8598465753667021
0,2.320477131704295,-0.7041060665833361,1,0,7.113785120120004,0.27770969603611295
0,0.19697826991502576,-1.7260321790132926,0,0,4.447053206651715,0.1200187488282226
1,9.104977636457246,1.1719773029907548,2,1,15.637077555029613,0.8169332442907603
0,6.993127312703063,1.1083905117917274,3,0,11.977530204876205,0.7103304956701525
1,6.336526201226014,0.8216591921785865,1,0,4.303533176982562,0.5859096966588574
1,10.006620677375194,1.1565114347489136,7,1,6.117974452061742,0.8166493921730462
0,3.545319148628305,-0.8675252658238027,3,0,9.742993455321074,0.2814667004871441
1,5.629317342392152,-0.1684964086719397,0,1,4.846561344408047,0.4798901703486877
0,2.9466421920683517,-1.3841096043405485,1,0,5.112996390160828,0.16549831701971845
0,3.7402578461321214,-1.4181628295858129,1,0,8.241130664889186,0.17217102313634589
1,9.821696110172724,0.981101307269532,7,1,3.5708917897604335,0.7811299706433819
1,5.8033313336068995,-0.6719132624431084,1,0,2.9782042441827667,0.2630323768575065
1,11.65855926096946,2.2795715940200587,7,1,4.5714651945839835,0.9217165162176751
1,7.231597666428416,0.07418010998257193,5,1,5.790245661315219,0.6014518685098487
1,6.242198404615669,-0.6404248152337142,3,0,15.96407705660856,0.35955861169426345
0,7.34422678403547,0.7978852037063576,3,0,6.175066942532768,0.6159689994803312
1,8.630233298935366,1.8012623575993727,4,0,0.32677257953095706,0.7823315231256003
1,6.0669596442098905,0.48613095942514734,2,0,2.3505735119868594,0.5115684853790149
0,1.412538329559926,-1.2171451707936498,3,0,1.9772895413634706,0.190618177879312
1,6.251704076438386,0.37100280188506274,2,0,3.6587346836012653,0.4938430334246305
1,7.381704718596623,1.3755980610667298,5,1,14.439925146450445,0.8580315942260566
1,5.139988137059787,-0.4932409490262948,2,1,1.6296852254967982,0.4126127711973789
0,2.711328087667904,-0.7736419574112767,2,1,6.402608660527326,0.3807862002186142
1,8.524025876267986,1.016447911362902,6,1,9.566631864544917,0.8028129404459877
0,3.4490124540188543,0.13996774050198107,1,1,0.8841856590442769,0.5369514090721936
0,3.2648942662068117,-1.1025421026827413,2,1,4.84925707585675,0.305539447615662
0,3.8793824766301124,-0.37974660158154183,1,0,9.195861472262603,0.35163151155895533
0,4.6479824929699465,-0.7556624909659566,1,1,6.589334363507854,0.3739371845251614
1,8.630775234235875,0.29626866487042075,4,1,9.12230909476556,0.6558150208318424
1,7.963956851241741,0.10968451349353867,1,0,3.8670776348627918,0.42443165258573323
0,6.362099931942624,1.1504470430602267,2,1,10.290457568564257,0.7929276574569816
1,6.154876973387016,0.7096650419812458,2,0,12.862420360366999,0.6248671991201028
0,3.0829023978813512,-1.5635339940293727,0,0,11.335388597379193,0.15791874548907847
1,7.8228131668084115,0.4069905314552761,2,1,4.28965430116858,0.6279734897225633
1,7.759394545556464,0.8969323196734048,5,1,1.7061697656811003,0.7407544154431036
1,7.945312858038653,0.45587926703288406,5,0,3.034350126906337,0.5464036031133747
0,8.575774294920642,1.030059659279482,3,1,11.229860988420983,0.7871448199481893
0,4.644854817611591,-0.54957699267009,3,1,6.15676214367668,0.44011379486133206
0,2.6989851929303956,-0.9508318272858517,2,0,6.951069011953166,0.24379737380704208
1,9.191152720045556,0.9300700252424973,9,1,13.778682306352536,0.8294211055311164
0,2.0584299940189266,-1.0654646714857103,1,0,9.637670482747275,0.2282927551835701
1,6.0831921983760555,-2.159537532777703,2,1,7.333711076531573,0.1531324592357654
1,7.702854793322593,1.0252999446570168,7,1,13.16781170022993,0.8251973927168359
1,4.434300369039827,-0.7241849256687074,2,0,8.165425917796403,0.2895376149794733
0,5.104943049938891,-0.306066201009667,4,0,4.559891665617448,0.3748507934022813
0,2.8373832100705703,-1.3979793482304121,3,0,19.344510156727008,0.2360301706366813
0,1.3129534626980528,-1.325527587005121,0,0,9.584113962127226,0.18192314351678263
0,3.9797686768811054,-1.156588841975608,4,0,7.574337012767517,0.23119576759692428
1,7.230286921833772,-0.3606498517318112,3,0,8.407363560242677,0.37416244852030256
1,5.1647313285056144,0.3699990761559306,3,0,2.2908694360259347,0.49756774529569947
0,1.9495324951970874,-2.2978112157574073,1,0,8.405674951393179,0.08644081361764812
0,6.948794512404719,0.7521731746180224,2,1,5.691455709805078,0.7045880015059607
0,4.502325618441167,-1.181998162788601,2,0,1.0959017024691766,0.18446256172771225
0,3.459419156121411,-1.0663117579540622,1,0,8.955381240448673,0.22516859149016794
1,8.703786279703024,0.6778553880749938,5,1,2.0302392409367536,0.7028331650783514
0,4.954346979485896,-0.07463393251439393,2,1,6.288784557568411,0.5349551538856985
0,3.0996802957732275,-1.536433786240688,3,0,5.632664930986857,0.16219666831467472
1,11.583100705571374,1.8445926872343728,5,1,10.946106314010509,0.8941438978052688
0,4.358271006080022,-0.860621604940783,1,1,3.9086094059948486,0.3369660059363888
1,6.307176530872208,0.24731595194748676,2,0,12.041517375540018,0.5183972637344789
1,7.258203393107085,0.19989034860785518,3,1,7.40816603344613,0.6142246331991703
1,10.349606416211222,1.4113271618631944,2,0,7.566491541109137,0.7328942422186575
1,5.073537282048651,-0.45566883544588754,5,0,15.951622369628799,0.42279467511199376
0,5.661883348397832,1.0080896843825944,2,1,5.281358518740591,0.7482526492119954
1,5.824696009916766,-0.7418895223181268,5,1,15.694362018316792,0.4811735247139197
1,9.626303532002972,1.122128858502219,2,1,1.243632289655691,0.7485712574131504
0,2.9103008577138882,-0.7629846295818387,2,1,3.0881350053878274,0.36366714023167707
1,5.873870783101628,-0.3622090986144956,1,1,3.945837558256396,0.4434079720610535
1,9.330113541957726,1.895966547899031,3,1,0.8185274756694138,0.8613840241400954
1,7.7524050835583855,0.31697138811833864,0,1,5.079091039839255,0.5895853553695903
1,7.327891637469687,0.10975897270269167,3,0,8.540232025656543,0.47808626618751493
1,9.150786393629788,2.242049275012055,9,1,1.0479055526592105,0.9201246596180596
1,6.438438359925959,0.36135667403348204,4,1,6.812133605354468,0.6560011768804245
0,2.358390646818811,-0.8161373077286054,1,1,7.635974912525352,0.3673449034946904
1,8.924779346309386,0.7346279982945126,1,1,3.27266155078384,0.6776475356652061
0,3.1380924444183123,-1.1816809170080982,2,1,7.523190065743387,0.30461158776861197
1,7.994595179191773,1.1283165387439176,2,0,3.2286609584084838,0.6561539490238104
1,8.37529764809958,1.2059777598201684,2,1,0.6272663994402724,0.759704777101068
0,1.957002934972463,-0.5729591785412275,1,0,4.064201240664131,0.2861701162858895
1,4.586751226267104,-0.6279018492838488,4,1,6.7337121103043565,0.43861895151603897
1,6.289177685196649,0.17650426235091057,5,1,7.101009481786644,0.6309696965725314
1,8.840211941672324,0.01415515177896439,3,1,1.1707042547833768,0.5354422698485353
0,2.408322638109843,-0.9776876168663451,0,0,2.9042741959202893,0.20467751999284398
0,6.1182053904754685,0.5680878663188149,1,1,5.564088988774088,0.6570963836050039
0,0.7536933000809487,-2.04187569626381,1,0,12.7029162945996,0.11710707748284035
0,6.895039167794831,-0.43285945825707295,3,1,1.072291864704849,0.4346838330726728
0,4.304252151704584,-0.4039409648569437,5,0,10.285292641603164,0.39977215503620284
0,3.047795534424445,-0.27326555152247795,2,1,8.431924139468668,0.5037147084308851
1,6.990587101798057,0.30722390537572075,5,1,3.627902404503509,0.6381166254424149
1,5.249085087883176,-1.2280224264191328,4,0,7.312495795468802,0.21884535696291532
1,8.318959555709108,0.588515083235814,1,0,11.698655151976954,0.5798432503055846
0,4.236066991178124,-0.18015401532168407,1,1,5.538692402122722,0.49408245037866194
1,5.966747552510578,-0.6502161118136258,1,0,2.2372594743061436,0.2632270092639505
0,2.840996958703208,-1.3668261344956103,3,0,4.236375767268603,0.17883886869891694
0,3.8899962391381577,-1.183109271732618,4,1,11.427223948237033,0.3477106131604481
1,6.588578380782443,0.3603247720292538,1,0,12.267420661496006,0.532697721573161
1,6.739580167773199,-0.9638491095421181,3,1,24.499552010095673,0.4613335084219086
0,5.853617488214096,0.06419869785194916,3,0,11.415820023248065,0.4857974038239637
1,7.834432785740193,1.0619829547581245,1,0,9.000730765601766,0.6639178791423281
1,7.509054530456616,1.0326426153462447,3,0,6.126970760612149,0.6643081780403911
0,10.158720001457299,1.560396960762825,6,1,5.955663281965485,0.8585439550880846
0,4.456502097848489,-0.2962933235178116,0,0,3.953029580726347,0.3278691921613384
0,3.730256519673752,-1.0851490718187962,6,0,1.7346142965453146,0.23446496510049253
1,6.199792816075919,1.0205255103878337,2,0,3.7910019771369914,0.6372037332515053
0,6.700600560533351,0.3096038505045697,4,1,8.788155009488978,0.6566379430968801
0,5.101178836148658,1.1239506500774197,5,1,7.583232962074429,0.8023641575989412
0,5.484153779931275,0.011056071054014804,1,0,4.756133306511875,0.40826408748031673
1,9.471950634830803,1.1956460244626361,2,1,22.926771494611277,0.845436847916616
0,6.133702848507407,0.8463874200542665,8,1,8.975264388513066,0.7918528483785057
1,7.312313312511343,0.7164209034176229,5,1,2.902713664750414,0.7145011599701352
1,7.048749546980912,0.5035228777965483,2,0,0.8591848433107154,0.5061622407463869
1,7.185557069472357,0.3976990125291121,3,1,7.354118005467527,0.6551561868532729
1,5.611139944757541,0.23303580701466686,5,1,2.763406125116585,0.6174685772856858
1,7.939688623313019,0.2259062395290506,5,0,4.682727844881118,0.5050957764845981
1,6.419119503198887,0.9901945955597038,6,0,4.632968094982543,0.6807019034493498
0,3.5439219605310233,-0.5119796739109453,3,0,4.8830218859339745,0.32328713585041713
1,8.628515441737745,1.7356851360938104,1,1,3.807839112061111,0.8398769216819167
0,5.805918447299607,-0.10624254535920759,2,0,6.107527155847791,0.4030121353536454
1,6.565203513702208,0.9853821950888337,2,1,2.1205258171723456,0.7290597001496758
0,5.220951047990573,-0.090241187788843,4,0,0.6389345937630815,0.39765544827090116
0,5.448847828026524,-0.24666599543029064,5,1,10.706908320397554,0.5611112706291541
1,6.938236529694137,2.03224148573078,5,1,5.530349775926033,0.8972721613975919
1,5.014180988802457,-0.30934478520137687,3,1,2.2586255809376468,0.46955155583274333
1,4.234013205567251,-1.2772167626756437,2,0,14.434578293535768,0.22467443450290547
0,2.40491409533241,-0.7140821590207356,2,0,7.956675960855364,0.2903351143337604
0,4.274097746213101,-0.31722795350820043,3,0,7.1918269435024005,0.3761998598381648
1,10.391999273389862,2.155191852717776,4,1,1.624672326770842,0.8938124860872958
1,8.239184211026599,0.2067559322063145,3,1,3.371942626875974,0.5915505319826224
1,7.378927588348267,0.9347133997992969,2,1,4.320205281641361,0.7309105418233762
0,4.08492934971312,-1.0015999568800835,3,1,3.647130133406792,0.3295410149006227
1,6.5096953259284716,0.3526082897611467,2,0,3.2699745237099282,0.4872769531100583
1,8.579041544396809,0.6714783483964631,2,1,12.82845629881948,0.7261233181009346
1,9.174610499369532,1.8016269554643518,3,1,0.7524715163783895,0.8507221252785482
0,3.6034634816167954,-0.6962704483239791,7,0,1.019018751353433,0.3097757417618843
0,5.451818544456096,0.603489462693844,3,1,5.51272924787863,0.6858867092074828
0,5.79624274062404,0.3025839084533273,3,1,2.5265795092650496,0.6071838661746701
1,5.676651148699654,-1.0217147105319773,1,1,8.869502622095325,0.3322989175924132
0,3.1902719857488986,-0.01945623558618069,1,0,3.408367376753809,0.3935769060217494
0,2.696056726530605,-0.2634749095363905,3,1,10.945286888129948,0.5340732959635266
0,2.1758829329727596,-2.325365425946784,2,0,4.1535903609252856,0.0802474910622584
1,8.651210505197442,0.5986691243822296,2,1,10.35791374561241,0.7000949524023717
1,7.582986478292632,0.5402434197435296,7,0,11.579147751270497,0.6400768639887003
0,4.864347689567159,-0.43893479399601976,2,0,3.162306730505368,0.3173485639115969
0,2.7150963305954696,-1.3385619446146981,4,0,7.639086232264637,0.20363497624453378
1,8.448828858049634,1.4798808671326216,4,0,7.617537612987629,0.7635661363079397
0,5.022521557025061,0.2659992873937966,4,1,6.694629956538569,0.6357037187086539
0,7.581139202422737,1.0167012940116213,3,0,19.483129859404027,0.7314731118273382
0,8.28165971830759,1.4103217967020154,4,0,6.718426008888267,0.747863575442989
0,3.243099415867196,-0.5209067843230216,1,0,1.9084731633765395,0.2847329437291665
1,6.798622464516021,0.8121545326407661,2,0,4.979847626241659,0.5999928388405289
1,7.0377241976356855,-0.24114901367011132,3,0,1.2947893847007834,0.35786002810476836
1,7.274138422570392,-0.0625486414998812,3,0,6.057657226634577,0.42437171736022133
0,4.682066424983039,-0.08561561663868582,1,0,1.7077988806774984,0.36950077626925204
0,3.121162911018887,-0.001318932455036746,3,0,9.435589275900167,0.45876950952594464
1,8.112790855003308,1.1139601996293393,0,0,8.27034039413722,0.6591082236392056
0,4.7761614195159074,0.1238275310286112,2,0,7.069602468400468,0.45963425005310776
1,5.93935383331548,-0.15373274805809609,4,0,3.4776031041219775,0.40097136265061917
1,6.157526574366614,-0.2765372315166119,0,0,1.5085021946602812,0.3183920935372855
0,5.217985588337793,0.3413141492052006,2,1,5.49991027340527,0.6212084149414544
1,5.586833686556813,-0.8948680633079112,0,0,10.61864349857542,0.2516342528633921
1,5.7626436139865564,-0.5026584305499648,2,0,8.028763627289766,0.3314412965345606
1,6.530228601908552,-0.05228058110725458,2,1,4.604573189010367,0.5294812157526331
0,5.01299089493014,-0.5658483122083673,0,0,0.7841907652626221,0.2612158510611896
1,6.583809445931445,-0.11847615293687452,1,1,3.853390499642611,0.4974265789356249
1,6.534710992253007,-0.6107768629190053,5,0,9.603449344733546,0.35214749590667926
1,10.762328789154886,2.003957779028972,6,1,2.315852930603789,0.8920118891113458
0,6.297674489155073,1.3290607406478436,6,1,12.365221633079253,0.8526181818329612
1,7.913635100556449,0.4499521630644412,8,0,24.642739372555837,0.7049590240672595
0,3.306223601450994,-0.05361851813886299,2,0,2.229633536197323,0.3911416613655791
0,7.676821217862097,2.190764162799211,3,1,2.459898137472294,0.894087011029433
1,6.33556033971167,0.32295290807362015,3,1,7.977229533024362,0.6433854183131593
0,4.9998218103506336,-0.08684550786885926,0,0,5.991425370221053,0.38263584240828435
0,5.067304815300898,0.3031263768184579,4,0,9.368090114846783,0.5391735489254236
1,6.089059205859661,0.30594320641191736,3,1,3.2565867904668777,0.6122461212949647
1,9.555931572728596,1.4103177064837282,6,1,4.29095248277006,0.8356978135271925
0,4.011312049123811,-0.01896469248392837,3,1,6.804400085504907,0.5629250441987236
1,8.70231801716077,2.0993248240572515,7,1,6.063129075629923,0.9122138391595546
0,4.2602852701781,-0.8820212600017167,2,1,8.55908508444303,0.3705537381708424
0,5.738133239972008,0.6940502169188439,1,1,2.8163702851939187,0.66709037002906
0,3.315839919167682,-1.0018267766478062,4,1,14.943008229766043,0.406592740838354
0,8.473321120813575,1.8171009566239644,9,1,1.3277212898276414,0.8878119920157227
1,6.3064626841457185,-0.3305654388931757,1,0,5.4089224030065415,0.34022631752402716
0,4.609074654207519,-0.05818927181241474,6,0,0.9339355482074098,0.4306935728874282
0,7.005951463797919,0.9242369063025212,1,1,2.2571505652681427,0.7085272457262523
1,9.031061905313445,1.2553406840282206,3,1,6.562508248169269,0.8012092399478505
0,4.4012090324098985,-1.1118768365882965,0,1,1.8134176508057722,0.267890120762624
0,4.917636762853875,-0.34615899164152814,2,1,8.70083455855211,0.48899621988490594
1,5.025264733473631,-1.3949232727997696,2,0,11.04722552288742,0.19321552189283073
1,3.986750483606398,0.1373051513755207,4,0,8.861313540187997,0.49877687112548247
0,4.372929537559907,-0.10137253514133092,2,1,3.5370981509109365,0.5117958539043708
1,7.959687872127811,-0.34893402275956487,3,0,7.144282183201941,0.36925048914745884
0,2.762838515562474,-0.6844613389006098,2,0,2.2377307555061807,0.26696577298205715
1,6.397841118522731,-0.38590646384786503,4,1,4.836826469470067,0.48091049437805156
0,3.429002199543839,-0.7463953387304489,0,1,8.45810045871883,0.37512242917278155
1,6.208546364229765,0.5289618420261225,4,1,12.169731351455043,0.7171379588442983
1,9.753797770481023,1.5159500472046956,6,1,2.0956807963220245,0.8411416380821394
0,3.516599352446261,-1.9307241085690185,1,0,3.291111463758106,0.10383011814362214
0,6.456248691181338,-0.11596751607143968,2,1,5.792282833922355,0.5225936797358569
1,5.845117104168545,-0.4181717740941033,3,0,10.915028391165668,0.3767234664315248
1,6.687989398461454,0.49236858850129617,1,1,7.443030295040295,0.6523097405723596
0,2.3621898785909643,-0.9517670173437138,0,0,4.720406070791992,0.21609322977812973
0,4.851552863849608,-0.1464358306927738,5,0,3.6876991897402656,0.41590670150641024
1,5.535581921304832,-1.0395921824785033,4,1,12.988879341456446,0.386769736180356
0,6.724403192683224,0.6966978434727916,2,1,7.553284373963912,0.7038835556381546
1,7.629009548486162,0.09927462995829231,1,1,15.792239611550684,0.6187281016109653
0,2.8418130419575003,-0.16147456556353149,2,0,3.2911543625499515,0.37447921689232566
1,5.836327827246358,0.37018792901034814,2,0,8.750788689416293,0.525462667481694
1,7.109004560988445,-0.24648330463094242,1,0,13.916950202226094,0.407596272295049
1,4.926665858950604,-1.5538209829768286,0,0,3.9677179437684096,0.13596145706110646
0,6.50667448113952,0.595730409933268,5,1,20.8635258114057,0.7786377664828493
1,8.380760310824687,0.28827017045747005,4,0,5.159067661289828,0.5096037799325068
0,4.463641946902395,-0.15407960154487466,8,0,2.824038868283909,0.4456973582278466
0,5.475686747316926,0.9849249306335561,3,0,5.134478252900777,0.6490336908786795
1,8.770654712300365,1.218495549791886,3,1,10.250829471319632,0.8104469159817977
0,3.573345841913061,-1.0922826341215208,4,0,4.57811589771617,0.22818265894002274
0,1.5374937746016273,-0.7810760719852001,2,1,4.530286498528738,0.36825474325663715
1,9.383147205001935,1.5472850957678503,5,1,5.65881123317543,0.8499267762696607
1,9.006776450993556,1.4188518665913126,2,1,5.963458737835468,0.8139756917843138
1,4.732815285475615,-0.7383931285860975,5,0,4.7856794887632885,0.3005013056829818
0,2.558438707235555,-1.1807100522366516,2,1,7.8627458227807425,0.30659844068593023
0,5.02580843495457,-0.6375675537359791,0,1,1.8801487179816934,0.35966761486177773
0,3.1225500958501766,-0.4981164068176124,1,0,4.5252123620820175,0.3025520713939814
0,2.9363023388985026,-1.5840658318867207,0,1,22.683625297274112,0.28729283191295285
0,5.334884071504508,0.0311672527492588,1,0,7.329313935164964,0.42831808771632224
0,1.7145869265052598,-1.2801789097415188,2,0,14.200670964959684,0.2231948751938008
0,5.2330624864010105,-1.2103896500415234,3,0,3.7796553071091252,0.19863312990616977
1,7.761579557883167,0.9161064222661041,6,1,6.848894403828162,0.7765577707408091
0,2.880644692061548,-0.6831892754807607,2,0,7.484013430749492,0.29364010021042625
0,3.506634571563059,-0.07147118211444801,2,1,9.27552115848592,0.5541774563331607
0,5.052382942932791,0.6290963556756982,3,1,0.49859111079387397,0.6634376592783888
0,5.08832711380428,0.8132240720912229,2,1,6.382081218413536,0.7193932035541529
0,4.1682183163765965,-0.33702012879276,2,1,10.37596517969862,0.5015202487100099
1,6.095007349563302,0.04411747865460111,4,1,7.815560626188869,0.5951013037715108
0,0.7811636024277511,-0.8254059893947533,3,0,1.5082842742335876,0.24877463563318328
1,10.795576277740611,1.7473796964590198,8,1,2.3528740129574017,0.8788370938265075
0,6.595049765243167,0.6499498177631488,2,1,6.792459333812059,0.6909931187660022
0,3.7654547146573027,-1.1032397799260316,3,0,9.88989677625734,0.2412811598092049
0,4.994363368531277,0.00405796885634217,3,0,5.681976341339985,0.4367657958854177
1,8.479349303449291,0.7135516873594568,3,1,3.3771142747429126,0.6956406990436421
0,5.106303062214216,0.4794109665687367,7,1,2.021068997157373,0.6861102662266838
1,12.523098191333,1.8291701180403968,5,1,6.054881180690671,0.8805475068856444
1,8.342898645872019,1.3723191131834143,2,1,10.511361406384422,0.82460605963864
0,2.835620944572698,-0.5393064578265229,5,0,11.032799340331295,0.37529765546231697
1,9.102053265051264,-0.08918050046226211,0,1,17.213086592149374,0.5744583367054
1,4.031598125711531,-1.2815413929761867,0,0,4.077980799921531,0.16778076766490987
0,5.400652677940255,0.24945298288944406,5,1,1.8620539874479731,0.6156343849548115
1,5.989389970583245,0.15102105954633643,2,1,2.2570599592918135,0.5602915679781069
1,10.67427891856377,2.7034828626190395,8,1,3.325514482892342,0.9461537560856523
0,5.415584593276325,0.09757510420961348,3,1,0.2962627355622653,0.5486516191453175
0,1.9460999274190454,-2.0932523806510894,3,0,5.724836907572632,0.10519347765062723
1,4.300573354764948,-0.6720864867045588,4,0,3.3408254080040765,0.2949719748199457
1,7.294727812528055,0.11234921152507354,3,0,4.027355122998088,0.4506111189457065
0,1.8481619411057126,-1.2560152925928039,2,0,4.529396552429351,0.1873717937000794
1,3.558633690140856,-0.8672076840515678,1,0,5.8903705627352085,0.2435659412148074
0,4.656057388958164,-0.36563580822810365,2,0,2.1261045405049837,0.32609077794774516
1,7.71493428998365,0.34181163446561236,4,1,1.5585228932264918,0.6216584679359786
1,6.034123819880026,-0.16534201121228373,5,0,2.738584208888482,0.40604412289228276
1,5.260201646999286,-0.8892324874469353,5,1,8.596636212590269,0.4048267520333933
1,8.880918861583883,0.7876812344951233,3,1,7.324653917711831,0.7294885920800578
1,5.824856524666154,-0.5396374495245412,0,1,7.345376869688326,0.4128879878156347
0,2.944240323170855,-0.49930884341177034,3,0,2.123979441991646,0.31082215187534346
0,3.4140044992458565,-1.3796515919512848,0,1,4.239133616061023,0.23402741864134674
0,4.325209589103101,-0.7860157415618623,4,1,6.727496892771123,0.4039034599320742
0,4.687522856367176,0.6517715958851541,5,1,2.2441644018776397,0.6990332564836148
1,5.825914523279491,-1.6176551585337526,2,0,16.810237547508933,0.18457798920593838
1,5.496206438757085,-0.07117369463371082,4,1,11.583958247901874,0.5927975914946947
1,6.437654244699449,0.7177250232748813,2,0,3.304573228249076,0.5691948335657029
0,4.799789309332948,-0.3771086071282543,3,1,4.457232430551908,0.46805185153249684
1,6.619896782904539,0.23979051840496315,3,0,4.277078443963144,0.48069420954649034
0,3.4545092120064664,-1.1167940113829253,1,0,2.0891845204998436,0.18955795918523496
0,7.2119107569282965,1.3102779021847437,3,1,2.0911164074910733,0.7910932752420956
1,6.399705896341647,1.1010503361027648,5,1,10.162739523020297,0.8092298651141626
1,8.845636249264581,0.2354990831833189,2,1,13.74683458914912,0.6469410276685723
1,3.483647235246255,-1.7550788599159177,3,0,3.2996199946435336,0.13043926405344916
0,3.482812531718482,-1.0459623376970644,2,1,5.139651923003844,0.31802244041117417
1,6.816319423715828,0.9767030619313426,2,0,2.7478656247455273,0.6219255827338068
1,7.8943124641591265,1.7131210902787024,1,1,0.7334728038942285,0.8263742735296525
1,7.329987163246439,0.2966154399850014,3,0,1.3092735439180219,0.47494244287201515
1,9.023029416830525,1.247318934035698,3,1,2.012625059279418,0.7812392317210074
0,3.7378686833459533,-0.6077617034215402,2,0,3.915361048081154,0.2892351729782203
1,6.2387605552636645,-0.18938715661090497,2,1,12.324027577240177,0.5467758812564307
0,5.874144928986112,0.001147903563308692,3,0,1.4246352359970886,0.4101486246327708
1,8.230103623849171,0.42309675373499933,8,1,3.152614035562933,0.6920247779149759
0,3.434123731677244,-1.5288095904449193,0,1,9.57044893545996,0.2338554969520561
1,8.48876149944081,0.9406668425382941,5,1,5.292051048371113,0.7647502212731622
1,8.453231462828402,1.3225466443667953,4,0,1.2944645776602903,0.7052975556350883
0,3.8213041684194895,-1.148735148839963,1,0,3.133907489230544,0.189154414455776
1,6.173343969241281,-1.3553396712598527,0,1,10.771214710161006,0.26883814650698934
1,7.7106327938326436,0.3505601146176193,1,0,0.617477320242175,0.4578356359752856
0,4.0174288290078355,-0.654311906112452,4,0,13.112209888722798,0.35181390811525853
1,3.4359440028594435,-2.3708296825978823,0,0,13.523875839148634,0.08741216973683832
1,6.759443917976627,0.8085835160253632,1,1,5.075132333631792,0.7015319334431437
1,7.012141424748892,0.15559441690102901,5,1,1.2026714001828227,0.5914835670595626
1,5.416833161488283,-0.47664699780784253,3,0,10.51932475953085,0.3621605049728562
1,8.250955325858762,2.113444292710736,1,0,3.621123650628838,0.8164723866018601
0,5.0107853328748675,0.13890425167965942,5,0,11.916393805133563,0.5306922803571421
1,5.399469076455023,-0.7534300603052011,1,0,6.800876723456703,0.26735867740477437
1,6.262876723272713,0.1011518121003468,2,1,3.1726800981582404,0.5548665805799151
0,1.654171831434967,-1.040069267430892,0,1,5.168979204159161,0.29800043030308415
1,5.168927602972118,-0.7617067740407445,1,0,10.195759123671838,0.2827944607354245
0,4.856955655005592,0.3863628021251846,2,0,4.427332404541138,0.5021024456152262
0,4.509250255410713,-0.5541982062122524,2,1,6.251790299717911,0.42739594280544646
1,5.620717323049366,-0.45097407397023326,1,1,13.433076328922072,0.48249471798294624
0,6.13739109845211,1.6689448608407815,5,1,7.0985496363441705,0.8675553068132631
0,3.878865292892823,0.8596487831863843,4,0,6.960585666792333,0.6451295936106891
1,8.537674434690588,0.8028258201068199,5,1,15.003200673847886,0.785434709000848
0,4.770507289406939,0.5288167021982181,5,0,7.328845626784634,0.5888361519151827
1,8.210914063419368,0.4842015617241953,3,1,5.076374243064583,0.6598645714506347
1,7.453858210496581,1.4565848989071413,4,1,1.464409086632842,0.8172067867620164
0,6.3152049630011575,-0.01954598597516107,8,0,11.492891648094114,0.5298970187871457
1,9.006463124918884,1.8555141248997793,2,0,15.169240001256039,0.8319056651580291
0,3.478253477802446,-0.9514016679623094,4,1,3.2973733591206624,0.34891152319384666
1,6.808801282406014,-0.2550376877212449,1,1,10.64086591077529,0.509120920296106
0,3.2056119000236967,-1.3785963613758874,3,0,3.6926473600682908,0.1753145081608495
1,7.076922950351063,-0.34377301969294316,1,1,3.0330121714373135,0.4418714243718321
1,5.187541169288509,0.518442432954403,3,0,2.899989358157269,0.5347185204462822
1,8.575381059742059,1.4512468892251833,4,1,9.366346273959772,0.84426109175307
1,5.9210169583978,-0.6633275381969044,3,0,3.988973697445773,0.2896117452124464
1,7.159947397985494,0.005304473599095792,3,0,9.72646642566561,0.46205700829681795
0,4.0444003155112345,-0.3592103998349385,3,0,2.143162174463824,0.33856171127894846
0,2.8805416846762824,-0.7385999407848944,0,1,5.8986187377495325,0.3618659623197764
0,3.17070848352197,-1.1893794535473297,1,0,7.790749228155633,0.20170486987807712
0,4.436063211230116,0.06066116530180276,4,0,6.540051184722097,0.4670718102338831
0,1.7830445454734578,-1.73206500043516,1,0,1.0292881201611122,0.11576851037838379
0,5.728132756244388,0.11054315082449953,2,0,5.660118506632628,0.4479373390538819
1,7.098389092955629,0.020951935487753776,3,1,11.181862386685108,0.5983039757882879
0,4.473850655611147,-0.6577502989238833,2,1,5.631125648047343,0.4010247510728793
0,4.246314447620448,-1.0109035699099629,0,0,4.090928650364614,0.20464040818513685
0,3.7982398858170328,-1.3843072816090523,2,0,14.45182890934841,0.2084026515884685
1,7.783948290014511,1.8713284109777402,5,0,3.5571680616419363,0.8135318713491897
0,1.3248352704906816,-1.3419720641888278,2,0,1.2664850383298376,0.16436357411258867
0,5.2607703257904985,1.5577023595501258,5,1,6.340999489630331,0.8532669008589107
1,8.675608977726279,0.6001647598675174,2,1,2.8260613021804626,0.6594400332264908
1,6.552566062094849,-0.36402096828488034,3,1,12.39117017009702,0.5205285491271431
0,2.403069676330528,-1.157076843721668,2,0,9.944188489604967,0.22395516028926926
0,5.6638027970073495,1.0424934968599848,3,0,3.1003219332234764,0.6492518363549664
1,7.9178875955928705,1.7296511967420785,5,0,10.59161724498438,0.8207558010359095
0,4.048552970597065,-0.9340244088098164,2,1,1.0570270100216983,0.31773589978990346
1,5.848320864980102,-0.2987452058804305,2,1,12.403096418097226,0.5227858877956972
1,9.407283176624075,1.0516237647937112,4,1,6.523441270939543,0.7789481888298687
1,7.13485826893939,0.3357833600268427,3,0,5.336747897358933,0.508904988645146
1,9.225165739398866,1.9999609561561535,7,0,1.5629676502289438,0.837404138622689
0,4.116803040474393,-0.5701444494713449,2,0,4.923944957123565,0.30152817492238154
0,5.314748687377094,0.5422912083695101,3,1,1.300671772269224,0.6503501947590068
0,2.6600484356392737,-1.2509279699416667,4,0,1.9854616899604656,0.19369167269238455
1,10.726315553987604,2.0958917304990465,6,0,6.667984469428258,0.8585139943792353
0,5.933783466346892,-0.7303408122882539,3,1,13.115739890018453,0.4428969187894185
0,1.9647905540192596,-2.2079670292951987,3,0,4.489352177363358,0.09322008875098317
0,5.5848512055152995,-0.12576402125962838,3,0,3.4334366231833657,0.39475889729818336
1,5.331416702084011,-0.13943062111332058,4,1,6.564274179419362,0.5470155162661017
1,10.003850990743395,1.9155715125617905,5,1,9.71804652001037,0.8972435323040325
0,4.244215755615567,-0.33881964538374293,4,0,11.516493498979674,0.40925999855516143
0,4.867788372941904,-0.01264374414209581,4,1,13.921475624246497,0.6193187141807334
0,6.122852276704459,0.5934388719127812,2,1,2.0474226332689454,0.6536858448573051
1,11.458063058847976,1.5862706831094824,7,1,8.74934035464212,0.8750510664044435
0,4.632677184351256,-0.0632296144127968,1,0,3.032912170208073,0.3819962228229544
1,9.715213252605551,1.039477893587884,4,1,9.126192865303768,0.7881291240204071
0,6.3175262587425784,0.5180845880609816,1,0,3.987645343790487,0.516485837722097
1,7.663235890891705,-0.2962353347619622,3,0,13.901944387847148,0.4209040721901054
0,4.468079901291773,0.07755444199107894,2,0,3.0629843501831475,0.4246712213917671
0,3.7801761640737217,0.028673878856744103,1,0,6.771424519568034,0.4243581478004644
0,4.349258501565201,-0.9160246357175322,2,0,7.461002984630722,0.25201447543637934
0,7.485111377996849,1.2136807544460992,4,1,2.56438143777859,0.7869138471292505
0,1.966959709704288,-1.3856202526681707,1,0,4.958109453074048,0.16477703018955958
1,9.529038017772397,1.1711689225508208,3,0,2.074574216025393,0.6694982032554906
1,7.325738942870684,0.9544193291245788,2,1,3.3323158525420347,0.7295390740234647
1,5.280404806221075,-0.09304925807986311,2,0,12.222781005976936,0.4432025088181643
0,3.939766607841571,-0.7654443474737392,3,1,6.102660160419116,0.39261499051585275
0,3.2581935869310765,-0.22642508566190292,3,1,1.4208638918161913,0.4829413783434446
0,5.6209645733093785,0.4727746579951957,5,1,4.767702665674588,0.6780205249499556
1,8.212734054189902,0.7430584393639317,6,1,6.426619991260631,0.7463838474639314
0,4.70457397826242,0.28691896353982915,2,1,4.192445408206416,0.601816158553904
1,8.0564146559744,0.9921363361408199,4,0,8.69433741411489,0.6814147687532175
0,2.3511422813688583,-0.5574345720274693,2,0,4.515224187770648,0.30178536343749074
0,2.293013714435993,0.23457639850002474,2,0,0.7812014719805795,0.44538102256277173
0,3.0001376263194492,-1.5683458108694515,0,0,7.580644675749892,0.14529439259671814
1,9.086709842372652,0.7636266588374009,5,1,4.888071349007639,0.7329155878609681
0,6.082150505699187,0.1531762519515866,2,1,8.138655132206857,0.5966016265568456
1,5.161834684664703,-0.41557417717472683,0,0,2.3885280344098394,0.29644099382272476
1,9.561867263011015,1.1615424187192482,5,1,16.42763860855186,0.8397109721340573
0,5.040991421484365,0.6915261487965072,3,0,4.820105038426906,0.5848890069403919
0,1.8922820571231689,-2.8163942417440673,4,0,5.043150703159722,0.059598525544357746
0,3.980471366216422,0.03988324826736079,4,1,5.653697528490435,0.581087032939712
0,2.8460558587867677,-1.4550239967277863,3,0,7.28865830104821,0.17838831824084236
0,6.423457637102186,1.0666598744683562,5,1,13.494669491378843,0.8171804926655745
1,11.462792028702982,2.489074822904817,7,1,8.07182651127781,0.9394578424076083
0,3.6640538689718762,-0.5185335107153436,2,0,2.788562315964668,0.3000696739372744
0,2.776100977292449,0.0745791525019294,2,0,6.777739247388214,0.44684282281058785
0,3.68693516253482,-0.25103357390859743,1,0,6.346896706701851,0.3618698139216935
0,3.7221657337653764,0.35081311222022443,2,0,0.5705491917247463,0.4700348349460614
1,8.322443160332652,0.644549015608804,4,1,3.0059053798881283,0.6910946239668759
0,7.718069560961652,1.2871939365403018,5,1,4.638431181582487,0.8137305973235401
0,2.05576399851316,-0.9874213344977847,4,0,6.487976859482105,0.25417276355585683
1,9.96417984853302,1.5716348118236063,4,1,15.042150731899488,0.8744098197633995
0,2.629089752566918,-0.9315138560436108,2,1,3.9963492532752625,0.33437713491028803
1,6.725498264878714,0.27708869936999964,2,1,2.904336766288281,0.5919393218829817
0,6.8036643571366575,1.1585766395766857,2,1,9.625161444368281,0.791393895934623
0,7.084531133076259,0.7131987383979979,2,1,5.06950298438028,0.6939425696448343
0,3.6764261703655,-0.9385749409883506,3,0,6.021809848174305,0.2508334402645998
1,5.967408234774819,-0.7019236168245235,2,0,2.246924613381199,0.26394615717632547
0,3.116261324359351,-0.462330902731198,2,0,0.6315605777059797,0.2993680841073395
1,6.237883416623175,-0.051169281125906727,2,0,7.236702949148148,0.4218618948518741
1,9.441979264499164,1.1469532483187364,7,1,4.585458099172328,0.8095200152228686
1,4.898997495596429,-1.2918114375017953,3,0,5.9891420006459235,0.19577677859238182
1,7.234617702527222,0.4667015046127427,3,0,4.964083604409224,0.5359711092828011
1,7.67738871795267,0.6099724321728704,3,0,5.350441616129012,0.5702169189726246
0,7.454245029566127,0.5582887221577124,5,1,2.6655626602796896,0.6833259390430445
1,8.768172896668247,0.46630633445798747,3,0,14.666805997865467,0.5954027286849023
1,11.236449346543184,1.518318121319916,6,1,20.946245280434475,0.8947440259385016
0,5.259195630110791,0.48780834336623446,0,0,4.6899196578938005,0.5015688699704849
0,4.829215450203783,0.8569592445599654,2,0,6.514639235209028,0.6187224738148452
0,4.9173924773213145,0.5635465049273675,7,1,5.18803758425881,0.7184715892160681
1,9.16833846149834,1.7931128327282926,3,0,9.197544563370844,0.8090331690929922
0,1.0430634713093747,-1.899804739562873,1,0,12.927540334697031,0.13162853434275673
1,7.384922003509628,1.2821085771192862,9,1,8.173122085533386,0.8529873113359038
0,4.0345527442980655,-0.26103077425343935,0,1,2.2331218549484473,0.44297429349229617
1,8.39694382668863,-0.28071686043638644,3,0,8.467816837467975,0.3915146853002126
1,5.254353639481537,-0.9694767432264105,2,0,9.69579003613789,0.2534805990693398
1,4.009649014577916,-1.8686954680068257,0,0,9.28839335193147,0.11924323627480632
0,4.167355740431425,-0.3818948475575632,1,1,1.6945161483768996,0.42522934074763813
0,3.504135292683606,-0.6872933095177702,1,0,3.886016962191965,0.2647521487202956
0,3.9203474718426756,0.49417397946069497,3,0,7.830318369350087,0.5598404458474611
0,3.0023104265922425,-1.4722624729374207,1,0,16.809384851748128,0.19705527475839038
1,9.826854993800241,1.431613179544123,4,1,5.555037734007564,0.8288257370069939
0,5.779496718406479,0.27193384321436537,6,1,2.522904260115621,0.635946374968237
1,7.087874015417894,-0.24790269153078812,3,1,8.269705890400166,0.5208953790912334
0,3.4317054737912667,-0.709423349185895,2,0,3.962185222467916,0.2710253924965664
0,4.019389782232754,-0.7872070554524614,2,0,4.3116044600217975,0.25909142634761784
0,1.8428612622384557,-1.1300871646206154,4,0,3.3899905289475836,0.21715409061175436
1,4.117266919147177,-0.5443607249071664,5,0,10.228803681274943,0.369536776111699
0,4.1151766267300856,0.006050414894510384,3,0,8.476448909823908,0.4544656589229142
0,4.777767186110394,-0.17736344944360424,3,1,5.641235189841151,0.5203397131663879
0,3.049450039746047,-1.4144878738047868,3,0,1.8373845341689343,0.16422740558300944
0,3.221404624898796,-0.2658282410436973,2,0,2.764138765758282,0.3497491683046859
0,3.387614767417772,-0.8931829153370813,3,0,3.790864834539346,0.24804001951410326
1,7.057359210568506,0.15988218506207735,3,1,1.1961257486744015,0.568024851459973
1,10.463523060590031,1.8646518752041161,4,1,9.073678834718333,0.8864547513742931
0,4.934961765202346,0.6250226941132705,2,0,9.554296094377932,0.5869516584672528
0,4.536134368370087,-0.3131199388221572,2,0,3.6496404201417683,0.34511839433590413
0,3.6590505341433808,-1.6248831734744955,4,1,5.889085230666872,0.23772955101693563
1,4.186412950810864,-1.4147243086787848,2,0,4.368052063999379,0.16602700357097402
0,1.9420609244007947,-1.68672332547569,1,0,6.513401549102346,0.1352616465639429
1,7.558315110831292,0.7259684634008378,2,1,7.610005917654008,0.7096370118849213
1,4.7778185662355535,-0.7650693500440047,3,0,6.324551598675269,0.28283370707009503
0,3.961721252558308,0.06260025912424744,2,0,8.193849996472766,0.45293635814367006
1,4.582454731050019,-0.622014182542398,4,0,3.4469799194241935,0.30499190317806696
1,7.148309019147488,0.09119654187350762,2,0,3.05221523475742,0.4276078658350309
1,9.08919499119378,1.4016771308894547,6,0,8.213253188587823,0.7715071018587708
1,5.5900468483852634,-0.6849459321173764,3,0,10.095591510731452,0.31776510975121025
1,6.706901586517767,-0.34095533922813975,1,1,10.80473431433672,0.4908156713014628
0,3.7672024289818906,-0.8063439113302531,2,1,1.7202170181199326,0.34689764563091985
1,9.785841439649856,0.874574903519333,8,0,13.562488244346437,0.7263495119399686
0,3.9348544373256473,-1.0257171899142377,4,0,2.794897757928879,0.23089347500357207
0,2.413068905527033,-1.132983244508965,1,0,3.835471536674409,0.19406684681614483
1,5.72758711482453,-1.3876629655716244,0,1,9.046964584254678,0.25488567448350075
0,1.227194225524812,-1.4084735141902456,3,0,13.1242156290268,0.2075888784680495
1,7.113214139379804,0.47089433867137365,3,1,3.712683909395055,0.6494498864724394
1,9.23805437382004,2.5691250201551306,4,0,4.866742807710271,0.8893266061986966
0,3.935543246073808,-0.9953763164069606,3,1,3.841011777925911,0.3318536028990443
1,7.725517947623659,0.9515458233063021,2,1,6.471919280913836,0.7442524036180805
0,4.601449039763,0.2511070416723707,3,1,5.923215711429261,0.6163482087740154
0,2.7363048496989486,-1.1020225662519787,1,1,7.505685630540192,0.3091324781849842
0,3.236746918773144,-0.27669955002698804,4,1,3.32345730845827,0.496014293846803
0,2.511185336994534,-0.23291667567078692,0,0,2.0494298693469575,0.3299548521856338
0,2.4636521979193726,-0.6907018916236553,1,0,6.716937223418723,0.27813967039212406
1,10.387451378177966,1.9306068737125515,4,1,15.036436484934267,0.9058050127124059
0,1.8670458073037495,-1.9061205696571535,0,0,3.9888329887895493,0.10286511217182465
0,5.848896049621869,0.38103644818707566,1,0,13.821124510215837,0.5469762712250656
1,8.658508472059602,0.33152448063371714,4,0,6.601299471494899,0.5283207845217316
1,7.222625681222614,-0.5796161982150759,2,1,10.675187153699241,0.44898441932108496
0,2.977210813246551,0.14950286537538202,4,0,6.109304584497979,0.48432643522865215
1,8.372672397507996,0.8776049686959029,4,1,25.96435177017203,0.8304687839697831
1,8.587859341995703,0.15273513543967476,2,1,4.563210842543785,0.5748194020268428
0,4.890138299132437,0.41732532254068,1,0,1.5918586847313643,0.47885992462414934
0,5.6191708934995175,0.6929119332721315,1,0,5.706979996023604,0.566183166661824
0,1.784297615475085,-2.0320559904165476,0,0,7.931140213388943,0.10150875729822552
1,7.583112083957291,1.4783781254716417,1,1,7.828496114467912,0.8214573800860925
1,10.678672732558717,2.2783039701077223,4,1,8.900266398945572,0.9185629592958598
0,6.40816085276241,0.9807950537163104,2,1,14.135966371690555,0.7834888371464779
1,6.9174783051455675,1.0136646327293544,2,0,9.490408724753973,0.6680898537374134
1,5.917830522348673,-1.4082469773166768,9,1,5.5787079777049655,0.32564374111453515
0,6.661284884268196,-0.11842836851347956,4,1,7.460363251260212,0.557228992472977
0,3.182326771383652,-0.8120438126406979,4,0,3.5924816455291535,0.2707091966103997
0,2.9004290308141787,-0.5871942603400888,3,1,3.9158066003452383,0.41809958737680997
1,8.015518819406786,0.967036908966546,1,1,5.026297864153518,0.7302695655825868
0,2.903414374278763,-0.8039005872403687,3,0,17.51819141277815,0.3350224484373104
1,3.9209875093702706,-0.13010129269522733,4,0,3.8355706400482523,0.40825063273199963
0,1.4192354957869884,-1.9085807213816994,2,0,8.50201676913154,0.12399047348057927
0,5.253806692974334,-0.15843200190557086,2,1,10.543818246967646,0.542647784157372
0,3.642269058435195,0.09001675988563831,1,0,10.099814328476977,0.45847348823816725
0,3.3654208163286663,-0.7047902081387301,4,0,2.55704458786637,0.28487943959435047
1,5.3219740406085,-0.7198867994377591,2,0,7.36075879213129,0.2862066995684476
1,8.72876059035223,1.8864228859835699,4,0,8.896673584958496,0.8278117526512463
0,2.333564651545021,-1.2097442859049368,3,0,3.319416187829228,0.1968998103907609
1,4.543204910509583,-1.0506170429003867,3,0,0.987917442308174,0.21067567940557413
0,3.3277645177922186,-0.8090104753015942,1,1,1.471129275433322,0.3337370075499495
0,5.9622567952687735,1.1988190226148978,4,0,4.682977467074017,0.6997298068222177
1,10.14801692623459,2.101542443821733,2,1,2.8473808356899077,0.8821108258861767
0,4.883750690011835,0.3321758517460236,3,1,3.682155889896454,0.6203448432695227
0,2.6661560156525033,-0.7173180159405074,3,0,5.9969128239498675,0.2899424858902514
0,4.561946392519276,-0.42773236114014496,3,0,12.127074189176511,0.3818313564669227
0,5.410012738932456,1.0648123174837756,6,0,4.796848127153582,0.6959852587384756
0,5.135020681683134,-0.9110678789128364,2,0,3.5403311792077803,0.2347910774103441
1,8.605027952499148,1.452946627222276,1,1,7.205886176003831,0.8157477025480688
1,10.977148794696264,1.4165781842160559,2,1,12.046385078699762,0.8356319291887866
0,4.797615086490965,0.07020801514031626,4,0,4.113192476407825,0.45413356400949934
0,5.548454808689194,0.6461299693093061,2,0,6.16362061572055,0.5709204347583979
1,9.172765375524056,0.7497459478314608,5,1,9.920470342618662,0.7545045900828875
0,7.216536331252482,1.5542101161595687,1,1,1.9138473214875278,0.8094800612739869
0,2.7288023154091894,-1.0514517486699158,2,0,3.2452185397835285,0.21162198258710918
0,6.05529868431541,1.18120465051603,1,1,4.52180286210335,0.7642511202639595
0,3.1231700038662136,-0.37522800163865405,4,0,6.1241772440183375,0.3694444721394037
1,4.754039316304933,-0.7677609835755352,2,0,16.01360643342278,0.32286317638149115
1,7.5579912380312,0.10267243186155717,3,0,10.203384680684682,0.4868754669965494
0,2.673774657360288,-0.2143442865867168,3,1,15.27740278487309,0.5717574718841696
1,7.38625299454611,-0.9874929783788241,1,1,11.897288206289465,0.356333997564381
0,3.4594776473945927,-1.5973304281350418,0,1,4.253480442248156,0.20080665439956888
1,4.643270481187222,-0.9420948979018801,2,0,1.7341724540664862,0.22191676990759385
1,10.202574252685167,1.4523572256627557,3,0,9.190271612914104,0.7571060289718573
1,11.219650672060467,1.9625695034471387,2,1,1.045437926764102,0.8632380300903074
0,6.199052237464725,0.6501164460241168,1,0,4.420034862965418,0.5487460920666878
1,6.342730256513104,1.185925464911603,4,1,6.933324346034753,0.8006985492924557
0,2.0881767639399342,-0.5168329655904074,3,0,14.70020014519112,0.37809434061334285
0,4.729774418229695,-0.07715167508177227,2,0,1.4404424695435378,0.3814435829853919
1,6.097848828305203,0.28276473227999394,1,1,7.409538473548474,0.6081939118790675
0,3.746988462146506,-1.0812895849058495,4,0,14.889458703428748,0.2786990041553849
0,3.0269869296501413,-0.9899441668603466,1,1,4.344171942210293,0.31381460782023957
0,4.695631913837015,0.09717730670519023,2,0,1.338248574672506,0.41846346573959536
0,3.592719035778314,-0.32030392690775,2,0,5.943609644198092,0.35670752487096447
0,3.564438298816826,-1.06355677953922,2,1,8.978647463383481,0.33565117150799
0,3.225816942069976,0.3865321292729485,2,0,6.502236714783864,0.5151041116842874
0,4.065616839945918,-0.26327930047632614,4,0,5.385954578899159,0.38881346429498553
1,7.714342357842217,1.0213539508595526,4,1,10.76465558056453,0.7922159904480167
0,5.524853537984533,-0.005181101817816217,3,0,9.06102434130756,0.455583048807108
1,5.663440591613875,-0.3003064591195954,1,1,3.823092130477625,0.45643611212196844
0,5.199658858343048,0.12767318468091607,6,0,4.887805027785065,0.49677529268849063
0,5.278517812116943,-0.1719834539988956,5,1,1.5012192211598738,0.5206745481262717
1,5.77395304719307,-0.6680460476914073,5,0,13.861644639442254,0.3647745863334274
0,3.4838347139389807,-0.40195608574870895,3,1,2.912766548854561,0.4529046922578171
1,8.624434974846402,0.7494190419874659,6,1,14.815432332807973,0.7849691558517168
0,5.602635204814439,0.6465167167989722,1,1,7.988041828756334,0.6860175441789842
0,7.43796229410836,1.2862278093640918,3,1,6.138358649918015,0.8039337092874286
1,2.8846282849025657,-1.692993943279692,0,0,3.563777110519082,0.12082931591696261
1,4.785587829762889,-0.39309067892331173,2,0,10.175289448329659,0.3660037698444842
0,4.914515982333193,-0.4145753450492208,1,1,6.299574769464714,0.446300793462441
0,4.730448520975535,0.17177251230779197,3,0,2.4941400470527877,0.4543645479207645
0,4.900992743363137,-0.4521572578998716,3,0,5.219124475285543,0.33705108707945725
0,4.795211592349549,-0.5131830076620426,1,0,4.113390438571221,0.29754205758672664
0,3.8076234275056855,0.7829749234567991,7,0,2.7161262911646356,0.6393584189707997
1,6.7351979681738365,0.17808751533609604,2,0,4.469481188265114,0.4556210410217716
0,2.839028744776945,-1.1663640224796257,3,0,2.853795221112219,0.20126886444051434
0,5.986534713697915,1.3345063211551143,1,0,2.739762253169735,0.683423486570562
1,9.038973121112301,0.9967520503086131,3,1,1.8525910727918125,0.7395038915237534
0,5.442168650053118,-0.5739596468353875,3,0,4.4979183270944425,0.3091458146731744
1,7.731109647947295,0.8312804154193407,2,1,4.317280840177304,0.7121982410350306
1,4.9762462566565935,-0.7351632399530508,1,0,2.4760804874495976,0.24978769480582633
1,9.244309526703875,1.1256984104637593,4,1,8.534760056370441,0.7984279056833125
0,5.46925371486066,-0.21783124008815336,2,1,11.273161707504496,0.5338931751315433
0,3.387007336146228,-0.8028423954226684,5,0,8.095123356759695,0.30572543694961574
1,7.314938670321342,-0.37310439581673016,6,1,1.1464101718966422,0.4857204586487961
0,4.40368587486619,-0.7658303704836539,0,0,4.916394200652154,0.24669127549226116
1,6.900664945855582,0.19213966265930454,6,1,6.484934207650754,0.6422283636722614
1,7.888047313665074,0.175105233737872,3,0,7.499865066303125,0.48627628212199003
0,3.9656202972964056,0.03580296527818222,4,0,12.814124898658108,0.500643947448171
1,7.469088868846285,-0.5566154456616721,3,1,7.477419065061037,0.44669868933464435
0,-1.6049072800562336,-3.661081810206792,1,0,6.0068040017901625,0.02546132603825599
1,6.244912482516397,0.09283561532273477,2,1,9.28493868002965,0.5904136199721057
0,0.27825392567466634,-1.8962343779369233,0,0,7.260930495962032,0.11154185099914374
0,4.475255424784638,0.24418835156900484,3,0,8.770712624080074,0.5097580938275931
1,8.68284653430604,1.1307937397222436,4,1,12.482249680322294,0.8145379298639761
1,6.973183194279047,0.2738856385847244,2,1,3.806550058666432,0.5966824453765126
0,3.482357673528318,-0.3894365949509105,5,0,2.4376138458260765,0.3567375176767954
0,4.285365528576471,-0.17987760385708526,2,1,4.616907367495175,0.5008832092603923
0,4.434137669890507,-0.13306262691355122,0,1,18.407805629045093,0.5721035492894058
1,5.728542908206726,-0.5492416259783856,2,1,6.9668043223565315,0.4328709198756245
0,4.251799554932476,-0.5837894935590013,3,1,6.504758351816693,0.4346775989163224
0,2.3905057644978296,-0.9238959646017166,1,0,6.086616845225642,0.2351707164086673
1,8.760079073903213,1.1881622466637531,5,1,5.210715346309324,0.8021226140688145
0,3.689991558712897,-0.01555327318812068,2,1,4.900605489384029,0.5395465230702543
1,6.703098560917017,0.956271395693758,2,1,3.53100742958257,0.7308460749703103
1,6.948096805906733,-0.2500510425449147,4,0,9.833822630387292,0.41843519754946545
1,5.564129764251213,0.07216775006441888,2,0,5.785468102572775,0.4401847428676468
1,7.249991143839177,-0.1703826464835137,6,1,14.148123899646311,0.6107245184248085
1,6.037415172961179,0.4628360550272236,5,0,3.691160291911154,0.5520189534219313
1,6.349327257152414,0.8266356528204162,2,1,3.1455950661498058,0.7052889026070304
1,5.837805445379933,0.239704621296709,2,1,7.457416091270288,0.6111549426304658
1,5.044083043374805,-0.6738161653020469,3,1,4.52216997630306,0.40290382797898056
1,6.4226939124662525,-0.7799538269496873,2,0,5.047106292854291,0.2639029038815775
1,8.668299656493332,1.6591705379007815,6,1,6.951826462712669,0.8718090135979335
1,6.64466211267229,-0.2800376755474907,1,1,8.304389934886832,0.48889578622079793
1,5.604414958263609,-0.29110215025682423,6,0,1.4658740410883293,0.3833519166279211
1,8.820400857154091,1.4650074078973516,4,1,0.24860629478018728,0.8137740194278655
1,7.036014205257469,1.087861154608099,3,1,2.9214177537414527,0.7598961941297983
1,7.886633188348765,0.5338379379300497,1,0,4.333481358240254,0.5221832222950717
0,4.098087524399546,-0.3993965354144801,4,0,7.517192208677616,0.3724952214791692
0,7.793202415014913,2.353197592004207,5,1,7.52542777324865,0.9245623167989926
0,5.593306126077078,0.39297378760996476,4,0,2.864520392391459,0.5188134684973835
1,6.254200262313029,0.5469854786381494,5,1,6.238700862809795,0.7002008458702245
0,3.256135575975896,-0.17110613166556304,1,0,6.871299443930699,0.3817296862058323
1,4.630429255821564,-1.414307443077751,3,0,2.8087371973861472,0.1676104129728721
1,6.6915165938802135,-1.3347620650237593,2,1,10.773080867854876,0.2927720243034011
0,4.602968536147498,0.4069781917365518,1,1,1.2944018289216213,0.5983609622119149
0,6.328531115434613,0.39182943012137994,0,0,4.17587207298323,0.47677754183429677
0,5.118432925488788,-0.23999832397159718,3,0,5.106296209954635,0.38028444311572707
1,3.9468985229178033,-1.1716837927883943,3,0,8.287794460088548,0.22316430870474924
1,4.944112364982402,-1.4416578625601972,3,0,7.893606787722115,0.18240286856723104
0,5.199990087766608,-0.3278506643245553,1,0,16.35268251311359,0.4046207147681808
0,1.2155416235181815,-1.4561279319825244,2,0,2.625358802211251,0.15513499698047695
1,9.524991489620712,0.898915335947862,3,1,5.437672820510548,0.7398069893800359
1,6.307211616910762,1.1526647818000566,4,0,2.3426266372952775,0.6782986331028686
1,12.417907564031164,2.8290341630933096,7,1,7.975932985428448,0.9545891108217851
1,9.219040524240047,0.8783174517341109,3,1,6.890141564471552,0.743213670614512
0,5.192110812878042,-0.5928496048641417,3,0,6.857480987097484,0.3181845152879017
1,6.141997051126666,-0.8716649859050979,5,0,6.185166417822242,0.2829512260043483
0,0.14669218094344924,-3.4517280889262696,2,0,13.872656010673698,0.038800871861719155
1,4.8377312826748815,-0.5948891385019035,1,1,19.115012827191865,0.4856227384555253
1,7.637090333173889,-0.17697387727276728,2,0,2.573693933583568,0.3670405236176742
0,6.812237155234289,0.9678072570350138,4,1,3.1710542018515984,0.7503168530773286
1,7.988537007832316,0.6116001531870114,3,0,5.808433276447873,0.5733790175919198
1,7.165434170393489,0.5883497403797692,3,1,7.226958820771884,0.6921497215245095
0,2.52833484399472,0.2136276032155486,4,0,6.323620529575175,0.5000888390324084
1,7.59210488346822,0.6609100304325133,1,0,6.7916286136835105,0.5657691291287072
1,7.602335202828513,1.4476000014639705,5,0,6.729434439021228,0.7633394278353012
1,4.915076231330272,-1.0648768888459912,0,0,13.546158835855525,0.2369028461986649
1,6.165714599846784,-0.4573003847291696,2,0,4.926717921499023,0.32335359402339836
1,3.5433003900757765,-1.3885315648143455,2,0,18.106315144591665,0.22321632548882236
1,9.853969414405467,1.6186603099010026,4,1,13.291771014996067,0.8742519774578011
0,5.906791291744499,1.2968691232280432,3,1,6.28514365107881,0.8060133247954129
0,5.700491587164446,0.7522841634807821,6,1,9.66028186271369,0.7628851356921043
0,3.591265799844836,-1.1985514195237321,4,0,7.272650775149533,0.22324069157585394
0,3.0985348544831997,0.17294480349559044,4,0,2.7956829834046943,0.46892570003328504
0,3.1884932531475725,-0.23463935975653435,1,0,2.456758081932707,0.34304441796318275
0,4.32042567434047,0.08082704858777956,5,0,4.806794512738261,0.473254105502689
0,5.156527910498124,-0.18811812961200752,3,0,8.080787790215975,0.4091968317234663
0,4.912189523136769,0.5199528247759543,3,0,4.6916809491289975,0.5461804010331891
0,5.0974903220861485,-0.3948398689752267,7,0,15.608636260179978,0.45880857525736857
0,4.6968183923649285,0.8545705060906219,4,0,12.039446488973706,0.6726289531885562
1,5.612369768845324,0.2413948582531965,3,1,2.422532374605562,0.5933468879633902
1,6.355994351016124,-0.2930761722218988,5,1,2.352837758260465,0.4987630997623581
1,8.320759868940401,-0.11185336692429938,3,1,7.440360463023711,0.5462030598118055
1,6.171330975645503,-0.44058741092674997,1,0,8.065804736812233,0.3329475848742437
0,5.736328022381826,0.8138840472638229,6,1,4.694921378373575,0.7502354988111581
0,3.391511253139835,-0.2714644849691,5,0,2.901840878241863,0.3841969173836309
1,8.74355286176767,0.2948903971161769,5,1,5.733672354187201,0.6476540480327092
0,4.162056583965488,-0.39240458847467197,0,0,4.8476555970758755,0.31389487131000215
0,0.5761141808273404,-1.485101875414252,0,0,2.6089684083477205,0.1392698673798965
1,5.48015922986254,0.9061044053757645,3,0,1.8608870195767722,0.6134923515502554
1,6.702459648258838,-1.0581265128150872,3,0,2.9930659918080904,0.21797825929878303
1,8.96567339968762,0.6791609684133574,5,1,30.510373737980558,0.8283536917699135
1,7.379449148689495,0.42015277589049493,4,1,1.3221092365881575,0.6367278916035592
0,2.2380499203644937,-1.656033441014323,2,0,1.946929725167748,0.13104428383845182
0,2.7661572244370967,-0.9446815654197428,1,0,4.310907186978245,0.22401142724497258
1,5.966758907167952,-0.5141006402573889,2,1,5.8622257380475835,0.4338562083432501
0,3.059385576805817,-0.8207180422408968,2,0,5.111584092011063,0.25714578453553455
0,0.6797271532197104,-1.1820707358866025,0,0,9.658461245322881,0.2022320232296426
0,5.8133028713895705,0.7400956798987274,7,1,4.74795154045805,0.7473984128657956
0,3.492081472717281,-0.23950540159574377,1,0,8.645554628586693,0.3776779217835238
1,8.673539214247475,0.38569057998691514,8,0,17.196973797356556,0.6518193200919755
0,4.926295726377189,-0.4305084540167728,2,0,14.102025195111526,0.3810940850808257
0,4.753587918012664,0.305328576504327,3,1,1.1777369221116833,0.5997057320722488
0,3.2298247319533853,-0.75115089967635,3,0,7.031153254122675,0.28899769110681967
1,6.187427960893065,-0.026516774698191165,2,0,2.735648862602141,0.3999978957886079
1,8.825969021297908,0.5818457937154725,1,0,3.7103400693978648,0.5290721005865813
0,5.316314484849556,0.04507281489505506,2,0,4.424812317870403,0.42584739752205797
1,4.917066089589133,-0.45711023560287994,1,0,6.296886600014009,0.31995534041077095
0,4.606856275993955,-1.086666497783329,2,1,1.4365003382167902,0.290679261718847
1,5.5928041703912115,0.1676329619934854,2,0,6.722667229400358,0.46728090973736514
0,5.649119137572541,0.34494550520553735,1,0,2.742768070392147,0.4697918742792315
0,4.370724793456894,-0.2583594498491071,1,1,2.624086685434773,0.45836628978585237
0,2.7108900510238736,-0.7693203309211949,2,1,8.652919181563668,0.3950662875824842
0,4.934224873513919,0.5425830336149764,4,0,12.312556060564312,0.6097207678096327
0,7.60937102765585,2.481730442169732,6,0,2.6326971055257955,0.8858844330812258
0,4.757883342693652,-0.30246197925549945,2,0,1.6650637687262329,0.3361298148256668
0,6.345890177840146,0.3367394447611092,4,0,11.46361870411146,0.559628866220394
1,4.999040937946394,0.3773929828312455,3,0,2.4595761779877545,0.5002857722183366
0,0.6175764208596191,-2.566464863642764,2,0,14.631461080825368,0.08362893136254007
1,8.029825992690458,0.12386234538154337,9,0,6.428056953652128,0.5429383600343459
0,3.9110188012803104,-0.706518702324268,4,0,4.742327602882012,0.2958146260400204
1,9.27964760098746,1.3846879838502162,4,1,4.259689637280761,0.8179785276527379
0,4.874150315961407,-0.2539858210920068,1,1,1.3361326625849603,0.45135834556736315
0,4.046229109387541,-0.7775358060742449,3,0,6.234151967782887,0.280107502213311
0,5.299395556387875,-0.2184993360778236,2,0,7.4658506718089495,0.3869850799917023
1,6.678427226035215,0.16656105809062502,5,1,0.2745147038435761,0.5882577898354404
0,1.2259568328035004,-0.5599055705617537,1,0,5.859856818276065,0.29787895754651555
0,4.521338267921522,-0.05266277934274048,1,0,3.9435537455939604,0.3896442934688683
0,1.6139118459261086,-1.354159831542692,0,0,4.843986631926103,0.161427599279127
0,2.9220369206141825,-0.22525344690907875,3,1,5.275722540548758,0.5072907235434836
0,5.409880665735435,0.7756728760864275,2,0,7.508043033970282,0.6072593904583968
1,8.062201960683016,1.9691722756681103,1,0,4.790678630141744,0.8009148499536942
1,7.915800224210052,0.7065148677097941,4,1,7.967895288041237,0.7281112274242382
0,3.25405188267567,0.27193385989192836,5,1,2.4642442102510644,0.6239496375987497
1,9.070879148777214,1.183765857934436,4,1,5.984448325151348,0.7965712049165096
1,7.982210396068364,1.0191086599600772,2,1,1.9030739103580767,0.7339535140880076
0,7.7921283982028795,1.6638427016068749,11,1,2.6671500369484655,0.8873683269866918
0,5.383507189205828,1.0826558538488558,1,1,3.560679527893915,0.7433411378671945
1,5.515585698929732,-0.11786358135149987,3,0,10.109495728206515,0.4370016245514664
0,6.18027213039553,0.25844761263424176,5,1,2.169376209603148,0.6193610883153888
1,6.910799997525614,0.17916125499753283,1,0,2.220285453035065,0.42965773125921175
0,4.837053939924644,0.3021392035051579,1,1,4.877754619679283,0.5972137700493684
1,5.230324007253015,0.20032108904013515,1,0,5.126511174047389,0.45225882223543784
0,3.580608616281909,-0.7824287978047578,2,0,2.7701509479491393,0.2525737893772945
0,0.8091970446793753,-2.103635888613438,1,0,5.026377514636932,0.09384100550370152
1,6.3242813659712285,-0.6716786118696474,3,0,8.216828057446179,0.31022019980246845
0,1.033006844260015,-2.0260344883676478,2,0,11.90174250022028,0.12175791839224773
0,4.744624705558242,0.0679591073824083,6,0,3.9768355191397653,0.4776609029794586
1,6.843755960497655,0.004536388153236781,1,0,14.954743615516197,0.4695256540485113
0,1.1055219919434371,-1.6755745035631586,0,0,0.5233523115949958,0.11456535065213103
1,8.530097273084102,0.6881681671279395,5,1,7.481412504511072,0.732312418250232
1,6.311878501284441,0.8668580847152214,4,0,8.492428675460324,0.6553145287165594
1,8.283621929370527,0.09585178909326052,1,1,10.21206425820978,0.5845714111400827
1,8.640117592662417,1.667666301846532,3,1,3.9042909916160076,0.8453396329253678
1,8.676317086910544,1.8716655437857856,4,0,10.811755618720712,0.8326871906328664
1,4.347544258444831,-1.2059939963062491,2,0,3.3449518149986455,0.18972918756795684
0,5.705028660316371,1.0367051438010604,4,0,13.480907992012693,0.7150537867809715
0,4.349568669828858,0.44084787871378645,3,0,9.520177841362521,0.5584237909115681
1,7.599474874906107,0.41831977654672364,3,1,5.36808631689354,0.6480981744879142
1,7.394119099390222,0.9344475176464853,2,1,4.451573435582118,0.7315089944486457
0,2.959317481566256,-0.7191677959584135,2,0,5.403523798309688,0.27644535103291223
0,4.3016354332327955,-0.592372433225022,3,1,7.973477124411233,0.44181523291161
0,3.267261936031132,-0.8266721120953349,2,0,15.734424723512005,0.3098877174058868
0,2.839295756860415,-0.7549023733623218,3,0,15.207105351110634,0.3319819703834742
0,5.548309093460465,-0.0985117341791574,5,1,2.7551144225843274,0.5449327791319073
0,4.168482154505017,-1.4518241682250626,0,0,9.535116638565025,0.16544444769792768
0,2.1837296550373986,-1.0457273769897157,3,0,1.9963969065849432,0.21564220413489465
0,6.450247500596655,0.5775282890608695,3,1,4.549891319631328,0.6755778377774172
1,5.849502270954597,-0.07096271518980352,0,1,5.7888810275437494,0.5077132835506295
0,4.569672064174075,0.38295479089808016,4,0,3.758204967614472,0.522139123572647
0,1.1124769812550455,-1.889260483214151,1,1,6.058187061986939,0.17524812475764054
0,2.9413921779021606,-0.7838532661601295,1,1,1.599385297524019,0.33950894046411356
0,3.454398834192988,-0.5554226527397299,3,1,8.042298549405494,0.4504573656287877
0,4.220585436476679,0.03253481475709576,2,0,6.895243815536695,0.4382327216745941
0,2.9107128140382614,-0.5862841716541372,1,0,1.836948409754473,0.27254824344291684
1,9.645398683921542,0.9332146265064265,3,0,4.4348845828340355,0.6343131232224379
0,3.9063269083018257,-0.05827611623345148,3,1,4.9140906056845335,0.5424981533964599
0,4.705257291981661,0.017014160597581412,2,0,1.13735667867655,0.39981083962708563
1,7.074978317010332,0.013538172992502411,4,0,1.737519307658538,0.42693248240914444
0,4.5202955109132334,0.7079854494341167,5,1,13.335534505332259,0.7632489822225
1,4.360285952961071,-0.47162071221397295,0,1,6.253960182148118,0.42113651289227205
1,9.298489281656897,1.1223937822732857,5,1,3.4234391361002956,0.7851172235627518
0,3.5578387559898674,0.46005860268931037,2,0,1.0299876496483642,0.49745063050784627
0,4.729590632131446,0.15403693654833056,8,0,9.53606599653386,0.5565161717318635
1,3.7185325583357387,0.041736487547873846,3,0,3.334378054656814,0.4306799022689148
0,4.742969113872805,0.5203039678826298,4,1,9.82432059683891,0.7034709904423393
1,7.658430046745466,1.0153915379290526,3,0,11.617027741925826,0.6908888588939676
0,6.619494559243805,0.9455275503849921,2,0,5.556805491085007,0.6317879760480773
1,9.529266526860484,0.37586015781087595,4,1,8.115493805944446,0.6662252555312789
1,8.116652449340435,0.876718754937285,7,1,15.897930499275358,0.8155516296896085
1,8.695710973643934,0.11835818574354019,2,1,14.543615654784038,0.6271741326527901
0,6.178816468724559,1.2524901993132729,4,0,7.918150633140664,0.7261537486986543
0,4.783557272933042,-0.02660650720976532,5,1,5.88301904535929,0.5800867745164555
0,1.2408279216479965,-2.075139274724183,3,0,3.24186596381975,0.1009622174989853
1,8.502180033762862,1.3378825669523462,4,1,4.541608981040567,0.8126975806959527
1,5.243706946788491,0.10785108802531188,0,1,3.150953050641375,0.5314185012609385
1,4.291372932916046,-1.1710784450654783,0,0,0.7876188366661516,0.17019016513120155
1,5.373783940085561,-0.19822370723278251,6,0,10.641857973192804,0.45950020070047354
0,4.054501732816969,-0.8838335765102854,4,1,4.057266918655047,0.36725326223170857
1,12.318081875083038,2.100209383299386,3,1,4.012269912026093,0.8899759236735153
0,4.176182454810531,0.49768494758334,1,1,6.521391946319342,0.6481577648546701
0,3.6596890636256836,-1.5687111746440843,0,0,6.860017293313044,0.1430310895297231
0,4.101045982235151,0.5461645463688639,4,0,6.6565849657019305,0.5763879054543668
0,3.59151567999265,-0.3987399548212523,2,0,10.865353985560695,0.3688316986812705
0,8.716917516905761,1.916783335900153,4,1,10.014383411804214,0.8933536767453817
0,3.5559589648359653,-1.0526966000871745,3,0,9.367332908978128,0.24726667268540517
0,2.7393525146357334,-2.2470295033213277,1,0,17.3498554686333,0.11021173347038657
0,6.232713911267114,0.06586917972792136,1,1,7.862791053437078,0.5636163588986725
1,6.957707736660395,-0.34802734954971914,3,1,28.479941046586553,0.622171152636549
0,3.8450846651161745,-0.4165857348986773,4,1,4.103459474476118,0.4694529223175797
0,1.886854376169182,-2.141239161151281,0,0,6.672736590522281,0.09027376472634689
1,7.3815913970475115,0.4268093511974458,2,0,6.5272638553070506,0.524308324364896
0,8.021165706045704,1.673345147842607,1,0,2.5965335538946634,0.744772590019996
0,-0.20085454053010388,-1.9090490809054177,4,0,6.63011578205873,0.12983806817597182
1,9.240299892532056,1.1712236874228787,6,0,7.928480600425724,0.7315131644533327
0,4.514097624219016,-0.5687168567540479,4,0,16.027679986205563,0.38671229522332046
1,9.804124337803366,2.3490052720222456,5,1,1.7606029430043069,0.9135774736465845
1,6.668874683096857,0.43600792104884084,2,1,6.7926379069784595,0.6484477489758911
1,5.94200924605351,-0.18784437134585374,5,1,3.0856812402218443,0.5269942509957454
1,7.119878655354506,1.105381765888225,3,0,6.6219223233671585,0.6814387586347728
1,9.185431552309991,0.5260284507497229,3,1,5.4490888354636695,0.6703244426322198
1,5.841810426780343,-0.5924559759824957,0,1,3.694241352287643,0.3796923265694556
1,7.248852541924396,0.710216943288975,7,0,2.5470597674308673,0.6231339637887635
0,4.071382349682932,-0.5106958703451107,1,1,4.1171076283822075,0.41175897784461063
0,2.360170148300968,-1.788487967143609,2,0,3.87964094092675,0.12318074297859105
1,10.7118370200987,2.031592193247407,7,1,6.296638437284284,0.907698253059406
0,3.8246168292255924,-0.34958310074179777,3,0,4.116661873782717,0.3516696229571422
0,3.4052535566595896,-0.609014000667632,1,0,11.675744664044927,0.3194677280063138
1,6.690464665862152,0.3387220634549792,4,1,5.67217821740934,0.6448904931805063
0,2.0949573749861163,-1.5596318578537094,3,0,2.1803964365645694,0.14815333425367208
0,2.1522897544156234,-1.35357864819892,1,0,2.736134578563852,0.1611336274585511
0,3.7301223747449717,-0.4996467000687651,2,1,10.457275728302147,0.46549241053772056
0,4.008642982515642,-0.5197218065528668,2,1,10.596049102129768,0.46186212162295726
0,6.1528289725873595,0.0718892724861329,3,1,3.372390581205604,0.5619328401845396
0,6.906952679416279,1.1225577131260291,3,0,12.818852053272181,0.7172321334285084
0,4.4957059424516705,-0.4740269731350362,4,1,1.8988542921623706,0.4429611497405296
1,8.469188398101485,0.4927984727498653,1,1,1.875734253414214,0.6202034799259003
1,7.765322237955821,0.6015450009035166,2,1,5.376616339969556,0.6738842343419006
0,4.0674275638356505,-1.084075381597879,5,0,2.255311846002397,0.22806229344298842
0,4.5750007859577915,0.22845572291280122,4,0,0.9532492531191151,0.4698967976076761
0,4.471935901675357,-0.9426673793229624,2,0,6.7067103552776395,0.2440258753951162
0,7.060063316294189,1.0638987445477837,4,1,8.481047810861096,0.7891043431146606
0,4.617029410527345,0.4550898780724911,1,0,8.006759536154586,0.5274099623572663
0,3.395368501409512,0.016504114361246543,4,0,8.115898342712615,0.46698589373967514
1,4.90677940511318,-1.3396996537511157,4,0,9.568534474450654,0.21139846985472607
1,7.2628641401067355,0.11599001028531707,3,1,6.922623482716883,0.5932595187271872
0,2.1126908278805185,-0.7670275135766861,3,0,1.0697351723429323,0.2566256428482406
1,7.511971012404918,0.7059626404522606,3,1,1.2652869207721391,0.6828712623553773
1,5.75327942586817,-0.1193265023655012,4,0,7.0950823814710855,0.43044965913788436
0,3.970282538141291,-0.8123445628874556,2,1,4.310906169844186,0.3604670823323824
1,6.506761686708234,0.9255178975111621,5,0,5.266082417009699,0.6602970315896953
0,5.392055822882567,0.7215350677134271,4,0,5.297806307785303,0.6063097875075815
0,5.296896469690871,-0.5932970789467739,2,0,3.7173109908545765,0.290896369231192
0,7.069477165936649,1.1620278326784772,1,0,15.103423766009623,0.7157365378434173
0,3.692692461313897,-0.29839467518434,1,0,2.6959239396197363,0.33155573177756914
0,6.457163795984731,-0.3091516143961749,5,0,30.11842482555358,0.5435702536114937
0,4.089263025587143,0.12380104826825901,2,0,5.4051538437694155,0.44931216607202984
1,6.775138127112499,-0.752633751892954,4,1,5.068262377128896,0.40115286110731824
0,3.9652660800767077,-0.4416399017124963,3,0,2.489174016590906,0.32404446326859426
1,5.6547530984370775,-0.16047927868495432,4,0,1.1290131834583002,0.38551461970038037
1,9.911549665469032,1.5302830096578555,7,1,9.526886150988155,0.871627600993043
1,11.083137818443756,1.4996497419608228,5,0,11.97698773959825,0.7939839978768894
0,3.7970590597124247,-0.2588702005904889,5,1,3.0468219790725506,0.5107951644061386
1,7.929351296535068,1.6104377405287214,8,0,1.8760023968695951,0.793523086410875
1,8.100117064913327,-0.04328674990911938,5,0,4.849786647735857,0.4457856216959948
1,6.867738092097703,0.38058067781150273,4,1,5.16842664966128,0.6506126524897773
1,8.23176536581525,0.88357783377393,5,1,7.761515111283139,0.7666083190038573
1,6.357321530082399,0.29204782620021036,1,0,10.86880766112792,0.5086399486749318
1,9.554102535867058,2.4151822041819053,5,1,4.115785953482191,0.9224820669700924
0,4.966263058990465,0.24334631423717915,2,0,1.7387689236502661,0.4532571162059776
0,2.242910713361514,-1.1975892455108241,2,1,5.414862641425465,0.2906026874576797
1,7.779637594055826,1.3054709745141813,4,1,6.440319999897143,0.8154668842901974
0,3.8964531286834885,-0.41206349351204147,4,0,12.667696651118627,0.40031213179908787
1,6.891849280075963,-0.3042883313481632,2,1,3.2939602430838044,0.46468129603722996
0,1.5296092039124134,-2.991672883505406,0,0,6.012366250234904,0.04343029430737746
0,5.8436574458642445,1.000985899653341,3,0,9.760121984981149,0.6780643162134292
1,9.007679003839886,0.81844914660313,3,1,7.8034594073563115,0.7372435452933392
1,8.825603318811506,0.7990194733686489,5,0,2.1600506716126366,0.6161216666842226
1,8.478334061509788,0.9784058965260787,1,1,3.3934315448376164,0.7242018901865139
0,7.424632982864398,1.6910002031173141,2,0,6.029665101813321,0.7725281247978737
0,4.730882066532578,-0.04600184904419109,5,1,3.186250939508255,0.5592834804538165
0,4.345862660058121,0.937616498169398,1,1,2.0480831203804244,0.7099326412227037
0,4.027352583861946,-0.7438398119629125,4,0,0.30171461806272815,0.26660564728787306
0,3.4399404579611135,-0.35380118366422997,2,1,10.626741130086433,0.4993118661730567
1,9.168216533947199,1.0567601543294927,4,1,10.993695135451215,0.7983359842150268
0,3.9741915323479047,0.3911238288656312,3,0,2.077827190335446,0.5009892801434486
0,1.4369507814369364,-1.3334151925780864,2,0,8.102703256813381,0.19038567765385933
0,5.3042865980483835,0.36132937954770283,5,1,1.5495136784901602,0.6373623679731031
1,5.649506714825007,-0.18291144086031308,3,1,11.712519854899954,0.5568019065759676
0,4.002679077607762,-0.8186662911473895,2,0,26.47148872979749,0.37168090564986006
1,7.343958493043515,0.43428705031409537,2,1,8.334730277578338,0.656836158094388
0,3.505526068745269,-0.40450569748884313,2,0,4.654001202921693,0.3323212334618348
0,3.4205270215025343,-1.5704896885119972,0,0,2.719909060769727,0.1306251075225821
0,3.9467975222472456,-1.111155278671533,1,1,1.9955969833777676,0.27885469171224186
1,8.460155515652238,1.7691700765436857,2,0,5.79355154708059,0.7836545491577516
0,3.395740431038174,-1.5149289161276076,1,1,1.7428076542513813,0.21084061620991387
0,5.342517217270629,0.222802187080488,7,0,4.876321535571504,0.5305693273173653
0,5.386268157872701,0.6100559143083106,5,0,15.886919769245909,0.6561588918639281
1,6.466209263996888,0.6391890463003149,2,1,7.555447184680528,0.6929944832718579
0,2.0024482873287983,-1.225471658638618,1,0,9.642718773283926,0.20393873425454703
0,5.742058234257459,-0.3215381693553146,3,0,2.2629247109752395,0.34687337244854943
0,4.661871759963783,0.14084672512860527,3,0,6.912604504335685,0.4749153687742746
1,8.642215254883519,0.8002092604788348,4,1,5.869591558032502,0.7343738033958893
1,7.651718454655697,-0.6449608312139513,3,1,3.2923351232139693,0.4017553722846767
0,2.1070994399299163,-1.1634745046255395,3,0,5.942074950021005,0.2144049094196457
0,7.255436703031988,1.002574049160511,4,1,0.9355206370413687,0.7456802698633485
1,6.077200706988352,1.1051536459896922,3,1,10.162690035909336,0.793917917992892
1,6.568180193312237,0.37007255604901534,6,1,3.5367138197903856,0.6618351808001455
0,1.373369738195954,-0.6087871566976384,1,0,8.630272136228184,0.3031903100199033
1,7.533647939825005,0.4067616554221394,4,1,5.511726265023952,0.6578839737463855
0,5.114716506116295,0.10931070326586399,3,1,6.330127908946782,0.5882250936323228
0,5.447607292304736,0.8376286761913921,3,1,8.874810923150983,0.7456862286247797
1,4.547979741453291,-1.249112965910906,2,0,21.936253605626792,0.26390007894135076
1,10.106676930750822,0.11626077213898914,6,1,3.3554002639004326,0.6079062487806848
0,4.458195855151702,-0.1590638486661144,2,0,4.801325757777634,0.38387702608622293
0,3.1499137565791226,-1.1096837146474172,1,0,2.805870661143766,0.19332181455412523
1,6.736778144576776,0.2156482494083487,6,1,10.49157528919931,0.6695991878801266
1,5.736486014594223,0.03491783587894065,3,0,8.131615204940868,0.4587729211026323
1,6.070839928107904,-0.41035866711100005,2,0,9.293099602996303,0.35732456622657593
1,7.7806746032829235,0.39602874988594206,5,1,19.50245759519051,0.7396186281292709
0,2.658678586520484,-1.418797010729465,2,0,18.2637945097606,0.21920205949053143
1,6.125761588623803,-0.05364179317152694,1,0,13.041182062309336,0.44466556382962236
0,3.5974053232516905,0.43141416577899233,3,0,15.470046644476565,0.592672373406372
1,7.481123371853495,0.28401785812567304,2,1,2.2390811845955203,0.5894260243339947
1,8.590006705601981,1.0764277819579489,4,1,3.342420164036687,0.7689417734856334
0,3.906219419306346,-1.2011125741820126,3,1,7.223027477401461,0.3099344798875624
0,3.222052477144694,-1.507880424632744,3,0,11.100814138330609,0.18549207053035463
1,8.301880529765597,0.2390677420582579,2,0,2.3838997937895527,0.45630138903706885
0,5.151268707617135,0.4551525274359929,3,0,21.339162936609256,0.632537061480022
1,9.444218570060698,2.1198237931768675,4,0,3.5560073761607587,0.838450181686643
0,7.207866807338268,0.6166124762069511,4,1,6.55343160934928,0.7044932391776985
0,2.597382736038207,-0.8739482973691961,0,0,5.281504518380203,0.230672845393854
1,8.61027622206388,0.8060297349017768,1,0,10.202117472098418,0.6178611421172256
1,4.523595397762292,-0.8456301477467206,2,0,1.101048853350664,0.23441612829633882
0,1.8820619718006422,-1.485835945656234,2,0,6.338121161420013,0.16399490846044482
1,9.288545189742637,2.6091008797125292,3,1,2.7927096914494807,0.9253946817105493
0,4.49535581240719,0.3258253793974214,1,0,4.491763853472001,0.4764017796140223
1,9.493673380111163,0.7149506318072036,4,0,6.497602808777579,0.6120400571102026
1,9.47002060538011,0.5635502526976668,2,1,6.926037488608687,0.6748812314333474
1,9.629773088396913,1.8120767740895158,5,1,5.917675522854783,0.878554355315413
1,7.2215590229270195,0.2841065164750757,4,0,1.9158756676220223,0.4884002708507064
1,9.796919462503052,1.2176980326795928,5,1,3.747743003048682,0.8005318595284118
1,4.187130816757557,-1.027283849998033,2,0,14.571048132869283,0.26692520235795036
0,1.9618255124573374,-1.3921609905481027,2,0,3.909582217218222,0.16725535417210413
1,8.758608123503022,1.4265570102475973,4,1,5.872552465245262,0.8293057726872132
1,6.93845513667932,1.4748597184089915,2,1,3.806931212305267,0.8134442129164269
1,6.3963957937445555,0.5107258153135588,3,0,8.51548618105179,0.5677164599762377
1,5.772899410107221,0.22606650372129622,1,0,1.3656968806732181,0.4347743859883666
0,4.768467652554734,0.1661765946528419,3,1,3.934595427271659,0.5861140205107044
0,4.002883155378963,-0.6881614284343454,5,1,7.541061817597543,0.4425501531134867
1,6.409829445677661,1.5386378999864012,4,0,9.210565168615792,0.7798921932263673
1,7.564814737308875,0.6588808148318211,1,0,6.156240640491365,0.5614130308002623
1,7.305749214828402,0.5059054445022095,6,1,4.803735831858454,0.6953831636856908
1,7.8968592288940975,0.37612526747180247,1,1,10.243634053396665,0.6444207249397611
1,9.043794315133434,1.0479128213568687,1,1,13.569374646683855,0.7828505367804715
1,7.122013128051629,0.505005299863868,4,0,10.673574918720579,0.5917837307603876
0,7.761355612457152,0.7453597695911983,5,1,3.703616903513201,0.723804866882187
0,1.0161265475731598,-1.1689308748745686,1,0,7.48987701284646,0.20346276488608464
0,4.929890090908863,0.5100329984638009,4,0,1.4819518836155565,0.5364548214062578
0,7.836558698139772,2.187201511058491,1,1,7.123756444383575,0.8953483149793149
0,5.054780371664016,-0.5185230052490468,3,0,5.230639474867388,0.323900317548475
0,4.532728843653161,-0.12882886840722252,2,1,4.909208853697875,0.5141922466332415
1,8.694143452955373,0.8919437089100248,1,1,11.332451704015048,0.7476391870810157
1,8.35365993804154,0.9573031656056908,3,1,4.851240010204107,0.7470336678121656
0,7.213332320951456,0.624427091992447,2,0,7.65208245053485,0.5752457181501214
0,1.590420124797179,-1.6176002631504405,1,0,2.757157269365215,0.13159704174018727
0,4.551996968703012,0.5017302747178614,4,0,15.01336358933099,0.6170135410623008
0,2.1363084370813485,-1.1836745148601586,1,0,6.203540104903495,0.1961995858863915
1,5.734562479000462,-0.8247019183047019,2,0,10.063546143791294,0.2807704631627127
0,6.90706267359135,0.5480537862384456,4,0,15.046139904966159,0.6270079011223486
1,3.442037658541638,-0.29582412356006343,1,0,4.745750307469989,0.34353103697606174
0,4.382472287713027,0.8096229130477688,3,0,11.63188984424968,0.6500952390409852
1,12.265972389982384,3.148138653750855,5,0,8.856931671603824,0.9401809441243617
1,7.4848843938860234,0.7771800503839431,2,1,6.362079812253938,0.7126959932913652
0,4.823288093765806,0.7228526530144717,2,0,14.119264856631,0.6349585956006623
0,2.4625363115436247,-0.8957274789573528,1,0,3.461369712517374,0.2280032444878028
0,2.8452762060736205,-0.6429642734318147,0,0,18.834573932685586,0.3412331977716533
0,1.8571111416267267,-1.0636618865511003,2,0,7.728088845757316,0.22897755893360194
0,3.650663998960549,-0.5325958365261854,0,0,10.120558432076482,0.31511305706689796
1,4.041615257209803,-1.0917520559300893,2,0,5.576701819289123,0.2153185457566052
0,5.355085212225618,-0.6596900170661099,4,0,9.008590717840042,0.32772200220626085
1,4.285523962526358,-0.20872183531799596,3,1,9.561089147080542,0.5377225768526794
0,3.8481631593250105,-1.0005738679718648,3,0,14.618128548733964,0.2818986172956921
0,1.6042835413190948,-1.419097100962425,1,0,6.0873056839702375,0.1645158101758074
1,6.0473214056180336,-1.3614635245776028,3,0,1.8926073251693938,0.17107863525453387
1,5.98908024248555,0.453921112393729,2,0,7.855183535929611,0.5386498892251289
1,7.36583470686642,0.0597465313619631,2,1,4.517239516486946,0.5539646991852041
1,9.365347119426973,1.0259403283148534,5,0,1.6673475433726508,0.6603893977955639
0,6.686414337882795,1.0444392184672022,3,0,16.149826061260956,0.7198546917734737
0,3.1877841105859654,-0.340638921950905,1,0,7.659577792289797,0.35089998189273314
0,5.377769648640454,0.6700435744045339,5,0,9.979676465546854,0.6347226325701292
0,2.6685101389969907,-1.4405205465585587,3,0,7.498185536356071,0.18108498599781905
1,11.492967530280875,2.283023537038375,3,1,7.106114784820564,0.9115229884877221
1,8.579217609237054,1.1954042991879597,3,1,3.3758041950866726,0.7790706855154612
1,6.875530849178508,-0.21503339517460757,3,0,11.231543425860053,0.4224457185700869
1,3.4595778805986397,-1.1631994341034164,2,0,1.3365814332805623,0.18793794137380979
1,7.953281398620073,0.3800485772019601,3,1,19.18454510538247,0.7153796812106783
0,3.6274661599732836,-1.870073528483324,0,1,12.294299784115315,0.19376820216742643
0,3.4339806513052586,-0.7793024361063557,3,1,1.736741605803985,0.36402107716129817
1,7.220363323574591,0.7487575590045316,2,1,1.7379409582100847,0.6829431071299986
0,3.9610940666178087,0.07544900009403648,3,0,2.2743455880386145,0.4316218098524879
1,7.3591173919157065,-0.49096473084368786,3,1,4.808109765846377,0.44480942192797773
0,6.331227314963827,0.9507395791368844,4,0,8.77716093630492,0.6737279044482745
0,3.9193132004163296,-1.0386340108947445,3,1,6.218804439433773,0.3364174418887121
0,4.008802955428112,0.28470061582877265,3,0,5.466016636153649,0.49822025005399206
0,1.7264876456454707,-0.49788550133597076,0,0,6.246747923236368,0.3011288270851708
1,6.171235825480104,-0.8473704568163943,1,0,7.441458413517765,0.25415055216518223
1,7.1081987303827034,0.4633957599504301,4,1,3.901194487831762,0.6602898264241793
0,3.700111046325886,-0.9928794341305742,1,0,5.482639404441274,0.2215725868982074
1,9.578347998371058,1.9020064487449166,5,0,5.505222558613433,0.8248323109325565
1,5.169569809030741,-0.584716845467998,3,0,11.040893041983328,0.34293932375449754
1,8.373093711025607,1.9898199829749341,3,1,2.1350408379469226,0.8748143662839076
0,3.5330472407347884,-1.0939707893231796,1,0,2.4516378881911214,0.19414746568006666
0,4.001197983401039,0.6059514183291346,8,1,6.054304639680664,0.7401433772434923
0,0.2500688069513517,-1.1995756916419236,1,0,5.256964660748533,0.19027966587180611
1,6.055434329893698,-1.3411173078807936,3,0,4.614425156643631,0.18367495806231537
1,6.565007434635947,0.15970534307367285,6,1,7.023848726576958,0.6386087987795093
1,7.812759160716629,0.6775588302114253,6,0,9.786112536978578,0.646675051172917
1,5.870384761809477,-1.2742629533908245,1,0,15.215217369842726,0.2198644916344153
1,10.731044852280352,1.1841470672070513,6,1,3.7616281578573547,0.8037301474704085
0,2.1395508739607996,-0.7975990149764394,1,0,6.3663291482354865,0.2575616200218664
1,7.405245546100391,0.13122269006495163,5,1,15.986536612521792,0.6721144086608573
0,6.447685034838358,0.37977885975123876,4,1,7.481467833711797,0.6634792279536158
1,7.8557494933038186,0.5946816814615442,5,1,6.215081243450204,0.7090120251648874
0,0.9869243459516261,-1.797812199513932,0,0,8.096984852664754,0.12286159070942658
1,10.016357638700313,1.6185626177832404,4,1,3.431043275939155,0.8445503457108714
1,5.799615233786734,0.5617931016610216,1,1,5.435861533884493,0.6550947928868128
0,4.763432164109881,-0.4255934808669304,1,0,10.439939849478822,0.349318619364858
0,3.277667412276502,-1.0241539027899973,0,1,6.805136040391696,0.30968120580270087
0,2.355703807549017,-1.6940715292830844,2,0,16.516996375918634,0.17339718651323371
0,1.6521176532292758,-1.3614232160906443,2,0,3.2019833869804515,0.16864916074556813
0,5.633715679166725,0.5449384790705676,1,1,17.27786244081601,0.7155290769543509
0,5.311010779770562,-0.3410732852633141,2,1,3.2392257412350918,0.4561168713580552
0,2.9330383705321053,-1.131515949768452,2,0,4.187208268110824,0.20364218409010482
1,6.63593621659005,-0.5269349655208156,4,0,0.47360066773456266,0.3073789969966285
1,9.801943146585348,1.5641125404866072,7,1,3.4976333808427857,0.8575565592118588
0,3.770497151310176,-0.3306749003953491,0,1,3.8112489457113554,0.4372510283382815
0,3.467757063776958,-0.5844482454790189,2,0,13.294789192205664,0.3444256010879347
1,8.73612086171475,1.3506060681863963,4,1,2.8983622553263353,0.8081454493659744
1,6.478692675409062,0.4618916923238335,4,0,2.575015799077925,0.5324737037856576
0,5.860752007035128,0.04428082908598004,4,0,5.6887587809491125,0.45811630905103073
0,2.3900642620964185,-0.607781893438834,1,0,10.598940767665074,0.313882499762952
0,3.736449194958742,-1.552410781645539,2,0,1.8485265771845754,0.14173466591804484
0,1.8788344661061362,-1.1705425214888918,0,0,6.8544698775371895,0.19276756363770917
0,3.281123858564916,-0.48046160244002395,3,0,19.301082450095915,0.41340948867474214
0,3.8886706499252846,-0.2196257004020648,2,0,4.330763544996955,0.36832855485522653
1,6.2991210676228375,0.35624228402743896,7,1,3.2573959175429694,0.668642781135345
0,6.748599250848791,0.5517647273448189,5,0,1.858166654447722,0.5604632693243008
0,6.427617415177844,0.2229215594968929,5,0,6.082465014846745,0.5131697103994569
0,6.133540702314809,0.22040850514330076,4,0,5.73372577993821,0.49792771164756766
0,4.772562087965911,-1.0075246916082559,4,0,4.796233454430984,0.2428961607515293
0,2.5647008589437585,-2.154754943177502,1,0,6.9275512149365905,0.09397052507417701
1,4.45383160491605,-0.5208758251558034,4,1,6.1091243436857265,0.4585801055780578
1,5.738464020079096,-0.9541492231539398,3,0,6.3846302810872455,0.2499050891749401
1,5.235885717585621,-0.6526269525413433,2,1,6.176005296669087,0.40541218558214176
0,5.708866914878395,-0.27455397515268837,6,1,8.900359472648093,0.5561152028271104
1,4.32499641512621,-1.2436070752310067,4,0,1.969774222127842,0.19466126814939372
0,2.082777744498342,-1.1105104217264656,0,0,3.2765813543243,0.18731607217982996
1,5.122977159773797,-0.10031706444805384,0,0,7.471182333347135,0.38852755480621093
1,7.270156188775249,0.11577052264971079,0,1,2.2004507104882576,0.527274084767135
0,4.490322269005733,-0.6559982779150202,2,0,6.34521396772203,0.2928115189836949
0,4.251775126342913,0.49828506876480194,0,1,5.594561137424831,0.6314216578336
1,6.156142490367113,-0.21945471235280117,0,0,4.779084778139943,0.347956882040556
0,3.9850552116905105,-1.0199130875471998,5,1,2.136492563721787,0.3397273515555098
1,5.960820013733538,0.04073066792522259,0,0,2.9702383322580417,0.3919586736965005
1,9.303169209589482,1.8824135849857386,3,1,7.762875534065014,0.8795572494994637
0,4.755123917748661,-0.6749262003203226,3,0,10.027971677033056,0.31935570708820826
1,9.680839864187025,1.1661397483449962,3,1,3.1181964109007385,0.7733773308567199
1,9.417913821379123,1.3777758925746164,3,1,3.954090277377206,0.8082765909977615
0,7.419135862410125,1.4981616011100958,1,1,4.4655789849333996,0.81153036765912
0,3.757651332406534,-0.8226280144013051,2,0,1.372980781525477,0.2393874560159947
1,9.063432927402472,2.015373931371263,5,1,2.268218055968026,0.8880068740091206
0,4.403990884040291,0.11634945827287502,2,0,7.106953178387537,0.45819491120431394
0,3.9836091854499722,-0.25378890670915494,3,0,4.223419458700864,0.3721920017550755
1,5.609427537118297,-0.23034791500272112,4,1,2.0737267102649772,0.49863251447318674
0,5.92449708333555,0.6015735397635955,3,0,5.189966720833455,0.5673789752270282
1,8.558847261717169,0.05112753264698014,1,1,2.167783704888093,0.5250313995670886
1,8.0382422996101,-0.17689668071199002,2,0,5.362129147328793,0.3833971397190409
1,8.853796867353838,1.2835889159460645,7,1,10.050222084633642,0.8463798915238714
0,3.1700994557849587,-0.7227626711045785,3,0,13.513437587374554,0.32901344919706593
0,2.19354504564832,-1.0431439291548392,0,0,13.826419923792585,0.24173899700497237
1,8.8800931220896,0.7931050993185043,5,1,8.253867723356306,0.754014921956131
0,5.605090429052066,0.7035973807944118,3,1,1.0894788917190192,0.6814567689736205
1,9.255939605082933,1.0939775355370664,6,0,7.421969445622654,0.7150683933036643
1,4.154944060905473,-1.0721997596911337,0,1,6.320941130046133,0.29797566313806567
1,8.376685164592494,1.0813914590722906,2,1,4.084247881470075,0.7549813117713178
0,4.9100896428909575,0.4820213247444815,1,1,8.989091974939804,0.6589338024185013
1,9.540965092321274,1.7625754355389314,5,1,1.7723633720379923,0.86183640060287
0,2.72646606213645,-1.2482876605516346,4,0,11.715955348299318,0.2349515197463965
0,2.714133007802861,0.21824034851994384,3,0,3.177212798917353,0.46900146595253767
0,5.488177624313324,-0.277567419476039,4,1,7.929423468048185,0.5245863821919874
0,2.0887676248306484,-1.5897659221268166,1,0,5.402128026939945,0.14237089612218462
0,3.531072637206674,-0.7148879387866381,4,0,3.243108642235384,0.28652503608688795
1,8.555794609820273,1.1270641511010977,4,1,9.991258201045424,0.8044179819493142
0,2.692484525341972,-0.46896067787685175,3,0,3.4960615535224306,0.324172283805632
1,5.285797760453014,-0.7225975446538085,2,0,4.623983720974719,0.27195263413401966
1,8.8323744883641,0.868260391887352,4,1,3.3796602404534037,0.7341782467877491
1,10.34857672980901,0.9888766736662779,5,1,14.752908667208402,0.81135086363158
1,8.00197047010084,0.9867839529464602,6,0,2.498818858796203,0.6683154728645339
0,2.7626733282323515,-0.7896933747081025,4,0,3.9816808936222206,0.2766415982267843
1,7.812354110115694,-0.058008752924185406,2,1,3.041896016118598,0.5184514979009422
0,6.165840008066492,1.0306591397469347,6,1,1.66973066925681,0.7719467633545373
1,5.365336846630355,-0.6560341288488227,2,0,11.788690752665667,0.32175603573195455
0,3.717221233388191,-0.749331170989476,1,1,5.488539089344706,0.3688427641991921
1,8.063297773980192,0.8282319769793812,2,0,7.583922506698659,0.6189294685147106
1,7.742331924835739,1.5623486941447886,3,1,3.861358398404286,0.8323881243038828
1,4.716228490500119,-1.1520747438819885,0,0,6.803044613879637,0.1951651223140486
0,0.8726732581337501,-2.59756841525121,4,0,5.969085475907548,0.07319714627149158
0,1.9865470593391028,-1.450316447257672,1,0,10.735481340735411,0.17698670049731294
0,4.413011734619266,-1.0124524484586404,1,0,3.4482445210648143,0.2099874456532433
1,5.014245722017682,-0.13767669847414857,6,0,10.930224233907657,0.4748578672012369
1,7.246330657762254,0.6158492075219365,2,0,10.696579592898578,0.5918645676740693
0,4.811493092071576,-0.14650118730966166,3,0,18.973414110503544,0.4856250335955371
0,3.613178231713727,-0.7003395161875435,4,0,3.696059546475473,0.29154254188271306
1,8.396562862521874,0.15336968599425066,3,1,0.7792580203079573,0.564025121327754
0,0.9673983613911554,-0.9618717531895769,0,0,11.76982350842341,0.24574446321751214
1,5.988838166414228,-0.046920341763756,4,0,4.632053166906905,0.43132996669742296
0,3.1025932370206215,-0.6415684619330663,1,1,8.09384782534104,0.40731760688403196
1,9.15498210732509,2.680343186969958,4,1,4.504507253675611,0.9355305027317803
1,8.03812557758991,0.8167869400914622,3,1,23.726730972534362,0.8066326356337651
0,3.391011014497477,-0.8350144248359667,2,0,1.2513334402324405,0.23681347712497736
0,2.969927468618598,-0.9969342093939191,1,0,17.12395337020275,0.27505156197074165
1,7.5252815296178035,-0.4381782131091691,2,0,3.7963531398213677,0.3209408141767033
1,2.40550966957439,-1.6448751189990718,2,0,1.5535596967745628,0.1310679981968649
1,5.592646452995002,-0.7304944613783337,3,0,2.7929311787138826,0.27138208521926316
0,3.9813915303789043,-0.7382271170836668,1,1,3.638628346449685,0.3604437427422816
1,8.08032761652219,0.8839256893054488,4,0,15.367095353412271,0.6962937139820657
0,4.370785083620089,-0.426600316187163,3,0,4.537287653167343,0.338383079558139
1,5.7087807222992915,-0.7905457810915593,0,1,15.285276928917092,0.4062814402869941
0,3.5433313489747738,-1.3404658383652088,3,1,4.012922136073222,0.26774452511138125
1,4.839044820924295,-1.1766385491797233,3,0,14.336555108629296,0.24963482902488723
1,5.573709513208498,-0.06635604999662813,0,0,5.63596046829075,0.3848952324497957
1,4.845141071961942,-0.215129103141473,0,0,2.7090505173565544,0.33717924412069666
0,5.94596270727034,1.1342516276816554,3,1,3.0563068538497458,0.7680323863251013
0,4.002169456927546,-0.6291306106204656,2,0,1.2275906215693624,0.2717963285122543
0,5.659087580653728,1.0591842865409824,1,1,3.787213508876793,0.7403803173825838
1,7.763892336441893,0.2571263121834086,2,1,1.4796544087524508,0.5789354993608888
1,6.392514607443385,-0.004635687218704896,6,0,5.051142679027653,0.4680701227059254
1,3.5320871018040885,-2.0083042616903155,0,0,8.204260168632603,0.10411021207901633
0,3.7795701138185946,-1.2900581849921313,3,0,1.7678809526228214,0.179925053033025
1,6.930430868948598,0.7414288555092375,4,1,7.495060617255811,0.7319742907340292
1,8.971662275927702,1.3978198623449984,6,1,5.725057507258084,0.8390483486738013
1,8.116253513145486,0.2064488051734807,4,1,3.8690336149116122,0.6064775908877063
0,6.630882248132294,0.7625273148881756,3,1,8.533910001015842,0.7309843183952294
0,3.996577178621492,-0.40772214192058454,1,0,3.53977280539406,0.3146528333954029
0,5.117721474257264,-0.3713509274410334,1,0,5.656509911374545,0.33340980297300477
1,5.80785188713762,-0.6629626237623119,6,1,4.505409186204658,0.4417578045788335
1,8.24158408506529,0.9746987697758231,1,1,5.625680921216558,0.7345576722581949
1,8.849232796878464,0.3427973850735266,1,1,1.2933255956889802,0.5843971743235026
0,2.863629341939988,-0.2341693164325577,2,0,5.023922193526053,0.3693155268497037
1,6.604152014619314,-0.32839126472247626,2,0,10.363618306325044,0.38072745880015557
1,8.453731668152098,0.5565055864285112,5,1,5.572198900312568,0.6984989128435358
0,5.150934274399418,0.3231155444424801,2,0,7.048907912477404,0.5042565691185507
0,3.908931061967121,-0.8320419653090759,3,0,10.985230125106412,0.29437966422985007
1,8.151335419962914,1.715985877448314,1,1,0.6138803895685478,0.8263152233749185
0,5.263627355629013,0.2570289203186109,4,0,13.100491253161143,0.5520206480762377
1,6.430883766420444,0.010479104273891997,4,0,6.295015446447492,0.45432929869609046
1,8.693544429001674,1.4772856739625735,2,0,4.874115286878735,0.7313357089095028
0,6.351348706918457,1.0240169976171356,2,1,2.776174462761471,0.739046702136542
1,8.089446640682075,-0.08796685857963324,4,0,2.5114836172915056,0.40941528465427346
1,8.646429592296617,0.535985181195234,3,1,4.295736013664759,0.6659179989781175
0,5.580215018092362,-1.0699783264909495,3,1,4.461628768839194,0.3205076621083103
1,7.0207132343622005,-0.640842923301716,2,1,5.003896295602194,0.4009132785858038
0,1.6078820509397682,-2.2603314469504845,1,0,3.793531574219853,0.08021274266697323
1,9.356764172620712,1.2203670238156388,2,1,7.16044135309583,0.7904005237210705
0,3.3993838824526046,-1.8984114568353165,3,0,11.765188631305877,0.14010229557394277
1,6.560555745660274,0.6812752339467935,3,0,4.689346324068093,0.5818521668156673
1,3.800341205187801,-0.8306768902763364,2,0,5.4693268699912565,0.25714207991717936
0,2.071329046388361,-0.9789714678175792,4,0,12.920241951616859,0.28739529108574063
1,6.755645397637138,-0.1950308753872482,2,0,2.6010218602354302,0.3634312587288116
0,5.110082983378414,0.2664121797515524,4,1,5.651655709671048,0.6297308551904088
1,7.846034608298899,0.612106479200305,5,1,9.763226902095239,0.7300697536655942
1,9.494389936484891,1.77163168499441,2,1,7.308381529300243,0.861425209535037
1,8.331349005557394,0.3586140577716431,2,1,9.63400994925641,0.6487622337193262
0,5.129613469600901,0.8811953630627418,2,0,3.898047938705071,0.6083846031400936
0,3.6238467707708266,-0.5984890098461115,1,1,16.02798588557234,0.46556946139050454
1,7.469315305919658,0.7137213125560717,3,1,5.0902249232979795,0.7046634593573431
0,5.332537991592583,0.153268753030147,4,0,1.4913795909394514,0.45641747411305944
1,5.553389582980929,-0.46318420393523657,3,0,2.9238361568712237,0.32218032555606924
0,5.607440669595341,-0.09597931576723495,3,1,9.900875328624148,0.5649166310288716
0,5.659787782851849,-0.062055102323837846,4,0,12.123384220312687,0.47433133917484394
1,7.052847217856138,0.19111925252731876,4,1,4.933063522590372,0.6095292595007776
0,4.394983179840802,0.40139117892514714,7,0,2.732541730803612,0.5571406766629379
0,2.8400293888122423,-0.5088903707267912,6,0,6.977294240613473,0.3696848660395727
0,2.7828928157502966,-0.7407734445397961,1,0,5.670237012299802,0.2640662320585884
1,7.288512403683059,0.7474715849527429,7,1,5.469959907745463,0.7520309283912497
0,2.3751829158614455,-1.6965510100325887,2,0,8.709396688725036,0.14689545079326166
0,2.13249434810196,-0.6182066508272128,1,0,4.142790209639356,0.27831880811056764
1,9.538704998308177,1.552617596079063,8,1,3.2757262904557507,0.8616722363036133
0,0.42577364267944684,-2.7071976918835214,1,0,11.408532676840764,0.06591110896337236
0,4.126112440644806,-0.6930520217455941,3,0,1.8457367557614162,0.2733675800918572
1,7.043118259821492,0.6877193893369612,5,1,7.108172564679723,0.730399766512424
1,4.691205667328663,-1.650321204407729,3,1,1.3634728085139505,0.2056738858959628
0,8.684068955779736,2.5981421213573275,4,0,5.213010867381189,0.8927029935237618
0,-0.6243312518145009,-2.5884035800661573,4,0,3.4740223817630653,0.06960889612303753
1,9.263350248220943,1.436559451088065,3,1,6.12209206304057,0.8243288570702914
1,8.651807198941029,1.5573413658174553,4,1,6.915046857803373,0.8487054257489226
1,6.639116719009597,0.9163523659162329,2,0,4.492285425181674,0.6194051750961448
1,5.425633511224575,-0.221585572133446,3,1,12.238149563771998,0.5514489387141851
1,7.757697524647454,0.357178202632452,7,1,4.4814543995170855,0.6755721390956048
0,2.610962337486105,-0.8972498901962916,3,0,5.65957881370647,0.2561577664457218
0,5.7022062168116125,0.8093246591468548,0,1,12.679989689450707,0.7301516140839078
1,5.390309095196413,-1.1198649121211575,2,0,1.6209551669933369,0.19507664301367195
0,0.8737099853807488,-0.27387393355938466,1,0,4.045714258226974,0.3440395933410738
1,8.347032630777246,0.996249279669319,1,0,2.5010235207552207,0.6128124988501885
0,5.865443926253822,-1.1143029063326964,3,1,11.733179303875277,0.3521634224777267
1,6.149420159935671,-0.3642685563604373,2,1,1.1169526621200285,0.4378437107215369
0,4.246012018681162,0.16426482553508387,3,0,6.195340577176275,0.4756996242773651
0,2.4840625195093544,-1.3417883398686528,2,0,8.106295636720658,0.18924060046402583
0,8.123902023192167,1.1643724970832783,5,1,22.52535876829363,0.8594910491132167
1,9.475605868908222,0.34077409062220015,0,1,3.1107878908879103,0.5828457171101463
0,1.7341536136373876,-1.515589974390532,4,0,8.930890420745085,0.18380787554515837
0,1.302499881901623,-0.04696914406391586,1,0,8.339585431005704,0.41732054544096775
0,3.5942940252789373,-0.7753351714990938,2,0,6.688447723755374,0.27277463895182025
1,6.128465380337256,-0.6575579665435504,5,1,5.8578313565566775,0.43896677883028934
0,4.851389075450568,0.07674479680283798,1,1,9.100752228826025,0.5736084885774416
0,3.0832562237149097,-0.7096909210988727,1,0,6.319929428882655,0.2727482305352803
1,6.1456977969678785,0.964511619934451,4,1,4.575863463842509,0.7562920528766748
0,3.8517471509105587,-0.7046585222440028,4,0,6.868875770519651,0.30736423842217897
0,4.979973023085988,0.9817098499975375,2,0,7.139271416914374,0.6484016018522077
0,5.314207830707655,-0.04375945592615658,2,1,12.334977725245873,0.5790783150742264
0,5.093226654850649,0.855768688652615,4,0,4.333805906646619,0.6291418182603271
1,4.773176874468309,-0.5413346579832705,0,0,12.206442990233203,0.3247471974454832
1,4.871933202240189,-0.5052839470833771,5,1,12.90052343600483,0.5169329055118821
0,4.658852355159851,-1.1524652876468113,7,0,10.779102062185762,0.27533095636631155
1,7.524495945698132,0.5779788230298484,2,1,4.726049141353355,0.6655958068576394
1,8.399783133577694,0.9377952535304033,1,1,5.9441033499264275,0.7296047776621222
1,12.00522478185703,2.1191885627519236,11,1,8.702062334161853,0.9324420505100464
1,9.384577607827927,1.290527518133697,4,1,9.791389054188304,0.8258159591496697
0,5.266225354798258,0.24978067936908563,2,1,0.9639468553807979,0.5741739043208676
0,1.7903804313307519,-0.21097052117874285,1,0,8.461891492362684,0.38264745085775426
1,8.33826340718667,0.38870350619290334,6,0,8.259332644046161,0.5759858999612109
0,5.363962833908563,-0.027737710484106462,2,0,12.351387723337321,0.4585505319979326
0,5.389534050858651,1.4634764993521152,6,0,2.8679169951632977,0.7574641682366773
0,4.820275718744684,0.94394397390899,4,1,6.600779634493028,0.7621619466164657
1,6.063131251801587,-0.836761132932642,2,0,20.3766825107627,0.3332176153108461
1,6.192492980080894,-0.687630534182934,3,1,15.962849580159022,0.4700867052863377
1,10.139882528483884,1.3672819035726052,3,1,4.413031412909675,0.8085908098783524
1,5.635773498694036,0.3080801347685085,6,0,3.062841528250509,0.5259374862011448
1,6.1388903071767285,-0.23175917569118795,2,0,11.901476965120239,0.4107063016055771
0,7.0509248920627705,1.1863361621359765,3,1,2.721956375724141,0.7748236278823787
0,4.04850570507244,-0.38759411718579906,1,0,2.9829651890561815,0.315558179641847
0,2.801960626568907,-0.2797755104862478,3,0,6.108181465055871,0.3777537414433883
0,2.350824258256809,-0.46117154123241927,4,0,3.4183950048494847,0.33635180932653747
0,1.0678497573145949,-1.9616725065826806,1,0,4.13135476745034,0.10319469072366769
1,10.329725472501739,0.864256990254326,1,1,14.373033710453996,0.7571573030978241
0,2.1745276709107872,-1.2090844580265883,2,0,14.137656311340269,0.23420196988951722
1,5.114180918204739,-0.5686927194215645,2,0,6.550043013880572,0.31043800809042027
0,4.588632692825577,-0.7438718827346628,9,0,3.4406153508906887,0.33548742877878523
1,7.817262580416164,0.7269906019673749,3,0,6.143564529672205,0.6005795909722892
1,7.866021973838229,-0.06858278290392204,5,0,8.341639454476958,0.46177883014260473
1,6.186603838771725,0.01541655036414029,0,1,9.504826295020296,0.5502041437361213
0,1.4562969306428686,-1.6794597938986129,2,0,7.821562455785026,0.14604362222952397
1,7.399156113930715,-0.08743704823469652,5,0,11.099248874825285,0.4747185476399612
1,4.525353239470876,-1.4763330998810018,1,1,4.790027413179629,0.22988704760897277
0,4.7684888028384576,0.30719699566419545,3,0,5.465542221269978,0.5032789159027363
1,6.198151511112943,0.3667229934976392,2,1,1.454211666379028,0.6026229147846814
0,3.6776564959677773,-0.017397482735196333,2,0,10.201984339756825,0.4475417276254241
1,8.456294644533001,2.043143685856401,6,0,1.8523992037892458,0.8368724552031279
0,5.0372018683509845,0.5277289142255647,4,1,3.968007347782634,0.6735215846555881
0,4.82278513563334,0.5958241750337039,0,1,6.057281088092857,0.6542274273370896
0,4.554853349509388,0.14231135304934386,2,0,16.47701894274105,0.5224862447425104
0,4.3441774773625825,-0.1927580765382674,2,1,8.439195020286707,0.5218604567710606
0,6.607811603230473,0.965918260656232,3,0,2.35675294866888,0.6290737534212814
1,9.808237685746423,1.101449541674755,0,1,2.7952193371578558,0.7332520054759293
1,4.052176298899257,-1.301160361534182,0,0,5.287688444914808,0.16954545771011262
1,10.315148486957474,1.0544896047821555,2,1,20.557691539634916,0.8195028566653666
0,5.339250719671931,0.513823201027177,1,0,4.139111804592206,0.5164737042148467
1,5.939785580722138,0.9607000727089338,3,1,2.952414855335629,0.7385489752433954
1,7.474803448304047,0.46617878074677394,3,0,11.606501110149933,0.5768177522011407
0,1.0727247606745025,-1.244269722969875,1,0,3.763743218642479,0.17861648445801664
0,3.7134871882797666,-1.1729164508325658,3,0,1.6012304633981609,0.19535322782050296
1,8.746518864761088,1.8245905291449496,2,1,4.108481265430818,0.8575200787402836
1,8.43566746031456,0.2524238686470464,5,0,6.734408258676053,0.5238672693615808
1,5.786529021586396,-1.417255494158867,2,0,6.172480813390079,0.17204283628789419
1,6.10627694617584,0.3481320001081076,1,0,2.563970193447135,0.46939283026615314
0,3.533552567939467,-0.36212360327408477,3,1,7.061446498890467,0.48765873700848117
0,2.8360224086046197,-1.8434139558016613,2,0,5.064896805219238,0.12105789378336518
0,0.23886155958513744,-2.290188171710507,1,0,4.483259077978143,0.07950527652407315
0,2.091329150892302,-1.602666694202812,2,0,6.684167831545075,0.15119028432945952
0,5.472428377341823,0.2717925426286556,2,0,1.1222952992512938,0.45578347529556845
0,4.638047943338364,-0.048072218113468894,1,1,7.00914969386664,0.5329431432084397
1,6.749172983137073,-0.2491591906253043,4,0,3.7614820887221923,0.38220343071803164
1,8.637266370013865,0.28467815379595623,2,0,7.457154806399132,0.4981598104527247
1,7.920479158095791,0.6011304268130049,2,1,3.238983246915523,0.6619490499649974
0,2.775681566036239,-2.1025074395349956,0,1,12.007350105588685,0.1621831942120566
0,3.8810791815665513,-0.3011511821449839,2,1,5.481412894042668,0.4790121542252681
1,2.7709209054363964,-0.8279146503542845,2,0,11.19315640140584,0.28591768761697994
0,3.034055826667062,-1.233194977789162,0,0,16.601018514729564,0.22359289847850092
0,3.424416698299239,-0.5472012780590004,0,0,5.149551325395191,0.2862346440289768
1,7.792205702336999,-0.12287209779427118,6,1,13.308012746824659,0.6158843280874731
1,6.152117137089166,-0.2663564565596157,5,0,3.7594064305728705,0.3903751304827944
0,1.9793799731917616,-1.454667313435725,3,0,9.89953021846596,0.18820556901717958
1,5.656813469059111,-0.48314951464260525,2,1,6.509476885770704,0.44470270887953145
1,9.97822511607815,2.015832891923969,1,1,16.92623669059757,0.9035586107349162
0,1.8224602521105298,-1.0545548440464312,1,0,2.1864135440332273,0.19870003792346305
0,0.684516503041243,-1.6870929784979103,2,0,5.291408686647063,0.13751337416428966
