period,traffic_intent,catalog_health,latency_pressure,recommendation_quality,session_depth,future_value
new,1.5346501629491796,-4.209391671813566,-0.6664499634356745,-1.0179477900782308,0.44211160545992795,1.0887102602250573
new,-1.6867663266658384,-1.021101703222232,1.97404888793971,-3.6013082748048015,-4.276659639107431,-6.093336789636368
new,0.9844481904648298,-1.3161969811920782,0.18897341140125062,0.621322114475729,0.5867380339790808,-0.10651718935433907
new,0.2647858201901436,-0.11471419873066996,-0.877736616393079,0.19100165458300639,1.1763285156300656,1.669314813853588
new,-0.3384271410918135,-0.45917682623395706,1.8098438475127865,-2.5665716298035908,-2.213544966536804,-3.5453257795887767
new,0.8006467095457358,-0.9934796390781936,-0.7264185204566652,0.3620950049761363,0.5904375613759318,1.0377242263529878
new,-0.4356433277242071,-0.8475467697654334,0.17790844079297108,-1.6698633146427264,-0.6825369584299578,-1.1408471460145768
new,-0.24809001436012285,-0.321262284820516,-0.485750133205754,0.6830255889268894,0.888071008641705,0.11286945717704011
new,0.18861727781743698,-1.8529467894688485,0.5904610769009532,-1.8291887268198395,-1.8622668029327816,-2.7411455010613284
new,0.15821862581434581,-0.6362200904178491,0.983124592726728,-1.572700460517457,-2.020929201268163,-2.1783714697310677
new,-0.4658748487443341,-0.9468474549272052,0.4248875596994133,-2.2464278189124354,-1.4766564240346653,-2.058596610272997
new,-0.2958923751355453,-0.5724960965816693,-0.1909640586005784,-0.4503641315534944,0.27597254361244017,0.23837772288829928
new,0.05979270599324069,0.8289358036299899,0.8388859387600818,-0.18785387324142147,-0.08563923927894357,-1.215386797547903
new,1.1591109101581565,1.3252099041522822,1.3920784850829828,-0.6290453251469795,-0.7878727301185879,-0.7896228117546072
new,-1.6854894755845882,-0.34589021207673143,1.8414925064163294,-2.228294445246207,-3.2675364954323,-4.027419155693908
new,-0.47969707021928293,1.087846344570679,0.8114600688154432,-1.5766640812494432,-2.244866036163344,-2.299026314386616
new,0.8537964870187414,-1.6643146819983663,-1.2188299682102297,-0.49244082401660816,0.5084020971759705,0.813239472943259
new,0.5968687737643746,-1.1393837525536874,1.3078763320054598,-1.523449919197667,-1.2762705405897863,-1.661228733755724
new,-0.6387977136034394,-0.43268271243170836,1.0862370424214025,-1.2990814917342677,-1.8996274796377743,-1.6227719129273948
new,0.639984281867145,-0.4770860449217663,0.6643278640232165,-0.38218184978115,-0.3702558814541205,-0.09899204736769696
new,-0.9752659507023407,0.16300521744557117,-0.1655597617520106,-0.11651611380741128,-0.08788754955809092,0.9142800845409484
new,0.3172377090853208,-0.11656276082385403,0.19346376198464443,0.018592565478801115,-0.019539018876234965,0.0014708120224863654
new,1.388372528054566,0.3819346206374259,1.68093446542097,0.8088133611178352,0.3227039109497555,-0.01712527496775107
new,-1.5856960069435928,-1.8578161651053144,1.070461081018137,-3.109650788796988,-2.880889639812046,-3.5304153237243674
new,0.44895401995463335,0.983387300280085,0.2515358715639912,0.38189766183874085,-0.7176965327161733,-0.21261201681136038
new,0.7290974565813761,0.2825588541483123,-0.5612643178124,0.8623998719420369,1.164320514293631,1.4493129483959557
new,-1.08071983727393,-2.010312130399342,1.643856541728515,-2.912668989266678,-3.04200581197356,-2.8936652812406276
new,0.505015684192158,-1.3404404559340044,-0.3795415705882136,-0.12208694915532414,0.6239817323799244,0.7924585262368415
new,0.3405451442992126,-1.332007845677,1.7105563548280593,-1.6022162011432446,-1.9207213747464564,-2.5265511048810976
new,0.17436276128345554,-0.6083116881945375,0.19897259093422015,-0.47249896963961013,-0.6444915501701025,-0.7654304564437338
new,0.2530077011283645,-1.5352639510097443,0.16198720253046828,-1.2164968101558262,-1.6290611847296605,-1.5246716199195969
new,-0.5015136230284856,-0.8360375170672617,1.4124221077368322,-2.1416798502568533,-2.1421724710566217,-2.73493329821348
new,-0.15174741190422686,0.2728471868326259,0.4976755519998245,-0.3314920413707422,-0.7663065088177858,-1.334866826145172
new,0.4131286676801362,-1.0554563818115519,0.20576148915178205,-0.0892175248669761,-0.12153355501722662,-0.6555796456960986
new,1.2876418902068567,-0.9312647759010224,1.4886658102010935,-1.146752910238603,0.3541800586906212,-0.4534219388032263
new,0.8469911856387174,-2.3603982237316083,0.255622033182247,-0.9582710078750527,-0.1505549413815382,-0.3608058694479207
new,1.243535652610507,1.2972218422650823,-1.5065252232432491,2.5980568403566657,2.5342975983184033,3.4987474687988986
new,0.7066475476360713,-0.9003744803557125,1.3969183724446939,-2.0018526196520767,-1.9836922095595466,-2.6760738644090876
new,0.4918947332558484,-0.45814129200370707,0.8291286698956768,-0.7746048641929764,-0.3902278952888211,-1.4766509315342835
new,0.585404715220627,-1.1600886545681113,-0.3554226335001426,-1.043743185337347,0.3576000047182564,0.07488111406081352
new,1.6533273405235258,-0.8360018058618272,-0.4724895511595747,1.1738113608872316,2.315859118080443,2.969221829396933
new,-0.8557995280886653,-0.5564329086219488,-0.7026501784979079,-0.09444119215822033,-0.9430630448695158,-0.5094612986210635
new,0.15299448433046312,-1.8064710592839015,0.518105776135367,-0.6460127772355458,-0.9266632584830674,-1.02855892105475
new,1.0341538014440388,0.4961453235262545,0.952187584446972,0.4962160326499042,-0.11321054163239674,0.203979968548505
new,1.530477371958664,-0.8787424230903911,2.1122991619395766,-0.7091096192380604,-1.090991810040901,-0.9429535740549065
new,1.3666661865111396,0.6136981134210022,1.6367381897559685,0.41651118123503117,-0.001767759127430546,-0.5449436184842403
new,-0.03631442484110485,-0.7754566592233051,3.077632233206229,-2.8672207447249294,-2.3788412450822047,-3.665960200578493
new,0.17078996435576538,1.0055542032849805,-0.15255396245297448,0.46852518598022624,0.8255715713301481,2.1756991978209284
new,1.2353590475111087,0.3268903673378998,1.239344578213898,0.09447283568429551,0.4506504966488271,-0.5876470900211379
new,1.3127557431037085,0.2107224235845524,1.7380184005446715,-0.5498375034096142,-0.8358336627306469,-0.25643471140697227
new,-0.12495514111710347,-0.8145332869059152,-0.08692487981342423,-1.8339898411185063,-0.7804657030907328,-1.4885695130512038
new,0.13794818391041702,0.6588379057841955,0.7116622118222252,-0.04549727135596282,-0.570683141060057,0.17657256958028922
new,1.141801544491795,0.47056816933958534,1.1213446884183726,0.4781071017129697,0.37782695765792673,0.935555107737356
new,1.167779443027473,0.8618334424603484,0.8400355926167431,0.5806204343533564,-0.05856648330762393,1.0437262634643114
new,0.5803261641795496,-1.107133969546326,-1.7777082901375212,1.4486603264264857,1.5690116053834458,1.964534168512532
new,0.25637535056603744,0.4782667537684464,0.8241047751923796,0.12521183123828178,-0.20832627593780573,-0.9560919643604222
new,1.4296180321559735,0.29802995983490255,-1.1143008989783998,1.738883573016901,1.662438394608797,2.0167351154329354
new,1.0175070092251328,1.3720668706518762,0.11453217174847308,1.6466159520676322,1.8704877972003815,2.187868530040086
new,-1.3242102869418373,-0.3862139899285293,1.0059101812087534,-1.0286270014057468,-2.1251937453461633,-2.6558904797630554
new,-1.0249452310826648,-1.7876543342406628,0.06036115266519526,-2.38750680957188,-1.7380789607673173,-2.008112881422732
new,-0.5968102909769726,-1.0846770601517424,1.7893713770486737,-2.056278337556403,-2.1032935889849007,-2.5828547872974945
new,-0.6199405078308409,-1.035352650116304,0.35149611597832425,-1.6725009593701905,-0.8412801503354381,-1.9798325435281783
new,-1.1888656631663845,-1.5496409536362323,1.6947477566142695,-3.492246246803146,-3.9737748795237984,-5.0783520276519045
new,0.7081218787497225,-1.6095943566366804,0.5947555893787126,-1.1866250651607073,-1.8338932350245458,-2.810456555412327
new,-0.34735277410040993,-0.22554786443723934,0.7942404132934062,-0.6263991987465375,-0.6570496313169354,-0.8786444438226355
new,0.09328758745185514,-0.1726731857142263,0.14418231947471516,0.5811772849303583,-0.7719243006383241,-0.15260654698470694
new,0.23746187159757803,-0.40818028195223355,2.2266873714575937,-1.4757676863938711,-1.6675667098591014,-2.1396483857060185
new,1.7205488244227196,-0.3342940261272017,1.0105719501754047,0.04835817429960859,1.0444007606524277,0.08117492741268861
new,-0.4500884405804216,-1.2899231868159822,2.6518777927123836,-2.5857672964326452,-3.056395747664939,-4.581909982176674
new,-0.8284020785320434,0.663910039428216,2.0757957935842195,-1.3155189935560276,-1.2575173995957911,-1.3983862272008758
new,-0.17991423913622573,-1.9030043467340547,1.2944274632822899,-2.7316731054834746,-1.7413198473427285,-2.789090815975239
new,-1.3869199020035425,-1.3701565902508954,2.1444569090893375,-2.7031143359256227,-3.324187223627314,-4.045977344200775
new,-1.6005191512356807,0.7998672610168629,-0.5913053100541606,-0.19245133918235885,-0.6710590801146818,0.03843675984243877
new,-0.6227890332776223,-0.6763930156401764,0.275271131173261,-1.1067630979175733,-1.182934486421456,-1.244799140597269
new,1.3396451427480476,-0.18014150919040495,-0.3741977124086616,0.28797413719405596,1.5739695662506368,1.1822900679841797
new,1.581596541356143,0.22600804800127305,0.907425522527878,1.1510987952463858,0.7007171142812512,0.8166932296678886
new,0.2905154659004398,-1.4346782294582816,0.6290687925386286,-1.41040290488784,-1.0784289760260042,-1.993764177315089
new,0.07950051891447626,-0.34240004706456395,-0.5715392766289861,0.011140808899036236,0.33691263143361,0.3354371879265164
new,-0.710679766227413,1.2644026052713648,1.171400943187437,-0.8734671655343844,-0.7015887289654283,-1.1789378004242357
new,-0.06903627664571961,-1.3605046887638081,1.0410293724675836,-2.3007704233464055,-1.9829429062716601,-0.938973272017112
new,0.4033643033561258,-1.0769588704295705,1.4829304433716755,-1.674855705647187,-1.7975362627383265,-2.458413203172371
new,1.0878347885876465,-1.4394451847031204,-0.3730379382190999,0.4304351176589919,0.6445699762199655,0.6389727510731809
new,1.4679686542460395,-0.1783102398377645,-0.07526697039809216,-0.6854070781391167,-0.012851055988058524,-0.6947256251249028
new,-0.0001450710124192428,-0.22678079481824454,0.7110425049620432,-0.813864227861329,-0.5725737863158455,-1.0966682669782535
new,-0.6178142265413559,-0.3722545056364415,1.8157860153746097,-2.0280261582942836,-2.631944431292218,-3.6784512357717327
new,-0.7508775266046849,-0.4064806905686068,2.169199354686211,-2.5379020037293967,-3.8369727642339972,-4.096402824538094
new,-1.1314587503387679,-2.112665380825586,1.9739614682874085,-3.4127395089589334,-3.5351182835597053,-4.382821019277333
new,0.33198289449834845,-0.586306962036299,0.8976414286049432,-0.775678980701717,-1.0984016059983361,-1.8194821184499004
new,0.005389383695185948,-0.3345696474046031,1.3202295447067063,-1.1430274827416143,-1.251655027888034,-2.1558973481770995
new,-0.16729740519457909,-1.833274017371561,2.79458433803635,-2.7006663932664776,-3.0593885930086553,-3.973945240095513
new,0.5268305274792119,-1.9167436862833584,1.3656866559981529,-1.7399868915349135,-1.2309646409393948,-1.226650291981231
new,-2.209159598704474,-1.220240396582978,-0.20275247589125767,-1.5742802675329965,-1.8141548457720842,-3.577876539026239
new,-0.2746952197378541,-0.17576753921615385,1.1330809514749514,-1.7174218063621538,-2.354338511588181,-2.2753716720412918
new,0.32487560703725227,0.12297106180103323,1.6365189448892568,0.1574711119000609,-0.32405353675348303,-1.2184048007804207
new,-0.7484474282626193,-1.998461961760185,-0.28519528673691574,-1.505107834139167,-1.1554837800245152,-1.8404216487225453
new,-1.4952549690594117,-0.6882811832232252,1.9844909652686629,-3.1921387786305617,-3.608249051888012,-5.5982442130477414
new,0.11682118448006233,-0.3504886486383435,1.158456066512772,-0.42570657567637293,-1.8210769368470199,-1.055190934838985
new,0.10282422454031873,-0.39242238692089076,-0.4033056761811392,0.22473481067658474,-0.15486310239340184,0.8640310506938271
new,-0.4825268650992402,0.6290710253888336,0.3821546086606637,-0.5958958709856995,-0.9716399608510596,-1.2073968154947545
new,2.263953521616602,-1.6050859534317745,-0.020047387912764725,-0.19475781882674992,1.588355412331362,2.5494016561172357
new,-1.6549238273692504,-1.1497466165036077,1.2657221114936799,-3.2807687066238334,-3.8556724629763126,-4.5541262110146805
new,-1.438036538462995,-1.1261452152341338,3.4270159433200664,-3.6517650877102295,-4.277739044068212,-5.5121456875588
new,-0.9402376292582781,-1.044872682435697,0.5181174499505772,-1.5235402341580992,-2.09478973757117,-2.839057878117652
new,1.5052415430740707,-2.2993832641544674,1.802545870459738,-2.2759160095002637,-2.105051175138324,-2.764891485092048
new,-1.4384381308318606,0.9158430637077903,-1.1962125136484145,-0.03346342079403944,-0.5184668977684244,-0.7574056204363465
new,-0.7073788245523113,0.9560885851366665,-0.09597650353651355,-0.6355580138987789,-1.3537858743298554,-1.285548438645288
new,-0.814751047470145,-1.4339330602048541,1.0439590706032642,-2.528085195233502,-1.705693901668407,-2.164936932267343
new,1.0655258845042035,-0.2589675763471041,1.2836109975888297,-1.582591453882309,-0.371801561303581,-0.9716374670052019
new,-0.6662948459267237,-0.6855160380316715,0.8605942349816715,-1.2227425855988652,-0.9820379339400083,-2.031691603672722
new,0.19012240622931859,0.5815627324715371,0.6534698854815422,-0.2635976394390023,-0.5100012842500432,0.0660856935025399
new,1.6025962799093625,0.36216326375733954,0.49469458431608215,0.4550244176818735,1.2776263289151473,1.628437541253843
new,-0.23393117436595046,-0.08450286781553779,1.2541211788008102,-1.1563552317858656,-1.323073362394719,-0.6120404854665324
new,-1.9731019360338868,0.751813724838478,3.200159039216998,-2.8237727342782453,-3.7282827695089917,-5.301494923348749
new,0.08685914307811274,-0.48615411219697685,1.4502639030211042,-1.2189466334818566,-1.6435586580419075,-1.458996455169808
new,1.642790660518449,-1.1302265838893188,1.3177107735033289,-0.821539066845685,-0.05039682469251394,0.5016344799317043
new,-0.07484890515157766,-2.0582754050895185,1.1873097972433841,-2.842901462305142,-2.164408744964353,-3.0762679534722195
new,0.712190559177823,-2.0045156921852887,-0.8995865458610038,-0.8713806588701958,-0.3738768664478957,-0.34073537263496384
new,0.7834079251951603,-0.5505321800482639,0.27436576855105294,0.2557974392150071,0.9304818382114092,1.032819504768587
new,0.2997512393273763,-1.3165423058254506,2.913116803388278,-2.2312039355575775,-2.94706507255313,-3.6579512848036604
new,1.5753327649838864,-0.2327099093711787,-1.062150846102643,0.7287808201492788,1.5387587901039106,2.501167434523812
new,-0.8021864124360047,0.2724193512542049,2.072784893441445,-1.0404871798217745,-1.5904062861996675,-1.6893817466385546
new,-0.11152713615575387,-1.7854774270011042,0.74462457461577,-3.0132682668337964,-1.37751847036923,-2.0451080739629917
new,-0.5734805749679619,0.4912686911479376,0.5459980000533698,-0.7525508577389165,-1.5047403172830598,-1.7084899403316145
new,-0.32240858893634433,-1.8223371395406744,2.671384053251148,-2.8919821585075,-3.239382007123219,-4.051537114565316
new,2.1138919079159235,-0.29384877722134745,0.2668298004765178,0.9739372728394122,1.0705526952923337,1.8028276294528145
new,0.3197364552589282,-0.3353003124998304,0.09959786723353203,0.20868866336239744,0.23899890267120927,0.4093192579067677
new,1.6624673413332494,-1.3270447530847962,1.277706007366445,-1.1717209670176132,-0.9844201430267834,-0.7538445958399964
new,-0.045188308695138915,0.4064683440136506,1.7016561365054725,-1.0476425985997766,-1.3132404323830427,-1.9946318760395814
new,0.9072329057396216,-1.1244208998182166,1.696461206334412,-0.90082514260595,-1.668447634219431,-1.6322379600026842
new,-0.6719294314967728,0.5395509530292804,1.5323784782483791,-1.3594721214610332,-1.5676757774661758,-2.200033733761787
new,-1.124496157769063,0.504572615698325,0.3501492451577865,-1.343130582129009,-1.719173082749647,-2.2325845055559284
new,-1.0213379756277263,-1.1719436405590944,0.7441279193515664,-1.1970655266163714,-2.871872997635519,-2.182150961101916
new,1.5531541496859265,-0.5797800860217501,0.5656303299547075,-0.6249761029548582,-0.6617196718495815,0.502044083846374
new,-1.088291048491768,-0.23309934021018386,0.8491792953681375,-1.4909293937656116,-1.2545739834104945,-1.0265930803904986
new,-2.0266663184307667,-0.8184168274469469,0.23831159067411356,-2.326797836367683,-1.9529473817448608,-2.777771138214105
new,-1.0335941301144347,0.39025634724489167,-0.7140925390690086,-0.28634832605309524,1.0218472295948502,-0.1901982748732287
new,2.66331796999144,-1.5467756009294455,0.6526565488889077,-0.9784546766748934,-0.40369849992715245,-0.7192084094959028
new,0.956207312041009,-1.7709478903189864,1.135920223663363,-0.9724632925658278,-1.495988744657582,-1.4598495839917058
new,-1.2565717440928008,-0.38035903933278753,1.4320485500169111,-1.919619621103609,-1.738823779558502,-2.7745276417444975
new,1.4924853951838064,-2.33947989245304,1.2469270744410543,-2.108031211646827,-1.775980295674037,-2.4500046233906154
new,-0.6020945309769041,-0.04865811524753261,2.2114940523918674,-1.7468325464154217,-1.8556019936792785,-1.7494416664993926
new,-0.8366339490359319,-1.487125521284038,1.0371302738998933,-2.19967532424932,-1.6731389736390296,-3.0067155354912547
new,-2.09697034776323,-1.0511351678875953,1.0655201182466572,-2.9025215654041174,-3.992158868646663,-5.520207970670665
new,0.54099788182534,-0.45078570010639385,0.3780101101667947,-0.8312783435334148,0.3499218876298852,0.6339708440562947
new,-0.9933930835654683,0.7930395704700925,0.8135916131486175,-0.7577840479649982,-1.2325222000386828,-1.768530641155646
new,2.79130678450414,1.1542321078297342,0.4227663316783472,0.9535553576177377,1.9637633170146325,2.667911242279883
new,0.06965522398376112,-0.6443575994421247,-2.354289226584519,0.283652877448255,2.2530592112558843,2.1201579629703895
new,-0.7576212733254146,0.40581597354931676,0.5412963032112318,-0.7178725831770911,0.18263835059267486,-0.16452878515445352
new,0.6810102038104204,-1.2156723606910984,1.453396843693521,-1.3455076840148685,-1.6259797174327613,-2.8100698878352164
new,-0.3485919738358039,-1.562430815124647,-0.26597607595020223,-1.3779508797951965,-0.6090071958653217,-1.1399711467860507
new,-0.0016006568333575416,0.9137749891021523,0.18157104784014982,0.6885297097372766,0.27404782797345795,0.5146744254512293
new,-0.1514681375176492,-0.8127052797303069,0.30006452157260927,-0.47815597924073483,-0.8773209826826093,-0.6202264861691749
new,0.7523682673084007,0.28658990205085433,2.391877245780062,-1.0759775236577596,-1.1237805225868454,-1.9222261389909834
new,0.5205971566839683,-0.49154638838951314,0.40876446607153494,-0.40981742176517605,-0.02597449061093804,0.21647153892247217
new,0.18335710182926923,-0.5940714698572104,0.5537570811142228,-0.9024713069838474,-0.3016041582405085,-0.06658042801652608
new,-1.815284808170623,-1.3030474944217434,0.18473362003508853,-2.756435794206877,-1.4467237888338642,-2.381512543283189
new,0.824895980452665,0.2219439709572565,0.2755754451057513,0.04433989204902242,-0.28501802661049375,0.4849961262999864
new,0.5905914472215662,-2.2834897461097663,0.6299707306371415,-2.4165774481579776,-1.459367358586088,-2.6474075501940546
new,-2.4980203914401335,0.6291876409115407,2.256497371014891,-2.3112000424034136,-3.576067205189467,-4.791962400809743
new,-0.6893052286160913,-0.0741379815936426,1.0525106591015176,-0.5390212152719118,-1.4545723456786313,-0.8671009154086036
new,-0.6821721766777943,0.6236439799670466,-0.7269140807994271,0.44353246675750513,1.0254012260350316,1.334576556237208
new,-0.2022446548185634,-1.5378452622814662,1.2343933742486493,-2.1049671469273026,-1.9882239296290012,-3.483148339370358
new,0.6632808870061307,-0.7038067011142458,1.0269408889246963,-1.5306501965138244,-0.8052534584493133,-1.6553754536698084
new,0.6098837260837475,-0.0009999303351009292,0.8901089497380965,-0.0601970978654468,0.33339018437895707,0.9604197110847186
new,-0.7787099110085048,0.0596098206275637,2.7887663781381007,-2.9808619150531466,-2.8335561172750228,-4.633642256579966
new,-0.2565667802138122,-1.5910978822793385,-0.42095136948672607,-0.9952863590311469,-0.7845585724234773,-0.9591701574192412
new,0.07591390750140636,-2.6167206237642873,0.4951674209181641,-2.25048345511422,-1.9208315681901131,-3.161568101154962
new,0.5795934654636546,0.20559740374339863,0.6783070259766985,-0.540420733541545,-0.3810804077060907,-0.2114354166184625
new,1.5431114598235136,0.24628579325014832,-0.361642770847186,0.941736997717824,1.9482546538290824,2.517080672705136
new,2.374563227121762,0.9756695991461111,-0.06546223255540562,1.700842051155136,2.425549598473243,3.6529915925858303
new,0.6907987483963718,0.33113045661891993,-0.09870057540350419,0.2992230607356273,-0.28745283437047914,0.5891652485199751
new,0.17162317091372498,-1.1744904160617824,1.290701384597682,-1.9920230799409275,-2.2726911361017628,-3.4374264464413518
new,-1.0367689738679504,0.2699321293562209,-0.31838520865864806,-0.3966065830470857,-0.6458954157447282,-1.3275355237268536
new,1.4147574107013177,-2.200324085765037,1.3625619614183804,-2.3628015898852652,-2.2039201673573787,-2.4523979444147144
new,-0.22753915520839596,0.849050040299318,0.11290829854818141,0.5043626007027531,0.8063898842610013,0.5721537835256727
new,1.2029112758086113,-2.43624582065668,0.3066415628784673,-1.5652134906800035,-0.15083145078887428,-0.6803721187852554
new,1.3044010254859197,-1.2089117277032524,-1.5304668370581127,0.4359953082203518,0.9689310268535232,1.0614028808052498
new,-1.6540450933512505,-1.8992735228851685,0.8231594078245138,-3.6916259609447613,-3.4443501235713345,-4.108689774841091
new,-0.37722147838479275,-0.6437401560150955,0.16901014789538854,-0.8364151381174859,-1.0307227844753533,-0.44026406422295816
new,0.08509367059518887,-0.1112678001879972,-0.4861096142059468,-0.17631578296142472,-0.37171868836823485,-0.8628696158113185
new,0.27848039656661117,-2.2753105732937104,1.9744021604735553,-1.9167665568913754,-2.1299479594245585,-2.94961451616961
new,-0.016769912401188594,-0.08580911785869505,-0.3215835519582565,-0.16724852768006235,-0.26040805004725787,-0.11597894108113409
new,0.4359612110692904,-2.106280616404545,0.06530860025282925,-1.4533746475380134,-0.7793261279956901,-0.6753507177689151
new,-1.7778117304409458,-1.1896574537911793,-0.8584972834331569,-1.756328958935246,-1.073348114996413,-1.587130823327842
new,0.5129572423279081,0.6672849585270118,-0.46340016166660425,0.3246274531197814,0.7255265873025298,1.0921869891324734
new,0.3615093159795815,-0.8024943016564994,0.43508408851768865,-0.7308215107683795,-1.210578790350978,-1.5492502760582325
new,-0.27954830548113924,-0.3343817050696831,-2.173577274625482,0.43773998320556473,1.1858515984170255,1.1039065703798734
new,-0.07166204268338913,-0.19893296484119832,-1.411321434168785,-0.07540841420251837,0.5834709965580025,1.082611902827074
new,-1.2863063300144877,0.9437331525597832,0.7048769607429762,-0.2965058206608532,-0.6594047570552626,-0.3565791454400291
new,1.359451681306336,-0.1324361770094185,0.21753737662927009,0.06190372902719424,0.6740175324517521,2.213875335692232
new,0.6704859922736476,0.005902448757619028,1.6761980859913224,0.428709409748398,0.09017562650295358,0.6962072406653614
new,0.09142408657340037,-0.9125483177738996,-0.36013451681346476,-0.04086467047005138,-0.8268743448964593,-0.24550781340837582
new,-0.04954027305076247,-2.195383952422473,1.4146446843712925,-2.475078158659427,-2.281211362454413,-3.1674685757080323
new,2.123691708512052,-1.570484571879692,2.2243088470522347,-0.7688756929516378,-1.150832959611721,-1.030938067961347
new,0.9218227389915273,-0.7761458711638962,1.0477129709207793,-1.2352677472811708,-1.2177086491660742,-1.8410941435090715
new,0.3770595105751663,0.8275084878338024,2.0343339900758535,-0.7650436899990415,-0.9984941025535569,-1.5422219615701769
new,-0.15944550329471968,-1.0150017090775834,0.8520161833714965,-1.8513965023725747,-0.8229885395401247,-0.9771805132932009
new,-0.033208559445707775,-2.462933811497157,-0.02900465845927147,-2.086065583408387,-0.5954869269011301,-1.1653724255099647
new,0.16866149745726666,0.9634012249618933,-0.005318824511739151,0.8598668193769721,0.17710030703053187,0.9318756790837435
new,-0.9818380194514607,0.030983640077041352,2.191659146149915,-2.336112316961629,-3.0286814252191347,-4.706289448211418
new,-0.18185713945451037,-0.5970938783862212,2.055036065841343,-1.9881401072215719,-1.9336334655096543,-2.3793539547907367
new,0.5838528305092483,-1.9578757158357383,1.5385945825538618,-1.854993352719183,-1.200969724535317,-2.317550625791897
new,-0.052894572883660534,-2.051320051669661,1.575238642965127,-3.9316015957552004,-2.891417354246964,-3.6989897185388947
new,0.05883594069401736,-1.2901407473845907,1.7175497715274188,-2.1973992411864773,-1.8821464666406538,-2.7502103710817476
new,0.40501954950355784,0.10464087166990033,1.2433432756341174,-0.6635890311548779,0.06610910831091565,-0.3559044691377483
new,-1.0242179853507412,-0.2875788426758085,0.9303777169668836,-1.0212718782279813,-0.9951183779007367,-1.7678822119906317
new,1.1382973558999772,-0.25878187328494023,2.3044676973424125,-0.7833878265587942,-0.5098351443960338,-0.7440597307572102
new,-0.7020255225448457,0.6500448497778224,1.7274871381270849,-1.5178502532004772,-2.291241433895062,-3.1601439581070006
new,1.170266361788232,0.28067655090842125,1.4664244904128214,0.49673624754048995,-0.24853608358376827,-1.1685450291809354
new,0.0009158330254035868,0.8389515685504989,0.7226236593892846,0.3869271770395529,0.183551701006451,-0.5134728534957169
new,0.3572766225438939,0.4149420339375969,0.8422390225847145,-0.2842722482820657,-0.2969765007127755,0.5204701736733959
new,-0.7751309248055644,-0.5921877037051134,0.3152869457329894,-1.7941018841265532,-1.856836954309144,-3.2164963355081335
new,-0.7338390722428644,0.00896103339848242,0.6438011294579428,-1.5070864186752226,-1.7911387601161877,-1.8486451184345956
new,1.420901515465951,0.1245376425685929,-0.04099781480925824,0.8949794927243192,1.6073514703103862,2.6675623587341017
new,-0.009858434156148746,0.5572854423823042,3.73145854799683,-2.7540078612179117,-2.685124998728085,-3.9702282950250116
new,-0.7641018244731406,-1.0020357250283756,1.129580000309294,-1.31921679572288,-1.436023516121455,-1.8698224299678363
new,-0.15719872028972376,-1.5338029800662418,-0.9387711368761057,-1.498095487538591,-1.1507797046512502,-1.9560243637914352
new,-0.25609292594939653,1.2929807850225439,1.688812558950188,-0.6530853384590924,-1.5709493908607393,-1.9060323997626254
new,0.041865391118967435,0.12176508821702514,-0.18418197151356197,-0.38397171772277805,-0.7882114654365899,-0.8668436846886322
new,0.556712580712161,-1.7501350426086058,-0.7394426708264769,-0.9063884447691255,-0.09194154049100722,0.3252707699269748
new,-0.3010256611448349,-2.2321782945953563,-0.7884398449145672,-1.8347306630833766,-0.8474058999507281,-1.4553199491305695
new,1.6438237436247047,-0.911719966034836,1.664678374365085,-1.3770851534897008,-0.5486499525799724,-1.5372708187896658
new,0.9367120433308503,-0.02408385904637278,-1.997871666244368,1.7446084467747278,2.2954417656588784,3.1697955749921336
new,-1.404566567990116,-1.5184408905708753,0.43714955597908545,-2.8757661476094185,-2.332904861211641,-3.141636553499871
new,-0.8456110080892968,0.17980590076000336,-1.8202132865427845,1.0688799968145482,0.6188715418213183,1.6103300982582751
new,-1.2848614523607886,-0.4339848955202633,0.6519485471843921,-2.0136364259070496,-1.7764807062998464,-2.1741071515014285
new,-0.5440475352525481,-1.366517009256222,3.178590761847834,-3.2646756909865204,-3.4254115633438587,-4.369941874572847
new,-0.7210613807076861,-1.4403013691588504,1.3731900624064983,-1.8529998819932176,-2.354530302611818,-2.796818398433566
new,1.3771244628334682,-0.1485081995780166,1.0283103704561092,0.4393644304426807,0.6027930419688913,1.688239372531624
new,0.4645193904363387,-1.5213136368864004,0.8160860559631467,-0.8286392383748883,-1.17848181796776,-1.5353554253063062
new,1.8044730996277731,-1.3015627918394772,0.7157192995026016,-0.6146057989162099,0.9664885848705311,1.0531064390937357
new,-0.4633013181621612,-0.4322608483504202,0.03806220043667696,-0.19991946032213892,0.1068966160079175,0.02962214201041402
new,-1.5120896724417208,-0.9036857784101375,-0.7396470799874876,-1.4947207235586188,-1.1536872588446458,-1.645339184132814
new,0.18882959172671865,-2.5345492041268303,1.9738718360970227,-3.675406042532634,-3.4299883021200306,-4.306310210547142
new,1.633654866221351,0.2654076346359585,-0.08698277393471365,0.8763188135379032,2.0645087263082527,1.9188995792032257
new,-0.9189552863695024,-0.3271066944782999,1.0814614543564032,-2.2260150677555646,-2.114287273293229,-3.644396339283825
new,-1.0728657855236488,0.7712078750084164,-0.16933600999299603,0.08183328335139001,0.2726125781842819,-0.0005778378114539903
new,0.751435553198675,-0.8814903636106888,1.4219684330773352,-1.0792144065856475,-1.1117470633466344,-1.5446458889835566
new,-0.18402397653242558,-0.9766854315088638,1.4410965329107508,-1.9432074312604044,-1.3612392295557707,-2.4156334455426074
new,0.4817562817335427,-2.6767653063979573,0.15558441731614914,-2.5613123049260706,-2.0448567341367223,-2.1235237756756558
new,-1.3037535020959001,-1.900989332555408,-1.2106408100951351,-1.3595297710210446,-0.5539902115173038,-0.7961728604104953
new,-0.2875955866945026,-0.16639661780120207,0.6663689335719867,-1.011971619032191,-0.7556507670783872,-0.9006588969763132
new,0.6082741713057358,-2.1390119477735334,0.722576664102486,-2.9397367755928974,-2.2368759593456398,-3.1255989980891097
new,0.6504199780283291,-1.696470937269518,-0.023132337052824692,-1.4011036340041452,-0.5487486116428826,-1.4280010168254327
new,0.5653063180830007,0.14621122629328676,0.07243861152218167,0.33650763547289453,0.7566153567393372,-0.3557029133897295
new,0.918802488101409,-0.5338310856429084,1.2648771481119365,-0.49563906954833614,-0.9234724324400947,-1.6635897706975915
new,-0.3766296379952081,0.11307346863233991,-0.8159386875955833,-0.566936645604168,-0.38860877425719664,-0.10849546813541344
new,-0.9018765489443227,-0.39259568133079414,0.1376099101668795,-0.1955990083456719,-0.43166645226890804,-1.320556717225287
new,-2.4421526627828825,-0.08184779553583893,2.20196392203747,-3.6987028490725082,-4.216909938919566,-4.933306320381163
new,-0.669651853873462,0.0242537127755289,1.4665947221603342,-1.789362359341961,-2.5644896836119813,-2.599178235502944
new,0.09819719321062453,-0.15615817838491836,0.8303181964127542,-1.3332090829156178,-1.5264167040889383,-1.943066153786163
new,0.1636768927087497,-0.3113169039378055,-1.3613179414932568,0.8888105203533385,0.5196276875833531,0.8377041208376979
new,0.01989029429807345,-1.0395457853275474,1.9825778704983295,-2.1897835198005327,-2.207080737885648,-3.1914561764153686
new,-0.1585705487456739,-0.9311107978756372,0.9425731373553686,-1.7048282999361732,-1.612017646208789,-2.136712461722769
new,-1.3916182228347995,0.35660640162346113,-0.36517821208828927,-0.8101129986730351,-0.904624402468638,-0.8449048523929683
new,1.7477949352579218,0.1897902111938249,0.21533685461517027,0.6041083550245441,0.7902879076687104,2.0955501902949862
new,0.8924713368213525,-0.4841848064087417,0.6543668108489036,-0.8857654190327184,-0.7981877291916268,-0.9286057993173757
new,0.2892899459414322,-1.5654349502767277,0.3896273988852655,-1.821503394554594,-2.410278348671117,-2.5141657384132152
new,-0.20375923790623135,-0.6994055805950309,0.3570806920705151,-1.8750253019712968,-0.7376007704709604,-1.2716907778898874
new,-0.08101140219386989,-0.7830629906945102,1.362023064324783,-1.998612721108023,-2.3683709638104657,-2.266598865026867
new,1.2395053236058369,-1.7673789215568179,-0.2998095687754099,-0.05616450350133434,0.038359915605686634,1.045526167580976
new,-0.7780374602147345,-0.5952394781149146,-0.5266010711250234,-0.10802911332852205,-0.7033652138146826,-0.9293483717039271
new,0.25533723544483,-3.2931352599846333,0.7507523139130134,-2.522216208547108,-2.124323031991465,-2.572114245078655
new,-0.1836156869838566,-1.0284339309173653,0.790879303532008,-2.5136745228977713,-2.424414698604596,-3.108470256648635
new,-1.299265589616084,-2.725806720403771,0.5352334293082645,-3.1170401848084768,-2.5754234190836347,-2.7473345322051013
new,-0.7639499106949257,-0.3673175183955374,2.6494758687055286,-3.088238040713682,-2.9019534410273295,-3.7710377700738844
new,-1.0303215047883507,-1.214204179156106,-0.7607271303155091,-1.2502180027475953,-1.0606342181144706,-1.0252792476509425
new,0.305898893858813,-1.8113608016229599,2.2400860145132313,-2.5671876559725906,-2.4235965245904967,-3.6321272903687087
new,0.18199456901046468,-0.13542713250689214,0.9165500951935117,-0.18041899581395893,-0.42640487797503984,-1.2833465378462172
new,-1.725535189603346,0.4015127697180666,1.3021659033506063,-2.182856729403846,-2.5499547993180074,-3.7663907875470635
new,0.1083065287494768,-2.0835164466482743,1.0470907153575109,-2.020241764776156,-1.438277055742942,-2.4656719231680873
new,-0.5627226934388613,-0.389094811401208,2.252469965413852,-1.613264242130835,-1.9946467459007873,-1.8382612449912448
new,0.13038333612453706,-1.4859731071097668,0.33211169081585074,-1.250965614737294,-0.9183106717550585,-1.3910471549752037
new,-0.13262066658661426,-1.9076496812080768,-0.21476739767350062,-1.3399393325794138,-0.8471582504239978,-0.9175231127902348
new,1.4123039520553224,-1.252979165869327,1.8660785400987399,-2.3284728118458187,-1.3712732765061433,-2.1351920895341703
new,0.8507530873892066,-1.4718397934449314,0.7829662623899916,-1.2476302782896669,-0.4278319200758029,-0.7664460335986725
new,0.332624580733515,0.49043245926256973,2.603792594888656,-0.49477731343861675,-0.27492332030299516,-0.6617218855365612
new,-0.5867330775663855,-0.06279112449475538,0.9975894386623136,-1.7482374433420975,-1.9679921647545693,-2.3504180740877074
new,2.3879822100325847,-2.140225160679969,0.46873889181141054,-0.9691974326386539,-0.3935299318218104,-1.0414960436075908
new,1.0037306235281247,-0.4685249735190929,-0.024904392514628282,-0.22911944512296914,0.7118435513501371,1.47478489398911
new,0.22219539543666605,-0.1990006456191512,0.7363407944399538,-0.5781728315255765,-1.0006966609332266,-0.8135621909085619
new,0.3074962006035403,-2.588304752312533,2.308664237721561,-3.381531007131215,-2.913431497757967,-4.336873056827351
new,0.3745390241978769,-1.6826844079882222,0.16653781986863192,-0.9778033010994516,-0.677948075878238,-1.3971335956010988
new,1.256853917433905,1.0346770069931437,0.1233059888512058,0.7945651474079186,1.122762070305779,1.2654375529281725
new,1.0977180031391083,-1.8032188394168118,-0.0382079793421396,-1.065436754307288,0.0964328870739658,-0.20058011672150988
new,0.792281735470282,-1.9864713240010607,1.2477836241495226,-1.8171858599033877,-1.4147218184659822,-0.9979442809961396
new,1.8643550463645866,-1.5251994181695607,-0.4051416325270173,-0.04378214617513004,0.31663925328097425,1.4535487852751359
new,0.13630521529821904,-0.40187709557132967,-0.7195486481137404,-0.034220442202486136,0.017490897297225083,0.3866538829900281
new,-0.9468313187880627,0.001980288329062496,1.288398270977092,-1.384444888158733,-1.3826726324517695,-1.4395434244795264
new,-0.0010211989651580863,-1.8952224537026907,1.6674188493917361,-1.379610596172791,-1.5450440525898772,-2.5859612796284575
new,-0.05973101312317941,-0.017791631327377377,0.25246677441959803,-0.5606632931585038,-0.6020459639673118,-1.3850572579876583
new,-0.5249359239578476,-1.7984546753739683,0.6799176371126483,-2.483237423852051,-2.2258088099486377,-2.662105499324104
new,-1.6932195659792022,-0.6083149198858777,1.5642739350499983,-1.7026510557997225,-2.678534165997746,-3.1731849636420266
new,1.100164580958091,0.0047975748517152805,0.6013001748792467,-0.5430947750712507,-0.8146124840868916,-1.9676653969590108
new,1.1921090151651041,-1.8723934476696298,0.5835891003073886,-0.6470559501419072,-0.07273324509383419,1.057257187830926
new,-0.9721546324323462,-2.9194213824354565,0.10305870682827456,-2.5630815465419383,-1.7089858179492121,-2.044839305044472
new,0.630297313099432,-1.9917191389219149,0.767980864259825,-0.9461139781389584,-0.5740075672973872,-1.1519361781005306
new,-0.2972580148126279,-0.2637513971199652,0.6750638248981532,-0.5395369743651737,-0.6644217738349519,-0.061667943072865494
new,-0.27629705376589664,-1.558408368091672,-0.05532087373200312,-1.0640976518505674,-0.6612346273478472,-0.6771259492042649
new,2.251756191697032,0.8184256883631684,1.6863768494753022,0.7576631280281767,1.6343977962031762,1.6793133848402364
new,2.18851325105729,0.03364940239580583,2.528913290542679,-0.7787926728049169,-1.3535527843946376,-1.002509057009159
new,0.10094715229379858,0.8713737431870472,-0.8124511950689141,-0.1410385660279606,0.8467409087551961,-0.10589239860964572
new,-0.23041659127830227,0.5652499747367337,0.31269565194179477,-0.458419593793131,-0.05422448140857672,0.07797993037412593
new,0.28199825669898154,-1.3515252098282446,1.377092907847263,-1.99611741450667,-1.5933668578250537,-2.2446195838416196
new,1.1009183049767974,-0.23650700372166794,0.5015500655648526,0.4322282177357095,0.11755558009673539,0.2883346928311894
new,-1.109011908054799,-1.0903517958286293,0.6357885311490815,-2.3415959306530807,-2.2439480377909513,-3.1117181661876345
new,0.31297960976248806,0.37748332950911767,1.508470879792437,-0.5696875786979814,-0.21123771113457013,-0.223929579939942
new,1.0852411174843006,-0.2367756110119748,-1.1079265865466486,0.060408463349552854,1.0105518780246099,0.0786556661805573
new,0.252725022126964,-1.5277956447889491,0.5027116755046495,-1.151699130495855,-0.7543014325107205,-1.5134519958063966
new,0.42950594584563656,-0.7954487744744049,1.018131154649602,-0.8363623339953963,-1.0526224262893247,-0.3981866852232978
new,-1.5688627447521746,0.4466430980169164,0.9227631429245977,-1.6074030007939935,-1.9777409390337395,-2.676777826885669
new,1.0640447530824748,-3.6560800016803565,-1.2968276187484435,-1.0220714176886132,0.2808849254528961,0.4643978333075568
new,-0.7082201805898573,0.19822906025864417,0.44003856681784176,-1.22503261572921,-0.7645493659627816,-0.3487259161979528
new,-1.7812675877511182,0.5734000333708082,0.8077672117293767,-1.2878864815335647,-1.18207253659482,-1.4804130325298397
new,-2.068587454973717,-0.7813919312747464,1.5116389936689023,-3.025193097603215,-3.7112484350753765,-4.709717829361823
new,-0.2832240114966047,1.1834474707049658,-1.0656319210693734,0.9155485625061749,0.6948101191496534,1.129258258620206
new,0.3678359684720512,-0.38054607096960663,-0.16743498112799782,-0.4209954797800908,-0.6932000476345189,-0.4395317849889309
new,-0.2100886991477175,-1.1800434605326222,3.2220987122970675,-3.2552028498989793,-3.2902265123800327,-4.298900741182914
new,1.7770204803428407,1.1320091074917065,2.631200607434035,0.4248487088116447,-0.4155195216797365,-0.14992650907577224
new,-0.4926339187412115,1.0525891139320782,0.07376416056723234,0.33015206355360527,-0.3670507707288395,0.003643943051151677
new,-1.6266266310076434,-0.0036357563610800447,1.966624685711019,-1.8425967940185939,-1.6620155172269488,-3.4318644376695038
new,-1.2468122456686308,0.060734093932619415,0.3436018071163011,-1.292454602131609,-0.6758572138026547,-0.843796743619905
new,1.6300329118022086,-1.1682772951977025,1.949421015540882,-1.2428864043048558,-0.9658779217869694,-0.474011889912492
new,0.05225756775294568,-1.237660469496059,-0.17197673667813862,-1.473929491728911,-1.3933864014543629,-1.3780504034475949
new,0.0179632801649392,-1.597224302414983,0.35980243872926754,-1.8499304860548484,-1.5019299844168474,-2.25201434894393
new,0.6556863972764189,0.9113836037925134,1.5095826343063927,0.25747400140019594,-0.2253702108169635,0.025271902807907476
new,-0.5313316459266848,-1.0190989488392679,-0.015537323830766558,-1.5688070077958596,-1.3701931299325059,-2.115141471594185
new,0.35416079249819105,0.7174673992415874,-0.5050508862308011,-0.07377454338275646,-0.8402822085690616,0.31415220133191546
new,-1.11732351704552,-0.27664135988282473,-0.099887850008896,-1.3800608147310274,-1.4389713294749442,-1.6728274757023673
new,-2.203764816816476,1.2794133574977418,0.1601670120293135,-1.0779437290662963,-1.4462186238850285,-1.30319675121171
new,-0.3343354112141885,1.0642034831910854,0.08102246995601892,-0.30949359448498,-0.23422887751750318,-0.5623076997645657
new,2.0506640793902458,-0.8481050094539551,0.9818816994214545,-0.3317268358474435,-0.5102094939489443,0.8224099429815361
new,-0.13067623285482238,-1.6146634006231357,1.0211382280517847,-1.8637071628052346,-1.9448750606256722,-2.6677037007060194
new,1.1036479814957707,-0.6122621225167456,0.20937248839854455,-0.56312575905109,0.14195351649272137,0.31810076762986317
new,-2.8699049125699587,-0.3483269349642685,1.366715529219726,-2.7121632418559534,-3.838069471341949,-4.051091562433528
new,-0.12345342008857026,-1.111951213882468,-0.6350145194595435,-0.5818394720190359,-0.31022132605825337,0.0027292611082316842
new,1.5370387986930383,0.49757016423596157,1.8633818305936272,0.7116031652999929,0.4384425845894537,1.4648497661900726
new,0.730914176679114,-0.442360533521737,1.9898476172857458,-1.5404137243789382,-2.198072998206073,-2.9756667167351054
new,-1.7195806394725817,-1.52107639102828,0.8860302868544252,-2.5046269919462367,-2.24996072537097,-3.2155394899672385
new,-1.3042767809222964,-0.8567678285332547,0.9359500505018938,-1.93669053449838,-3.1501274182437933,-3.2018024645960126
new,-0.6999560595254561,-2.3412374058280223,-1.0234119157111805,-1.589069466510623,-0.7398447276395552,-1.2581357597860843
new,-1.277104322177151,-0.06409240450315967,0.6752397823414825,-0.6656205648438182,-2.1233343993539693,-1.706828679335898
new,0.6127346985659692,-3.4227348965730364,0.7801400331253405,-2.783116695145396,-2.0784280919757117,-3.4479249838652133
new,-0.10183445677467233,-0.002722422180913453,1.3417443832824154,-0.8986352351312883,-0.8829495192868596,-1.8018958819559237
new,1.0761411533819154,-0.31606954366151696,2.8015390499503456,-1.4328461803780885,-1.7522201877692563,-1.7578217295348615
new,0.22693278682489215,-0.7572590296595656,-0.611404910641206,0.2696177318306177,0.3827034979584572,0.4309843929905492
new,-0.8634779788099999,-1.8054720557128399,-0.16007402886109157,-1.762059723005238,-1.7400507483657028,-3.0352473111441918
new,-0.1913711587168142,-2.0489938713985985,0.3819994420783034,-2.6308542366688865,-2.779597162353509,-2.9162955619017303
new,-0.9532525057255117,1.7286728432267122,-0.2700835666784833,0.7545168249103806,-0.08456133213801215,-0.8669656320288195
new,0.846468968049716,-2.1745025494537766,1.2479109529084265,-1.9063513626376458,-1.645270285248666,-3.0618746833858292
new,-0.14813304027867402,-1.554483820396371,0.055216360586376245,-1.4201029547571988,-0.42013601869673434,-0.9729051439262209
new,-1.3106179013327413,-0.462954229197308,1.3345062046655118,-2.482719210612105,-2.396781189279908,-3.225168963226291
new,-1.0669099406166587,-0.048207743475926046,-0.5177712137884444,-0.09940333590546674,-0.25985646894069786,-0.12623530058800037
new,-0.4878577880517922,0.39158143130653356,-0.065725657842431,0.024811842995735994,-0.07191620550483631,0.17410971951435852
new,-0.7639808289780737,0.528522673633143,2.1381789657834145,-2.2151866600557133,-2.454488514895107,-3.036655785311161
new,1.4276371947870838,0.029296471247505007,2.0503433030547646,-0.2707461272683187,0.2343847146461982,0.545683229966738
new,-0.6654691097336679,0.37356348707633014,1.0746597517446177,-0.6193082526312028,-1.1382675253914887,-1.3081405400661177
new,-0.4523805283518361,-1.1724759166813583,0.7951757942782574,-1.3540623521064528,-0.928608056696224,-1.8845302642537813
new,1.7516258313183648,1.31439535049614,0.47479708249746283,1.0862347232875376,1.2875605993723578,1.722514483268375
new,0.9009055879113183,0.17249830644877806,1.090480027980366,-0.5766633281091522,-1.273361331354792,-1.7007513945831807
new,0.8214307517056013,-0.13838622596616568,0.5344514423862955,0.3261745861797276,-0.28082630456122093,-1.2713219199072088
new,0.9528179175217962,-0.6102695451932463,0.4953011022013073,-0.5821571748835997,-0.5583058421737693,-0.837547849584839
new,-0.8667194600514265,-0.9628931039351641,1.0646701253851436,-1.8962067963016704,-1.621116109541695,-1.53892275795407
new,-0.2327601392584821,-0.8310770650889895,0.6349587850121531,-2.4161125347915595,-2.9348085083611357,-3.725279363496628
new,-2.031867893549047,-0.2638045482727552,1.9472793786343132,-2.869413751556125,-4.109906625342016,-5.277403277572205
new,0.5439506917873662,-0.009299976290622514,0.18082004274164742,0.04005979670455499,0.3446120843062848,0.2691559317690969
new,0.5416802069208689,1.569389410118592,-0.19545308369990888,1.2623704304876167,1.779677864809752,2.190159872780563
new,-0.5957033277248636,-0.6653608072288733,1.0628059087786144,-2.2303510011032825,-2.573678963840929,-2.5089646492453292
new,0.22920497667559292,-0.10902915920411554,0.05816219763781194,0.281494655226873,0.6301974351792162,1.4232137656571426
new,0.8242318695323646,-0.53914923607938,1.3894292226962768,-1.0088205684500546,-1.8383182886836993,-1.3345668306686072
new,-0.22545917986241165,0.8392385734178212,0.333938703648178,-0.4700696614026283,-0.31300474684744833,-1.0845195775395189
new,0.5340171693467188,0.37169421417850745,1.104373109111618,-0.218126483364467,-0.25653885932650566,-0.19000586077532303
new,-1.0815920973315325,-1.110611151825493,0.6671622809649395,-1.5650044335917106,-1.7972051949465309,-1.819141330437196
new,-1.0914219322774936,-1.808568623658447,0.16043728240801436,-2.3754959239493507,-2.298489990500918,-1.8295320460278177
new,0.8188195441369053,-0.15368419245318188,1.4556863570255114,-1.3692649185407635,-1.2537873684384024,-0.15239513369306978
new,-1.411718966786146,-0.3027374124258977,-1.1303479949142439,-0.45751577131482213,-0.2098243767855358,-0.393263174383907
new,0.8670962301800006,-0.5643348758465215,0.668130853900876,-0.3014162367695137,-0.3547130606771207,0.15769462619395236
new,0.5260161661105218,-1.6493192461219437,0.4139091869142104,-1.0404372290593238,-0.6388922266833854,-0.8039282187472235
new,1.019814082011137,0.5395800910264517,1.6183706961764126,0.07940132495692176,-0.09348037077347912,0.275557165324082
new,-0.15202655319705188,0.056881170054083996,0.4617316407320914,0.10365094344237369,0.031268212780494964,0.025244287480260405
new,1.0256366604810643,-0.9387348354478822,1.9994560568142044,-2.067610967549588,-2.2282274506044373,-2.4932118274041306
new,1.552049835650486,-1.9199707831177213,0.994087076307274,-1.0397093592045248,-0.02708496726870635,-1.0982364256568162
new,1.370852277575605,1.6733913348509517,-0.5953076318354625,2.4487354775378116,3.0591104641672144,3.4307487659241236
new,1.0371534870254444,0.5139570372968907,0.7868168838720744,0.975822772927539,0.9101754301614113,1.2978556835806334
new,-0.8048727736248069,0.20946626030906368,-0.12428400009783491,-0.7240636457251278,-0.306578423239501,-1.416595275949408
new,-0.8631118326909735,-0.7561817810344753,1.7006005410234795,-2.82873920808751,-2.6110419778224094,-4.792262734659414
new,0.7979013302735908,-1.1997633391820692,0.4090733814758847,-0.6955277881455351,0.31625661935401117,-0.06621885743629424
new,-1.2855209113052108,-1.1207380428444913,-0.5836419766100064,-1.6391244792769482,-1.6082659135671358,-1.8479037743646085
new,-0.5442800861322825,1.3595716467072527,1.6865101384717542,-0.3654413925314879,-0.9162297627418919,-1.0363100110731147
new,-0.9331532286850771,-1.6904368395510043,0.7745459377424018,-1.5957500941562253,-1.9964529435267122,-1.9993850318251205
new,-1.0942318669761977,-1.6661934180203035,1.1087430584058695,-2.744957897444903,-1.99130563941344,-2.3610450730235844
new,0.9302813497274264,-0.6470459635754194,-0.6560837185816987,-0.03716308727991269,1.1095898584305894,0.034559660771124934
new,1.3143709130721974,1.3211018949737374,2.572939791729778,-0.7142087731034809,-0.3976949087409798,-0.6409720661157875
new,-0.5457642540991333,-2.3499116947275303,0.8117605620730846,-2.7426383441709508,-1.626115959196715,-2.760643755763631
new,0.33372593027723607,0.24379184487660843,2.153390061379874,-0.6836240832617784,-1.4858943931857072,-1.9036852262875879
new,0.6897312972662604,-2.006887371870735,-0.17736404782589232,-1.577302588007632,-1.3557037074088805,-1.1455224024803652
new,-0.5590847916548982,-0.42384599104954057,-0.09730590650454407,-0.7100492173410434,-0.7810830379667735,-1.578838655097869
new,-0.1467398266807003,-0.1167726364374605,-0.797224211354956,0.12883952971683682,0.8617078877636843,1.115883740149237
new,-1.585355273991559,-0.44510711693948857,2.1962121853295455,-3.0257420197653846,-2.7755155893905865,-3.3365375072028964
new,-1.442030021106707,-1.0924412536152235,1.392573746136756,-1.8119898085113821,-2.4850785215045805,-3.2531209267405465
new,-0.6587212285133335,-1.5344106192065055,1.1854569554897076,-2.9286370535449384,-2.776749525749761,-2.499670094949876
new,-0.6817734462003437,-1.9483969427701373,-0.6908409195053701,-1.4466025726802898,-0.9756883939164512,-2.003218836941362
new,0.021207258472052893,-0.24312903764905436,2.8286314717209917,-1.9187347685361131,-2.434151399581832,-3.4247642550276245
new,0.629190672805754,0.02775375912648692,0.9642510787544669,-0.19902464142820175,-1.331867907361116,-0.6194010679583355
new,2.3253809927395657,-1.7884695527188643,-0.833335478585627,0.8955784017756718,1.8807893333423928,2.75430112364031
new,-2.056313887676407,0.4171811957877323,0.5279176110633609,-0.009901180168049528,-0.9913951278478795,-1.7251974328772597
new,-2.039083389688149,0.5959541146671967,-0.17632257894089898,-0.41813581357785007,-0.9145035163566345,-1.5569479996388544
new,0.9436283056506799,-1.1472178243227864,1.3811723035660233,-1.3561088533474113,-0.5001121397384974,-0.4687592000078339
new,-1.4107347582284417,-0.3101040756406127,0.7314092516055299,-1.969231383171022,-2.346567451475762,-4.0392903275328225
new,1.1393723041823578,0.07151712623142226,2.9021418984163647,-0.5670215384542916,-1.0697989015194602,-1.2260019759540235
new,-0.13939846261821182,-1.0600857690045329,-0.47115385968054013,-0.3355311152287202,-0.8673087623216122,-0.16812749325006165
new,0.8065597971897145,1.111189694918108,1.136605707726939,-0.2758807579172219,-0.26698048036339833,-1.6308206721347305
new,0.9565730939831798,-2.0209763110025345,1.092103936438858,-2.5448418458392568,-2.4256454561976692,-2.6113126889134777
new,0.09230418884447869,-2.615057071037187,1.3411101425529255,-2.732291418612803,-1.7363776890293776,-2.113373447629791
new,-1.293842697116174,1.0180367770523793,1.274476826388624,-1.6966539711655007,-2.318918590194415,-3.5431653974214457
new,0.004146542315068259,-1.1920412694169042,0.6593886165873063,-0.4332935388311515,-0.23911113385122396,-0.6785092959484116
new,-1.737186826442842,0.25097137579227824,1.5462654789860357,-0.49282263779430124,-1.1077426256477714,-2.5463189615383195
new,-0.13912055298483733,-1.5212659780735418,1.8074627774802408,-2.069202347135861,-2.3956210399972724,-3.761347372978139
new,2.1540831447760653,-0.7698346820804493,-0.06096180862987566,0.7978344989713768,1.1502496436034528,1.663279498486775
new,-0.9078020965993362,-0.35336647252971587,2.025816190341797,-1.879094188707439,-2.172653771666391,-2.8595685701404117
new,-0.8198501725284909,-0.35560570599136515,0.46359089197987025,-0.7743920775361139,-1.4960421561958732,-2.278579409526685
new,-2.2184875973745455,1.9470546253831624,-0.9412973637134506,-0.44599721372983914,-0.43521419926855975,-1.4643671879898346
new,0.42743245053991646,-1.2667863053646573,0.20552797262930567,-0.42689945067199697,-0.4004783661114915,-0.36249075245377654
new,-0.13569577251234988,-1.64999233507668,-1.2365206372072803,-0.3255986249537431,0.02593174112487162,0.6218918015823165
new,0.9101208209609695,-0.061652012392919564,0.762447950560688,-0.40612693872110905,1.0199375218482531,-0.683300150876992
new,-0.7663328569315772,-0.1867152539251722,-0.49493718134752374,-0.027914142545316156,0.02371887816338128,0.0896198905876775
new,-1.3104525148301571,-0.6327368679031526,1.247431107757081,-1.9393259315246674,-1.8398648765355534,-2.7349883722896524
new,0.5985823362959771,-0.5305262050915626,0.6118850458867832,-0.5934684993895599,-1.0726808058484396,-0.9443377189737902
new,-0.3551864479715344,1.020692525506328,0.28789856331591257,0.17337958489910282,-0.1700776113695999,-0.09192932348419233
new,-0.16910052406852316,1.7698888793971295,0.9815638282397204,0.31626470936253587,0.22015994937305733,0.598315046772504
new,1.5573020959310877,-0.3380277908018864,2.891188220747062,-1.6308729805449191,-1.5293075717062208,-1.521268981392408
new,0.82585210706021,-0.5362338971070416,0.5300058443893177,-0.5838611277154987,-0.02885290133585383,0.38124275712349226
new,0.8992564348043877,0.5846839060815454,1.3341149360079223,-0.13024790969593134,-0.20703173834412,-0.23667304663275987
new,-1.2583457900310278,0.29026688292277436,1.0813730688014338,-1.8479671515038303,-1.373498930835412,-2.8545228411664607
new,1.5731046490820575,-0.9821752189323881,-0.32498994126643477,-0.28319432976601827,-0.027546959043523667,-0.263843999708929
new,-1.4758047740300442,0.4345513961204127,0.11427010569660667,-0.45637363212478554,-0.7328704369272293,-0.6942778096014446
new,1.7508952956365178,0.2388036671750855,-1.6899813130874106,1.9893749986914042,2.816549447925021,3.9821788418721065
new,-1.0854579860351279,1.6156429653424513,2.3616241222035277,-1.1975615968177562,-1.7846795613004667,-1.6295311380579798
new,-0.273424049362726,-0.800465044400849,-0.5137515044364974,-0.9040876831266289,-0.16077547364919798,-0.6574504553621943
new,-2.1172910121713517,-1.5755125476720881,1.7743757910726958,-1.9635041276669618,-2.456296850774064,-3.210265694705039
new,-0.06900519615308492,-1.984492978801409,2.037029770166827,-2.3501323497137463,-2.2273241499015275,-3.916829181935902
new,-1.7028449111755721,-1.6496941957133593,0.5551923959932837,-1.635135618413932,-2.425069860258602,-2.2990992732847726
new,-0.05116943044520578,-0.1994153951401783,1.688657227635729,-1.35149039696395,-1.3866130861292858,-1.5828384498202563
new,0.07707065110443838,-1.5404714120407186,1.4521379866060489,-2.0159432420585035,-2.6120414933755725,-3.30796036702723
new,1.6648281457960488,0.41252058344957443,1.878520177445857,0.02591978580309237,-0.1911250160391199,0.1333331363605883
new,1.7230087741130597,0.48513636826234685,-0.8327781141269436,1.3057332365853722,1.8910193210910153,3.038047979727039
new,0.14153212193270714,-0.4232182821543499,0.03573989369890873,-0.3241509245500814,-1.3286014328943718,-0.09455865511384154
new,0.25832108036507534,-1.4248586418629772,-0.3620385249412851,-1.0328733908045424,0.17895515045101074,-0.21053789700339773
new,-0.007237889600495172,0.10324691521695839,0.545851160628264,-0.8393073541539611,-1.424701264368219,-1.7702942378578401
new,1.213676485867819,0.12626949444362345,0.8946538929046047,-0.24041937459150908,-0.4530432861366786,-0.3186239913661083
new,0.45800185078594563,-2.6798959973827507,0.1404316196710288,-1.979122988201178,-1.0707920757669955,-1.5718754020791403
new,-0.6269378570089816,0.9336516902867704,1.2985488646217058,-0.9373783756391634,-1.0905371739621752,-0.025426524781173576
new,1.0002589655212275,-1.8344100361483031,0.31563349422752196,-1.1138240702074564,-0.25608180486942594,-0.3801587416382237
new,0.35292446192380844,0.11904670373163473,-0.17055369880580462,0.6838937149977653,0.5478769694732603,0.5991661114275579
new,-0.5463233558276411,-1.3593873945574855,1.7741944581750606,-2.055655331086792,-2.8353746387432714,-3.020717157822091
new,-0.7021944523416173,-1.1007224864160667,-0.2510718279838301,-0.715620265709552,-0.5713483224953119,-1.2285137724049955
new,0.03318794646475093,-1.4067469381572937,1.8345881022358137,-2.388504734187195,-2.514835904365488,-2.4845773254474777
new,-0.4470001345902372,-1.5788073776717297,0.6280354331534261,-1.4193926681223101,-1.7569479537395716,-2.2738367240464163
new,-0.5538298497558727,-1.3065583166386074,-0.517272887106205,-0.20740934694550905,-0.05739872787731019,-0.015162698166648572
new,0.5168477132618603,-0.5365275667543451,0.8777011452994594,-0.6880003163189798,-0.3960024378325461,-1.1077553721848408
new,0.6522426535850687,0.42832781269085896,-0.843011807580308,1.5273123322221789,2.0583901138091703,1.914274074064598
new,0.11580560674713403,-0.21668424010908544,1.3194656667406603,-0.9522693852594084,-1.7520964223290452,-1.1723385923799412
new,2.507070683807293,0.025312904884795207,2.7029682983544845,-0.9149320241367592,-0.6654322406408669,-0.5690399898918287
new,1.0872426052817958,-1.808257405144488,0.5464724630926433,-0.8115590773253961,-0.43056114871216994,-0.041179456373515166
new,0.33982207724283486,-1.562473634648232,0.8722791317984779,-1.5149357030180224,-0.9732113902492993,-2.269160228715331
new,-0.8102435295496793,-1.153808870468231,-0.19331945977591902,-1.312940105969044,-1.2618247238801366,-2.3746508092268406
new,-0.70353971242837,0.5565521908065949,2.8158621406022646,-1.8331809996636397,-3.6724559078605785,-3.367236929923455
new,1.519464989217105,-0.2649101982269013,0.8248038933495009,-0.37083773660793323,-0.5666987589237493,0.010001745609436286
new,0.09366538599168214,-0.7210049417077222,1.2365423794227917,-1.4345168537981947,-1.6561050564846238,-1.3467412835323407
new,0.60309234495301,-1.4354514373391283,0.03263971571811741,-0.889908672559046,-0.7627881979858635,-1.1039832504929241
new,1.5198200504266646,0.2106884100057579,1.2529949325166183,0.8720352771924923,0.3974398328136524,-0.16320222884171987
new,-0.8144047718076066,-3.0619731272049524,-0.013545263163648347,-3.537626740453786,-2.729265055535846,-3.262388511325372
new,-0.2861111444146013,-1.3892580784979915,-0.13357841365163503,-1.5674869334429198,-1.0691460335116414,-1.5326519871791118
new,-0.4716566707583976,-0.5239878901714878,-0.19586776457891064,-0.4798893337728619,-0.4816116928794043,-0.6217150152208881
new,-0.5390583591493613,0.38076848518588413,1.5688410190150806,-0.7436403955355102,-1.1774807001899594,-1.9815406241165703
new,-1.3355258740372478,-0.762972108430648,1.4869800016225774,-1.7817316568110377,-2.2325256959212783,-3.277292247539701
new,-0.45867956726881615,-1.4193723638683422,-0.40035541979402967,-1.1389532511846934,-0.8965261567531448,-0.0854974584498811
new,-0.5072413702856978,-2.683159388267228,0.078351585002426,-2.2480178523857717,-2.503289762217957,-2.9724938435090036
new,-0.5126946083723498,-0.8330253409257748,1.4874900915459177,-2.710443966264424,-2.319207801302949,-3.9134965708418887
new,-0.7124686526384959,-0.9816253052602472,1.4271727408017965,-2.4934300094321116,-2.401632777830333,-3.0399460781041934
new,1.6314543644113004,0.8437528342744809,-0.7310150708224229,2.2055602888192123,1.95937335138276,3.2042468609409713
new,0.4326263824683817,-1.106143656489482,1.215815906924885,-1.3008855249713267,-1.3471170715497933,-1.4551743783902251
new,-1.0107484677503367,-0.8501493077248903,-0.7238052583377163,-0.7687489079064943,-0.8278765293861361,0.05114271448464969
new,0.5868537266477389,-0.2048741735451295,3.281662222411493,-1.6174135241326226,-2.3200619166292675,-1.8904860101616114
new,-0.009252761084346181,-0.9122667725950215,0.35049045072100327,-0.4629504273927073,-0.41206697064329545,0.06900430903199639
new,-1.3293433477747907,0.7842786088848224,0.8775781531900899,-0.9115058155225488,-0.9260311230178109,-1.0224051694608238
new,1.1287853284753162,-0.47274685656845417,2.1993810791059762,-1.5109252173059327,-1.3617551198299886,-1.599646302564369
new,0.5914589895448567,-0.6748814712420566,-0.5715458297687194,0.09825565938678471,-0.5014709975111447,-1.3430255488281548
new,0.02822991110231646,-2.469645436206299,0.18348071557083923,-2.1616416972515458,-1.8825506743004703,-2.934793378055935
new,0.6803109232699376,-2.225398744594579,0.15949234090337056,-1.8557767046421798,-1.0102876156818952,-1.1678064146789526
new,1.554925412894575,-0.20614468858644203,1.019032256702043,0.31262019145879627,0.4454744141235403,0.24159616840567738
new,2.645625928443947,-0.47084169705540097,-0.8183735934612794,0.9445695599289504,1.5892248724130469,2.265867290194856
new,-0.44084381784339327,-1.5373562756870385,0.7536411057906682,-2.2852870086919412,-2.1160630840089816,-3.1441450842827736
new,1.8117631594623114,-1.7013585960027358,1.2844490168811564,-0.9141695226971421,-0.6220105852154093,-1.7852645209333704
new,0.4782139017069913,-0.9732485179870501,-0.2581374285340259,0.03920374510758984,-0.38036072993817727,-0.3136011359117262
new,0.32330040151222766,0.48466825350184806,1.6517830336818213,-0.159871484552497,-1.0574664723223537,-1.8508554677192044
new,-0.08607211403667626,-1.687094401190182,0.30429044350225626,-2.01336320182862,-2.0533952720545274,-2.4308211660627728
new,1.5974319666850836,-1.0848341720509374,0.07823078032119712,0.03958227151989502,0.6519277603127286,0.5966253867008007
new,-0.6583872786816148,-2.591233867499426,0.8845329901720316,-2.560728622293581,-1.981663855669444,-2.308450058460702
new,0.930082191360478,0.04566655263232278,-0.023208088436774355,0.25458741614559166,0.7766603617326635,0.3488510332545136
new,1.126066513331611,-2.2585776494670053,-1.689228446167792,-0.38401441472422726,0.774709952544407,0.7342346274643783
new,0.3787213552343758,-0.5959368918183824,1.7149200899931643,-2.088747687128005,-0.8644946420481836,-2.2872695929534985
new,-0.4340700436477323,-1.0801513818562152,0.47263589991093624,-0.5356821335679851,-0.8009841865381959,-0.61537085069879
new,1.9936095152427866,1.2102992649698694,0.4792171525422777,0.8089157869625118,0.4672186944787915,1.5401247593612861
new,-0.410202034824522,-1.8415913963867367,0.3149807530971257,-0.7347992781524348,-1.6622143544346208,-1.488579013733112
new,0.9151961939711818,-1.4256862358505344,0.005100154690378722,-1.415452691805157,0.113514762123335,-1.0518978050334198
new,0.17005551709157918,-0.1692119432732495,1.4058745729742759,-1.3309138744468885,-1.405198196499156,-1.2998371164568452
new,-0.6306839809430739,0.32180941376028793,1.5209687152925673,-0.1998786431684041,-0.9794819444333764,-2.5032455328595065
new,1.4257181373724932,-0.8605700486190144,-0.33258887712431295,-0.3277532672500435,0.28384928148326305,-0.2006673703278441
new,-0.22450244048664514,0.183645527286858,1.0939113963015623,-0.5198565410663196,-0.43484521785717384,-1.739673406247595
new,-1.2423268880409224,-0.21738100144336975,1.3148825592122075,-1.9160836531157142,-1.9602896955775002,-3.355021562123852
new,0.505521319316073,-0.5080492111736752,-0.20597338597238757,-0.12344798750815725,0.1755906721487594,-0.29691417626285754
new,-1.223757588183175,-1.3410096976322174,1.6098656074927098,-2.7595782273921605,-3.3697460425842527,-3.927937252701148
new,-0.4991597381774438,0.6785327346183785,-0.08806043477114123,-0.18445597997942506,0.08497591197590981,0.33932587543956894
new,0.5584557204338048,-1.2908316177052894,1.9955647908514522,-2.2973794176049314,-2.9989212500655276,-3.210922707332187
new,0.23073544158528747,-0.2817177236129073,0.49584036129312536,-0.9079572366564665,-0.9752289302715172,-1.5128059646333718
new,-0.8403549613965329,-1.6832907771094583,0.32138404971482676,-1.8222628105495842,-1.263085091872772,-1.8410543223474058
new,1.1640928751201258,1.1208998155486043,0.2679478789083568,1.0108621069509072,1.8165241410074608,2.3984040364571215
new,0.6403640251030717,0.9091153437491792,0.5143856437301526,0.36630303325131547,0.9589371183991507,1.0185834693552833
new,-1.5103809174811322,-0.2309135806264616,0.3271120765038006,-1.2731893326859265,-1.0565348479654466,-2.5129682962138533
new,-1.0584770289028225,-1.3289388963923083,-0.6794779269595269,-1.5517911722342876,-0.666929199176352,-1.6184214849438385
new,2.1707706723372455,0.9484121555283243,2.7196216517387204,-0.07088686023030105,-0.8269300818616726,-1.0219041176873604
new,-0.7697788911562703,-1.607843783373136,0.7454004345023183,-2.4177838942718943,-3.0592961037085424,-3.1408227761101823
new,0.90042136698176,0.08594184847012842,0.46008815272312087,0.5117491068247091,-0.2510442644617138,-0.034595863153936146
new,0.1933753253160705,-0.0724796678205733,-0.8009934989298576,0.3966666290613049,0.2935649978647948,0.09920472519728918
new,1.1977092965196914,-0.296224137779543,-0.7576187825037936,0.02502155152341423,0.14093308759951106,-0.2837553342575374
new,-0.9453515961601955,-0.14506105551824405,-0.027362895646386387,-0.7718750461849233,-0.898667423736467,-0.48477499114845257
new,0.38643622250936654,0.7606255662371302,1.738955058803087,-0.04249689949328056,0.48981029229649,0.48105218950183265
new,-0.30314367176332413,-2.8419475846511277,-0.04913011408318557,-2.3704508960693498,-1.8450325849484872,-2.3657342779665727
new,0.13316380134116193,-2.4222880041997845,1.402058691818446,-2.621102320791026,-1.534470593792233,-1.7855330994594276
new,0.5743820433542624,-0.9506350797792296,0.5954142594345433,-1.5546546960200305,-1.515593638938327,-3.279891448451429
new,0.5698772873808722,-1.636582322821311,2.5945362496436206,-2.221747658663885,-2.1831988921817245,-2.4477914600750004
new,-0.6265457001697912,-0.6059602416983944,1.372307546141676,-1.3786132077473132,-1.7997337288691662,-2.1830198185216236
new,-0.3052858065319756,-1.3732069224281331,0.11118991287276625,-0.7804967293534284,-1.2015679834240935,-1.8924205807346257
new,-1.3369481120448479,-1.4073764236345556,0.6859038139218478,-2.4484577886528007,-2.2296933223873214,-2.959712367673051
new,0.34289828766527486,0.6844567639283257,-1.1814261636382044,0.8333272683317337,1.0078281653192482,1.3010176989563655
new,0.5670156719812294,-1.0708350265229525,1.5886367991466699,-2.3530573302319238,-2.196710082180824,-2.9625159783770796
new,-0.3694132463832545,-1.3240849752748294,0.4268025867293028,-2.040208464316166,-1.7132407228703548,-1.9209586387986919
new,0.3299175545616359,0.5480353427171565,-0.9011604405795702,1.3032624506266501,1.4287136599640273,2.9040130918357523
new,1.9802547602810365,-1.4440979981994433,0.447129550001608,0.5043262523780362,0.7605274417306417,1.1039783627652686
new,-1.373971942671537,-0.920137484344449,-1.0414375430206184,-1.334892244180327,-1.2011033597662726,-0.7798515292155802
new,1.4128842750928445,0.3100962622983451,0.20354568294775643,0.467707033793323,-0.2796934582243378,-0.18933346480174018
new,-1.0681175085893169,1.0122208021091648,0.8188783634369556,-0.31489348149900753,-0.9980528915046974,-1.345335134730792
new,1.8156636288010517,-0.23451817238171058,0.9306232970164021,0.08673732440396535,0.17907406263748477,0.06618831615000154
new,-0.2465357749394626,-1.050238358548314,-0.1009762957562943,-1.5130877532706908,-1.1551501707638168,-0.7447132243665664
new,0.5233519551336279,-0.02319082822224905,1.0341708134932586,0.38446138011975917,0.7098975696207316,0.9690071373702124
new,2.0820626726916793,-1.114279071215925,1.2040964239199248,-0.15922756981696862,0.35740538692023505,0.6902169696079157
new,-0.642228520047055,0.4630304009819328,0.5300788326085035,-0.18290198753935316,-0.1661176295645635,-1.041973740763988
new,1.2928569372903402,0.9902694292480922,2.129960047153254,0.3827918321496616,-0.35455724804872546,-1.4646091009595483
new,-0.012907120050408477,-0.14506962942881196,1.2436910160990025,-0.10250125868663051,-0.5529811377996673,-0.8976138226370688
new,1.2245371886342082,0.2413644303983511,0.9949527622660124,-0.29357918330505345,-0.41067766479888446,0.2642608028398452
new,0.6772029056083768,-0.24469516100817051,1.5363098137812834,-0.6698337882565081,-1.6310483684666095,-1.7179125292307478
new,-0.07251059922988205,-1.3246224950866723,3.4834060595967147,-2.618377009457276,-3.5991389915710505,-3.7374534532051404
new,-1.8560988986582168,-1.1147851952426076,2.012186329417383,-3.198578513035589,-3.886416633929536,-5.175324041769059
new,0.5648722625242234,-1.0677689125319383,0.47553803399714417,-0.9652579454863475,-0.614068510195239,-0.9211118062328084
new,0.40396926933148514,-0.5320456699204033,-0.9441326913663909,0.4945781606764513,1.4068402534939621,1.098316181608766
new,0.6715933950938411,-1.712058932233904,1.880350658029855,-2.332074549474963,-2.548343779990019,-3.0572586706036056
new,0.20704484815094637,-2.1561884603375674,0.4281466849510401,-1.8494817930930785,-1.2507623646390322,-2.3016229956250354
new,-0.43071668939300833,1.3068780316604427,1.747479073436501,-1.418210020724319,-1.686762075183709,-1.7798175918746137
new,-0.589991603362216,-0.7364750373094308,-1.4396771619794047,0.28625664549763363,-0.2791273613696388,-0.21425885004153375
new,-1.205889341205592,1.1463602417620056,0.6146902077840501,-0.6682171684118398,-0.6458195578390431,-1.5540558524282857
new,-1.183181503833358,0.8056110909549201,-0.0935811124966166,-0.5783050058658512,0.1303520465721314,-1.0062728604042062
new,0.6637879055072644,-1.372437768888662,-0.35856051062107175,-0.5028870872251009,-0.19294481501985786,-0.4665606997747451
new,0.022388799638233786,1.219016986283054,2.492266882521244,-1.3383732515882354,-1.3241283963139046,-1.3637357291275376
new,-1.7035812624144544,-1.98672414204675,0.09263008247518323,-2.5859580862690477,-3.1875416678119164,-2.5432956616848785
new,0.5891080175895801,-0.8954079861790125,1.3849176485915415,-0.7691048432279283,-0.5477832661512703,-0.42539761427584305
new,-0.733099080174157,-0.13687209895414953,0.8965694163267101,-1.0363127607884246,-1.9466028644717521,-1.9290932502853118
new,0.5748047422961942,-1.3846586462732877,0.5922045998436087,-0.7660281235761476,-0.1314140889761361,-0.5993915203996831
new,0.4332194237630533,-2.036417408372139,0.40595279446026034,-0.9550828655306522,0.12109844064542019,-0.5720091759514117
new,1.1858340009898638,-0.8634835809572825,0.03190296597180731,-0.569592883882297,-0.5757789663364841,1.361150255720145
new,0.9343259348069443,-0.9512107837594079,-0.5892348513294349,0.2954707135591097,0.1372255605173116,0.7196545110580532
new,-0.32925735998759603,0.5460550130666457,-0.35493668872848116,0.3337576578007113,1.0872965625525952,1.6446275043206107
new,-0.5071742991627235,-1.3807363317670087,1.4971796174719145,-1.459711564875805,-1.0339950762422654,-1.6173476785093586
new,-0.5170925591478992,1.5976817683241802,1.9638706646139332,-1.621082982981702,-0.9635879046444518,-2.9220146649154923
new,1.6139446687013543,-2.0701608340752937,0.37090147084876895,-0.8831193301995619,0.0037946787137098648,-0.474518844802715
new,-1.2290707419975242,0.044701736404817116,0.21550002254965012,-1.1256485000362064,-0.6328835259121705,-1.0113372868026271
new,-0.34374371544838717,0.2068944324270593,0.3892065561464983,-0.7381998936252719,-1.1380503786210001,-1.539491261233441
new,0.6501584374482775,0.32643142894208665,0.5204799993058871,-0.09820172927872822,0.41096441247839216,-0.0194988298648206
new,-1.1719330590332102,-1.0817663348493698,0.5642753128272209,-1.7235422471168573,-1.2439229877148938,-2.6327453944091794
new,-0.9018345651760419,-1.0217459847446437,0.9178968551069695,-1.679480796499678,-1.1093473087233674,-1.5396409822994268
new,-1.4471578713548996,-0.7025957860284134,1.5843498360104258,-2.830011569921754,-3.0585280948659457,-3.8690119567805903
new,0.45256365576462104,0.6166752813320726,2.6496714552877974,-0.48123513058278244,-0.9489028963943429,-1.8581176836926165
new,-1.382300817888533,-1.8459960684700805,-0.4342171755183891,-0.6597325244675165,-0.2028573624147192,-0.9496378303643076
new,-1.4103783924167694,-0.7554305488483211,1.1593940966743348,-2.106608874977161,-1.7417962499743982,-2.7661522672616203
new,1.0208579244994038,0.9949458932424564,2.291691117943742,0.27257969914842883,-0.6122184651771789,-0.722859187226755
new,-1.9710830334018257,-0.6923607070844422,0.34122415647119353,-2.313225976719859,-2.582562845246583,-3.9394778733686326
new,-0.5858155764975227,0.0006305292023116582,-1.2533858027387086,-0.14357525061516052,0.5052470513762206,-0.13623794654750065
new,0.05838798782510891,-1.0598310304492284,0.09712187177578935,-0.8643574441977853,-0.748726190505703,-0.911822641450971
new,-0.5705617514951952,-0.5304646623791085,-0.4677672377636325,0.21663557792747212,0.15033949779735506,-0.021554022810145373
new,-0.4038997652536835,1.0103010820434863,0.5375742388565243,-0.16825484461185358,-1.0147506967452182,-1.1835967870800221
new,0.5774769171456373,-0.7466959710286973,-0.3723272996311947,-0.2301266398028199,0.22042513744802494,-0.537162202892474
new,-0.9877254729616163,-0.7915167870040075,-0.20526208179498062,-1.4944146463125818,-0.893006228350123,-0.944997625051999
new,0.6136629126629477,0.948627202295276,0.359410303913281,0.08284930267244422,0.47393691529395143,0.5610987822418632
new,0.4400729537422444,-1.467833161418517,-0.09878529686529136,-0.858423244792961,-0.4273363149332981,-0.32293541890637834
new,-0.6925594137370008,-0.21080632018357853,0.0005642499418455627,-0.13313036237580456,-0.4661386503759608,0.06237882643420967
new,0.8216304744970551,-0.8688000605929207,1.906814702689847,-1.0698336161640438,-1.125049888715694,-1.8086634490729587
new,-0.6763289410031148,-2.5851767101949834,-0.07027240119743317,-2.206597060317254,-1.1147782808967794,-1.2712988388196003
new,-0.1636406155253397,-1.1513301948901558,0.09931982384444094,-1.2821299085057596,-1.5011627952323356,-1.901319329326601
new,-0.4434893165462279,-1.3098155750685687,-0.8851910861119935,-0.4248090019633969,-0.7037394790997908,-1.0643560597977697
new,-0.7170254604754518,-1.2268796301245266,-0.8663644366470443,-1.819540995169921,-1.5005480500932027,-1.6640808155321083
new,0.1806732400093201,-2.5201590426135385,-0.011951608298208627,-1.8740357204675526,-1.0438158002723412,-1.1221438042922662
new,-2.039722060044538,-1.1149055579662963,0.2306395980719846,-2.183484674696715,-2.9182575479036394,-3.6415399142568323
new,-0.7109865603779638,-0.4314423309765293,0.3468540880745014,-0.20348223861759174,-0.19232201000779015,-0.543529238992037
new,-0.37837052624022927,0.048829102765052035,0.38581076124480485,-0.9097446374640907,-1.4683201783972164,-1.8108004735301282
new,0.6440501857886609,-0.4821677526169612,0.4530376320369841,0.012142202303897953,-0.386021081709256,0.48947711143006284
new,0.41502970163862746,-1.8418168385221925,0.617697712837415,-1.2594774968692104,-1.2151994178931242,-0.39385338185321017
new,-0.3456254495815496,-0.7952285463432106,0.46398371647407344,-2.048580974012954,-1.4649437843303132,-1.753260640244581
new,1.5906783196111085,-1.19269934956347,1.6216660393322107,-1.1579055187972493,-0.5501921579184794,-0.6441502558373067
new,-1.3299888650105014,-1.0873086651923356,0.3371793246512995,-1.7190691831061016,-2.122412411725805,-3.778037100150744
new,-0.057119656355771764,-0.03580003055937753,0.0862741256642039,-1.2099379476265688,0.5891919137754894,0.2578691195491849
new,0.13380005459563427,-0.11930301051267855,2.0906965136988838,-1.4020223158130591,-1.295624253307894,-3.216756757690551
new,-1.1892346971034093,-1.0313392861818294,0.18095364939707553,-1.6778777522488781,-1.3358322156580549,-2.580756255298918
new,-1.2912553137187874,-1.4948092405051547,-0.0077313152461893075,-2.71450650852933,-1.88027103669699,-3.2948796305029666
new,0.24153582656124284,-2.5043312301183125,0.16985922287905014,-1.4380873373851006,-1.4125400091317795,-1.2922301911891922
new,-0.4856222307315093,-0.39406694878031506,1.9413258742813548,-2.2516300740988937,-2.5516025732516097,-3.409877849669071
new,1.0139928569511196,-0.7496817815789314,-0.6695729804576255,1.150530086247469,1.6519976754879544,1.5274952588637185
new,-0.5072926053908667,-1.0950066189743262,2.241155621016075,-3.2234908079255646,-3.444331006675522,-3.63029910945981
new,-0.3621775000751143,0.11729861256291563,1.478337776023676,-0.9862275320816262,-1.2291952006821005,-2.184645073305348
new,1.339142583257915,0.18608278932840183,-1.7081671527411526,1.5933010514862271,2.4289635830219285,2.865888152133121
new,-1.1514194275826275,0.2034883741757817,1.8456793001445244,-2.055226552311029,-2.308180871692688,-4.057351996654933
new,0.08705724356523907,-0.16582017489877776,0.9783908895721933,-0.7392416062118874,-1.3607624507112306,-2.005201079895582
new,1.0193030531076812,-2.1194575173779877,-0.3847552010086185,-1.8299122500224245,-1.2816849671623431,-0.7457589607515033
new,0.04849277287027489,-0.6434968490671751,0.2701051372919916,-0.26249193470351895,-0.9701071405132744,-1.778545783167607
new,-0.47307485988920756,1.353013250824945,0.19379570371105193,0.09444578299529427,0.6082818433707599,0.5100347105920273
new,1.0037508023089314,-0.09760255142345087,0.6372670170609595,-0.5931976215426984,-0.19704080094850318,-0.21803372567764442
new,-1.6545458352405753,-0.3972033310516374,0.9427384216882688,-2.030960478244271,-1.792604137752877,-2.4165880623846796
new,-0.1336477704675882,-1.7429839083333722,1.5284161864425374,-2.7898949825251536,-2.6851618987556174,-4.079825802634794
new,-0.8263162399944386,0.9398843606336982,0.7082914907118542,-0.8046821156149161,-0.9957015190602676,-1.7928149533407645
new,0.18069727282912323,-0.5029012052931914,-0.8470858665691597,-0.33066494451160056,0.2515923737508935,0.19023887872609324
new,-0.3369985578582427,-0.4002733308004235,0.6443097218813278,-1.948073224200787,-1.056517510828887,-1.7150105573548768
new,-0.5955698276085107,-1.42361517368768,0.04020111813239058,-1.3764678641025154,-0.952187545663515,-1.207342885840521
new,0.8043771162600798,-0.692112548170273,0.543390315017729,0.3275748847990009,0.4462598903233066,-0.23415610534422293
new,0.13365988302330475,-1.123754602268163,0.41579506790315524,-1.1063958388861568,-1.1626145644096764,-0.5134295717083726
new,0.43089657221575933,-1.330982074144798,1.2801476786286263,-2.5154477486458395,-2.2473378862977396,-2.8463062088836146
new,0.8101523156487069,-1.3482937250703166,0.3350042245179352,-0.5980442557661989,-0.052840510171145216,-0.33993957535796926
new,-1.6201471010531854,-1.1525745244080796,-0.06088759496176055,-1.7911134156783548,-1.4187562575378594,-0.9305507824279864
new,-0.29928938477827666,0.48878236507518014,1.2342717182075595,-0.5774157593702567,-1.0771014302066106,-1.5343304866197796
new,-0.21957596161393228,-1.1819735091187664,0.009446328364015266,-0.029196890481024695,0.37623230956818693,-0.18505576248512354
new,0.788812960245789,1.1842810731787181,-1.62314222247768,1.8621709509473972,1.7705744559896914,3.1215549113832406
new,-1.8191597677623752,-0.705544666760783,0.1708773448545497,-1.6343183767184157,-1.4057807725293052,-2.6943597689320375
new,0.4882257821862499,-0.14716095570516768,0.9958043022006786,-0.3779895672128709,0.0426678109541625,-0.20807486201004619
new,1.2150278745100622,0.6498310512492218,0.8829645926838764,1.1602713618517932,1.5008938549132171,1.7273525455263785
new,-0.44273122931242,-0.18240430480095504,2.007844761327188,-1.878457039863065,-2.629448597738542,-3.8610068214719795
new,0.699669622009801,0.5031034975003732,2.2526019835627498,-0.6720804658514151,-0.4342105278927689,-0.394713215144465
new,-0.15274504465435246,-1.3034212912068193,1.3902643604408753,-1.3159915965848068,-1.5182315902626573,-2.3452147524057443
new,0.6260855512421063,0.13167105913134025,0.009495240104376967,-0.3254433768257413,0.2330941463597597,-0.11788273068459004
new,1.0522769159642824,-0.0902850983912672,-0.516140360793855,-0.24160930544817194,0.6618174789873,0.6850741960854089
new,0.4824723153932699,-1.1401430248496802,0.13646951535928975,-0.12973887061282785,0.02629036803802741,-0.29996736741712293
new,1.8187121114466278,2.3050469932802944,-0.5404416927815999,3.169479357856451,3.2609429789878317,6.2401512278564155
new,-0.7040865888123989,-0.9215942581908275,-0.8980598973263308,-0.8120503270457187,-0.5674544510085221,-1.1165851145141503
new,0.98879554109591,0.5451071851603428,0.7771637366323793,0.21857211310427557,-0.23000426251410588,-0.2378677420918165
new,2.384357762173325,0.261248834699194,0.6555493999475933,0.49474624166157666,1.1499466350001262,1.6465139706209873
new,-0.20920642292080588,-0.15217163430536423,-0.3702000010002865,-0.5787593498794492,0.08673404434237586,0.08399197831439251
new,-0.20142305639135943,-1.3444596381132015,-0.6761526013444054,-1.4040695993218608,-0.640738276005585,-1.5577499181287635
new,-0.2699887475444909,-1.1918336952133979,-0.1922073717080699,-0.9392184839957264,-0.7478087512913105,-1.1498805669722962
new,-0.902359318362159,-0.6779229174330459,1.8050711655066949,-1.1292444308628398,-0.9863471008163023,-1.7425485891750976
new,-1.2356398263211625,-1.8079332049882515,-0.414740565687966,-2.9300403525315737,-2.689952062151924,-3.325664306352353
new,2.091129048009811,-1.3232559976842868,-0.041582955818535994,-0.011330908819018187,0.6356567421950359,0.40208717625078116
new,-0.48300096930611264,-1.4161071959619114,0.8332057994771667,-1.7070131649922424,-2.8730346113528267,-2.9475244492982893
new,1.1334097084337436,-1.717534427031567,-0.591851784131718,-0.2919755077084081,0.527251476805372,0.7157973322608376
new,1.0635249096574106,-0.39948407731059765,0.3326974786875301,0.2975380225862657,0.4834524026817573,1.041226272472409
new,1.0684298718966374,-1.425083572338735,0.13108721394702716,-0.5570926611566965,-0.4697870712591123,-0.017678407273627794
new,-1.587298578832008,0.19918589577441215,-0.5252382868797504,-0.9972809697600614,-1.66794722838802,-1.4585022272719468
new,-0.6022941131953832,0.37224032115776895,0.6149346809578948,-1.1150311108900566,-0.8909140182089981,-0.7744431620406892
new,0.46677246576455034,-2.494524782232968,0.7121698475854809,-2.587349411436233,-1.5010335485325532,-2.145282800646179
new,0.1497244728871715,1.6657406107366264,0.6868465497852936,0.8695827658597624,0.012769123436058516,-0.3651633771890273
new,0.2662838841236643,-0.005936350066561125,-0.33367150895428943,0.21668363561823695,0.08456037300147218,-0.041451623372642965
new,-0.22091072237311882,0.8829371363296243,-0.28340061713556897,0.42417209797611366,-0.27827759994125434,-0.25484392491230623
new,-1.1414273040860183,0.20162947030439815,0.9042008393474237,-1.5418242005664928,-1.5442259896383517,-2.1782574836987076
new,0.3385497236540121,-0.8169750796892026,0.8452517522801111,-1.5783996350983713,-1.3541885531797078,-2.034096974428476
new,-0.3419847670448508,-1.2643296502311734,0.8146918321073771,-1.697420885387758,-0.908207037541746,-1.279132502418553
new,-1.7865986749838558,-1.507223191532269,0.9320386006013044,-3.2074831834716044,-3.0405276447237384,-3.976828024754965
new,-0.1870089355402691,-1.3228635321227127,0.07051263811584751,-1.317549499537758,-1.1432027268517446,-1.3654998285851718
new,-0.9774260700811286,0.8898095493139564,-0.10766033462635449,0.14994781901474077,0.44685331265321004,-0.13730383240332494
new,1.4023213896451414,-0.9005642577100025,0.7935992942459522,0.7687293779473628,1.2015483132612181,1.0856144962327883
new,-1.5502831222786695,-0.03287122743302584,0.7496791665857838,-1.534388409174536,-2.0961557730993112,-4.286382079652673
new,-0.7811916879774073,-1.7011178012842099,0.9427881932626883,-2.7128546204458575,-1.439101071018094,-2.371299196626512
new,0.43785402227180426,-1.1141440492853505,2.9974124874422974,-1.1873266504348021,-1.457790652428846,-2.5693192732965717
new,-0.8155123188440369,0.3144985651354235,-0.08709601038772552,-1.240544100388495,0.041741696587608956,-0.5537646464239041
new,1.7853952697465518,1.13411470048446,0.4260687428131583,0.755102439750998,1.0130664018244584,1.8079058937586798
new,0.03530922854485255,0.9970729113366466,-0.014352031799973242,1.1632356832108952,0.9122703661615348,1.2474435168826303
new,0.06226087552558855,-0.925196224238472,1.7407435056349407,-1.276141378454903,-2.123172541434944,-2.49922610543728
new,0.5121556187440216,0.00829714507362267,0.5061937182458108,-1.044034651906944,-1.0416359034309388,-0.7753010926495725
new,2.565251894876873,-2.1220603028602465,1.3058076459154029,-1.184759506404603,-0.660073020037443,-0.4111194879726729
new,0.5317027208455553,0.3431801657259387,0.7728503043791752,-0.027912499361678417,0.004097810816858241,-0.0545730437153284
new,0.6193206421478679,-0.8086457291569362,0.43227494596132554,-1.4653174721400721,-0.9265038116410749,-0.6664361183889456
new,0.26323202480962815,-0.31841123485179906,1.9942603126518352,-1.6001392173311895,-1.5649340674864192,-2.298949424933254
new,-0.1663330143337598,-2.7329968742386255,1.4514198361854032,-2.7432429523687367,-2.323055769471093,-1.4665565882513303
new,1.80343494032338,-0.6628639857257885,-0.07145544215892852,-0.039098489589231455,0.43699117992634035,-0.04259106115011735
new,0.8027680985264011,-0.8839960741581185,1.096303282007043,-1.3911219568096371,-0.9709415344976615,-0.7235174308810376
new,-0.11883185684137189,-0.999217758654675,2.059621864570565,-2.7788857877034085,-3.4473528113537313,-4.52617140796787
new,-0.9688871182918661,0.3725903852447048,-0.7988487023208691,-0.06414635151506765,-0.842807839820136,-0.46170323798161084
new,0.3292293364746549,0.9553267201033613,1.6995265297961968,0.10226293562802619,-0.04273251447802173,0.6100134009922771
new,0.19334801200066581,-1.2778405760145168,1.0494005730103797,-2.0679935767462236,-1.340342424505259,-2.206585321230979
new,-1.422413897215405,-0.7506830923290903,-0.24219559382500466,-0.9361580138134037,-1.2507455494186681,-2.010085442170327
new,-1.0722420742788632,-0.5133373362052848,-0.489122167757405,-0.41178861411118445,-1.4946550196904353,-1.6269241205739213
new,-1.5420228647518122,-0.5169202401710986,0.13124198157220834,-1.4599881314355945,-2.1018299841063413,-2.2423536994620368
new,0.7552872644521255,-0.3885457675807863,0.7003723627935997,-1.3732335766496848,-0.9967781660766469,-1.9873623070285524
new,-0.23334110124718666,-1.9268373851794585,-0.14726359031785663,-1.0198566825555213,-0.7155994379642056,-1.264534481356791
new,-1.3425686285827563,-0.8188937255967319,1.2788986479623228,-2.573318609227488,-3.4388980256085517,-4.573273888188835
new,-0.8352883663294705,0.3307503811047483,1.0731628029487632,-1.2341894590414118,-2.397391876886173,-2.7167901843378757
new,0.35289447270371166,-1.754971242266484,0.2791498887520058,-1.0405022266489206,-0.8936024594232481,-1.5826019192671232
new,-1.0645401265538144,0.565743648219653,0.868297684303438,-1.3432940033438092,-1.9445993568721966,-1.8248232272312244
new,-0.9195024697557667,-0.7207788191044051,-0.041729067923095386,-1.195671500750568,-0.5024501905610805,-0.8415948911587849
new,-0.14029887893768211,-1.00173049592372,0.3159073081845661,-0.5251181148773528,-0.4412260845326118,-0.09614929811241135
new,0.30004180549928583,-1.0801857115363354,1.9231036600427278,-1.57187714824113,-1.8941901869318287,-2.291576475357706
new,-0.9175964041173265,-0.2731230983141313,2.459347109725143,-2.0720669040421438,-2.9186846623800933,-4.333537256136312
new,-1.8269498897524137,-0.7182276583701618,0.2527188455123701,-1.7263486649226072,-1.5375612025278516,-2.09091191930861
new,1.0173849223582332,-1.5318893005139476,1.5635373390306533,-1.2950564516342506,-0.7061905665770751,-0.8910807703804713
new,-0.03934318702720098,-0.9720952177092544,1.040573228959056,-1.286021045362679,-1.5859414436777275,-1.8298935492460895
new,0.5222715703851666,0.20236531518287593,1.4594016958609046,-0.6913428302510273,-1.2126149676189577,-0.8974383100036836
new,-0.10372081658956982,0.2349330569425242,2.2149409096773516,-1.3356170714545648,-1.5608035173058,-1.9216865570079036
new,-0.22424875101452318,-2.008002237237297,0.7706154621433005,-1.774447491040224,-1.9638857364948323,-2.542944493853332
new,0.39271521032594237,-0.8831719591639204,1.4991066718357104,-1.711312855658233,-2.788495453730392,-2.565246406312344
new,0.29837575787404425,-0.029612903462524653,0.7888592101495893,-0.7779392561146435,-0.5300656746713729,-0.16332840555374106
new,0.46315788307802286,-0.9029875813750984,0.2702880906310041,-0.8688419223332731,-1.204891773710112,-0.48643033664802937
new,0.9233931017808186,-1.4703028335496815,0.03656134119398968,-1.4786465086139622,-0.3145625973379789,-0.44340855784276456
new,-0.6855491345407165,1.7716124648797538,0.6839844911300111,0.006754733916792571,0.07664091492664504,0.00044671155117892436
new,-0.22770039644120382,-2.1448574431175587,0.1297525362035019,-1.9508743702708407,-0.5540327667516904,-2.3980761367558383
new,-0.6196300824612453,-1.7160265672703237,1.5808166050072248,-1.9316473517597599,-2.218969521372957,-3.6409136280479864
new,-0.4741937910867496,1.6989272167138394,0.05174914712923573,0.4393785937099792,-0.8051559231410879,-0.7295866943066054
new,-2.6249223729905475,-0.953218519930058,1.2413486195111973,-3.0847362141179278,-4.242495942448264,-4.663333827244328
new,-1.8568700612140225,-0.9134262531835914,-0.2656063855265963,-1.6354276442778684,-2.3759839256121853,-2.325638121929878
new,0.7283776579537172,-0.05282659094259168,0.6906879374526607,-0.11776369089755323,0.9194093955842062,0.7856445751399196
new,-1.1446962423430989,-1.030143986702007,1.6616111229976278,-2.624184543670748,-2.276869945797379,-2.4073655649901564
new,-0.8342252401603881,-0.6324566719103072,0.9419863109688331,-0.4162639675537998,-0.41068871872365775,-0.8059155681158341
new,0.38217896651596023,-1.1353177760189466,0.4983952323666447,-1.4626399930471943,-1.308695863149135,-0.8704225379310763
new,-1.4490592684330472,0.03396579318471815,0.5577988168838863,-1.1052722520049152,-1.5516350832732053,-2.051854808907048
new,1.9705653442980895,-0.5926832829010957,0.783657657265421,0.25928478697423446,0.4227869774437239,0.7745533137662951
new,1.5971976221996096,0.08891485417210743,0.6341591537972592,0.49672677871960336,-0.19986452900237694,0.883535821544963
new,-2.163681196317532,0.3675447037631586,1.2075076979066932,-2.27726059033052,-2.5826522888670524,-3.3590712054371457
new,1.1555113256758096,0.3324970494870573,1.785023704634817,-0.29621012845698436,-0.9271799275252617,-0.028699267217657587
new,0.918945671055486,-1.3176542880543338,0.8409597737757109,-1.1331176680450408,-1.1527396879367597,-0.9328159242638757
new,0.969115231445641,-1.1389370209119987,1.044939817551382,-2.0043092464073684,-1.060484265881594,-0.27212111177965936
new,-1.51984140047161,-0.5013796299762326,1.8729026894905134,-2.190652105088777,-2.315026494084006,-3.9509418213396383
new,-0.29777678364335597,-0.8540890622278531,-0.22301136328051085,-0.13252237903049202,0.3902905159310961,0.6876858186265794
new,0.336601232803915,0.6452636916736147,0.6596419551244774,-0.4430172849749232,-0.6721577607425299,-1.0625659573845083
new,-0.17785474058099993,-0.5742208003098027,0.32352483975759416,-0.3145182074153362,-0.949065415244589,-1.0043992978796132
new,0.3775768209771889,0.28471247182229387,-1.9512466825533892,0.21244532380313474,1.34094447662439,2.276185553882366
new,0.0721604123418358,-0.7826224932195497,0.3413831559592663,-0.9324500266131163,-1.0894750784986869,-1.0689730300253184
new,1.2466977412321723,-0.4485465150098296,1.4747485205214748,-1.0133677375404753,-1.5678365283771263,-1.5685762164332824
new,-1.6474833207523447,-0.33151324100711244,-0.4104860598044807,-1.3737272705317483,-1.8831118173757462,-3.2203719430492512
new,0.8827292914532672,-2.099856119554894,-1.0022008442996797,-0.4661308145827542,0.48464570611554375,1.521527597341659
new,0.9089165332856569,0.618360474113866,-0.3121123503000386,1.384772404276962,0.9146330144780322,2.1264470555552535
new,1.56891888635089,-1.1247297885635925,1.8289990850256532,-0.8294548724089285,-0.017195811376172654,0.24327063219207595
new,-2.0100862504113945,-1.2882386569691051,0.6619523528249717,-2.6923295315305418,-2.675632520047389,-3.9744617866753837
new,-1.914469282582831,-1.6539209987480274,1.8088685911668536,-3.8900915933810687,-4.006479508386018,-5.352579818982346
new,-0.7352336584802373,-1.1168670403238004,1.5972420061992754,-2.4796072107066043,-3.6238155602815736,-4.280926704082371
new,0.7295916967201411,-1.4918043700943422,1.485867735510964,-1.9210591204204313,-1.2321204212757082,-2.1698054069074555
new,-0.6624638824495235,-1.4723030339675696,0.8796928088884742,-1.9082792833584519,-0.8719707471062199,-1.5437127375216095
new,1.7617263650114603,0.2774370480516233,-0.5115069318440179,1.1272266282703627,2.457267489583361,3.017550349752206
new,-1.0724195570399326,-1.0648173684383089,1.1425714417982376,-2.1374737741844547,-2.821689995659793,-3.702075129182824
new,0.570203502448792,-0.6232472976845177,0.11574602304700399,-0.1143151079133582,0.8943783107030543,0.3509089132913413
new,0.29098845102453064,-0.7631507930552337,1.124351307055349,-1.0664314570972042,-1.665790975020408,-2.5837110994406998
new,1.0966001987541858,0.8672599162785233,0.4274418274071514,0.363879783572424,0.4429983638164487,0.9362126699121139
new,0.36788502846475385,-0.4265742856349774,0.33430829827405906,-0.5358565632910139,0.23310975343599805,0.20070894410628992
new,-0.6394495384273101,0.3971188502660944,1.4195964153745113,-1.4796913152140723,-1.177450149877355,-1.980486382110236
new,-2.370379543243872,-2.053526856250426,1.5436419847157739,-3.0400686201941785,-2.970270387082839,-4.2394858052510696
new,-0.08017067624748832,-1.1295291819784814,0.5563607222784112,-0.9917338550565091,-0.9269572406275849,-1.7165139052419067
new,1.9745138809346503,-0.6253858747208827,-0.5626365678869757,0.1641709663731823,1.688097167762666,1.8039062040030904
new,-0.5207116964926618,-0.42440344144059106,1.2234589848011068,-2.311292970125785,-2.3059424633316783,-2.7338998990710595
new,-0.05952455707033284,-1.2605282159011508,0.22220072893831838,-1.5227970908093922,-1.666593994561509,-2.2907149086927285
new,0.9363148590837754,-2.000490018224953,1.554714477728254,-2.1138601280143443,-1.9381176822169421,-3.5598371619571862
new,-0.99399968109919,-0.015257855679330246,-0.1417483697362758,-0.44145066307447095,-1.795153219542157,-1.1652571766438367
new,0.2156861665042909,-0.7417240047966177,-0.19161976905530553,0.6471442956634419,-0.07623641398286662,1.1496400403900369
new,0.8687965636703555,1.059660598193698,-0.08909986025016481,0.7698191350504512,0.7813908961237392,0.5305174089319292
new,-0.5679683587847894,1.2466155303891906,0.35234716995532644,-0.19768463603729236,-0.010630076922982845,-0.3905022249361497
new,0.6710663577639365,-0.03184813166432021,-0.6061661393399053,0.212944499801252,0.8517851662905991,0.960097345368602
new,0.1865633755299983,-0.3451980470715563,-1.612642602976857,0.29684020132962985,2.3472717775849787,1.3543673066821107
new,-0.03054412169641009,0.23325673757704135,-1.2804621476605376,-0.07356105442164729,0.3600085510548553,0.6173428782799274
new,0.9900140888430006,-1.1243785447588963,0.30020984591775185,-0.714236898351386,0.6238337715755877,0.4836013022207858
new,-2.4574310190042565,-1.154847073858404,0.40455758833361066,-2.6188708157772815,-3.9397160759082803,-4.319717729239681
new,-0.09327873816571307,-1.0531989242449598,0.8714123461822283,-1.3671344579962321,-0.5258415885496369,-2.7106738293497323
new,1.2601307913190394,-0.4524422537360927,2.647301960631573,-0.3292711008876368,-1.3783343413723266,-0.36803212292575793
new,1.0807708378968093,-0.3754541345743345,0.836953912151236,-0.13651891467787983,0.38643963834325207,-0.16171569846925365
new,0.21639422005707193,0.011657056918317532,0.8483238566158038,-0.4923603868046682,-0.4811768408911623,-0.9573974465309479
new,1.0453981523262974,0.05843346326180299,-0.9797460318900514,1.1842833981640397,2.20653722777933,2.803945997952276
new,1.4644136537109953,-2.3804077054913897,0.8360847878144851,-1.5079991706530411,-0.9841297746187092,-1.284569195549067
new,-0.7905943116879578,-0.7164521026680191,-0.8708774934649849,-0.6917885471521308,-0.03005362219179253,-1.401748394167054
new,1.271584537801875,0.5066370404293932,1.3673653470760665,-0.5587101858372526,-1.0665232864458094,-0.4688150927130463
new,-0.07834443211391105,-1.8543518690468381,0.9148601388723745,-1.6750768809610297,-1.105070252683338,-2.8149025765261197
new,0.7782122643464294,-1.6706468787245168,0.924380835102866,-1.1931184205032312,-0.24842593174937866,-1.1206221737361748
new,-0.6276081560135671,-0.7523215735691889,0.4427691512865435,-1.3727996595116319,-0.7199364107571028,-0.7987938346433267
new,0.5666064716422067,-1.7984317072473384,0.007970521049168178,-1.344080724583739,-0.7682818802527767,-0.6356768176253702
new,-1.7629049184039582,-1.7854052800528706,0.49521166922131954,-3.277500155004243,-3.400699201295217,-3.8755406596469495
new,-1.0119254408805194,-1.609535243519805,1.8415487342058254,-2.324414244159588,-3.4649421704444623,-4.306688695767164
new,0.2961505436991222,-0.4949959693195242,0.49032218772064357,-0.4063850393647342,0.24357911889072648,-0.23630037732437598
new,2.4091168349604075,-0.7432185920955123,2.3658053753076382,-0.4677862876190835,0.11252090498926232,0.5804918256156288
new,0.29089383084108733,0.059105737421495275,0.4859544639539026,-0.14534117456560197,-0.7621882478704185,-0.3296319014515579
new,1.3499632846817748,-2.025803026689228,0.35403677039368303,-0.6973022284134001,0.13134914480377527,-0.07333702281424026
new,0.542472528661211,-0.8021508536553408,1.0519954936825104,-0.6571033853192381,-0.9153924568479598,-0.7861757368652815
new,0.1877471681631276,-2.396031625508736,1.893571829712199,-3.5408855926627743,-3.279355420924234,-4.160567204824356
new,0.49710339123699543,-0.5509941262672657,-0.3670298482461197,-0.4441110796766855,-0.0786867932616332,0.37850721813210303
new,-0.8312235177393265,-1.3476737715977207,1.4981515630822568,-2.757194738763636,-2.630747637064585,-3.8015754455181483
new,-2.237672850242595,-0.521734857703787,1.4886102984271186,-2.4082704451633936,-3.051271062797611,-3.8426899194782713
new,1.8446821839016125,0.6651844172487775,-0.15245471653463216,0.9728699556903087,1.8327266310959474,3.0488811320830025
new,-1.0908412320836696,0.9318744740280536,0.0765845254947104,0.03510851462218034,-1.286231458981109,-1.3276616928517615
new,1.4424763962576936,-2.349147060374593,1.3063465229295161,-1.9195052558075036,-0.6273819066422508,-0.6376389742094842
new,-0.3377446098932819,-1.3913482106398616,0.5099293406401011,-1.222862167875304,-1.506152898192068,-1.0889087665029824
new,-0.4000396009595673,-0.2403840306736224,1.2525867162314865,-1.1190504967787098,-2.0137585564857132,-3.404158563126896
new,-1.1029771698410493,-1.4205211299395006,0.5352402846138985,-2.364694153799412,-1.4855978523981699,-3.4189686634867886
new,-0.9191899888632425,0.1319779666734081,1.3983152545658353,-1.5454852863161845,-1.765810786211937,-3.310784700073631
new,-1.1754902047737708,-0.4586944594145503,0.349730049692214,-0.686646838766157,-0.74562469312693,-1.6038082067601034
new,0.7308778464710552,-0.21435234226160277,1.1316378814616224,-0.12633828761242027,0.30787476962617044,-0.31713829218042433
new,0.6273484219850388,-0.6258820869575259,0.11334288645686708,-0.05960960038593133,0.8734434602603965,1.5271591897032213
new,-1.1331909840470131,1.0978964864979677,0.16677423661188123,-0.20243468776920867,-0.1318843951720416,-0.17218009310796478
new,1.399937244122619,0.6444142110132247,0.18301920208491673,1.041533484566468,0.6706386078552093,1.0373489993395009
new,-0.02891857760344685,-0.6494658793277965,0.7701741675312809,-1.1793726710370727,-1.078748086867136,-1.9318171993573294
new,-0.07649563872723854,-0.3787890486489247,-0.04668010047075455,-0.5901088999783859,-0.7812484644195554,-1.4001394393371887
new,-1.237845154479313,-1.5434795572607392,0.29043141677769685,-1.9614922017605343,-1.8471957877788092,-2.113910946614377
new,0.5891870629682654,-1.1857721742147063,-0.37304950798720704,-0.041472781680101434,0.5321810936979743,0.4644289141027306
new,0.8850633111798246,-0.49903114254050895,-0.22911577522264892,-0.044504792194430653,0.02246692337463896,0.10430673994809644
new,0.8947727517820911,-0.5443618616146685,0.7626942865925536,-0.2476097462694692,-0.35895822115030596,-0.3523294330815646
new,-1.66832426020824,-1.8019392013785511,-0.1281204104083562,-2.4525643013819,-2.1958602144489148,-3.32141800646848
new,0.9060910786087532,-1.0178338074661624,-0.3232496287952883,-1.0230921004276774,0.07347508910491135,-0.12323418310232674
new,1.749557230339831,-1.3331535827021783,-0.18718219268886627,-0.575151360108515,0.16610061784721308,0.8880739217533069
new,-0.04561285862796054,-0.8627041052078618,1.250832138691141,-1.7216233449832774,-1.77089616232985,-2.924178978016263
new,1.1689440694954514,-1.7873571769017176,0.21095097087462994,-0.5285366126665498,-0.3437274042673993,-0.5008707766207143
new,-1.4300113635844633,0.9746961924834641,-0.9681589775266041,0.41499287427721043,-0.8145353663454898,-0.3781773354465938
new,-0.31341930718186406,-2.7277702651875657,0.3314261887027693,-2.4400090895489455,-1.799040922665387,-3.216996362204217
new,0.2628003957887626,-0.01656133856038422,1.7136331960813762,-1.0707679153828253,-1.0819071349454306,-1.448612250625414
new,1.615268680142282,0.6660746363228092,2.417685830058543,0.09412184515472438,0.45950915291815353,0.5615162658336061
new,-0.04785803728978895,1.707549998251823,0.28361298017521686,0.318429541330154,-0.40263118714343493,-0.5378212790044933
new,-0.9635861262792067,-0.5703390413502999,0.6644858507542857,-1.6124659123014682,-2.1065418727799097,-0.9041646069436602
new,-1.4280604183533896,-1.285611406443373,0.6555675172571392,-2.3130000523614616,-1.8773253496843063,-2.2735122854237795
new,-0.5397597784291112,-0.2534358363834739,2.048247937927915,-2.5945391264872546,-3.0103522161754013,-4.010882886642865
new,0.5493371729649458,0.5818452703771186,-0.2094546922330921,0.9808901445158453,0.7431965876421832,1.4113368169013338
new,1.0458972768072816,-0.8032059776154872,0.6806734947287212,-0.008445389547638404,0.07342492134022263,0.06089131673646307
new,-0.44238081460883255,-0.3538632703316575,-0.30265733489369717,-0.33223748110537793,-1.0343519011042708,-1.3778387733215374
new,-1.139117645192736,-0.40265857555449025,-0.43931630529718924,-0.46531639130174146,-1.253340086189104,-1.9807771536411893
new,2.2750212491076893,-1.1687922165261404,-1.138200266931745,1.300837907029797,2.0611871485885507,2.616363860113566
new,0.8657152906548409,1.1475241248490027,-1.1418643492487193,2.06732939544403,2.050974116861017,2.7272163382142303
new,-0.09568057308937707,-0.6087950781812729,0.15270155809005653,-0.709866150090835,-0.206678473486839,-0.9167017512331344
new,-0.02573850010140674,0.9530420303920455,0.31931231048100167,0.23577894310414407,-0.4334687159833479,0.34090510023179627
new,0.8702692061513977,0.08716695146201003,-1.1446330678767334,0.049872795565454875,0.9746399856546234,0.848758312326477
new,-0.9372260655082381,-0.35150595799629303,1.2815275127912336,-1.3354855623382365,-3.06604295617165,-3.065189559624337
new,-0.26947877446496443,-2.0466577658694183,1.003113020780581,-2.5053482936855884,-3.1891971909691157,-4.555370799628136
new,-0.3907898041053511,-0.5520399317882232,1.8009724469896398,-2.555532816407313,-2.0295787228247373,-3.3239251378816723
new,-1.3965257599554164,-1.9728608597437598,0.5094778823542101,-2.7834291509103224,-1.858740931988469,-3.1694027349439167
new,-1.1695960818961024,-0.3147307244070331,-0.30574895677467817,-0.755925180097365,-0.6662626708810742,-1.38539122853755
new,-0.24925232192944768,0.7603671543646635,0.848480828054744,-0.2035012846288845,-1.1777676984396104,-1.3818372474951028
new,0.4914882578274386,0.4240976782508943,0.3484834845647846,0.02541143251639641,-0.5244597036174844,0.30263618656002067
new,-0.6389462255459981,-1.580219574196237,0.23799697510625772,-1.7433138663436358,-1.6870980248184764,-1.5068471776767525
new,0.10816085848212761,1.2823423589530532,1.0928823717306682,-0.9936649741617511,-0.7382794752094831,-0.27957760153616973
new,0.556706354864324,-2.7029558608576334,1.8027988577039578,-2.0295869501070958,-1.7834151664477604,-2.3092239900748943
new,0.9943464861517473,-1.0326250709420233,0.5536763964555186,-1.9618413170896698,-0.7468654994563215,-1.8361392341503175
new,0.5446306586267057,-0.9403052012294006,-0.5641442613457425,-0.5692510424299111,0.026993892571008496,1.377626581184329
new,0.8032634854728142,0.589845297992238,0.9369144590188376,0.6997596372076568,0.8828480334320726,0.918471925090231
new,0.47018262448233894,-2.3730239370200836,1.4254344475257401,-2.2985753972732255,-1.2493338255957873,-2.9472009113287343
new,0.08782809418596196,0.2247912479752988,2.080628346911459,-1.5158519397024548,-1.9475751245461965,-2.2329245493677643
new,-0.22205023833949222,-0.5840611253214402,-0.15539534913075115,-0.5603739254097788,0.05488702035561793,-1.3207130170223058
new,-1.2109417907375843,0.5481451478662207,0.8698725547171322,-1.3077164168732271,-2.252081853275782,-1.233782912320922
new,0.7228299478763143,0.12343725981000886,-0.8527972819923192,1.148409383796675,1.5477457812530435,1.93202368642435
new,-0.5160047217992583,-0.5600829102118675,2.282681319398415,-2.3522434036528423,-3.204158978448021,-4.357783783631801
new,-1.010747358853761,-1.5200351767111993,-0.9171761059938611,-1.1764258713190607,-0.7887450106474709,-0.7614674807764146
new,0.305419298339944,-0.5746114231588175,-0.46859943339934296,-0.10976347175265046,-0.43530788572033824,0.23508894754143891
new,0.0134064593949553,0.5001712544934793,0.31521879707578887,-0.7258475464605295,-0.8422129008143064,-1.415658272239439
new,1.9811179092473326,-1.7333054813667157,1.7732595480213704,-1.7643876831431302,-0.9424894261189252,-1.5954276335595619
new,-0.17259824939451446,-1.186562053724626,-0.6325376508895183,-0.7736308779793095,-0.6337486161536561,-0.5520749762898172
new,0.9907656806884454,-0.5081790349290597,-0.23658506239537225,-0.552185513757049,0.6807211816275722,1.2345692138123423
new,0.9258149077584669,1.7628601709801914,0.8688916109638152,1.009831325134651,1.2444172256322075,1.3453401384415322
new,-0.6905661705189392,-2.5472442865797014,0.331970246781939,-3.2094565639559605,-2.55813805611761,-3.6913217724461367
new,0.9443605968633446,0.025464898883358233,-1.4308525451476837,0.8259843374938214,1.3333013896771402,1.7707158921357233
new,-0.8995481094114397,-0.38356353264738824,1.6261280456012819,-2.495588535965396,-2.419842310096873,-2.8217580227841537
new,-0.35763902900128824,1.2289922659362624,2.3366774884574246,-1.9573912192124612,-2.366325402000764,-2.563282257346982
new,-0.5268306692824392,0.3117586983777386,2.255814328226649,-1.0516351328313696,-1.938885157472343,-2.2687904305646436
new,0.19191868949706015,-0.277271439841513,1.1032078130312788,-1.6899504449478533,-1.7639449878699953,-1.1357246790972813
new,-1.5563933206436857,-0.35648497694383496,2.2660182291837123,-3.1037421786085164,-4.20865292406294,-5.207682718024117
new,1.901345542725096,-0.16146121300580546,0.16069034546350913,0.6383734786392247,0.921737477518836,1.1957302781488586
new,0.5447876087379816,-1.1333383319819923,0.009483678089963643,-0.1312651141053578,0.547937165328715,0.6589442422041664
new,-2.112943836497922,0.2025028481560447,2.5276153543131663,-3.0522507557498133,-3.2187114524651834,-4.8687921972727795
new,0.6582840792867839,-0.23189716945581684,1.382541412020481,-0.31693309687178417,-0.4080091270267813,0.2527313129940354
new,1.4208628373319363,-1.9485520388968298,1.4863212568496564,-2.1218626653855193,-1.3095912121007305,-2.31671492641187
new,-0.1522962201323398,-0.8494346575015479,2.220061185935409,-1.7324999911518855,-2.5060078279426827,-2.684557118326025
new,0.019078203150156067,1.0957031640260089,0.6964608074342918,0.4236297839738963,-0.5181411974902059,-0.7933390836069094
new,0.020564933953770247,-0.16624206627168925,0.6478602517604449,-1.0407430604447483,-1.2737164837313126,-1.0373692619554087
new,-0.8302386296100911,0.2581917846384616,1.8887141337272078,-1.4914887211510186,-3.3274841480015516,-3.408625311898718
new,0.577375353361853,0.38132265531294884,1.5088800343808546,-0.9193472202149615,-1.4901249649300121,-1.1850689574682025
new,-1.0870985023655815,-0.3361031868861577,1.199207891418173,-2.232342974353418,-1.9453866812805918,-3.117202190548573
new,-0.5643356511351967,-0.9775588589563211,1.1321402777550764,-2.1298268243432354,-1.0664220556540647,-0.4415855427136557
new,-0.3273997945128369,-0.8712027205389148,-0.40438400112447315,-0.8237904784305573,-1.256918192099858,-1.33311121241741
new,1.9254723418828754,-0.2683071835193252,1.0763645610128283,0.06927886959432966,1.1051994362308852,0.17039161789077129
new,0.12026540086217209,-0.3536917539085229,0.4839282801985956,-1.593786100921258,-1.200920591203019,-1.6377307560641825
new,0.24978168983519972,0.09078009547956378,1.3661770707749403,-1.0591771578133211,-1.0703193937391136,-0.9142734757301584
new,-1.204368208074103,0.624527463267929,0.8635433410957604,-0.9946905727922142,-2.020955765231725,-2.1176759923912267
new,-0.2983864044340563,-0.12142389973481976,0.07974807513945659,0.4946358592205703,-0.1983078472104516,-0.8778959136681552
new,-0.5628128897532619,0.7153435165095547,0.6964774517655594,-0.10936181694763164,-0.9659551268399069,-0.6226578938391716
new,-1.1624472417539402,-1.65890070307511,1.3194186231784573,-2.640925815949873,-2.6151263778393563,-3.7443135840000394
new,0.909148251342214,1.2530095963036572,0.4936092152356108,0.6978950269107222,1.419527621049541,1.5281818393553515
new,-0.7105123059176366,-0.540884751880033,1.369321028983562,-2.2793276814301264,-2.664702409182699,-3.108940989357904
new,1.0716197443898434,-0.2686223593385857,-1.4931190574755666,0.416488300852765,1.2032914799294583,2.4659833799332516
new,0.42294524714429305,0.22402232334685224,1.3931614154995309,-0.23753173065360683,-0.12943255348147842,-0.12624266472928192
new,-1.535680089911598,0.6388237755875559,1.4021183855506765,-1.0677456580342903,-1.650032552175933,-2.8873177968083388
new,-1.157540518943964,-0.19330380396382046,0.49263749548220936,-0.4166894896648552,-0.4311253612437186,-0.16181653820501407
new,-0.2446970806848497,-0.3637281718357799,-0.8479689716635402,-0.32848826090078875,-0.5312382483430622,0.11513452659815859
new,-0.22780183290565276,-0.6840636744086022,1.5282299230515957,-1.081522643686276,-1.8927404906003038,-2.3046770249008737
new,0.04187630026914205,1.102298840904784,-0.14581133094491594,0.5638946465658725,0.13824803074286035,0.6823748791740054
new,-0.32872339099043263,-0.7472596489314371,2.2261402154169474,-2.3398324425769315,-2.685141936789419,-3.0885464171637294
new,1.319174699585042,-0.4867913489816964,3.3707541244271226,-1.2618887575311426,-0.9185803285374412,-1.5405408295403604
new,-0.27042173385639023,-1.8196689349985042,0.8949963760845746,-2.101468807671998,-1.4586412990075728,-2.6018025775434457
new,-0.3451500019017114,-0.6852645946507229,1.1806584591712044,-1.7392135273977818,-0.41825677795036476,-1.092143395464404
new,1.587130459847955,0.7582534208828895,0.8794951005399244,1.3491632397322344,1.587835727389898,1.5568387537169108
new,2.056993762059764,-0.7635139070314321,-0.23139296025154965,0.2918512344153639,0.5185791555052885,1.7685599198701976
new,0.9477258341449506,-0.26839686366824655,0.8907092933933488,0.1153744601242997,-0.23627034100659822,-0.07127394542102303
new,0.5138499673378532,-0.6831619619818865,-0.6101731341403865,0.5431770034106669,0.5922134803932478,2.184782698303307
new,1.3079450895069946,-0.6469302052743358,-0.9964311116764203,0.760584006256273,0.6410984659290436,1.4289128429612892
new,0.43773342531929266,-0.3109393700659937,1.814717718184368,-1.529896782284737,-1.3199151136535914,-1.2825168950393384
new,-1.0048054396395152,-1.6892607771333905,1.6487684880535816,-3.2230382213933466,-2.8698438026087443,-4.276401651939383
new,0.8780562220379818,-0.2835285833784021,-0.5394779049270811,-0.35647689857645914,0.1563560736490699,0.2753286094404133
new,0.6418251334806885,1.5753285636417063,0.15502205742030067,1.554092747428096,1.8858037316629543,2.8608225680714994
new,-0.17485751058290877,-0.9190966314786817,0.21288481679481902,-1.307582848784341,-1.3982598849755967,-2.009516651034228
new,-0.28872957045741715,-1.0311314484281722,-0.8690651835786439,-0.903290963224623,-0.7964256777005994,-1.0491210910178221
new,-1.305052529369692,-2.5138307229697623,1.131281690609685,-3.1210315899573047,-2.751673575693934,-3.859051664111334
new,1.0624473571640904,-2.737163148947208,-1.918578204118885,-0.3170105619292616,1.0104945447345688,1.2103185789216022
new,-1.9418553575054351,-1.169175353983193,-0.6187522514586169,-2.0542507720142806,-1.1655615045414511,-1.2583377824434674
new,-0.9717579683203776,0.08121598016358722,1.2243011118544413,-1.4442927806838108,-0.9537065929742602,-1.5335500236568782
new,-2.108465016772353,-1.5738003808559915,-0.023058307847793058,-2.165665782421539,-1.5876551785034587,-2.8277228186971515
new,0.5977448213639542,-1.5998440171552697,1.6201515149990757,-0.7684986752831682,-0.9469221081027968,-1.4202832513728327
new,1.7259354848142479,-0.539299311945879,-0.23835413501701486,0.2666640490764532,0.5729272853454189,1.2950553129421531
new,0.263194502646409,1.0241019509058706,0.050825053895285355,0.6444569344716309,0.04752957926956747,0.80890772882608
new,0.7287306015994534,-1.1998445609703718,2.0819233081829496,-1.7147648813721812,-1.8216171280447728,-3.04981324031137
new,-1.1682884468277366,-1.8859771701344505,0.1714679156561545,-1.772285393993243,-1.8654615443015314,-3.0063410771186807
new,2.0458648759623816,-0.1900825661888697,0.6053702488374041,1.1200411543776685,1.7081687287498064,1.6935583710184439
new,0.049936059984887406,-1.1227502615716427,-1.8892666816094383,-0.17593383861553924,1.1642148429166608,1.3406052524084662
new,1.098060521298063,0.4424767660446297,1.6334586016459884,-0.9081750911233364,-1.207456064036502,-1.5745703770799606
new,2.350405659265882,0.2532988324187643,1.538705867870549,0.8702012123476969,1.2553895229678278,0.5100714800360154
new,-1.2247592569398122,-0.9412132598589322,1.4940472732276313,-1.652075649496095,-2.185267134637418,-2.8905367384229885
new,-1.2453020224144309,0.8753242737153433,0.8284021699315306,-0.7340213339038824,-0.8518600899181972,-1.8343485182462351
new,2.2674171045160585,1.365328952270966,3.40038545095777,-0.21536435739136706,-0.9277265918594901,-0.9003804321650193
new,-0.12090457547402837,-0.10567575295653298,1.3314949613246552,-1.6817028007591737,-1.6322301455335106,-2.316026388367861
new,0.23208595393539305,-2.354208734027951,0.12081789272366295,-1.9250719543219912,-0.3212712200449358,-1.3337526959517232
new,-0.709180783342414,-1.8918794677022197,1.02487419555062,-2.595015883439829,-2.776321382038901,-3.4474173970841666
new,0.6665527910506829,-0.03857886562460855,1.3494835363484685,-1.1811650925330235,-1.5408120342958096,-1.9567932110576747
new,-1.0938666071646825,1.2331184690584447,-1.1915447221828583,0.26281814733420733,0.32622587417374177,0.4750546103303702
new,1.2412061204745417,-0.8046194058633389,0.5347824511166535,-1.0575375310326731,-0.637837392850297,-0.6479428275972181
new,0.2967243114961194,-0.8061027752384109,-2.6181646505760945,0.18501056265632543,1.466570219668399,2.4195011471130967
new,-0.4889435078285134,0.5156703218441292,0.9415638263137271,-0.90690616466729,-0.9207098148794992,-1.4603836778238077
new,0.14109834271322053,0.6646776462389208,-0.48214797462421755,0.4237015631637758,0.6538157845265566,0.568598954314333
new,0.04900252639046916,0.15694910278890017,1.849603468676615,-0.6689628857693977,-2.020629758229987,-2.1420552145077894
new,1.0759369515935666,0.048449050363176704,0.4509576198966468,0.3142630725732153,0.4016334087972797,-0.32415646897682526
new,-0.2125320777230748,-0.4950856535957054,2.589162173926178,-1.6338018272471668,-1.4134175769229813,-2.8377340721219335
new,0.5517768952528636,-2.1320585442206346,1.6619648221374317,-2.158094488213786,-1.3875680395477108,-0.8216121324965748
new,0.7358434860599145,-0.7959864081802758,0.130289659142379,-0.1361793512683504,0.08895403792081043,-0.08416393154244281
new,0.7260597855524165,0.47670934324237835,1.885697632450328,-0.2583188866459844,0.5657154035265028,0.6467640943709014
new,-0.1340694568189018,1.364687499396959,-0.675305415987021,1.172236396886404,0.7165328727027345,1.038047835701923
new,-0.07830461883726002,-1.8483196602781258,-0.4401383803477815,-1.8326953451211936,-1.6176920000148103,-1.3545172543868462
new,-1.3343836563251568,-1.7517973815833288,0.3810642003908328,-1.8360601731814472,-2.429853122582373,-2.9174689396961138
new,-0.06785420015934839,0.3323379500895721,1.3126843748349746,-0.6422489245062686,-1.2605852622862859,-0.6413560047624596
new,-0.4738336112677806,-0.4143106480387154,-0.8376165206155449,-0.7917532314070626,0.020429344961343465,-0.03510895021468277
new,0.5599828003783105,-1.4692011778192677,1.1589805563298956,-1.982246090204194,-0.9310287358249996,-1.7903592087328002
new,-0.2222890862302105,1.4099247871093663,0.5014872316720254,0.5979160740929853,-0.28829762219661675,-0.5952060745756235
new,-1.5475259802054686,-1.5486437932808035,1.5569469268887555,-2.694061322394457,-2.809135888517858,-4.212978142956874
new,-0.9425716760532985,-0.12083424971349893,2.0867705473711795,-1.8548959680563566,-2.0138522744613563,-4.125711240742306
new,-1.6712355535980743,0.0821057241466292,1.1246216182675357,-2.3240172421246417,-3.137475067193349,-3.457263962466212
new,-0.08550244410004716,0.8063605631912485,0.7408328135914476,-0.031447226475449924,-0.9541122525022461,-0.9509783557422936
new,0.15523031495338302,-1.1784661208661609,0.35586621760902076,-0.11165986451390308,-0.2454900768685433,-1.091672151311883
new,0.1620683001958122,-0.6181988792720878,-0.6114934642598865,0.06613636468365486,0.22686769999515144,0.4384959829672095
new,-1.2894135547177437,-0.3657841968056945,0.27708597922631045,-0.552532343676813,-0.543527970914726,-1.3564469877154668
new,-0.3003289332938264,-1.9695425681606966,1.2579120649891138,-2.8967583857873604,-2.7685379444762646,-3.504481000681409
new,0.8908221116566467,-0.6774299282003224,0.13285528266212177,-1.4055262406067495,-0.38133384096996475,-1.5767189268604929
new,-1.468450137094857,-0.7147070752993527,1.4018434972128884,-2.9673684190872174,-3.7528123829701743,-4.99987013893601
new,0.3270076492291121,0.6571919999577001,-0.026835493881631423,0.9180079538217144,0.6398189801006753,1.075891299098649
new,0.288977004608891,0.1946978700727564,-0.41084075918963403,1.0742664238746746,1.219233696021297,0.879548265595512
new,-0.727424443254033,-0.818194022815057,0.33618681605526146,-1.7356809550384984,-2.191912970826345,-2.750388625132431
new,0.4475188471033988,-0.9096540506346888,0.5442333415917446,-0.9253333007181433,-1.7322110366310448,-2.1522407372220886
new,1.0782210549090916,-0.7276330536702772,0.9664608772025205,-0.5238552202008073,-0.7961499042825624,0.20187761809558602
new,-2.187146598332643,-1.8522148198278536,0.9411907131251452,-3.260669950262786,-3.3055826338448147,-4.375587409806206
new,-0.7994739199139617,-1.0827382694657963,1.5756475688069806,-2.146427601742075,-2.1846843852175595,-3.358434591887997
new,0.7777370234830214,0.583697751152616,2.087129626399571,-0.47160029379002594,-0.8471711553768024,-1.301532752008391
new,1.2497834061657251,-0.06301436282708744,2.665042597564082,-1.0146613902740378,-0.46815975490219974,-1.1941034701584439
new,-1.592665914131463,0.07600455055945654,-0.6092732363083658,-0.9366469151852894,-0.25789748687141845,-1.0339386396794588
new,0.4471981731577065,-1.4619080337759311,1.8726647432219141,-1.493734823370215,-1.5732430898302852,-1.0413994118012702
new,-0.18101659170529244,0.01122429581832296,2.495740554506088,-1.2225071257274365,-1.8042006212011983,-3.6852304958067257
new,0.5712970797592665,-0.5306350410775887,1.2685492976286725,-1.2246097892380816,-2.1333314401403296,-2.336586212737436
new,0.2210945991179568,-0.7912167261749921,1.1494219729825492,-1.038783104535054,-1.1315677310896353,-1.514759627228093
new,0.32555312406408193,-0.27046043239485956,-1.0376236597946318,0.7141301154103834,1.1849689426637784,2.437627059395755
new,0.5457939644525805,-0.6446371708626526,0.17456812714793435,-0.33613008120648286,0.38145219210406567,0.5957418929472365
new,0.4245060060142097,-1.1949196208964705,-1.7215810275808918,0.15660692940927434,0.18131740468991464,1.2758714274907899
new,1.4642500560923615,1.5142417112644668,1.9438383080224648,0.9265790178115825,1.364346035844898,1.0412953172920458
new,0.03125353321926448,-0.8971540409184533,0.9468905420502899,-1.377332395363597,-0.5264835602903174,-1.6176556303602714
new,-0.2514564299680878,-0.09380172605093295,1.4195644138190182,-1.343130693420787,-1.3373651090346292,-2.0121874014589856
new,0.5106719954200252,-2.7360047853735416,1.368498162161603,-1.8501542247504656,-1.5988789180344416,-2.4309676213887803
new,2.0458620766173197,1.2630060954613993,1.5124101871048172,1.0105030419047747,0.6773668384650411,1.6986871605862082
new,-0.27164346768903896,-0.869088764818015,1.619766529555191,-1.7093659163577133,-1.3283473739433624,-2.1553227169339277
new,0.9448369856224001,-2.1046019827735423,-0.35256699160007676,-1.4050008778613154,-0.1358443753724476,-0.610485523421522
new,0.49953515437833274,-1.5203075124322296,-0.8164460760665427,-0.46017366998290876,0.11865543107088923,0.31065120278341773
new,0.6489891970794287,-0.8208296963353136,2.0344666821229827,-0.9547604786028511,-1.417987527617623,-1.3333548604392658
new,-1.2526837038921192,-0.3928914770481554,0.6961585829032635,-1.0148200739731559,-1.5577622945339589,-1.6716837600855017
new,-0.250884985582767,-0.7241530949383438,0.5669339064979353,-0.9181936837308917,-0.2381046643742598,-1.330353927817241
new,0.8586603009014591,-0.9597290092842884,0.8976477829701769,-1.3545515395458743,-0.527243705312908,-1.9091988910290327
new,0.2552057579969833,-0.6535188694565967,1.4369371037135474,-0.21118158095410955,-0.23320166706113687,-0.2487403428083258
new,2.141569336392788,1.2781964377924588,0.5497382642296433,1.6475774477738132,1.4881385467044996,1.6104294498687128
new,-0.18124917152319803,-0.28774353100071226,0.2769210279451414,-0.3864760079522913,-0.5934039768442556,0.8922295084437424
new,-1.1724636705128035,-1.5374775152060365,-0.1210924771031483,-2.316592319208564,-1.7672054910151203,-2.202879384320365
new,0.6755084293252764,-1.834405269400256,1.6294827295918168,-2.025544673703277,-1.8933602192321497,-2.257058219413944
new,-1.0944566986956141,0.25928893054683155,0.5955152717769389,-0.8124450766407032,-1.2981732857201407,-2.204708164179068
new,0.699042765012221,-0.9130044261072969,0.1655083999386271,-1.0070235708840605,-1.2174398301569944,-0.13672364089556288
new,0.26756861448574565,-0.4529227035613013,2.2117892964608834,-1.4919514374107143,-2.483005820653866,-3.0212561206923914
new,-0.7538516703237828,-0.5550910908039848,1.4968974501630674,-2.177180054927877,-1.8855050911949902,-3.5397942658334003
new,0.19207664682337655,-0.36074118935511357,0.6595489687564619,0.1842112061043092,0.1363633696132414,0.4806634029660026
new,-0.9463511095061725,0.04430834694435182,-0.9345136904623431,-0.6051990094975833,0.42688720610663516,0.42086255525516725
new,1.6392510675995973,0.8111213777162294,-0.7641532144386401,1.8465517693933886,1.738157479272941,2.4610013387084173
new,-1.1280454690454553,0.7171334358177843,1.1555387434763262,-0.394906583583719,-1.5936325167942893,-2.0860222510893394
new,0.38337419227149333,0.1124192494654157,1.2400059006525144,-0.9183224533153396,-1.2019278069377066,-1.194232287894118
new,-0.2699472200585003,-0.5010743101458206,-0.5728167028656351,-0.7483437386822765,-0.5140775029109047,-1.257028934238019
new,-0.16513044657664433,0.584056527498237,-0.5917749094911423,0.15227584648257078,0.47815240775766815,1.405680651921738
new,-1.3305695567088485,-0.27642092795286854,0.9439916080604802,-1.0785178738024233,-1.460977156183459,-1.7099154833538293
new,-0.1766205743461159,-0.092115432742498,-1.2564014625659077,0.22918024721807628,-0.3051811922306561,1.0771927665191259
new,-0.36801393525849063,-1.2175585470287396,0.24983399006592644,-1.154483969721543,-0.9189111647733925,-1.6977041768753671
new,0.6947067453832523,-0.4332004968761137,1.0470551223354705,-0.05721776072712015,0.23474719088275162,0.4388680968395187
new,1.0668395771225985,-0.6420336940584966,1.820263589198305,-0.9107451011315821,-0.8585248847769757,-1.0053050441591331
new,0.07676246323294979,2.552382255788121,0.9192803415504818,0.6129721836505178,0.34355731093972025,0.2716341922272515
new,-1.4890018750636351,-1.2210425614444624,0.582517169766773,-2.9294983561314587,-2.4516725176229848,-3.6771567465440214
new,-1.2081621830380227,-1.2306135077589448,1.0100391533493034,-2.3563743575945444,-2.5636969900346562,-2.99093396185451
new,-1.2161694131643195,-2.823606063300426,2.0216366725459025,-3.684772188959981,-3.4671984584325584,-4.917217671065962
new,0.42843618478072937,-0.1949284954665994,2.1059221608230105,-0.9728466050767877,-1.2713810056396444,-1.917960204742821
new,0.4552347348894363,-0.8758481450898531,0.08932756229904126,-1.384694816518357,-0.833915902690357,-1.070218463178353
new,-0.6888718196869306,0.079101565297644,-0.013973508230696652,-1.103115757247651,-0.1313002358651031,-0.8630936681896011
new,0.19339518345575335,-0.5296051766099157,2.03163406766017,-1.6528842074522525,-1.71020584242346,-1.5683655945549748
new,-0.4209134339752456,0.29160001037347794,1.3408239479602828,-0.18566079803037583,-1.3080125453893912,-1.3156714560377902
new,0.13005685745382922,-2.5005288594195414,2.1201799522555875,-3.176883992272476,-3.3500206043300937,-3.2948015905697576
new,-0.05673676736393837,-0.2742339535909615,-0.6335717622734,0.4150543075715418,0.25396570100759425,0.36887572012616227
new,0.7668241460007597,0.46225044616754407,1.1783006639340914,0.5316303398148193,0.3101997931187027,-0.31225240702299195
new,0.13777337491398658,-0.9926733277636679,0.6306239001867763,-0.9110336839470515,-0.9672370885713732,-0.6544801792819464
new,0.2281835690928058,-0.11063808706367101,-0.38423404153488294,0.6321375665129142,1.1469537454935095,0.9417293037971792
new,-1.4047558712468302,-0.3116653172313212,1.2498324343497402,-2.6133467685029315,-1.946918785569674,-3.7634355739229717
new,-0.8114791908427053,0.05559343660051075,-0.9833585092878038,0.8486128150247078,1.5087976045512521,2.7676358744698244
new,-0.2092412947515187,-1.0730503810661873,0.908545151014361,-1.839331105715852,-2.0758965490906354,-2.195572402664472
new,-1.5201239319894742,-0.5540276732700151,-0.6305530315484983,-1.0566846443105327,-0.9460016053574827,-1.6520345126015727
new,0.29287953884901474,-2.701446780284831,0.3230740877952455,-1.811645067796814,-0.658900438938304,-1.0858149662037535
new,2.703740067146073,-1.4883086734854083,0.8378573699771522,0.8720549964188973,1.6592718355235259,2.675564561494159
new,0.10368433294797352,0.3991246624261007,-0.8030178156086681,1.5796948311166914,1.5791857871508743,2.2536770224587626
new,0.37640531994871695,-1.5193540081100534,0.5380038665084158,-1.1414408879763458,-1.9731840159529623,-1.4684201770096508
new,1.023822265223042,1.5949641296561172,0.6022292103380661,1.3090535518966764,1.0486283070967666,1.3369648694762808
new,0.9209474373354778,-0.33385502054350813,-0.008435029259364346,0.292843555899139,1.6025781647707262,2.563727118364066
new,1.4233741863971785,-0.9908162939289654,0.8565465690092602,-0.12130043976209715,0.5056655365736946,0.15163586065242385
new,0.6250052183793936,0.5126167853704817,0.8651302697486618,0.0009325757053539815,0.003989391777491774,0.005870032849049633
new,-0.006811992091905375,-1.2102714984871996,-0.6738466700160145,-0.8280908064988344,-0.6179253213361615,-0.0540798092615713
new,0.1511936863048668,-0.9886126767317996,-0.48896597577816225,-0.8444814507806331,-0.39366635889857654,0.17025508051846883
new,-0.10369113451984362,-0.13808966532652278,2.959658786190866,-2.073089220075459,-2.781783135853265,-3.9197898683487584
new,-0.36239228346033436,-1.36049292605652,2.22403700712034,-2.9961692183018753,-2.050175224579979,-2.6890946109798595
new,1.9817969037679364,-1.6157522990955397,1.6051579763267174,-1.815765682784263,-1.3392116755000614,-0.6846398370066209
new,0.4507848915213918,-0.43575489666639794,1.160387045470883,-1.2343113056123256,-2.1010813857185364,-2.8055461218029403
new,0.4652066730704929,0.676064276522975,-0.20636832200353572,0.9005357104827307,0.23379856400662935,0.1770494589908993
new,-0.328191472777259,-0.9945480763875773,0.7361107689847145,-1.0736365405077741,-2.159330762335835,-3.256819363838007
new,1.417970339535278,-1.0601064865040164,-0.4235887669985433,0.6043974150724103,-0.05279125539579188,1.7273502215071388
new,0.525262936536935,-0.9715587359573299,1.028336039677262,-1.5373536617304846,-1.6557713343455707,-2.01032919254954
new,-1.2750233559048585,0.5729817185770936,0.3723733713076913,-0.4420037206028167,-1.1790522114359776,-0.6059065904427864
new,1.654811099065445,-0.03270721786253372,-0.3609252712891141,1.0516798056556649,1.2660442223326083,1.5355850415050254
new,-1.0390418201886225,-0.7193374507324202,1.7859697485332262,-3.075413664176674,-3.255373673586806,-3.769433459952271
new,-1.6881460401404744,0.5050634380324592,1.3132719137414517,-0.9556912732388207,-1.7120933886121223,-2.5203948707507995
new,0.042032660904319216,0.25067408902060195,1.7017941151932052,-0.9124072451275571,-0.6767116940877652,-1.3862744762374746
new,-0.019445562634548247,-1.8062983892924325,1.529006948570322,-1.4848625277901064,-0.9817632397976626,-1.2390579051573951
new,0.27567792612624625,-0.2476804786044971,0.5491422102597786,-0.7178607602304959,-0.4076346773027903,-0.7225728204518502
new,-0.22606186717034749,-0.5217644728019969,0.9030531394163075,-1.175973377298628,-1.3247173465522861,-1.8168381369788078
new,0.48153569308400673,-2.204702570129535,-0.513731558112113,-0.8523550357566962,0.42095751676954535,0.19638190621057
new,0.6949945331110317,-1.9662865476966445,0.9755141790381083,-1.8844140347174183,-1.5960449391022813,-2.2582630568086337
new,1.7321954576476626,1.8418355113501057,0.5620597262592241,1.007707354925508,2.042521485625011,2.833545036183732
new,2.043834003810247,-0.1511997917686687,2.1349522896340702,-0.4005353617362733,0.21002611334416277,-0.25981995489002935
new,-1.6378435803410194,0.08684402732105012,0.8102710090843797,-1.5480425685353116,-1.6410850476469458,-2.6566933854661756
new,-1.115391319896138,-0.1827834449681059,0.8790361342741102,-0.5698048739153277,-1.9923273964810762,-2.9099233043807144
new,1.740640198634727,0.08129660729961519,0.052404894937324475,1.209152575026661,1.1144362181197343,1.8035629882318485
new,-0.546934139214089,-0.6729910058199611,2.5907009392642704,-2.516426280246556,-3.3181418698538225,-3.6646585726388796
new,1.5514029543242878,0.03396968021410207,1.0797479627388888,-0.6615712634148201,-1.0023205324117677,-0.09180815736215575
new,0.20060148416371348,-0.8111394630240156,0.7461996924067056,-1.2153307109030367,-1.3241259481961305,-2.8605111833805554
new,0.006255765741607577,-0.6043425461007064,1.6108282488481604,-1.8231611688856688,-1.834757841146718,-2.066731211908432
new,-0.15370536206124252,-0.3580695546512158,0.3073637558372962,-1.3669088034173804,-1.0790506719058193,-0.4780519729268833
new,0.35021921160418956,0.1875462144314749,1.2262317675824224,-0.5128864964538058,-0.3935027631447021,-0.3670559309386477
new,0.37078380242067055,-1.3358917214594945,0.676720683234686,-1.7500106759807696,-1.4045477148758276,-1.336744956179556
new,-0.5397318690926522,-2.829595948678616,-0.5307816957837611,-2.5517802438350863,-2.1850862968431395,-2.3129579267992875
new,0.7602764161966186,-0.26333883540221026,0.6090113805938344,-0.4157578972622008,-0.05289712160435564,-0.5199714384704555
new,-0.9386698373696851,0.2517324182068742,-0.13217825402421213,-1.2467035047011388,-1.4791083947321526,-1.4116149059158452
new,-1.0370846370626159,-1.064543011534896,0.4907364613926998,-1.4974485983821628,-1.5279671505624377,-1.9941798705378497
new,-0.2775628892290734,-1.5072975401174635,3.1347797287436863,-2.6898148008675116,-3.7688335155258255,-4.489912353071333
new,0.42724161940844846,-0.2694224343390157,0.3389721234711365,-0.4088228652031442,0.346950812414738,-0.55550872278659
new,2.1632104263227836,-2.080580199444827,0.05360878964998439,0.13377007095804105,1.2979820316513018,1.7216414139373049
new,1.5040907943917177,-0.021088448404040894,1.311057263008842,-0.014320977926096018,-0.2709313041595192,0.6744475703755871
new,-0.27322957977279005,1.2228241776267197,1.2274276761475869,-0.457559172326663,-1.0689753991480173,-1.3860358728406106
new,-0.32072143657315927,-1.5073193595175867,1.1293701209560194,-2.226047223856182,-1.7044093622197547,-2.156586498486483
new,-0.28863659610092207,-1.1306950472768302,0.8940656908195154,-0.5967585168397642,-0.42329792445459613,-0.8473620085413638
new,-1.015363385988615,-0.4564795213969783,0.758847447973315,-1.999396093944509,-2.4684078804448037,-3.095399270085378
new,-1.272089848728146,-0.9437894752703222,-0.6448297294980657,-2.036543378216749,-1.6678879151601809,-3.631125985319331
new,-0.007699708344745489,-1.8169935530530505,0.2228465982938696,-1.855163678936596,-0.5442410798152378,-1.6005519899248164
new,0.7360797869069746,-2.4715561876332837,0.7517238115412546,-1.5197092642136216,-1.1311018591763864,-1.2147355350879006
new,1.4308672070869832,-0.7163185163207255,2.2458420209066565,-1.3737139782551262,-1.579998281304674,-1.6984854974943493
new,-0.8387601711822541,0.919450916418221,-1.008829481059807,0.3707759478289431,0.0649839955822954,0.36453150044778704
new,-0.9198870245351709,0.8898427986803741,0.7309898607681957,-1.1125605545300497,-1.0388130527375556,-1.9048672819256578
new,-0.9499782155406291,-0.006602041405100456,0.21476648931628134,-1.3347680142566913,-1.352773395159185,-1.8962738576124638
new,0.4635541273992079,-2.652025697069977,1.1205476862843924,-2.3301115911911636,-2.447726881283553,-2.63826823219791
new,0.802196134308503,-2.7272645033368743,-0.1503439001954261,-2.598300978517038,-0.8809311566756162,-0.3906539259111259
new,-1.6732992813267256,-0.13672424200736172,2.204083110804895,-3.4553757638003675,-3.6610678176404217,-5.150190830059526
new,1.2440603355814686,-1.4087136866759304,2.1688695040516257,-1.4211993955465416,-1.7725288551908143,-2.503824322307674
new,0.5559777865088367,-0.959799250721235,1.669268282511184,-1.213224689738246,-1.8068800781982721,-2.3532092088407937
new,-0.3799601485615902,-0.24349823834475526,-0.25696204782017074,-0.4247226725879143,-0.9555775640078039,-0.9760395285477798
new,1.176993386349293,0.44777234713345715,0.5738628585309283,1.4021998304022452,1.9017789661010414,2.1192292308770093
new,0.1723019619019424,-1.1921102006338156,0.5503666565860137,-1.1852637927891523,-1.4012976852766554,-1.8154696204762946
new,1.8785753495907074,0.1388781698748427,2.832275369308289,-0.45372541381382686,-0.1105550281636768,0.038702947522737174
new,0.8178767006703007,-2.2587034156368233,0.040642921339006155,-0.8735230316796103,-0.07190547974677053,-1.1318106404744455
new,-0.15486993555872558,-0.3653050548742072,1.0588025898516782,-1.9061279466387233,-1.8290063655932813,-2.8275158356956958
new,0.6862881978297994,-0.18580874345888337,-0.15160165653180013,-0.02337175153308453,0.10811028804010864,0.5420583963317234
new,0.6580044340436588,-0.6580999742732473,-0.12645128422536256,-0.3516825224378644,0.20559086425604367,0.6079719045392026
new,-0.12910649080058417,-0.09962668723457713,1.3926862566446827,-1.0211991111431882,-1.24383208985419,-2.6800416288314413
new,-1.0154861621116449,-1.4095435617156853,1.718192828705114,-3.325179123091333,-3.758425972742021,-3.150553037067594
new,0.18185590222041337,-0.2950698491800889,1.8193263896248588,-1.2494646351651522,-1.9046424919172822,-2.381526983133543
new,0.4609418867289222,-1.2840554500960806,0.2189635426871197,-1.0417662196341508,-0.28621636703530745,-0.3912457106649771
new,-0.8537492233992287,-1.575342778927467,-0.1994047037560206,-1.2754087078848735,-1.6612784458492773,-2.7910747822551674
new,1.3949494760617138,-2.05006974344892,1.2080411079407671,-1.3267814063742303,-0.3422281309014241,-1.739136411022653
new,-1.3746439282876284,-0.06359970522190167,1.071879436076605,-1.5128348942103425,-2.2237951422665776,-3.101932472435209
new,-0.175925440911821,-0.7453190044169282,0.10088919891569026,0.5057375578305024,0.19627519789109074,-0.184587272978181
new,0.10707601657352993,-0.752535987661847,2.6689581581924315,-1.3002558381353935,-1.5456396022005587,-0.9479952147145809
new,-0.299731427704615,-1.9244468005470448,0.9140379217755453,-1.988896886730379,-1.1788151279132548,-2.3068774300067663
new,0.6015627376314694,-0.2710907412213248,0.2736177356023315,0.1861094412913067,0.6835345125554493,0.17191945106630735
new,0.3285653045787775,0.17162276244983898,-0.5835557157747936,0.36717830279025143,0.2283661869048212,0.426662291384807
new,0.048183778314841344,-0.21172589880792536,1.050408984094068,-0.6951061914106893,-0.3866900755595714,-0.5105537474992261
new,-1.462772333711136,0.44949344937317004,0.6733754746793654,-1.2522121062982596,-1.4829468042596818,-0.37100341696163697
new,-0.7187020231947556,-0.6641654230311809,1.7849640200826151,-1.422219163856934,-2.2116554314870305,-2.495480458997173
new,0.6393242943013636,-1.1581996193019544,0.45673379948825615,-0.4117636821813797,0.5766779312915101,0.3777479339474684
new,1.8210317308479256,-0.629947818521373,-0.6024791047245525,0.08612232311164059,1.1445347847309233,1.199813870966262
new,-2.2518464028425162,0.5044548937016233,-0.12544687936659116,-1.836668818229208,-1.4300786304741324,-2.8398062672092257
new,-0.22551136710528402,-0.70991748305618,0.5103819197879848,-1.273695501468563,-1.1677602027839578,-1.2948725673868804
new,0.16197178511977417,-3.2070420449800388,1.4567996310084514,-2.6743225921861034,-2.51793668513105,-3.434250989524444
new,0.1568800661212764,-0.12636307276969377,0.13981664972650043,-0.45692777134200735,-0.8970284872179821,0.054933215500268306
new,0.020405405097843433,-0.6642652819029353,2.32084177768006,-2.0506986858307656,-2.153568700257839,-2.1377320855692514
new,0.7950668869631357,-0.4587694511103497,2.9558008052021933,-1.9328170076601277,-2.90643725030294,-3.3369392585856814
new,-0.8072835306755367,0.611434330006722,0.3092159881751108,-0.19361000490101038,-0.4406091946295059,-0.28459710411425687
new,-0.1351621135936416,-0.7819564180027162,0.8634707386986793,-0.9723590586283284,-1.524298417246675,-2.2298818512312555
new,-0.4524391041591223,-1.192347864042142,0.7721059221098636,-2.251532225708943,-1.8275498374474464,-0.7301955540518266
new,-0.767623146360795,-1.667388311728146,1.8664161854987924,-2.335050968152454,-2.499118235484377,-2.351002913492083
new,0.46931352085351763,0.2363803086635966,0.2264231273165092,-0.7820558155428723,-1.2400337771940304,-1.3313221050720645
new,0.7985681562515596,1.3386317836637025,-0.15870275282410828,1.8196361001378247,1.2578105472233,1.5666817402181958
new,-0.454656032549223,-0.4907619476342697,1.0585734185118647,-1.3986717085906197,-1.3731781400310747,-2.0397768288553384
new,0.19729991341511066,-2.471695976874442,-0.5078068530922689,-2.104256790388513,-1.1474658076979745,-2.9162205072373206
new,0.12246078715624854,0.14586915520275934,1.9678761130022568,-0.4915373367399999,-0.5260583583363669,-1.4431589027119611
new,-0.29179787316689915,-1.1731493119860827,2.668246575601285,-2.1341895409949148,-2.5300314912504946,-3.74308400814867
new,0.03891576689547357,-0.42319598146989484,1.6012093654739084,-1.3410036280724502,-1.6981706082451602,-2.1691874627946026
new,1.7830593844169784,-2.39331858381528,-1.6243428493543028,0.4183543249180045,1.879609558954869,2.6569688521300114
new,-0.39204164669451996,-0.5226831634065217,-0.7099800015445786,0.18836461955134182,0.5650930123519485,-0.00032604683642478705
new,-0.5262792230690626,-1.8977175191963802,1.9043324162086388,-2.039531459429074,-1.598032355305513,-3.381176074475496
new,1.1922863793826395,1.416909665712874,0.6281760594300361,1.3166805378825748,1.2248230323181515,2.2937177743104047
new,1.3754705837850367,-2.029155367440021,2.307271151204655,-2.2331222228998278,-1.9949175902416167,-2.141344617406619
new,0.7709085443936814,-0.22969072282870628,0.6798600054500433,-0.7442009975407743,-0.6032644145788767,-0.09960568822654292
new,0.05378443787215686,-0.17018164714007444,0.3620832800756054,-0.6668104170808217,-1.1930154018959602,-1.4856385546896393
new,0.24422740242289825,-0.708118405439288,1.3283591047408816,-1.2544242552157865,-0.6392157453516908,-0.9491531701480996
new,0.6318959925657373,-0.6849613162217894,1.5277868131147145,0.19169256989169448,-0.5275070858696445,-1.6898123381219867
new,0.6810346824590425,-0.2937560936060577,-0.8958634624438585,-0.0605949947399288,1.7819951352328984,0.7357665859121841
new,-0.16357646584536795,0.07084644906321591,0.25904311003745195,0.0471411659097028,-0.3018813781336652,-0.2835184756646171
new,0.6649707311883926,0.9378827041261195,1.3382067179116264,-0.4740907046657565,-0.5890622693116803,-0.032260071108238475
new,0.7462536715971289,0.3791545404328971,-0.1926278049844894,-0.08385196186364241,0.8834323485809916,0.5271655371956049
new,0.8385080128123925,-1.2275260086249355,-0.4544998562966952,-0.30445558949807777,1.2488760269883257,1.1310938533414705
new,-2.267975033699459,-0.5701083858862528,0.9860631954180221,-2.26545317936442,-2.4879510914729246,-3.385899146555242
new,0.4317449580419934,0.3030734091480344,-0.7977983271899521,0.7469227190862698,1.191705925893286,1.94258903775626
new,-0.6778832053888952,-1.5548714624527773,1.827789145084266,-2.3062883957817553,-2.357906145513282,-2.3942942500156885
new,-0.29631045667938394,-1.066725544721257,-0.014481809234101584,-0.6059499018726173,-0.18978690751129396,-0.6267040778591134
new,-1.2389402096232678,-0.09254728008068541,-0.7166233615998475,-1.5311230817020052,-1.58424477886023,-2.035430486219223
new,-1.5387960972263723,1.1074762640363947,0.19013626156659374,0.308444107857063,-0.9904864155210744,-1.4987423886748115
new,0.17999188373776503,-0.017226447033451553,1.0357722332927402,0.11575083376561868,-0.42787683145265687,0.029777218008218642
new,2.1431216964343953,-2.316276611375394,1.6347547291633473,-1.2923266897643901,-0.544649076073726,-0.7969585105932384
new,0.45706470977439945,-1.7963600425325221,0.7095277443629542,-1.0276786470883914,-1.2705305618601965,-2.088925603660678
new,1.169114889511082,0.158507537991607,-0.3573475403958567,0.8974078832858966,1.0340209790066546,0.8608375263191571
new,-0.7037765863026137,-1.9319346383628382,-1.987621784335241,-1.1188792276128563,0.2145926804678252,0.24903199793009173
new,0.9686964704095187,-0.682931505650562,1.0228885091393851,-0.6335214053876748,-0.6300815070167896,0.4411401742342247
new,-0.4631222775691914,-2.439586503078186,0.1394226018546073,-2.8113672955758333,-2.3178303233706536,-3.467865728062262
new,0.6831477532941961,-0.6572520344827084,0.27072966592236686,0.14581520060031627,0.09316918711562719,-0.030113664296789522
new,0.24480970358961163,-2.109244015478166,1.6266661325123213,-2.200276915293342,-1.9780060843159617,-2.7666777324249954
new,-0.421133956606182,0.04299269917909776,0.6336732392130857,-1.25284230167207,-1.933434436068741,-2.119545879741087
new,0.8274854166605212,-1.336704096132605,0.023755266780630335,-0.774594644192886,-0.3508050741995401,-0.35807954662555147
new,0.1752797904439165,-0.5594902898465146,0.886304768476232,-1.0676818744484795,-1.4132842577731135,-1.6177777858610103
new,-1.2015830060313861,1.5521614489560338,1.3671641573718365,-0.7047371591725073,-1.824909288624634,-2.7484971494868256
new,0.8405996444883871,0.9379376474299901,1.2614191010305822,-0.0999439723596035,-1.0426966741084245,-0.7432968847623448
new,0.007573400271011728,-1.234412219366129,0.5032950228144433,-1.3513965106164039,-0.8888369607252965,-2.253168972100378
new,-0.23707179060200284,0.02816408106450108,2.101836064169229,-1.8615370626497256,-2.6586436190136347,-2.0634024457534093
new,0.05052287509886519,0.5225187651240892,0.6872636319084566,-0.911319139548169,-1.0040723970587837,-1.7758991239819568
new,-2.7375147147265526,-0.49667815771654533,0.6609030592702854,-2.6724168747992496,-2.316343483976598,-3.9133146921292212
new,0.11064682518388805,-1.440839499373083,0.8981124968595287,-1.7293321710049039,-1.4781524910561505,-1.889492060565113
new,-1.3633547609770742,-0.7602154106225725,0.9602627132801036,-2.2392345317654505,-1.8826299940742344,-2.3300865158524555
new,0.4162352301089035,0.371622136495373,-1.7159942034056495,1.5497608406641712,1.542161476009217,1.8259404980273655
new,-0.47252131874480446,0.20141352997671036,2.3364429146920833,-1.8852210243157812,-2.2928619204357115,-3.0232464048799526
new,0.9927780123073537,-0.574150109473448,-0.10759813078237812,0.3586047338518019,0.7587266697347763,1.8865284350828173
new,-0.6627726250406067,-0.12738572606333237,0.5470910676136002,-0.3010984326854925,-0.4602334501846362,-1.2522546753210868
new,1.7212169016012617,0.7845505708497835,0.5495873808799433,1.5447309340688702,1.5557101115429042,1.8782833706064512
new,0.6994729310867961,-3.5243462240901664,1.9427941913912288,-3.6250692944458898,-3.0277828596341307,-3.682867380139235
new,-1.3201965679319347,0.12465818969512699,1.1125562151722552,-0.9623119731858192,-1.7749527958154214,-2.352546364880083
new,0.4103226399988065,-0.41415957833648465,0.8777846206780529,-0.6984813413940162,-1.2604248367018074,-1.2009336699422422
new,1.6496649365209686,-2.6075625973072265,1.3960431082873326,-1.0528436061381845,-0.670930396923997,-1.4172606765630977
new,0.649351266149816,1.5048423346544297,0.8487648222484232,0.4064951143370031,0.63604194565724,0.9589766733313121
new,-1.5548949323828585,0.17309640178618813,0.6443950568338666,-1.387532823293603,-2.454290550414006,-2.981061628616065
new,-0.1334009700410138,-0.16288892902806285,0.29373077472857195,-1.0104498915864701,-1.9535162509986397,-1.8965640705995652
new,0.6467522994463695,-0.48246042110160314,-0.31104734747549756,0.45646982127328173,0.3324547271206075,0.6818744975093015
new,1.011996126875211,-0.9547073895370222,0.24067776581410766,-0.0638481882603576,-0.20753566179556227,-0.09550063367362853
new,-0.42097973024557056,0.24294673898767105,0.24145875363770986,0.1198888716154154,-0.1763791065272125,0.7415383994256481
new,0.46092465740693994,-0.6701530505176732,0.5122105407571973,-0.8548286071879063,-0.14971161144402395,-0.8317146236356374
new,0.56428628765876,-1.9881514130277982,0.7708181292594428,-1.3074139584291589,-1.3355990015725918,-2.370171630033545
new,0.9982322620017665,0.43041077789954296,0.37900983925497467,1.2491129631097309,1.4202849982291328,1.776071633523727
new,1.2766366157492417,0.0032802644116080026,1.0935605495556606,-0.7670866217129932,-0.6623753961528984,-0.9084459401130667
new,0.2534035826743808,-2.1615533743139093,-0.28268793055429386,0.06291339700114751,-0.15288956546354354,0.3338760428353975
new,0.8960431147092471,0.18886935676316619,1.2124736294790477,-0.20623019287295763,-0.1332345322483592,-0.05952070389317457
new,-0.896498065981347,-0.696016412786783,1.8689414103968525,-2.0657348685730406,-2.4194468736624346,-3.5790072408406597
new,-0.5170723773601019,-2.350920296502111,-0.2513356458262921,-1.3296432871150279,-1.0900906180577727,-1.3746707585829039
new,0.2494852028655951,-0.9055056442540094,1.56016569897937,-0.5928440796072357,-1.2646964605313955,-0.6361532656690996
new,-1.1420765657300427,-0.11860378278175165,1.3442323963268763,-2.284033938147759,-1.8436530158943727,-2.8248671994613828
new,-1.196595295192165,-0.027322506442230554,0.0696625515665843,-1.3006790048405608,-1.0953596132843633,-1.843741274308295
new,-0.208796564781287,1.6288520232406232,-1.3548680684356236,1.227113115600966,1.9266312402556984,1.6662416782440133
new,0.7333703425414727,-0.5545197157779511,2.608926005340976,-1.6206769962331113,-2.0621691738509718,-2.2927571385697454
new,-0.3856171379317585,-1.7672383730998327,0.8203870426779408,-1.4147986534712114,-0.5950570676940566,-2.0312978892082594
new,1.64616583403005,-1.922306712526224,1.084928475246425,0.07219463719966845,0.2027009322914549,0.9384734845754698
new,0.8515342584204774,-1.0836777649833353,0.02933189075864784,-0.6818755982404918,-0.01994553034924315,-0.842470352610968
new,-1.2967305563310116,-0.3964113930342324,1.94886146291226,-2.229771668098207,-3.495626497389292,-4.419130999398111
new,-0.3199763331656248,-2.3336212918248527,2.189659102782797,-3.220191686690486,-2.5496368920807186,-3.849284458582138
new,-0.03993168561244312,-0.0236632497688406,0.7433327139154007,-0.8284254816671828,-1.0172783124739244,-0.6088264791465692
new,-1.3496808656408958,-1.3357650390344769,0.16643165963575113,-2.5339493935702473,-1.952851246061518,-2.345877643548855
new,0.25855128904006835,-0.780910018979226,0.644351756053146,-1.4017867999575633,-2.1675479217901645,-2.020435857423506
new,-0.36951211553589397,-1.07660409850794,-0.03770308004819867,-1.3479550620353198,-1.1943478802308423,-1.8309781951335111
new,-0.7566961059431323,-1.5910250319554635,-1.027013364521931,-2.2638590405940455,-1.6337677767303884,-1.8487150265758296
new,0.4894026870640551,-1.6175006114049402,0.8151131582941251,-0.873962825021035,-0.3305902720801071,-0.5388017545631815
new,-0.7433090883527396,-0.4949265931129995,-0.141448084851568,-0.8827922535401134,-0.25103176154340046,-1.013510959796318
new,0.4895856542434689,-1.240949829033719,-1.286648280019262,-0.16959735563723383,0.49352490356939815,0.5608227453424549
new,0.9446511526781456,-0.12244201308732916,0.6577179445078111,-0.02944269787598605,0.4752165748231938,0.7861924844777799
new,-0.3008875278825784,-0.46727568701966077,-0.05898423265065056,-1.0135006777677176,-0.36538675334024157,-0.7995779367148282
new,-1.2563055791780557,-0.06083371383885827,-0.4272143550336097,0.1655678542921314,0.28850988888115614,-0.5441020894430056
new,0.3884583212447542,-2.1288666010475534,2.121340483186452,-2.623675269664981,-1.505410947249179,-2.8104175463891994
new,2.0990154118221764,-1.8998520504616754,-1.252593104086603,0.4161523667259255,2.216795806147265,2.210291006959529
new,-1.7960837455217693,0.015006231898356703,-0.3130477525040265,0.009932760511859984,-0.6621206863005504,-0.5480597323666891
new,-0.1645863823785963,-1.195665112698491,0.13739059724868752,-2.499861094138688,-1.5539392650092285,-1.379090060273172
new,-0.2586625778657689,0.924178362675542,0.18181154284436774,-0.2295949368675918,-0.7625579602316933,-0.9193173613745421
new,-0.10322807272045452,-1.095159457812847,-1.4830320779591517,-0.4273498886910415,-0.49810166522628885,-0.09785188631099084
new,0.8141150960187588,-1.232016208109425,0.23064843620010472,-1.3284442612432121,-0.488359799569522,-0.43873286461934746
new,-0.14670205254945323,-1.4622480742555444,1.0216751808234312,-2.142130194518391,-1.2301849947596404,-2.6077033766182054
new,0.8603554671036214,-0.01997333477515384,1.6441587062513254,-0.47564539493056895,-0.3424114238316231,-0.06413683840421558
new,0.4112787346711379,-1.6033030383254407,0.2797810598809082,-1.1160635002792998,-1.2821019462540084,-1.2562251257980799
new,0.7115691655466073,-2.2503938175612217,0.565103417844821,-2.1241952470113943,-1.3437151999017949,-1.0754238548971298
new,-1.8227969774462371,-1.9669727102856998,2.529255775607762,-3.9184691684936634,-4.5885894536108225,-5.708376703106046
new,0.8771564751747253,0.7314000069751394,1.158745047818318,0.4451468236463125,-0.3525506368597277,1.5879659595377087
new,0.5618398709944001,1.2872922077151496,1.8724489970289278,-0.9493051111929257,-1.5318308008131052,-0.9702984380770476
new,-0.26845343617161305,-0.5496672353433385,1.4282126982752814,-1.419273085316468,-1.178716962955663,-1.4307370975978881
new,0.6355371588310808,-1.846928255417083,0.5082242842292637,-1.4169697746387202,-0.9403763311578127,-0.8607943826244668
new,1.0340402090342282,-1.3455013855886353,0.8386331887848126,-1.191036367102847,-1.1597428681844024,-1.6079577541200825
new,-0.4260368955231503,-0.35639782359172667,-0.4546867049976072,0.14785959525280046,1.1360608379395367,1.2766835027815413
new,0.7282653974539286,0.0740956673166917,0.025167375361330846,0.12141977791812437,0.0009859224731911809,0.5829547892618006
new,-2.325986298262175,0.009381963346465683,-1.5071851708814514,-0.4715299841406144,-0.22593495036773087,0.15701969232988044
new,1.0450600785423556,-0.5434454586416295,1.8405226980366258,-1.8486929854519225,-1.1596458770494447,-1.4285217336740954
new,-0.13411789287523496,-0.4279827881325829,0.8252158718366014,-0.9082237043751371,-1.3303181156409114,-2.261531451895523
new,-0.9402394171519329,-0.021733325101152112,1.4205126482356585,-0.8924117991032746,-2.166998124751536,-2.3824201502095295
new,-1.3908279943362758,-0.1696504246789563,1.384740571320546,-1.4774232883985619,-2.268749788841817,-3.315233257410479
new,-0.7513474909382397,-2.0552452149406086,-0.27286384833951893,-0.7072604202493984,-0.4757476734749312,-0.7235193707353953
new,-1.9600293653438376,-0.37804309104685563,1.8386291863012039,-1.426576308116012,-2.614591560530786,-3.2965134143596204
new,1.3640001530095796,0.3940285960770302,0.7065374166721116,0.25943587480667685,0.6402970645552285,-0.06746746281922922
new,0.31918408751532384,0.501317324720461,1.4987485195710544,-0.6248711088782685,-0.6270989676691392,-0.9504241778259734
new,-1.5478296370774984,0.5880925083515851,0.4203728590444117,-0.7950046311283345,-0.28356286525941754,-0.560376382617171
new,-1.3172921108175155,-0.37275505882384696,0.9469237984209002,-1.1682509491852193,-1.820252397508358,-1.9920283258343379
new,0.6240402501586653,0.8922080550172289,0.45714588360948505,0.607604798342624,0.3235807504928073,0.3031521626238397
new,1.9297464432771279,-1.5090990176192336,1.3209808038361728,-0.00014730828354647674,0.3848554535115482,0.23915644726183377
new,0.7020318263635925,-1.5685000853163393,1.2164663190260334,-1.3616226141553225,-1.2522106039176968,-1.7331613708044036
new,-0.11853191440569726,0.3366907227579592,2.0854481227343773,-1.3307401125802873,-2.169149203644725,-2.522644748682337
new,1.640136292450235,-0.03309949534626533,0.5848226244201887,-0.42227707706190765,0.14054308305199364,-0.0006247358570351247
new,-0.04025873502731081,-0.31458440892763473,1.503013016576416,-2.110190919111427,-2.2913538402419986,-2.843583644604195
new,-0.35546718798203286,-0.10687274499638755,2.27727578921549,-1.1948170951646453,-1.75234379898414,-2.9831519858510074
new,-0.6726774563360935,-0.415483017890388,0.7888952666909579,-1.728031005021289,-1.588019456639937,-3.5569600987417216
new,0.33846697803545794,0.3357362980615498,-1.146006288357916,0.22216789162234818,0.6093375127643145,0.5420285939687464
new,-0.684501755217707,-1.4257338872305103,0.6647819943456926,-1.5116078663977026,-1.5453411888592696,-3.090493534178214
new,1.0377889045390054,-0.8419196572526347,1.0164233016100455,-0.8061859244226717,-0.7978023417590209,-0.46015190452996607
new,0.8132260567744938,-1.5827579032353079,0.948825911643719,-0.564460213181693,-0.6041863942244156,-1.1840419903551043
new,0.6194980547881491,0.7128390097307729,1.6226410332328198,-1.2305759397060583,-1.1303422449248912,-1.9647987468523809
new,1.3049993686266166,-0.5466073121500258,0.7939092330127795,-0.7458742390271682,0.12851568922850926,-0.40719159438481833
new,-0.5847838728054406,-0.037388917064974825,1.0125524593977246,-0.7047769550924924,-0.9085574061252114,-1.941964229793289
new,-0.9607869208152708,-0.27435170102911655,0.179755314258719,-0.8576570971456562,-1.0075388420286315,-0.9936364490777307
new,-1.2169633547646865,-0.2120952743154722,-0.33037432859674576,-0.532476480339948,-1.1167153784554757,-1.6050824607123606
new,-1.0671413049501264,-0.5093723228326583,-0.07340663073028142,-1.1902589781945117,-1.6886577175963282,-0.7853032061839682
new,-0.39967604915498534,-0.651852445259378,-0.43750530746532845,-0.7726889415351296,-0.824942530337119,-1.0543685373506186
new,1.9121353336142457,-0.7420716374010089,2.2675220213005325,-1.4901494908229618,-1.6175187560344502,-1.7150927459140066
new,2.7670398402552836,-0.17898453789860003,0.3600237956887112,1.6446338095080866,1.6109495690990072,2.045481063180282
new,-2.1777647701339955,1.4294086244747244,-0.9003109001673507,0.367120221251246,-0.5705946070886581,-1.383889127104411
new,-0.9805023010781688,0.39543839663763525,3.51991198745267,-2.0277815683038236,-3.4233951199708903,-5.407489535695504
new,-0.06481859612820474,-1.0580773300207809,1.9160197996564081,-2.222877149803259,-2.0931497757802995,-2.22835739011206
new,-0.8590622041952048,-1.2633491549901898,-0.661612080269761,-1.4793191030305939,-1.1986040973528123,-0.6056299383455137
new,-0.26689442440759414,-1.0266594845531092,-0.3937577620405265,-0.866768354732459,-0.2728398488004358,-0.5038988342453081
new,-0.08581199743856903,0.33774758511414615,1.2191063334881562,-1.1121750972414441,-0.8433632650563608,-0.6134157752139842
new,-0.9862311860968558,-0.46013426530728097,0.9778137940415038,-1.0092435051915993,-1.718998609437768,-1.788754501554918
new,0.2047235466095616,-2.1569438853583014,1.231092786009838,-2.36368940046068,-1.3851443764644682,-2.559768495765361
new,-0.655754492357789,0.24553040838320994,0.7665529016928281,-0.5504258297736034,-0.8619784685441637,-0.1894552373683701
new,-1.2485872222375076,-2.157455023254644,1.9401647625470808,-3.6921670141215897,-3.254495826244071,-5.1935142340836435
new,-0.2559597805787108,1.334687404605055,2.7643799079299933,-0.6641350902736003,-1.2755363442902856,-2.113809201754845
new,0.2350406380982516,-0.9618883028638157,0.4824890374330653,-1.1476342145641458,-0.8489347916504641,-0.9927927488383402
new,-0.07376415945599235,-1.3567435208614922,3.1642158342331377,-2.931583488505616,-3.152763145441615,-4.475901985814167
new,-1.0569644308325992,-2.1368061311179605,0.013860628077383308,-2.6685983350669855,-1.7078678787418173,-2.5268190601197804
new,1.8809217890080416,0.6873908618726103,-0.5750437722655025,1.8530719649775396,2.927270395899353,3.594391486475671
new,0.18322958902007536,1.5959147908561284,0.4841394197412664,0.8709407805155027,0.3896437779593222,-0.3316608870243365
new,0.503789484299825,-0.7176855956043978,1.2893358251637554,-0.9951923946136643,-1.2713071244407086,-1.765291637041582
new,0.42416512781972937,-0.5362887498303929,1.8953832150438994,-0.7653776578798119,-1.1005098860187223,-2.2506771866921937
new,-0.4452773039402128,-0.17917848821431037,0.5714227502153433,-1.4471083521216763,-2.145090515407271,-1.8401092460310549
new,-0.24814449779083608,-1.6511302521178917,1.2409443615727835,-2.5407403396248083,-2.439254677136979,-3.567363394931609
new,-1.1026713719663768,-0.23339186687441255,3.369086390231156,-3.0092841217006785,-2.921281531660761,-4.4431401159582
new,-0.19925198467809935,1.4202905090289548,0.8087528511704651,0.666014497537375,0.26477836760143314,-0.08475978771999837
new,1.374967411543705,-0.3848784589263072,0.9387500194248497,-0.8778417710347527,-0.6006672313752695,-0.5505523074944141
new,-1.8551407168825864,0.020548130829872613,0.24751267224913215,-2.1604771817065838,-2.332451160588301,-2.292708925875667
new,0.24391138345625074,-1.3862889494391952,0.46695972393604246,-1.1951284186253988,-1.0477750517581939,-1.6685391420209608
new,0.6745678944605954,-2.379015218650711,2.5093663381662976,-2.286519667373112,-2.2438659872806106,-1.9795687314157946
new,-0.9319996331150685,-1.8950570649084415,1.2005358078854034,-2.9053325921433495,-2.1107706900680356,-2.104692163570453
new,0.7965206709314495,0.08279011699773164,0.43702455478565716,0.3207522617911932,0.48976967059954546,0.17548202285112136
new,-0.11811185308024418,1.520686463197426,-0.9319050405071249,1.2126153232888495,1.3643299062136263,1.7713901935980254
new,-0.49810838705482935,-0.1855254961510881,-0.9936429171840896,-0.8113830090848784,-0.9741898246526057,-1.2580901307894345
new,-0.4448265306931133,-1.587518793032805,0.4635497992637314,-1.5480860899084237,-2.014357430396161,-2.4589866541066354
new,-0.10289612858831636,-1.1258555999957134,-1.394216484045593,-0.13657038856386255,0.132837144349823,-0.33555646973004816
new,-0.769491076993092,-0.22464005551201283,2.4354037133361675,-2.649679950130973,-2.527864314169078,-3.4911806126608576
new,-0.184183669114369,-0.31961980196241674,1.732516147911837,-1.7554858732468785,-1.826189440740886,-1.2711835457927965
new,-0.29362810608148626,-0.8696564089752673,2.312028130003143,-2.9173459732980973,-2.6953053462914465,-3.2661342329315493
new,0.47235857137014703,-0.17415248866917526,1.876661281644052,-0.8499802860818799,-1.2181580555353502,-2.007755832805248
new,-0.32777002254815923,-0.16809447642887626,1.910371084716585,-1.5422307895314398,-1.4660701002759504,-1.9336698163507475
new,-0.3487663566721811,-1.6858791477993031,0.31387137440890944,-2.2136595044188656,-1.6193684728101234,-2.7330418745265614
new,-1.3300167162659653,0.03817912576942062,-0.9066307164654593,-0.6814564154789267,0.2688363016042997,-0.8021669461825716
new,0.94315270704368,-0.9985248511327769,0.990876184174746,-0.9702559221901771,-0.23352548233025716,-0.42941742650024384
new,1.0254341682154051,-0.5218948319846933,-0.9802422850427007,1.1427239960497255,1.3985795778192154,1.9405860686456449
new,1.8899046603846925,-0.8706775116494037,1.6303082017894996,-1.2213016401143424,-0.6916613646403014,-0.9935693738339268
new,0.36154328377763056,0.09007480292379422,1.0758172111561473,-0.11685701050195418,0.08027740856188653,-0.1999824485175016
new,0.2085744032433683,-1.8234723789243537,0.593739823981648,-2.1628808210035784,-1.2591981328653012,-1.4767424655435073
new,-0.34687816769378765,-1.2406606052276015,1.5671124339356175,-1.6553858792423486,-1.9537583326115926,-2.437483174064984
new,-0.11449923042192027,-1.3675691426798027,-0.11712131679764515,-1.6895237872544908,-0.8962426319182715,-1.3893131668775833
new,0.4989072678578619,-0.7349455403359768,0.17830587393982533,-0.7601241922979302,0.08795829480851286,-1.0120107793887347
new,-1.0970626327363489,-1.792450289573156,0.33482311104697116,-2.4787220675750743,-1.8937481528901463,-2.596649673974284
new,1.2204355964639015,0.7124647322315989,-1.177530195156574,1.2992203969109108,1.3738186363516203,2.052318338947525
new,-2.254870229396962,0.23722732049632644,2.3926508170478162,-2.4273015605583095,-3.7329926795774706,-5.663828070559465
new,1.091079725108965,0.08671707826704267,1.5764516777164994,-0.26834525130901815,-0.3912171637554163,-1.1977941423730216
new,-0.45554663136994095,-0.4200196440209837,-1.2730541105377173,-0.3597893839719416,-0.5250806295485544,0.34747693650936595
new,1.162764687682084,1.845317176126401,-0.5436582271835778,1.7928438248648801,2.27783993084884,3.1495319230210876
new,0.09296583710864938,0.011913305200017432,1.161141335762573,-0.4908328959385083,-0.4403975815933907,-1.4351303785890588
new,0.007624131948669642,-1.3708636396295324,0.8985991786942688,-1.415393817594882,-0.339990335908515,-1.6098770003151017
new,0.7462331511341104,-1.0514114863395885,0.9526280631047432,-1.0579350577054343,-1.1942189617391437,-0.9112560233371003
new,0.00743133220640603,-2.358100337017691,2.14409523589536,-2.4406887884548794,-2.5011919843928663,-3.514687347255059
new,0.967286399449137,-0.8903202369144181,0.6302217286178864,0.09819032979366438,0.427751997217248,0.3515585198731886
new,1.35526149521009,0.2667654409866467,0.626394887829144,-0.1724238146515525,-1.1853066865388273,-1.6679301949176792
new,1.0458071619073406,0.7887087157084041,0.42985975748867294,0.35185842761456243,0.18388078076858927,0.41930910541997535
new,-0.8850833152689551,-2.0211167936434604,0.49913740981685906,-2.262809452436271,-2.4479681599094074,-2.6013673453395825
new,-0.20839389012709614,0.8566056212431734,0.4226464494251121,0.2744821696680915,0.7467377719266528,0.1340157514561393
new,-1.412408261843383,-1.3894778364508342,2.1268357845961763,-3.09103665052014,-3.351837471138468,-4.3183149673874315
new,0.8929044373547413,-0.8515153525009159,-0.23919317963014042,0.5988388947187402,0.6085772818626076,0.373555437522337
new,-0.7722922835825992,-0.9957795153178854,0.39817716179179025,-1.07965613417773,-1.7952379032543448,-2.7360700406699343
new,0.7733626434545315,-0.08614394511628554,1.8820898413956137,-0.5611650375340901,0.014928452545556081,-0.01720058140966385
new,-0.8221557522662855,1.690475768521064,1.5271913014243494,-0.40729658811779407,-1.7507983131079725,-2.1778313384941077
new,-1.2114525389184383,0.8515248470974865,2.818202575779239,-1.2681694550351503,-2.6746322404613077,-2.7938492505575727
new,-1.3945039646904454,1.2580705563728214,0.6009524581884662,-0.28173168318606645,-0.8917964819170209,-1.6813469145340445
new,-1.5624322505876633,-0.5676045078307078,-0.28229773719931595,-0.5671890974555088,-1.0240018009658192,-0.4181493039970735
new,2.5482590735831847,0.4661169214839702,0.4304248743545562,1.3482919445308679,1.8201730818829183,2.015513946109809
new,0.6561645772650536,-0.8658029434678846,1.3603746684941935,-1.1836506335786403,-1.0354088994389237,-1.5038670702693262
new,-0.3231907302899617,-2.244817474902442,1.0114308700405492,-2.2355843474014776,-1.8467125347409665,-2.2441495900076633
new,0.7040974394543101,-0.34753606137074733,0.06019560766510268,-0.03684102163617074,0.5919801808474707,0.1415111014513456
new,1.160790537362492,-0.3524299445587086,-0.7051585046111103,0.2988255181889817,1.579759636854984,0.9162900275867846
new,0.3469613231014524,-3.6742632592106608,2.15745727341627,-3.1707988296672447,-2.975554057349055,-3.98574701686579
new,0.7175621224473662,-0.4084510852212445,2.8889751806846102,-1.4656993225355068,-2.871078662594212,-2.3717332213225526
new,-0.07925667731917886,-0.17357003326178322,-0.7096083261041651,0.5789677261792694,0.3694173631314059,0.7817620662628813
new,-1.1517233823539479,-2.826310683224656,1.25064264776243,-3.4715949901771896,-2.759694189845337,-3.5408484425868174
new,-0.17932698856842783,-0.7718946256950886,0.5758410724142619,-1.7834096269148425,-1.6598379720025074,-2.119420380955362
new,0.18059376937702554,-1.0488718850099557,0.48223708682478184,-0.7463964228162947,-0.6792815745208592,-1.8934101287425498
new,0.12058841252590731,0.4051112649972475,0.2515259872058415,-0.7119695228217078,-0.365200015291566,-0.7400527905417673
new,-1.6577497863371933,-2.8609654638436197,-0.5189689120999931,-3.4451832252310974,-2.1677881037761226,-3.5736585993591734
new,-0.19709706594913767,0.10809190791770862,0.7911493665905456,-0.8628065472594207,-1.0300840344232751,-1.6116619542680033
new,1.8155479001569688,-0.6247016466113062,1.0904319308103578,-0.49587235060454604,-0.07161738920483032,0.006277439449714872
new,-0.9862275769666939,0.35342697811295276,0.574156065747747,-0.8942943604216304,-1.1407342327341794,-1.4473462777091388
new,-0.3477445423137203,0.04245788828317243,1.4828216825759974,-1.013244275494986,-1.0196674024013648,-1.9427857561695125
new,3.528801308906442,-1.928922834810183,2.0449261282221585,-1.2605375516757638,0.25884035075102285,0.8596417366590019
new,1.1304995921756014,-2.7339330847143746,1.0115925958960343,-2.3789353170510115,-0.6191393948829738,-1.196936726794531
new,-0.48088130668840595,-3.1016995988228695,1.4287385730742865,-3.8012370025032483,-3.1555048764280826,-4.0779503410192675
new,-0.047251804193968766,-0.19480309478789914,1.7687899175939572,-1.5256788434063409,-2.072341176029789,-2.5519003844586883
new,0.49176333693835744,-2.8346093042469276,0.03631490570209728,-1.4304630572552193,-0.6105032874455733,-0.10659169976446659
new,-1.6097841260706172,0.061031959221190424,0.21350351675583085,-0.6386330137036466,-2.306854625515344,-2.347831326916058
new,-1.4963694823951497,0.5936145516376874,0.7603067569738151,-0.2792251472266428,-2.215314636114103,-1.1004428850876757
new,1.6495798151596577,-0.6398880967501697,0.6789949660756731,0.028579634848679064,-0.11324982699243169,0.9237491937626858
new,-0.46839175643327674,1.266446100724656,0.3493538153846039,0.26023106777264204,-0.08577385133591854,-0.460871294417819
new,-0.6339606697720283,-0.7125801583430451,0.023656284518809967,-0.75660813698803,-1.1468361547751518,-1.843669465425336
new,-0.725296925490446,2.3024839599736504,-0.1756518183528898,0.6048362827125602,0.8654884622955823,0.4312069399427507
new,-0.9602287900129141,-0.459676184352371,-0.8574853441539566,-0.32875812718472236,0.5478831616063143,0.39382543875201464
new,1.1448199244936195,-2.3359347545845512,1.0005558177815963,-0.7238497383201807,-0.060994034570920286,-1.8212616661241363
new,0.8115514589225074,-1.2510580530874418,1.149528274786609,-0.9074629771609424,-0.8576368083683912,-0.6919737382706205
new,-1.0368236417263283,-2.681247943505075,2.2245253594024432,-3.800500312974038,-4.033862867742674,-4.9491532752778555
new,-0.7060352495551865,-1.3475272246424097,2.0253350414151825,-2.5650950852450976,-2.661610952156793,-2.8870507580379794
new,-1.0857329115808978,1.7685522527187103,0.6997775900042819,0.14464959817074605,0.3347654996992425,-0.36714549050072576
new,-0.6598880834547557,-2.264815590636829,1.7398697950534179,-2.785459234611046,-3.458414481375292,-4.2475838837284785
new,-0.08531831517442674,-0.43898253294470824,1.7973914820345942,-1.2564216003006825,-1.7651898731981632,-2.2672663430079663
new,0.211212822156787,-0.9667671808769416,1.2202713473844753,-2.059093518810053,-1.6260877022624498,-1.757102911776259
new,1.8713615045613663,0.2522568672386739,1.0259387972653533,0.9676989173239571,1.1595101885387284,1.257689777342047
new,2.228467153847197,-1.31156261898255,1.566539969491049,-1.0894904688293712,-0.9107948293823214,-1.482018905570647
new,-1.059187214798416,-0.43777890393029295,0.8966024732302252,0.033748159212608986,-0.6995097291610147,-1.8087352383363706
new,0.08591471160608535,-0.1040564955762121,-1.3369133757218563,0.46255436687802753,0.9209048854188597,1.230428746228289
new,-0.927267172544289,-1.5108504731102719,1.689677385236791,-2.40606317469196,-2.8956193897548923,-3.9079782794584577
new,-0.729443400512421,-0.10844828426989012,-1.2202100497809698,0.33708161766142347,0.8346289323736319,0.21889091380728665
new,0.390389597137785,-1.5717446079495065,0.7630290767151576,-1.8088764097796861,-1.4132186971638654,-0.8567299707300535
new,1.3627131964575825,-0.5426477550982662,-0.24987329934938496,0.017166618884397022,1.2451999549859205,1.598189630299503
new,0.9581141410639021,-0.8332819796120565,-0.17672057566841015,-0.2733928249755173,0.25560452758219654,-0.31810785709036227
new,-0.3435901362614174,0.6824652100203044,0.8243876870691701,-1.0425502009749885,-0.5651996363559543,-1.8073950001351193
new,-1.1907958132684726,0.19593234136322168,-0.47511494538077825,-0.11580136638218291,-0.5057991350396237,0.18467300891229244
new,-1.1777235836668631,-0.5691673841219101,1.4939657056166085,-2.0304859328784306,-2.065784550640728,-1.9927494344986694
new,0.7360011745531448,-1.2264257467952628,0.008836053852348758,-0.599950985549221,-1.202500034166996,-1.0021667915860946
new,-0.29291095691178354,-0.530593787748726,0.2620477363825172,-1.0190019480467036,-1.0822155363040886,-0.8369652455710088
new,-1.485797365577746,-0.010805187182478249,-0.4067565372671035,-0.2659516925092631,-1.0048677773021426,-1.4338208453920764
new,0.7524578844388804,-2.022055569641239,1.651004753796192,-1.3818296328130582,-0.6821152775423973,-0.9640759179921773
new,-0.336912110646252,-1.3974470703872033,2.185213514344526,-2.1532010533307147,-2.091908547767326,-3.3311168600206327
new,-1.4929841559896089,-0.578130641528614,1.5109503606308583,-2.7979518436002238,-2.8067992297370963,-3.974808002545197
new,1.707852522158273,-0.38742698803408054,1.7144227672638523,0.08340692668910643,-0.617523399303274,-0.7959870750190758
new,-0.0007575694397111837,-0.03515702989434821,0.43388723983566374,-1.3491465267363372,-0.9037470426829468,-1.5931076936566744
new,0.9119681490053411,-0.4522594294004844,0.5533980227957664,-1.1313709637947744,-0.6140222698999269,-0.9485509621783796
new,0.8624329524711442,-0.7400389096030764,-1.7270202220526403,0.8906598682515217,0.9996141825827287,1.3284192919441773
new,2.026822216523037,-1.0626182768251025,0.7850955172543412,-0.9717608664323228,-0.04232487699780402,-0.10951925502488533
new,0.17911589127003352,-0.012308886243877826,0.7399485008555439,-0.5687941693399368,0.007627993973479352,0.005540340253389731
new,0.1151644736291869,-1.6395779023969628,-0.08860612347474994,-1.2196582827486087,-0.89040242193056,-0.5846482386201827
new,-1.974157288926991,-0.45666635432439817,2.5390727099032744,-2.6322619776630316,-2.9205364244677288,-4.639285589116913
new,-2.174333597856517,0.023423344112411426,0.3140473318582813,-2.1904728783621095,-2.207934254539469,-2.4162977093545965
new,0.21391899115682844,-1.5556058584718675,-0.21534605002891571,-0.8838340826534772,-0.36161295169576724,-0.47365573051908083
new,0.49272476727799774,-1.153001936270994,1.0194710247640908,-0.7244180413069014,-0.9423002540564296,-1.090635347372556
new,-0.034401903201614834,2.011639409719188,0.8596396532873647,0.46532232060996537,0.4954383488376459,-0.31537444703107764
new,0.17876730771124205,0.9163161478293254,0.6081721943530909,0.5301739192473446,-0.4074785620967182,-0.01817597597632148
new,0.4781334641315142,0.2632385938476477,0.40478353691768904,-0.6311634974805661,-0.004604799812803595,0.05957567605266356
new,-1.1498117064340236,1.013030883458321,-0.903825293266645,0.1970320089303409,-0.12018806932333412,-0.451984070008686
new,0.43345416290856037,-0.7185643394629911,2.624748658395469,-0.9574444078237145,-1.6435758538282736,-2.26006267410793
new,1.3050081223900214,1.0459347832451504,-1.8841143462416374,2.5268961624380406,2.8721020792527,3.4583007464753264
new,-0.10560253919482311,-0.7647449175814331,0.5203696776521171,-0.3855184038704944,-0.88271398265282,-1.0039901539655005
new,1.6060336356264067,0.1290878798072368,-1.037995004212891,1.4920836659045609,2.796848360431637,2.8880777365233774
new,0.299918847302008,-0.8700169846845267,1.0759789260218948,-1.2954742407188442,-1.493350889722214,-1.7807139994556602
new,0.5368352428770404,-1.7684872307824442,1.7339574075882473,-2.0791424678060553,-0.7464343653452146,-2.1513475300380747
new,0.1484256349772634,-0.5994461388291287,0.016820133562111428,-0.903200021274974,-0.554169623708213,-0.723540066782248
new,-2.2300799336842156,0.2491657853190954,0.37459627330928175,-2.547490253604447,-3.2637129866634575,-4.195437503490244
new,0.5410249551119749,-0.9744411020935473,0.7770741842178306,-0.9594058378268648,-1.0794949520128148,-0.8539660290271133
new,-0.7116701590007208,0.0063522233936815775,0.38758491307271453,-0.9746027866636884,-1.2378687144947582,-1.5392441155519219
new,0.9198900833098898,-3.3461468162125803,1.3596262958142997,-2.7835389206587,-2.3523104221530566,-2.279339185964073
new,0.4018773082193839,-1.0995200088881574,0.9089223336658194,-1.1780914601079386,-1.8362566901767354,-0.6812130776518963
new,0.03968306445186876,-0.742625413686931,0.4410320378545516,-0.40696851674047085,-0.5825940072025894,-1.3062041234477926
new,-0.2142743334989728,-1.9665241146353298,-0.3730379112325036,-1.078247571856584,0.3358447370170714,-0.5662571151057127
new,-0.03230569025739376,0.6719147181988416,1.8562724863239386,-1.4168655142484383,-2.4662007048507046,-2.3590142010347424
new,1.6581952616016764,0.14288141455583625,1.0120547867473386,0.43266236158971,0.4732226890796563,1.0431568251536845
new,0.3392622252213084,-0.0027565475366509995,1.2898636160930406,-1.5543037584118313,-1.1495155312805792,-1.2596613417181837
new,0.41702205477727305,-1.4297398089694497,0.6960253519946472,-2.146884293239906,-1.5650267811684857,-1.4005933639342187
new,0.3837540796662491,2.327841504382036,0.4565095081896061,0.6162633349486861,0.7798441600177246,0.9105938118825647
new,0.060319553916733604,-0.9476582576622659,0.5112277447541589,-0.6888605526641559,-1.030898564950466,-1.674756527038594
new,-1.0330653207848008,-0.6076348267852868,2.293421077184038,-2.7598869722179757,-2.90628833435755,-3.1564642855088225
new,-0.9286012841124534,0.17917323886367964,0.48545732698891986,-0.9580636575688748,-1.061217357798226,-1.3067160917093195
new,2.0604851235250456,-0.750198391278638,0.7756620239211436,0.1814035419145584,0.6373475423762017,0.8850391288392991
new,-0.8085743585589193,0.21194578825470622,1.0168083070954856,-0.7172791659692119,-1.9520975624595804,-2.602446795191491
new,-0.9030426757235556,0.5693120066666553,0.10401359160616641,0.2409454758063606,-0.047078470857543436,0.17063969141376129
new,0.5447552849531595,-0.8359149085889255,2.574624498503448,-2.197797907152223,-1.297788260556901,-2.0560154041012746
new,-0.8460426036836176,-2.17575034576321,-1.3710742987709645,-1.1419144721471497,-0.49837538632500333,-0.5586468938423645
new,0.3027373303527586,-0.9885869022348108,1.2178516574923113,-1.7880914281912392,-2.180958961590461,-2.9664598169399543
new,0.7352751808861145,-0.3058811189721008,0.9120464258134071,-0.7672649853411444,0.3735265891642523,0.5976863630344902
new,1.1164472688215326,0.4206111551119561,0.2567996797853205,0.651541942619913,0.8463004263524471,0.7683284562402704
new,0.4221672879495997,-0.7691590201602277,-0.3887027514167304,-0.3175563146391506,0.36299923806716716,0.5590352275971372
new,1.7222697208210536,-0.23369696235034565,1.6568965058878926,-0.763883062729928,-0.48116443500218514,0.046398247844044005
new,-0.2448234153154734,0.5502958526491482,0.9654867394048472,-0.7700534612177179,-2.2334808982571426,-2.367016696868859
new,0.5533519718293126,1.5363324075176525,0.4470131614781401,1.7592164224052182,1.3637500157277074,1.5546686695313152
new,-1.0027320719297803,0.795338270551226,0.751458016338907,-0.44903062341327427,-0.7014277539076028,-0.7459903506582242
new,-0.6855014543504655,-0.45553749622429046,2.0847014855250223,-1.4572815208471184,-1.0362454470301883,-1.4223991288349764
new,1.5662159053684068,1.4890837077654864,0.26901109810889073,2.0108211800823232,2.4593174549321217,3.4635804954120366
new,2.0562408855239735,-0.49482785248442035,0.24053602391173962,0.8912065124317765,1.7535876121558838,1.3307181887277846
new,-1.6005114479337963,-1.6847065760049407,1.382197322635085,-3.5949740861749717,-3.950920415522524,-4.517395728623399
new,1.507604994406931,-1.165163462790804,0.10801820539529883,-0.6422842178090101,0.031746101633769584,0.333277066724344
new,-0.285000553293117,0.7432681839133648,-0.30456722984768336,0.3031093932394316,-0.12828911516860597,-0.8225650155491483
new,-0.19029618057924214,-0.6212946689254935,1.0525397993358916,-0.7088330542474279,-1.2237309930056466,-2.0181581829755064
new,0.8349739241553226,-0.9481875253467953,-0.22221669923523424,0.17510065307110306,0.871834029348775,0.8579288822824298
new,0.8568518700709999,-0.6132173658255065,0.4912087388647196,-0.26851039874500043,0.4612572119194125,0.5093295539678805
new,-0.03983145044482188,-0.4720132934396395,0.9932298870294656,-0.5571224093343389,-0.739131121197965,0.018344116085060813
new,-2.6610217427189706,-1.9606648254458325,0.5646061444943986,-3.134894989304171,-3.9451829708292254,-4.376978880705526
new,0.2548213615652694,0.38199061353341457,0.7133232329562671,0.3561801970257034,0.25237014632002397,0.7319371375871454
new,-0.45529459827777635,-0.6546168034575759,0.372578176620966,-1.221559483291394,-0.6278114089421815,-1.1857215496493545
new,-0.4992573466951598,-1.3432222595957504,0.3752166979503468,-2.1229328104842,-1.6766618983344657,-2.001020946536317
new,0.3322098641240028,-1.6282840094398074,2.163450579904733,-2.9865607710859994,-2.769864160025358,-2.928642699719256
new,1.5417806545367851,-0.3058104652639937,3.6799064816286733,-2.22572832191693,-2.0619607845812613,-3.0075708300249637
new,1.460377688816396,-0.7137019367468573,-0.6303417359701656,0.16892200724739914,1.0624803321770138,0.9597981184625841
new,-0.5497004215835046,-0.6717511430754174,1.4481547483494124,-2.021371843131626,-1.6705050172522615,-2.49295260498524
new,0.17857666225735752,1.4123100061620482,0.6552001056390985,0.6869729518103074,0.3609913527628976,0.17485779561079606
new,-0.7931266864810712,0.22799794937508355,1.0259367101523016,-1.8800265549052808,-1.34137941283376,-2.915465375171633
new,0.05766935703151842,-3.12977005245816,-0.6240919547176068,-2.1320527715917006,-0.43659298100647637,-1.8780713952007209
new,-0.0015425090070610645,-0.5659742731191916,1.2994992569457964,-1.6360116977435788,-1.867797703753859,-1.6290073320404366
new,1.3381219453044086,-1.3917964949868895,0.3464797442995274,-1.2740871360564836,-0.4187198007559832,-1.2326384608474323
new,0.9470187682464781,-1.5295712970522326,1.5057855138421914,-2.0166226417358235,-1.6135053717546473,-2.439935247879455
new,0.027068415695474034,-1.0066291495055517,1.3325451628753548,-1.6904768225275881,-1.025802492114696,-2.00901174678929
new,-0.43705060312931393,-0.34922261158029405,2.1272025876466243,-2.151795161066182,-2.708634546632883,-3.8020005650952897
new,-0.9962247886384004,-1.1312965730019273,1.4994406029203398,-1.5946577706020697,-2.145750005739628,-3.4852168194740445
new,-2.0187874180161574,0.6311286293034144,1.6973309085076962,-1.3214584896845896,-2.7135038548583696,-2.9776108009095905
new,-0.41000440800018007,-0.4760146135287369,-0.1573663721494979,-0.5547902341574009,-0.4013721197707356,-0.44182521074458025
new,0.6126494054536094,1.1988603269636569,0.6868369346677493,1.0662408562005097,0.7992871307584615,1.244252466463887
new,-1.0140273286976635,0.12658886580078477,-0.4833211854381,-0.7576895028031672,-0.543713940195137,-0.30489422974329183
new,-0.3669410830392981,-2.285257804704148,1.755255119438214,-2.8993675476008933,-2.7747422138291236,-3.2091374359418707
new,1.4480440029339534,-0.40504854835950865,0.8715570087667124,0.2440679958791515,0.2035977806964292,1.6929371142837546e-05
new,-0.4595617015726014,-0.8498326072811778,0.47507224232266276,-1.2760699407084195,-0.5353931664269723,-0.7278975569346082
new,0.06373989787717364,-1.2154224838734684,-0.6609315559942358,0.047245249953195456,0.02517618985669512,-0.01647480353191985
new,-0.2652106432009951,-1.0447851230374186,-0.46949773079671353,-0.46906400760778144,-0.5254682208027919,0.5027853015412183
new,0.23749278978021082,-0.2386304520584976,-0.7485749313306104,-0.6895404283929546,-0.840190024209631,-1.0233926988255482
new,1.8691026535351372,-1.1940982708943841,0.8516989810586765,-0.2087873076034275,0.297034579959796,0.3417608263435334
new,-0.4849988351424252,-2.61800241915744,0.45190258579454107,-2.819974961559393,-2.89680750406971,-4.124985523273647
new,1.100027411041392,-1.7952035000405515,0.34636302374396755,-1.3193110515870328,-0.7577444287192234,-0.8641004363731537
new,-2.1649173309737333,-0.7615112673141237,-0.8643206412237204,-1.274579730686127,-1.6816339013463533,-1.3870793029895805
new,-0.22282277334009337,-0.32033590851505245,0.7999859621257902,-0.06418004408312172,-0.7022038282990173,0.2955939973128421
new,-0.20491375825306468,0.3580000192520274,1.0628615616051433,0.4696690911760093,0.6084466046299946,-0.4099021365692533
new,0.38199021550405976,0.15886111311331363,2.24674018186392,-1.3451165357340402,-1.4613127627537161,-1.8723220988502547
new,0.1825829101083607,-0.9387568843735008,-0.4699066018711474,-0.6602058434945595,0.06709105696087228,0.1066468069308388
new,1.0755284156954514,-0.25600715375442046,0.8325117489627688,-0.8378574994736561,-0.8332117698150288,-0.8761558894213063
new,0.707807353243977,-1.4537203540698465,1.4683585224171232,-2.15687944184358,-1.89140444308141,-2.0305226160179908
new,0.41615467696274094,-1.0398466157479422,-0.175354956368877,-0.7440969574614626,-0.4597253587017768,-0.7591876221358014
new,-0.2937718732737165,0.5860862613505944,1.1848682310996652,-0.35303372640799635,-1.7197302221927275,-2.36464945121779
new,0.5728533881996244,-1.6015298103469249,-0.30127234857063323,-0.9497616503922881,-0.6020200775295553,-0.9374529680149707
new,0.8355968209619424,1.2320575197069819,2.6471216841668674,0.10473061029009323,-1.0366082889943256,-0.39512392538909724
new,0.45373533721598946,-0.4875542362965583,1.0664026803887379,-0.7811105649750014,0.13043315021868207,-0.648925847153648
new,0.3309329038720661,-0.8087117758228715,0.7495274478669043,-0.5241736851074876,-0.6754572720824799,-0.17214547509998368
new,0.5830133176785839,-1.9116766784273302,1.4727864402929693,-2.315826303087375,-1.3171374892659062,-1.7604104458660688
new,0.0942857194258811,-0.29964076208354407,0.32864207869583484,-0.921065101764735,-0.11895439057278467,-2.115396936704564
new,-0.08763514174067956,-0.8118352258631787,-1.606482310875767,-0.31913821646243623,0.20428941478543888,-0.12874434015681208
new,-0.8892149025868202,-0.4820690776539444,0.6094625313578493,-0.980830285163379,-1.3075411424832917,-1.469168775976529
new,-1.2877191887919825,-0.20830910763078359,0.764020754306018,-1.3338877943034084,-1.9973757504098129,-2.172931176482892
new,-0.9314169843204382,-0.23703878902637676,1.6155292807628925,-2.7937510611468537,-2.6988290803896424,-2.892105262743898
new,1.5370689428447548,0.5650365078831205,0.8995674815231957,0.29147613680081097,1.0378530604286744,1.1712674039806024
new,-0.3335649017348422,-1.4907577941681485,-0.20722236570568586,-1.2019446088693178,-0.9148516843350188,-0.3145558736103017
new,-0.7928002745946587,-0.11431510110419779,-0.689582561281398,0.01919290337987395,-0.36532644424399147,-0.5228745402324929
new,0.343460227874448,-1.6030052657581688,0.28752868019343786,-1.7225384510653587,-0.2882025394597165,-0.8872659113683996
new,1.3443402964672044,-1.6481625755808114,-0.13934965141406797,-0.21139698920158795,-0.5820874949743904,0.27238654523618394
new,-0.13593930110121377,-0.38954451952522695,-0.26059248784917055,-0.3703143872948946,0.3979330224162546,0.2534522054806402
new,0.19995361601981343,-0.09687808750162735,0.38458041732082293,-0.22579540003166565,0.6062648905012404,0.5713318122042171
new,-0.3641328837529837,0.9109881194271805,1.7583041928190233,-1.3127198016937651,-1.6524341615612304,-2.754557837414762
new,-0.7487641068942346,-3.3998714786347586,1.962752643833841,-4.164379213491491,-4.666494704838602,-5.5015078538614075
new,1.039176772306658,-2.0782318850595933,0.9103790567318624,-1.5750078319265752,-1.194773217919289,-1.4192337898706227
new,0.09023941701268298,0.7285517718683143,0.9924535326867931,-0.0642966944893042,0.2079094715306285,0.1166481122828956
new,-0.2794592957978499,-0.5578958890781262,2.6498115878517132,-1.4766362196887757,-1.160952290911685,-2.5738920137014407
new,0.9008647061950863,0.3920369633980072,0.2510991521906425,0.505196159294965,1.0675614317615516,1.8109930191382997
new,0.6572774265131762,-1.138539335905857,1.734569269677042,-1.2617262565784855,-1.022681806531394,-1.2201441761922585
new,2.252069874169771,0.25061924142180037,0.6720162090631372,0.6044553018919402,0.6967375741990895,0.6521213815509201
new,-0.6220250759462177,0.7775956136798226,1.131902009477788,-0.7318597786387956,-1.435016660781741,-1.2199537639881974
new,-1.1594105220879927,-2.859887836810799,0.14909402528220927,-2.8456903017100683,-2.134284992222692,-2.9602398847577867
new,0.2692736876285216,-1.922288237595757,-0.19049766473000074,-0.9009248936189811,0.276864874241671,0.309266607054488
new,-0.9394605249352842,-1.1277922307800878,0.6571120227611542,-2.045493098280044,-2.3114942949388295,-2.3218232454503855
new,1.9969325318998825,0.23393289414939245,-0.834500417522633,0.9313428953350721,1.5363699026625184,1.6672168191269046
new,0.6098031091059626,-0.11094384825646592,1.2426108704114913,-0.6863632720841986,-0.3158656144773021,-0.8159534516566107
new,0.7717750803362473,0.49919577567537443,0.949032082143978,-0.2390229273956558,-0.3855197363367715,-0.8122038285906361
new,0.5640016621001668,-0.735692973434863,0.8914414927158434,-0.9395512527716208,0.013651933474667755,0.20553503692221614
new,-0.21046868782036193,-0.7783132462634573,-0.928883134446156,-0.04628532818799708,0.7266072080250308,0.7818701237023811
new,0.14537881741226824,-0.4440416338721302,2.0867059811757662,-2.1617751581633264,-2.8680187291822135,-3.013101954446737
new,-0.5115978204796928,-0.6192899892262107,1.0960718832184144,-1.9591924189999967,-1.7046149843303315,-2.050315748197749
new,1.0826268424196317,-1.1762980400896934,0.307320926897375,-0.8383631236775737,0.32193168642398734,-0.2048614013563675
new,-0.7286230993091488,-1.0677549111010536,0.5925365854141255,-1.0539894348009193,-0.5981873387791069,-1.2564871494723664
new,-2.078289313611919,-0.30253881054536225,1.7176229914558356,-2.682963281540527,-2.7916565292838973,-3.8870977761188783
new,0.4956308984772756,-1.3130652289174867,0.5438040019953312,-1.220892335677036,-1.4623636416446635,-1.6819295985437996
new,0.6695878632080124,0.7451887285138106,3.1262096633815997,-1.0979195054828665,-2.6481361894383446,-3.1016653110018675
new,-2.548574568133489,0.19497878744974317,0.49448780769902295,-1.0532356059850128,-1.2833527946533703,-2.349733788810521
new,-0.16991815984420955,-1.6234145085184346,-0.5957098605118599,-1.23866306726926,0.24688731593722724,-0.8843578105056276
new,-1.8445760521388135,-1.4699331869494943,0.4423439436406501,-1.633038584006639,-1.676214258159968,-2.813927093617984
new,-0.005054742204919381,1.6533076040178474,0.5466758098672075,0.6975261881203922,-0.0843663522746575,0.07976777660427462
new,-0.6729606072523199,-2.0203109603254306,-0.2586297702345983,-2.029872422346587,-1.5175298406093276,-2.8532846763295727
new,0.5488720177352012,-0.15584510111476485,-1.6758319289991137,0.8087218987926644,0.7442432452220481,1.6481972396869047
new,0.5073820935379055,0.02198213236319224,0.4990694797139818,-0.34425249428717475,-0.7850363907681804,-0.2776031974755991
new,1.1040670494169833,-0.24774627467281296,0.400945052476833,-0.3774412888406225,0.6240705760461167,-0.11437108934219503
new,-0.21794250724946063,0.8290844732995613,1.9847372484982104,-1.5380008205339752,-3.0307493333293625,-3.2883793078230354
new,0.19896163870262368,-2.765914366542562,0.590568914986022,-2.5710813416579232,-1.7748782609931488,-2.152373226117594
new,-0.7534804799371834,-1.614793050209453,1.3719745416697502,-2.6260954390850775,-1.8085039659492899,-3.559293724060324
new,0.2511838982030226,-1.5165529542233798,0.45376392989411996,-0.5041468601036737,-1.2555661221317154,0.31310728221724604
new,-0.22694324000871285,0.46851848118034245,2.2125552811085036,-0.6053651879569651,-0.5477501870284028,-0.9644346910137944
new,0.5459588437278998,-0.5371618769471345,-0.05161814461998193,-0.1435391598111151,-0.21865899717700177,0.2480862958263473
new,0.478284945292644,-1.6015577747214103,1.0427193124126242,-1.4366527307742405,-2.0129444622403265,-1.2317406947162826
new,-0.30357196310687706,-1.5866050384012351,0.847826927410318,-2.109123508418625,-0.9057658921606322,-1.2267578265817973
new,-0.6330925051921122,-0.18449493069055478,0.5563867521600606,-0.5785866631201013,-1.251464814476004,-1.0116327150312998
new,0.9952438405446087,-0.6029405332529346,0.8593449287072159,-0.11041041892670572,0.08862495598617924,0.4849162457300222
new,-0.4060427086544361,-0.014680866115614699,1.3108958057085769,-1.0794168202849126,-1.3847266865255738,-1.3238733703860377
new,-0.37048407461983685,0.938857696817921,-0.2685081607698817,-0.10534299029867744,-0.3369189768311531,-0.5827028496630393
new,-1.0252334468313373,-1.401646220956954,0.43323458122145425,-1.769988807874348,-1.217082684475049,-1.8835517120208711
new,-1.0095079990067959,-0.9105524732036012,1.714259213826523,-2.014701426410195,-2.241945869068565,-3.3431479296176096
new,0.40854224430596103,-0.1673115669332208,2.0304032858308743,-2.122056683213345,-0.8637598709789653,-2.0860514339061287
new,0.07545402852444526,-0.8428340457697666,-0.6774549409893319,-0.5454465683078462,-0.5669532842396239,-0.2284796240875133
new,-0.48914788816668714,-1.1958777651271815,1.627259748752556,-2.280620661444951,-2.64163670776372,-4.141777044814675
new,0.04186448821047847,-1.5912855718194616,0.2833580707699353,-1.2520970692213924,-1.4101830134871711,-1.4513687669713293
new,0.9050079825914198,-1.4641355758718744,0.8346077870787092,-1.7033139245043545,-1.4506691834861156,-1.4349716012210854
new,0.28117766912652087,-0.5393714240179107,-0.18206821851791888,-1.078891178762024,-1.1496626769371172,-1.0025995700195334
new,1.0472499260044517,-1.674458496108449,2.749160702004856,-2.021714004213732,-1.8413942377784276,-3.278431040991518
new,1.1991030048501066,-2.89966792132919,-0.5126643407836854,-0.7777487286492142,-0.022120694903844426,0.1236452010956442
new,-0.9761642116479115,2.326104928231728,0.6440480483524829,1.2955923281524397,0.5605236504663097,1.1943756794804734
new,-0.2839571990830193,-0.9677382927749161,0.06220480273605411,-1.0205542594793655,-0.7304783606623273,-0.3494966176525941
new,0.14421745990478416,-0.6290082158163577,1.2765999098893217,-1.2766552600871897,-1.9965192395378129,-2.093318847108074
new,1.9204766367028954,0.5862470421739854,0.9958887886482266,1.649641910928691,1.4111423782341794,1.1615930436246025
new,0.43521762392761326,-1.1772047862772839,0.8179880965436683,-1.274117105798243,-1.6536116487590917,-1.7479003264013302
new,0.5030270333041432,-1.3095228618314425,1.1512322524856233,-1.3853755545472324,-1.7899084236062595,-2.6937762681652466
new,-1.4101273742107532,0.20504774203258636,-0.4377185565098308,0.5123178238920438,-0.41017989886690787,-0.18254655904006772
new,-0.9915027289880938,-1.1826498398889544,2.183374550355392,-3.1377678088963457,-3.627680730278696,-4.938594732568276
new,-0.1340456357635154,0.5524679009300433,2.0442188046556447,-2.116159116103937,-2.2811958332401487,-2.884587760048034
new,-1.7982731885133942,0.4635048063788507,1.0139473233238425,-1.2091720838882005,-2.018210419088872,-3.0931768685215504
new,1.2654837296440773,-1.1251411604533925,0.8730835194129125,-1.2280001564653003,-0.915591877779671,-0.8470641728825823
new,1.1872516089108844,-1.113790327042509,0.5578562683938643,-0.2667345049313173,0.14291560560825095,0.15236641037553203
new,-0.8988643309124201,-2.273343353425772,-0.35036218485576465,-2.1134161029212017,-1.5553460506801469,-2.6275638035200837
new,-0.32413612972677974,-1.8382613258392062,1.2613713061633551,-2.2348463793591495,-1.9213850974143734,-1.9949689007990745
new,0.3197820805878067,0.40625364165382316,1.0153229186450416,-0.8074693980796954,-1.1392343026317922,-1.7521965141865705
new,-0.14117821724379498,-1.4553207444623462,1.0753576868331287,-2.4728687967151926,-3.239540160110388,-3.037924062417707
new,-0.7147504181189368,0.09161949256529012,0.14593288792310855,-0.6845431082921432,-1.7139366779031078,-2.2824397799482163
new,-0.35554852898048117,0.16444449716317122,0.6264625097251288,-0.9578348109552958,-1.0741104836108475,-2.24455694073762
new,0.4109120840020054,-1.1437491449298707,-0.26604126924726645,-1.170221804970034,-1.1513189643291437,-1.3023663868764677
new,0.5573393509021941,0.4263882413453878,0.16033960747435988,0.11849870209176497,0.16275592816791618,0.7153377964343295
new,-0.3999231176432184,-0.671875689335136,0.4773730475622645,-1.3090085864986167,-0.6371469745329955,-1.579283879513075
new,-1.5936784212602402,0.7412470254602443,1.5742250923689056,-1.1296110419145158,-1.8865753024883494,-2.2738348287680004
new,0.09777258004754596,-1.2486870398837897,-0.3674881941663303,-0.2859854538839628,-0.7148042975556699,-0.9194461178111091
new,0.7259722455120494,-0.8822206989497366,0.23718626698155748,-0.7285321513492959,-0.6569597408190395,-0.31771102782699323
new,2.440071467734059,-0.8907325834006801,1.7045875457706194,-0.553032789552389,-0.4116253430783702,0.3435882719773463
new,0.7809411701903977,-0.6771645622230366,-1.4198717744708422,0.07487913180003258,0.6996542889215182,1.3384798300519127
new,0.45868196445944015,-1.290334392933568,1.4001758768263415,-2.1232082782206323,-2.8845597679587964,-3.6889979109399853
new,-0.1846418581517208,-0.12500331548994992,1.3835935336362892,-1.037317713031427,-1.1292535824176135,-1.7343409022474257
new,-0.6703825956329512,0.12976234392164432,0.3219663976876096,-0.6939856713964032,-1.5221730380041008,-1.5748813731856655
new,-0.9629436953068402,0.31382468669997343,1.593952412508111,-1.320652497821305,-1.8968982873936804,-3.0625459363940966
new,-1.2353391294742546,0.010716736568911589,1.320306076404738,-1.2620264964229646,-1.8947614285876726,-3.5072163372862826
new,0.5464135974042085,-0.8117618097855919,-0.32506772758773217,0.1934072426897845,0.3298998479975063,0.4204159075777929
new,0.7992213368472966,-1.567763260889367,1.7154509033068241,-1.79959165059244,-0.5718106600835864,-1.556641906604624
new,-0.21331383217431726,0.07330295005375642,-0.4443128933588213,0.2817157709605197,-0.15537323883855464,-0.06482000484775031
new,-0.1796855506188466,-0.9396492172393036,0.9954267229189295,-2.039655834471187,-1.6660813853965752,-1.636957799601039
new,0.3869373156808316,-1.5016250509417126,-0.9546131804442014,0.41139790756590644,0.7398035298275779,1.5502643712399307
new,-0.6778123662497806,-1.0564010872954714,0.5272846011066257,-1.328342582573045,-0.76344696953143,-0.6423202054392452
new,-0.6758989871311841,-0.33902001113168734,0.7761450652803359,-2.0765025290912638,-2.500560125938657,-2.4647074712061587
new,0.46799871351500644,0.4240627786144432,1.5723199438848785,-0.6544039936721885,-0.45312482190724584,-1.5466663316402838
new,1.0492023745140555,-0.11720827359927638,1.2067600919966428,-0.9883033917674234,-1.1702952042433763,-2.3785966833739627
new,-0.9776805631987648,-0.37840996772487306,0.7842034251001763,-1.5744450877059148,-2.854755754406621,-3.051904083795201
new,0.7541125697498089,-1.315924828033629,0.4597849308240882,-1.5270571366538008,-2.1950333644268283,-1.4131074594100412
new,0.5644158802396857,0.11007580309604892,0.5415987763149489,0.09793044704244136,0.35709753674749656,0.6716277521927315
new,-0.764412738050086,-1.1147379260111114,1.316624359298305,-2.29451167887518,-3.0215778691267583,-3.6206361576691557
new,-1.617852944089932,0.2816545327956782,2.0272421876485742,-2.149432585965499,-2.542139383357586,-3.2514135664035004
new,1.8018088007478152,-0.4411836239552329,-0.1292838207795064,0.4493691327574749,1.4522543664853458,1.1878027269609617
new,-0.4250411407520374,-0.7720002960527315,0.09080178726074495,-1.1824862504755087,-0.6384186344033684,-0.7819512102037895
new,-0.5204997668503699,-0.5756561044024417,0.9143472550000353,-2.0206328964126348,-0.6522470818351531,-0.9978395933040505
new,0.6830295451476043,-2.46623220511816,-0.13295812640212512,-0.5491244653697928,-0.32078229367090005,0.10294086024257243
new,2.3131405588915954,1.8381996620970706,-0.9432476471932895,2.1698431750757807,3.5871442277287624,4.494961264603658
new,0.31207441966106036,-0.24906875257535438,0.21803112217789827,-0.4703355131862076,-0.17716032501523826,-0.6238215301479644
new,1.4150681075737863,0.13157862995758063,0.5414265883171239,0.9864289414797159,0.6126842899496374,1.2360970818891346
new,-0.8184594918600957,-1.7687267984581938,2.1565915498264285,-3.7049327073888634,-3.9225627264737364,-5.091944513503665
new,2.0163569601424016,0.032910461017077064,0.7440144753693827,0.31834487195049,0.4685012166987698,0.7326889785644491
new,-1.8348068494425263,-0.47385383265302455,1.5466659809858427,-2.301819614705023,-3.2134087501283517,-4.079018900117293
new,0.008549167924175392,-0.4523658145608275,0.9048164113125392,-1.0601059660627554,-0.9899010108339744,-1.2691647006098534
new,-0.20761990821422976,1.6738652948465866,-0.1416503397069151,1.048482937544776,0.7188139997587704,0.943363759371871
new,-0.4147879850617688,1.7481982532992284,1.5803362173284317,0.12377253782439251,-1.5269907197682087,-1.834090104562535
new,0.2596046818509408,-0.00403021847441587,-0.14493479419959965,0.403241326619445,0.19874830400989354,0.06889891826773281
new,2.3294306358504455,-0.5995464940090863,1.9146043523358793,-0.5798470262951024,-0.944227683274355,-0.6019252404912626
new,-0.018077945059535513,-1.425101943249809,0.6725850140529609,-1.836118299583094,-1.4616224760542262,-1.490343855520563
new,0.25961593086856966,0.7418094672831745,0.5047078057200605,0.9171678980969487,0.7742529396632886,1.3324936058030175
new,-0.8944861904292694,-0.42739738220967716,1.8253451107436902,-2.0791271892915364,-1.8008863752290216,-1.8657286620132636
new,0.6006160811268559,-1.1814971903428737,0.16489601527809272,-0.6532818157857925,-0.0845081170334909,-1.0020447302002238
new,0.16236072227165632,0.5102272522348474,1.1177467583828797,0.46424919414361254,0.6603278409123592,0.796843414130328
new,-0.34084226720104016,-1.5298444915103833,0.8736063437712926,-1.0148570639148353,-1.2940793275872813,-1.6424675610898622
new,-1.8922698634926334,-0.235094508998413,-0.2286612208280947,-1.2789565841484738,-2.153974686232301,-2.686147517777811
new,0.507661027247665,-0.34111123464042004,-0.5344925841234812,-0.1665397219360874,0.6028644569709682,1.379041617896697
new,0.6169941398455825,-0.03129655278023635,0.4098198374174129,-0.26238937534730666,0.24502827640835373,-0.20969701102236388
new,-1.5024879929449828,1.0740926320263182,0.8076052055181276,-1.6347733778683307,-1.9995672912186588,-2.695118102426048
new,-0.2272729928185725,-0.5002108505241134,0.18575509991720918,-0.23501588928827755,0.6898200250794857,0.6235940352788036
new,-2.0912801245976196,0.5396697466763891,0.4453311441161043,-1.0336022258573048,-2.1201050125736836,-2.4156516253401317
new,1.3821995517661472,-1.4178147954802358,-0.2799681568583934,-0.8180118864030776,0.09513173147365989,-0.3008913844950314
new,0.759498872567094,-1.2213491831479875,0.3992521660920855,-1.3559888519676222,-1.2384882488462354,-1.6237767928885392
new,-0.6174525244868004,-2.9451131396672094,0.6839279769082559,-2.9989898104075214,-3.157392767657518,-2.8987971809060458
new,-1.5400248972741868,0.07746657213792973,0.6291309772449792,-1.322102809802642,-1.6700535060070734,-2.956136946907298
new,0.892779337105401,-1.3614647252619503,-1.7206623190978112,0.6689386293768076,0.9770923687666883,2.613724964695641
new,0.195163993261393,0.4620949528940266,0.43847005580649023,-0.4612699753981536,0.42027387432549435,-0.25747826500481263
new,1.190936002662292,-0.01806430380614954,0.21700117039299077,0.3205007291062149,0.23875951358737374,1.4915347093728712
new,0.10170032701094889,1.6205290257461196,0.9437428537495851,0.4877401803548212,0.17925052673229036,0.4395420583572917
new,-0.18915953274910074,-0.6780735647362073,-0.44282273015429674,-0.027317921994056804,0.3855340585453956,1.1518692865556033
new,0.0521162344842643,0.346418716248555,0.03502607677481617,-0.5340125453226527,-0.4236829384454925,0.720468664445182
new,-0.022673007746420767,-0.046113615311355605,1.2108251705326765,-0.9575912690115305,-0.30211043884075195,-1.4599836338977075
new,-0.7639991356694856,-0.6955323102492262,1.167837774639664,-1.3215334989163225,-1.4222880538626925,-2.4989702837923393
new,-0.6503296606425053,0.8116761797179122,-0.9145307842533291,-0.5425802392081407,-0.8709171494635055,-0.8885865768432947
new,0.13735019138783955,-0.3916736424673911,-0.12017147759872604,-0.31794627596902103,0.25863871591441645,-0.2618106731865232
new,0.615085933618993,-1.1614468969643292,1.3698617514870572,-1.2634136078494491,-1.5823627331010128,-1.607474066880186
new,0.3214807379616136,-0.440142512297945,1.771318400167186,-1.8536064203676532,-2.35917082028942,-3.109470708207397
new,0.44207226823927165,-2.391882805374401,3.0633399682315856,-3.4613006298261118,-3.3162508093425904,-3.1744757971438187
new,-1.493854345242556,-0.02924432302849167,0.07207475022610721,-0.9684313139536536,-1.7222102124355911,-1.7989353373988242
new,-0.9731340449963131,1.416652310420084,1.6462837663868382,-0.6302008309072282,-1.4809289259905847,-1.4908722290762628
new,0.013933773903851955,-0.8713008613047684,0.13231077377656797,-1.525266589774649,-1.965049667072801,-0.6055342205624483
new,-0.3768967069145606,-0.24089241570127856,1.756528116858345,-1.6777988784746452,-0.9929033664220861,-1.5780434041856226
new,-0.4842248694807944,0.9412023209700888,1.0151393096588863,-0.49152047249319863,-0.7031339980965443,-1.3017061931624325
new,1.311812710863844,-0.8786052144048262,1.5099400350930234,-1.4004247586735366,-1.031003892495262,-2.1366339368761103
new,-0.11073615501178881,-0.45970149697597024,0.3979063980765356,-1.3733313609529523,-0.857165055979136,-1.1018951450650445
new,0.9636695292635027,0.09253846544582955,-0.8032788023165934,1.6410073908542455,2.5486657002777737,2.0478796806570725
new,0.27674183114093354,-0.9407325521813329,1.7115253496576468,-1.5368184363911477,-1.9910540500434242,-2.6359663459359264
new,0.03375911093514277,-2.432041323124004,-0.334274771762589,-1.142250066250884,-0.4995035107239709,-0.7730958845984112
new,1.4626470310695385,-0.08515460586627505,0.3703540753208185,0.5504653293979513,1.637437243319745,1.3625038876418676
new,0.8299891808799845,-1.5080391643359548,-1.352049399285669,0.8308343815774126,-0.08945038232048996,1.3317657495135393
new,0.27447419264748735,0.9537462542271948,0.06853820107237996,0.01882273878097185,0.4367688325398106,0.36284265321530934
new,0.03788144659382489,-2.025248902035563,1.7650548906672499,-3.168413453127401,-2.928944012400088,-3.872783491569979
new,1.8660393615253192,-2.128885837283438,-0.18494046034471856,-0.3959344176971298,0.30976566885019235,-0.6050139132260374
new,-1.0874155785152848,-0.9761305895528344,0.2638441894743045,-1.4835047069632674,-2.2940180021435723,-2.448018485902343
new,0.526266830136626,-1.5522376669509412,-0.46593443802778023,-1.3671454662994544,-0.33735871865401856,-1.2427211919831482
new,0.2637132771937365,-1.3718479599211924,0.3903196892431889,-2.414493987698843,-1.508110582688457,-1.629784826454869
new,-0.22509221347232544,-1.372236540332917,0.7511368409013981,-1.421196983086921,-0.683823891894582,-1.0099492368463647
new,1.8486176691427627,-2.5970248567513083,0.07330996889306152,-0.9837029762463471,0.274723874841014,0.11152644103379131
new,0.36980886684797853,-1.9773477122330332,0.14075222214405791,-1.2335637429621467,-0.9638989914243035,-0.46353610749074725
new,0.07103375418066928,0.8344757483435559,-0.7660362716569106,0.09670774981173624,0.0515283023785737,0.7134201997398042
new,0.05705111514288801,0.3077959258171501,1.2448190578338205,-0.14027213515364756,-0.37849817198943136,-0.21182393763512625
new,0.41256685231675894,0.08507356058531512,0.6850442096266697,0.13920068508796707,-0.7418189592229315,-0.7480458101965011
new,-0.07889852429984993,-1.3796862586383667,0.13925076525722935,-0.9215028920360053,-1.557873169678946,-0.688650949090695
new,-0.47360418205707694,-1.451288119597981,0.7373388763585368,-1.600579223988643,-1.1320310728530867,-1.6612932856034512
new,0.580415911804143,0.659095587896297,1.3396954393674179,0.17743069614164658,-0.49120680623982643,-0.6254441158308859
new,0.7652822857615837,-0.8562082747259769,-0.43980846830453835,-0.29014052490855946,-0.41833978640958586,-0.7629146379437413
new,-0.5450774388794511,0.29269469207169985,1.823864885666206,-1.884498587321716,-1.9233950879656863,-3.889082351587546
new,-0.47359965622313255,-1.909471927065523,-0.7173623446621277,-2.2332979968202076,-2.0320917268058665,-2.7487741563417014
new,0.08829098705923835,0.3449988458909502,-0.49557396920466024,0.5343772535389218,0.6439257865381923,0.5622362405488494
new,-0.4974186517332215,-1.5030802759817545,0.8714673780724594,-1.7012172144402533,-2.096254729962225,-2.3183008907409484
new,0.9152703622756203,0.14880588499546332,1.0660038602181088,0.38480447458725353,-0.19315831215920493,0.12303435897617243
new,-1.3778909224604383,-0.3229346166168904,-1.8904923020585738,-0.1914761744650024,-0.23727508083796878,-0.6040340978559139
new,-1.0933362969606353,-2.5094956546659013,-0.5582782170762656,-2.859937430863479,-2.712412865839285,-2.927766254359204
new,1.5490227898190216,1.2935184285157433,2.1307464394093327,0.7679280630095768,-0.2897589883401167,0.44070690855534483
new,0.3501477806153514,-1.7103966596130993,0.3988725249558878,-1.7122627679551632,-1.0082036546166588,-2.082695831719514
new,-0.5415730154982539,-0.630173815156216,1.126408524490212,-1.1601008422390573,-0.7616693561433899,-1.3250028966268554
new,-0.7292856469381326,-1.0727475251894747,1.5986001379230457,-2.1991094851072703,-2.6519137965520536,-3.670926248730792
new,0.5946932942022057,-0.6570878105134559,-0.4292178240614438,-0.7626289445447377,-0.37979685548699804,-0.5568471175441609
new,0.5266555125920016,-0.8913523574312565,1.0136333224606682,-1.3056190315977678,-1.2820458232475878,-2.208801926916951
new,1.7278192142682436,-1.1178593261467311,0.1705580881145884,0.7136954196154282,0.2861132877886331,-0.11298619759506545
new,-0.18244384502996575,0.8416027005691955,0.9481285566376587,-0.194726807553813,0.31669772310593836,-1.0259636087879653
new,-0.5152522294611248,-0.0998032748293779,-0.700842099111389,-0.2287424049207234,-0.4149588229668674,0.17268628544835912
new,-0.4118747691007973,0.5771587881627469,2.432011948992595,-0.8196383030352595,-2.529712574891425,-3.6475918601888737
new,-0.09933770209649538,-1.241329887058018,1.8843955000148553,-1.9834724530487873,-2.612833665719774,-2.9996549866576383
new,-1.0683284851915902,-0.9334814164096078,0.07800421107981448,-1.1770166738444312,-1.2420131375786376,-1.136095583143152
new,1.4831165579622632,-0.05268103832136678,-0.2503780179165178,0.2965012504221987,0.18229764567775386,1.3618195499640173
new,0.32237230063472455,0.5874858178725977,0.8889327233900159,0.4307454481703582,0.5614767674893526,0.4260009857416096
new,-1.714645014024787,-1.0769136765238396,0.04794513757792318,-2.0647342455771103,-2.70112368050656,-3.4622654741782286
new,1.402892600078527,-2.5485866279960936,0.6770409868572813,-2.037920180989287,-0.08298550599311394,1.3676405146232076
new,-0.33301424748420794,-2.2280439012276263,0.5000504824244049,-2.1813864074977563,-1.7697428788682394,-2.2900783899536186
new,-0.8039773418158541,-1.8902159913459802,1.0513697467095073,-2.449433065474905,-2.5513626061131727,-4.3865945054576905
new,-0.33878544454295195,-0.3572122405069815,0.6438591197053201,-0.8249141085586307,-0.6367391651052146,-0.07359209043783999
new,-0.5807511946044551,-2.680810890187977,-0.22017320740424717,-2.588022537374112,-2.0782177240407815,-2.5195330039373496
new,0.7035445024217516,-1.0670286902066735,1.6391309575936985,-1.0008181214959837,-0.9174791518482991,-2.037182761603091
new,-0.10645382648462175,0.531742616142997,0.4763990644049759,-0.7727902978656684,-1.091515870675379,-1.9979197402032995
new,-0.43454838531454715,-0.23358587418675686,-0.47415206655332776,-0.4234632160187598,0.1500032387278809,-0.32864843693443324
new,2.9681347631414816,1.123260187100149,1.3616305229547347,0.6055087647938,1.2065915226395452,2.7718703990993685
new,0.13882966129022967,-0.5155545719236574,1.9366438798005055,-1.4937774941224085,-1.371383578754135,-1.708199905123665
new,0.47702342943431175,-0.5930152033017221,1.45468444553651,-1.6513793848182698,-1.813456641951242,-2.8204196213618316
new,-0.7543175870895297,-0.036889779198255646,1.2013199273563122,-0.7993385277130088,-1.4017243279567468,-2.5857282633946603
new,0.23007907794589427,-0.24753677126436913,-1.7345409068895021,0.11764111574792735,-0.4239268824049718,0.6572907035587787
new,0.7425552274462717,-0.3311855827708932,1.037456175615861,-0.5462521515088105,-0.34950903891316043,-1.5635260017555608
new,-1.0133331997289088,0.5382116638858792,2.2415457211963457,-1.4534269500983374,-2.5429208128145624,-3.031342368859949
new,0.24138229632487024,-0.7177250380198513,-0.3096287233387498,-0.1466000618554797,0.5029989134212342,0.18750163618943122
new,-0.3234969444966824,-0.739831047280349,1.5240778426309354,-2.096380733311616,-2.0339015262514386,-2.687331989806294
new,-1.8771002933860192,1.116180101903197,1.2187716395064947,-1.6877674425882674,-2.5869845714952584,-2.6017909152072303
new,0.6201079487168607,-0.26603738692141343,0.9291792098548688,-0.698725747185205,-0.536274986462148,-0.5557769154651644
new,-0.9461777135584111,0.8923437132603704,1.9696950132291358,-0.6812676642497565,-0.9072259603272753,-1.9187004319552918
new,-0.7070403650078142,-0.07447010731075998,1.9669338580743396,-2.414661179260988,-1.7760408293513965,-3.145853061233182
new,2.0590874652687483,0.5382960108070016,0.9140423499657457,1.0322248765097939,0.7990901329487368,0.5389967562846135
new,1.4169748551409294,-0.34215450714111234,0.5649768939902531,0.4922678599021371,1.0444848694644304,1.7971539029323145
new,0.23363360420349777,-1.8877450172588133,2.6663333736885293,-3.0889643124062216,-3.01569177968534,-3.6829806836848724
new,0.07281732947134863,0.274791947628514,0.49599770220756784,0.354079424229357,-0.04180625101191404,0.8757642606526611
new,-0.4725200701359303,0.3436360511641262,-0.24612395229050388,-0.7071169757259761,-0.41558343575935075,-1.601380346872684
new,-1.082391312584711,-2.209091861684164,0.6356561178876352,-2.761931894193616,-1.5513368667263474,-2.5664870054191247
new,-0.34347616234493167,-1.0883590870828797,1.836816354073596,-2.148633587669726,-2.8980936394039922,-4.0054804843248135
new,1.2208450946972038,0.6349493648801532,0.7424070759537101,-0.03213523447995731,-0.04432079066997799,-0.6215497210324743
new,-0.05857536744977253,0.8214380024235624,0.5652688781016316,0.3369737435284576,0.08286570117059033,0.02065128155980091
new,-0.8037273981559241,-0.2151540880537945,0.8348983834508901,-1.0609965130414316,-2.0711461534611155,-2.3459586462131936
new,1.2585380009073854,-1.0488938123346083,1.318999527290219,-0.8223819427027317,-0.882331825832892,-0.7670765536467176
new,-1.4979698201133103,-1.2179165597753396,-0.12119334182262609,-2.0648881952834,-2.659833024897181,-2.83404588620282
new,0.3878100979484879,-1.5778975681129481,1.8843777293724497,-2.448007073457252,-2.198049888803179,-2.145834083611483
new,-1.134503946407785,-1.5646598519270412,-0.4932814438248242,-1.8605382892066091,-1.7180926337591682,-1.8988637341642347
new,0.5486528418081141,-0.8051277972788109,0.18484005495239858,-0.07740673750386423,0.6065908816621592,1.2938506202618525
new,-0.9973866014268058,-0.55187030636922,1.189696915482884,-2.0597754351297297,-1.8395156010843108,-2.3706992631665753
new,0.025224048575814544,-1.1730938509194648,1.806018962099932,-2.7976927814890766,-2.918133847072667,-3.7170987506270903
new,0.011936502155213233,-0.627953385675883,0.778218278854871,-0.3536442291240455,-0.765374273700874,-0.41545101312936566
new,-0.7593776105798518,-1.3497103310955993,3.331214608011144,-3.0751340741597715,-3.841024643379617,-5.9036231825598
new,-1.216365097336153,-1.5856590643775315,-0.08004202586685116,-1.2794440329980272,-1.3974365402827176,-2.594956256270338
new,1.5860498334254067,-0.6888131507913503,2.54736703355308,-0.5632933583008161,-0.9227593746185128,-2.330823432961618
new,-2.1892984718199884,-0.7117081784028251,1.2205569074301632,-3.6108040232351617,-3.639748257176915,-5.545540397013651
new,-0.482292620377657,-1.8255053562769301,-0.08965449697615657,-1.9044351703596725,-1.0597397439956011,-1.7775863592991648
new,-0.5503284499489832,-1.1696944437702634,-1.2558617097169775,-0.5529688459965383,-0.07261600086329531,0.27794587772213697
new,0.46328240413655153,-1.0303094846393321,0.8290683483206714,-1.348377756608984,-0.8330461108039151,-1.4426224385607773
new,0.911220968189259,0.052512332890685465,-0.7134544618588278,0.11642294901205141,1.111350612219791,1.202764316166933
new,-0.11323502219659685,-1.703336986087292,-0.6710044786907364,-1.5797412801879436,-0.10005957169266388,-0.6312842756579594
new,-0.5496419797375415,0.21192348493592905,0.949961588753737,-1.9722566500189358,-0.848727550676442,-1.1179038813638473
new,-1.5250957009948354,-0.7087470069736903,0.555050349956346,-1.5311879196343583,-2.3975864212986266,-3.028463751387699
new,-0.7184350293831296,0.7088547172011757,1.48643270413992,-0.3976563436248587,-1.3158156616391117,-1.3704073207858583
new,0.8754793640989247,0.48196932254827196,-0.956487217026789,1.6192560800452163,2.0742963958248777,2.2225220486853074
new,0.10733429800716816,-0.21721764046352005,1.0180836891967622,-1.1746463456746987,-0.941739685186504,-1.6290372699306643
new,0.8437997838646369,-0.40023414861536033,2.869947117018177,-1.433194689743913,-1.3275710118248325,-2.3688123935818957
new,-0.4158395653546068,-1.5651917057183158,0.49304195540851165,-1.2461005420351363,-1.879589929032156,-1.2444930607595368
new,0.4423137488089164,1.5322743889639472,-1.092655237795371,1.4487599669387834,1.3121803703117567,0.8029827975773256
new,1.3951152122558135,0.44490208138116927,0.7357675227168401,0.1690644606152824,-0.30903061830981554,0.12117913662003278
new,-0.9236763159594866,-1.8258007448982003,1.268149221552374,-2.4593522658881724,-2.8067065775419566,-2.5340374998537696
new,1.9272075466488516,0.20763632517525288,2.0062551473518395,-0.04166493248180876,0.012136749992863974,-0.1391371321938138
new,0.9166613878451413,-1.1304907759816356,0.038775578716238046,-1.1510008455857326,-1.298381903020954,0.15745001434161732
new,0.1615968318558263,1.1992465738707208,1.4415613832603138,-0.46016448526790227,-0.4679895845203824,-0.9481250558394292
new,1.0389163591326493,-2.1254940591971185,0.7038300910550248,-1.359363441119942,0.27332300692663547,-0.7160871794908752
new,0.044118408106047634,-0.5692422972424581,1.7732752459579944,-1.0888620655155576,-0.6011506353691793,-2.3483565437302567
new,1.1761942101625134,-1.3071950144526934,0.2764596883578453,-1.4554259762825528,-0.2593587025269755,-0.8155622691805523
new,1.6565579621106763,-0.1231213299740363,-1.1413899901352034,0.9286316971827171,1.4801718550984884,2.5209150971814553
new,0.1286227012186797,-1.6560834110538163,0.32586201897558165,-1.8775370011042438,-1.9087569581241666,-0.7024672648430359
new,-0.43561201362595703,0.8502442735573672,1.284938512895676,-1.0502714148062364,-0.24564838454810567,-1.2922246496838088
new,0.15986818178962134,-1.0502635028176517,-0.12682238873189378,-1.1618986813542465,-1.4583038623580613,-1.89013073655275
new,-1.5164239345981716,-0.09422315742717857,-0.44040472766727257,-0.6544539047592606,0.04136967113636192,-0.3892141857995043
new,1.315644769991764,1.144746003405144,-0.05103970403611924,1.3704987753225484,1.4647120832840026,2.0423200585780465
new,0.8712033196224612,0.4904383597829649,0.5253887723917832,0.7102610668310376,-0.16045779392787185,0.21278971711598402
new,-1.1596845973234529,0.5182652967581807,0.0598319804574593,-1.0931372263971335,-0.9974396160816934,-1.1207509420853496
new,-1.8086363449752791,-0.497005491535145,0.12487182062023672,-1.6735713818688989,0.15849187798480124,-0.8940082160281121
new,0.741819741261594,-0.8152646453737763,-0.20075961621285,-0.04469158873591139,0.7679756502399384,-1.2018323600892937
new,-0.2931119254412163,0.3203574654674719,0.9722244818533188,-0.9935283438032472,-1.1478206102743536,-0.7227844158879116
new,0.7999336577653345,1.279361806402132,0.9691483620629076,0.9286736123485219,-0.020309158483115763,0.5386942242133548
new,-1.7604019871177723,0.49352718905401893,1.232009571116575,-2.089331418706278,-1.885200854221265,-2.92488478977283
new,-0.10751953708855998,-0.8677978528587071,2.955115490232304,-2.89298939811027,-2.960073068975661,-4.269891889969984
new,0.22832501076711942,-0.9814719337517056,-0.980703348759023,-0.6723944288683977,0.8426371421898207,0.12151078846622837
new,-0.2971995424988252,1.4877538653975109,0.6334738233270893,0.3043382676916026,-0.0010741607966862493,-0.5100448241317859
new,0.6207476545991115,-2.3772094758328275,-0.2833224341323577,-1.1133384478868953,0.2171562915475515,0.4133325857530029
new,-0.5478394552243732,-1.9004005362433596,1.2329880030665907,-2.176631381906761,-3.2262329087175354,-4.394916526152233
new,0.6315161300823863,0.7114906279869093,0.8254631722544044,-0.2609252987048158,-1.3618772484882702,-0.5201628035534384
new,-2.0690879174798744,-0.7042363903899961,1.936571452944234,-2.3786435217094875,-3.8859101931693507,-4.642033382109776
new,-0.9279327064813504,-0.7343968225124775,1.8242771346763358,-2.230351615534331,-2.173628982560615,-3.790309896224475
new,0.5033521506359475,0.08893268701607826,1.399309112778675,-0.5506584809884864,0.2931996255879673,0.0409874483319736
new,-0.3146646371574112,-2.0120567817771198,1.77792239341629,-2.5366519028648624,-4.53038675435241,-5.189954265323051
new,-0.7494664068555738,0.9965457120782619,0.4071909966956529,0.1483159845352908,0.6711646463995706,0.8210936672935707
new,1.0516541504380328,-1.2960564610520873,-0.6083377838157805,0.05645405948024709,1.2187944357398395,2.140023156320773
new,1.6955868977338462,-0.9323219105120828,2.185934998202869,-1.6967884647265161,-1.696639259058734,-1.3178106560174365
new,0.7859194290969261,-1.1397424248214003,-0.22138693501540752,-0.18439086977697133,0.4238964563837003,0.28288011884513253
new,-0.13547200400170717,-1.504395570559606,2.3856815923425425,-2.551565205654089,-1.5558264455481683,-3.3745072493520327
new,1.2100950243858906,1.3090965551158025,0.8615093488605813,1.6861604356118272,0.6510544788706162,0.8539954065137632
new,0.28284419289345963,0.8955513051579762,0.028167396201435824,0.8553984728855497,-0.21497013510783358,-0.6477758588867844
new,-1.1297469793572532,-1.6546492370074086,0.5246394829599439,-1.6293205800309338,-1.6153560243848062,-2.1874919680355096
new,-0.1377582671358747,-0.22425683785174766,0.42538488478499437,-0.860061440399994,-0.7320285974325238,-1.5983539535979863
new,0.8947302852445145,1.0172174354029302,0.0752953770433229,0.6000394489478051,0.24590939767660958,0.35277128159291327
new,0.27080820793971977,-1.0140710401569555,0.8888817656420185,-0.591340751037445,0.10822217738038675,-0.12893088105823808
new,-0.5184787145716444,-2.206713225873108,0.6766432954346575,-2.7244212762191045,-3.475537294506279,-4.442471278161346
new,0.9543093396726416,-0.5515071267649071,1.9476619581794639,-0.7898313797351271,-1.0777649679803927,-2.089785134660966
new,1.0308858559461727,-1.563819669596224,0.8510259649906792,-1.6612710287319818,-0.6338171119501008,-0.567548685294907
new,1.1209045751424132,-1.8056019288942897,-0.33739390783866974,-0.45249208698798765,-0.041176837250794185,-0.39556447923837823
new,0.6104889398988758,-0.18198713975280528,0.14908675723697795,-0.15152969674613748,0.5129220270192492,0.6976981995251558
new,-0.009503766464354975,-0.5651404174363817,-0.26556556375215346,0.07525248551072228,0.14286957719845725,0.017766009691607798
new,1.2703390757082273,-2.098516346539175,1.726826890117779,-1.106646009217485,-0.8759787870950849,-1.5076978352936148
new,1.3274139665474518,-1.0028294635398383,1.2724297150166497,-1.429594242312556,-0.3535204220797449,-1.4245116159054727
new,-0.19599628050093648,-1.678327399966242,-0.3129059765747918,-1.6564840749409564,-1.5250119200631551,-1.4502721169422235
new,-1.0242764061281981,-0.7217232443760266,0.11115145300319718,-0.8969960752049283,-0.5115539620128882,-0.5264760757058158
new,-0.128516455332923,-1.4387729536782037,0.04007991084461582,-0.9748222959515518,-0.8359660640601447,-1.238543177820066
new,0.09929526909234707,0.5013183467968971,-0.06930225785305022,0.9361341752502153,0.713059317841449,0.4195752780990828
new,-0.35377949565365396,0.02199146622737358,2.5996969943012584,-1.0373549839226852,-1.4047324997015194,-1.7539657096563737
new,0.8196269724609719,0.21559444951185602,0.031396013215286955,-0.10267292419275809,0.4022788176468419,0.308133258621349
new,-0.3232738194603583,-1.074204216593214,-0.05951433558062569,-1.2026817119445947,-1.4360459815741793,-1.92551920385436
new,-0.41567062176599334,0.3858745253778494,-0.52295231512336,-0.3076922691682734,-0.5021273616013155,0.021807906129811983
new,-0.5698444147316809,1.142283909507947,-0.8872183171540379,0.4371353544202385,0.8356664829792995,0.8165717832255011
new,0.13952856334739328,0.7319628480286378,0.8986927555947991,-0.3421876707850107,-0.292902834111598,-0.2291524254325072
new,-0.08411460299536662,0.7205455870531756,-1.880312769188658,1.5144108020034446,2.475329210448373,2.742454967526075
new,-1.4363194300494049,-0.9363799887098775,1.0678559770797005,-2.0040674889538406,-1.8597322639535747,-2.2247669715677025
new,1.4846445470554261,-0.4059524952889785,-0.5667428143789072,0.13135401626710763,1.0178856820303908,1.213419015520312
new,-0.5371176954312853,0.9059802299146911,3.0785618227518357,-0.865174863048976,-2.0110092804031154,-2.4715835815617897
new,0.14987712264963265,-1.0177774246390068,0.6451427758130186,-1.5958314331297638,-2.351479857763073,-2.4519667351163745
new,0.2171875989768564,-1.0779510432109376,0.3015074375901617,-1.3246899414564364,-0.4635227989946764,0.03749879518333055
new,0.8874624989934786,-1.5855382097247384,0.4926616772373508,-1.0910685940805476,-0.6072356310942474,-0.6771390163865246
new,-0.8670835995227149,0.6755034164949161,-0.7387853064123958,0.2930788905561782,0.8713159281301632,0.5298785388381997
new,0.028134269650344875,1.9744098581075862,1.1582666429900628,0.36391418135895726,0.448345053934688,0.4552926027554162
new,2.200542664521695,-1.1147036151411003,0.030040336209959162,0.3405252470398277,1.383102718388305,0.7082416857051924
new,-0.3673569186211082,-0.012828186714403333,0.662383283244745,-0.6564887129969781,-0.7056679124441207,-1.015183159102657
new,-1.4282847962465781,0.7296034422217981,1.4417947117370824,-0.893991021890178,-1.3130219786054727,-1.5857736774494482
new,1.0875128133372527,0.15903976913071427,1.478007903028951,-0.9064417346314616,-0.2660423229192517,-0.36751028904753263
new,0.027914937221924133,-0.34620425907495467,1.0108990884620548,-0.7159806021610312,-2.4194738998330463,-1.74395222963213
new,0.8397544181058519,0.4228540200383103,1.6121204674312188,-0.5338774803060647,-0.6825646160636233,-0.07004497536815502
new,0.8705591074587665,-0.4836245570604201,0.37753354516579357,-0.3379905459385474,0.1085119508199392,-0.5307015876528104
new,-0.19451224311962073,-1.0459611268099689,1.3457819290016522,-2.0107055411219283,-2.0057704898247413,-2.1998476386988246
new,-1.1624172892076123,-1.9048157498496945,-0.1478932868611692,-2.854547861813639,-1.660605196063642,-1.2429779240616543
new,2.0028095853491266,-0.753893892554896,-1.1370086812761682,0.9145344236544273,1.4451785672198576,2.0783454832320802
new,1.0998272241981955,-1.6423976378424456,-0.26461172750882955,-0.144683323633839,0.4765897373078146,0.17599742809792823
new,-0.3120469159451838,-0.23582303099904023,0.8128849697897713,-0.5050668307615889,-0.9169190954594681,-0.8839806835565648
new,0.6145676757713507,-0.2094049783491111,2.270967440908828,-1.0469044136182264,-1.0440097469633052,-0.36300100178735284
new,1.0722531265304898,0.7743964976198838,1.3142727435458315,-0.1825009232328143,-0.29834019791966626,-1.5812568769586817
new,0.5867981498385817,-2.18173082202223,0.6049968449723557,-1.8266156086319083,-1.6106337930319337,-1.3678156453487689
new,0.8159870551779244,-0.050452837625234725,-0.5568352556639232,-0.2778762262994182,0.49276463613604493,-0.2852190359145006
new,1.0448869965673064,1.182181565045436,0.6445481984416158,0.7431335791301121,-0.5535693248932292,-0.26280634329097297
new,0.5370125054034164,0.9310328328125503,2.1838133763955088,-0.47692733787179004,-1.1583677393876377,-1.4380481906656435
new,0.28450447662802,-1.028423427755032,-0.44459732320970813,-0.08402269565984694,0.5774107522320804,-0.14606533727507565
new,0.9161577329244385,-0.9052111181953646,-0.7944345192926644,0.07453385704079374,0.09035384976651928,0.7728026330988826
new,0.3634292155137791,-0.7154727003498708,1.9936314868340888,-1.194565924371236,-1.127382856520147,-2.422956288763897
new,-0.3862197672577068,-0.2037079018987542,0.1981003523853082,-0.1243941363402411,-0.5116528396990674,-1.1422931366978002
new,0.3245669119192259,-0.7093343344790535,-0.03460823143013425,-0.10896401123807009,0.03877255483488243,0.5578834323615374
new,0.18402530058586164,0.11677574889008491,0.6104857379305154,-0.16891016935884373,-0.18704228872739947,0.5360030280157633
new,-0.7232484410472851,-0.7450523561609745,0.14095617204732092,-1.2299268480104983,-1.4865355196361927,-1.2208661181082765
new,0.7255427663640277,-1.7590944985237018,-0.4151693379816409,-1.52768879456509,-1.3948889639359594,-1.057505739838064
new,-0.022791726744219615,0.30916603189590264,0.5250756036290078,-1.0669758751478073,-0.16780339018406976,-0.6565457538531568
new,-0.6387084611569858,-1.8260972408523541,0.9194382106513252,-3.2674728841590137,-2.290898577794132,-3.0539469308313927
new,-1.1915489899597196,-0.9943056117292379,0.018725331498452014,-1.478006047057687,-1.0943727830177388,-1.632760791849588
new,0.4032901390829308,-0.8971182728336022,0.6524974263567417,-1.1147455206358152,-0.7293169697825633,-0.8822834032145135
new,-1.3227199262345757,1.2240733489969269,2.9988494560669436,-1.2994492315283321,-2.2459816747123136,-2.632416241652111
new,-0.20615633610835832,-0.816568728748061,-0.6738566022515836,-0.02483867871339296,-0.006043562937035757,0.7575637431149377
new,0.07750582122456373,-1.068799461697505,1.2477612060963756,-1.4551474144980912,-1.4669601242261423,-2.6556014542773534
new,0.08928474375445511,0.27435362961249,-0.1766307838123773,-0.569329813392461,0.4553431838783864,-0.5107755422542627
new,-0.5167338851018322,-0.7944905311528401,0.8748037087447329,-1.2925827007188497,-0.9423715596329012,-2.727016898875475
new,-2.2972035609422115,-1.3933484166806847,0.09444121638377401,-3.395493771631366,-3.646735312423905,-3.9005920667251512
new,-1.029621643370864,-0.7854893033862909,0.7165016784822484,-2.0975016091149885,-2.5849425190734134,-3.0507588297545816
new,-1.1903088612258557,0.6467651083893768,0.24603508355950976,-0.3803489998070161,-1.1470111773541727,-1.520950942131061
new,1.1092459882153904,-1.9456388345632232,-0.40830617487775267,-0.35685682327977736,0.9035148921062863,0.5874632881592213
new,1.4296549169978896,-0.801953981520188,1.8452705867663965,-0.6355687952834141,0.3895510177086473,-0.2910891425061435
new,1.7201849999052545,-1.0618642491272836,2.42312356791584,-1.1224543219764853,-1.5506481548930684,-1.2567821025538524
new,-0.5518426627110603,-1.4092510729635248,-0.459147219791621,-2.0321260788089774,-1.0975007447322414,-1.8036458040103078
new,-1.4719859780992353,-0.3405110235921949,0.28243501972195734,-1.7828318552120437,-2.440981811285772,-1.8074499120374017
new,0.027150218363783122,0.5634878317052141,0.9258387523038152,-0.4397925158167879,-1.0422366942798098,-0.25421983072285437
new,-0.6972820448349912,0.2730811910995915,-0.5533793652691531,-0.9318367394491032,-1.1684994103628723,-0.8484671400613676
new,0.2794798924829637,-0.6864353796138206,0.2828730856695939,-0.6170703272252293,0.734748006263729,-0.11153952321965585
new,2.432106111942034,-1.3137581506337699,1.5907373513081386,-0.9046356247650347,0.675558972523184,0.2788418789665497
new,-0.6439858800584466,0.6299237343137316,1.1445807016745775,-0.3008286930584616,-0.9055880867869911,-0.9259103607196187
new,1.233195321789036,0.10574275383982623,0.024313542268230126,0.32075425591324186,0.4137560485275895,1.0705033994875601
new,-0.5287011699537244,0.6101301263987398,0.8743233366566818,-0.16122239328104693,-0.9727121848357373,-0.807369020760886
new,1.1036888218137126,-0.6608003178801686,0.5158411360166578,0.7744151263255012,0.8315021688410299,1.233465811205478
new,-0.0007632398734614201,0.09190157165759849,0.24249082750677897,-0.3710089016241521,-0.15823456127771127,-0.08152732404978627
new,0.22387912064325238,-0.8886220118124113,0.6920283252142546,-1.0962802837892027,-0.3071030870796535,-0.18809744375086057
new,0.7693707717291963,2.2912448957617606,2.4159764084671287,0.8204391518958464,0.15466962422811728,-0.073848060585501
new,1.2375865778840383,-1.2415143884045783,-0.1842526824281714,-0.8634088778348311,-0.23819613176114823,-0.4447168791399208
new,-0.001079411183923025,-0.11856712289441823,0.9469876810577079,0.029543210539227704,0.12805041158412134,0.024293213252273432
new,1.685004465053301,-1.8792191930669182,1.2494098958600353,-1.8326262192792209,-1.1485089841228895,-1.7003147436998522
new,-0.804344778072595,0.320360059485443,1.1578430264117603,-1.3678000664299543,-1.8629637474359881,-2.6060601368475558
new,0.973622153840044,0.0496520773757817,1.1832685544363724,-0.14054456528311507,-0.3502881778955308,-0.42314112366396006
new,-1.9958295284092287,-1.5766927013168046,0.06300128061014287,-2.769173153856511,-1.5954766716710316,-2.977725732412633
new,-0.9995657972087517,-0.17112785394090463,0.6442545995438297,-0.9721357959755021,-1.127442288276597,-1.4352675383157112
new,-1.2971372159592707,-1.0785086366481955,0.7251374062165774,-1.5920146390541787,-1.704847518598178,-2.1487651081966104
new,-1.5661560483347996,-1.18178569036288,1.1180748859163288,-2.4000505887094548,-3.351989300614269,-3.8631134560289166
new,0.2638746854064511,0.44713858989191835,1.4976289101225055,-0.30232358786079316,-0.29482790211480375,-0.5053133994168398
new,-0.18636464210830606,-0.8712941947619122,1.6402231024177398,-1.8029707137337694,-1.5650573321900751,-2.1969215551121346
new,-1.248845126380721,0.7189765451715922,1.5071524419318056,-1.0302847289633732,-1.9698275232520512,-2.357270529760287
new,0.39763407529384326,-0.29087987484391803,0.06062510249701736,-0.9212656981687553,0.5809892677242713,-0.1334286149543661
new,-1.5542536811503869,0.12527226093179256,-0.7240457177882721,-0.19413872809589494,0.14962513299963903,-0.4604612522397197
new,1.3191957665737475,-1.305711026914166,0.34595674571123786,-0.30316926187272164,-0.8413503797486921,-0.8725686695486965
new,-0.9090658629432528,-0.15603331148488714,-0.2746476304781391,-1.1257925579615637,-1.748956368886096,-2.0024331726863136
new,-0.11693055231524836,0.8961973744097245,0.4452293722270513,-0.9251484974062467,-1.2602077647542378,-1.2291595938788362
new,0.7237516382697032,-0.3802460266279908,1.5566312005334653,-1.3086533822743984,-1.2172005745386527,-1.6698937320558809
new,-0.2993548946808422,-1.7864823525946265,2.1816609654185632,-2.4454742415816293,-2.324991395723101,-3.3539789840245082
new,-1.2243677980114736,-0.1746725285304363,0.5021080564364231,-2.0554062896809135,-1.5244630060142736,-2.563728294875561
new,-0.9776943512018734,-1.0945195232552094,0.9591828006077794,-2.9671683794717167,-2.6110326282423384,-3.686440818238715
new,-0.32174284743401127,-0.6934847512742206,2.1632738611192335,-2.199050242742624,-2.221977106340118,-3.0975572126329465
new,0.7471885589533452,-0.8660064011561779,1.5134825523366127,-1.889032107124899,-1.1314640469880086,-2.005877567261829
new,0.00948048612456305,-1.074203630379082,1.620406089424789,-2.11777149534459,-1.5419723530744078,-3.0660598922638687
new,-0.7922107236902393,-0.5746383004635649,-0.4500033259238484,-1.0091874545633952,-0.7099057999602846,-1.5964816370639856
new,-1.8865055247037683,-0.9338232631035036,-0.3056582047660171,-1.9102347823325996,-1.2316813167245673,-2.606530267210576
new,-0.9396339997632349,0.12010010638676982,-1.704922797947959,-0.12167374485644772,0.5722738787090247,1.0198718470978267
new,1.090205393928074,-1.3003870764819006,0.3889402341214375,-0.6083929117412912,-0.22740714375244075,0.3944618921919233
new,2.086735236403363,-0.18564182564438658,0.7806039468085035,0.12223464454886945,0.36523463314770943,0.4081878858285707
new,0.8640072021921217,-0.8604596518469799,1.1622240207926242,-1.5001078992305115,-0.7257013611693006,-2.0769970500448656
new,0.5616115042217513,-0.04019354184123336,2.4776516740874035,-1.7528922015158201,-2.2945430582127284,-2.8048601648205547
new,0.24609792109804707,0.012798379385333125,0.05061338055746567,0.1473902144260945,0.3421063098272633,-0.21617920713846606
new,-0.9181512901013665,0.4145543186851781,1.6811500227244607,-1.0586914606444422,-1.7044478941192829,-2.961329760767829
new,0.3807616881814489,1.038340915602459,0.7138981545455418,0.10167833270908386,0.594447344757787,-0.6500977559791541
new,0.055867171144364285,-1.1031692597784892,1.066218800955319,-1.0370985336489462,-0.8920475441630102,-0.9577016152128996
new,-0.41180225197738723,-2.1808301416653313,0.2883166166573441,-1.7826770896380961,-1.5179616014572235,-2.1705621020480557
new,0.9610791904019828,1.186631567879031,-0.8077238869221662,1.6307975452427341,1.3267403351440978,2.0442894761071315
new,-1.2785325281333975,0.1257997773596795,0.0921917164853353,-0.6714268053767003,-1.1235529692401343,-0.4826957620910739
new,1.8498023606083722,-1.7852836477259233,3.519830807919462,-2.1516597519224425,-1.249515631257923,-3.0453912799892477
new,-0.973750280212256,-0.600437319408541,0.13846278982701044,-1.0073638566786671,-1.3814057117281022,-1.9545919917002958
new,0.43349689854646195,-1.3199430960013165,2.335578710442271,-2.392390046357388,-2.279346697130503,-2.7855209360657454
new,1.502801380560677,0.7520130556468807,1.2406682628495371,1.1779686323905123,0.6650425087494825,1.3430034727079105
new,-0.3989738343084463,-0.7141781422969761,-1.0920297079104286,-1.3320924160564083,-0.714961016557933,-0.48395920151613825
new,0.2566724128346917,0.5270827660987976,1.2268668303145178,-0.5106915880997008,0.23139901799881946,-1.0315388860585781
new,-0.9467199055343564,-0.012407786359631578,-0.2476299497685268,-0.8237597402932941,-1.4689398501114888,-0.5592799208598351
new,0.16132528089644999,-1.2517689168948847,-0.2112305296835626,-1.002809103807796,-0.9121697146893699,-2.2841697476957217
new,0.2564116781445873,-0.46278692780523273,1.652131529463134,-1.457155929082266,-2.0416481547272487,-2.26903565184362
new,1.4138831998559138,0.9861795119685646,0.6871831949825747,1.047028359901887,1.0575862012353439,1.4858628965064828
new,-1.4786176174671712,0.12147240094749712,-0.10297159911493314,-0.8752337804745234,-0.8593178691910799,0.18894713126045803
new,-1.3111760900906504,-1.5908653054131445,-0.30205341407646,-1.6130793305980968,-2.0395152535679575,-2.4384467701914434
new,-1.5082943066899202,1.4600944802509177,1.7227936950787983,-0.03960506632727823,-1.6324864686147507,-1.3576239993190933
new,-2.446928967053009,-0.23310070176290387,-0.07350470238098095,-1.38987556942772,-1.8377927920044503,-1.9191249295719959
new,-0.43383791779079167,-1.9967383983076497,0.2656524189990669,-1.818302345067211,-1.264074133084468,-1.860851786261853
new,0.803898513787881,0.6292184531227512,2.458465635917774,-0.5314091532093074,-1.4477594320344822,-1.4813510386473843
new,-0.38455541910823776,-1.3499420778943776,0.780297439575826,-1.714750140478275,-1.8867094522117354,-2.55635365090904
new,0.31563587433527546,-2.145236381430085,0.19378141431456986,-1.5435411842605267,-1.5277537438174513,-1.419858534125375
new,-1.0452358323464537,-0.9136830197696499,0.43377903842666676,-1.9377125513133944,-2.7019121941457542,-3.1144016705211026
new,0.4826417175126094,-1.4756597611872153,-0.7271618966627665,-0.46954275097789994,-0.11033460030460698,-0.32058599584362846
new,0.05001583650231671,1.3122679421100034,0.7864116219334352,0.6541184253596313,-0.8041768169429432,-0.06593375999701162
new,0.3557597746601156,-0.2624006417009494,0.2250184316600109,0.44942149109441193,0.28698737864504,0.20718699703569296
new,0.31800710586997744,-0.6052037299846578,0.8105579391799851,-1.113076764226991,-1.0792301905513653,-2.398749486631952
new,-0.2219674156436372,-1.1333174005979112,-0.7069967746984612,-0.6658569631227413,-0.05405482022198549,-1.1692644072678093
new,-1.1958950711513077,-1.0829258092462337,0.9683036274484468,-2.2117438611416924,-2.267387938018564,-3.4320912909453702
new,-1.4681479220839195,1.3684441487121017,-1.7217775963701776,0.4918187652205721,-0.03683163283435098,1.2564402431353976
new,0.05622838121616841,-0.6624760238658539,-0.32605178179022254,0.029779781853064347,0.020613561644797496,0.5682673946081178
new,-1.6274315589624397,0.6254462409580233,1.736470415001142,-2.8629742021192186,-3.5435704091977116,-4.969870360089113
new,-0.5605203544261089,-1.9602127858085148,-0.1457523380695478,-1.9228030501409472,-1.6892141088021102,-2.306347586725315
new,1.7169694538496647,-0.892535264451672,1.4788139088020569,-0.5863259099919569,-0.7590928343080026,-0.16945259525116063
new,1.591000128259704,-1.894258452305704,-0.5509919127840074,-0.12836720630847417,0.6017555834782757,0.6239497788170582
new,0.512558107633647,-1.6818704014500987,-1.132391237502671,-0.8333232151564745,0.2275729195148442,0.9779293272087256
new,-0.4434379475359649,-0.569444368306593,-0.328412162390351,-0.935764007491402,-0.6902236488592977,-0.06964519080025289
new,-1.2245384290958075,2.2072276373983106,0.16178614297055116,0.4136171621850812,-0.5246124404899891,-1.6692720434513908
new,0.597887631026124,0.4807884319442053,0.5127129788915632,0.21383057548585138,0.32773054739734164,0.5296292324363208
new,-1.0597190291617056,-0.678914248031741,0.11195930138427435,-1.1269860060581642,-1.7565388544259992,-2.1723293308862153
new,0.22320925300700745,1.179561730303409,0.909487890729594,-0.018805540413319916,0.21325564689545135,0.10440281043343855
new,0.042737741525969306,0.21692544958915527,0.6416171649223293,0.25935162318108385,0.3108543170450848,-0.44072446554252254
new,0.688665920273517,0.30982993694178584,-0.8200636921514931,1.4640500501384732,2.0835336842208445,2.839395668215516
new,-0.9786463643932344,-0.12697760214559345,1.9177643718043664,-1.5433286313273018,-2.437283022734924,-3.4402351789704166
new,-0.3539187962448754,1.6602721115634613,2.0910898315785547,-1.2780637229528402,-1.9678898691373647,-2.1557197867778326
new,-0.8811901072321706,-2.3549333037774454,1.0442156832611906,-2.7358338690080872,-3.0871386911530356,-3.357449417824336
new,1.573465594287777,-1.0742623058607284,-0.26708960313514196,0.2423446966055188,1.029675199754036,1.4415414074978727
new,0.5199067380926126,-0.6841618237802205,0.481896926218566,-0.2390864074482994,-0.10933386643513751,0.5180581754660234
new,0.6744640959002122,-0.40080168257837845,-0.08895043386850154,-0.6422543269483624,-0.20276883403107798,-0.4587717743377353
new,0.6125380103966349,-1.7143213391634713,-0.11435826459976539,-0.287724652905059,0.0714980073882501,1.0226599239957757
new,0.08880452638386724,-2.6342724827170487,1.5272544253821498,-2.8252053951018623,-2.660495637598424,-4.0193376301371195
new,1.51555506032019,0.37596560403541535,0.3398093171941851,0.567378546386129,0.5151205964002805,0.49117113740450763
new,0.9426332988289309,0.4121859120968414,0.735502551594645,0.5695443016263564,-0.6208871426839775,0.7795884061383516
new,0.12153083543366135,-1.488078418527503,1.4204633325407383,-1.9489289592116799,-1.7605127980840265,-1.8684529993470624
new,1.6965508061708823,-0.8985562092791428,0.3394820506634768,0.14312634189706122,0.8409805422448409,0.38725266072543807
new,-1.1586146346295945,-2.5688967829189817,0.9973369078939325,-2.981217847545626,-3.4405934692397184,-4.007409826901947
new,0.44215377068934375,-1.5078972969397257,1.8120992185239895,-1.9545770366568198,-1.3712513824984476,-1.8553307463143822
new,0.3331854186421716,-1.0871067894278856,0.628703793655944,-1.1261097103219333,-1.4173803889691374,-1.227654700523292
new,0.3004517699436677,-0.5975806132070722,1.597958330971176,-1.3961450757458798,-1.749679583984654,-2.9693822573311466
new,-0.2072139355152386,-1.1727203404116098,1.4225796140924967,-2.4162360642703953,-3.1696580063095134,-4.1318543828546925
new,1.3540239193323649,-0.2205073907591273,2.7193432736842396,-1.5578915251878924,-1.726481412867963,-2.195461523909231
new,-0.862872937735058,0.18568518120951993,0.07371293579308313,-0.32259617620324404,-1.004086976101473,-0.7989025695479863
new,0.21236408757293618,-0.8632444294820624,0.6186569972008502,-1.4680227196391176,-0.87421651615051,-1.4359208374341632
new,-0.0992225781493264,-0.45491396860380673,-1.1921117301703408,0.06192183870140068,0.6761648834411363,0.8464065019184309
new,0.8249694129900593,-2.2464908509894816,0.5224168740595246,-1.0897435369112118,-0.5427975119669783,-0.9471951515135639
new,-0.0936081295273767,-1.4084926111839726,1.6437458174775066,-2.6045777683990456,-2.5297967412934113,-2.997674828244623
new,-0.20232271600732904,0.33957742677435454,1.0422289219328427,-1.3491508648462494,-1.3600261529644586,-2.490343017465123
new,0.535835513275309,-1.552640964098833,1.0887433003412068,-1.7240747288225755,-1.0628722628460645,-1.4844714397460907
new,-1.0338427004761017,-1.028921012865313,1.2329345693245526,-2.0639102028729814,-2.678331411720931,-2.9515932660642794
new,0.6917455847701871,-1.0601726127444429,1.1745808318945015,-1.21410454569913,-0.798148556003441,-0.7938298021263959
new,1.002895828387312,-0.8385078507782645,2.0396178423607894,-1.6119388243825046,-1.6285410004365044,-2.031523528700918
new,0.48933434125875047,-0.6638943121528499,-0.3302087414535503,-0.925516017582616,-0.9426531232834758,-0.9943416149137343
new,-1.7320236928108894,-1.8533693004089107,1.1148903852297851,-2.775947464339141,-3.06108888317247,-4.567580806161489
new,-0.3331596302868392,0.27816816466136296,1.1384974717927134,-0.7738118648034097,-1.1334026520513711,-0.829704457189238
new,-0.6446095286587253,0.5325212771011025,-0.07866321292779777,-0.4680109816887239,0.28608953677651316,0.20450722974269916
new,-0.6141831720144892,-0.8291035204707569,1.299087559337489,-2.170661644917602,-2.2903479746515005,-3.3907365679172146
new,0.9458538696331216,-0.3519490235835383,-0.44411575861103214,1.447688467311826,2.0058689175360382,2.6659166524545013
new,-0.5497523043578308,-0.5654336638728628,-0.673892022347096,-0.37671857252005925,0.6135114425397117,0.6480615369871632
new,-1.833985931678773,-0.027556603362065113,-1.9453592455527962,-0.1496634972532036,0.13106910454755408,-0.6903718589206583
new,1.2854770081588958,-0.8275325019427437,0.12655353538023484,-0.40222840400255455,0.3675769430379463,-0.12336848995596694
new,-0.18692167618855343,1.5321465168160147,0.891543358373695,1.3190128977910127,0.5884720480500454,0.5183075988880519
new,-0.17966045244972834,0.4801540456945341,1.4706236656051686,-0.704525055665791,-1.4879728175579947,-1.1488995516820242
new,-0.6355230971529663,-1.1534684924265672,-0.5525503530018155,-1.5343594421547397,-0.7158349909117525,-0.04310105582627943
